data;horario;n_da_ocorrencia;tipo_de_ocorrencia;km;trecho;sentido;tipo_de_acidente;automovel;bicicleta;caminhao;moto;onibus;outros;tracao_animal;transporte_de_cargas_especiais;trator_maquinas;utilitarios;ilesos;levemente_feridos;moderadamente_feridos;gravemente_feridos;mortos
09/11/2014;21:20:00;171;Acidente com Vítima;608;BR-040/MG;Sul;Capotamento;1;0;0;0;0;0;0;0;0;0;0;2;0;0;0
09/11/2014;20:20:00;162;Acidente sem Vítima;613;BR-040/MG;Sul;Colisão traseira;2;0;0;0;0;0;0;0;0;0;2;0;0;0;0
09/11/2014;20:05:00;160;Acidente com Vítima;617;BR-040/MG;Sul;Abalroamento - Longitudinal;1;0;0;1;0;0;0;0;0;0;1;1;0;0;0
09/11/2014;20:14:00;157;Acidente com Vítima;640;BR-040/MG;Sul;Capotamento;1;0;0;0;0;0;0;0;0;0;0;0;1;0;0
09/11/2014;13:20:00;88;Acidente sem Vítima;57;BR-040/GO;Sul;Choque com objeto fixo;0;0;1;0;0;0;0;0;0;0;2;0;0;0;0
09/11/2014;12:22:00;78;Acidente com Vítima;662;BR-040/MG;Sul;Abalroamento - Longitudinal;2;0;0;0;0;0;0;0;0;0;3;3;2;0;0
09/11/2014;01:22:00;12;Acidente com Vítima;682;BR-040/MG;Norte;Capotamento;1;0;0;0;0;0;0;0;0;0;1;0;0;0;0
09/11/2014;17:31:00;130;Acidente com Vítima;684;BR-040/MG;Norte;Outros;1;0;0;0;0;0;0;0;0;0;1;0;2;0;0
09/11/2014;19:08:00;148;Acidente com Vítima;695;BR-040/MG;Sul;Colisão frontal;2;0;1;0;0;0;0;0;0;0;1;1;1;0;0
09/11/2014;22:05:00;183;Acidente sem Vítima;695,3;BR-040/MG;Sul;Colisão traseira;1;0;0;0;0;0;0;0;0;0;1;0;0;0;0
09/11/2014;17:20:00;127;Acidente sem Vítima;696;BR-040/MG;Norte;Choque com objeto fixo;1;0;0;0;0;0;0;0;0;0;1;0;0;0;0
09/11/2014;16:10:00;114;Acidente sem Vítima;696;BR-040/MG;Sul;Choque em defensa;1;0;0;0;0;0;0;0;0;0;1;0;0;0;0
10/11/2014;07:58:00;44;Acidente sem Vítima;43;BR-040/MG;Norte;Colisão traseira;2;0;0;0;0;0;0;0;0;0;2;0;0;0;0
10/11/2014;04:14:00;20;Acidente sem Vítima;90;BR-040/MG;Norte;Choque com objeto fixo;1;0;0;0;0;0;0;0;0;0;1;0;0;0;0
10/11/2014;15:38:00;103;Acidente sem Vítima;401;BR-040/MG;Norte;Queda de Carga;0;0;1;0;0;0;0;0;0;0;1;0;0;0;0
10/11/2014;21:44:00;165;Acidente com Vítima;461;BR-040/MG;Norte;Outros;0;0;1;0;0;0;0;0;0;0;1;1;0;0;0
10/11/2014;23:39:00;178;Acidente sem Vítima;462;BR-040/MG;Sul;Capotamento;0;0;1;0;0;0;0;0;0;0;1;0;0;0;0
10/11/2014;21:44:00;183;Acidente sem Vítima;463;BR-040/MG;Norte;Capotamento;0;0;1;0;0;0;0;0;0;0;1;0;0;0;0
10/11/2014;06:31:00;30;Acidente sem Vítima;466,5;BR-040/MG;Norte;Capotamento;1;0;0;0;0;0;0;0;0;0;1;0;0;0;0
10/11/2014;18:19:00;125;Acidente sem Vítima;470;BR-040/MG;Sul;Capotamento;1;0;0;0;0;0;0;0;0;0;1;0;0;0;0
10/11/2014;00:30:00;8;Acidente com Vítima;474;BR-040/MG;Norte;Outros;1;0;0;0;0;0;0;0;0;0;1;0;0;0;0
10/11/2014;01:14:00;12;Acidente com Vítima;491;BR-040/MG;Norte;Capotamento;1;0;0;0;0;0;0;0;0;0;0;0;1;0;0
10/11/2014;07:52:00;39;Acidente com Vítima;512;BR-040/MG;Sul;Colisão traseira;2;0;1;0;0;0;0;0;0;0;2;1;0;0;0
10/11/2014;08:17:00;47;Acidente com Vítima;516;BR-040/MG;Sul;Colisão traseira;0;0;2;1;0;0;0;0;0;0;2;0;1;0;0
10/11/2014;13:30:00;84;Acidente sem Vítima;524;BR-040/MG;Norte;Queda de Carga;0;0;1;0;0;0;0;0;0;0;1;0;0;0;0
10/11/2014;00:25:00;6;Acidente com Vítima;531,5;BR-040/MG;Norte;Choque com objeto fixo;1;0;0;0;0;0;0;0;0;0;0;0;1;0;0
10/11/2014;06:10:00;25;Acidente sem Vítima;582,8;BR-040/MG;Sul;Capotamento;0;0;1;0;0;0;0;0;0;0;1;0;0;0;0
10/11/2014;17:56:00;122;Acidente com Vítima;609;BR-040/MG;Sul;Abalroamento - Longitudinal;0;0;0;1;0;0;0;0;0;0;0;1;0;0;0
10/11/2014;21:14:00;158;Acidente sem Vítima;612,5;BR-040/MG;Sul;Colisão traseira;3;0;1;0;0;0;0;0;0;0;4;0;0;0;0
10/11/2014;19:32:00;141;Acidente sem Vítima;65;BR-040/GO;Norte;Outros;0;0;1;0;0;0;0;0;0;0;1;0;0;0;0
10/11/2014;02:20:00;16;Acidente com Vítima;94;BR-040/GO;Norte;Capotamento;1;0;0;0;0;0;0;0;0;0;1;1;0;0;0
10/11/2014;16:19:00;110;Acidente com Vítima;748;BR-040/MG;Norte;Queda de Carga;0;0;1;0;0;0;0;0;0;0;0;1;0;0;0
11/11/2014;17:25:00;149;Acidente sem Vítima;4;BR-040/GO;Sul;Colisão traseira;1;0;1;0;0;0;0;0;0;0;2;0;0;0;0
11/11/2014;17:11:00;133;Acidente com Vítima;4;BR-040/GO;Sul;Colisão traseira;1;0;1;0;0;0;0;0;0;0;2;1;0;0;0
11/11/2014;01:53:00;10;Acidente sem Vítima;7;BR-040/DF;Sul;Choque com objeto fixo;1;0;0;0;0;0;0;0;0;0;1;0;0;0;0
11/11/2014;16:41:00;125;Acidente sem Vítima;8;BR-040/GO;Sul;Abalroamento - Longitudinal;2;0;0;0;0;0;0;0;0;0;2;0;0;0;0
11/11/2014;06:55:00;36;Acidente sem Vítima;401;BR-040/MG;Norte;Queda de Carga;0;0;1;0;0;0;0;0;0;0;1;0;0;0;0
11/11/2014;07:17:00;38;Acidente sem Vítima;461;BR-040/MG;Sul;Queda de Carga;0;0;1;0;0;0;0;0;0;0;1;0;0;0;0
11/11/2014;18:38:00;144;Acidente sem Vítima;505;BR-040/MG;Sul;Outros;1;0;0;0;0;0;0;0;0;0;1;0;0;0;0
11/11/2014;12:17:00;86;Atropelamento sem Morte;506;BR-040/MG;Norte;Atropelamento - Ciclista;1;0;0;0;0;0;0;0;0;0;1;0;1;0;0
11/11/2014;06:35:00;32;Acidente sem Vítima;510;BR-040/MG;Sul;Colisão traseira;3;0;0;0;0;0;0;0;0;0;3;0;0;0;0
11/11/2014;09:47:00;61;Acidente com Vítima;513;BR-040/MG;Norte;Outros;0;0;0;1;0;0;0;0;0;0;1;0;0;0;0
11/11/2014;03:18:00;19;Acidente sem Vítima;580;BR-040/MG;Sul;Atropelamento - Animal;1;0;0;0;0;0;0;0;0;0;1;0;0;0;0
11/11/2014;18:57:00;146;Acidente com Vítima;602;BR-040/MG;Norte;Queda de Carga;1;0;1;0;0;0;0;0;0;0;1;0;0;0;0
11/11/2014;09:54:00;64;Acidente sem Vítima;698;BR-040/MG;Sul;Outros;0;0;1;0;0;0;0;0;0;0;1;0;0;0;0
11/11/2014;11:00:00;77;Acidente sem Vítima;731;BR-040/MG;Sul;Outros;0;0;1;0;0;0;0;0;0;0;1;0;0;0;0
12/11/2014;20:28:00;159;Acidente com Vítima;1;BR-040/GO;Sul;Abalroamento - Longitudinal;2;0;0;0;0;0;0;0;0;0;1;1;0;0;0
12/11/2014;07:47:00;29;Acidente com Vítima;7;BR-040/DF;Sul;Outros;0;0;0;1;0;0;0;0;0;0;1;0;0;0;0
12/11/2014;13:09:00;95;Acidente sem Vítima;137;BR-040/MG;Norte;Outros;0;0;1;0;0;0;0;0;0;0;1;0;0;0;0
12/11/2014;14:50:00;114;Acidente com Vítima;162;BR-040/MG;Norte;Capotamento;1;0;0;0;0;0;0;0;0;0;1;1;0;0;0
12/11/2014;08:02:00;31;Acidente sem Vítima;333,1;BR-040/MG;Norte;Queda de Carga;0;0;1;0;0;0;0;0;0;0;1;0;0;0;0
12/11/2014;13:52:00;103;Acidente sem Vítima;521;BR-040/MG;Sul;Capotamento;1;0;0;0;0;0;0;0;0;0;1;0;0;0;0
12/11/2014;14:17:00;108;Acidente sem Vítima;526;BR-040/MG;Sul;Choque com objeto fixo;1;0;0;0;0;0;0;0;0;0;1;0;0;0;0
12/11/2014;15:34:00;118;Acidente com Vítima;528;BR-040/MG;Sul;Colisão traseira;1;0;1;0;0;0;0;0;0;1;3;0;0;0;0
12/11/2014;14:27:00;110;Acidente sem Vítima;545;BR-040/MG;Sul;Outros;0;0;1;0;0;0;0;0;0;0;0;0;1;0;0
12/11/2014;17:00:00;133;Acidente com Vítima;553;BR-040/MG;Norte;Abalroamento - Longitudinal;1;0;0;1;0;0;0;0;0;0;1;0;1;0;0
12/11/2014;01:00:00;2;Acidente com Vítima;569;BR-040/MG;Norte;Colisão traseira;0;0;2;0;0;0;0;0;0;0;1;1;0;0;0
12/11/2014;20:12:00;156;Acidente sem Vítima;570;BR-040/MG;Norte;Colisão traseira;1;0;1;0;0;0;0;0;0;0;2;0;0;0;0
12/11/2014;16:22:00;122;Acidente com Vítima;592;BR-040/MG;Norte;Choque em barreira New Jersey;1;0;1;0;0;0;0;0;0;0;1;1;1;0;0
12/11/2014;21:22:00;168;Acidente com Vítima;52;BR-040/GO;Norte;Colisão traseira;1;0;1;0;0;0;0;0;0;0;1;2;0;0;0
12/11/2014;14:02:00;105;Acidente sem Vítima;661;BR-040/MG;Sul;Capotamento;1;0;0;0;0;0;0;0;0;0;1;0;0;0;0
12/11/2014;16:46:00;128;Acidente sem Vítima;695;BR-040/MG;Sul;Outros;1;0;0;0;0;0;0;0;0;0;2;0;0;0;0
12/11/2014;18:21:00;143;Acidente com Vítima;752;BR-040/MG;Sul;Outros;0;0;1;0;0;0;0;0;0;0;0;1;0;0;0
12/11/2014;02:46:00;7;Acidente com Vítima;128;BR-040/GO;Sul;Capotamento;1;0;0;0;0;0;0;0;0;0;0;1;0;0;0
13/11/2014;12:10:00;69;Atropelamento sem Morte;1;BR-040/GO;Sul;Atropelamento - Pedestre atravessando;1;0;0;0;0;0;0;0;0;0;1;0;1;0;0
13/11/2014;08:50:00;47;Acidente sem Vítima;5;BR-040/DF;Norte;Outros;0;0;0;1;0;0;0;0;0;0;1;0;0;0;0
13/11/2014;07:26:00;33;Acidente sem Vítima;5,8;BR-040/DF;Norte;Outros;1;0;0;0;0;0;0;0;0;0;1;1;0;0;0
13/11/2014;07:23:00;31;Acidente sem Vítima;5,8;BR-040/DF;Norte;Outros;1;0;0;0;0;0;0;0;0;0;1;0;0;0;0
13/11/2014;03:30:00;16;Acidente com Vítima;9;BR-040/GO;Sul;Outros;1;0;0;0;0;0;0;0;0;0;1;0;1;0;0
13/11/2014;20:40:00;139;Atropelamento sem Morte;451;BR-040/MG;Sul;Atropelamento - Pedestre atravessando;1;0;0;0;0;0;0;0;0;0;1;0;1;0;0
13/11/2014;20:37:00;138;Acidente com Vítima;483;BR-040/MG;Norte;Outros;0;0;0;1;0;0;0;0;0;0;1;1;0;0;0
13/11/2014;13:09:00;73;Acidente sem Vítima;494;BR-040/MG;Norte;Outros;1;0;0;0;0;0;0;0;0;0;1;0;0;0;0
13/11/2014;20:33:00;137;Acidente sem Vítima;510;BR-040/MG;Sul;Colisão traseira;0;0;2;0;0;0;0;0;0;0;2;0;0;0;0
13/11/2014;16:34:00;102;Acidente sem Vítima;510;BR-040/MG;Norte;Outros;1;0;0;0;0;0;0;0;0;0;1;0;0;0;0
13/11/2014;12:39:00;71;Acidente sem Vítima;515;BR-040/MG;Sul;Capotamento;1;0;0;0;0;0;0;0;0;0;1;0;0;0;0
13/11/2014;16:04:00;98;Acidente sem Vítima;521;BR-040/MG;Sul;Outros;1;0;0;0;0;0;0;0;0;0;1;0;0;0;0
13/11/2014;11:36:00;67;Acidente sem Vítima;522;BR-040/MG;Sul;Capotamento;0;0;1;0;0;0;0;0;0;0;1;0;0;0;0
13/11/2014;18:48:00;119;Acidente com Vítima;537;BR-040/MG;Sul;Colisão traseira;3;0;0;0;0;0;0;0;0;0;3;0;0;0;0
13/11/2014;00:52:00;2;Acidente sem Vítima;553;BR-040/MG;Sul;Abalroamento - Longitudinal;2;0;0;0;0;0;0;0;0;0;2;0;0;0;0
13/11/2014;15:03:00;90;Acidente com Vítima;563;BR-040/MG;Sul;Colisão frontal;0;0;4;0;0;0;0;0;0;0;4;0;1;0;0
13/11/2014;07:29:00;34;Acidente sem Vítima;618,1;BR-040/MG;Sul;Capotamento;1;0;0;0;0;0;0;0;0;0;1;0;0;0;0
13/11/2014;10:35:00;60;Acidente sem Vítima;750;BR-040/MG;Sul;Queda de Carga;0;0;1;0;0;0;0;0;0;0;1;0;0;0;0
13/11/2014;08:51:00;45;Acidente com Vítima;750;BR-040/MG;Sul;Queda de Carga;0;0;1;0;0;0;0;0;0;0;0;1;1;0;0
14/11/2014;05:44:00;12;Atropelamento sem Morte;1;BR-040/GO;Norte;Atropelamento - Pedestre atravessando;1;0;0;0;0;0;0;0;0;0;1;0;1;0;0
14/11/2014;00:00:00;2;Acidente com Vítima;3;BR-040/DF;Norte;Colisão traseira;1;0;0;0;0;0;0;0;0;1;1;1;0;0;0
14/11/2014;15:17:00;105;Acidente sem Vítima;3,008;BR-040/GO;Sul;Colisão traseira;0;0;1;0;0;0;0;0;0;0;1;0;0;0;0
14/11/2014;15:24:00;107;Acidente com Vítima;5;BR-040/DF;Norte;Capotamento;1;0;0;0;0;0;0;0;0;0;1;0;0;0;0
14/11/2014;14:47:00;98;Acidente com Vítima;6,005;BR-040/GO;Norte;Outros;1;0;0;0;0;0;0;0;0;0;1;1;0;0;0
14/11/2014;19:46:00;159;Atropelamento sem Morte;9;BR-040/GO;Sul;Atropelamento - Pedestre atravessando;1;0;0;0;0;0;0;0;0;0;1;0;0;0;0
14/11/2014;10:42:00;49;Acidente sem Vítima;197;BR-040/MG;Norte;Outros;1;0;0;0;0;0;0;0;0;0;2;0;0;0;0
14/11/2014;13:24:00;80;Acidente sem Vítima;276;BR-040/MG;Norte;Colisão traseira;2;0;0;0;0;0;0;0;0;0;1;1;0;0;0
14/11/2014;09:23:00;38;Acidente sem Vítima;466;BR-040/MG;Sul;Outros;0;0;1;0;0;0;0;0;0;0;1;0;0;0;0
14/11/2014;22:37:00;190;Acidente sem Vítima;500;BR-040/MG;Norte;Outros;0;0;1;0;0;0;0;0;0;0;1;0;0;0;0
14/11/2014;21:06:00;170;Acidente sem Vítima;511;BR-040/MG;Norte;Colisão traseira;0;0;0;1;0;0;0;0;0;0;1;0;0;0;0
14/11/2014;20:01:00;161;Acidente sem Vítima;511;BR-040/MG;Norte;Colisão traseira;0;0;0;1;0;0;0;0;0;0;1;0;0;0;0
14/11/2014;12:38:00;76;Acidente com Vítima;516;BR-040/MG;Norte;Colisão traseira;1;0;0;0;0;0;0;0;0;0;0;0;2;0;0
14/11/2014;22:51:00;192;Acidente sem Vítima;517;BR-040/MG;Norte;Outros;1;0;0;0;0;0;0;0;0;0;1;0;0;0;0
14/11/2014;20:21:00;166;Acidente sem Vítima;518;BR-040/MG;Norte;Outros;1;0;0;0;0;0;0;0;0;0;1;0;0;0;0
14/11/2014;22:29:00;187;Acidente com Vítima;520;BR-040/MG;Sul;Capotamento;0;0;1;0;0;0;0;0;0;0;0;1;0;0;0
14/11/2014;15:12:00;104;Acidente sem Vítima;520;BR-040/MG;Sul;Abalroamento - Longitudinal;1;0;1;0;0;0;0;0;0;0;2;0;0;0;0
14/11/2014;17:04:00;129;Acidente sem Vítima;528;BR-040/MG;Sul;Capotamento;1;0;1;0;0;0;0;0;0;0;2;0;0;0;0
14/11/2014;09:10:00;36;Acidente com Vítima;543;BR-040/MG;Norte;Outros;0;0;0;2;0;0;0;0;0;0;1;0;1;0;0
14/11/2014;13:23:00;79;Acidente com Vítima;580;BR-040/MG;Sul;Capotamento;1;0;0;0;0;0;0;0;0;0;0;0;4;0;0
14/11/2014;17:01:00;127;Acidente com Vítima;623;BR-040/MG;Sul;Colisão traseira;2;0;0;0;0;0;0;0;0;0;1;0;2;0;0
14/11/2014;19:46:00;158;Acidente sem Vítima;641,001;BR-040/MG;Norte;Outros;1;0;0;0;0;0;0;0;0;0;1;0;0;0;0
14/11/2014;05:28:00;8;Atropelamento com Morte;672,7;BR-040/MG;Norte;Atropelamento - Pedestre atravessando;0;0;1;0;0;0;0;0;0;0;0;0;0;0;1
15/11/2014;20:32:00;159;Acidente com Vítima;5,006;BR-040/GO;Norte;Outros;0;0;0;1;0;0;0;0;0;0;0;0;1;0;0
15/11/2014;14:35:00;120;Acidente com Vítima;10;BR-040/GO;Sul;Colisão traseira;1;0;0;1;0;0;0;0;0;0;1;0;1;0;0
15/11/2014;16:30:00;132;Acidente com Vítima;22;BR-040/MG;Norte;Outros;0;0;0;1;0;0;0;0;0;0;0;0;1;0;0
15/11/2014;15:19:00;123;Acidente sem Vítima;22;BR-040/MG;Norte;Colisão traseira;2;0;0;0;0;0;0;0;0;0;2;0;0;0;0
15/11/2014;09:45:00;74;Acidente sem Vítima;39;BR-040/MG;Sul;Outros;0;0;1;0;0;0;0;0;0;0;1;0;0;0;0
15/11/2014;17:03:00;137;Acidente com Vítima;13,004;BR-040/GO;Norte;Colisão traseira;2;0;1;0;0;0;0;0;0;0;2;1;0;0;0
15/11/2014;15:32:00;125;Acidente com Vítima;51;BR-040/MG;Norte;Capotamento;1;0;0;0;0;0;0;0;0;0;1;0;0;0;0
15/11/2014;22:58:00;178;Atropelamento com Morte;25;BR-040/GO;Norte;Atropelamento - Pedestre atravessando;1;0;0;0;0;0;0;0;0;0;1;0;0;0;1
15/11/2014;10:50:00;87;Acidente sem Vítima;143;BR-040/MG;Sul;Choque em veículo parado na pista;0;0;1;0;0;0;0;0;0;0;1;0;0;0;0
15/11/2014;04:13:00;16;Acidente sem Vítima;442;BR-040/MG;Sul;Outros;1;0;0;0;0;0;0;0;0;0;1;0;0;0;0
15/11/2014;12:35:00;104;Acidente sem Vítima;443;BR-040/MG;Norte;Capotamento;1;0;0;0;0;0;0;0;0;0;2;0;0;0;0
15/11/2014;11:08:00;90;Acidente sem Vítima;451;BR-040/MG;Sul;Capotamento;1;0;0;0;0;0;0;0;0;0;2;0;0;0;0
15/11/2014;02:14:00;10;Acidente sem Vítima;452;BR-040/MG;Norte;Choque com objeto fixo;1;0;0;0;0;0;0;0;0;0;1;0;0;0;0
15/11/2014;04:19:00;18;Acidente sem Vítima;455;BR-040/MG;Norte;Outros;0;0;1;0;0;0;0;0;0;0;1;0;0;0;0
15/11/2014;08:39:00;63;Acidente sem Vítima;457;BR-040/MG;Norte;Outros;0;0;1;0;0;0;0;0;0;0;1;0;0;0;0
15/11/2014;05:36:00;28;Acidente sem Vítima;519;BR-040/MG;Sul;Outros;1;0;0;0;0;0;0;0;0;0;1;0;0;0;0
15/11/2014;07:04:00;42;Acidente sem Vítima;521;BR-040/MG;Norte;Outros;1;0;0;0;0;0;0;0;0;0;1;0;0;0;0
15/11/2014;07:02:00;40;Acidente sem Vítima;521;BR-040/MG;Sul;Queda de Carga;0;0;1;0;0;0;0;0;0;0;1;0;0;0;0
15/11/2014;04:28:00;22;Acidente sem Vítima;523;BR-040/MG;Sul;Outros;1;0;0;0;0;0;0;0;0;0;1;0;0;0;0
15/11/2014;07:03:00;41;Acidente sem Vítima;536;BR-040/MG;Sul;Choque com objeto fixo;1;0;0;0;0;0;0;0;0;0;1;0;0;0;0
15/11/2014;03:41:00;13;Acidente sem Vítima;542;BR-040/MG;Norte;Choque com objeto fixo;1;0;0;0;0;0;0;0;0;0;1;0;0;0;0
15/11/2014;06:25:00;33;Acidente sem Vítima;551;BR-040/MG;Sul;Capotamento;1;0;0;0;0;0;0;0;0;0;1;0;0;0;0
15/11/2014;21:01:00;166;Acidente com Vítima;578;BR-040/MG;Sul;Abalroamento - Longitudinal;2;0;0;0;0;0;0;0;0;0;1;0;1;0;0
15/11/2014;12:09:00;96;Acidente com Vítima;620;BR-040/MG;Sul;Capotamento;1;0;0;0;0;0;0;0;0;0;0;0;1;0;0
15/11/2014;03:58:00;15;Acidente com Vítima;45;BR-040/GO;Norte;Abalroamento - Longitudinal;1;0;1;0;0;0;0;0;0;0;2;1;0;0;0
15/11/2014;13:46:00;112;Acidente com Vítima;675;BR-040/MG;Norte;Capotamento;1;0;0;0;0;0;0;0;0;0;1;0;2;0;0
15/11/2014;10:28:00;83;Acidente com Vítima;716;BR-040/MG;Norte;Capotamento;1;0;0;0;0;0;0;0;0;0;1;0;1;0;0
15/11/2014;16:50:00;136;Acidente sem Vítima;717;BR-040/MG;Norte;Outros;1;0;0;0;0;0;0;0;0;0;0;0;1;0;0
15/11/2014;18:08:00;145;Acidente com Vítima;736;BR-040/MG;Sul;Outros;1;0;0;0;0;0;0;0;0;0;3;0;0;0;0
15/11/2014;02:23:00;12;Acidente sem Vítima;736;BR-040/MG;Norte;Outros;1;0;0;0;0;0;0;0;0;0;1;0;0;0;0
15/11/2014;04:23:00;20;Acidente com Vítima;742;BR-040/MG;Norte;Outros;1;0;0;0;0;0;0;0;0;0;1;0;0;0;0
15/11/2014;14:41:00;121;Acidente sem Vítima;135;BR-040/GO;Norte;Outros;0;0;0;0;0;0;0;0;0;0;0;1;0;0;0
16/11/2014;23:51:00;168;Acidente com Vítima;2;BR-040/GO;Sul;Capotamento;1;0;0;0;0;0;0;0;0;0;2;0;0;0;0
16/11/2014;16:06:00;85;Acidente sem Vítima;2;BR-040/GO;Sul;Colisão traseira;0;0;2;0;0;0;0;0;0;0;2;0;0;0;0
16/11/2014;13:26:00;56;Acidente com Vítima;5,8;BR-040/GO;Sul;Abalroamento - Longitudinal;2;0;0;0;0;0;0;0;0;0;0;4;0;0;0
16/11/2014;06:51:00;16;Acidente sem Vítima;18;BR-040/GO;Norte;Capotamento;1;0;0;0;0;0;0;0;0;0;2;0;0;0;0
16/11/2014;07:44:00;22;Acidente com Vítima;465;BR-040/MG;Norte;Outros;0;1;0;0;0;0;0;0;0;0;1;0;1;0;0
16/11/2014;15:08:00;77;Acidente com Vítima;467;BR-040/MG;Norte;Outros;1;0;0;0;0;0;0;0;0;0;1;0;0;0;0
16/11/2014;12:33:00;50;Acidente sem Vítima;485;BR-040/MG;Norte;Colisão traseira;2;0;0;0;0;0;0;0;0;0;48;0;0;0;0
16/11/2014;18:30:00;115;Acidente com Vítima;508;BR-040/MG;Sul;Colisão traseira;4;0;0;0;0;0;0;0;0;0;3;2;0;0;0
16/11/2014;17:09:00;98;Acidente com Vítima;508;BR-040/MG;Sul;Colisão traseira;2;0;0;0;0;0;0;0;0;0;4;0;0;0;0
16/11/2014;16:25:00;93;Acidente sem Vítima;509,7;BR-040/MG;Norte;Colisão traseira;2;0;0;0;0;0;0;0;0;0;2;0;0;0;0
16/11/2014;14:53:00;71;Acidente sem Vítima;753;BR-040/MG;Sul;Colisão traseira;2;0;1;0;0;0;0;0;0;0;5;0;0;0;0
17/11/2014;08:20:00;37;Acidente sem Vítima;6;BR-040/MG;Norte;Colisão traseira;3;0;0;0;0;0;0;0;0;0;3;0;0;0;0
17/11/2014;12:30:00;77;Acidente sem Vítima;10;BR-040/GO;Norte;Colisão traseira;1;0;0;0;0;0;0;0;0;0;1;0;0;0;0
17/11/2014;05:18:00;19;Acidente com Vítima;375,6;BR-040/MG;Norte;Capotamento;1;0;0;0;0;0;0;0;0;0;0;2;0;0;0
17/11/2014;10:46:00;64;Acidente sem Vítima;471;BR-040/MG;Sul;Queda de Carga;0;0;1;0;0;0;0;0;0;0;1;0;0;0;0
17/11/2014;18:39:00;139;Acidente com Vítima;516;BR-040/MG;Norte;Abalroamento - Transversal;1;0;0;1;0;0;0;0;0;0;3;0;0;0;0
17/11/2014;06:57:00;25;Acidente sem Vítima;525;BR-040/MG;Sul;Abalroamento - Longitudinal;1;0;0;1;0;0;0;0;0;0;2;0;0;0;0
17/11/2014;13:01:00;83;Acidente sem Vítima;526;BR-040/MG;Norte;Capotamento;0;0;0;0;0;0;0;0;0;1;1;0;0;0;0
17/11/2014;17:01:00;128;Acidente com Vítima;545;BR-040/MG;Norte;Colisão traseira;2;0;0;0;0;0;0;0;0;0;0;2;1;0;0
17/11/2014;08:52:00;41;Acidente sem Vítima;548;BR-040/MG;Sul;Colisão traseira;1;0;0;0;0;0;0;0;0;0;1;0;0;0;0
17/11/2014;21:50:00;170;Acidente com Vítima;605;BR-040/MG;Norte;Abalroamento - Transversal;2;0;0;0;0;0;0;0;0;0;0;2;0;0;0
17/11/2014;08:16:00;36;Acidente com Vítima;753,1;BR-040/MG;Norte;Abalroamento - Longitudinal;1;0;0;1;0;0;0;0;0;0;1;2;0;0;0
18/11/2014;07:59:00;38;Acidente sem Vítima;4;BR-040/GO;Norte;Colisão traseira;1;0;0;0;0;0;0;0;0;0;1;0;0;0;0
18/11/2014;08:46:00;47;Acidente com Vítima;5;BR-040/DF;Norte;Outros;1;0;0;1;0;0;0;0;0;0;2;0;0;0;0
18/11/2014;13:59:00;100;Acidente sem Vítima;6;BR-040/DF;Norte;Colisão traseira;2;0;0;0;0;0;0;0;0;0;4;0;0;0;0
18/11/2014;18:50:00;159;Acidente sem Vítima;330;BR-040/MG;Sul;Choque com objeto fixo;0;0;0;1;0;0;0;0;0;0;1;0;0;0;0
18/11/2014;07:14:00;33;Acidente com Vítima;505;BR-040/MG;Sul;Colisão traseira;1;0;1;0;0;0;0;0;0;0;1;1;0;0;0
18/11/2014;15:05:00;119;Acidente sem Vítima;538;BR-040/MG;Norte;Outros;0;0;0;0;0;0;0;0;0;0;0;0;0;0;0
18/11/2014;08:08:00;40;Acidente sem Vítima;541;BR-040/MG;Norte;Colisão traseira;0;0;0;0;0;0;0;0;0;0;0;1;0;0;0
18/11/2014;18:14:00;143;Acidente com Vítima;615;BR-040/MG;Sul;Colisão traseira;3;0;0;0;0;0;0;0;0;1;3;5;0;0;0
18/11/2014;10:20:00;65;Atropelamento sem Morte;622;BR-040/MG;Norte;Atropelamento - Pedestre caminhando;0;0;1;0;0;0;0;0;0;0;1;0;0;0;0
19/11/2014;17:10:00;114;Acidente sem Vítima;2;BR-040/GO;Norte;Colisão traseira;1;0;0;0;0;0;0;0;0;0;1;0;0;0;0
19/11/2014;08:26:00;33;Acidente com Vítima;2,5;BR-040/GO;Norte;Colisão traseira;1;0;0;1;0;0;0;0;0;0;1;1;0;0;0
19/11/2014;10:32:00;51;Acidente sem Vítima;4;BR-040/DF;Norte;Colisão traseira;1;0;0;0;0;0;0;0;0;0;1;0;0;0;0
19/11/2014;16:53:00;112;Acidente com Vítima;7;BR-040/DF;Norte;Colisão traseira;1;0;1;0;0;0;0;0;0;0;2;0;0;0;0
19/11/2014;20:06:00;155;Acidente com Vítima;94;BR-040/MG;Norte;Capotamento;1;0;0;0;0;0;0;0;0;0;0;2;0;0;0
19/11/2014;05:30:00;14;Acidente com Vítima;167;BR-040/MG;Norte;Colisão frontal;1;0;1;0;0;0;0;0;0;0;2;0;1;0;0
19/11/2014;04:43:00;12;Acidente sem Vítima;432;BR-040/MG;Norte;Colisão traseira;0;0;2;0;0;0;0;0;0;0;2;0;0;0;0
19/11/2014;12:41:00;74;Acidente com Morte;461;BR-040/MG;Norte;Colisão frontal;2;0;0;0;0;0;0;0;0;0;0;0;0;0;2
19/11/2014;09:01:00;37;Acidente sem Vítima;503,5;BR-040/MG;Sul;Queda de Carga;1;0;0;0;0;0;0;0;0;0;1;0;0;0;0
19/11/2014;10:43:00;54;Acidente com Vítima;511;BR-040/MG;Sul;Capotamento;1;0;0;0;1;0;0;0;0;0;1;0;1;0;0
19/11/2014;18:05:00;126;Acidente sem Vítima;511,002;BR-040/MG;Norte;Choque com objeto fixo;1;0;0;0;0;0;0;0;0;0;1;0;0;0;0