data;horario;n_da_ocorrencia;tipo_de_ocorrencia;km;trecho;sentido;tipo_de_acidente;automovel;bicicleta;caminhao;moto;onibus;outros;tracao_animal;transporte_de_cargas_especiais;trator_maquinas;utilitarios;ilesos;levemente_feridos;moderadamente_feridos;gravemente_feridos;mortos
24/12/2014;10:39:00;82;Acidente sem Vítima;656,5;BR-040/MG;Norte;Queda de Carga;0;0;1;0;0;0;0;0;0;0;1;0;0;0;0
24/12/2014;08:32:00;52;Acidente com Vítima;740;BR-040/MG;Sul;Queda de Carga;0;0;1;0;0;0;0;0;0;0;0;0;1;0;0
25/12/2014;23:25:00;163;Acidente sem Vítima;2,005;BR-040/DF;Sul;Outros;1;0;0;0;0;0;0;0;0;0;1;1;0;0;0
25/12/2014;14:58:00;90;Acidente com Vítima;42;BR-040/MG;Norte;Abalroamento - Longitudinal;1;0;0;1;0;0;0;0;0;0;1;0;0;1;0
25/12/2014;20:20:00;139;Atropelamento com Morte;13,001;BR-040/GO;Norte;Atropelamento - Pedestre atravessando;0;0;0;0;0;0;0;0;0;0;0;0;0;0;1
25/12/2014;18:59:00;123;Acidente sem Vítima;129;BR-040/MG;Norte;Outros;1;0;0;0;0;0;0;0;0;0;1;0;0;0;0
25/12/2014;20:04:00;135;Acidente sem Vítima;130;BR-040/MG;Sul;Capotamento;0;0;0;0;0;0;0;0;0;0;0;0;0;0;0
25/12/2014;14:12:00;68;Acidente com Vítima;304;BR-040/MG;Norte;Abalroamento - Longitudinal;2;0;0;0;0;0;0;0;0;0;1;1;0;0;0
25/12/2014;12:29:00;52;Acidente com Vítima;432;BR-040/MG;Sul;Abalroamento - Longitudinal;2;0;0;0;0;0;0;0;0;0;3;2;0;0;0
25/12/2014;19:50:00;133;Acidente com Vítima;468;BR-040/MG;Norte;Colisão traseira;1;0;0;1;0;0;0;0;0;0;1;1;0;0;0
25/12/2014;05:44:00;18;Acidente sem Vítima;474;BR-040/MG;Sul;Capotamento;1;0;1;0;0;0;0;0;0;0;2;1;0;0;0
25/12/2014;22:25:00;156;Acidente sem Vítima;515,4;BR-040/MG;Sul;Outros;1;0;0;0;0;0;0;0;0;0;1;0;0;0;0
25/12/2014;18:58:00;122;Atropelamento sem Morte;517;BR-040/MG;Norte;Atropelamento - Pedestre atravessando;1;0;0;0;0;0;0;0;0;0;1;0;0;1;0
25/12/2014;21:29:00;150;Acidente com Vítima;525;BR-040/MG;Sul;Outros;1;0;0;1;0;0;0;0;0;0;1;1;0;0;0
25/12/2014;08:49:00;30;Acidente com Vítima;61,5;BR-040/GO;Sul;Colisão frontal;2;0;1;0;0;0;0;0;0;0;0;1;1;1;0
26/12/2014;16:28:00;140;Acidente sem Vítima;6;BR-040/GO;Norte;Outros;0;0;0;1;0;0;0;0;0;0;2;1;0;0;0
26/12/2014;08:56:00;46;Acidente sem Vítima;42;BR-040/MG;Norte;Colisão traseira;1;0;1;0;0;0;0;0;0;0;2;0;0;0;0
26/12/2014;09:42:00;50;Acidente com Vítima;115;BR-040/MG;Sul;Abalroamento - Transversal;2;0;0;0;0;0;0;0;0;0;5;0;1;0;0
26/12/2014;19:19:00;180;Acidente sem Vítima;130;BR-040/MG;Sul;Colisão traseira;2;0;0;0;0;0;0;0;0;0;2;0;0;0;0
26/12/2014;10:07:00;55;Acidente com Vítima;436;BR-040/MG;Sul;Outros;0;0;0;1;0;0;0;0;0;0;0;2;0;0;0
26/12/2014;04:46:00;8;Acidente com Vítima;444;BR-040/MG;Norte;Capotamento;1;0;0;0;0;0;0;0;0;0;1;0;0;1;0
26/12/2014;08:19:00;36;Acidente com Vítima;524;BR-040/MG;Sul;Colisão traseira;0;0;1;1;0;0;0;0;0;0;2;0;1;0;0
26/12/2014;14:08:00;110;Acidente sem Vítima;526;BR-040/MG;Sul;Capotamento;1;0;0;0;0;0;0;0;0;0;3;0;0;0;0
26/12/2014;14:41:00;117;Acidente sem Vítima;541;BR-040/MG;Sul;Colisão traseira;4;0;0;0;0;0;0;0;0;0;5;0;0;0;0
26/12/2014;19:12:00;177;Acidente sem Vítima;591;BR-040/MG;Sul;Colisão traseira;2;0;0;0;0;0;0;0;0;0;4;0;0;0;0
26/12/2014;06:56:00;18;Acidente sem Vítima;95;BR-040/GO;Sul;Colisão traseira;3;0;0;0;0;0;0;0;0;0;13;0;0;0;0
26/12/2014;15:33:00;128;Acidente sem Vítima;728;BR-040/MG;Sul;Outros;0;0;0;1;0;0;0;0;0;0;1;0;0;0;0
26/12/2014;16:10:00;137;Acidente sem Vítima;737;BR-040/MG;Norte;Capotamento;1;0;0;0;0;0;0;0;0;0;3;0;0;0;0
27/12/2014;19:06:00;179;Acidente com Vítima;14;BR-040/MG;Sul;Colisão traseira;1;0;0;1;0;0;0;0;0;0;0;0;1;0;0
27/12/2014;18:25:00;168;Acidente sem Vítima;10,008;BR-040/GO;Sul;Colisão traseira;2;0;0;0;0;0;0;0;0;0;2;0;0;0;0
27/12/2014;09:36:00;50;Acidente sem Vítima;22;BR-040/MG;Sul;Colisão traseira;3;0;0;0;0;0;0;0;0;0;3;0;0;0;0
27/12/2014;22:24:00;210;Acidente com Vítima;130;BR-040/MG;Norte;Capotamento;1;0;0;0;0;0;0;0;0;0;0;0;1;1;0
27/12/2014;12:50:00;95;Acidente sem Vítima;424;BR-040/MG;Norte;Colisão traseira;2;0;0;0;0;0;0;0;0;0;3;0;0;0;0
27/12/2014;11:10:00;75;Acidente com Vítima;429;BR-040/MG;Norte;Outros;0;0;0;1;0;0;0;0;0;0;0;1;0;0;0
27/12/2014;15:09:00;122;Atropelamento sem Morte;455;BR-040/MG;Norte;Atropelamento - Pedestre caminhando;1;0;0;0;0;0;0;0;0;0;2;2;0;0;0
27/12/2014;19:48:00;184;Acidente com Vítima;469;BR-040/MG;Sul;Outros;0;0;0;1;0;0;0;0;0;0;1;1;0;0;0
27/12/2014;22:09:00;208;Acidente com Vítima;483,009;BR-040/MG;Sul;Capotamento;1;0;0;0;0;0;0;0;0;0;4;0;0;0;0
27/12/2014;23:24:00;214;Acidente com Vítima;515;BR-040/MG;Sul;Atropelamento - Animal;1;0;0;0;0;0;0;0;0;0;3;0;0;1;0
27/12/2014;08:20:00;34;Acidente com Vítima;519;BR-040/MG;Sul;Choque com objeto fixo;0;0;0;1;0;0;0;0;0;0;0;0;1;0;0
27/12/2014;11:26:00;79;Acidente com Vítima;587,1;BR-040/MG;Norte;Outros;0;0;0;1;0;0;0;0;0;0;0;1;0;0;0
27/12/2014;09:38:00;51;Acidente sem Vítima;619;BR-040/MG;Sul;Capotamento;1;0;0;0;0;0;0;0;0;0;6;0;0;0;0
27/12/2014;14:58:00;118;Acidente sem Vítima;46;BR-040/GO;Norte;Colisão traseira;2;0;0;0;0;0;0;0;0;0;5;0;0;0;0
27/12/2014;08:35:00;37;Acidente com Vítima;54;BR-040/GO;Norte;Abalroamento - Longitudinal;2;0;0;0;0;0;0;0;0;0;1;1;0;1;0
27/12/2014;22:36:00;212;Acidente com Vítima;686;BR-040/MG;Sul;Capotamento;1;0;0;0;0;0;0;0;0;0;0;0;1;0;0
27/12/2014;21:25:00;201;Atropelamento com Morte;699;BR-040/MG;Norte;Atropelamento - Pedestre atravessando;1;0;0;0;0;0;0;0;0;0;0;0;0;0;1
27/12/2014;10:38:00;65;Acidente sem Vítima;715;BR-040/MG;Norte;Capotamento;0;0;0;0;0;0;0;0;0;1;2;0;0;0;0
28/12/2014;22:36:00;216;Acidente sem Vítima;342;BR-040/MG;Sul;Outros;1;0;0;0;0;0;0;0;0;0;1;0;0;0;0
28/12/2014;07:35:00;39;Acidente sem Vítima;464;BR-040/MG;Sul;Capotamento;1;0;0;0;0;0;0;0;0;0;1;0;0;0;0
28/12/2014;09:58:00;59;Acidente sem Vítima;507;BR-040/MG;Norte;Colisão traseira;1;0;1;0;0;0;0;0;0;0;2;0;0;0;0
28/12/2014;18:13:00;162;Acidente sem Vítima;511,001;BR-040/MG;Sul;Colisão traseira;2;0;0;0;0;0;0;0;0;0;2;0;0;0;0
28/12/2014;19:20:00;197;Acidente com Vítima;511,2;BR-040/MG;Sul;Colisão traseira;2;0;0;0;0;0;0;0;0;0;2;2;0;0;0
28/12/2014;12:34:00;94;Acidente sem Vítima;617;BR-040/MG;Sul;Colisão traseira;1;0;0;0;0;0;0;0;0;1;2;0;0;0;0
28/12/2014;16:38:00;143;Acidente sem Vítima;650;BR-040/MG;Norte;Abalroamento - Longitudinal;2;0;0;0;0;0;0;0;0;0;2;0;0;0;0
28/12/2014;13:37:00;103;Acidente sem Vítima;658;BR-040/MG;Norte;Choque com objeto fixo;0;0;0;1;0;0;0;0;0;0;1;0;1;0;0
28/12/2014;20:14:00;192;Acidente com Vítima;42;BR-040/GO;Norte;Capotamento;1;0;0;0;0;0;0;0;0;0;0;2;0;0;0
28/12/2014;12:29:00;91;Acidente com Vítima;46;BR-040/GO;Norte;Colisão frontal;2;0;0;0;0;0;0;0;0;0;0;2;0;1;0
28/12/2014;20:24:00;195;Acidente sem Vítima;99;BR-040/GO;Sul;Outros;1;0;0;0;0;0;0;0;0;0;2;0;0;0;0
28/12/2014;13:14:00;102;Acidente sem Vítima;700;BR-040/MG;Sul;Abalroamento - Transversal;3;0;0;0;0;0;0;0;0;0;3;0;0;0;0
28/12/2014;16:36:00;142;Acidente com Vítima;107;BR-040/GO;Norte;Capotamento;1;0;0;0;0;0;0;0;0;0;0;1;0;0;0
28/12/2014;06:20:00;32;Acidente sem Vítima;771,2;BR-040/MG;Sul;Colisão traseira;2;0;0;0;0;0;0;0;0;0;6;0;0;0;0
29/12/2014;07:00:00;32;Atropelamento sem Morte;8,7;BR-040/MG;Norte;Atropelamento - Ciclista;1;0;0;0;0;0;0;0;0;0;0;1;0;0;0
29/12/2014;13:21:00;100;Acidente sem Vítima;276;BR-040/MG;Norte;Colisão traseira;2;0;0;0;0;0;0;0;0;0;2;0;0;0;0
29/12/2014;08:00:00;16;Acidente com Vítima;466;BR-040/MG;Sul;Capotamento;0;0;0;1;0;0;0;0;0;0;0;0;1;0;0
29/12/2014;08:13:00;23;Acidente com Vítima;497;BR-040/MG;Sul;Capotamento;2;0;0;0;0;0;0;0;0;0;0;2;0;0;0
29/12/2014;17:51:00;148;Atropelamento sem Morte;506;BR-040/MG;Norte;Atropelamento - Pedestre caminhando;1;0;0;0;0;0;0;0;0;0;0;1;0;0;0
29/12/2014;19:21:00;172;Acidente sem Vítima;511;BR-040/MG;Norte;Choque com objeto fixo;1;0;0;0;0;0;0;0;0;0;1;0;0;0;0
29/12/2014;16:46:00;141;Acidente com Vítima;518;BR-040/MG;Norte;Queda de Carga;1;0;0;0;0;0;0;0;0;0;0;0;1;0;0
29/12/2014;22:46:00;206;Acidente com Vítima;532;BR-040/MG;Norte;Colisão traseira;1;0;1;0;0;0;0;0;0;0;1;1;0;0;0
29/12/2014;03:22:00;9;Acidente sem Vítima;557;BR-040/MG;Sul;Atropelamento - Animal;1;0;0;0;0;0;0;0;0;0;2;1;0;0;0
29/12/2014;14:40:00;115;Acidente com Morte;603,7;BR-040/MG;Sul;Queda de Carga;0;0;1;0;0;0;0;0;0;0;0;0;1;1;1
29/12/2014;18:53:00;166;Acidente sem Vítima;73;BR-040/GO;Norte;Abalroamento - Longitudinal;2;0;0;0;0;0;0;0;0;0;5;1;0;0;0
29/12/2014;12:27:00;93;Acidente com Vítima;93;BR-040/GO;Sul;Outros;0;0;0;1;0;0;0;0;0;0;0;1;0;0;0
29/12/2014;07:01:00;20;Acidente com Vítima;712;BR-040/MG;Norte;Capotamento;1;0;0;0;0;0;0;0;0;0;0;0;0;1;0
29/12/2014;03:13:00;8;Acidente sem Vítima;728;BR-040/MG;Sul;Capotamento;1;0;0;0;0;0;0;0;0;0;2;0;0;0;0
30/12/2014;10:33:00;72;Acidente sem Vítima;6;BR-040/GO;Sul;Outros;1;0;0;0;0;0;0;0;0;0;2;0;0;0;0
30/12/2014;21:37:00;209;Acidente com Vítima;15;BR-040/GO;Norte;Capotamento;1;0;0;0;0;0;0;0;0;0;0;1;0;0;0
30/12/2014;15:23:00;135;Acidente sem Vítima;15,005;BR-040/GO;Norte;Outros;1;0;0;0;0;0;0;0;0;0;1;0;0;0;0
30/12/2014;10:05:00;62;Acidente sem Vítima;450;BR-040/MG;Sul;Capotamento;1;0;0;0;0;0;0;0;0;0;4;0;0;0;0
30/12/2014;17:23:00;158;Acidente sem Vítima;492;BR-040/MG;Norte;Choque com objeto fixo;1;0;0;0;0;0;0;0;0;0;1;0;0;0;0
30/12/2014;15:30:00;137;Acidente sem Vítima;505;BR-040/MG;Sul;Outros;0;0;0;1;0;0;0;0;0;0;1;0;0;0;0
30/12/2014;20:11:00;200;Acidente sem Vítima;509;BR-040/MG;Sul;Abalroamento - Longitudinal;1;0;0;0;0;0;0;0;0;1;2;0;0;0;0
30/12/2014;23:12:00;220;Acidente com Vítima;509,007;BR-040/MG;Norte;Capotamento;1;0;0;0;0;0;0;0;0;0;3;2;0;0;0
30/12/2014;21:18:00;207;Acidente com Vítima;517;BR-040/MG;Norte;Choque com objeto fixo;1;0;0;0;0;0;0;0;0;0;1;3;0;0;0
30/12/2014;13:12:00;107;Acidente sem Vítima;529;BR-040/MG;Sul;Capotamento;1;0;0;0;0;0;0;0;0;0;2;0;0;0;0
30/12/2014;18:20:00;172;Acidente sem Vítima;563;BR-040/MG;Sul;Colisão traseira;2;0;0;0;0;0;0;0;0;1;3;0;0;0;0
30/12/2014;11:39:00;83;Acidente com Morte;595;BR-040/MG;Sul;Colisão frontal;1;0;1;0;0;0;0;0;0;0;1;0;0;0;1
30/12/2014;14:43:00;129;Acidente com Vítima;46;BR-040/GO;Norte;Abalroamento - Longitudinal;1;0;0;1;0;0;0;0;0;0;3;0;1;0;0
30/12/2014;23:00:00;216;Acidente sem Vítima;70;BR-040/GO;Norte;Outros;1;0;0;0;0;0;0;0;0;0;1;0;0;0;0
30/12/2014;14:41:00;128;Acidente sem Vítima;730;BR-040/MG;Sul;Choque com objeto fixo;1;0;0;0;0;0;0;0;0;0;5;0;0;0;0
30/12/2014;16:44:00;150;Acidente com Vítima;103;BR-040/GO;Sul;Abalroamento - Transversal;2;0;0;0;0;0;0;0;0;0;1;0;1;0;0
30/12/2014;00:00:00;166;Acidente sem Vítima;750;BR-040/MG;Sul;Abalroamento - Longitudinal;2;0;0;0;0;0;0;0;0;0;2;0;0;0;0
30/12/2014;13:55:00;120;Acidente com Vítima;752;BR-040/MG;Norte;Colisão frontal;2;0;0;0;0;0;0;0;0;0;0;1;1;2;0
31/12/2014;14:47:00;138;Acidente sem Vítima;0;BR-040/GO;Sul;Colisão traseira;2;0;0;0;0;0;0;0;0;0;2;0;0;0;0
31/12/2014;16:26:00;157;Acidente com Vítima;2;BR-040/DF;Sul;Outros;0;0;0;1;0;0;0;0;0;0;1;1;0;0;0
31/12/2014;18:08:00;182;Acidente sem Vítima;2,3;BR-040/GO;Norte;Colisão traseira;2;0;0;0;0;0;0;0;0;0;2;0;0;0;0
31/12/2014;21:58:00;221;Acidente com Vítima;10;BR-040/GO;Norte;Outros;0;0;0;0;0;0;0;0;0;0;0;1;0;0;0
31/12/2014;10:55:00;90;Acidente sem Vítima;128;BR-040/MG;Norte;Abalroamento - Longitudinal;2;0;0;0;0;0;0;0;0;0;5;0;0;0;0
31/12/2014;05:19:00;25;Acidente sem Vítima;426;BR-040/MG;Norte;Capotamento;1;0;0;0;0;0;0;0;0;0;1;0;0;0;0
31/12/2014;06:35:00;31;Acidente sem Vítima;473;BR-040/MG;Norte;Capotamento;1;0;0;0;0;0;0;0;0;0;2;0;0;0;0
31/12/2014;16:59:00;165;Acidente sem Vítima;510;BR-040/MG;Norte;Choque com objeto fixo;1;0;0;0;0;0;0;0;0;0;1;0;0;0;0
31/12/2014;16:38:00;159;Acidente sem Vítima;525;BR-040/MG;Norte;Abalroamento - Longitudinal;1;0;0;0;1;0;0;0;0;0;2;0;0;0;0
31/12/2014;07:34:00;38;Acidente sem Vítima;37;BR-040/GO;Sul;Outros;1;0;0;0;0;0;0;0;0;0;4;0;0;0;0
31/12/2014;18:20:00;197;Acidente sem Vítima;60;BR-040/GO;Sul;Atropelamento - Animal;1;0;0;0;0;0;0;0;0;0;1;0;0;0;0
31/12/2014;11:07:00;94;Acidente sem Vítima;74;BR-040/GO;Sul;Abalroamento - Longitudinal;3;0;0;0;1;0;0;0;0;0;6;0;0;0;0
31/12/2014;13:51:00;121;Acidente sem Vítima;730;BR-040/MG;Sul;Choque em barreira New Jersey;1;0;0;0;0;0;0;0;0;0;1;0;0;0;0
31/12/2014;06:39:00;33;Acidente sem Vítima;730;BR-040/MG;Sul;Choque em barreira New Jersey;0;0;1;0;0;0;0;0;0;0;1;0;0;0;0
31/12/2014;14:30:00;134;Acidente sem Vítima;734;BR-040/MG;Sul;Choque em barreira New Jersey;1;0;0;0;0;0;0;0;0;0;2;0;0;0;0
31/12/2014;13:03:00;114;Acidente sem Vítima;739;BR-040/MG;Norte;Choque com objeto fixo;1;0;0;0;0;0;0;0;0;0;1;0;0;0;0
31/12/2014;01:03:00;10;Acidente com Vítima;766,5;BR-040/MG;Sul;Outros;0;0;1;0;0;0;0;0;0;0;2;0;0;0;0
31/12/2014;16:07:00;150;Acidente sem Vítima;769;BR-040/MG;Sul;Outros;1;0;0;0;0;0;0;0;0;0;3;0;0;0;0
31/12/2014;13:55:00;122;Acidente sem Vítima;771;BR-040/MG;Sul;Outros;1;0;0;0;0;0;0;0;0;0;3;0;0;0;0
01/01/2015;02:00:00;13;Acidente com Vítima;3;BR-040/GO;Sul;Outros;0;0;0;1;0;0;0;0;0;0;0;0;1;0;0
01/01/2015;06:18:00;28;Acidente sem Vítima;17,5;BR-040/GO;Sul;Outros;1;0;0;0;0;0;0;0;0;0;1;0;0;0;0
01/01/2015;02:15:00;10;Acidente sem Vítima;266;BR-040/MG;Norte;Outros;0;0;1;0;0;0;0;0;0;0;1;0;0;0;0
01/01/2015;14:34:00;83;Acidente com Vítima;434;BR-040/MG;Sul;Abalroamento - Longitudinal;1;0;0;1;0;0;0;0;0;0;3;0;0;0;0
01/01/2015;21:03:00;133;Acidente com Vítima;463;BR-040/MG;Norte;Capotamento;1;0;0;0;0;0;0;0;0;0;0;0;1;0;0
01/01/2015;03:35:00;18;Acidente sem Vítima;463;BR-040/MG;Norte;Capotamento;1;0;0;0;0;0;0;0;0;0;5;0;0;0;0
01/01/2015;19:34:00;124;Acidente com Vítima;495;BR-040/MG;Norte;Capotamento;1;0;0;0;0;0;0;0;0;0;0;0;1;0;0
01/01/2015;02:22:00;11;Acidente sem Vítima;506;BR-040/MG;Sul;Choque com objeto fixo;1;0;0;0;0;0;0;0;0;0;4;0;0;0;0
01/01/2015;01:04:00;3;Acidente sem Vítima;543,005;BR-040/MG;Norte;Atropelamento - Animal;1;0;0;0;0;0;0;0;0;0;3;0;0;0;0
01/01/2015;18:29:00;119;Acidente sem Vítima;544;BR-040/MG;Sul;Outros;1;0;0;0;0;0;0;0;0;0;1;0;0;0;0
01/01/2015;15:03:00;86;Acidente sem Vítima;7;BR-040/DF;Norte;Outros;1;0;0;0;0;0;0;0;0;0;1;0;0;0;0
01/01/2015;02:44:00;12;Acidente sem Vítima;56;BR-040/GO;Norte;Queda de Carga;1;0;0;0;0;0;0;0;0;0;1;0;0;0;0
01/01/2015;17:48:00;111;Acidente sem Vítima;682;BR-040/MG;Sul;Colisão traseira;2;0;0;0;0;0;0;0;0;0;5;0;0;0;0
01/01/2015;09:27:00;44;Acidente com Vítima;703;BR-040/MG;Norte;Capotamento;1;0;0;0;0;0;0;0;0;0;0;1;2;0;0
02/01/2015;13:27:00;79;Acidente sem Vítima;2;BR-040/DF;Norte;Abalroamento - Longitudinal;2;0;0;0;0;0;0;0;0;0;2;0;0;0;0
02/01/2015;18:00:00;144;Acidente sem Vítima;6,5;BR-040/GO;Sul;Colisão traseira;2;0;0;0;0;0;0;0;0;0;2;0;0;0;0
02/01/2015;05:18:00;17;Acidente com Vítima;454;BR-040/MG;Sul;Capotamento;1;0;0;0;0;0;0;0;0;0;0;1;0;0;0
02/01/2015;17:39:00;135;Acidente com Vítima;460;BR-040/MG;Sul;Outros;1;0;0;0;0;0;0;0;0;0;0;0;1;0;0
02/01/2015;13:06:00;78;Acidente sem Vítima;463;BR-040/MG;Norte;Colisão traseira;2;0;0;0;0;0;0;0;0;0;4;0;0;0;0
02/01/2015;10:38:00;56;Acidente sem Vítima;464;BR-040/MG;Norte;Colisão traseira;3;0;0;1;0;0;0;0;0;0;4;0;0;0;0
02/01/2015;16:17:00;117;Acidente sem Vítima;475;BR-040/MG;Sul;Abalroamento - Longitudinal;2;0;0;0;0;0;0;0;0;0;2;0;0;0;0
02/01/2015;14:02:00;87;Acidente com Vítima;511;BR-040/MG;Sul;Outros;0;0;0;1;0;0;0;0;0;0;0;1;0;0;0
02/01/2015;16:03:00;113;Acidente com Vítima;522;BR-040/MG;Sul;Colisão traseira;2;0;0;0;0;0;0;0;0;0;4;1;0;0;0
02/01/2015;16:04:00;114;Acidente com Vítima;524,5;BR-040/MG;Sul;Capotamento;1;0;0;0;0;0;0;0;0;0;1;0;0;0;0
02/01/2015;15:12:00;104;Acidente com Vítima;526;BR-040/MG;Sul;Outros;0;0;0;1;0;0;0;0;0;0;0;1;0;0;0
02/01/2015;18:45:00;160;Acidente sem Vítima;527;BR-040/MG;Norte;Colisão traseira;2;0;0;0;0;0;0;0;0;0;4;0;0;0;0
02/01/2015;15:49:00;109;Atropelamento sem Morte;637;BR-040/MG;Norte;Atropelamento - Pedestre caminhando;1;0;0;0;0;0;0;0;0;0;0;0;1;0;0
02/01/2015;13:39:00;83;Acidente com Vítima;737;BR-040/MG;Norte;Capotamento;1;0;0;0;0;0;0;0;0;0;1;1;0;0;0
03/01/2015;14:41:00;107;Acidente com Vítima;5;BR-040/DF;Sul;Colisão traseira;1;0;0;1;0;0;0;0;0;0;1;0;1;0;0
03/01/2015;12:25:00;81;Acidente sem Vítima;5;BR-040/GO;Sul;Colisão traseira;1;0;1;0;0;0;0;0;0;0;2;0;0;0;0
03/01/2015;15:01:00;110;Acidente com Vítima;21;BR-040/GO;Norte;Capotamento;1;0;0;0;0;0;0;0;0;0;0;0;1;0;0
03/01/2015;13:12:00;90;Acidente sem Vítima;142;BR-040/MG;Norte;Abalroamento - Longitudinal;2;0;0;0;0;0;0;0;0;0;2;0;0;0;0
03/01/2015;11:19:00;67;Acidente com Vítima;274;BR-040/MG;Norte;Abalroamento - Longitudinal;1;0;0;1;0;0;0;0;0;0;1;0;1;0;0
03/01/2015;08:30:00;40;Acidente sem Vítima;446;BR-040/MG;Sul;Choque em defensa;1;0;0;0;0;0;0;0;0;0;1;0;0;0;0
03/01/2015;21:20:00;180;Acidente sem Vítima;470;BR-040/MG;Norte;Queda de Carga;1;0;0;0;0;0;0;0;0;0;1;0;0;0;0
03/01/2015;14:12:00;102;Acidente com Vítima;473;BR-040/MG;Norte;Queda de Carga;0;0;1;0;0;0;0;0;0;0;1;1;0;0;0
03/01/2015;00:02:00;1;Acidente sem Vítima;527;BR-040/MG;Norte;Outros;1;0;0;0;0;0;0;0;0;0;1;0;0;0;0
03/01/2015;15:51:00;119;Acidente sem Vítima;528;BR-040/MG;Sul;Outros;1;0;0;0;0;0;0;0;0;0;5;0;0;0;0
03/01/2015;08:57:00;45;Acidente sem Vítima;530,5;BR-040/MG;Sul;Colisão traseira;2;0;0;0;0;0;0;0;0;0;8;0;0;0;0
03/01/2015;02:43:00;9;Acidente sem Vítima;550;BR-040/MG;Norte;Atropelamento - Animal;1;0;0;0;0;0;0;0;0;0;1;0;0;0;0
03/01/2015;14:57:00;109;Acidente sem Vítima;564;BR-040/MG;Norte;Outros;1;0;0;0;0;0;0;0;0;0;1;0;0;0;0
03/01/2015;13:32:00;95;Acidente com Morte;656;BR-040/MG;Sul;Colisão frontal;2;0;0;0;0;0;0;0;0;0;1;5;1;1;1
03/01/2015;13:50:00;98;Acidente sem Vítima;697;BR-040/MG;Norte;Outros;1;0;0;0;0;0;0;0;0;0;1;0;0;0;0
03/01/2015;07:35:00;32;Acidente sem Vítima;767;BR-040/MG;Norte;Colisão traseira;2;0;0;0;0;0;0;0;0;0;3;0;0;0;0
03/01/2015;16:55:00;132;Acidente sem Vítima;769;BR-040/MG;Sul;Abalroamento - Longitudinal;2;0;0;0;0;0;0;0;0;0;2;0;0;0;0
04/01/2015;05:38:00;21;Acidente com Vítima;26;BR-040/GO;Sul;Capotamento;1;0;0;0;0;0;0;0;0;0;1;3;0;0;0
04/01/2015;06:40:00;103;Acidente sem Vítima;190;BR-040/MG;Norte;Outros;0;0;1;0;0;0;0;0;0;0;1;0;0;0;0
04/01/2015;12:41:00;86;Acidente sem Vítima;356;BR-040/MG;Sul;Choque com objeto fixo;1;0;0;0;0;0;0;0;0;0;1;0;0;0;0
04/01/2015;11:16:00;69;Acidente sem Vítima;466,1;BR-040/MG;Sul;Colisão traseira;2;0;0;0;0;0;0;0;0;0;9;0;0;0;0
04/01/2015;13:58:00;96;Acidente sem Vítima;496;BR-040/MG;Sul;Colisão traseira;2;0;0;0;0;0;0;0;0;0;2;0;0;0;0
04/01/2015;15:21:00;121;Acidente sem Vítima;504;BR-040/MG;Sul;Colisão traseira;3;0;0;0;0;0;0;0;0;0;5;0;0;0;0
04/01/2015;15:50:00;135;Acidente sem Vítima;505;BR-040/MG;Sul;Colisão traseira;3;0;0;0;0;0;0;0;0;0;9;0;0;0;0
04/01/2015;17:29:00;167;Acidente sem Vítima;508;BR-040/MG;Sul;Colisão traseira;5;0;0;0;0;0;0;0;0;0;7;0;0;0;0
04/01/2015;14:38:00;110;Acidente sem Vítima;516;BR-040/MG;Sul;Colisão traseira;2;0;0;0;0;0;0;0;0;0;2;0;0;0;0
04/01/2015;09:52:00;54;Acidente sem Vítima;523;BR-040/MG;Sul;Outros;1;0;0;0;0;0;0;0;0;0;2;0;0;0;0
04/01/2015;13:01:00;89;Acidente com Vítima;526;BR-040/MG;Norte;Outros;0;0;0;1;0;0;0;0;0;0;1;1;0;0;0
04/01/2015;00:07:00;2;Atropelamento sem Morte;530;BR-040/MG;Sul;Atropelamento - Abrigo de ônibus;0;0;0;0;1;0;0;0;0;0;0;0;0;1;0
04/01/2015;16:37:00;148;Acidente sem Vítima;562;BR-040/MG;Sul;Outros;1;0;0;0;0;0;0;0;0;0;1;0;0;0;0
04/01/2015;15:35:00;126;Acidente com Morte;567;BR-040/MG;Norte;Colisão frontal;1;0;1;0;0;0;0;0;0;0;1;0;0;1;1
04/01/2015;13:11:00;91;Acidente sem Vítima;583;BR-040/MG;Norte;Colisão traseira;1;0;1;0;0;0;0;0;0;0;3;0;0;0;0
04/01/2015;15:41:00;127;Acidente sem Vítima;590;BR-040/MG;Norte;Colisão traseira;2;0;0;0;0;0;0;0;0;0;2;0;0;0;0
04/01/2015;15:25:00;123;Acidente com Vítima;610;BR-040/MG;Sul;Outros;1;0;0;0;0;0;0;0;0;0;1;1;0;0;0
04/01/2015;12:10:00;79;Acidente sem Vítima;641;BR-040/MG;Sul;Abalroamento - Longitudinal;2;0;0;1;0;0;0;0;0;0;3;0;0;0;0
04/01/2015;07:55:00;32;Acidente sem Vítima;661;BR-040/MG;Sul;Colisão traseira;2;0;0;0;0;0;0;0;0;0;2;0;0;0;0
04/01/2015;17:23:00;163;Acidente com Morte;675,5;BR-040/MG;Sul;Colisão frontal;3;0;1;0;0;0;0;0;0;0;2;0;4;0;5
04/01/2015;14:28:00;106;Acidente sem Vítima;708;BR-040/MG;Sul;Abalroamento - Longitudinal;2;0;0;0;0;0;0;0;0;0;5;0;0;0;0