data;horario;n_da_ocorrencia;tipo_de_ocorrencia;km;trecho;sentido;tipo_de_acidente;automovel;bicicleta;caminhao;moto;onibus;outros;tracao_animal;transporte_de_cargas_especiais;trator_maquinas;utilitarios;ilesos;levemente_feridos;moderadamente_feridos;gravemente_feridos;mortos
16/01/2015;18:57:00;227;Acidente com Vítima;510;BR-040/MG;Norte;Colisão traseira;1;0;0;1;0;0;0;0;0;0;1;1;0;0;0
16/01/2015;20:55:00;254;Acidente com Vítima;530;BR-040/MG;Norte;Colisão traseira;2;0;0;0;0;0;0;0;0;0;1;1;0;0;0
16/01/2015;22:45:00;274;Acidente sem Vítima;534;BR-040/MG;Sul;Capotamento;1;0;0;0;0;0;0;0;0;0;1;0;0;0;0
16/01/2015;17:01:00;195;Acidente sem Vítima;535;BR-040/MG;Sul;Abalroamento - Longitudinal;1;0;1;0;0;0;0;0;0;0;2;0;0;0;0
16/01/2015;21:31:00;263;Acidente sem Vítima;586,3;BR-040/MG;Norte;Capotamento;1;0;0;0;0;0;0;0;0;0;1;0;0;0;0
16/01/2015;12:47:00;136;Acidente com Vítima;587,3;BR-040/MG;Norte;Capotamento;0;0;0;0;0;1;0;0;0;0;0;1;0;0;0
16/01/2015;03:54:00;29;Acidente com Vítima;590;BR-040/MG;Sul;Capotamento;1;0;0;0;0;0;0;0;0;0;0;1;0;0;0
16/01/2015;18:31:00;219;Acidente sem Vítima;606;BR-040/MG;Sul;Abalroamento - Longitudinal;0;0;2;0;0;0;0;0;0;0;2;0;0;0;0
16/01/2015;07:26:00;48;Acidente sem Vítima;694;BR-040/MG;Norte;Outros;1;0;0;0;0;0;0;0;0;0;1;0;0;0;0
16/01/2015;15:11:00;173;Acidente sem Vítima;129;BR-040/GO;Norte;Colisão traseira;1;0;1;0;0;0;0;0;0;0;4;0;0;0;0
17/01/2015;12:54:00;101;Acidente sem Vítima;5;BR-040/GO;Sul;Outros;0;0;0;1;0;0;0;0;0;0;1;1;0;0;0
17/01/2015;22:58:00;237;Acidente sem Vítima;6;BR-040/GO;Sul;Capotamento;1;0;0;0;0;0;0;0;0;0;1;0;0;0;0
17/01/2015;13:30:00;114;Acidente sem Vítima;7;BR-040/GO;Norte;Colisão traseira;1;0;0;0;1;0;0;0;0;0;2;0;0;0;0
17/01/2015;23:17:00;241;Acidente com Vítima;7,5;BR-040/GO;Norte;Colisão traseira;2;0;0;0;0;0;0;0;0;0;2;0;0;0;0
17/01/2015;01:18:00;12;Acidente sem Vítima;130;BR-040/MG;Sul;Atropelamento - Animal;1;0;0;0;0;0;0;0;0;0;1;0;0;0;0
17/01/2015;19:00:00;185;Acidente sem Vítima;36;BR-040/GO;Norte;Outros;1;0;0;0;0;0;0;0;0;0;5;0;0;0;0
17/01/2015;14:09:00;115;Acidente com Vítima;156;BR-040/MG;Sul;Abalroamento - Longitudinal;3;0;1;0;0;0;0;0;0;0;9;1;0;0;0
17/01/2015;08:18:00;54;Acidente com Vítima;224,005;BR-040/MG;Norte;Colisão frontal;2;0;0;0;0;0;0;0;0;0;1;1;0;0;0
17/01/2015;19:14:00;190;Acidente sem Vítima;261;BR-040/MG;Sul;Capotamento;1;0;0;0;0;0;0;0;0;0;1;0;0;0;0
17/01/2015;08:04:00;51;Acidente sem Vítima;267;BR-040/MG;Norte;Abalroamento - Longitudinal;2;0;0;0;0;0;0;0;0;0;2;0;0;0;0
17/01/2015;11:59:00;116;Acidente sem Vítima;275;BR-040/MG;Norte;Colisão traseira;2;0;0;0;0;0;0;0;0;0;2;0;0;0;0
17/01/2015;07:45:00;46;Acidente sem Vítima;422;BR-040/MG;Norte;Abalroamento - Longitudinal;1;0;1;0;0;0;0;0;0;0;2;0;0;0;0
17/01/2015;04:37:00;22;Acidente com Vítima;472;BR-040/MG;Sul;Choque com objeto fixo;1;0;0;0;0;0;0;0;0;0;0;1;0;0;0
17/01/2015;19:36:00;194;Acidente sem Vítima;520;BR-040/MG;Sul;Abalroamento - Longitudinal;2;0;0;0;0;0;0;0;0;0;2;0;0;0;0
17/01/2015;21:48:00;220;Acidente com Morte;522;BR-040/MG;Sul;Capotamento;1;0;0;0;0;0;0;0;0;0;0;0;0;1;2
17/01/2015;15:15:00;128;Acidente sem Vítima;522;BR-040/MG;Sul;Colisão traseira;2;0;0;0;0;0;0;0;0;0;3;0;0;0;0
17/01/2015;16:15:00;149;Acidente com Vítima;524;BR-040/MG;Norte;Colisão traseira;1;0;0;1;0;0;0;0;0;0;1;0;0;1;0
17/01/2015;01:22:00;14;Acidente sem Vítima;528,5;BR-040/MG;Sul;Outros;1;0;0;0;0;0;0;0;0;0;2;0;0;0;0
17/01/2015;02:50:00;19;Acidente sem Vítima;540;BR-040/MG;Norte;Capotamento;0;0;0;0;0;0;0;0;0;0;0;0;0;0;0
17/01/2015;21:39:00;218;Acidente sem Vítima;545;BR-040/MG;Norte;Capotamento;1;0;0;0;0;0;0;0;0;0;1;0;0;0;0
17/01/2015;08:06:00;52;Acidente com Vítima;566;BR-040/MG;Sul;Outros;0;0;0;1;0;0;0;0;0;0;0;0;1;0;0
17/01/2015;10:28:00;80;Acidente sem Vítima;630;BR-040/MG;Norte;Outros;0;0;1;0;0;0;0;0;0;0;1;0;0;0;0
17/01/2015;01:57:00;17;Acidente com Vítima;702;BR-040/MG;Norte;Colisão traseira;1;0;0;1;0;0;0;0;0;0;1;1;1;0;0
17/01/2015;21:28:00;217;Acidente sem Vítima;101;BR-040/GO;Sul;Atropelamento - Animal;1;0;0;0;0;0;0;0;0;0;1;0;0;0;0
18/01/2015;22:30:00;237;Acidente com Vítima;2;BR-040/GO;Sul;Colisão traseira;1;0;0;1;0;0;0;0;0;0;1;0;2;0;0
18/01/2015;17:41:00;147;Acidente com Vítima;2,005;BR-040/GO;Sul;Colisão traseira;1;0;0;1;0;0;0;0;0;0;2;1;0;0;0
18/01/2015;02:40:00;17;Acidente com Vítima;6;BR-040/GO;Sul;Choque com objeto fixo;1;0;0;0;0;0;0;0;0;0;0;0;1;0;0
18/01/2015;11:09:00;77;Acidente com Vítima;6,5;BR-040/GO;Sul;Abalroamento - Longitudinal;1;0;0;1;0;0;0;0;0;0;2;0;0;0;0
18/01/2015;19:27:00;176;Acidente sem Vítima;184;BR-040/MG;Sul;Outros;1;0;0;0;0;0;0;0;0;0;2;0;0;0;0
18/01/2015;14:16:00;111;Acidente com Vítima;221;BR-040/MG;Norte;Capotamento;1;0;0;0;0;0;0;0;0;0;1;1;0;0;0
18/01/2015;15:08:00;117;Acidente com Vítima;443;BR-040/MG;Sul;Capotamento;1;0;0;0;0;0;0;0;0;0;0;1;2;0;0
18/01/2015;19:23:00;175;Acidente com Vítima;469;BR-040/MG;Norte;Capotamento;1;0;0;0;0;0;0;0;0;0;0;0;2;0;0
18/01/2015;07:16:00;36;Acidente sem Vítima;475;BR-040/MG;Sul;Outros;0;0;0;1;0;0;0;0;0;0;1;0;0;0;0
18/01/2015;19:00:00;170;Acidente sem Vítima;510;BR-040/MG;Sul;Colisão traseira;2;0;0;0;0;0;0;0;0;1;4;0;0;0;0
18/01/2015;16:37:00;137;Acidente sem Vítima;515;BR-040/MG;Sul;Colisão traseira;5;0;0;0;0;0;0;0;0;0;8;0;0;0;0
18/01/2015;08:39:00;49;Acidente sem Vítima;542;BR-040/MG;Norte;Choque em defensa;2;0;0;0;0;0;0;0;0;0;2;0;0;0;0
18/01/2015;02:17:00;15;Acidente sem Vítima;542;BR-040/MG;Norte;Colisão traseira;2;0;0;0;0;0;0;0;0;0;7;0;0;0;0
18/01/2015;20:45:00;199;Acidente sem Vítima;571;BR-040/MG;Sul;Atropelamento - Animal;1;0;0;0;0;0;0;0;0;0;3;1;0;0;0
18/01/2015;19:49:00;181;Acidente sem Vítima;576;BR-040/MG;Sul;Abalroamento - Longitudinal;2;0;0;0;0;0;0;0;0;0;6;0;0;0;0
18/01/2015;18:29:00;161;Acidente sem Vítima;599;BR-040/MG;Norte;Abalroamento - Longitudinal;2;0;0;0;0;0;0;0;0;0;2;1;0;0;0
18/01/2015;15:48:00;124;Acidente com Vítima;625;BR-040/MG;Norte;Outros;0;0;0;1;0;0;0;0;0;0;0;1;1;0;0
18/01/2015;20:04:00;188;Acidente sem Vítima;725;BR-040/MG;Sul;Outros;1;0;0;0;0;0;0;0;0;0;2;5;0;0;0
19/01/2015;18:11:00;248;Acidente sem Vítima;1,5;BR-040/GO;Norte;Colisão traseira;3;0;0;0;0;0;0;0;0;0;3;0;0;0;0
19/01/2015;19:30:00;272;Acidente sem Vítima;2;BR-040/GO;Norte;Colisão traseira;2;0;0;0;0;0;0;0;0;0;2;0;0;0;0
19/01/2015;10:49:00;117;Acidente sem Vítima;3;BR-040/GO;Sul;Choque com objeto fixo;1;0;0;0;0;0;0;0;0;0;1;1;0;0;0
19/01/2015;10:49:00;116;Acidente com Vítima;279;BR-040/MG;Norte;Colisão traseira;4;0;0;0;0;0;0;0;0;0;4;1;0;0;0
19/01/2015;06:46:00;30;Acidente com Vítima;425,5;BR-040/MG;Norte;Choque com objeto fixo;1;0;0;0;0;0;0;0;0;0;0;3;0;0;0
19/01/2015;15:22:00;195;Acidente com Vítima;442;BR-040/MG;Sul;Abalroamento - Longitudinal;0;0;0;1;1;0;0;0;0;0;1;0;0;1;0
19/01/2015;17:58:00;240;Acidente sem Vítima;474,001;BR-040/MG;Sul;Queda de Carga;0;0;1;0;0;0;0;0;0;0;1;0;0;0;0
19/01/2015;10:37:00;113;Acidente com Vítima;496;BR-040/MG;Norte;Capotamento;1;0;1;0;0;0;0;0;0;0;2;0;1;0;0
19/01/2015;22:01:00;309;Atropelamento sem Morte;508;BR-040/MG;Norte;Atropelamento - Pedestre atravessando;0;0;0;0;1;0;0;0;0;0;0;0;1;0;0
19/01/2015;16:33:00;214;Acidente com Vítima;518;BR-040/MG;Norte;Colisão traseira;1;0;0;1;0;0;0;0;0;0;1;0;1;0;0
19/01/2015;05:52:00;24;Acidente com Vítima;524,5;BR-040/MG;Sul;Outros;0;0;0;1;0;0;0;0;0;0;0;2;0;0;0
19/01/2015;18:46:00;255;Acidente com Vítima;531;BR-040/MG;Sul;Outros;0;0;0;1;0;0;0;0;0;0;0;1;1;0;0
19/01/2015;16:48:00;219;Acidente com Morte;548,6;BR-040/MG;Sul;Colisão traseira;1;0;0;1;0;0;0;0;0;0;2;0;0;0;1
19/01/2015;11:00:00;124;Acidente com Vítima;605;BR-040/MG;Norte;Capotamento;1;0;0;0;0;0;0;0;0;0;1;1;0;0;0
19/01/2015;16:55:00;222;Acidente sem Vítima;621;BR-040/MG;Norte;Colisão traseira;2;0;0;0;0;0;0;0;0;0;2;0;0;0;0
19/01/2015;13:45:00;169;Acidente sem Vítima;696;BR-040/MG;Norte;Queda de Carga;0;0;1;0;0;0;0;0;0;0;1;0;0;0;0
19/01/2015;08:39:00;64;Acidente com Vítima;701,5;BR-040/MG;Norte;Choque com objeto fixo;1;0;0;0;0;0;0;0;0;0;0;2;0;0;0
20/01/2015;22:39:00;246;Acidente sem Vítima;2;BR-040/GO;Sul;Outros;1;0;0;0;0;0;0;0;0;0;1;0;0;0;0
20/01/2015;12:14:00;90;Acidente com Vítima;41;BR-040/MG;Sul;Outros;0;0;0;1;0;0;0;0;0;0;1;1;0;0;0
20/01/2015;11:21:00;77;Acidente sem Vítima;123;BR-040/MG;Sul;Outros;1;0;0;0;0;0;0;0;0;0;1;0;0;0;0
20/01/2015;08:05:00;43;Acidente com Vítima;299;BR-040/MG;Sul;Choque com objeto fixo;1;0;0;0;0;0;0;0;0;0;5;1;0;0;0
20/01/2015;11:24:00;79;Acidente sem Vítima;461;BR-040/MG;Sul;Colisão traseira;1;0;1;0;0;0;0;0;0;0;7;0;0;0;0
20/01/2015;14:07:00;121;Acidente sem Vítima;533;BR-040/MG;Sul;Colisão traseira;2;0;0;0;0;0;0;0;0;0;2;0;0;0;0
20/01/2015;03:14:00;9;Acidente sem Vítima;586;BR-040/MG;Norte;Capotamento;1;0;0;0;0;0;0;0;0;0;4;0;0;0;0
20/01/2015;11:43:00;82;Acidente com Vítima;626;BR-040/MG;Norte;Colisão traseira;1;0;0;1;0;0;0;0;0;0;1;0;0;0;0
20/01/2015;10:30:00;143;Acidente sem Vítima;677;BR-040/MG;Sul;Abalroamento - Longitudinal;0;0;2;0;0;0;0;0;0;0;2;0;0;0;0
20/01/2015;10:59:00;70;Acidente sem Vítima;712,8;BR-040/MG;Norte;Colisão traseira;2;0;0;0;0;0;0;0;0;0;5;0;0;0;0
21/01/2015;14:24:00;126;Acidente sem Vítima;2;BR-040/GO;Norte;Colisão traseira;2;0;0;0;0;0;0;0;0;0;2;0;0;0;0
21/01/2015;06:34:00;27;Acidente com Morte;5,8;BR-040/DF;Norte;Outros;1;0;0;1;0;0;0;0;0;0;1;0;0;0;1
21/01/2015;08:30:00;47;Acidente com Vítima;34;BR-040/GO;Sul;Capotamento;1;0;0;0;0;0;0;0;0;0;6;0;1;0;0
21/01/2015;15:19:00;144;Acidente com Vítima;224,5;BR-040/MG;Sul;Queda de Carga;0;0;1;0;0;0;0;0;0;0;0;1;0;0;0
21/01/2015;11:28:00;89;Acidente com Vítima;293,5;BR-040/MG;Norte;Queda de Carga;1;0;0;0;0;0;0;0;0;0;0;1;0;0;0
21/01/2015;20:48:00;211;Acidente com Vítima;465,002;BR-040/MG;Norte;Outros;0;0;0;1;0;0;0;0;0;0;0;1;0;0;0
21/01/2015;14:54:00;137;Acidente sem Vítima;503;BR-040/MG;Sul;Colisão traseira;1;0;1;0;0;0;0;0;0;0;2;0;0;0;0
21/01/2015;03:11:00;15;Acidente sem Vítima;511;BR-040/MG;Norte;Queda de Carga;0;0;1;0;0;0;0;0;0;0;1;0;0;0;0
21/01/2015;19:00:00;185;Acidente com Vítima;518;BR-040/MG;Norte;Outros;0;0;0;1;0;0;0;0;0;0;0;1;0;0;0
21/01/2015;07:44:00;35;Acidente sem Vítima;526;BR-040/MG;Sul;Abalroamento - Longitudinal;0;0;2;0;0;0;0;0;0;0;4;0;0;0;0
21/01/2015;15:47:00;150;Acidente com Vítima;580;BR-040/MG;Sul;Colisão traseira;2;0;0;0;0;0;0;0;0;0;5;1;0;0;0
21/01/2015;11:53:00;97;Acidente com Vítima;676;BR-040/MG;Sul;Outros;1;0;0;0;0;0;0;0;0;0;1;0;1;0;0
22/01/2015;07:44:00;35;Acidente com Vítima;3,4;BR-040/DF;Norte;Outros;0;0;0;1;0;0;0;0;0;0;0;1;0;0;0
22/01/2015;03:07:00;11;Acidente sem Vítima;6;BR-040/DF;Sul;Outros;1;0;0;0;0;0;0;0;0;0;1;0;0;0;0
22/01/2015;19:50:00;191;Acidente com Vítima;8,5;BR-040/GO;Norte;Abalroamento - Longitudinal;1;0;1;0;0;0;0;0;0;0;12;0;0;0;0
22/01/2015;09:26:00;56;Acidente sem Vítima;23;BR-040/MG;Sul;Capotamento;1;0;0;0;0;0;0;0;0;0;3;0;0;0;0
22/01/2015;05:29:00;18;Acidente sem Vítima;48;BR-040/MG;Norte;Queda de Carga;0;0;1;0;0;0;0;0;0;0;1;0;0;0;0
22/01/2015;01:58:00;10;Acidente com Vítima;55;BR-040/MG;Norte;Colisão frontal;2;0;0;0;0;0;0;0;0;0;0;4;1;0;0
22/01/2015;11:17:00;81;Acidente sem Vítima;265;BR-040/MG;Norte;Abalroamento - Longitudinal;0;0;2;0;0;0;0;0;0;0;2;0;0;0;0
22/01/2015;12:07:00;90;Acidente com Vítima;443;BR-040/MG;Norte;Colisão traseira;1;0;1;0;0;0;0;0;0;0;2;1;0;0;0
22/01/2015;00:15:00;2;Acidente sem Vítima;445;BR-040/MG;Sul;Outros;0;0;1;0;0;0;0;0;0;0;1;0;0;0;0
22/01/2015;12:03:00;87;Acidente com Vítima;482;BR-040/MG;Sul;Abalroamento - Longitudinal;2;0;0;0;0;0;0;0;0;0;2;1;0;0;0
22/01/2015;06:31:00;23;Acidente sem Vítima;514;BR-040/MG;Sul;Colisão traseira;1;0;0;1;0;0;0;0;0;0;4;0;0;0;0
22/01/2015;07:41:00;34;Acidente com Vítima;527;BR-040/MG;Norte;Colisão traseira;1;0;0;1;0;0;0;0;0;0;2;0;0;0;0
22/01/2015;17:46:00;160;Acidente com Morte;613;BR-040/MG;Norte;Abalroamento - Longitudinal;2;0;0;0;0;0;0;0;0;0;1;2;0;1;1
23/01/2015;19:50:00;243;Acidente sem Vítima;0,007;BR-040/GO;Norte;Colisão traseira;2;0;0;0;0;0;0;0;0;0;2;0;0;0;0
23/01/2015;05:47:00;27;Acidente sem Vítima;1;BR-040/GO;Norte;Abalroamento - Longitudinal;2;0;0;0;0;0;0;0;0;0;2;0;0;0;0
23/01/2015;15:53:00;184;Acidente sem Vítima;3;BR-040/GO;Norte;Colisão traseira;1;0;0;1;0;0;0;0;0;0;4;0;0;0;0
23/01/2015;00:04:00;2;Acidente sem Vítima;4;BR-040/DF;Sul;Colisão traseira;2;0;0;0;0;0;0;0;0;0;2;0;0;0;0
23/01/2015;19:27:00;235;Acidente sem Vítima;7;BR-040/GO;Sul;Choque com objeto fixo;1;0;0;0;0;0;0;0;0;0;1;0;0;0;0
23/01/2015;20:36:00;254;Acidente sem Vítima;9,009;BR-040/GO;Sul;Abalroamento - Longitudinal;2;0;0;0;0;0;0;0;0;0;2;0;0;0;0
23/01/2015;21:12:00;262;Acidente sem Vítima;10;BR-040/GO;Sul;Abalroamento - Longitudinal;2;0;0;0;0;0;0;0;0;0;2;0;0;0;0
23/01/2015;18:48:00;229;Acidente sem Vítima;18,007;BR-040/GO;Norte;Colisão traseira;1;0;0;1;0;0;0;0;0;0;2;0;0;0;0
23/01/2015;10:58:00;100;Acidente sem Vítima;404;BR-040/MG;Norte;Outros;1;0;0;0;0;0;0;0;0;0;4;0;0;0;0
23/01/2015;12:23:00;136;Acidente sem Vítima;470;BR-040/MG;Norte;Outros;1;0;0;0;0;0;0;0;0;0;4;0;0;0;0
23/01/2015;15:39:00;178;Acidente sem Vítima;497;BR-040/MG;Norte;Queda de Carga;1;0;0;0;0;0;0;0;0;0;1;0;0;0;0
23/01/2015;15:29:00;175;Acidente sem Vítima;497;BR-040/MG;Sul;Capotamento;1;0;0;0;0;0;0;0;0;0;1;0;0;0;0
23/01/2015;19:42:00;238;Acidente sem Vítima;511,5;BR-040/MG;Norte;Colisão traseira;4;0;0;0;0;0;0;0;0;0;4;0;0;0;0
23/01/2015;18:01:00;215;Acidente com Vítima;526;BR-040/MG;Norte;Colisão traseira;4;0;0;0;0;0;0;0;0;0;6;0;0;0;0
23/01/2015;06:00:00;28;Acidente com Vítima;527;BR-040/MG;Sul;Outros;1;0;0;0;0;0;0;0;0;0;0;1;0;0;0
23/01/2015;04:04:00;24;Acidente sem Vítima;534;BR-040/MG;Norte;Colisão traseira;2;0;0;0;0;0;0;0;0;0;6;0;0;0;0
23/01/2015;09:15:00;72;Acidente sem Vítima;546;BR-040/MG;Norte;Capotamento;1;0;0;0;0;0;0;0;0;0;1;0;0;0;0
23/01/2015;06:32:00;32;Acidente sem Vítima;558;BR-040/MG;Sul;Abalroamento - Longitudinal;1;0;1;0;0;0;0;0;0;0;2;0;0;0;0
23/01/2015;00:43:00;7;Acidente sem Vítima;584;BR-040/MG;Norte;Choque em defensa;1;0;0;0;0;0;0;0;0;0;1;0;0;0;0
23/01/2015;15:33:00;176;Acidente com Vítima;605;BR-040/MG;Norte;Outros;0;0;0;1;0;0;0;0;0;0;0;1;0;0;0
23/01/2015;14:53:00;165;Acidente com Morte;656;BR-040/MG;Norte;Colisão frontal;2;0;2;0;0;0;0;0;0;0;2;0;1;0;2
23/01/2015;02:43:00;21;Acidente sem Vítima;93,1;BR-040/GO;Sul;Colisão traseira;2;0;0;0;0;0;0;0;0;0;4;0;0;0;0
23/01/2015;20:00:00;245;Acidente sem Vítima;687;BR-040/MG;Norte;Colisão traseira;1;0;1;0;0;0;0;0;0;0;2;0;0;0;0
23/01/2015;18:02:00;216;Acidente com Vítima;688;BR-040/MG;Norte;Abalroamento - Longitudinal;1;0;1;0;0;0;0;0;0;0;0;1;1;0;0
23/01/2015;16:16:00;192;Acidente com Vítima;728,3;BR-040/MG;Sul;Capotamento;1;0;0;0;0;0;0;0;0;0;0;1;0;0;0
23/01/2015;15:54:00;185;Acidente sem Vítima;739;BR-040/MG;Sul;Outros;0;0;1;0;0;0;0;0;0;0;1;0;0;0;0
23/01/2015;11:30:00;119;Acidente sem Vítima;739;BR-040/MG;Norte;Choque com objeto fixo;1;0;0;0;0;0;0;0;0;0;2;0;0;0;0
23/01/2015;01:27:00;13;Acidente com Vítima;764;BR-040/MG;Sul;Queda de Carga;0;0;1;0;0;0;0;0;0;0;0;1;0;0;0
23/01/2015;12:57:00;145;Acidente com Vítima;766;BR-040/MG;Norte;Abalroamento - Longitudinal;2;0;0;0;0;0;0;0;0;0;2;0;0;0;0
24/01/2015;19:43:00;258;Acidente sem Vítima;1;BR-040/GO;Sul;Colisão traseira;3;0;0;0;0;0;0;0;0;0;3;0;0;0;0
24/01/2015;13:00:00;144;Acidente sem Vítima;1;BR-040/GO;Norte;Colisão traseira;2;0;0;0;0;0;0;0;0;0;2;0;0;0;0
24/01/2015;07:50:00;47;Acidente sem Vítima;1,5;BR-040/GO;Sul;Colisão traseira;2;0;0;0;0;0;0;0;0;0;2;0;0;0;0
24/01/2015;17:03:00;215;Acidente com Vítima;2;BR-040/DF;Sul;Outros;1;0;0;0;0;0;0;0;0;0;0;0;0;0;0
24/01/2015;15:11:00;170;Acidente com Vítima;3;BR-040/DF;Sul;Choque com objeto fixo;1;0;0;0;0;0;0;0;0;0;0;1;0;0;0
24/01/2015;11:55:00;119;Acidente sem Vítima;5;BR-040/DF;Norte;Colisão traseira;2;0;0;0;0;0;0;0;0;0;2;0;0;0;0
24/01/2015;23:17:00;281;Atropelamento sem Morte;6;BR-040/GO;Sul;Atropelamento - Pedestre atravessando;0;0;0;0;0;0;0;0;0;0;0;0;0;0;0
24/01/2015;04:34:00;18;Acidente sem Vítima;6,007;BR-040/GO;Sul;Capotamento;1;0;0;0;0;0;0;0;0;0;1;0;0;0;0
24/01/2015;13:56:00;150;Acidente com Vítima;149;BR-040/MG;Sul;Colisão frontal;2;0;0;0;0;0;0;0;0;0;2;0;0;0;0
24/01/2015;16:05:00;204;Acidente sem Vítima;303;BR-040/MG;Norte;Colisão traseira;2;0;0;0;0;0;0;0;0;0;10;0;0;0;0
24/01/2015;17:23:00;217;Acidente com Vítima;381;BR-040/MG;Sul;Choque com objeto fixo;0;0;0;0;1;0;0;0;0;0;0;1;0;0;0
24/01/2015;14:30:00;159;Acidente sem Vítima;446;BR-040/MG;Norte;Capotamento;1;0;0;0;0;0;0;0;0;0;2;0;0;0;0
24/01/2015;17:36:00;220;Acidente com Vítima;450;BR-040/MG;Norte;Capotamento;1;0;0;0;0;0;0;0;0;0;0;4;0;0;0
24/01/2015;19:42:00;257;Acidente com Vítima;470;BR-040/MG;Sul;Choque com objeto fixo;1;0;0;0;0;0;0;0;0;0;0;2;0;0;0
24/01/2015;07:49:00;45;Acidente com Morte;482;BR-040/MG;Sul;Colisão frontal;3;0;1;0;0;0;0;0;0;1;18;0;0;0;1
24/01/2015;06:23:00;29;Acidente sem Vítima;482;BR-040/MG;Norte;Outros;0;0;0;0;0;0;0;0;0;0;0;0;0;0;0
24/01/2015;14:58:00;169;Acidente sem Vítima;497;BR-040/MG;Norte;Outros;1;0;0;0;0;0;0;0;0;0;2;0;0;0;0
24/01/2015;18:35:00;236;Acidente sem Vítima;517;BR-040/MG;Norte;Capotamento;1;0;0;0;0;0;0;0;0;0;1;0;0;0;0
24/01/2015;19:18:00;249;Acidente sem Vítima;519;BR-040/MG;Norte;Capotamento;1;0;0;0;0;0;0;0;0;0;1;0;0;0;0
24/01/2015;14:51:00;167;Acidente sem Vítima;522;BR-040/MG;Sul;Outros;1;0;0;0;0;0;0;0;0;0;1;0;0;0;0
24/01/2015;18:15:00;234;Acidente com Vítima;527;BR-040/MG;Norte;Capotamento;1;0;0;0;0;0;0;0;0;0;0;0;0;0;0
24/01/2015;19:07:00;246;Acidente sem Vítima;532;BR-040/MG;Norte;Choque com objeto fixo;0;0;1;0;0;0;0;0;0;0;1;0;0;0;0
24/01/2015;17:43:00;221;Acidente com Vítima;532;BR-040/MG;Sul;Colisão traseira;1;0;1;0;0;0;0;0;0;0;1;2;0;0;0
24/01/2015;17:57:00;223;Acidente sem Vítima;545;BR-040/MG;Sul;Abalroamento - Longitudinal;2;0;0;0;0;0;0;0;0;0;2;0;0;0;0
24/01/2015;16:09:00;190;Acidente com Vítima;560;BR-040/MG;Sul;Capotamento;2;0;1;0;0;0;0;0;0;0;3;1;0;0;0
24/01/2015;19:27:00;250;Acidente sem Vítima;563;BR-040/MG;Sul;Choque com objeto fixo;1;0;0;0;0;0;0;0;0;0;2;0;0;0;0
24/01/2015;18:08:00;227;Acidente sem Vítima;580;BR-040/MG;Norte;Outros;1;0;0;0;0;0;0;0;0;0;1;0;0;0;0
24/01/2015;18:07:00;225;Acidente sem Vítima;591;BR-040/MG;Norte;Outros;1;0;0;0;0;0;0;0;0;0;1;0;0;0;0
24/01/2015;19:56:00;260;Acidente com Vítima;592,002;BR-040/MG;Sul;Abalroamento - Longitudinal;1;0;1;0;0;0;0;0;0;0;0;4;0;0;0
24/01/2015;14:10:00;154;Acidente sem Vítima;594;BR-040/MG;Sul;Outros;1;0;0;0;0;0;0;0;0;0;1;0;0;0;0
24/01/2015;16:56:00;211;Acidente com Vítima;665;BR-040/MG;Sul;Colisão frontal;2;0;1;0;0;0;0;0;0;0;3;0;0;0;0
24/01/2015;15:16:00;173;Acidente sem Vítima;705;BR-040/MG;Norte;Outros;1;0;0;0;0;0;0;0;0;0;1;0;0;0;0
24/01/2015;18:38:00;237;Acidente sem Vítima;716;BR-040/MG;Norte;Abalroamento - Transversal;2;0;0;0;0;0;0;0;0;0;2;0;0;0;0
24/01/2015;15:40:00;180;Acidente sem Vítima;728;BR-040/MG;Sul;Queda de Carga;0;0;0;0;0;0;0;0;0;0;0;0;0;0;0
24/01/2015;15:17:00;174;Acidente sem Vítima;757;BR-040/MG;Sul;Capotamento;1;0;0;0;0;0;0;0;0;0;1;0;0;0;0
24/01/2015;22:50:00;278;Acidente com Vítima;761;BR-040/MG;Norte;Outros;1;0;0;0;0;0;0;0;0;0;1;0;0;0;0
24/01/2015;16:28:00;201;Acidente sem Vítima;147;BR-040/GO;Sul;Outros;1;0;0;0;0;0;0;0;0;0;1;0;0;0;0
25/01/2015;22:09:00;212;Acidente com Vítima;4;BR-040/DF;Norte;Outros;1;0;0;0;0;0;0;0;0;0;0;0;0;1;0
25/01/2015;18:59:00;173;Acidente sem Vítima;4;BR-040/GO;Norte;Colisão traseira;1;0;0;0;0;1;0;0;0;0;2;0;0;0;0
25/01/2015;13:53:00;98;Acidente sem Vítima;5;BR-040/GO;Sul;Abalroamento - Longitudinal;2;0;0;0;0;0;0;0;0;0;4;0;0;0;0
25/01/2015;13:00:00;86;Acidente com Vítima;9;BR-040/GO;Sul;Abalroamento - Longitudinal;1;0;0;1;0;0;0;0;0;0;0;1;1;0;0
25/01/2015;13:52:00;116;Acidente com Vítima;129;BR-040/MG;Norte;Choque com objeto fixo;0;0;0;1;0;0;0;0;0;0;0;1;0;0;0
25/01/2015;03:49:00;14;Acidente com Vítima;253;BR-040/MG;Norte;Choque com objeto fixo;1;0;0;0;0;0;0;0;0;0;3;1;0;0;0
25/01/2015;17:57:00;159;Acidente com Vítima;438;BR-040/MG;Sul;Colisão traseira;3;0;0;0;0;0;0;0;0;0;4;2;0;0;0