data;horario;n_da_ocorrencia;tipo_de_ocorrencia;km;trecho;sentido;tipo_de_acidente;automovel;bicicleta;caminhao;moto;onibus;outros;tracao_animal;transporte_de_cargas_especiais;trator_maquinas;utilitarios;ilesos;levemente_feridos;moderadamente_feridos;gravemente_feridos;mortos
25/01/2015;17:14:00;148;Acidente com Vítima;462;BR-040/MG;Norte;Colisão traseira;3;0;0;1;0;0;0;0;0;0;3;0;2;0;0
25/01/2015;21:15:00;198;Acidente sem Vítima;502;BR-040/MG;Sul;Outros;1;0;0;0;0;0;0;0;0;0;1;0;0;0;0
25/01/2015;18:02:00;160;Acidente sem Vítima;504;BR-040/MG;Sul;Colisão traseira;1;0;1;0;0;0;0;0;0;0;4;0;0;0;0
25/01/2015;14:57:00;110;Acidente sem Vítima;504;BR-040/MG;Norte;Outros;1;0;0;0;0;0;0;0;0;0;2;0;0;0;0
25/01/2015;19:27:00;181;Acidente sem Vítima;510;BR-040/MG;Sul;Outros;1;0;0;0;0;0;0;0;0;0;1;0;0;0;0
25/01/2015;18:51:00;169;Acidente sem Vítima;510;BR-040/MG;Sul;Colisão traseira;1;0;0;0;0;1;0;0;0;0;3;0;0;0;0
25/01/2015;21:25:00;201;Acidente sem Vítima;515;BR-040/MG;Sul;Outros;1;0;0;0;0;0;0;0;0;0;1;0;0;0;0
25/01/2015;15:08:00;114;Acidente sem Vítima;518;BR-040/MG;Norte;Outros;0;0;1;0;0;0;0;0;0;0;1;0;0;0;0
25/01/2015;05:23:00;21;Atropelamento sem Morte;524;BR-040/MG;Sul;Atropelamento - Abrigo de ônibus;0;0;0;0;1;0;0;0;0;0;0;0;0;1;0
25/01/2015;17:09:00;146;Acidente sem Vítima;540;BR-040/MG;Sul;Capotamento;1;0;0;0;0;0;0;0;0;0;3;0;0;0;0
25/01/2015;03:17:00;13;Acidente sem Vítima;540;BR-040/MG;Sul;Abalroamento - Longitudinal;2;0;0;0;0;0;0;0;0;0;2;0;0;0;0
25/01/2015;16:52:00;138;Acidente sem Vítima;543;BR-040/MG;Sul;Choque em barreira New Jersey;1;0;0;0;0;0;0;0;0;0;2;0;0;0;0
25/01/2015;22:50:00;217;Acidente com Morte;563;BR-040/MG;Norte;Choque com objeto fixo;1;0;0;0;0;0;0;0;0;0;0;0;0;0;2
25/01/2015;15:50:00;125;Acidente com Vítima;618,5;BR-040/MG;Norte;Queda de Carga;0;0;0;0;1;0;0;0;0;0;0;1;2;2;0
25/01/2015;20:32:00;192;Acidente com Vítima;652;BR-040/MG;Norte;Abalroamento - Longitudinal;1;0;0;1;0;0;0;0;0;0;1;0;0;0;0
25/01/2015;07:04:00;34;Acidente sem Vítima;47;BR-040/GO;Sul;Capotamento;1;0;0;0;0;0;0;0;0;0;1;0;0;0;0
25/01/2015;07:42:00;41;Acidente sem Vítima;51;BR-040/GO;Sul;Outros;1;0;0;0;0;0;0;0;0;0;1;0;0;0;0
25/01/2015;20:22:00;189;Acidente sem Vítima;665;BR-040/MG;Norte;Outros;1;0;1;0;0;0;0;0;0;0;3;0;0;0;0
25/01/2015;02:23:00;12;Atropelamento com Morte;701;BR-040/MG;Sul;Atropelamento - Pedestre atravessando;1;0;0;0;0;0;0;0;0;0;0;0;0;0;1
25/01/2015;15:23:00;118;Acidente sem Vítima;714,5;BR-040/MG;Sul;Outros;1;0;0;0;0;0;0;0;0;0;4;0;0;0;0
25/01/2015;18:45:00;168;Acidente sem Vítima;728;BR-040/MG;Sul;Choque com objeto fixo;1;0;0;0;0;0;0;0;0;0;2;0;0;0;0
25/01/2015;16:54:00;139;Acidente sem Vítima;737;BR-040/MG;Norte;Outros;1;0;0;0;0;0;0;0;0;0;1;0;0;0;0
25/01/2015;17:40:00;175;Acidente sem Vítima;749;BR-040/MG;Sul;Outros;1;0;0;0;0;0;0;0;0;0;1;0;0;0;0
26/01/2015;08:19:00;42;Acidente sem Vítima;3;BR-040/DF;Sul;Colisão traseira;2;0;0;0;0;0;0;0;0;0;2;0;0;0;0
26/01/2015;03:17:00;13;Acidente com Vítima;6;BR-040/DF;Norte;Outros;1;0;0;0;0;0;0;0;0;0;0;1;1;0;0
26/01/2015;14:35:00;122;Acidente sem Vítima;33;BR-040/GO;Norte;Colisão traseira;3;0;0;0;0;0;0;0;0;0;3;0;0;0;0
26/01/2015;17:32:00;168;Acidente com Vítima;365;BR-040/MG;Norte;Choque com objeto fixo;1;0;0;0;0;0;0;0;0;0;0;3;0;0;0
26/01/2015;18:59:00;186;Acidente sem Vítima;441;BR-040/MG;Sul;Choque em barreira New Jersey;0;0;2;0;0;0;0;0;0;0;2;0;0;0;0
26/01/2015;15:13:00;132;Acidente sem Vítima;450;BR-040/MG;Sul;Queda de Carga;0;0;1;0;0;0;0;0;0;0;1;0;0;0;0
26/01/2015;06:22:00;22;Acidente sem Vítima;509;BR-040/MG;Sul;Colisão traseira;3;0;0;0;0;0;0;0;0;0;3;0;0;0;0
26/01/2015;06:04:00;20;Acidente sem Vítima;509;BR-040/MG;Sul;Colisão traseira;2;0;0;0;0;0;0;0;0;0;2;0;0;0;0
26/01/2015;07:09:00;31;Acidente sem Vítima;511;BR-040/MG;Sul;Colisão traseira;1;0;1;0;0;0;0;0;0;0;2;0;0;0;0
26/01/2015;13:56:00;113;Acidente com Vítima;526;BR-040/MG;Sul;Outros;0;0;0;1;0;0;0;0;0;0;0;1;0;0;0
26/01/2015;14:30:00;121;Acidente com Vítima;552;BR-040/MG;Sul;Outros;2;0;0;0;0;0;0;1;0;0;2;0;0;1;0
26/01/2015;17:47:00;171;Acidente com Vítima;660;BR-040/MG;Sul;Abalroamento - Longitudinal;1;0;1;0;0;0;0;0;0;0;1;1;0;0;0
26/01/2015;07:07:00;30;Acidente com Vítima;7;BR-040/DF;Sul;Outros;0;0;0;1;0;0;0;0;0;0;0;0;1;0;0
26/01/2015;20:10:00;212;Acidente sem Vítima;674;BR-040/MG;Norte;Outros;1;0;0;0;0;0;0;0;0;0;1;0;0;0;0
26/01/2015;16:49:00;157;Acidente sem Vítima;732;BR-040/MG;Sul;Outros;1;0;0;0;0;0;0;0;0;0;2;0;0;0;0
26/01/2015;09:43:00;62;Acidente sem Vítima;738;BR-040/MG;Norte;Queda de Carga;0;0;1;0;0;0;0;0;0;0;1;0;0;0;0
26/01/2015;08:46:00;51;Acidente com Morte;739,5;BR-040/MG;Sul;Queda de Carga;1;0;1;0;0;0;0;0;0;0;0;0;1;2;2
26/01/2015;15:13:00;133;Acidente sem Vítima;154;BR-040/GO;Sul;Capotamento;1;0;0;0;0;0;0;0;0;0;1;0;0;0;0
27/01/2015;09:32:00;68;Acidente sem Vítima;6;BR-040/MG;Norte;Colisão traseira;2;0;0;0;0;0;0;0;0;0;6;0;0;0;0
27/01/2015;13:59:00;141;Acidente sem Vítima;5;BR-040/GO;Sul;Outros;0;0;0;0;0;0;0;0;0;0;0;0;0;0;0
27/01/2015;18:29:00;206;Acidente sem Vítima;5,5;BR-040/GO;Sul;Abalroamento - Longitudinal;2;0;0;0;0;0;0;0;0;0;2;0;0;0;0
27/01/2015;15:47:00;168;Acidente sem Vítima;6;BR-040/GO;Sul;Colisão traseira;1;0;1;0;0;0;0;0;0;0;5;0;0;0;0
27/01/2015;10:06:00;82;Atropelamento sem Morte;12;BR-040/GO;Sul;Atropelamento - Pedestre atravessando;1;0;0;0;0;0;0;0;0;0;1;0;0;0;0
27/01/2015;01:22:00;4;Acidente sem Vítima;35;BR-040/MG;Norte;Atropelamento - Animal;0;0;0;0;1;0;0;0;0;0;20;0;0;0;0
27/01/2015;07:56:00;37;Acidente com Morte;253;BR-040/MG;Norte;Capotamento;1;0;0;0;0;0;0;0;0;0;0;0;0;2;1
27/01/2015;15:56:00;172;Acidente sem Vítima;440;BR-040/MG;Sul;Colisão traseira;2;0;1;0;0;0;0;0;0;0;3;0;0;0;0
27/01/2015;18:52:00;212;Acidente com Vítima;455;BR-040/MG;Norte;Colisão traseira;1;0;1;0;0;0;0;0;0;0;2;1;0;0;0
27/01/2015;18:19:00;205;Acidente com Vítima;497;BR-040/MG;Norte;Colisão traseira;1;0;1;0;0;0;0;0;0;0;2;0;0;0;0
27/01/2015;22:09:00;250;Acidente sem Vítima;510;BR-040/MG;Norte;Outros;1;0;0;0;0;0;0;0;0;0;3;0;0;0;0
27/01/2015;00:50:00;3;Acidente sem Vítima;517;BR-040/MG;Norte;Outros;1;0;0;0;0;0;0;0;0;0;3;0;0;0;0
27/01/2015;16:23:00;182;Acidente com Vítima;526;BR-040/MG;Sul;Choque com objeto fixo;1;0;0;0;0;0;0;0;0;0;1;0;0;0;0
27/01/2015;11:04:00;102;Acidente sem Vítima;535;BR-040/MG;Norte;Colisão traseira;2;0;0;0;0;0;0;0;0;0;2;0;0;0;0
27/01/2015;02:55:00;14;Acidente sem Vítima;555;BR-040/MG;Norte;Abalroamento - Longitudinal;1;0;0;0;0;1;0;0;0;0;3;0;0;0;0
27/01/2015;11:59:00;114;Acidente com Vítima;575;BR-040/MG;Norte;Abalroamento - Longitudinal;1;0;1;0;0;0;0;0;0;0;1;0;1;1;0
27/01/2015;08:43:00;49;Acidente sem Vítima;631;BR-040/MG;Sul;Colisão frontal;2;0;0;0;0;0;0;0;0;0;3;0;0;0;0
27/01/2015;22:25:00;252;Acidente sem Vítima;68;BR-040/GO;Norte;Choque com objeto fixo;1;0;0;0;0;0;0;0;0;0;3;0;0;0;0
27/01/2015;22:00:00;248;Atropelamento sem Morte;693;BR-040/MG;Norte;Atropelamento - Pedestre atravessando;0;0;0;0;1;0;0;0;0;0;0;1;0;0;0
27/01/2015;01:59:00;9;Acidente sem Vítima;706;BR-040/MG;Sul;Colisão traseira;1;0;1;0;0;0;0;0;0;0;3;0;0;0;0
27/01/2015;18:37:00;208;Acidente com Vítima;712;BR-040/MG;Sul;Colisão traseira;1;0;1;0;0;0;0;0;0;0;2;0;0;1;0
28/01/2015;10:16:00;72;Acidente sem Vítima;1,8;BR-040/DF;Norte;Colisão traseira;2;0;0;0;0;0;0;0;0;0;2;0;0;0;0
28/01/2015;09:29:00;59;Acidente sem Vítima;2;BR-040/GO;Norte;Abalroamento - Longitudinal;2;0;1;0;0;0;0;0;0;0;3;0;0;0;0
28/01/2015;08:06:00;38;Acidente sem Vítima;5;BR-040/DF;Norte;Outros;0;0;0;1;0;0;0;0;0;0;2;0;0;0;0
28/01/2015;08:30:00;42;Acidente sem Vítima;5;BR-040/GO;Norte;Outros;1;0;0;0;0;0;0;0;0;0;2;0;0;0;0
28/01/2015;19:40:00;232;Acidente com Vítima;12;BR-040/GO;Norte;Outros;0;0;0;1;0;0;0;0;0;0;0;1;0;0;0
28/01/2015;21:48:00;260;Acidente com Vítima;453;BR-040/MG;Sul;Choque com objeto fixo;0;0;0;0;0;0;0;0;0;1;1;0;0;0;0
28/01/2015;13:51:00;132;Acidente sem Vítima;457;BR-040/MG;Norte;Outros;1;0;0;0;0;0;0;0;0;0;1;0;0;0;0
28/01/2015;16:21:00;173;Acidente sem Vítima;474;BR-040/MG;Sul;Choque com objeto fixo;1;0;0;0;0;0;0;0;0;0;1;0;0;0;0
28/01/2015;06:09:00;18;Acidente com Vítima;524;BR-040/MG;Norte;Colisão traseira;3;0;1;0;0;0;0;0;0;0;4;1;0;0;0
28/01/2015;08:50:00;47;Acidente sem Vítima;524,5;BR-040/MG;Sul;Abalroamento - Longitudinal;0;0;2;0;0;0;0;0;0;0;2;0;0;0;0
28/01/2015;09:19:00;55;Acidente sem Vítima;541;BR-040/MG;Sul;Colisão traseira;4;0;0;0;0;0;0;0;0;0;4;0;0;0;0
28/01/2015;13:49:00;131;Acidente sem Vítima;562;BR-040/MG;Sul;Colisão traseira;1;0;1;0;0;0;0;0;0;0;2;0;0;0;0
28/01/2015;12:59:00;120;Acidente com Vítima;597;BR-040/MG;Norte;Colisão traseira;0;0;2;0;0;0;0;0;0;0;2;0;1;0;0
28/01/2015;17:12:00;192;Acidente sem Vítima;620;BR-040/MG;Norte;Colisão traseira;2;0;0;0;0;0;0;0;0;0;3;0;0;0;0
28/01/2015;15:01:00;152;Acidente sem Vítima;692,5;BR-040/MG;Norte;Colisão traseira;1;0;1;0;0;0;0;0;0;0;2;0;0;0;0
29/01/2015;21:22:00;222;Acidente sem Vítima;4;BR-040/DF;Norte;Abalroamento - Longitudinal;1;0;0;0;0;0;0;0;0;1;2;0;0;0;0
29/01/2015;16:54:00;160;Acidente com Vítima;404;BR-040/MG;Sul;Abalroamento - Longitudinal;2;0;0;0;0;0;0;0;0;0;2;3;0;0;0
29/01/2015;22:07:00;227;Acidente com Vítima;494;BR-040/MG;Norte;Capotamento;1;0;0;0;0;0;0;0;0;0;0;0;0;1;0
29/01/2015;11:31:00;101;Acidente sem Vítima;532;BR-040/MG;Norte;Colisão traseira;2;0;0;0;0;0;0;0;0;0;2;0;0;0;0
29/01/2015;07:54:00;53;Acidente com Vítima;602;BR-040/MG;Norte;Colisão frontal;1;0;1;0;0;0;0;0;0;0;2;0;1;0;0
29/01/2015;11:27:00;100;Acidente sem Vítima;72;BR-040/GO;Norte;Colisão traseira;1;0;1;0;0;0;0;0;0;0;2;0;0;0;0
29/01/2015;07:45:00;51;Acidente sem Vítima;678;BR-040/MG;Sul;Queda de Carga;0;0;1;0;0;0;0;0;0;0;1;0;0;0;0
30/01/2015;18:44:00;188;Acidente sem Vítima;0;BR-040/DF;Norte;Outros;1;0;0;0;0;0;0;0;0;0;2;0;0;0;0
30/01/2015;11:36:00;96;Acidente com Vítima;2;BR-040/GO;Norte;Outros;0;0;0;1;0;0;0;0;0;0;0;1;0;0;0
30/01/2015;08:06:00;47;Acidente com Vítima;43;BR-040/MG;Norte;Colisão traseira;0;0;0;2;0;0;0;0;0;0;1;0;1;0;0
30/01/2015;00:20:00;1;Acidente sem Vítima;22;BR-040/GO;Sul;Outros;1;0;0;0;0;0;0;0;0;0;3;0;0;0;0
30/01/2015;05:12:00;16;Acidente sem Vítima;443;BR-040/MG;Norte;Outros;0;0;1;0;0;0;0;0;0;0;1;0;0;0;0
30/01/2015;07:29:00;33;Acidente com Vítima;483;BR-040/MG;Sul;Outros;0;0;0;1;0;0;0;0;0;1;1;0;1;0;0
30/01/2015;17:53:00;176;Acidente sem Vítima;522;BR-040/MG;Norte;Colisão traseira;3;0;0;0;0;0;0;0;0;0;11;0;0;0;0
30/01/2015;08:19:00;50;Acidente sem Vítima;532;BR-040/MG;Sul;Colisão traseira;0;0;2;0;0;0;0;0;0;0;3;0;0;0;0
30/01/2015;09:16:00;62;Acidente sem Vítima;538;BR-040/MG;Norte;Capotamento;1;0;0;0;0;0;0;0;0;0;1;0;0;0;0
30/01/2015;13:47:00;118;Acidente com Vítima;545;BR-040/MG;Sul;Choque com objeto fixo;0;0;1;0;0;0;0;0;0;0;0;1;1;0;0
30/01/2015;15:46:00;146;Acidente sem Vítima;568;BR-040/MG;Sul;Colisão traseira;2;0;0;0;0;0;0;0;0;0;2;0;0;0;0
30/01/2015;12:17:00;107;Acidente sem Vítima;585,9;BR-040/MG;Norte;Choque em veículo parado na pista;0;0;1;1;0;0;0;0;0;0;2;0;0;0;0
30/01/2015;20:02:00;210;Acidente sem Vítima;37;BR-040/GO;Sul;Colisão traseira;0;0;1;0;0;1;0;0;0;0;2;0;0;0;0
30/01/2015;15:26:00;138;Acidente sem Vítima;679;BR-040/MG;Norte;Colisão traseira;0;0;2;0;0;0;0;0;0;0;2;0;0;0;0
30/01/2015;12:04:00;105;Acidente sem Vítima;731;BR-040/MG;Sul;Outros;1;0;0;0;0;0;0;0;0;0;2;0;0;0;0
30/01/2015;21:47:00;230;Acidente sem Vítima;759;BR-040/MG;Sul;Atropelamento - Animal;1;0;0;0;0;0;0;0;0;0;1;0;0;0;0
30/01/2015;23:11:00;240;Acidente sem Vítima;771;BR-040/MG;Norte;Outros;1;0;0;0;0;0;0;0;0;0;3;0;0;0;0
31/01/2015;15:41:00;161;Acidente com Vítima;1;BR-040/DF;Norte;Choque com objeto fixo;0;0;0;1;0;0;0;0;0;0;0;0;1;0;0
31/01/2015;08:55:00;62;Acidente com Vítima;4;BR-040/DF;Norte;Abalroamento - Longitudinal;1;0;0;1;0;0;0;0;0;0;0;1;1;0;0
31/01/2015;14:04:00;143;Acidente sem Vítima;4;BR-040/GO;Norte;Colisão traseira;1;0;0;1;0;0;0;0;0;0;2;0;0;0;0
31/01/2015;07:28:00;36;Acidente com Vítima;7;BR-040/GO;Sul;Abalroamento - Longitudinal;1;0;0;1;0;0;0;0;0;0;1;0;1;0;0
31/01/2015;02:44:00;16;Acidente sem Vítima;8;BR-040/GO;Sul;Colisão traseira;2;0;0;0;0;0;0;0;0;0;3;0;0;0;0
31/01/2015;21:52:00;251;Acidente com Vítima;14;BR-040/GO;Sul;Outros;0;0;0;1;0;0;0;0;0;0;0;1;0;0;0
31/01/2015;01:33:00;8;Acidente sem Vítima;22,5;BR-040/GO;Norte;Colisão traseira;2;0;0;0;0;0;0;0;0;0;4;0;0;0;0
31/01/2015;07:56:00;45;Acidente com Vítima;105;BR-040/MG;Norte;Queda de Carga;0;0;1;0;0;0;0;0;0;0;0;0;1;0;0
31/01/2015;18:52:00;207;Acidente sem Vítima;35;BR-040/GO;Norte;Colisão traseira;1;0;0;0;0;0;0;0;0;1;2;0;0;0;0
31/01/2015;17:19:00;192;Acidente com Vítima;35;BR-040/GO;Norte;Colisão traseira;2;0;0;0;0;0;0;0;0;0;0;2;0;0;0
31/01/2015;11:55:00;118;Acidente com Vítima;177;BR-040/MG;Sul;Choque com objeto fixo;1;0;0;0;0;0;0;0;0;0;3;1;0;0;0
31/01/2015;10:40:00;93;Acidente sem Vítima;462;BR-040/MG;Norte;Outros;0;0;1;0;0;0;0;0;0;0;1;0;0;0;0
31/01/2015;09:54:00;79;Acidente sem Vítima;497;BR-040/MG;Sul;Colisão traseira;1;0;1;0;0;0;0;0;0;0;5;0;0;0;0
31/01/2015;10:19:00;83;Acidente sem Vítima;503;BR-040/MG;Sul;Colisão traseira;2;0;0;0;0;0;0;0;0;0;10;0;0;0;0
31/01/2015;06:32:00;29;Acidente sem Vítima;525;BR-040/MG;Sul;Abalroamento - Longitudinal;1;0;1;0;0;0;0;0;0;0;2;0;0;0;0
31/01/2015;01:45:00;10;Acidente sem Vítima;527;BR-040/MG;Sul;Colisão traseira;2;0;0;0;0;0;0;0;0;0;2;0;0;0;0
31/01/2015;17:53:00;199;Acidente com Vítima;534;BR-040/MG;Norte;Colisão traseira;4;0;0;0;0;0;0;0;0;0;4;1;0;0;0
31/01/2015;17:03:00;184;Acidente sem Vítima;535;BR-040/MG;Sul;Choque em barreira New Jersey;0;0;1;0;0;0;0;0;0;0;1;0;0;0;0
31/01/2015;17:29:00;196;Acidente sem Vítima;585;BR-040/MG;Sul;Colisão traseira;2;0;0;0;0;0;0;0;0;0;2;0;0;0;0
31/01/2015;02:28:00;14;Acidente sem Vítima;592;BR-040/MG;Sul;Atropelamento - Animal;0;0;1;0;0;0;0;0;0;0;3;0;0;0;0
31/01/2015;17:14:00;190;Acidente sem Vítima;8;BR-040/DF;Sul;Abalroamento - Longitudinal;2;0;0;0;0;0;0;0;0;0;2;0;0;0;0
31/01/2015;09:53:00;80;Acidente com Vítima;676,5;BR-040/MG;Sul;Colisão frontal;0;0;2;0;0;0;0;0;0;0;1;1;0;0;0
31/01/2015;23:16:00;261;Acidente com Vítima;704;BR-040/MG;Norte;Capotamento;1;0;0;0;0;0;0;0;0;0;4;0;0;0;0
01/02/2015;11:01:00;78;Acidente sem Vítima;3,3;BR-040/GO;Norte;Abalroamento - Longitudinal;1;0;1;0;0;0;0;0;0;0;2;0;0;0;0
01/02/2015;21:11:00;224;Acidente sem Vítima;4,005;BR-040/DF;Norte;Capotamento;2;0;0;0;0;0;0;0;0;0;4;0;0;0;0
01/02/2015;18:32:00;187;Acidente com Vítima;10;BR-040/GO;Sul;Outros;0;0;0;1;0;0;0;0;0;0;0;1;0;0;0
01/02/2015;11:44:00;88;Acidente com Vítima;10,001;BR-040/GO;Norte;Outros;0;0;0;1;0;0;0;0;0;0;0;0;1;0;0
01/02/2015;22:09:00;231;Acidente sem Vítima;511;BR-040/MG;Sul;Colisão traseira;2;0;0;0;0;0;0;0;0;0;2;0;0;0;0
01/02/2015;11:57:00;90;Acidente com Vítima;511;BR-040/MG;Sul;Colisão traseira;1;0;0;0;1;0;0;0;0;0;5;2;0;0;0
01/02/2015;16:46:00;159;Acidente com Vítima;525;BR-040/MG;Sul;Colisão traseira;0;0;0;1;0;1;0;0;0;0;2;0;0;0;0
01/02/2015;15:53:00;146;Acidente com Vítima;525,5;BR-040/MG;Sul;Outros;0;0;0;1;0;0;0;0;0;0;1;1;1;0;0
01/02/2015;18:19:00;183;Atropelamento sem Morte;649,005;BR-040/MG;Sul;Atropelamento - Pedestre caminhando;1;0;0;0;0;0;0;0;0;0;0;0;1;0;0
01/02/2015;23:03:00;238;Acidente sem Vítima;660;BR-040/MG;Sul;Capotamento;1;0;0;0;0;0;0;0;0;0;1;0;0;0;0
02/02/2015;19:59:00;219;Acidente sem Vítima;3;BR-040/GO;Norte;Colisão traseira;1;0;0;0;1;0;0;0;0;0;4;0;0;0;0
02/02/2015;19:50:00;215;Acidente sem Vítima;8;BR-040/GO;Sul;Colisão traseira;2;0;0;0;0;0;0;0;0;0;4;0;0;0;0
02/02/2015;22:35:00;246;Acidente com Vítima;44;BR-040/MG;Norte;Capotamento;1;0;0;0;0;0;0;0;0;0;4;2;2;0;0
02/02/2015;19:01:00;204;Atropelamento sem Morte;143;BR-040/MG;Sul;Atropelamento - Pedestre atravessando;0;0;0;0;0;0;0;0;0;0;0;0;0;0;0
02/02/2015;03:48:00;14;Acidente sem Vítima;485;BR-040/MG;Sul;Atropelamento - Animal;2;0;0;0;0;0;0;0;0;0;3;0;0;0;0
02/02/2015;18:59:00;203;Acidente com Morte;487;BR-040/MG;Sul;Capotamento;1;0;0;0;0;0;0;0;0;0;0;0;0;1;1
02/02/2015;07:39:00;41;Acidente com Vítima;503;BR-040/MG;Sul;Outros;0;0;0;1;0;0;0;0;0;0;0;0;1;0;0
02/02/2015;18:05:00;187;Acidente sem Vítima;517;BR-040/MG;Norte;Colisão traseira;2;0;0;0;0;0;0;0;0;0;3;0;0;0;0
02/02/2015;12:11:00;116;Acidente com Vítima;519;BR-040/MG;Norte;Colisão traseira;0;0;1;1;0;0;0;0;0;0;1;0;0;1;0
02/02/2015;07:46:00;42;Acidente sem Vítima;532;BR-040/MG;Norte;Colisão traseira;1;0;2;0;0;0;0;0;0;0;3;0;0;0;0
02/02/2015;17:36:00;182;Acidente sem Vítima;566;BR-040/MG;Norte;Capotamento;1;0;0;0;0;0;0;0;0;0;1;0;0;0;0
02/02/2015;00:29:00;3;Acidente sem Vítima;619;BR-040/MG;Sul;Capotamento;1;0;0;0;0;0;0;0;0;0;2;0;0;0;0
02/02/2015;10:23:00;90;Acidente com Vítima;636,5;BR-040/MG;Norte;Outros;1;0;0;0;0;0;0;0;0;0;1;0;0;0;0
02/02/2015;08:42:00;61;Atropelamento sem Morte;676,6;BR-040/MG;Sul;Atropelamento - Pedestre atravessando;1;0;0;0;0;0;0;0;0;0;0;0;1;0;0
02/02/2015;21:56:00;240;Acidente sem Vítima;731;BR-040/MG;Sul;Outros;1;0;0;0;0;0;0;0;0;0;1;0;0;0;0
03/02/2015;20:17:00;192;Acidente sem Vítima;435,006;BR-040/MG;Norte;Outros;1;0;0;0;0;0;0;0;0;0;1;0;0;0;0
03/02/2015;15:09:00;119;Acidente sem Vítima;472;BR-040/MG;Norte;Capotamento;1;0;0;0;0;0;0;0;0;0;5;0;0;0;0
03/02/2015;08:16:00;47;Acidente sem Vítima;503;BR-040/MG;Sul;Colisão traseira;2;0;0;0;0;0;0;0;0;0;2;0;0;0;0
03/02/2015;17:29:00;150;Acidente sem Vítima;518;BR-040/MG;Sul;Outros;0;0;0;0;0;0;0;0;0;0;1;0;0;0;0
03/02/2015;07:29:00;32;Acidente com Vítima;538,5;BR-040/MG;Sul;Abalroamento - Transversal;1;0;1;1;0;0;0;0;0;0;0;3;0;0;0
03/02/2015;02:27:00;12;Acidente com Morte;588;BR-040/MG;Norte;Queda de Carga;0;0;0;0;0;1;0;0;0;0;0;0;0;0;1
03/02/2015;15:23:00;122;Acidente sem Vítima;609;BR-040/MG;Sul;Abalroamento - Longitudinal;2;0;0;0;0;0;0;0;0;0;2;0;0;0;0
03/02/2015;08:15:00;45;Acidente com Vítima;640,1;BR-040/MG;Norte;Colisão frontal;1;0;1;0;0;0;0;0;0;0;2;1;0;0;0
03/02/2015;16:21:00;133;Acidente sem Vítima;78;BR-040/GO;Norte;Outros;0;0;0;1;0;0;0;0;0;0;2;2;0;0;0
03/02/2015;17:27:00;147;Acidente sem Vítima;752;BR-040/MG;Sul;Outros;1;0;0;0;0;0;0;0;0;0;3;0;0;0;0
03/02/2015;15:34:00;124;Acidente sem Vítima;752;BR-040/MG;Norte;Outros;1;0;0;0;0;0;0;0;0;0;1;0;0;0;0
03/02/2015;21:51:00;203;Acidente com Vítima;766;BR-040/MG;Norte;Capotamento;2;0;0;0;0;0;0;0;0;0;2;1;0;0;0
04/02/2015;21:48:00;252;Acidente sem Vítima;1;BR-040/DF;Norte;Colisão traseira;1;0;1;0;0;0;0;0;0;0;2;0;0;0;0
04/02/2015;00:26:00;4;Acidente sem Vítima;10;BR-040/GO;Sul;Abalroamento - Longitudinal;1;0;0;0;1;0;0;0;0;0;4;0;0;0;0
04/02/2015;05:47:00;23;Acidente com Vítima;11;BR-040/GO;Sul;Abalroamento - Longitudinal;0;0;0;1;1;0;0;0;0;0;1;0;1;0;0
04/02/2015;19:38:00;228;Acidente com Vítima;462,001;BR-040/MG;Norte;Queda de Carga;0;0;1;0;0;0;0;0;0;0;0;2;0;0;0
04/02/2015;18:27:00;208;Acidente com Vítima;518;BR-040/MG;Norte;Abalroamento - Longitudinal;0;0;0;1;0;1;0;0;0;0;1;1;0;0;0
04/02/2015;07:51:00;43;Acidente com Vítima;523;BR-040/MG;Sul;Colisão traseira;2;0;1;1;0;0;0;0;0;0;5;1;0;0;0
04/02/2015;04:30:00;19;Acidente sem Vítima;523;BR-040/MG;Sul;Colisão traseira;1;0;0;0;0;1;0;0;0;0;2;0;0;0;0
04/02/2015;05:02:00;21;Acidente com Vítima;533,5;BR-040/MG;Norte;Capotamento;1;0;0;0;0;0;0;0;0;0;0;1;0;0;0
04/02/2015;08:40:00;59;Acidente sem Vítima;544;BR-040/MG;Norte;Outros;1;0;0;0;0;0;0;0;0;0;1;0;0;0;0
04/02/2015;15:21:00;163;Acidente sem Vítima;85;BR-040/GO;Norte;Outros;1;0;0;0;0;0;0;0;0;0;2;0;0;0;0
04/02/2015;17:54:00;197;Acidente com Vítima;760;BR-040/MG;Norte;Colisão frontal;2;0;0;0;0;0;0;0;0;0;2;0;0;0;0
05/02/2015;06:01:00;25;Acidente sem Vítima;1;BR-040/GO;Norte;Colisão traseira;1;0;0;0;2;0;0;0;0;0;3;0;0;0;0
05/02/2015;17:32:00;210;Acidente com Vítima;2;BR-040/GO;Norte;Abalroamento - Longitudinal;1;0;0;1;0;0;0;0;0;0;1;2;0;0;0
05/02/2015;16:31:00;187;Acidente com Vítima;2;BR-040/GO;Norte;Outros;0;0;0;1;0;0;0;0;0;0;0;1;0;0;0
05/02/2015;07:00:00;29;Acidente sem Vítima;2;BR-040/GO;Norte;Colisão traseira;1;0;0;0;1;0;0;0;0;0;3;0;0;0;0
05/02/2015;16:02:00;180;Acidente sem Vítima;3;BR-040/DF;Sul;Choque com objeto fixo;1;0;0;0;0;0;0;0;0;0;1;0;0;0;0
05/02/2015;21:02:00;275;Acidente sem Vítima;3,8;BR-040/GO;Norte;Colisão traseira;2;0;0;0;0;0;0;0;0;0;3;0;0;0;0