data;horario;n_da_ocorrencia;tipo_de_ocorrencia;km;trecho;sentido;tipo_de_acidente;automovel;bicicleta;caminhao;moto;onibus;outros;tracao_animal;transporte_de_cargas_especiais;trator_maquinas;utilitarios;ilesos;levemente_feridos;moderadamente_feridos;gravemente_feridos;mortos
05/02/2015;08:50:00;66;Acidente com Vítima;224,005;BR-040/MG;Norte;Queda de Carga;0;0;1;0;0;0;0;0;0;0;0;1;0;0;0
05/02/2015;01:45:00;6;Acidente sem Vítima;225;BR-040/MG;Sul;Outros;1;0;0;0;0;0;0;0;0;0;1;0;0;0;0
05/02/2015;17:52:00;214;Acidente sem Vítima;426;BR-040/MG;Norte;Queda de Carga;0;0;1;0;0;0;0;0;0;0;1;0;0;0;0
05/02/2015;18:19:00;221;Acidente com Vítima;534;BR-040/MG;Sul;Outros;0;0;0;1;0;0;0;0;0;0;0;1;0;0;0
05/02/2015;13:12:00;138;Acidente sem Vítima;537;BR-040/MG;Norte;Colisão traseira;1;0;1;0;0;0;0;0;0;0;2;0;0;0;0
05/02/2015;19:59:00;256;Acidente com Vítima;538;BR-040/MG;Sul;Outros;0;0;0;1;0;0;0;0;0;0;0;1;0;0;0
05/02/2015;07:05:00;31;Acidente com Vítima;545;BR-040/MG;Sul;Abalroamento - Longitudinal;1;0;0;1;0;0;0;0;0;0;1;1;0;0;0
05/02/2015;21:00:00;274;Acidente sem Vítima;560;BR-040/MG;Sul;Choque com objeto fixo;0;0;0;0;0;1;0;0;0;0;1;0;0;0;0
05/02/2015;05:40:00;24;Acidente com Morte;611,006;BR-040/MG;Sul;Abalroamento - Longitudinal;0;0;1;1;0;0;0;0;0;0;2;0;0;0;1
05/02/2015;14:50:00;160;Acidente sem Vítima;617;BR-040/MG;Sul;Queda de Carga;0;0;1;0;0;0;0;0;0;0;1;0;0;0;0
05/02/2015;02:59:00;15;Acidente sem Vítima;732;BR-040/MG;Sul;Outros;1;0;0;0;0;0;0;0;0;0;3;0;0;0;0
05/02/2015;08:10:00;48;Acidente sem Vítima;737,1;BR-040/MG;Sul;Outros;1;0;0;0;0;0;0;0;0;0;1;0;0;0;0
05/02/2015;06:46:00;27;Acidente sem Vítima;758;BR-040/MG;Sul;Outros;0;0;1;0;0;1;0;0;0;0;3;0;0;0;0
05/02/2015;20:27:00;264;Atropelamento com Morte;764,7;BR-040/MG;Norte;Atropelamento - Pedestre caminhando;1;0;0;0;0;0;0;0;0;0;2;0;0;0;1
05/02/2015;16:35:00;188;Acidente com Vítima;772;BR-040/MG;Sul;Capotamento;0;0;0;1;0;1;0;0;0;0;2;0;0;0;0
06/02/2015;15:29:00;160;Acidente com Vítima;76;BR-040/MG;Norte;Abalroamento - Longitudinal;1;0;1;0;0;0;0;0;0;0;2;0;2;0;0
06/02/2015;18:59:00;203;Acidente sem Vítima;33;BR-040/GO;Norte;Outros;1;0;0;0;0;0;0;0;0;0;2;0;0;0;0
06/02/2015;11:49:00;118;Acidente sem Vítima;323;BR-040/MG;Norte;Capotamento;1;0;0;0;0;0;0;0;0;0;5;0;0;0;0
06/02/2015;18:51:00;199;Acidente sem Vítima;335,9;BR-040/MG;Norte;Colisão traseira;2;0;0;0;0;0;0;0;0;0;2;0;0;0;0
06/02/2015;06:36:00;41;Acidente com Vítima;357;BR-040/MG;Sul;Outros;0;0;0;1;0;0;0;0;0;0;0;0;1;0;0
06/02/2015;13:07:00;131;Acidente com Vítima;433;BR-040/MG;Sul;Outros;1;0;0;0;0;0;0;0;0;0;0;2;0;0;0
06/02/2015;10:10:00;86;Acidente sem Vítima;462,1;BR-040/MG;Norte;Outros;1;0;0;0;0;0;0;0;0;0;2;0;0;0;0
06/02/2015;18:00:00;189;Acidente sem Vítima;465;BR-040/MG;Sul;Outros;1;0;0;0;0;0;0;0;0;0;1;0;0;0;0
06/02/2015;11:52:00;119;Acidente sem Vítima;473;BR-040/MG;Norte;Outros;1;0;0;0;0;0;0;0;0;0;1;0;0;0;0
06/02/2015;00:08:00;3;Acidente sem Vítima;524;BR-040/MG;Norte;Choque com objeto fixo;1;0;0;0;0;0;0;0;0;0;1;0;0;0;0
06/02/2015;10:11:00;88;Acidente com Vítima;529;BR-040/MG;Norte;Outros;0;0;0;1;0;0;0;0;0;0;1;0;0;0;0
06/02/2015;18:56:00;201;Acidente sem Vítima;533;BR-040/MG;Sul;Abalroamento - Longitudinal;1;0;1;0;0;0;0;0;0;0;2;0;0;0;0
06/02/2015;00:15:00;5;Acidente sem Vítima;546;BR-040/MG;Norte;Outros;0;0;1;0;0;0;0;0;0;0;1;0;0;0;0
06/02/2015;18:02:00;190;Acidente sem Vítima;572;BR-040/MG;Norte;Outros;1;0;0;0;0;0;0;0;0;0;1;0;0;0;0
06/02/2015;05:58:00;37;Acidente sem Vítima;572,007;BR-040/MG;Norte;Capotamento;1;0;0;0;0;0;0;0;0;0;0;0;1;0;0
06/02/2015;18:44:00;197;Acidente sem Vítima;632;BR-040/MG;Sul;Abalroamento - Longitudinal;1;0;0;1;0;0;0;0;0;0;2;0;0;0;0
06/02/2015;23:14:00;259;Acidente sem Vítima;45;BR-040/GO;Sul;Outros;2;0;0;0;0;0;0;0;0;0;2;0;0;0;0
06/02/2015;07:22:00;49;Acidente sem Vítima;695;BR-040/MG;Norte;Colisão traseira;2;0;0;0;0;0;0;0;0;0;7;0;0;0;0
06/02/2015;12:26:00;123;Acidente sem Vítima;710;BR-040/MG;Sul;Abalroamento - Longitudinal;1;0;1;0;0;0;0;0;0;0;4;0;0;0;0
06/02/2015;14:05:00;138;Acidente com Vítima;731;BR-040/MG;Norte;Choque com objeto fixo;1;0;0;0;0;0;0;0;0;0;1;1;0;0;0
06/02/2015;11:42:00;116;Acidente sem Vítima;138;BR-040/GO;Norte;Capotamento;1;0;0;0;0;0;0;0;0;0;2;0;0;0;0
07/02/2015;17:07:00;111;Acidente sem Vítima;3;BR-040/MG;Sul;Outros;1;0;0;0;0;0;0;0;0;0;1;0;0;0;0
07/02/2015;18:17:00;120;Acidente com Vítima;6,5;BR-040/DF;Norte;Outros;1;0;0;0;0;0;0;0;0;0;1;0;1;0;0
07/02/2015;11:39:00;64;Acidente sem Vítima;224;BR-040/MG;Norte;Queda de Carga;0;0;1;0;0;0;0;0;0;0;1;0;0;0;0
07/02/2015;09:31:00;46;Acidente sem Vítima;330;BR-040/MG;Norte;Queda de Carga;0;0;1;0;0;0;0;0;0;0;1;0;0;0;0
07/02/2015;18:45:00;131;Acidente com Vítima;431;BR-040/MG;Norte;Capotamento;1;0;0;0;0;0;0;0;0;0;1;5;0;0;0
07/02/2015;18:58:00;135;Acidente sem Vítima;454;BR-040/MG;Norte;Outros;1;0;0;0;0;0;0;0;0;0;1;0;0;0;0
07/02/2015;15:23:00;99;Acidente sem Vítima;456;BR-040/MG;Norte;Outros;1;0;0;0;0;0;0;0;0;0;8;0;0;0;0
07/02/2015;19:29:00;140;Acidente sem Vítima;461;BR-040/MG;Sul;Outros;1;0;0;0;0;0;0;0;0;0;2;0;0;0;0
07/02/2015;18:50:00;137;Acidente com Vítima;462;BR-040/MG;Norte;Outros;1;0;0;0;0;0;0;0;0;0;2;2;0;0;0
07/02/2015;18:38:00;128;Acidente com Vítima;463;BR-040/MG;Norte;Capotamento;0;0;1;0;0;0;0;0;0;0;0;1;0;0;0
07/02/2015;19:42:00;144;Acidente sem Vítima;493;BR-040/MG;Norte;Choque em barreira New Jersey;1;0;0;0;0;0;0;0;0;0;1;0;0;0;0
07/02/2015;19:42:00;171;Acidente com Vítima;494;BR-040/MG;Norte;Capotamento;1;0;0;0;0;0;0;0;0;0;1;1;0;0;0
07/02/2015;20:25:00;148;Acidente sem Vítima;504;BR-040/MG;Sul;Outros;1;0;0;0;0;0;0;0;0;0;1;0;0;0;0
07/02/2015;16:12:00;106;Acidente com Vítima;511;BR-040/MG;Norte;Abalroamento - Longitudinal;2;0;0;0;0;0;0;0;0;0;1;2;0;0;0
07/02/2015;05:04:00;21;Acidente com Vítima;527;BR-040/MG;Norte;Queda de Carga;0;0;1;0;0;0;0;0;0;0;1;0;0;0;0
07/02/2015;23:20:00;180;Acidente sem Vítima;545;BR-040/MG;Sul;Choque com objeto fixo;1;0;0;0;0;0;0;0;0;0;1;0;0;0;0
07/02/2015;23:20:00;179;Acidente com Vítima;547;BR-040/MG;Sul;Choque com objeto fixo;1;0;0;0;0;0;0;0;0;0;0;0;1;0;0
07/02/2015;20:52:00;152;Acidente com Vítima;569;BR-040/MG;Sul;Abalroamento - Longitudinal;2;0;0;0;0;0;0;0;0;0;6;1;0;0;0
07/02/2015;20:10:00;147;Acidente sem Vítima;573;BR-040/MG;Norte;Outros;1;0;0;0;0;0;0;0;0;0;2;0;0;0;0
07/02/2015;20:57:00;154;Acidente sem Vítima;581;BR-040/MG;Sul;Choque em defensa;1;0;0;0;0;0;0;0;0;0;1;0;0;0;0
07/02/2015;18:31:00;125;Acidente sem Vítima;600;BR-040/MG;Norte;Outros;1;0;0;0;0;0;0;0;0;0;1;0;0;0;0
07/02/2015;04:10:00;19;Acidente com Vítima;649,5;BR-040/MG;Norte;Colisão frontal;1;0;0;0;1;0;0;0;0;0;2;0;2;0;0
07/02/2015;15:02:00;95;Acidente sem Vítima;51;BR-040/GO;Sul;Outros;0;0;1;0;0;0;0;0;0;0;2;0;0;0;0
07/02/2015;00:14:00;3;Acidente com Vítima;58;BR-040/GO;Norte;Capotamento;1;0;0;0;0;0;0;0;0;0;0;4;0;0;0
07/02/2015;13:47:00;75;Acidente com Vítima;62,8;BR-040/GO;Norte;Outros;1;0;0;0;0;0;0;0;0;0;1;1;0;0;0
07/02/2015;15:09:00;98;Acidente com Vítima;717,6;BR-040/MG;Norte;Choque em barreira New Jersey;0;0;0;0;0;1;0;0;0;0;1;0;1;0;0
08/02/2015;06:36:00;37;Acidente sem Vítima;0;BR-040/MG;Sul;Outros;1;0;0;0;0;0;0;0;0;0;1;0;0;0;0
08/02/2015;05:37:00;29;Acidente sem Vítima;0,5;BR-040/DF;Sul;Outros;1;0;0;0;0;0;0;0;0;0;1;0;0;0;0
08/02/2015;14:28:00;123;Acidente sem Vítima;7,005;BR-040/GO;Sul;Colisão traseira;2;0;0;0;0;0;0;0;0;0;2;0;0;0;0
08/02/2015;20:12:00;202;Acidente com Vítima;122;BR-040/MG;Norte;Abalroamento - Longitudinal;1;0;1;0;0;0;0;0;0;0;2;0;0;0;0
08/02/2015;20:48:00;213;Acidente sem Vítima;130;BR-040/MG;Sul;Abalroamento - Longitudinal;1;0;1;0;0;0;0;0;0;0;2;0;0;0;0
08/02/2015;04:52:00;28;Acidente com Vítima;281;BR-040/MG;Norte;Outros;0;0;0;0;1;0;0;0;0;0;5;0;0;0;0
08/02/2015;05:57:00;30;Acidente sem Vítima;463,5;BR-040/MG;Sul;Outros;0;0;1;0;0;0;0;0;0;0;1;0;0;0;0
08/02/2015;08:28:00;51;Acidente sem Vítima;506;BR-040/MG;Sul;Outros;1;0;0;0;0;0;0;0;0;0;1;0;0;0;0
08/02/2015;04:35:00;27;Acidente com Vítima;509;BR-040/MG;Sul;Outros;1;0;0;0;0;0;0;0;0;0;1;0;0;0;0
08/02/2015;13:08:00;108;Acidente com Vítima;520;BR-040/MG;Norte;Capotamento;1;0;0;0;0;0;0;0;0;0;3;2;0;0;0
08/02/2015;17:43:00;166;Acidente com Vítima;521;BR-040/MG;Sul;Outros;0;0;0;1;0;0;0;0;0;0;1;0;0;0;0
08/02/2015;21:34:00;225;Acidente sem Vítima;525;BR-040/MG;Norte;Outros;1;0;0;0;0;0;0;0;0;0;2;0;0;0;0
08/02/2015;00:55:00;6;Acidente sem Vítima;525;BR-040/MG;Norte;Outros;1;0;0;0;0;0;0;0;0;0;1;0;0;0;0
08/02/2015;22:05:00;232;Acidente sem Vítima;526;BR-040/MG;Sul;Outros;1;0;0;0;0;0;0;0;0;0;1;0;0;0;0
08/02/2015;13:47:00;115;Acidente sem Vítima;526;BR-040/MG;Norte;Outros;0;0;0;0;0;1;0;0;0;0;1;0;0;0;0
08/02/2015;21:01:00;215;Acidente com Vítima;526,005;BR-040/MG;Sul;Capotamento;1;0;0;0;0;0;0;0;0;0;0;3;0;0;0
08/02/2015;14:21:00;122;Acidente com Vítima;530;BR-040/MG;Sul;Colisão traseira;1;0;1;0;0;0;0;0;0;0;1;0;1;0;0
08/02/2015;04:06:00;25;Acidente com Vítima;535,5;BR-040/MG;Sul;Capotamento;1;0;0;0;0;0;0;0;0;0;1;2;0;0;0
08/02/2015;08:32:00;53;Acidente sem Vítima;544;BR-040/MG;Norte;Outros;1;0;0;0;0;0;0;0;0;0;2;0;0;0;0
08/02/2015;19:14:00;189;Acidente com Vítima;545;BR-040/MG;Norte;Colisão traseira;2;0;0;0;0;0;0;0;0;0;4;0;0;0;0
08/02/2015;10:09:00;71;Acidente sem Vítima;545;BR-040/MG;Sul;Choque em barreira New Jersey;0;0;1;0;0;0;0;0;0;0;3;0;0;0;0
08/02/2015;15:36:00;141;Acidente com Vítima;563;BR-040/MG;Sul;Capotamento;0;0;0;0;0;0;0;0;0;1;12;0;2;0;0
08/02/2015;13:13:00;110;Acidente sem Vítima;592;BR-040/MG;Norte;Outros;1;0;0;0;0;0;0;0;0;0;6;0;0;0;0
08/02/2015;23:59:00;249;Acidente sem Vítima;602;BR-040/MG;Sul;Abalroamento - Longitudinal;1;0;1;0;0;0;0;0;0;0;2;0;0;0;0
08/02/2015;17:03:00;156;Acidente com Vítima;638;BR-040/MG;Sul;Colisão traseira;2;0;0;0;0;0;0;0;0;0;2;1;0;0;0
08/02/2015;21:30:00;223;Acidente com Vítima;668;BR-040/MG;Norte;Abalroamento - Longitudinal;2;0;0;0;0;0;0;0;0;0;2;0;0;0;0
08/02/2015;06:10:00;31;Acidente com Vítima;685;BR-040/MG;Norte;Colisão traseira;2;0;0;0;0;0;0;0;0;0;3;0;1;0;0
08/02/2015;11:24:00;82;Acidente com Vítima;706,6;BR-040/MG;Norte;Outros;1;0;0;0;0;0;0;0;0;0;1;1;0;0;0
08/02/2015;18:49:00;181;Acidente sem Vítima;711;BR-040/MG;Sul;Choque em barreira New Jersey;1;0;0;0;0;0;0;0;0;0;2;0;0;0;0
08/02/2015;13:12:00;109;Acidente sem Vítima;728;BR-040/MG;Norte;Choque com objeto fixo;1;0;0;0;0;0;0;0;0;0;4;0;0;0;0
08/02/2015;12:59:00;105;Acidente com Vítima;749;BR-040/MG;Norte;Queda de Carga;1;0;1;0;0;0;0;0;0;0;2;0;2;0;0
09/02/2015;08:49:00;81;Acidente sem Vítima;1,4;BR-040/GO;Norte;Abalroamento - Longitudinal;1;0;1;0;0;0;0;0;0;0;2;0;0;0;0
09/02/2015;17:26:00;236;Acidente com Vítima;43;BR-040/MG;Norte;Colisão traseira;2;0;0;0;0;0;0;0;0;0;2;0;0;0;0
09/02/2015;02:40:00;18;Acidente sem Vítima;15,5;BR-040/GO;Norte;Choque com objeto fixo;1;0;0;0;0;0;0;0;0;0;1;0;0;0;0
09/02/2015;03:12:00;20;Acidente sem Vítima;405;BR-040/MG;Norte;Outros;0;0;1;0;0;0;0;0;0;0;1;0;0;0;0
09/02/2015;13:00:00;158;Acidente sem Vítima;438;BR-040/MG;Sul;Capotamento;1;0;0;0;0;0;0;0;0;0;1;0;0;0;0
09/02/2015;15:08:00;178;Acidente sem Vítima;460;BR-040/MG;Sul;Choque com objeto fixo;0;0;1;0;0;0;0;0;0;0;2;0;0;0;0
09/02/2015;08:06:00;63;Acidente com Vítima;490;BR-040/MG;Norte;Capotamento;1;0;0;0;0;0;0;0;0;0;0;2;0;0;0
09/02/2015;07:35:00;49;Acidente sem Vítima;504;BR-040/MG;Norte;Outros;1;0;0;0;0;0;0;0;0;0;1;0;0;0;0
09/02/2015;06:50:00;35;Acidente sem Vítima;504,5;BR-040/MG;Sul;Outros;0;0;1;0;0;0;0;0;0;0;1;0;0;0;0
09/02/2015;11:07:00;129;Acidente sem Vítima;508;BR-040/MG;Norte;Outros;1;0;0;0;0;0;0;0;0;0;1;0;0;0;0
09/02/2015;07:29:00;46;Acidente sem Vítima;510;BR-040/MG;Sul;Outros;1;0;0;0;0;0;0;0;0;0;1;0;0;0;0
09/02/2015;12:40:00;153;Acidente sem Vítima;515;BR-040/MG;Norte;Outros;1;0;0;0;0;0;0;0;0;0;1;0;0;0;0
09/02/2015;08:10:00;65;Acidente com Vítima;517;BR-040/MG;Sul;Abalroamento - Longitudinal;1;0;0;1;0;0;0;0;0;0;1;0;1;0;0
09/02/2015;09:00:00;88;Acidente sem Vítima;572,005;BR-040/MG;Norte;Abalroamento - Longitudinal;0;0;1;0;1;0;0;0;0;0;2;0;0;0;0
09/02/2015;06:08:00;31;Acidente sem Vítima;577;BR-040/MG;Sul;Colisão traseira;2;0;0;0;0;0;0;0;0;0;2;0;0;0;0
09/02/2015;09:01:00;89;Acidente com Vítima;582;BR-040/MG;Norte;Abalroamento - Longitudinal;1;0;0;0;1;0;0;0;0;0;2;1;0;0;0
09/02/2015;06:52:00;36;Acidente com Vítima;600,5;BR-040/MG;Sul;Outros;0;0;0;1;0;0;0;0;0;0;1;2;0;0;0
09/02/2015;02:24:00;16;Acidente com Vítima;607,5;BR-040/MG;Norte;Outros;1;0;0;0;0;0;0;0;0;0;0;1;0;0;0
09/02/2015;00:57:00;6;Acidente sem Vítima;656,1;BR-040/MG;Sul;Outros;1;0;0;0;0;0;0;0;0;0;1;0;0;0;0
09/02/2015;11:47:00;138;Acidente sem Vítima;727;BR-040/MG;Sul;Queda de Carga;1;0;0;0;0;0;0;0;0;0;1;0;0;0;0
09/02/2015;17:19:00;223;Acidente sem Vítima;754;BR-040/MG;Sul;Outros;1;0;0;0;0;0;0;0;0;0;1;0;0;0;0
09/02/2015;14:10:00;173;Acidente com Morte;764,5;BR-040/MG;Norte;Colisão frontal;2;0;0;0;0;0;0;0;0;0;0;0;1;1;1
10/02/2015;00:24:00;2;Acidente com Vítima;12;BR-040/GO;Norte;Outros;0;0;0;2;0;0;0;0;0;0;1;2;0;0;0
10/02/2015;10:06:00;77;Acidente com Vítima;145;BR-040/MG;Sul;Abalroamento - Longitudinal;1;0;1;0;0;0;0;0;0;0;1;0;1;0;0
10/02/2015;19:14:00;209;Acidente com Vítima;490;BR-040/MG;Sul;Capotamento;1;0;0;0;0;0;0;0;0;0;0;1;0;0;0
10/02/2015;06:33:00;19;Atropelamento sem Morte;523;BR-040/MG;Sul;Atropelamento - Ciclista;1;0;0;0;0;0;0;0;0;0;0;0;1;0;0
10/02/2015;15:42:00;156;Acidente com Vítima;526;BR-040/MG;Sul;Capotamento;2;0;0;0;0;0;0;0;0;0;0;2;0;0;0
10/02/2015;08:28:00;44;Acidente com Vítima;534;BR-040/MG;Sul;Abalroamento - Longitudinal;1;0;0;1;0;0;0;0;0;0;3;0;1;0;0
10/02/2015;06:48:00;21;Acidente sem Vítima;536;BR-040/MG;Norte;Capotamento;1;0;0;0;0;0;0;0;0;0;1;0;0;0;0
10/02/2015;17:26:00;182;Atropelamento sem Morte;545;BR-040/MG;Sul;Atropelamento - Pedestre atravessando;1;0;0;0;0;0;0;0;0;0;1;0;1;0;0
10/02/2015;10:53:00;86;Atropelamento com Morte;590;BR-040/MG;Sul;Atropelamento - Pedestre caminhando;0;0;1;1;0;0;0;0;0;0;0;0;0;0;1
10/02/2015;12:54:00;108;Acidente com Vítima;135;BR-040/GO;Sul;Colisão traseira;1;0;0;0;1;0;0;0;0;0;2;0;1;0;0
11/02/2015;19:24:00;197;Acidente sem Vítima;1;BR-040/GO;Sul;Colisão traseira;1;0;0;1;0;0;0;0;0;0;2;0;0;0;0
11/02/2015;15:04:00;132;Acidente sem Vítima;3,5;BR-040/GO;Sul;Choque em defensa;0;0;1;0;0;0;0;0;0;0;1;0;0;0;0
11/02/2015;18:56:00;188;Acidente com Vítima;213;BR-040/MG;Norte;Queda de Carga;1;0;0;0;0;0;0;0;0;0;1;1;0;0;0
11/02/2015;13:47:00;122;Acidente com Vítima;455;BR-040/MG;Norte;Outros;0;0;0;1;0;0;0;0;0;0;0;2;0;0;0
11/02/2015;11:32:00;92;Acidente sem Vítima;523,008;BR-040/MG;Sul;Colisão traseira;0;0;2;0;0;0;0;0;0;0;4;0;0;0;0
11/02/2015;08:12:00;37;Acidente sem Vítima;535;BR-040/MG;Norte;Colisão traseira;2;0;0;0;0;0;0;0;0;0;2;0;0;0;0
11/02/2015;18:14:00;174;Acidente com Vítima;541;BR-040/MG;Norte;Choque com objeto fixo;1;0;0;0;0;0;0;0;0;0;0;1;0;0;0
11/02/2015;00:01:00;1;Acidente sem Vítima;578,5;BR-040/MG;Sul;Choque em barreira New Jersey;1;0;0;0;0;0;0;0;0;0;1;0;0;0;0
11/02/2015;08:11:00;36;Acidente com Vítima;630,5;BR-040/MG;Norte;Colisão traseira;1;0;0;1;0;0;0;0;0;0;1;0;0;0;0
11/02/2015;13:00:00;109;Acidente sem Vítima;115;BR-040/GO;Norte;Outros;1;0;0;0;0;0;0;0;0;0;1;0;0;0;0
12/02/2015;15:53:00;162;Acidente sem Vítima;3;BR-040/GO;Sul;Abalroamento - Longitudinal;1;0;1;0;0;0;0;0;0;0;2;0;0;0;0
12/02/2015;20:54:00;245;Acidente com Vítima;41;BR-040/MG;Sul;Abalroamento - Longitudinal;1;0;0;1;0;0;0;0;0;0;2;0;0;0;0
12/02/2015;16:34:00;176;Acidente sem Vítima;470;BR-040/MG;Sul;Colisão traseira;3;0;0;0;0;0;0;0;0;0;3;0;0;0;0
12/02/2015;00:50:00;4;Acidente sem Vítima;505;BR-040/MG;Norte;Colisão traseira;0;0;2;0;0;0;0;0;0;0;2;0;0;0;0
12/02/2015;04:25:00;24;Acidente sem Vítima;513;BR-040/MG;Norte;Capotamento;1;0;0;0;0;0;0;0;0;0;1;0;0;0;0
12/02/2015;07:32:00;42;Acidente com Vítima;521;BR-040/MG;Sul;Abalroamento - Longitudinal;1;0;0;1;0;0;0;0;0;0;1;1;0;0;0
12/02/2015;15:14:00;153;Acidente sem Vítima;525;BR-040/MG;Sul;Outros;0;0;0;1;0;0;0;0;0;0;1;0;0;0;0
12/02/2015;11:19:00;104;Acidente com Vítima;525;BR-040/MG;Sul;Outros;0;1;0;0;0;0;0;0;0;0;0;1;0;0;0
12/02/2015;14:54:00;145;Acidente sem Vítima;576;BR-040/MG;Sul;Abalroamento - Longitudinal;1;0;1;0;0;0;0;0;0;0;3;0;0;0;0
12/02/2015;07:17:00;39;Acidente com Vítima;584;BR-040/MG;Sul;Colisão traseira;3;0;0;1;0;1;0;0;0;0;6;2;0;0;0
12/02/2015;02:26:00;15;Acidente sem Vítima;8;BR-040/DF;Norte;Abalroamento - Longitudinal;2;0;0;0;0;0;0;0;0;0;3;0;0;0;0
12/02/2015;08:46:00;65;Acidente sem Vítima;748,5;BR-040/MG;Norte;Queda de Carga;0;0;1;0;0;0;0;0;0;0;1;0;0;0;0
13/02/2015;09:50:00;95;Acidente com Vítima;1;BR-040/GO;Sul;Colisão frontal;2;0;0;0;0;0;0;0;0;0;1;1;0;0;0
13/02/2015;19:01:00;270;Acidente com Vítima;7;BR-040/GO;Sul;Colisão traseira;1;0;0;0;1;0;0;0;0;0;93;2;0;0;0
13/02/2015;03:20:00;23;Acidente sem Vítima;366;BR-040/MG;Sul;Abalroamento - Longitudinal;1;0;1;0;0;0;0;0;0;0;2;0;0;0;0
13/02/2015;23:26:00;330;Acidente com Vítima;434;BR-040/MG;Norte;Colisão traseira;1;0;1;0;0;0;0;0;0;0;2;2;0;0;0
13/02/2015;17:58:00;256;Acidente com Vítima;454;BR-040/MG;Norte;Outros;1;0;0;0;0;0;0;0;0;0;1;2;0;0;0
13/02/2015;07:06:00;41;Acidente sem Vítima;484;BR-040/MG;Norte;Outros;1;0;0;0;0;0;0;0;0;0;1;0;0;0;0
13/02/2015;20:20:00;293;Acidente sem Vítima;491;BR-040/MG;Sul;Colisão traseira;2;0;0;0;0;0;0;0;0;0;5;0;0;0;0
13/02/2015;22:16:00;320;Acidente sem Vítima;510;BR-040/MG;Norte;Colisão traseira;3;0;0;0;0;0;0;0;0;0;3;0;0;0;0
13/02/2015;17:47:00;250;Acidente sem Vítima;510;BR-040/MG;Norte;Colisão traseira;2;0;0;0;0;0;0;0;0;0;5;0;0;0;0
13/02/2015;15:40:00;191;Acidente com Vítima;513;BR-040/MG;Norte;Abalroamento - Transversal;0;0;0;1;0;1;0;0;0;0;1;1;0;0;0
13/02/2015;17:22:00;243;Acidente com Vítima;521;BR-040/MG;Norte;Outros;0;0;0;1;0;0;0;0;0;0;1;1;0;0;0
13/02/2015;18:59:00;281;Acidente sem Vítima;525;BR-040/MG;Sul;Abalroamento - Longitudinal;1;0;1;1;0;0;0;0;0;0;3;0;0;0;0
13/02/2015;00:45:00;11;Acidente sem Vítima;527;BR-040/MG;Norte;Capotamento;1;0;0;0;0;0;0;0;0;0;2;0;0;0;0
13/02/2015;15:34:00;188;Acidente com Vítima;588,002;BR-040/MG;Sul;Queda de Carga;0;0;1;0;0;0;0;0;0;0;0;1;0;0;0
13/02/2015;21:11:00;305;Acidente sem Vítima;614;BR-040/MG;Sul;Outros;1;0;0;0;0;0;0;0;0;0;2;0;0;0;0
13/02/2015;11:12:00;123;Acidente com Vítima;49;BR-040/GO;Sul;Queda de Carga;0;0;1;0;0;0;0;0;0;0;0;1;0;0;0
13/02/2015;13:48:00;155;Acidente com Morte;66;BR-040/GO;Norte;Colisão frontal;2;0;0;0;0;0;0;0;0;0;0;0;0;0;4
13/02/2015;07:42:00;53;Acidente sem Vítima;671;BR-040/MG;Sul;Capotamento;1;0;0;0;0;0;0;0;0;0;6;0;0;0;0
13/02/2015;20:42:00;301;Acidente com Vítima;688;BR-040/MG;Sul;Capotamento;1;0;0;0;0;0;0;0;0;0;1;0;2;0;0
13/02/2015;10:18:00;108;Acidente sem Vítima;758;BR-040/MG;Sul;Colisão traseira;2;0;0;0;0;0;0;0;0;0;10;0;0;0;0
13/02/2015;19:29:00;278;Acidente sem Vítima;134;BR-040/GO;Norte;Colisão traseira;3;0;0;0;0;0;0;0;0;0;5;0;0;0;0
14/02/2015;18:20:00;263;Acidente com Vítima;1;BR-040/GO;Norte;Choque em veículo parado na pista;1;0;0;1;0;0;0;0;0;0;1;0;1;0;0
14/02/2015;07:40:00;68;Acidente com Vítima;3;BR-040/DF;Norte;Outros;1;0;0;1;0;0;0;0;0;0;1;1;0;0;0
14/02/2015;03:52:00;36;Acidente sem Vítima;4;BR-040/DF;Norte;Capotamento;1;0;0;0;0;0;0;0;0;0;1;0;0;0;0
14/02/2015;06:56:00;59;Acidente sem Vítima;12;BR-040/GO;Norte;Colisão traseira;2;0;0;0;0;0;0;0;0;0;2;0;0;0;0
14/02/2015;09:24:00;101;Acidente sem Vítima;272;BR-040/MG;Norte;Colisão traseira;3;0;0;0;0;0;0;0;0;0;3;0;0;0;0
14/02/2015;10:42:00;123;Acidente sem Vítima;274;BR-040/MG;Norte;Capotamento;2;0;0;0;0;0;0;0;0;0;3;0;0;0;0
14/02/2015;15:02:00;202;Acidente sem Vítima;296;BR-040/MG;Sul;Choque com objeto fixo;0;0;1;0;0;0;0;0;0;0;1;0;0;0;0
14/02/2015;03:43:00;35;Acidente sem Vítima;461;BR-040/MG;Norte;Capotamento;1;0;0;0;0;0;0;0;0;0;1;0;0;0;0
14/02/2015;23:09:00;342;Acidente com Vítima;468;BR-040/MG;Sul;Capotamento;1;0;0;0;0;0;0;0;0;0;0;1;0;0;0
14/02/2015;07:01:00;62;Acidente com Vítima;470;BR-040/MG;Norte;Capotamento;1;0;1;0;0;0;0;0;0;0;2;2;0;0;0
14/02/2015;04:18:00;40;Acidente com Vítima;478;BR-040/MG;Norte;Capotamento;1;0;0;0;0;0;0;0;0;0;0;4;1;0;0