data;horario;n_da_ocorrencia;tipo_de_ocorrencia;km;trecho;sentido;tipo_de_acidente;automovel;bicicleta;caminhao;moto;onibus;outros;tracao_animal;transporte_de_cargas_especiais;trator_maquinas;utilitarios;ilesos;levemente_feridos;moderadamente_feridos;gravemente_feridos;mortos
14/02/2015;09:28:00;98;Acidente com Vítima;506;BR-040/MG;Norte;Outros;3;0;0;0;0;0;0;0;0;0;6;1;0;0;0
14/02/2015;11:25:00;139;Acidente sem Vítima;511;BR-040/MG;Norte;Abalroamento - Transversal;2;0;0;2;0;0;0;0;0;0;4;0;0;0;0
14/02/2015;12:43:00;162;Acidente sem Vítima;523;BR-040/MG;Norte;Abalroamento - Longitudinal;2;0;0;0;0;0;0;0;0;0;2;0;0;0;0
14/02/2015;10:48:00;126;Acidente sem Vítima;531;BR-040/MG;Norte;Colisão traseira;3;0;0;0;0;0;0;0;0;0;3;0;0;0;0
14/02/2015;23:27:00;348;Acidente sem Vítima;534;BR-040/MG;Norte;Colisão traseira;2;0;0;0;0;0;0;0;0;0;6;0;0;0;0
14/02/2015;08:07:00;72;Acidente sem Vítima;534;BR-040/MG;Norte;Capotamento;3;0;0;0;0;0;0;0;0;0;6;0;0;0;0
14/02/2015;07:39:00;67;Acidente com Vítima;544,5;BR-040/MG;Sul;Colisão traseira;0;0;1;1;0;0;0;0;0;0;1;1;0;0;0
14/02/2015;16:06:00;226;Acidente sem Vítima;546;BR-040/MG;Norte;Outros;0;0;1;0;0;0;0;0;0;0;1;0;0;0;0
14/02/2015;00:10:00;3;Acidente com Morte;600,5;BR-040/MG;Sul;Abalroamento - Transversal;0;0;1;0;0;0;0;0;0;1;3;5;4;0;1
14/02/2015;12:46:00;161;Acidente sem Vítima;612;BR-040/MG;Sul;Colisão traseira;2;0;0;0;0;0;0;0;0;0;5;0;0;0;0
14/02/2015;11:21:00;137;Acidente sem Vítima;614;BR-040/MG;Sul;Colisão traseira;3;0;0;0;0;0;0;0;0;0;10;0;0;0;0
14/02/2015;04:09:00;37;Acidente com Vítima;7;BR-040/DF;Sul;Colisão traseira;2;0;0;0;0;0;0;0;0;0;1;1;1;0;0
14/02/2015;02:45:00;29;Acidente com Morte;68;BR-040/GO;Norte;Colisão frontal;1;0;0;0;1;0;0;0;0;0;0;0;0;0;1
14/02/2015;00:19:00;6;Acidente sem Vítima;661;BR-040/MG;Sul;Outros;1;0;0;0;0;0;0;0;0;0;5;0;0;0;0
14/02/2015;18:09:00;257;Acidente sem Vítima;709;BR-040/MG;Norte;Abalroamento - Longitudinal;1;0;0;0;1;0;0;0;0;0;24;0;0;0;0
14/02/2015;02:03:00;22;Acidente sem Vítima;143;BR-040/GO;Sul;Atropelamento - Animal;0;0;0;0;0;0;0;1;0;0;1;0;0;0;0
14/02/2015;10:31:00;121;Acidente com Vítima;145;BR-040/GO;Norte;Capotamento;1;0;0;0;0;0;0;0;0;0;0;0;5;0;0
15/02/2015;03:54:00;21;Acidente sem Vítima;8;BR-040/GO;Norte;Capotamento;1;0;0;0;0;0;0;0;0;0;2;0;0;0;0
15/02/2015;02:48:00;18;Acidente sem Vítima;298;BR-040/MG;Norte;Atropelamento - Animal;1;0;0;0;0;0;0;0;0;0;4;0;0;0;0
15/02/2015;12:49:00;103;Acidente sem Vítima;528;BR-040/MG;Norte;Colisão traseira;3;0;0;0;0;0;0;0;0;0;3;0;0;0;0
15/02/2015;05:43:00;26;Acidente com Vítima;538;BR-040/MG;Norte;Capotamento;1;0;0;0;0;0;0;0;0;0;0;1;0;0;0
15/02/2015;13:43:00;106;Acidente sem Vítima;564;BR-040/MG;Sul;Outros;1;0;0;0;0;0;0;0;0;0;1;0;0;0;0
15/02/2015;19:38:00;190;Acidente com Vítima;580,8;BR-040/MG;Sul;Outros;1;0;0;0;0;0;0;0;0;0;1;1;0;0;0
15/02/2015;18:40:00;174;Acidente sem Vítima;585;BR-040/MG;Norte;Outros;1;0;0;0;0;0;0;0;0;0;2;0;0;0;0
15/02/2015;12:46:00;102;Acidente com Vítima;585;BR-040/MG;Sul;Capotamento;1;0;0;0;0;0;0;0;0;0;1;1;0;0;0
15/02/2015;20:38:00;198;Acidente sem Vítima;587;BR-040/MG;Norte;Outros;1;0;0;0;0;0;0;0;0;0;1;0;0;0;0
15/02/2015;22:27:00;218;Acidente com Vítima;661,05;BR-040/MG;Norte;Colisão frontal;2;0;0;0;0;0;0;0;0;0;0;0;4;0;0
15/02/2015;05:08:00;24;Acidente com Vítima;674,5;BR-040/MG;Sul;Outros;1;0;0;0;0;0;0;0;0;0;0;1;0;0;0
15/02/2015;09:54:00;69;Acidente sem Vítima;683;BR-040/MG;Norte;Colisão traseira;2;0;0;0;0;0;0;0;0;0;3;0;0;0;0
15/02/2015;08:14:00;40;Acidente com Vítima;705;BR-040/MG;Sul;Queda de Carga;0;0;1;0;0;0;0;0;0;0;0;0;1;0;0
15/02/2015;21:40:00;211;Atropelamento sem Morte;734,5;BR-040/MG;Sul;Atropelamento - Pedestre caminhando;1;0;0;0;0;0;0;0;0;0;0;0;1;0;0
15/02/2015;17:40:00;155;Acidente sem Vítima;757;BR-040/MG;Sul;Abalroamento - Longitudinal;2;0;0;0;0;0;0;0;0;0;4;0;0;0;0
16/02/2015;00:32:00;5;Acidente sem Vítima;0,005;BR-040/DF;Norte;Outros;1;0;0;0;0;0;0;0;0;0;1;0;0;0;0
16/02/2015;18:43:00;179;Acidente com Vítima;377,003;BR-040/MG;Norte;Capotamento;1;0;0;0;0;0;0;0;0;0;0;1;0;0;0
16/02/2015;06:07:00;30;Acidente sem Vítima;517;BR-040/MG;Sul;Outros;1;0;0;0;0;0;0;0;0;0;1;0;0;0;0
16/02/2015;08:05:00;44;Acidente com Vítima;529;BR-040/MG;Norte;Outros;0;0;0;1;0;0;0;0;0;0;0;2;0;0;0
16/02/2015;18:20:00;172;Acidente com Vítima;543;BR-040/MG;Norte;Outros;0;0;0;1;0;0;0;0;0;0;0;2;0;0;0
16/02/2015;17:13:00;160;Acidente sem Vítima;563;BR-040/MG;Norte;Colisão traseira;4;0;0;0;0;0;0;0;0;0;10;0;0;0;0
16/02/2015;03:45:00;20;Acidente com Vítima;618,5;BR-040/MG;Norte;Choque em veículo parado na pista;2;0;0;0;0;0;0;0;0;0;1;2;1;0;0
16/02/2015;05:33:00;28;Acidente sem Vítima;624,7;BR-040/MG;Norte;Abalroamento - Longitudinal;3;0;0;0;0;0;0;0;0;0;8;0;0;0;0
16/02/2015;15:04:00;122;Acidente com Vítima;637;BR-040/MG;Norte;Colisão frontal;2;0;0;0;0;0;0;0;0;0;1;1;0;0;0
16/02/2015;05:56:00;29;Acidente sem Vítima;656;BR-040/MG;Norte;Choque em barreira New Jersey;1;0;0;0;0;0;0;0;0;0;1;0;0;0;0
16/02/2015;13:46:00;111;Acidente com Vítima;679;BR-040/MG;Norte;Capotamento;1;0;0;0;0;0;0;0;0;0;0;1;0;0;0
16/02/2015;04:15:00;25;Acidente sem Vítima;715;BR-040/MG;Norte;Capotamento;1;0;0;0;0;0;0;0;0;0;1;0;0;0;0
16/02/2015;08:32:00;49;Acidente sem Vítima;717;BR-040/MG;Norte;Outros;1;0;0;0;0;0;0;0;0;0;3;0;0;0;0
16/02/2015;18:55:00;183;Acidente sem Vítima;729;BR-040/MG;Sul;Capotamento;1;0;0;0;0;0;0;0;0;0;1;0;0;0;0
16/02/2015;16:33:00;140;Acidente sem Vítima;733;BR-040/MG;Sul;Choque em barreira New Jersey;1;0;0;0;0;0;0;0;0;0;1;0;0;0;0
16/02/2015;03:49:00;21;Acidente com Morte;752;BR-040/MG;Norte;Capotamento;1;0;0;0;0;0;0;0;0;0;0;0;1;0;1
16/02/2015;20:47:00;201;Acidente sem Vítima;764;BR-040/MG;Norte;Capotamento;1;0;0;0;0;0;0;0;0;0;3;0;0;0;0
16/02/2015;20:10:00;196;Acidente com Vítima;767;BR-040/MG;Sul;Colisão traseira;2;0;0;0;0;0;0;0;0;0;1;0;1;0;0
16/02/2015;16:22:00;138;Acidente com Vítima;770;BR-040/MG;Norte;Capotamento;1;0;0;0;0;0;0;0;0;0;2;0;1;0;0
17/02/2015;16:09:00;146;Acidente sem Vítima;15;BR-040/MG;Norte;Colisão traseira;2;0;0;0;0;0;0;0;0;0;8;0;0;0;0
17/02/2015;19:23:00;193;Acidente com Vítima;20;BR-040/GO;Norte;Choque com objeto fixo;1;0;0;0;0;0;0;0;0;0;0;1;0;0;0
17/02/2015;16:56:00;154;Acidente com Vítima;139;BR-040/MG;Sul;Capotamento;1;0;0;0;0;0;0;0;0;0;1;0;1;0;0
17/02/2015;19:33:00;195;Acidente sem Vítima;460;BR-040/MG;Sul;Outros;1;0;0;0;0;0;0;0;0;0;1;0;0;0;0
17/02/2015;12:00:00;83;Acidente sem Vítima;476;BR-040/MG;Sul;Capotamento;1;0;0;0;0;0;0;0;0;0;2;0;0;0;0
17/02/2015;18:15:00;176;Acidente sem Vítima;510;BR-040/MG;Norte;Outros;0;0;0;1;0;0;0;0;0;0;1;0;0;0;0
17/02/2015;11:59:00;82;Acidente sem Vítima;510;BR-040/MG;Sul;Colisão traseira;1;0;0;1;0;0;0;0;0;0;4;0;0;0;0
17/02/2015;18:57:00;187;Acidente sem Vítima;526;BR-040/MG;Norte;Outros;0;0;0;0;0;0;0;0;0;1;1;0;0;0;0
17/02/2015;07:13:00;32;Acidente sem Vítima;527;BR-040/MG;Sul;Capotamento;1;0;0;0;0;0;0;0;0;0;1;0;0;0;0
17/02/2015;16:23:00;148;Acidente sem Vítima;530;BR-040/MG;Norte;Queda de Carga;0;0;1;0;0;0;0;0;0;0;1;0;0;0;0
17/02/2015;18:32:00;182;Acidente sem Vítima;534;BR-040/MG;Norte;Colisão traseira;1;0;0;1;0;0;0;0;0;0;5;0;0;0;0
17/02/2015;16:30:00;149;Acidente sem Vítima;538;BR-040/MG;Sul;Abalroamento - Longitudinal;0;0;2;0;0;0;0;0;0;0;2;0;0;0;0
17/02/2015;18:12:00;173;Acidente com Vítima;642;BR-040/MG;Sul;Colisão frontal;2;0;0;0;0;0;0;0;0;0;1;1;1;0;0
17/02/2015;19:42:00;198;Acidente com Vítima;645;BR-040/MG;Norte;Colisão traseira;4;0;0;0;0;0;0;0;0;0;12;0;1;0;0
17/02/2015;15:07:00;128;Acidente sem Vítima;656;BR-040/MG;Norte;Choque em defensa;1;0;0;0;0;0;0;0;0;0;4;0;0;0;0
17/02/2015;16:38:00;151;Acidente sem Vítima;54;BR-040/GO;Norte;Outros;1;0;0;0;0;0;0;0;0;0;1;0;0;0;0
17/02/2015;15:32:00;134;Acidente com Vítima;668,005;BR-040/MG;Sul;Abalroamento - Transversal;2;0;0;0;0;0;0;0;0;0;4;1;0;0;0
17/02/2015;17:10:00;158;Acidente sem Vítima;700;BR-040/MG;Sul;Atropelamento - Animal;1;0;0;0;0;0;0;0;0;0;1;0;0;0;0
17/02/2015;14:39:00;121;Acidente com Vítima;144;BR-040/GO;Norte;Capotamento;1;0;0;0;0;0;0;0;0;0;1;1;0;0;0
18/02/2015;13:27:00;137;Acidente sem Vítima;2;BR-040/GO;Sul;Colisão traseira;2;0;0;0;0;0;0;0;0;0;2;0;0;0;0
18/02/2015;16:46:00;194;Atropelamento sem Morte;4;BR-040/DF;Sul;Atropelamento - Pedestre atravessando;1;0;0;1;0;0;0;0;0;0;3;1;0;0;0
18/02/2015;09:48:00;80;Acidente com Vítima;5;BR-040/DF;Sul;Capotamento;0;0;1;0;0;0;0;0;0;0;0;1;0;0;0
18/02/2015;11:53:00;118;Acidente com Vítima;198;BR-040/MG;Norte;Capotamento;1;0;0;0;0;0;0;0;0;0;1;2;0;0;0
18/02/2015;13:15:00;135;Acidente sem Vítima;217;BR-040/MG;Norte;Outros;1;0;0;0;0;0;0;0;0;0;2;0;0;0;0
18/02/2015;14:31:00;155;Acidente sem Vítima;257;BR-040/MG;Norte;Abalroamento - Longitudinal;1;0;0;0;0;0;0;0;0;1;2;0;0;0;0
18/02/2015;13:27:00;139;Acidente sem Vítima;415;BR-040/MG;Sul;Colisão traseira;0;0;2;0;0;0;0;0;0;0;2;0;0;0;0
18/02/2015;17:36:00;204;Acidente sem Vítima;444;BR-040/MG;Norte;Capotamento;1;0;0;0;0;0;0;0;0;0;1;0;0;0;0
18/02/2015;14:44:00;161;Acidente com Vítima;460;BR-040/MG;Sul;Outros;1;0;0;0;0;0;0;0;0;0;2;1;0;0;0
18/02/2015;16:31:00;189;Acidente sem Vítima;463;BR-040/MG;Sul;Abalroamento - Longitudinal;1;0;1;0;0;0;0;0;0;0;4;0;0;0;0
18/02/2015;16:04:00;181;Acidente com Vítima;495;BR-040/MG;Sul;Capotamento;0;0;1;0;0;0;0;0;0;0;0;1;0;0;0
18/02/2015;20:30:00;250;Acidente sem Vítima;508;BR-040/MG;Sul;Colisão traseira;1;0;0;1;0;0;0;0;0;0;2;0;0;0;0
18/02/2015;21:14:00;255;Acidente com Vítima;509;BR-040/MG;Norte;Outros;0;0;1;0;0;0;0;0;0;0;0;1;0;0;0
18/02/2015;10:44:00;98;Acidente com Vítima;511;BR-040/MG;Norte;Capotamento;1;0;0;0;0;0;0;0;0;0;0;0;1;0;0
18/02/2015;11:36:00;114;Acidente com Vítima;512,5;BR-040/MG;Norte;Colisão traseira;0;0;1;0;1;0;0;0;0;0;1;0;5;0;0
18/02/2015;11:13:00;109;Acidente sem Vítima;512,5;BR-040/MG;Sul;Colisão traseira;1;0;0;0;1;0;0;0;0;0;2;0;0;0;0
18/02/2015;09:01:00;66;Acidente sem Vítima;516;BR-040/MG;Norte;Outros;1;0;0;0;0;0;0;0;0;0;8;0;0;0;0
18/02/2015;16:39:00;191;Acidente com Vítima;521;BR-040/MG;Sul;Abalroamento - Longitudinal;1;0;1;0;0;0;0;0;0;0;0;1;1;0;0
18/02/2015;17:55:00;211;Acidente sem Vítima;525;BR-040/MG;Norte;Choque com objeto fixo;1;0;0;0;0;0;0;0;0;0;1;0;0;0;0
18/02/2015;22:17:00;266;Acidente sem Vítima;553;BR-040/MG;Sul;Colisão traseira;2;0;0;0;0;0;0;0;0;0;2;0;0;0;0
18/02/2015;17:39:00;206;Acidente sem Vítima;638;BR-040/MG;Norte;Choque com objeto fixo;1;0;0;0;0;0;0;0;0;0;4;0;0;0;0
18/02/2015;17:48:00;210;Acidente com Vítima;641;BR-040/MG;Norte;Abalroamento - Longitudinal;1;0;0;0;0;1;0;0;0;0;2;1;1;1;0
18/02/2015;00:42:00;6;Acidente sem Vítima;641,6;BR-040/MG;Norte;Choque com objeto fixo;1;0;0;0;0;0;0;0;0;0;2;0;0;0;0
18/02/2015;14:40:00;160;Acidente sem Vítima;644;BR-040/MG;Sul;Outros;1;0;0;0;0;0;0;0;0;0;4;0;0;0;0
18/02/2015;17:10:00;197;Acidente sem Vítima;656;BR-040/MG;Norte;Capotamento;1;0;0;0;0;0;0;0;0;0;8;0;0;0;0
18/02/2015;16:24:00;186;Acidente sem Vítima;656;BR-040/MG;Sul;Outros;1;0;0;0;0;0;0;0;0;0;6;0;0;0;0
18/02/2015;09:25:00;72;Acidente sem Vítima;63;BR-040/GO;Sul;Outros;1;0;0;0;0;0;0;0;0;0;2;0;0;0;0
18/02/2015;06:18:00;35;Acidente com Vítima;697;BR-040/MG;Norte;Outros;0;0;0;1;0;0;0;0;0;0;0;1;0;0;0
18/02/2015;20:30:00;249;Acidente sem Vítima;727,005;BR-040/MG;Sul;Outros;1;0;0;0;0;0;0;0;0;0;1;0;0;0;0
18/02/2015;17:45:00;209;Acidente com Vítima;728;BR-040/MG;Sul;Outros;1;0;0;0;0;0;0;0;0;0;1;1;0;0;0
18/02/2015;14:35:00;156;Acidente sem Vítima;729;BR-040/MG;Sul;Outros;2;0;0;0;0;0;0;0;0;0;5;0;0;0;0
18/02/2015;19:33:00;236;Acidente sem Vítima;730;BR-040/MG;Norte;Outros;1;0;0;0;0;0;0;0;0;0;3;0;0;0;0
18/02/2015;13:49:00;142;Acidente sem Vítima;730;BR-040/MG;Norte;Outros;1;0;0;0;0;0;0;0;0;0;5;0;0;0;0
19/02/2015;08:52:00;87;Acidente sem Vítima;3,001;BR-040/GO;Norte;Colisão traseira;2;0;0;0;0;0;0;0;0;0;2;0;0;0;0
19/02/2015;20:11:00;263;Acidente sem Vítima;5;BR-040/GO;Sul;Abalroamento - Longitudinal;2;0;0;0;0;0;0;0;0;0;3;0;0;0;0
19/02/2015;11:19:00;138;Acidente sem Vítima;156;BR-040/MG;Norte;Outros;1;0;0;0;0;0;0;0;0;0;7;0;0;0;0
19/02/2015;15:58:00;209;Acidente sem Vítima;446;BR-040/MG;Sul;Outros;0;0;1;0;0;0;0;0;0;0;1;0;0;0;0
19/02/2015;06:46:00;40;Acidente sem Vítima;463;BR-040/MG;Sul;Outros;0;0;1;0;0;0;0;0;0;0;2;0;0;0;0
19/02/2015;09:29:00;104;Acidente com Vítima;501;BR-040/MG;Sul;Queda de Carga;0;0;0;1;0;0;0;0;0;0;0;1;0;0;0
19/02/2015;13:42:00;178;Acidente com Vítima;508;BR-040/MG;Norte;Colisão traseira;2;0;0;0;0;0;0;0;0;0;7;1;0;0;0
19/02/2015;13:59:00;186;Acidente com Vítima;509;BR-040/MG;Norte;Outros;0;0;0;1;0;0;0;0;0;0;1;0;0;0;0
19/02/2015;19:00:00;251;Acidente com Vítima;541;BR-040/MG;Sul;Outros;1;0;0;0;0;0;0;0;0;0;2;0;1;0;0
19/02/2015;07:00:00;42;Acidente com Vítima;590;BR-040/MG;Norte;Choque com objeto fixo;1;0;0;0;0;0;0;0;0;0;3;2;0;0;0
19/02/2015;03:43:00;28;Acidente sem Vítima;593;BR-040/MG;Norte;Choque em barreira New Jersey;0;0;1;0;0;0;0;0;0;0;1;0;0;0;0
19/02/2015;13:24:00;173;Acidente com Vítima;625;BR-040/MG;Norte;Capotamento;1;0;0;0;0;0;0;0;0;0;1;0;0;0;0
19/02/2015;05:27:00;34;Acidente sem Vítima;658;BR-040/MG;Norte;Choque com objeto fixo;0;0;1;0;0;0;0;0;0;0;1;0;0;0;0
19/02/2015;17:40:00;232;Acidente sem Vítima;660;BR-040/MG;Norte;Colisão traseira;2;0;0;0;0;0;0;0;0;0;2;0;0;0;0
19/02/2015;06:56:00;41;Acidente sem Vítima;660;BR-040/MG;Norte;Colisão traseira;0;0;1;0;0;1;0;0;0;0;2;0;0;0;0
19/02/2015;21:27:00;277;Acidente com Vítima;98,5;BR-040/GO;Norte;Atropelamento - Animal;1;0;0;0;0;0;0;0;0;0;0;1;0;0;0
19/02/2015;12:24:00;152;Acidente sem Vítima;717;BR-040/MG;Sul;Choque com objeto fixo;0;0;1;0;0;0;0;0;0;0;1;0;0;0;0
20/02/2015;08:57:00;49;Acidente com Vítima;457;BR-040/MG;Sul;Capotamento;1;0;0;0;0;0;0;0;0;0;2;2;0;0;0
20/02/2015;23:22:00;254;Acidente sem Vítima;505;BR-040/MG;Norte;Atropelamento - Animal;1;0;0;0;0;0;0;0;0;0;6;0;0;0;0
20/02/2015;18:57:00;200;Atropelamento sem Morte;526;BR-040/MG;Sul;Atropelamento - Ciclista;1;0;0;0;0;0;0;0;0;0;1;0;0;0;0
20/02/2015;17:45:00;182;Acidente sem Vítima;552;BR-040/MG;Norte;Colisão traseira;1;0;0;0;0;3;0;0;0;0;4;0;0;0;0
21/02/2015;18:08:00;166;Acidente sem Vítima;7,5;BR-040/GO;Norte;Abalroamento - Longitudinal;0;0;0;1;0;1;0;0;0;0;3;0;0;0;0
21/02/2015;18:41:00;170;Acidente com Vítima;446;BR-040/MG;Norte;Choque com objeto fixo;0;0;0;1;0;0;0;0;0;0;0;1;0;0;0
21/02/2015;15:08:00;142;Acidente com Vítima;493;BR-040/MG;Sul;Colisão traseira;1;0;1;0;0;0;0;0;0;0;1;3;0;0;0
21/02/2015;07:35:00;29;Acidente com Vítima;523;BR-040/MG;Norte;Outros;0;0;0;1;0;0;0;0;0;0;0;0;1;0;0
21/02/2015;10:20:00;74;Acidente sem Vítima;541;BR-040/MG;Norte;Colisão traseira;2;0;0;0;0;0;0;0;0;0;2;0;0;0;0
21/02/2015;22:52:00;209;Acidente sem Vítima;544;BR-040/MG;Sul;Capotamento;2;0;0;0;0;0;0;0;0;0;5;0;0;0;0
21/02/2015;13:14:00;118;Acidente sem Vítima;617;BR-040/MG;Norte;Abalroamento - Longitudinal;1;0;0;1;0;0;0;0;0;0;2;0;0;0;0
21/02/2015;07:15:00;25;Acidente sem Vítima;65;BR-040/GO;Norte;Colisão traseira;1;0;0;0;0;1;0;0;0;0;2;0;0;0;0
21/02/2015;11:22:00;90;Acidente com Vítima;690;BR-040/MG;Sul;Abalroamento - Longitudinal;0;0;0;2;0;0;0;0;0;0;0;1;2;0;0
21/02/2015;21:28:00;199;Acidente sem Vítima;758,5;BR-040/MG;Norte;Atropelamento - Animal;1;0;0;0;0;0;0;0;0;0;1;0;0;0;0
22/02/2015;18:00:00;151;Acidente sem Vítima;0,5;BR-040/GO;Norte;Colisão traseira;2;0;0;0;0;0;0;0;0;0;2;0;0;0;0
22/02/2015;19:02:00;167;Acidente com Vítima;1;BR-040/GO;Norte;Outros;0;0;0;1;0;0;0;0;0;0;0;0;1;0;0
22/02/2015;18:03:00;150;Acidente com Vítima;1,5;BR-040/GO;Norte;Colisão traseira;3;0;0;0;0;0;0;0;0;0;6;1;0;0;0
22/02/2015;07:43:00;31;Acidente com Vítima;425;BR-040/MG;Norte;Choque com objeto fixo;1;0;0;0;0;0;0;0;0;0;0;0;2;0;0
22/02/2015;20:39:00;183;Acidente com Morte;505;BR-040/MG;Norte;Capotamento;1;0;0;0;0;0;0;0;0;0;0;0;1;0;1
22/02/2015;20:01:00;178;Acidente sem Vítima;509;BR-040/MG;Sul;Colisão traseira;1;0;0;0;0;1;0;0;0;0;2;0;0;0;0
22/02/2015;05:18:00;15;Acidente com Vítima;524;BR-040/MG;Norte;Capotamento;1;0;0;0;0;0;0;0;0;0;2;0;0;0;0
22/02/2015;07:44:00;33;Acidente sem Vítima;587,5;BR-040/MG;Norte;Abalroamento - Longitudinal;0;0;1;1;0;0;0;0;0;0;2;0;0;0;0
22/02/2015;10:44:00;65;Acidente sem Vítima;718;BR-040/MG;Sul;Capotamento;1;0;0;0;0;0;0;0;0;0;4;0;0;0;0
22/02/2015;15:34:00;121;Acidente com Vítima;736;BR-040/MG;Sul;Queda de Carga;0;0;1;0;0;0;0;0;0;0;0;0;1;0;0
22/02/2015;17:23:00;143;Acidente sem Vítima;749;BR-040/MG;Sul;Queda de Carga;0;0;1;0;0;0;0;0;0;0;1;0;0;0;0
22/02/2015;20:41:00;185;Acidente sem Vítima;115;BR-040/GO;Sul;Atropelamento - Animal;1;0;0;0;0;0;0;0;0;0;1;0;0;0;0
23/02/2015;06:33:00;69;Acidente sem Vítima;8;BR-040/GO;Norte;Colisão traseira;2;0;0;0;0;0;0;0;0;0;2;0;0;0;0
23/02/2015;14:09:00;152;Acidente sem Vítima;42;BR-040/MG;Norte;Colisão traseira;2;0;0;0;0;0;0;0;0;0;5;0;0;0;0
23/02/2015;04:40:00;14;Acidente sem Vítima;130;BR-040/MG;Norte;Colisão traseira;2;0;0;0;0;0;0;0;0;0;4;0;0;0;0
23/02/2015;15:21:00;167;Acidente com Morte;336;BR-040/MG;Norte;Capotamento;1;0;0;0;0;0;0;0;0;0;0;0;3;0;1
23/02/2015;03:02:00;10;Acidente sem Vítima;436;BR-040/MG;Sul;Capotamento;1;0;0;0;0;0;0;0;0;0;5;0;0;0;0
23/02/2015;19:15:00;222;Acidente sem Vítima;526;BR-040/MG;Sul;Queda de Carga;0;0;1;0;0;0;0;0;0;0;1;0;0;0;0
23/02/2015;10:27:00;97;Acidente sem Vítima;534;BR-040/MG;Sul;Abalroamento - Longitudinal;1;0;0;0;0;1;0;0;0;0;2;0;0;0;0
23/02/2015;09:00:00;73;Acidente sem Vítima;544;BR-040/MG;Sul;Abalroamento - Longitudinal;2;0;0;0;0;0;0;0;0;0;2;0;0;0;0
23/02/2015;06:55:00;25;Acidente sem Vítima;617;BR-040/MG;Sul;Capotamento;0;0;1;0;0;0;0;0;0;0;1;0;0;0;0
23/02/2015;11:16:00;109;Acidente com Vítima;628;BR-040/MG;Sul;Colisão frontal;2;0;0;0;0;0;0;0;0;0;0;0;0;0;0
24/02/2015;19:10:00;211;Atropelamento sem Morte;1,5;BR-040/GO;Norte;Atropelamento - Pedestre atravessando;1;0;0;0;0;0;0;0;0;0;1;1;0;0;0
24/02/2015;10:53:00;101;Atropelamento sem Morte;1,5;BR-040/GO;Sul;Atropelamento - Pedestre atravessando;0;0;0;1;0;0;0;0;0;0;1;0;0;1;0
24/02/2015;15:49:00;170;Acidente com Vítima;6;BR-040/DF;Sul;Abalroamento - Longitudinal;0;0;0;2;0;0;0;0;0;0;1;1;0;0;0
24/02/2015;07:16:00;32;Acidente sem Vítima;6;BR-040/GO;Norte;Colisão traseira;1;0;0;0;1;0;0;0;0;0;2;0;0;0;0
24/02/2015;06:12:00;23;Acidente sem Vítima;6,4;BR-040/GO;Norte;Colisão traseira;4;0;0;0;0;0;0;0;0;0;5;0;0;0;0
24/02/2015;05:21:00;19;Acidente com Vítima;452;BR-040/MG;Sul;Outros;1;0;0;0;0;0;0;0;0;0;0;2;0;0;0
24/02/2015;15:10:00;161;Acidente sem Vítima;471;BR-040/MG;Norte;Outros;1;0;0;0;0;0;0;0;0;0;1;0;0;0;0
24/02/2015;10:16:00;90;Acidente sem Vítima;473;BR-040/MG;Norte;Colisão traseira;2;0;0;0;0;0;0;0;0;0;2;0;0;0;0
24/02/2015;07:04:00;30;Acidente com Vítima;530;BR-040/MG;Sul;Abalroamento - Longitudinal;0;0;1;1;0;0;0;0;0;0;1;1;0;0;0
24/02/2015;16:56:00;187;Acidente com Vítima;568;BR-040/MG;Sul;Colisão frontal;2;0;0;0;0;0;0;0;0;0;0;1;1;0;0
24/02/2015;00:30:00;4;Acidente sem Vítima;696;BR-040/MG;Norte;Atropelamento - Animal;0;0;1;0;0;0;0;0;0;0;1;0;0;0;0
24/02/2015;17:15:00;190;Acidente sem Vítima;712;BR-040/MG;Norte;Abalroamento - Longitudinal;1;0;1;0;0;0;0;0;0;0;2;0;0;0;0
24/02/2015;18:25:00;203;Acidente com Vítima;112;BR-040/GO;Sul;Colisão frontal;1;0;1;0;0;0;0;0;0;0;2;0;1;0;0
25/02/2015;09:13:00;67;Acidente sem Vítima;2;BR-040/GO;Sul;Colisão traseira;1;0;0;1;0;0;0;0;0;0;2;0;0;0;0
25/02/2015;07:53:00;43;Acidente com Vítima;3;BR-040/DF;Norte;Abalroamento - Longitudinal;2;0;0;1;0;0;0;0;0;0;3;0;0;0;0
25/02/2015;23:51:00;270;Acidente com Vítima;7;BR-040/GO;Norte;Outros;0;0;0;1;0;0;0;0;0;0;0;1;0;0;0
25/02/2015;18:03:00;211;Acidente sem Vítima;43;BR-040/MG;Sul;Abalroamento - Longitudinal;1;0;0;1;0;0;0;0;0;0;2;0;0;0;0
25/02/2015;22:24:00;261;Acidente com Vítima;315,005;BR-040/MG;Sul;Abalroamento - Longitudinal;0;0;2;0;0;0;0;0;0;0;1;1;0;0;0
25/02/2015;19:30:00;235;Atropelamento sem Morte;509;BR-040/MG;Norte;Atropelamento - Pedestre atravessando;1;0;0;0;0;0;0;0;0;0;1;1;1;0;0
25/02/2015;14:15:00;146;Acidente sem Vítima;525;BR-040/MG;Norte;Colisão traseira;3;0;0;0;0;0;0;0;0;0;3;0;0;0;0
25/02/2015;18:22:00;220;Acidente com Vítima;525,007;BR-040/MG;Norte;Outros;0;0;0;1;0;0;0;0;0;0;0;2;0;0;0