data;horario;n_da_ocorrencia;tipo_de_ocorrencia;km;trecho;sentido;tipo_de_acidente;automovel;bicicleta;caminhao;moto;onibus;outros;tracao_animal;transporte_de_cargas_especiais;trator_maquinas;utilitarios;ilesos;levemente_feridos;moderadamente_feridos;gravemente_feridos;mortos
20/03/2015;14:27:00;173;Acidente sem Vítima;1,7;BR-040/GO;Sul;Colisão traseira;1;0;0;1;0;0;0;0;0;0;2;0;0;0;0
20/03/2015;19:39:00;266;Acidente com Vítima;2,005;BR-040/GO;Sul;Abalroamento - Longitudinal;1;0;0;1;0;0;0;0;0;0;1;1;0;0;0
20/03/2015;16:08:00;202;Acidente com Vítima;2,6;BR-040/GO;Sul;Colisão traseira;1;0;0;1;0;0;0;0;0;0;1;0;1;0;0
20/03/2015;09:29:00;99;Atropelamento sem Morte;8;BR-040/GO;Sul;Atropelamento - Pedestre atravessando;0;0;1;0;0;0;0;0;0;0;1;0;0;0;0
20/03/2015;16:48:00;217;Acidente com Vítima;25,5;BR-040/MG;Sul;Outros;1;0;1;0;0;0;0;0;0;0;1;1;0;0;0
20/03/2015;03:15:00;10;Acidente sem Vítima;36,5;BR-040/MG;Norte;Atropelamento - Animal;1;0;0;0;0;0;0;0;0;0;2;0;0;0;0
20/03/2015;19:43:00;268;Acidente com Vítima;26;BR-040/GO;Norte;Abalroamento - Longitudinal;2;0;0;0;0;0;0;0;0;0;1;0;1;0;0
20/03/2015;15:15:00;189;Acidente sem Vítima;196,2;BR-040/MG;Sul;Capotamento;1;0;0;0;0;0;0;0;0;0;1;0;0;0;0
20/03/2015;16:25:00;236;Acidente sem Vítima;236;BR-040/MG;Sul;Outros;1;0;0;0;0;0;0;0;0;0;1;0;0;0;0
20/03/2015;16:50:00;216;Acidente com Vítima;261;BR-040/MG;Sul;Choque com objeto fixo;2;0;0;0;0;0;0;0;0;0;1;2;0;0;0
20/03/2015;20:43:00;283;Acidente sem Vítima;429;BR-040/MG;Norte;Outros;1;0;0;0;0;0;0;0;0;0;1;0;0;0;0
20/03/2015;11:58:00;140;Acidente com Vítima;474,5;BR-040/MG;Sul;Colisão traseira;1;0;0;1;0;0;0;0;0;0;2;0;0;0;0
20/03/2015;16:26:00;209;Acidente sem Vítima;516;BR-040/MG;Sul;Colisão traseira;1;0;1;0;0;0;0;0;0;0;2;0;0;0;0
20/03/2015;13:01:00;157;Acidente sem Vítima;516;BR-040/MG;Norte;Choque com objeto fixo;1;0;0;0;0;0;0;0;0;0;1;0;0;0;0
20/03/2015;18:46:00;252;Acidente sem Vítima;523;BR-040/MG;Norte;Capotamento;0;0;0;1;0;0;0;0;0;0;0;0;0;0;0
20/03/2015;20:45:00;284;Acidente com Vítima;528;BR-040/MG;Norte;Colisão traseira;1;0;1;2;0;0;0;0;0;0;4;0;0;0;0
20/03/2015;06:38:00;33;Acidente com Vítima;528;BR-040/MG;Sul;Outros;0;0;0;1;0;0;0;0;0;0;0;2;0;0;0
20/03/2015;22:26:00;298;Acidente com Vítima;563;BR-040/MG;Sul;Capotamento;1;0;0;0;0;0;0;0;0;1;2;0;0;0;0
20/03/2015;22:46:00;302;Acidente sem Vítima;672;BR-040/MG;Sul;Capotamento;1;0;0;0;0;0;0;0;0;0;2;0;0;0;0
20/03/2015;17:24:00;230;Acidente com Vítima;695;BR-040/MG;Norte;Colisão traseira;1;0;0;1;0;0;0;0;0;0;1;1;0;0;0
20/03/2015;14:59:00;185;Acidente sem Vítima;728;BR-040/MG;Sul;Outros;0;0;1;0;0;0;0;0;0;0;2;0;0;0;0
20/03/2015;07:46:00;53;Acidente com Vítima;737;BR-040/MG;Sul;Capotamento;0;0;0;0;1;0;0;0;0;0;1;0;2;0;0
20/03/2015;06:58:00;39;Acidente sem Vítima;137;BR-040/GO;Sul;Capotamento;1;0;0;0;0;0;0;0;0;0;1;0;0;0;0
20/03/2015;12:36:00;151;Acidente com Vítima;769;BR-040/MG;Sul;Colisão frontal;2;0;0;0;0;0;0;0;0;0;0;1;1;0;0
21/03/2015;18:57:00;261;Acidente sem Vítima;2,2;BR-040/GO;Norte;Colisão traseira;2;0;0;0;0;0;0;0;0;0;4;0;0;0;0
21/03/2015;22:41:00;305;Atropelamento sem Morte;8;BR-040/GO;Sul;Atropelamento - Pedestre atravessando;1;0;0;0;0;0;0;0;0;0;2;0;0;0;0
21/03/2015;19:43:00;273;Acidente sem Vítima;12;BR-040/GO;Norte;Colisão traseira;1;0;0;0;0;1;0;0;0;0;2;0;0;0;0
21/03/2015;17:50:00;247;Acidente sem Vítima;30;BR-040/MG;Norte;Choque com objeto fixo;1;0;0;0;0;0;0;0;0;0;1;0;0;0;0
21/03/2015;14:39:00;212;Acidente com Vítima;93;BR-040/MG;Sul;Capotamento;1;0;0;0;0;0;0;0;0;0;0;2;0;0;0
21/03/2015;20:59:00;289;Acidente sem Vítima;201;BR-040/MG;Sul;Choque com objeto fixo;1;0;0;0;0;0;0;0;0;0;2;0;0;0;0
21/03/2015;07:00:00;86;Acidente sem Vítima;321;BR-040/MG;Norte;Outros;1;0;0;0;0;0;0;0;0;0;4;0;0;0;0
21/03/2015;05:25:00;65;Acidente sem Vítima;461,5;BR-040/MG;Sul;Queda de Carga;0;0;1;0;0;0;0;0;0;0;1;0;0;0;0
21/03/2015;06:54:00;83;Acidente sem Vítima;462;BR-040/MG;Norte;Atropelamento - Animal;1;0;0;0;0;0;0;0;0;0;4;0;0;0;0
21/03/2015;21:51:00;296;Acidente sem Vítima;492;BR-040/MG;Norte;Outros;1;0;0;0;0;0;0;0;0;0;1;0;0;0;0
21/03/2015;19:56:00;277;Atropelamento sem Morte;509;BR-040/MG;Norte;Atropelamento - Pedestre atravessando;1;0;0;0;0;0;0;0;0;0;1;0;0;1;0
21/03/2015;11:12:00;160;Acidente com Vítima;510;BR-040/MG;Sul;Capotamento;1;0;0;0;0;0;0;0;0;0;0;0;0;1;0
21/03/2015;14:00:00;198;Acidente sem Vítima;511;BR-040/MG;Norte;Colisão traseira;3;0;0;0;0;0;0;0;0;0;7;0;0;0;0
21/03/2015;19:00:00;263;Acidente sem Vítima;524;BR-040/MG;Sul;Outros;0;0;0;1;0;0;0;0;0;0;2;0;0;0;0
21/03/2015;06:00:00;70;Acidente sem Vítima;526,5;BR-040/MG;Norte;Queda de Carga;0;0;1;0;0;0;0;0;0;0;1;0;0;0;0
21/03/2015;05:46:00;68;Acidente sem Vítima;545;BR-040/MG;Sul;Choque com objeto fixo;1;0;0;0;0;0;0;0;0;0;1;0;0;0;0
21/03/2015;08:13:00;108;Acidente sem Vítima;620;BR-040/MG;Sul;Outros;0;0;1;0;0;0;0;0;0;0;1;0;0;0;0
21/03/2015;07:40:00;99;Acidente sem Vítima;655;BR-040/MG;Norte;Queda de Carga;0;0;0;0;0;0;0;0;0;1;2;0;0;0;0
21/03/2015;03:25:00;43;Acidente sem Vítima;88;BR-040/GO;Sul;Abalroamento - Transversal;1;0;0;0;1;0;0;0;0;0;2;0;0;0;0
21/03/2015;16:22:00;228;Acidente sem Vítima;693;BR-040/MG;Sul;Colisão traseira;2;0;0;0;0;0;0;0;0;0;2;0;0;0;0
21/03/2015;10:37:00;153;Acidente sem Vítima;730,2;BR-040/MG;Sul;Choque com objeto fixo;1;0;0;0;0;0;0;0;0;0;1;0;0;0;0
21/03/2015;09:52:00;137;Acidente com Vítima;735,005;BR-040/MG;Sul;Abalroamento - Longitudinal;2;0;0;0;0;0;0;0;0;0;0;2;0;0;0
21/03/2015;07:53:00;102;Acidente sem Vítima;747;BR-040/MG;Sul;Colisão traseira;2;0;0;0;0;0;0;0;0;0;2;0;0;0;0
22/03/2015;13:02:00;113;Acidente com Vítima;6;BR-040/GO;Sul;Outros;0;0;0;1;0;0;0;0;0;0;0;0;1;0;0
22/03/2015;14:20:00;138;Acidente com Vítima;28;BR-040/MG;Norte;Capotamento;1;0;0;0;0;0;0;0;0;0;0;2;0;0;0
22/03/2015;16:18:00;163;Acidente sem Vítima;36,5;BR-040/MG;Sul;Abalroamento - Longitudinal;2;0;0;0;0;0;0;0;0;0;2;0;0;0;0
22/03/2015;06:17:00;26;Acidente com Vítima;361,9;BR-040/MG;Sul;Abalroamento - Longitudinal;1;0;0;0;0;1;0;0;0;0;1;0;2;0;0
22/03/2015;12:38:00;104;Acidente sem Vítima;462,2;BR-040/MG;Sul;Queda de Carga;0;0;1;0;0;0;0;0;0;0;1;0;0;0;0
22/03/2015;14:04:00;132;Acidente com Vítima;512;BR-040/MG;Norte;Outros;1;0;0;0;0;0;0;0;0;0;0;1;0;0;0
22/03/2015;13:24:00;118;Acidente com Vítima;512;BR-040/MG;Sul;Outros;1;0;0;0;0;0;0;0;0;0;0;1;0;0;0
22/03/2015;16:57:00;178;Acidente sem Vítima;518;BR-040/MG;Sul;Colisão traseira;2;0;0;0;0;0;0;0;0;0;2;0;0;0;0
22/03/2015;16:29:00;171;Acidente sem Vítima;519;BR-040/MG;Sul;Colisão traseira;3;0;0;0;0;0;0;0;0;0;3;0;0;0;0
22/03/2015;15:04:00;148;Acidente sem Vítima;522;BR-040/MG;Sul;Capotamento;2;0;0;0;0;0;0;0;0;0;2;0;0;0;0
22/03/2015;07:04:00;31;Acidente sem Vítima;524,4;BR-040/MG;Norte;Capotamento;1;0;0;0;0;0;0;0;0;0;1;0;0;0;0
22/03/2015;21:59:00;237;Acidente sem Vítima;527,5;BR-040/MG;Norte;Outros;1;0;0;0;0;0;0;0;0;0;1;0;0;0;0
22/03/2015;10:59:00;81;Acidente com Vítima;559;BR-040/MG;Sul;Capotamento;1;0;0;0;0;0;0;0;0;0;1;0;0;0;0
22/03/2015;17:12:00;184;Acidente sem Vítima;610;BR-040/MG;Sul;Capotamento;1;0;0;0;0;0;0;0;0;0;4;0;0;0;0
22/03/2015;17:44:00;194;Acidente sem Vítima;656;BR-040/MG;Norte;Outros;1;0;0;0;0;0;0;0;0;0;4;0;0;0;0
22/03/2015;14:55:00;144;Acidente sem Vítima;717;BR-040/MG;Sul;Queda de Carga;1;0;0;0;0;0;0;0;0;0;3;0;0;0;0
22/03/2015;14:03:00;131;Acidente com Vítima;727;BR-040/MG;Sul;Choque em barreira New Jersey;1;0;0;0;0;0;0;0;0;0;1;1;0;0;0
22/03/2015;10:49:00;76;Acidente sem Vítima;731;BR-040/MG;Norte;Capotamento;1;0;0;0;0;0;0;0;0;0;2;0;0;0;0
23/03/2015;16:40:00;214;Atropelamento sem Morte;2;BR-040/GO;Norte;Atropelamento - Pedestre atravessando;1;0;0;0;0;0;0;0;0;0;1;0;0;0;0
23/03/2015;17:23:00;229;Acidente sem Vítima;9;BR-040/GO;Sul;Colisão traseira;0;0;0;0;2;0;0;0;0;0;2;0;0;0;0
23/03/2015;11:34:00;138;Acidente sem Vítima;42;BR-040/MG;Sul;Outros;0;0;0;1;0;0;0;0;0;0;1;0;0;0;0
23/03/2015;19:08:00;255;Acidente sem Vítima;510;BR-040/MG;Sul;Outros;0;0;0;0;0;1;0;0;0;0;1;0;0;0;0
23/03/2015;07:20:00;31;Acidente sem Vítima;515,2;BR-040/MG;Sul;Abalroamento - Transversal;2;0;0;0;0;0;0;0;0;0;2;0;0;0;0
23/03/2015;18:55:00;253;Acidente com Vítima;523,3;BR-040/MG;Sul;Outros;0;0;0;1;0;0;0;0;0;0;0;0;1;0;0
23/03/2015;21:05:00;287;Acidente sem Vítima;525,12;BR-040/MG;Sul;Outros;0;0;0;1;0;0;0;0;0;0;1;0;0;0;0
23/03/2015;19:18:00;259;Acidente sem Vítima;533;BR-040/MG;Norte;Abalroamento - Longitudinal;1;0;1;0;0;0;0;0;0;0;2;0;0;0;0
23/03/2015;09:19:00;100;Acidente sem Vítima;538;BR-040/MG;Norte;Colisão traseira;0;0;2;0;0;0;0;0;0;0;4;0;0;0;0
23/03/2015;08:16:00;65;Acidente sem Vítima;538;BR-040/MG;Norte;Colisão traseira;3;0;2;0;0;0;0;0;0;0;5;0;0;0;0
23/03/2015;11:14:00;133;Acidente sem Vítima;541;BR-040/MG;Norte;Choque em barreira New Jersey;1;0;0;0;0;0;0;0;0;0;16;0;0;0;0
23/03/2015;05:54:00;15;Acidente sem Vítima;562;BR-040/MG;Sul;Queda de Carga;1;0;0;0;0;0;0;0;0;0;1;0;0;0;0
23/03/2015;08:32:00;72;Acidente sem Vítima;590;BR-040/MG;Norte;Abalroamento - Transversal;0;0;1;0;1;0;0;0;0;0;4;0;0;0;0
23/03/2015;00:25:00;4;Acidente sem Vítima;608;BR-040/MG;Sul;Outros;0;0;1;0;0;0;0;0;0;0;1;0;0;0;0
23/03/2015;10:57:00;128;Acidente com Vítima;614;BR-040/MG;Sul;Colisão traseira;2;0;1;0;0;0;0;0;0;0;2;1;1;0;0
23/03/2015;12:09:00;152;Acidente sem Vítima;656;BR-040/MG;Norte;Outros;1;0;0;0;0;0;0;0;0;0;1;0;0;0;0
23/03/2015;22:46:00;300;Acidente sem Vítima;53;BR-040/GO;Sul;Outros;1;0;0;0;0;0;0;0;0;0;1;0;0;0;0
23/03/2015;09:28:00;104;Acidente sem Vítima;96,5;BR-040/GO;Norte;Abalroamento - Transversal;0;0;1;0;1;0;0;0;0;0;2;0;0;0;0
23/03/2015;01:58:00;9;Acidente sem Vítima;695,8;BR-040/MG;Sul;Outros;1;0;0;0;0;0;0;0;0;0;1;0;0;0;0
23/03/2015;15:14:00;188;Acidente sem Vítima;726;BR-040/MG;Sul;Choque em barreira New Jersey;1;0;0;0;0;0;0;0;0;0;2;0;0;0;0
23/03/2015;07:28:00;36;Acidente com Vítima;735;BR-040/MG;Norte;Abalroamento - Longitudinal;0;0;2;0;0;0;0;0;0;0;1;1;0;0;0
24/03/2015;21:17:00;322;Acidente sem Vítima;119;BR-040/MG;Norte;Capotamento;1;0;0;0;0;0;0;0;0;0;3;0;0;0;0
24/03/2015;08:05:00;62;Acidente com Morte;448;BR-040/MG;Norte;Colisão frontal;1;0;1;0;0;0;0;0;0;0;0;1;0;0;1
24/03/2015;03:50:00;12;Acidente sem Vítima;485;BR-040/MG;Norte;Atropelamento - Animal;0;0;0;0;1;0;0;0;0;0;1;0;0;0;0
24/03/2015;01:41:00;7;Acidente sem Vítima;485;BR-040/MG;Sul;Atropelamento - Animal;1;0;0;0;0;0;0;0;0;0;1;0;0;0;0
24/03/2015;18:35:00;280;Acidente sem Vítima;522;BR-040/MG;Sul;Colisão traseira;0;0;1;0;0;1;0;0;0;0;2;0;0;0;0
24/03/2015;17:59:00;274;Acidente sem Vítima;527;BR-040/MG;Norte;Choque com objeto fixo;1;0;0;0;0;0;0;0;0;0;1;0;0;0;0
24/03/2015;18:12:00;276;Acidente sem Vítima;531,9;BR-040/MG;Sul;Outros;0;0;0;1;0;0;0;0;0;0;1;0;0;0;0
24/03/2015;16:35:00;238;Acidente com Vítima;714;BR-040/MG;Sul;Outros;2;0;0;0;0;0;0;0;0;0;2;0;0;0;0
25/03/2015;20:46:00;315;Atropelamento com Morte;5;BR-040/GO;Norte;Atropelamento - Pedestre atravessando;0;0;1;0;0;0;0;0;0;0;1;0;0;0;1
25/03/2015;07:15:00;51;Acidente com Vítima;9;BR-040/GO;Norte;Queda de Carga;0;0;0;1;0;0;0;0;0;0;0;1;0;0;0
25/03/2015;12:14:00;168;Acidente sem Vítima;35;BR-040/MG;Norte;Capotamento;1;0;0;0;0;0;0;0;0;0;1;0;0;0;0
25/03/2015;14:47:00;216;Acidente sem Vítima;496;BR-040/MG;Norte;Colisão traseira;2;0;0;0;0;0;0;0;0;0;2;0;0;0;0
25/03/2015;18:52:00;289;Acidente sem Vítima;518,002;BR-040/MG;Norte;Outros;1;0;0;0;0;0;0;0;0;0;1;0;0;0;0
25/03/2015;14:07:00;202;Acidente com Vítima;533;BR-040/MG;Norte;Colisão traseira;0;0;1;1;0;0;0;0;0;0;1;0;1;0;0
25/03/2015;08:29:00;84;Acidente sem Vítima;533;BR-040/MG;Sul;Colisão traseira;1;0;1;0;0;0;0;0;0;0;4;0;0;0;0
25/03/2015;20:48:00;316;Acidente com Morte;566;BR-040/MG;Sul;Abalroamento - Longitudinal;1;0;1;0;0;0;0;0;0;0;2;0;0;0;1
25/03/2015;10:20:00;141;Acidente sem Vítima;622;BR-040/MG;Norte;Colisão traseira;2;0;0;0;0;0;0;0;0;0;6;0;0;0;0
25/03/2015;14:33:00;212;Acidente com Vítima;702;BR-040/MG;Sul;Choque em barreira New Jersey;1;0;0;0;0;1;0;0;0;0;2;0;1;0;0
25/03/2015;16:40:00;251;Acidente com Vítima;750,19;BR-040/MG;Norte;Outros;1;0;0;0;0;0;0;0;0;0;0;0;0;1;0
25/03/2015;06:57:00;47;Acidente sem Vítima;752;BR-040/MG;Norte;Abalroamento - Longitudinal;1;0;1;0;0;0;0;0;0;0;2;0;0;0;0
25/03/2015;18:59:00;293;Acidente sem Vítima;755;BR-040/MG;Norte;Abalroamento - Transversal;2;0;0;0;0;0;0;0;0;0;2;0;0;0;0
25/03/2015;18:53:00;290;Acidente sem Vítima;767;BR-040/MG;Norte;Abalroamento - Longitudinal;1;0;0;0;1;0;0;0;0;0;2;0;0;0;0
25/03/2015;20:55:00;318;Acidente sem Vítima;771,1;BR-040/MG;Norte;Abalroamento - Transversal;1;0;1;0;0;0;0;0;0;0;2;0;0;0;0
26/03/2015;09:51:00;116;Acidente sem Vítima;50;BR-040/MG;Norte;Colisão traseira;0;0;1;1;0;0;0;0;0;0;2;0;0;0;0
26/03/2015;19:13:00;242;Acidente sem Vítima;90;BR-040/MG;Sul;Outros;0;0;0;1;0;0;0;0;0;0;1;0;0;0;0
26/03/2015;06:36:00;34;Acidente com Vítima;391;BR-040/MG;Sul;Queda de Carga;0;0;1;0;0;0;0;0;0;0;0;2;0;0;0
26/03/2015;21:48:00;274;Acidente com Vítima;537,8;BR-040/MG;Sul;Abalroamento - Longitudinal;1;0;0;1;0;0;0;0;0;0;3;0;1;0;0
26/03/2015;15:08:00;185;Acidente sem Vítima;543;BR-040/MG;Norte;Abalroamento - Longitudinal;1;0;1;0;0;0;0;0;0;0;2;0;0;0;0
26/03/2015;01:30:00;7;Acidente com Vítima;543;BR-040/MG;Norte;Colisão traseira;0;0;2;0;0;0;0;0;0;0;4;0;0;0;0
27/03/2015;19:01:00;231;Acidente com Vítima;10,003;BR-040/GO;Norte;Abalroamento - Longitudinal;0;0;0;2;0;0;0;0;0;0;0;2;1;0;0
27/03/2015;22:49:00;289;Acidente com Vítima;46;BR-040/MG;Norte;Outros;0;0;0;1;0;0;0;0;0;0;0;0;1;0;0
27/03/2015;20:15:00;257;Atropelamento sem Morte;24,1;BR-040/GO;Norte;Atropelamento - Pedestre caminhando;1;0;0;0;0;0;0;0;0;0;1;0;0;0;0
27/03/2015;23:04:00;291;Acidente sem Vítima;459,6;BR-040/MG;Norte;Atropelamento - Animal;1;0;0;0;0;0;0;0;0;0;1;0;0;0;0
27/03/2015;14:56:00;160;Acidente sem Vítima;480;BR-040/MG;Sul;Capotamento;1;0;0;0;0;0;0;0;0;0;1;0;0;0;0
27/03/2015;21:42:00;276;Acidente sem Vítima;525;BR-040/MG;Norte;Abalroamento - Longitudinal;2;0;0;0;0;0;0;0;0;0;2;0;0;0;0
27/03/2015;07:34:00;42;Acidente sem Vítima;542;BR-040/MG;Sul;Abalroamento - Transversal;2;0;0;1;0;0;0;0;0;0;3;0;0;0;0
27/03/2015;20:23:00;260;Atropelamento com Morte;569,98;BR-040/MG;Norte;Atropelamento - Pedestre atravessando;1;0;0;0;0;0;0;0;0;0;1;0;0;0;1
27/03/2015;17:39:00;204;Acidente sem Vítima;570,6;BR-040/MG;Norte;Abalroamento - Longitudinal;1;0;1;0;0;0;0;0;0;0;3;0;0;0;0
27/03/2015;15:55:00;172;Acidente sem Vítima;582,002;BR-040/MG;Sul;Abalroamento - Longitudinal;1;0;0;1;0;0;0;0;0;0;2;0;0;0;0
27/03/2015;16:48:00;189;Acidente sem Vítima;625;BR-040/MG;Norte;Colisão traseira;2;0;1;0;0;0;0;0;0;0;4;0;0;0;0
27/03/2015;20:32:00;264;Acidente sem Vítima;633;BR-040/MG;Norte;Outros;1;0;0;0;0;0;0;0;0;0;1;0;0;0;0
27/03/2015;13:39:00;146;Acidente sem Vítima;57;BR-040/GO;Norte;Outros;0;0;1;0;0;0;0;0;0;0;1;0;0;0;0
27/03/2015;16:43:00;187;Acidente sem Vítima;668;BR-040/MG;Norte;Abalroamento - Longitudinal;2;0;0;0;0;0;0;0;0;0;5;0;0;0;0
27/03/2015;15:37:00;171;Acidente com Vítima;724;BR-040/MG;Norte;Capotamento;1;0;0;0;0;0;0;0;0;0;1;0;0;0;0
28/03/2015;12:26:00;155;Acidente sem Vítima;2,3;BR-040/MG;Sul;Colisão traseira;2;0;0;0;0;0;0;0;0;0;2;0;0;0;0
28/03/2015;05:16:00;23;Acidente sem Vítima;2,7;BR-040/GO;Norte;Colisão traseira;2;0;0;0;0;0;0;0;0;0;2;0;0;0;0
28/03/2015;21:38:00;279;Acidente com Vítima;5;BR-040/GO;Norte;Capotamento;1;0;0;0;0;0;0;0;0;0;1;1;0;0;0
28/03/2015;07:28:00;47;Acidente com Vítima;6;BR-040/DF;Sul;Outros;0;0;0;1;0;0;0;0;0;0;0;1;0;0;0
28/03/2015;10:26:00;109;Acidente com Vítima;232,9;BR-040/MG;Norte;Queda de Carga;1;0;0;0;0;0;0;0;0;0;2;0;1;0;0
28/03/2015;19:34:00;254;Acidente com Vítima;510;BR-040/MG;Sul;Colisão traseira;1;0;0;1;0;0;0;0;0;0;1;0;2;0;0
28/03/2015;18:34:00;239;Acidente com Vítima;511,009;BR-040/MG;Norte;Outros;0;0;0;1;0;0;0;0;0;0;1;0;0;0;0
28/03/2015;17:18:00;225;Acidente com Vítima;512;BR-040/MG;Norte;Outros;0;0;0;1;0;0;0;0;0;0;1;0;0;0;0
28/03/2015;12:01:00;150;Acidente sem Vítima;545;BR-040/MG;Norte;Outros;2;0;0;0;0;0;0;0;0;0;4;0;0;0;0
28/03/2015;05:52:00;27;Acidente com Vítima;546;BR-040/MG;Norte;Colisão traseira;2;0;0;0;0;0;0;0;0;0;4;1;0;0;0
28/03/2015;21:18:00;271;Acidente sem Vítima;549,005;BR-040/MG;Norte;Colisão traseira;2;0;0;0;0;0;0;0;0;0;2;0;0;0;0
28/03/2015;00:05:00;2;Acidente sem Vítima;689,1;BR-040/MG;Sul;Outros;1;0;0;0;0;0;0;0;0;0;2;0;0;0;0
28/03/2015;18:08:00;235;Acidente com Vítima;767;BR-040/MG;Norte;Colisão traseira;2;0;0;0;0;0;0;0;0;0;2;2;0;0;0
29/03/2015;06:00:00;22;Acidente sem Vítima;2,1;BR-040/DF;Norte;Capotamento;1;0;0;0;0;0;0;0;0;0;3;0;0;0;0
29/03/2015;01:06:00;4;Acidente com Vítima;2,2;BR-040/DF;Sul;Capotamento;1;0;0;0;0;0;0;0;0;0;0;1;0;0;0
29/03/2015;14:36:00;150;Acidente com Vítima;11;BR-040/GO;Norte;Abalroamento - Longitudinal;1;0;0;1;0;0;0;0;0;0;1;0;1;0;0
29/03/2015;13:07:00;124;Acidente com Vítima;276;BR-040/MG;Sul;Abalroamento - Transversal;2;0;0;0;0;0;0;0;0;0;0;0;0;0;0
29/03/2015;16:22:00;182;Acidente com Vítima;505,1;BR-040/MG;Sul;Outros;1;0;0;0;0;0;0;0;0;0;1;0;0;0;0
29/03/2015;18:19:00;216;Acidente sem Vítima;511,004;BR-040/MG;Sul;Colisão traseira;5;0;0;0;0;0;0;0;0;0;5;0;0;0;0
29/03/2015;12:30:00;120;Acidente sem Vítima;514,9;BR-040/MG;Norte;Outros;0;0;0;1;0;0;0;0;0;0;1;0;0;0;0
29/03/2015;18:30:00;221;Acidente com Vítima;614,3;BR-040/MG;Norte;Abalroamento - Transversal;1;0;1;0;0;0;0;0;0;0;2;2;0;0;0
29/03/2015;16:18:00;180;Acidente sem Vítima;655,78;BR-040/MG;Norte;Outros;1;0;0;0;0;0;0;0;0;0;1;0;0;0;0
29/03/2015;05:36:00;21;Acidente com Vítima;699;BR-040/MG;Norte;Outros;0;0;0;1;0;0;0;0;0;0;0;0;0;1;0
29/03/2015;00:41:00;3;Acidente sem Vítima;740,9;BR-040/MG;Norte;Outros;1;0;0;0;0;0;0;0;0;0;1;0;0;0;0
29/03/2015;16:16:00;179;Acidente sem Vítima;751;BR-040/MG;Sul;Outros;1;0;0;0;0;0;0;0;0;0;1;0;0;0;0
29/03/2015;19:28:00;238;Atropelamento com Morte;771,465;BR-040/MG;Sul;Atropelamento - Pedestre atravessando;1;0;0;0;0;0;0;0;0;0;1;0;0;0;1
30/03/2015;18:37:00;236;Acidente sem Vítima;6,8;BR-040/GO;Sul;Abalroamento - Longitudinal;1;0;0;1;0;0;0;0;0;0;2;0;0;0;0
30/03/2015;09:03:00;100;Acidente sem Vítima;123;BR-040/MG;Sul;Choque com objeto fixo;1;0;0;0;0;0;0;0;0;0;1;0;0;0;0
30/03/2015;06:10:00;25;Acidente com Vítima;135,8;BR-040/MG;Sul;Capotamento;1;0;0;0;0;0;0;0;0;0;0;0;1;0;0
30/03/2015;19:15:00;245;Acidente sem Vítima;454,1;BR-040/MG;Sul;Colisão traseira;2;0;0;0;0;0;0;0;0;0;3;0;0;0;0
30/03/2015;17:01:00;210;Acidente sem Vítima;471;BR-040/MG;Norte;Colisão traseira;1;0;1;0;0;0;0;0;0;0;2;0;0;0;0
30/03/2015;00:02:00;1;Acidente sem Vítima;496,003;BR-040/MG;Sul;Choque com objeto fixo;1;0;0;0;0;0;0;0;0;0;2;0;0;0;0
30/03/2015;06:25:00;30;Acidente com Vítima;510;BR-040/MG;Sul;Abalroamento - Longitudinal;1;0;0;1;0;0;0;0;0;0;1;0;2;0;0
30/03/2015;14:43:00;183;Acidente com Vítima;521;BR-040/MG;Norte;Outros;1;0;0;0;0;0;0;0;0;0;0;0;1;0;0
30/03/2015;12:43:00;149;Acidente sem Vítima;527;BR-040/MG;Norte;Colisão traseira;2;0;2;1;0;0;0;0;0;0;5;0;0;0;0
30/03/2015;06:41:00;35;Acidente com Vítima;528;BR-040/MG;Sul;Colisão traseira;1;0;0;1;0;0;0;0;0;0;1;0;0;1;0
30/03/2015;13:23:00;165;Atropelamento sem Morte;532;BR-040/MG;Sul;Atropelamento - Pedestre atravessando;0;0;0;1;0;0;0;0;0;0;1;0;1;0;0
30/03/2015;07:08:00;44;Acidente com Vítima;548;BR-040/MG;Sul;Colisão traseira;1;0;0;1;0;0;0;0;0;0;1;0;0;1;0
30/03/2015;21:48:00;275;Acidente com Vítima;609,6;BR-040/MG;Norte;Choque com objeto fixo;1;0;0;0;0;0;0;0;0;0;0;2;1;0;0
30/03/2015;23:16:00;288;Acidente com Vítima;609,7;BR-040/MG;Norte;Colisão traseira;1;0;1;0;0;0;0;0;0;0;4;4;0;0;0
30/03/2015;07:20:00;51;Acidente com Vítima;621,005;BR-040/MG;Sul;Abalroamento - Longitudinal;2;0;0;0;0;0;0;0;0;0;1;0;2;0;0
30/03/2015;15:39:00;191;Acidente com Vítima;622,1;BR-040/MG;Norte;Colisão frontal;2;0;0;0;0;0;0;0;0;0;4;1;0;0;0
30/03/2015;19:25:00;249;Acidente com Morte;7;BR-040/DF;Norte;Colisão traseira;1;0;1;0;0;0;0;0;0;0;1;0;0;0;1
30/03/2015;01:49:00;9;Acidente com Vítima;700,087;BR-040/MG;Norte;Capotamento;1;0;0;0;0;0;0;0;0;0;0;1;0;0;0
30/03/2015;12:32:00;147;Acidente com Vítima;711;BR-040/MG;Sul;Choque em barreira New Jersey;1;0;0;0;0;0;0;0;0;0;2;2;0;0;0