data;horario;n_da_ocorrencia;tipo_de_ocorrencia;km;trecho;sentido;tipo_de_acidente;automovel;bicicleta;caminhao;moto;onibus;outros;tracao_animal;transporte_de_cargas_especiais;trator_maquinas;utilitarios;ilesos;levemente_feridos;moderadamente_feridos;gravemente_feridos;mortos
12/04/2015;19:12:00;150;Acidente sem Vítima;0;BR-040/GO;Norte;Colisão traseira;2;0;0;0;0;0;0;0;0;0;2;0;0;0;0
12/04/2015;06:15:00;29;Acidente com Vítima;0,1;BR-040/GO;Norte;Colisão traseira;2;0;0;0;0;0;0;0;0;0;0;0;0;0;0
12/04/2015;19:35:00;158;Acidente sem Vítima;3;BR-040/GO;Norte;Colisão traseira;2;0;0;0;0;0;0;0;0;0;2;0;0;0;0
12/04/2015;03:45:00;22;Acidente com Vítima;4;BR-040/GO;Norte;Choque com objeto fixo;1;0;0;0;0;0;0;0;0;0;0;1;1;0;0
12/04/2015;06:01:00;27;Acidente com Vítima;6;BR-040/GO;Sul;Outros;1;0;0;0;0;0;0;0;0;0;0;1;0;0;0
12/04/2015;18:25:00;137;Acidente sem Vítima;7,4;BR-040/GO;Norte;Colisão traseira;2;0;0;0;0;0;0;0;0;0;2;0;0;0;0
12/04/2015;19:23:00;153;Acidente com Vítima;15,8;BR-040/GO;Norte;Colisão traseira;1;0;0;1;0;0;0;0;0;0;1;1;0;0;0
12/04/2015;03:58:00;23;Acidente sem Vítima;59;BR-040/MG;Sul;Outros;1;0;0;0;0;0;0;0;0;0;1;0;0;0;0
12/04/2015;16:38:00;115;Acidente sem Vítima;274;BR-040/MG;Norte;Outros;1;0;0;0;0;0;0;0;0;0;1;0;0;0;0
12/04/2015;16:21:00;108;Acidente com Vítima;437,7;BR-040/MG;Norte;Capotamento;1;0;0;0;0;0;0;0;0;0;0;3;1;0;0
12/04/2015;15:37:00;102;Acidente com Vítima;497,7;BR-040/MG;Norte;Colisão frontal;2;0;0;0;0;0;0;0;0;0;2;1;0;0;0
12/04/2015;03:06:00;18;Acidente com Vítima;507,9;BR-040/MG;Sul;Choque com objeto fixo;1;0;0;0;0;0;0;0;0;0;0;1;2;0;0
12/04/2015;18:58:00;143;Acidente com Vítima;508;BR-040/MG;Norte;Abalroamento - Longitudinal;1;0;0;1;0;0;0;0;0;0;1;0;1;0;0
12/04/2015;07:11:00;33;Acidente sem Vítima;516;BR-040/MG;Norte;Capotamento;1;0;0;0;0;0;0;0;0;0;1;0;0;0;0
12/04/2015;00:07:00;1;Acidente sem Vítima;516,2;BR-040/MG;Norte;Capotamento;1;0;0;0;0;0;0;0;0;0;1;0;0;0;0
12/04/2015;05:35:00;25;Acidente com Vítima;520;BR-040/MG;Norte;Outros;1;0;0;0;0;0;0;0;0;0;0;1;0;0;0
12/04/2015;06:28:00;30;Acidente sem Vítima;521;BR-040/MG;Norte;Colisão traseira;2;0;0;0;0;0;0;0;0;0;2;0;0;0;0
12/04/2015;01:09:00;9;Acidente sem Vítima;525;BR-040/MG;Sul;Capotamento;1;0;0;0;0;0;0;0;0;0;1;0;0;0;0
12/04/2015;18:53:00;141;Acidente sem Vítima;555,2;BR-040/MG;Norte;Colisão traseira;3;0;0;0;0;0;0;0;0;0;6;0;0;0;0
12/04/2015;01:16:00;10;Acidente sem Vítima;42;BR-040/GO;Sul;Outros;1;0;0;0;0;0;0;0;0;0;2;0;0;0;0
12/04/2015;18:10:00;136;Acidente sem Vítima;660,4;BR-040/MG;Sul;Colisão frontal;2;0;0;0;0;0;0;0;0;0;6;0;0;0;0
12/04/2015;16:41:00;116;Atropelamento sem Morte;700;BR-040/MG;Norte;Atropelamento - Pedestre atravessando;1;0;0;0;0;0;0;0;0;0;0;0;0;0;0
13/04/2015;13:01:00;174;Acidente sem Vítima;0,1;BR-040/GO;Norte;Colisão traseira;3;0;0;0;1;0;0;0;0;0;5;0;0;0;0
13/04/2015;08:11:00;84;Acidente com Vítima;0,285;BR-040/GO;Norte;Abalroamento - Longitudinal;1;0;0;1;0;0;0;0;0;0;1;0;1;0;0
13/04/2015;14:06:00;191;Atropelamento sem Morte;1,1;BR-040/GO;Sul;Atropelamento - Pedestre atravessando;0;0;0;1;0;0;0;0;0;0;0;2;0;0;0
13/04/2015;13:14:00;181;Acidente sem Vítima;2;BR-040/GO;Norte;Colisão traseira;2;0;0;0;0;0;0;0;0;0;11;0;0;0;0
13/04/2015;06:01:00;15;Acidente sem Vítima;8,339;BR-040/GO;Sul;Choque com objeto fixo;1;0;0;0;0;0;0;0;0;0;1;0;0;0;0
13/04/2015;09:26:00;120;Acidente sem Vítima;131,33;BR-040/MG;Sul;Queda de Carga;1;0;0;0;0;0;0;0;0;0;1;0;0;0;0
13/04/2015;10:00:00;134;Acidente sem Vítima;465;BR-040/MG;Norte;Outros;1;0;0;0;0;0;0;0;0;0;1;0;0;0;0
13/04/2015;16:10:00;221;Acidente com Vítima;503;BR-040/MG;Sul;Outros;0;0;0;1;0;0;0;0;0;0;0;0;1;0;0
13/04/2015;06:51:00;36;Acidente com Vítima;517;BR-040/MG;Sul;Abalroamento - Longitudinal;1;0;0;1;0;0;0;0;0;0;2;0;1;0;0
13/04/2015;18:43:00;276;Acidente sem Vítima;519;BR-040/MG;Norte;Outros;1;0;0;0;0;0;0;0;0;0;1;0;0;0;0
13/04/2015;07:16:00;47;Acidente sem Vítima;522;BR-040/MG;Sul;Capotamento;1;0;0;0;1;0;0;0;0;0;2;0;0;0;0
13/04/2015;08:17:00;87;Acidente sem Vítima;622;BR-040/MG;Sul;Colisão traseira;3;0;0;0;0;0;0;0;0;0;3;0;0;0;0
13/04/2015;19:24:00;287;Atropelamento sem Morte;694;BR-040/MG;Norte;Atropelamento - Ciclista;0;0;0;1;0;0;0;0;0;0;1;0;0;1;0
13/04/2015;19:01:00;280;Atropelamento sem Morte;737;BR-040/MG;Sul;Atropelamento - Pedestre atravessando;0;0;1;0;0;0;0;0;0;0;1;0;0;0;0
14/04/2015;21:24:00;316;Acidente sem Vítima;5,8;BR-040/MG;Sul;Capotamento;1;0;0;0;0;0;0;0;0;0;1;0;0;0;0
14/04/2015;06:15:00;24;Acidente com Vítima;5,005;BR-040/DF;Sul;Colisão traseira;2;0;0;1;0;0;0;0;0;0;2;0;1;0;0
14/04/2015;07:19:00;53;Acidente sem Vítima;443,7;BR-040/MG;Sul;Abalroamento - Longitudinal;1;0;0;1;0;0;0;0;0;0;2;0;0;0;0
14/04/2015;14:23:00;205;Acidente sem Vítima;529;BR-040/MG;Sul;Colisão traseira;1;0;1;0;0;0;0;0;0;0;2;0;0;0;0
14/04/2015;14:29:00;209;Acidente sem Vítima;529,229;BR-040/MG;Norte;Colisão traseira;2;0;0;0;0;0;0;0;0;0;2;0;0;0;0
14/04/2015;14:59:00;215;Acidente com Vítima;530;BR-040/MG;Sul;Abalroamento - Longitudinal;1;0;0;1;0;0;0;0;0;0;1;0;1;0;0
14/04/2015;23:52:00;341;Atropelamento com Morte;39,002;BR-040/GO;Norte;Atropelamento - Pedestre caminhando;0;0;1;0;1;0;0;0;0;0;1;0;0;0;1
14/04/2015;23:16:00;335;Acidente sem Vítima;688,005;BR-040/MG;Sul;Outros;1;0;0;1;0;0;0;0;0;0;3;0;0;0;0
15/04/2015;07:50:00;85;Acidente sem Vítima;6;BR-040/DF;Norte;Colisão traseira;1;0;0;1;0;0;0;0;0;0;2;0;0;0;0
15/04/2015;12:09:00;157;Atropelamento sem Morte;7;BR-040/GO;Sul;Atropelamento - Ciclista;1;0;0;1;0;0;0;0;0;0;1;0;1;0;0
15/04/2015;02:25:00;20;Acidente sem Vítima;10;BR-040/GO;Sul;Choque com objeto fixo;1;0;0;0;0;0;0;0;0;0;1;0;0;0;0
15/04/2015;00:35:00;7;Acidente sem Vítima;38;BR-040/MG;Sul;Colisão traseira;1;0;1;0;0;0;0;0;0;0;2;0;0;0;0
15/04/2015;21:21:00;288;Atropelamento sem Morte;524;BR-040/MG;Norte;Atropelamento - Ciclista;1;0;0;0;0;0;0;0;0;0;0;0;0;1;0
15/04/2015;18:33:00;250;Atropelamento sem Morte;531,4;BR-040/MG;Sul;Atropelamento - Pedestre atravessando;0;0;0;1;0;0;0;0;0;0;1;0;1;0;0
15/04/2015;07:52:00;87;Acidente sem Vítima;541;BR-040/MG;Sul;Colisão traseira;2;0;0;0;0;0;0;0;0;0;2;0;0;0;0
15/04/2015;18:58:00;257;Acidente sem Vítima;613;BR-040/MG;Norte;Outros;0;0;0;1;0;0;0;0;0;0;1;0;0;0;0
15/04/2015;15:15:00;193;Acidente com Vítima;656;BR-040/MG;Sul;Capotamento;1;0;0;0;0;0;0;0;0;0;0;0;1;0;0
15/04/2015;03:35:00;24;Acidente com Vítima;85;BR-040/GO;Norte;Outros;1;0;0;0;0;0;0;0;0;0;1;0;0;0;0
15/04/2015;04:44:00;30;Acidente sem Vítima;704,6;BR-040/MG;Norte;Queda de Carga;1;0;0;0;0;0;0;0;0;0;2;0;0;0;0
15/04/2015;13:14:00;170;Acidente sem Vítima;729;BR-040/MG;Sul;Abalroamento - Transversal;2;0;2;0;0;0;0;0;0;0;4;0;0;0;0
15/04/2015;16:57:00;220;Acidente sem Vítima;730,5;BR-040/MG;Sul;Colisão traseira;0;0;4;0;0;0;0;0;0;0;4;0;0;0;0
15/04/2015;01:31:00;15;Acidente sem Vítima;741;BR-040/MG;Sul;Atropelamento - Animal;0;0;1;0;0;0;0;0;0;0;1;0;0;0;0
16/04/2015;18:31:00;250;Acidente com Vítima;1,005;BR-040/GO;Sul;Colisão traseira;4;0;0;0;0;0;0;0;0;0;8;2;0;0;0
16/04/2015;10:54:00;147;Acidente sem Vítima;4,8;BR-040/GO;Norte;Abalroamento - Longitudinal;1;0;0;0;0;1;0;0;0;0;2;0;0;0;0
16/04/2015;23:30:00;293;Acidente sem Vítima;137,8;BR-040/MG;Norte;Outros;0;0;1;0;0;0;0;0;0;0;1;0;0;0;0
16/04/2015;22:37:00;289;Acidente com Vítima;271,9;BR-040/MG;Norte;Abalroamento - Longitudinal;1;0;1;0;0;0;0;0;0;0;1;1;0;0;0
16/04/2015;13:07:00;179;Acidente sem Vítima;455;BR-040/MG;Norte;Outros;0;0;1;0;0;0;0;0;0;0;1;0;0;0;0
16/04/2015;18:18:00;245;Acidente com Vítima;509;BR-040/MG;Norte;Colisão traseira;2;0;0;1;0;0;0;0;0;0;2;2;0;0;0
16/04/2015;17:27:00;231;Acidente sem Vítima;516,9;BR-040/MG;Norte;Colisão traseira;2;0;0;0;0;0;0;0;0;0;2;0;0;0;0
16/04/2015;07:34:00;56;Acidente com Vítima;523,1;BR-040/MG;Sul;Abalroamento - Longitudinal;1;0;0;1;0;0;0;0;0;0;1;1;0;0;0
16/04/2015;19:28:00;261;Atropelamento sem Morte;525;BR-040/MG;Norte;Atropelamento - Pedestre atravessando;0;0;0;1;0;0;0;0;0;0;1;0;0;1;0
16/04/2015;15:02:00;205;Acidente com Vítima;537;BR-040/MG;Norte;Outros;0;0;0;1;0;0;0;0;0;0;0;0;1;0;0
16/04/2015;14:03:00;191;Acidente sem Vítima;546;BR-040/MG;Sul;Choque com objeto fixo;1;0;0;0;0;0;0;0;0;0;1;0;0;0;0
16/04/2015;16:19:00;219;Acidente sem Vítima;595;BR-040/MG;Sul;Colisão traseira;0;0;2;0;0;1;0;0;0;0;3;0;0;0;0
16/04/2015;18:16:00;243;Acidente com Vítima;658,4;BR-040/MG;Norte;Colisão traseira;0;0;1;0;0;0;0;0;0;1;19;2;0;1;0
16/04/2015;14:53:00;203;Acidente sem Vítima;93;BR-040/GO;Norte;Outros;1;0;0;0;0;0;0;0;0;0;1;0;0;0;0
16/04/2015;23:52:00;295;Acidente sem Vítima;705,3;BR-040/MG;Norte;Atropelamento - Animal;1;0;0;0;0;0;0;0;0;0;1;0;0;0;0
16/04/2015;22:07:00;279;Acidente com Vítima;730,3;BR-040/MG;Norte;Capotamento;1;0;0;0;0;0;0;0;0;0;0;1;1;0;0
17/04/2015;09:17:00;116;Acidente sem Vítima;0,7;BR-040/DF;Sul;Outros;0;0;0;1;0;0;0;0;0;0;1;0;0;0;0
17/04/2015;06:53:00;37;Acidente sem Vítima;2,3;BR-040/GO;Norte;Abalroamento - Longitudinal;1;0;0;1;0;0;0;0;0;0;2;0;0;0;0
17/04/2015;09:12:00;111;Acidente sem Vítima;6,01;BR-040/DF;Norte;Outros;1;0;0;0;0;0;0;0;0;0;1;0;0;0;0
17/04/2015;08:37:00;100;Acidente sem Vítima;66,5;BR-040/MG;Norte;Capotamento;1;0;0;0;0;0;0;0;0;0;1;0;0;0;0
17/04/2015;18:45:00;287;Acidente com Vítima;375,9;BR-040/MG;Sul;Capotamento;1;0;0;0;0;0;0;0;0;0;0;2;0;0;0
17/04/2015;01:31:00;7;Acidente com Vítima;462;BR-040/MG;Sul;Queda de Carga;0;0;1;0;0;0;0;0;0;0;0;0;1;0;0
17/04/2015;14:50:00;209;Acidente com Vítima;509,758;BR-040/MG;Norte;Colisão traseira;2;0;0;0;0;0;0;0;0;0;2;2;0;0;0
17/04/2015;22:14:00;348;Acidente com Vítima;510;BR-040/MG;Norte;Colisão traseira;1;0;0;1;0;0;0;0;0;0;1;0;1;0;0
17/04/2015;15:35:00;223;Acidente sem Vítima;511;BR-040/MG;Norte;Colisão traseira;2;0;0;0;0;0;0;0;0;0;2;0;0;0;0
17/04/2015;20:08:00;315;Acidente com Vítima;513;BR-040/MG;Norte;Colisão traseira;1;0;0;1;0;0;0;0;0;0;1;1;0;0;0
17/04/2015;18:39:00;285;Acidente com Vítima;522;BR-040/MG;Sul;Colisão traseira;3;0;0;0;0;0;0;0;0;0;3;0;0;0;0
17/04/2015;16:48:00;243;Acidente sem Vítima;523;BR-040/MG;Norte;Colisão traseira;2;0;0;0;0;0;0;0;0;0;2;0;0;0;0
17/04/2015;19:03:00;298;Acidente sem Vítima;537,5;BR-040/MG;Norte;Colisão traseira;6;0;4;0;0;0;0;0;0;0;10;0;0;0;0
17/04/2015;23:50:00;365;Acidente com Vítima;586,001;BR-040/MG;Norte;Choque com objeto fixo;0;0;1;0;0;0;0;0;0;0;0;1;0;0;0
17/04/2015;19:54:00;313;Acidente sem Vítima;705;BR-040/MG;Sul;Outros;1;0;0;1;0;0;0;0;0;0;3;0;0;0;0
17/04/2015;03:15:00;12;Acidente sem Vítima;728,5;BR-040/MG;Sul;Choque com objeto fixo;1;0;0;0;0;0;0;0;0;0;1;0;0;0;0
18/04/2015;12:18:00;188;Acidente sem Vítima;1,4;BR-040/GO;Sul;Colisão traseira;3;0;0;0;0;0;0;0;0;0;3;0;0;0;0
18/04/2015;19:39:00;334;Atropelamento sem Morte;2;BR-040/GO;Norte;Atropelamento - Ciclista;0;0;0;1;0;0;0;0;0;0;0;2;0;0;0
18/04/2015;13:13:00;206;Atropelamento sem Morte;2;BR-040/GO;Sul;Atropelamento - Pedestre atravessando;0;0;0;1;0;0;0;0;0;0;1;1;0;0;0
18/04/2015;10:42:00;152;Acidente sem Vítima;2,229;BR-040/MG;Sul;Colisão traseira;2;0;0;0;0;0;0;0;0;0;2;0;0;0;0
18/04/2015;00:31:00;8;Acidente sem Vítima;3,5;BR-040/GO;Norte;Colisão traseira;1;0;0;1;0;0;0;0;0;0;2;0;0;0;0
18/04/2015;07:59:00;88;Acidente com Vítima;5,47;BR-040/DF;Norte;Abalroamento - Longitudinal;1;0;0;1;0;0;0;0;0;0;1;0;1;0;0
18/04/2015;20:54:00;345;Acidente sem Vítima;12;BR-040/GO;Norte;Colisão traseira;2;0;0;0;0;0;0;0;0;0;2;0;0;0;0
18/04/2015;21:55:00;353;Atropelamento sem Morte;15,005;BR-040/GO;Norte;Atropelamento - Ciclista;0;0;0;0;0;0;0;0;0;1;0;0;1;0;0
18/04/2015;20:47:00;344;Acidente sem Vítima;32;BR-040/GO;Norte;Queda de Carga;0;0;1;0;0;0;0;0;0;0;1;1;0;0;0
18/04/2015;14:04:00;220;Acidente com Vítima;199,845;BR-040/MG;Norte;Outros;1;0;0;1;0;0;0;0;0;0;0;0;1;0;0
18/04/2015;19:08:00;324;Acidente com Vítima;360;BR-040/MG;Sul;Capotamento;1;0;0;0;0;0;0;0;0;0;1;2;0;0;0
18/04/2015;17:34:00;292;Acidente sem Vítima;462;BR-040/MG;Norte;Colisão traseira;2;0;0;0;0;0;0;0;0;0;2;0;0;0;0
18/04/2015;10:03:00;134;Acidente com Vítima;492,5;BR-040/MG;Norte;Outros;2;0;0;0;0;0;0;0;0;0;1;0;1;0;0
18/04/2015;07:20:00;72;Acidente sem Vítima;507,05;BR-040/MG;Norte;Outros;1;0;0;0;0;0;0;0;0;0;1;0;0;0;0
18/04/2015;23:55:00;374;Acidente sem Vítima;524;BR-040/MG;Sul;Outros;1;0;0;0;0;0;0;0;0;0;4;0;0;0;0
18/04/2015;13:02:00;201;Acidente sem Vítima;540,3;BR-040/MG;Norte;Colisão traseira;1;0;1;0;0;0;0;0;0;0;2;0;0;0;0
18/04/2015;11:58:00;177;Acidente com Vítima;576;BR-040/MG;Norte;Abalroamento - Transversal;2;0;0;0;0;0;0;0;0;0;2;0;2;0;0
18/04/2015;07:48:00;81;Acidente sem Vítima;580,1;BR-040/MG;Sul;Abalroamento - Transversal;1;0;1;0;0;0;0;0;0;0;2;0;0;0;0
18/04/2015;13:21:00;208;Acidente com Vítima;606;BR-040/MG;Sul;Colisão traseira;1;0;0;0;1;0;0;0;0;0;1;0;1;0;0
18/04/2015;16:38:00;275;Acidente sem Vítima;653,2;BR-040/MG;Norte;Abalroamento - Longitudinal;2;0;0;0;0;0;0;0;0;0;2;0;0;0;0
18/04/2015;07:15:00;70;Acidente sem Vítima;7,144;BR-040/DF;Norte;Colisão traseira;2;0;0;0;0;0;0;0;0;0;2;0;0;0;0
18/04/2015;14:54:00;238;Acidente sem Vítima;7,433;BR-040/DF;Norte;Abalroamento - Longitudinal;1;0;1;0;0;0;0;0;0;0;2;0;0;0;0
18/04/2015;10:28:00;147;Acidente sem Vítima;90;BR-040/GO;Norte;Outros;1;0;0;0;0;0;0;0;0;0;1;0;0;0;0
18/04/2015;06:05:00;49;Acidente sem Vítima;99,5;BR-040/GO;Sul;Colisão traseira;1;0;1;0;0;0;0;0;0;0;6;0;0;0;0
18/04/2015;19:34:00;332;Acidente sem Vítima;727,3;BR-040/MG;Sul;Capotamento;1;0;0;0;0;0;0;0;0;0;2;0;0;0;0
19/04/2015;02:26:00;15;Acidente com Vítima;4;BR-040/GO;Sul;Abalroamento - Longitudinal;2;0;0;0;0;0;0;0;0;0;1;0;0;1;0
19/04/2015;18:51:00;227;Acidente sem Vítima;9;BR-040/GO;Sul;Colisão traseira;2;0;0;0;0;0;0;0;0;0;4;0;0;0;0
19/04/2015;12:51:00;137;Acidente com Vítima;12;BR-040/GO;Sul;Abalroamento - Longitudinal;1;0;0;1;0;0;0;0;0;0;1;0;1;0;0
19/04/2015;03:14:00;26;Acidente sem Vítima;22;BR-040/GO;Norte;Colisão traseira;2;0;0;0;0;0;0;0;0;0;4;0;0;0;0
19/04/2015;20:52:00;260;Acidente sem Vítima;25,1;BR-040/GO;Sul;Colisão traseira;2;0;0;0;0;0;0;0;0;0;2;0;0;0;0
19/04/2015;03:53:00;30;Acidente sem Vítima;128,5;BR-040/MG;Norte;Colisão traseira;1;0;1;0;0;0;0;0;0;0;2;0;0;0;0
19/04/2015;20:07:00;250;Acidente sem Vítima;504,2;BR-040/MG;Sul;Outros;1;0;0;0;0;0;0;0;0;0;2;0;0;0;0
19/04/2015;11:34:00;111;Acidente sem Vítima;527;BR-040/MG;Sul;Outros;0;0;0;1;0;0;0;0;0;0;1;0;0;0;0
19/04/2015;15:46:00;178;Acidente sem Vítima;530;BR-040/MG;Sul;Colisão traseira;3;0;0;0;0;0;0;0;0;0;3;0;0;0;0
19/04/2015;18:26:00;218;Atropelamento sem Morte;533;BR-040/MG;Norte;Atropelamento - Pedestre atravessando;0;0;0;1;0;0;0;0;0;0;0;2;0;0;0
19/04/2015;18:27:00;217;Acidente sem Vítima;543,5;BR-040/MG;Norte;Colisão traseira;4;0;0;0;0;0;0;0;0;0;5;1;0;0;0
19/04/2015;06:04:00;38;Acidente sem Vítima;548;BR-040/MG;Sul;Outros;1;0;0;0;0;0;0;0;0;0;1;0;0;0;0
19/04/2015;12:12:00;125;Acidente sem Vítima;563;BR-040/MG;Sul;Abalroamento - Longitudinal;2;0;0;0;0;0;0;0;0;0;2;0;0;0;0
19/04/2015;10:39:00;92;Acidente sem Vítima;585,8;BR-040/MG;Sul;Outros;0;0;1;0;0;0;0;0;0;0;1;0;0;0;0
19/04/2015;18:44:00;223;Acidente sem Vítima;664,05;BR-040/MG;Norte;Outros;1;0;0;0;0;0;0;0;0;0;1;0;0;0;0
19/04/2015;18:47:00;225;Acidente sem Vítima;692,5;BR-040/MG;Norte;Colisão traseira;2;0;0;0;0;0;0;0;0;0;5;0;0;0;0
19/04/2015;14:50:00;164;Acidente sem Vítima;699,1;BR-040/MG;Norte;Capotamento;1;0;0;0;0;0;0;0;0;0;1;1;0;0;0
19/04/2015;21:28:00;266;Acidente sem Vítima;706,5;BR-040/MG;Norte;Outros;1;0;0;0;0;0;0;0;0;0;4;0;0;0;0
19/04/2015;22:40:00;276;Acidente sem Vítima;109,1;BR-040/GO;Norte;Queda de Carga;0;0;1;0;0;0;0;0;0;0;1;0;0;0;0
19/04/2015;15:43:00;175;Acidente sem Vítima;763,9;BR-040/MG;Sul;Outros;1;0;0;0;0;0;0;0;0;0;1;0;0;0;0
20/04/2015;00:54:00;7;Acidente sem Vítima;5,5;BR-040/DF;Sul;Outros;1;0;0;0;0;0;0;0;0;0;2;0;0;0;0
20/04/2015;23:41:00;245;Acidente com Morte;8,2;BR-040/GO;Norte;Capotamento;1;0;0;0;0;0;0;0;0;0;0;0;0;0;1
20/04/2015;12:24:00;116;Acidente com Vítima;505;BR-040/MG;Sul;Outros;1;0;0;0;0;0;0;0;0;0;0;1;0;0;0
20/04/2015;07:41:00;44;Acidente sem Vítima;516,2;BR-040/MG;Sul;Colisão traseira;1;0;0;1;0;0;0;0;0;0;2;0;0;0;0
20/04/2015;06:40:00;31;Acidente com Vítima;519,2;BR-040/MG;Sul;Abalroamento - Longitudinal;1;0;0;2;0;0;0;0;0;0;3;1;2;0;0
20/04/2015;17:04:00;165;Acidente sem Vítima;524;BR-040/MG;Norte;Queda de Carga;1;0;0;0;0;0;0;0;0;0;1;0;0;0;0
20/04/2015;17:36:00;173;Acidente sem Vítima;526,1;BR-040/MG;Norte;Colisão traseira;2;0;0;0;1;0;0;0;0;0;3;0;0;0;0
20/04/2015;18:48:00;196;Acidente com Vítima;580,8;BR-040/MG;Sul;Abalroamento - Longitudinal;2;0;0;0;0;0;0;0;0;0;2;2;1;0;0
20/04/2015;23:42:00;246;Acidente sem Vítima;583,9;BR-040/MG;Norte;Choque em defensa;1;0;0;0;0;0;0;0;0;0;2;0;0;0;0
20/04/2015;16:53:00;163;Atropelamento com Morte;606,6;BR-040/MG;Norte;Atropelamento - Pedestre atravessando;1;0;0;0;0;0;0;0;0;0;1;0;0;1;1
20/04/2015;18:52:00;198;Atropelamento sem Morte;614,35;BR-040/MG;Sul;Atropelamento - Pedestre atravessando;1;0;0;0;0;0;0;0;0;0;1;0;1;0;0
20/04/2015;02:59:00;13;Acidente com Vítima;615,5;BR-040/MG;Sul;Queda de Carga;0;0;1;0;0;0;0;0;0;0;1;1;0;0;0
20/04/2015;23:36:00;242;Acidente sem Vítima;661,7;BR-040/MG;Sul;Atropelamento - Animal;1;0;0;0;0;0;0;0;0;0;1;0;0;0;0
20/04/2015;16:51:00;162;Acidente com Vítima;715,1;BR-040/MG;Sul;Outros;0;0;0;1;0;0;0;0;0;0;0;1;0;0;0
21/04/2015;04:39:00;21;Acidente sem Vítima;4,05;BR-040/DF;Sul;Choque com objeto fixo;0;0;0;0;0;0;0;0;0;1;1;0;0;0;0
21/04/2015;19:08:00;286;Acidente com Vítima;3,8;BR-040/GO;Norte;Colisão traseira;1;0;0;1;0;0;0;0;0;0;1;0;1;0;0
21/04/2015;00:13:00;4;Acidente com Vítima;61,5;BR-040/MG;Sul;Colisão traseira;2;0;0;0;0;0;0;0;0;0;1;1;0;0;0
21/04/2015;14:00:00;176;Acidente com Vítima;19;BR-040/GO;Sul;Abalroamento - Longitudinal;1;0;0;1;0;0;0;0;0;0;1;0;0;0;0
21/04/2015;10:25:00;119;Acidente sem Vítima;144;BR-040/MG;Sul;Abalroamento - Longitudinal;2;0;0;0;0;0;0;0;0;0;2;0;0;0;0
21/04/2015;21:18:00;331;Acidente com Vítima;457;BR-040/MG;Norte;Abalroamento - Transversal;2;0;0;0;0;0;0;0;0;0;2;0;1;0;0
21/04/2015;17:27:00;251;Acidente com Vítima;500;BR-040/MG;Norte;Outros;0;0;0;1;0;0;0;0;0;0;0;1;0;0;0
21/04/2015;11:32:00;137;Acidente sem Vítima;526,4;BR-040/MG;Norte;Colisão traseira;2;0;0;0;0;0;0;0;0;0;2;0;0;0;0
21/04/2015;18:50:00;280;Acidente sem Vítima;528;BR-040/MG;Sul;Colisão traseira;1;0;0;0;1;0;0;0;0;0;11;0;0;0;0
21/04/2015;10:03:00;110;Acidente com Vítima;529,129;BR-040/MG;Norte;Colisão traseira;1;0;0;1;0;0;0;0;0;0;1;1;0;0;0
21/04/2015;07:45:00;38;Acidente sem Vítima;535;BR-040/MG;Norte;Choque em defensa;1;0;0;0;0;0;0;0;0;0;2;0;0;0;0
21/04/2015;23:22:00;374;Acidente sem Vítima;580;BR-040/MG;Sul;Choque em defensa;1;0;0;0;0;0;0;0;0;0;1;0;0;0;0
21/04/2015;00:12:00;2;Acidente com Vítima;598,8;BR-040/MG;Sul;Abalroamento - Longitudinal;0;0;2;0;0;0;0;0;0;0;1;0;0;0;0
21/04/2015;16:35:00;232;Acidente com Vítima;613,5;BR-040/MG;Norte;Colisão traseira;4;0;0;0;0;0;0;0;0;0;1;0;4;0;0
21/04/2015;02:36:00;14;Acidente com Vítima;614,1;BR-040/MG;Norte;Colisão frontal;2;0;0;0;0;0;0;0;0;0;1;1;0;0;0
21/04/2015;22:58:00;370;Acidente sem Vítima;622,6;BR-040/MG;Norte;Colisão traseira;2;0;0;0;0;0;0;0;0;0;2;0;0;0;0
21/04/2015;15:52:00;214;Acidente sem Vítima;38;BR-040/GO;Norte;Colisão traseira;2;0;0;0;0;0;0;0;0;0;2;0;0;0;0
21/04/2015;11:36:00;140;Acidente com Morte;680,5;BR-040/MG;Norte;Colisão traseira;0;0;0;2;0;0;0;0;0;0;0;0;0;0;2
21/04/2015;16:29:00;227;Acidente sem Vítima;686;BR-040/MG;Norte;Outros;1;0;0;0;0;0;0;0;0;0;2;0;0;0;0
21/04/2015;14:11:00;178;Acidente com Morte;696,16;BR-040/MG;Norte;Capotamento;1;0;0;0;0;0;0;0;0;0;2;0;0;0;1
21/04/2015;16:10:00;222;Acidente com Vítima;717;BR-040/MG;Sul;Choque com objeto fixo;1;0;0;0;0;0;0;0;0;0;0;0;0;0;0
21/04/2015;18:10:00;268;Acidente sem Vítima;729;BR-040/MG;Sul;Outros;1;0;0;0;0;0;0;0;0;0;1;0;0;0;0
21/04/2015;17:13:00;243;Acidente sem Vítima;730;BR-040/MG;Sul;Outros;1;0;0;0;0;0;0;0;0;0;1;0;0;0;0
21/04/2015;18:27:00;273;Acidente sem Vítima;732;BR-040/MG;Sul;Outros;1;0;0;0;0;0;0;0;0;0;1;0;0;0;0
22/04/2015;18:52:00;298;Acidente com Vítima;0,5;BR-040/DF;Sul;Colisão traseira;1;0;0;1;0;0;0;0;0;0;2;2;0;0;0