data;horario;n_da_ocorrencia;tipo_de_ocorrencia;km;trecho;sentido;tipo_de_acidente;automovel;bicicleta;caminhao;moto;onibus;outros;tracao_animal;transporte_de_cargas_especiais;trator_maquinas;utilitarios;ilesos;levemente_feridos;moderadamente_feridos;gravemente_feridos;mortos
24/05/2015;11:30:00;89;Acidente com Vítima;2,6;BR-040/DF;Sul;Outros;0;0;0;1;0;0;0;0;0;0;1;1;0;0;0
24/05/2015;18:07:00;177;Acidente com Vítima;38,3;BR-040/MG;Norte;Colisão frontal;1;0;1;0;0;0;0;0;0;0;2;0;1;0;0
24/05/2015;13:36:00;118;Acidente com Vítima;224;BR-040/MG;Norte;Outros;1;0;0;0;0;0;0;0;0;0;0;0;0;1;0
24/05/2015;11:10:00;88;Acidente sem Vítima;224;BR-040/MG;Sul;Queda de Carga;0;0;1;0;0;0;0;0;0;0;1;0;0;0;0
24/05/2015;16:28:00;155;Acidente sem Vítima;413;BR-040/MG;Norte;Outros;1;0;0;0;0;0;0;0;0;0;1;0;0;0;0
24/05/2015;05:47:00;29;Acidente sem Vítima;513,7;BR-040/MG;Sul;Choque com objeto fixo;1;0;0;0;0;0;0;0;0;0;1;0;0;0;0
24/05/2015;20:31:00;214;Acidente sem Vítima;552;BR-040/MG;Sul;Colisão traseira;2;0;0;0;0;0;0;0;0;0;2;0;0;0;0
24/05/2015;13:49:00;119;Acidente com Vítima;567,5;BR-040/MG;Sul;Outros;0;0;0;1;0;0;0;0;0;0;1;1;0;0;0
24/05/2015;02:59:00;19;Acidente com Vítima;611,9;BR-040/MG;Sul;Choque com objeto fixo;1;0;0;0;0;0;0;0;0;0;2;1;0;0;0
24/05/2015;23:43:00;242;Acidente sem Vítima;612;BR-040/MG;Norte;Atropelamento - Animal;1;0;0;0;0;0;0;0;0;0;1;0;0;0;0
25/05/2015;10:59:00;124;Atropelamento sem Morte;1,1;BR-040/GO;Norte;Atropelamento - Pedestre atravessando;0;0;0;1;0;0;0;0;0;0;1;2;0;0;0
25/05/2015;19:36:00;250;Acidente sem Vítima;7,005;BR-040/GO;Norte;Colisão traseira;2;0;0;0;0;0;0;0;0;0;4;0;0;0;0
25/05/2015;04:18:00;23;Acidente sem Vítima;379,9;BR-040/MG;Sul;Atropelamento - Animal;1;0;0;0;0;0;0;0;0;0;1;0;0;0;0
25/05/2015;18:09:00;219;Acidente com Vítima;493,8;BR-040/MG;Norte;Outros;0;0;0;0;0;0;0;0;0;1;0;1;0;0;0
25/05/2015;15:26:00;173;Acidente com Vítima;512;BR-040/MG;Sul;Abalroamento - Transversal;1;0;0;1;0;0;0;0;0;0;1;0;1;0;0
25/05/2015;09:01:00;90;Acidente sem Vítima;517;BR-040/MG;Sul;Colisão traseira;3;0;0;0;0;0;0;0;0;0;3;0;0;0;0
25/05/2015;07:07:00;49;Acidente com Vítima;521,8;BR-040/MG;Norte;Colisão frontal;3;0;0;0;0;0;0;0;0;0;1;0;2;1;0
25/05/2015;18:22:00;226;Acidente com Vítima;533,6;BR-040/MG;Norte;Outros;0;0;0;1;0;0;0;0;0;0;0;0;1;0;0
25/05/2015;20:34:00;268;Acidente com Vítima;551,1;BR-040/MG;Norte;Abalroamento - Longitudinal;1;0;1;0;0;0;0;0;0;0;1;0;1;0;0
25/05/2015;08:45:00;86;Acidente com Vítima;551,1;BR-040/MG;Norte;Outros;0;0;0;1;0;0;0;0;0;0;0;1;1;0;0
25/05/2015;18:44:00;232;Acidente sem Vítima;37,8;BR-040/GO;Sul;Capotamento;0;0;0;1;0;0;0;0;0;0;1;0;0;0;0
25/05/2015;08:04:00;74;Acidente sem Vítima;731;BR-040/MG;Norte;Outros;1;0;0;0;0;0;0;0;0;0;1;0;0;0;0
25/05/2015;09:01:00;92;Acidente sem Vítima;132;BR-040/GO;Sul;Capotamento;1;0;0;0;0;0;0;0;0;0;3;0;0;0;0
26/05/2015;06:54:00;51;Acidente com Vítima;1;BR-040/DF;Norte;Colisão traseira;2;0;0;0;0;0;0;0;0;0;2;1;0;0;0
26/05/2015;07:54:00;74;Acidente sem Vítima;109;BR-040/MG;Sul;Queda de Carga;0;0;0;0;0;1;0;0;0;0;2;0;0;0;0
26/05/2015;11:53:00;145;Acidente sem Vítima;231,7;BR-040/MG;Norte;Queda de Carga;0;0;1;0;0;0;0;0;0;0;1;0;0;0;0
26/05/2015;19:28:00;256;Acidente sem Vítima;433,2;BR-040/MG;Sul;Abalroamento - Longitudinal;2;0;0;0;0;0;0;0;0;0;6;0;0;0;0
26/05/2015;20:21:00;272;Acidente sem Vítima;493,714;BR-040/MG;Norte;Capotamento;1;0;0;0;0;0;0;0;0;0;1;0;0;0;0
26/05/2015;16:17:00;199;Acidente sem Vítima;497;BR-040/MG;Sul;Choque em defensa;1;0;0;0;0;0;0;0;0;0;2;0;0;0;0
26/05/2015;13:59:00;167;Acidente sem Vítima;528;BR-040/MG;Norte;Outros;0;0;0;1;0;0;0;0;0;0;1;0;0;0;0
26/05/2015;12:18:00;150;Acidente sem Vítima;528,5;BR-040/MG;Norte;Outros;0;0;2;0;1;0;0;0;0;0;20;0;0;0;0
26/05/2015;13:32:00;162;Acidente sem Vítima;529;BR-040/MG;Sul;Colisão traseira;1;0;0;0;0;1;0;0;0;0;3;0;0;0;0
26/05/2015;17:25:00;219;Acidente com Vítima;534;BR-040/MG;Norte;Abalroamento - Longitudinal;2;0;0;0;0;0;0;0;0;0;2;2;0;0;0
26/05/2015;19:55:00;262;Acidente sem Vítima;534,3;BR-040/MG;Norte;Abalroamento - Longitudinal;1;0;1;0;0;0;0;0;0;0;4;0;0;0;0
26/05/2015;17:40:00;224;Acidente sem Vítima;63,5;BR-040/GO;Norte;Queda de Carga;0;0;1;0;0;0;0;0;0;0;1;0;0;0;0
26/05/2015;04:48:00;24;Acidente sem Vítima;668,3;BR-040/MG;Norte;Atropelamento - Animal;0;0;1;0;0;0;0;0;0;0;1;0;0;0;0
26/05/2015;20:13:00;269;Acidente sem Vítima;718,4;BR-040/MG;Norte;Atropelamento - Animal;0;0;0;0;0;0;0;0;0;0;0;0;0;0;0
26/05/2015;10:11:00;126;Acidente com Vítima;124,1;BR-040/GO;Norte;Colisão frontal;1;0;1;0;0;0;0;0;0;0;4;0;1;0;0
27/05/2015;10:13:00;129;Acidente sem Vítima;0,3;BR-040/GO;Norte;Colisão traseira;1;0;0;2;0;0;0;0;0;0;4;0;0;0;0
27/05/2015;08:10:00;81;Acidente sem Vítima;2,2;BR-040/GO;Norte;Colisão traseira;1;0;0;1;0;0;0;0;0;0;2;0;0;0;0
27/05/2015;07:44:00;69;Acidente sem Vítima;4,1;BR-040/GO;Norte;Colisão traseira;2;0;0;0;0;0;0;0;0;0;2;0;0;0;0
27/05/2015;08:20:00;91;Acidente com Vítima;8,8;BR-040/GO;Sul;Outros;0;0;1;0;0;0;0;0;0;0;1;1;0;0;0
27/05/2015;13:28:00;189;Acidente sem Vítima;282,567;BR-040/MG;Norte;Abalroamento - Longitudinal;2;0;0;0;0;0;0;0;0;0;4;0;0;0;0
27/05/2015;15:11:00;213;Acidente sem Vítima;462,602;BR-040/MG;Norte;Colisão traseira;1;0;1;0;0;0;0;0;0;0;2;0;0;0;0
27/05/2015;16:15:00;233;Acidente sem Vítima;517,5;BR-040/MG;Sul;Colisão traseira;1;0;0;1;0;0;0;0;0;0;2;0;0;0;0
27/05/2015;07:24:00;63;Acidente sem Vítima;523;BR-040/MG;Sul;Colisão traseira;2;0;0;0;0;0;0;0;0;0;2;0;0;0;0
27/05/2015;15:50:00;229;Acidente com Vítima;531;BR-040/MG;Sul;Outros;0;0;0;1;0;0;0;0;0;0;0;1;0;0;0
27/05/2015;22:36:00;328;Acidente sem Vítima;538,005;BR-040/MG;Sul;Capotamento;1;0;0;0;0;0;0;0;0;0;1;0;0;0;0
27/05/2015;07:15:00;54;Acidente sem Vítima;543;BR-040/MG;Sul;Colisão traseira;1;0;0;1;0;0;0;0;0;0;2;0;0;0;0
27/05/2015;14:51:00;206;Acidente com Vítima;747;BR-040/MG;Norte;Choque em defensa;0;0;0;1;0;0;0;0;0;0;0;0;1;0;0
27/05/2015;04:30:00;25;Acidente sem Vítima;772,2;BR-040/MG;Norte;Queda de Carga;0;0;1;0;0;0;0;0;0;0;1;0;0;0;0
28/05/2015;05:43:00;36;Acidente com Vítima;2,005;BR-040/GO;Norte;Colisão traseira;3;0;0;0;0;0;0;0;0;0;2;1;0;0;0
28/05/2015;17:28:00;254;Acidente sem Vítima;5,5;BR-040/GO;Norte;Colisão traseira;1;0;1;0;0;0;0;0;0;0;3;0;0;0;0
28/05/2015;23:45:00;330;Acidente com Vítima;6,2;BR-040/DF;Norte;Abalroamento - Longitudinal;0;0;0;1;1;0;0;0;0;0;2;0;0;1;0
28/05/2015;09:27:00;127;Acidente sem Vítima;9,005;BR-040/GO;Norte;Colisão traseira;1;0;1;0;0;0;0;0;0;0;2;0;0;0;0
28/05/2015;08:53:00;114;Acidente sem Vítima;519;BR-040/MG;Sul;Colisão traseira;2;0;0;0;0;0;0;0;0;0;2;0;0;0;0
28/05/2015;07:42:00;84;Acidente com Vítima;519,6;BR-040/MG;Sul;Outros;0;0;0;2;0;0;0;0;0;0;1;1;0;0;0
28/05/2015;06:33:00;46;Acidente com Vítima;521,1;BR-040/MG;Sul;Outros;0;0;0;1;0;0;0;0;0;0;0;1;0;0;0
28/05/2015;14:43:00;204;Acidente com Vítima;532,642;BR-040/MG;Sul;Colisão traseira;1;0;2;0;0;0;0;0;0;0;2;1;0;0;0
28/05/2015;08:19:00;103;Acidente sem Vítima;535,05;BR-040/MG;Norte;Outros;0;0;0;1;0;0;0;0;0;0;1;0;0;0;0
28/05/2015;13:21:00;181;Acidente com Vítima;537;BR-040/MG;Norte;Abalroamento - Longitudinal;1;0;0;1;0;0;0;0;0;0;1;1;0;0;0
28/05/2015;06:55:00;53;Acidente sem Vítima;542,5;BR-040/MG;Sul;Colisão traseira;3;0;0;0;0;0;0;0;0;0;3;0;0;0;0
28/05/2015;03:06:00;19;Acidente sem Vítima;605,7;BR-040/MG;Sul;Capotamento;1;0;0;0;0;0;0;0;0;0;1;0;0;0;0
29/05/2015;17:06:00;214;Acidente sem Vítima;2,05;BR-040/DF;Sul;Colisão traseira;2;0;0;0;0;0;0;0;0;0;2;0;0;0;0
29/05/2015;23:15:00;313;Atropelamento sem Morte;2,1;BR-040/GO;Sul;Atropelamento - Pedestre atravessando;1;0;0;0;0;0;0;0;0;0;2;0;0;0;0
29/05/2015;18:06:00;228;Atropelamento sem Morte;3,1;BR-040/GO;Sul;Atropelamento - Pedestre atravessando;1;0;0;0;0;0;0;0;0;0;1;1;0;0;0
29/05/2015;04:43:00;32;Acidente sem Vítima;4;BR-040/DF;Sul;Colisão traseira;1;0;0;1;0;0;0;0;0;0;3;0;0;0;0
29/05/2015;17:45:00;222;Acidente sem Vítima;3,3;BR-040/GO;Sul;Colisão traseira;2;0;0;0;0;0;0;0;0;0;2;0;0;0;0
29/05/2015;07:28:00;79;Acidente sem Vítima;4,8;BR-040/DF;Norte;Colisão traseira;0;0;2;0;0;0;0;0;0;0;2;0;0;0;0
29/05/2015;08:44:00;114;Acidente com Vítima;124;BR-040/MG;Norte;Abalroamento - Longitudinal;1;0;1;0;0;0;0;0;0;0;1;3;0;0;0
29/05/2015;06:30:00;51;Acidente sem Vítima;130,005;BR-040/MG;Sul;Queda de Carga;0;0;1;0;0;0;0;0;0;0;1;0;0;0;0
29/05/2015;08:00:00;92;Acidente com Vítima;169,3;BR-040/MG;Norte;Colisão traseira;0;0;2;0;0;0;0;0;0;0;1;0;2;0;0
29/05/2015;07:26:00;75;Acidente sem Vítima;441;BR-040/MG;Norte;Outros;1;0;0;0;0;0;0;0;0;0;1;0;0;0;0
29/05/2015;17:09:00;215;Acidente sem Vítima;457,35;BR-040/MG;Norte;Queda de Carga;0;0;1;0;0;0;0;0;0;0;1;0;0;0;0
29/05/2015;09:11:00;125;Acidente com Morte;464,8;BR-040/MG;Sul;Colisão frontal;1;0;1;0;0;0;0;0;0;0;1;0;0;0;1
29/05/2015;17:57:00;224;Acidente com Vítima;510,5;BR-040/MG;Norte;Capotamento;1;0;0;0;0;0;0;0;0;0;0;0;1;0;0
29/05/2015;08:05:00;94;Acidente com Vítima;517,5;BR-040/MG;Sul;Colisão traseira;0;0;0;0;2;0;0;0;0;0;0;0;10;0;0
29/05/2015;06:29:00;49;Acidente sem Vítima;528;BR-040/MG;Norte;Outros;2;0;0;0;0;0;0;0;0;0;2;0;0;0;0
29/05/2015;05:36:00;40;Acidente sem Vítima;533;BR-040/MG;Sul;Abalroamento - Longitudinal;1;0;1;0;0;0;0;0;0;0;2;0;0;0;0
29/05/2015;12:44:00;171;Acidente com Vítima;533,2;BR-040/MG;Sul;Outros;0;0;0;1;0;0;0;0;0;0;0;1;0;0;0
29/05/2015;05:51:00;44;Acidente sem Vítima;534;BR-040/MG;Sul;Capotamento;1;0;0;0;0;0;0;0;0;0;1;0;0;0;0
29/05/2015;06:01:00;45;Atropelamento sem Morte;537;BR-040/MG;Norte;Atropelamento - Pedestre atravessando;1;0;0;0;0;0;0;0;0;0;1;0;0;0;0
29/05/2015;08:19:00;103;Acidente sem Vítima;563,1;BR-040/MG;Sul;Choque em barreira New Jersey;1;0;0;0;0;0;0;0;0;0;1;0;0;0;0
29/05/2015;09:08:00;124;Acidente com Morte;570,8;BR-040/MG;Norte;Colisão frontal;1;0;0;0;0;1;0;0;0;0;1;0;0;0;1
29/05/2015;09:41:00;132;Acidente com Vítima;594;BR-040/MG;Sul;Colisão frontal;2;0;0;0;0;1;0;0;0;0;2;1;0;1;0
29/05/2015;15:24:00;190;Acidente sem Vítima;606;BR-040/MG;Norte;Abalroamento - Transversal;1;0;1;0;0;0;0;0;0;0;4;0;0;0;0
29/05/2015;16:38:00;206;Acidente sem Vítima;699;BR-040/MG;Sul;Choque com objeto fixo;1;0;0;0;0;0;0;0;0;0;1;0;0;0;0
29/05/2015;06:37:00;54;Acidente com Vítima;700;BR-040/MG;Norte;Colisão traseira;0;0;0;1;0;1;0;0;0;0;1;1;0;0;0
30/05/2015;11:52:00;111;Acidente sem Vítima;0,95;BR-040/GO;Norte;Colisão traseira;2;0;0;0;0;0;0;0;0;0;2;0;0;0;0
30/05/2015;09:51:00;90;Acidente sem Vítima;2,1;BR-040/GO;Sul;Abalroamento - Longitudinal;1;0;1;0;0;0;0;0;0;0;2;0;0;0;0
30/05/2015;18:19:00;190;Acidente com Vítima;5,3;BR-040/GO;Norte;Colisão traseira;3;0;0;1;1;0;0;0;0;0;13;1;0;0;0
30/05/2015;07:36:00;58;Acidente sem Vítima;7;BR-040/GO;Norte;Colisão traseira;0;0;1;1;0;0;0;0;0;0;2;0;0;0;0
30/05/2015;16:25:00;166;Acidente sem Vítima;9,3;BR-040/GO;Sul;Outros;0;0;0;1;0;0;0;0;0;0;1;0;0;0;0
30/05/2015;06:31:00;32;Acidente sem Vítima;19;BR-040/GO;Norte;Colisão traseira;2;0;0;0;0;0;0;0;0;0;2;0;0;0;0
30/05/2015;18:01:00;187;Acidente sem Vítima;19,1;BR-040/GO;Norte;Colisão traseira;2;0;0;0;0;0;0;0;0;0;7;0;0;0;0
30/05/2015;12:21:00;118;Acidente com Vítima;21;BR-040/GO;Sul;Colisão traseira;0;0;1;1;0;0;0;0;0;0;1;0;1;0;0
30/05/2015;12:11:00;114;Acidente com Vítima;271;BR-040/MG;Norte;Outros;0;0;0;1;0;0;0;0;0;0;1;1;0;0;0
30/05/2015;22:42:00;258;Acidente sem Vítima;363,5;BR-040/MG;Norte;Outros;1;0;0;0;0;0;0;0;0;0;3;0;0;0;0
30/05/2015;19:25:00;217;Acidente com Vítima;425,2;BR-040/MG;Sul;Abalroamento - Longitudinal;2;0;0;0;0;0;0;0;0;0;3;3;0;0;0
30/05/2015;23:22:00;261;Acidente sem Vítima;427,1;BR-040/MG;Norte;Outros;1;0;0;0;0;0;0;0;0;0;1;0;0;0;0
30/05/2015;20:11:00;231;Acidente com Vítima;483,5;BR-040/MG;Sul;Atropelamento - Animal;2;0;0;0;0;0;0;0;0;0;1;1;0;0;0
30/05/2015;17:30:00;182;Acidente sem Vítima;511;BR-040/MG;Sul;Colisão traseira;2;0;0;0;0;0;0;0;0;0;3;0;0;0;0
30/05/2015;16:24:00;165;Acidente com Vítima;519;BR-040/MG;Sul;Outros;0;0;0;1;0;0;0;0;0;0;1;1;0;0;0
30/05/2015;11:49:00;110;Acidente com Vítima;520;BR-040/MG;Sul;Colisão traseira;1;0;0;1;0;0;0;0;0;0;1;0;1;0;0
30/05/2015;18:42:00;200;Acidente sem Vítima;533,4;BR-040/MG;Sul;Colisão traseira;2;0;0;0;0;0;0;0;0;0;4;0;0;0;0
30/05/2015;21:10:00;248;Acidente com Vítima;85,08;BR-040/GO;Norte;Capotamento;2;0;0;0;0;0;0;0;0;0;0;2;0;0;0
31/05/2015;05:57:00;32;Acidente sem Vítima;0;BR-040/GO;Sul;Colisão traseira;2;0;0;0;0;0;0;0;0;0;2;0;0;0;0
31/05/2015;01:03:00;9;Acidente com Vítima;1,09;BR-040/GO;Sul;Outros;0;0;0;1;0;0;0;0;0;0;1;1;0;0;0
31/05/2015;08:58:00;65;Acidente com Vítima;2,034;BR-040/GO;Sul;Colisão traseira;1;0;0;1;0;0;0;0;0;0;1;0;2;0;0
31/05/2015;04:30:00;27;Acidente sem Vítima;3,8;BR-040/GO;Norte;Choque com objeto fixo;1;0;0;0;0;0;0;0;0;0;1;0;0;0;0
31/05/2015;03:03:00;22;Acidente sem Vítima;7,1;BR-040/GO;Sul;Abalroamento - Longitudinal;2;0;0;0;0;0;0;0;0;0;5;0;0;0;0
31/05/2015;18:10:00;203;Acidente com Vítima;28,5;BR-040/GO;Sul;Capotamento;2;0;0;0;0;0;0;0;0;0;4;0;1;0;0
31/05/2015;23:18:00;286;Acidente sem Vítima;120;BR-040/MG;Norte;Atropelamento - Animal;1;0;0;0;0;0;0;0;0;0;1;0;0;0;0
31/05/2015;15:28:00;156;Acidente com Vítima;139,5;BR-040/MG;Sul;Capotamento;1;0;0;0;0;0;0;0;0;0;0;1;0;0;0
31/05/2015;14:53:00;143;Acidente com Vítima;188,5;BR-040/MG;Norte;Colisão traseira;1;0;1;0;0;0;0;0;0;0;1;1;0;0;0
31/05/2015;18:50:00;218;Acidente com Vítima;433;BR-040/MG;Sul;Abalroamento - Longitudinal;1;0;0;1;0;0;0;0;0;0;1;0;2;0;0
31/05/2015;15:35:00;160;Acidente com Morte;470;BR-040/MG;Sul;Colisão frontal;1;0;0;1;0;0;0;0;0;0;0;0;2;0;1
31/05/2015;01:50:00;13;Acidente sem Vítima;512;BR-040/MG;Norte;Outros;1;0;0;0;0;0;0;0;0;0;2;0;0;0;0
31/05/2015;02:47:00;20;Acidente com Vítima;534,25;BR-040/MG;Norte;Colisão traseira;2;0;0;0;0;0;0;0;0;0;3;1;0;0;0
31/05/2015;22:12:00;276;Acidente sem Vítima;580;BR-040/MG;Sul;Abalroamento - Longitudinal;2;0;0;0;0;0;0;0;0;0;2;0;0;0;0
31/05/2015;17:11:00;186;Acidente sem Vítima;594,1;BR-040/MG;Norte;Capotamento;1;0;1;0;0;0;0;0;0;0;2;0;0;0;0
31/05/2015;05:55:00;31;Acidente com Vítima;614;BR-040/MG;Sul;Abalroamento - Transversal;2;0;0;0;0;0;0;0;0;0;0;6;0;0;0
31/05/2015;20:40:00;253;Acidente sem Vítima;644,3;BR-040/MG;Sul;Choque com objeto fixo;1;0;0;0;0;0;0;0;0;0;1;0;0;0;0
31/05/2015;22:15:00;278;Acidente com Vítima;660;BR-040/MG;Norte;Outros;3;0;0;0;0;0;0;0;0;0;11;1;0;0;0
31/05/2015;18:43:00;213;Acidente sem Vítima;93;BR-040/GO;Sul;Outros;1;0;0;0;0;0;0;0;0;0;1;0;0;0;0
31/05/2015;17:53:00;199;Acidente sem Vítima;698;BR-040/MG;Sul;Outros;3;0;0;0;0;0;0;0;0;0;7;0;0;0;0
01/06/2015;15:21:00;218;Acidente sem Vítima;1,005;BR-040/GO;Sul;Colisão traseira;3;0;0;0;0;0;0;0;0;0;3;0;0;0;0
01/06/2015;14:01:00;199;Acidente sem Vítima;2,6;BR-040/GO;Norte;Abalroamento - Longitudinal;2;0;0;0;0;0;0;0;0;0;2;0;0;0;0
01/06/2015;19:36:00;290;Acidente com Vítima;5;BR-040/GO;Norte;Outros;0;0;0;1;0;0;0;0;0;0;0;1;0;0;0
01/06/2015;06:20:00;33;Acidente com Vítima;6;BR-040/DF;Sul;Colisão traseira;1;0;0;1;0;0;0;0;0;0;2;1;0;0;0
01/06/2015;13:16:00;188;Acidente sem Vítima;16;BR-040/GO;Norte;Outros;0;0;1;0;0;0;0;0;0;0;1;0;0;0;0
01/06/2015;07:04:00;52;Acidente sem Vítima;535,5;BR-040/MG;Sul;Colisão traseira;1;0;1;0;0;0;0;0;0;0;2;0;0;0;0
01/06/2015;07:10:00;53;Acidente sem Vítima;544;BR-040/MG;Norte;Colisão traseira;1;0;0;1;0;0;0;0;0;0;2;0;0;0;0
01/06/2015;22:06:00;316;Acidente sem Vítima;560;BR-040/MG;Norte;Choque em defensa;1;0;0;0;0;0;0;0;0;0;1;0;0;0;0
01/06/2015;16:32:00;237;Acidente sem Vítima;602;BR-040/MG;Sul;Queda de Carga;0;0;3;0;0;0;0;0;0;0;3;0;0;0;0
01/06/2015;15:31:00;221;Acidente sem Vítima;95,5;BR-040/GO;Norte;Abalroamento - Longitudinal;1;0;0;1;0;0;0;0;0;0;2;0;0;0;0
01/06/2015;12:54:00;183;Acidente com Vítima;696,54;BR-040/MG;Norte;Capotamento;1;0;0;0;0;0;0;0;0;0;0;0;2;0;0
02/06/2015;12:14:00;127;Acidente sem Vítima;1;BR-040/GO;Norte;Colisão traseira;3;0;0;0;0;0;0;0;0;0;3;0;0;0;0
02/06/2015;17:18:00;189;Atropelamento sem Morte;1,006;BR-040/GO;Sul;Atropelamento - Pedestre atravessando;1;0;0;0;0;0;0;0;0;0;0;0;1;0;0
02/06/2015;11:54:00;123;Acidente sem Vítima;2,8;BR-040/GO;Norte;Colisão traseira;2;0;1;0;0;0;0;0;0;0;3;0;0;0;0
02/06/2015;10:11:00;102;Acidente sem Vítima;3,5;BR-040/GO;Sul;Colisão traseira;0;0;0;1;1;0;0;0;0;0;2;0;0;0;0
02/06/2015;18:24:00;209;Acidente com Vítima;142,9;BR-040/MG;Sul;Abalroamento - Longitudinal;1;0;0;1;0;0;0;0;0;0;1;0;1;0;0
02/06/2015;21:43:00;268;Acidente sem Vítima;218,8;BR-040/MG;Norte;Colisão traseira;0;0;2;0;0;0;0;0;0;0;2;0;0;0;0
02/06/2015;18:13:00;204;Acidente com Morte;455,25;BR-040/MG;Sul;Queda de Carga;0;0;1;0;0;0;0;0;0;0;0;0;0;0;1
02/06/2015;19:53:00;239;Acidente sem Vítima;464,5;BR-040/MG;Sul;Outros;1;0;0;0;0;0;0;0;0;0;1;0;0;0;0
02/06/2015;17:53:00;199;Acidente com Vítima;467,75;BR-040/MG;Norte;Outros;0;0;0;0;0;1;0;0;0;0;0;1;0;0;0
02/06/2015;18:20:00;208;Acidente sem Vítima;477,05;BR-040/MG;Norte;Outros;1;0;0;0;0;0;0;0;0;0;4;0;0;0;0
02/06/2015;07:55:00;64;Acidente sem Vítima;518;BR-040/MG;Sul;Abalroamento - Longitudinal;1;0;0;0;1;0;0;0;0;0;2;0;0;0;0
02/06/2015;01:36:00;12;Acidente com Vítima;522;BR-040/MG;Sul;Colisão traseira;2;0;0;0;0;0;0;0;1;0;3;2;0;0;0
02/06/2015;21:48:00;271;Acidente com Vítima;523,15;BR-040/MG;Norte;Colisão traseira;0;0;2;0;1;0;0;0;0;0;2;1;1;0;0
02/06/2015;19:41:00;235;Acidente com Vítima;527,1;BR-040/MG;Norte;Queda de Carga;0;0;1;0;0;0;0;0;0;0;0;1;0;0;0
02/06/2015;10:20:00;105;Acidente com Vítima;534,9;BR-040/MG;Norte;Outros;0;0;0;1;0;0;0;0;0;0;0;0;1;0;0
02/06/2015;07:53:00;63;Acidente sem Vítima;535;BR-040/MG;Norte;Abalroamento - Longitudinal;1;0;1;0;0;0;0;0;0;0;2;0;0;0;0
02/06/2015;08:08:00;68;Acidente sem Vítima;537;BR-040/MG;Sul;Colisão traseira;1;0;0;1;0;0;0;0;0;0;5;0;0;0;0
02/06/2015;13:41:00;144;Acidente com Vítima;538;BR-040/MG;Norte;Outros;0;0;0;1;0;0;0;0;0;0;0;1;0;0;0
02/06/2015;09:05:00;82;Acidente com Vítima;543;BR-040/MG;Norte;Colisão traseira;1;0;0;1;0;0;0;0;0;0;1;1;0;0;0
02/06/2015;05:20:00;28;Acidente sem Vítima;555;BR-040/MG;Norte;Outros;0;0;1;0;0;0;0;0;0;0;1;0;0;0;0
02/06/2015;01:18:00;9;Acidente sem Vítima;662,4;BR-040/MG;Norte;Atropelamento - Animal;0;0;1;0;0;0;0;0;0;0;1;0;0;0;0
02/06/2015;11:20:00;117;Acidente sem Vítima;664,3;BR-040/MG;Norte;Colisão traseira;1;0;1;0;0;0;0;0;0;0;2;0;0;0;0
03/06/2015;17:28:00;187;Acidente com Vítima;2,3;BR-040/GO;Sul;Colisão traseira;2;0;0;0;0;0;0;0;0;0;2;1;0;0;0
03/06/2015;06:16:00;28;Acidente com Vítima;5,3;BR-040/DF;Norte;Abalroamento - Longitudinal;1;0;0;1;0;0;0;0;0;0;1;1;0;0;0
03/06/2015;06:59:00;48;Acidente com Morte;341,3;BR-040/MG;Norte;Choque com objeto fixo;1;0;0;0;0;0;0;0;0;0;0;0;1;0;1
03/06/2015;09:14:00;89;Acidente sem Vítima;347,084;BR-040/MG;Norte;Outros;2;0;0;0;0;0;0;0;0;0;3;0;0;0;0
03/06/2015;15:25:00;166;Acidente com Vítima;413;BR-040/MG;Sul;Colisão traseira;1;0;0;1;0;0;0;0;0;0;1;1;0;0;0
03/06/2015;09:04:00;87;Acidente sem Vítima;499;BR-040/MG;Norte;Choque com objeto fixo;0;0;1;0;0;0;0;0;0;0;1;0;0;0;0
03/06/2015;18:16:00;205;Acidente sem Vítima;525,05;BR-040/MG;Norte;Abalroamento - Longitudinal;1;0;0;0;0;1;0;0;0;0;3;0;0;0;0
03/06/2015;16:41:00;183;Acidente sem Vítima;525,5;BR-040/MG;Norte;Colisão traseira;2;0;0;0;0;0;0;0;0;1;3;0;0;0;0
03/06/2015;20:12:00;241;Acidente com Morte;527,5;BR-040/MG;Norte;Colisão frontal;1;0;1;0;0;0;0;0;0;0;1;0;0;2;2
03/06/2015;09:45:00;96;Acidente com Vítima;533;BR-040/MG;Sul;Outros;1;0;0;0;0;0;0;0;0;0;0;0;1;0;0
03/06/2015;07:19:00;56;Acidente com Vítima;533;BR-040/MG;Sul;Abalroamento - Longitudinal;0;0;0;1;1;0;0;0;0;0;5;0;1;0;0
03/06/2015;03:34:00;14;Acidente com Vítima;534,15;BR-040/MG;Norte;Colisão traseira;3;0;0;0;0;0;0;0;0;0;5;0;1;0;0
03/06/2015;16:13:00;177;Acidente com Vítima;608;BR-040/MG;Norte;Abalroamento - Longitudinal;1;0;1;0;0;0;0;0;0;0;1;0;1;0;0
03/06/2015;21:08:00;261;Acidente sem Vítima;627,6;BR-040/MG;Norte;Colisão traseira;2;0;0;0;0;0;0;0;0;0;2;0;0;0;0
03/06/2015;06:45:00;40;Acidente sem Vítima;7,2;BR-040/DF;Sul;Colisão traseira;2;0;0;0;0;0;0;0;0;0;2;0;0;0;0
03/06/2015;08:26:00;76;Acidente com Vítima;80,3;BR-040/GO;Sul;Abalroamento - Longitudinal;2;0;0;0;0;0;0;0;0;0;3;1;0;0;0