data;horario;n_da_ocorrencia;tipo_de_ocorrencia;km;trecho;sentido;tipo_de_acidente;automovel;bicicleta;caminhao;moto;onibus;outros;tracao_animal;transporte_de_cargas_especiais;trator_maquinas;utilitarios;ilesos;levemente_feridos;moderadamente_feridos;gravemente_feridos;mortos
03/06/2015;07:54:00;65;Acidente sem Vítima;739,55;BR-040/MG;Norte;Choque em defensa;0;0;1;0;0;0;0;0;0;0;1;0;0;0;0
04/06/2015;17:58:00;195;Acidente com Vítima;4,5;BR-040/GO;Norte;Outros;0;0;0;1;0;0;0;0;0;0;0;0;1;0;0
04/06/2015;18:45:00;206;Atropelamento sem Morte;7,1;BR-040/GO;Sul;Atropelamento - Pedestre caminhando;0;0;0;1;0;0;0;0;0;0;0;1;1;0;0
04/06/2015;04:54:00;32;Acidente sem Vítima;65,15;BR-040/MG;Norte;Capotamento;1;0;0;0;0;0;0;0;0;0;5;0;0;0;0
04/06/2015;07:57:00;60;Acidente com Vítima;339,4;BR-040/MG;Norte;Abalroamento - Longitudinal;2;0;0;0;0;0;0;0;0;0;5;1;0;0;0
04/06/2015;08:35:00;65;Acidente sem Vítima;471;BR-040/MG;Norte;Capotamento;1;0;0;0;0;0;0;0;0;0;2;0;0;0;0
04/06/2015;13:29:00;132;Acidente com Vítima;505;BR-040/MG;Sul;Outros;0;0;0;1;0;0;0;0;0;0;0;0;1;0;0
04/06/2015;08:42:00;68;Acidente sem Vítima;517;BR-040/MG;Norte;Choque com objeto fixo;0;0;1;0;0;0;0;0;0;0;1;0;0;0;0
04/06/2015;08:12:00;61;Acidente com Vítima;517;BR-040/MG;Sul;Capotamento;1;0;0;0;0;0;0;0;0;0;0;2;0;0;0
04/06/2015;17:39:00;187;Acidente sem Vítima;525;BR-040/MG;Norte;Abalroamento - Longitudinal;2;0;0;0;0;0;0;0;0;0;2;0;0;0;0
04/06/2015;12:19:00;116;Acidente sem Vítima;551;BR-040/MG;Sul;Colisão traseira;3;0;0;0;0;0;0;0;0;0;3;0;0;0;0
04/06/2015;10:32:00;91;Acidente sem Vítima;551;BR-040/MG;Sul;Colisão traseira;7;0;0;0;0;0;0;0;0;0;7;0;0;0;0
04/06/2015;17:10:00;181;Acidente sem Vítima;567;BR-040/MG;Sul;Choque com objeto fixo;1;0;0;0;0;0;0;0;0;0;1;0;0;0;0
04/06/2015;13:14:00;129;Acidente com Vítima;644;BR-040/MG;Sul;Outros;0;0;0;1;0;0;0;0;0;0;0;1;1;0;0
04/06/2015;18:05:00;196;Acidente sem Vítima;660,5;BR-040/MG;Norte;Colisão traseira;2;0;0;0;0;0;0;0;0;0;2;0;0;0;0
04/06/2015;12:18:00;114;Acidente com Vítima;112;BR-040/GO;Norte;Outros;0;0;0;1;0;0;0;0;0;0;0;0;1;0;0
05/06/2015;15:31:00;152;Acidente sem Vítima;1;BR-040/GO;Norte;Colisão traseira;2;0;0;0;0;0;0;0;0;0;2;0;0;0;0
05/06/2015;16:53:00;173;Acidente com Vítima;3,1;BR-040/GO;Sul;Colisão traseira;1;0;0;1;0;0;0;0;0;0;1;0;1;0;0
05/06/2015;19:37:00;210;Atropelamento sem Morte;4,9;BR-040/GO;Sul;Atropelamento - Pedestre atravessando;1;0;0;0;0;0;0;0;0;0;2;0;0;1;0
05/06/2015;16:59:00;174;Acidente com Vítima;11,9;BR-040/GO;Sul;Colisão traseira;1;0;0;1;0;0;0;0;0;0;1;0;1;0;0
05/06/2015;06:50:00;43;Atropelamento sem Morte;15,9;BR-040/GO;Norte;Atropelamento - Ciclista;1;1;0;0;0;0;0;0;0;0;1;0;1;0;0
05/06/2015;06:12:00;34;Acidente sem Vítima;30,8;BR-040/GO;Sul;Capotamento;1;0;0;0;0;0;0;0;0;0;1;0;0;0;0
05/06/2015;20:24:00;219;Acidente com Vítima;130,1;BR-040/MG;Sul;Colisão traseira;1;0;0;1;0;0;0;0;0;0;2;0;1;0;0
05/06/2015;18:56:00;204;Acidente com Vítima;276,03;BR-040/MG;Norte;Outros;0;0;0;1;0;0;0;0;0;0;0;0;1;0;0
05/06/2015;06:26:00;38;Acidente com Vítima;320,5;BR-040/MG;Norte;Capotamento;1;0;0;0;0;0;0;0;0;0;0;0;3;0;0
05/06/2015;18:24:00;193;Acidente sem Vítima;549,5;BR-040/MG;Sul;Outros;1;0;0;0;0;0;0;0;0;0;1;0;0;0;0
05/06/2015;06:21:00;37;Acidente sem Vítima;594,716;BR-040/MG;Sul;Outros;0;0;0;1;0;0;0;0;0;0;1;0;0;0;0
05/06/2015;08:14:00;60;Acidente com Vítima;594,855;BR-040/MG;Sul;Outros;0;0;0;1;0;0;0;0;0;0;1;1;0;0;0
05/06/2015;11:36:00;103;Acidente sem Vítima;600;BR-040/MG;Norte;Abalroamento - Longitudinal;2;0;0;0;0;0;0;0;0;0;2;0;0;0;0
05/06/2015;18:45:00;200;Acidente sem Vítima;8,2;BR-040/DF;Sul;Colisão traseira;2;0;0;0;0;0;0;0;0;0;2;0;0;0;0
05/06/2015;18:13:00;190;Atropelamento sem Morte;667,8;BR-040/MG;Sul;Atropelamento - Pedestre atravessando;0;0;1;0;0;0;0;0;0;0;1;0;0;1;0
06/06/2015;23:15:00;192;Acidente sem Vítima;0,8;BR-040/GO;Sul;Colisão traseira;2;0;0;0;0;0;0;0;0;0;2;0;0;0;0
06/06/2015;02:36:00;12;Acidente com Vítima;2,9;BR-040/GO;Sul;Abalroamento - Transversal;2;0;0;0;0;0;0;0;0;0;2;2;0;0;0
06/06/2015;12:36:00;91;Acidente com Vítima;17,6;BR-040/GO;Norte;Capotamento;1;0;0;0;0;0;0;0;0;0;0;0;0;1;0
06/06/2015;16:35:00;130;Acidente sem Vítima;267,2;BR-040/MG;Norte;Abalroamento - Longitudinal;1;0;1;0;0;0;0;0;0;0;2;0;0;0;0
06/06/2015;13:08:00;100;Acidente sem Vítima;460,9;BR-040/MG;Sul;Colisão traseira;2;0;0;0;0;0;0;0;0;0;4;0;0;0;0
06/06/2015;15:10:00;119;Acidente sem Vítima;477;BR-040/MG;Sul;Abalroamento - Longitudinal;1;0;0;0;0;1;0;0;0;0;7;0;0;0;0
06/06/2015;12:56:00;95;Atropelamento sem Morte;512;BR-040/MG;Sul;Atropelamento - Pedestre atravessando;0;0;0;0;0;0;0;0;0;1;1;0;1;0;0
06/06/2015;07:45:00;43;Acidente com Vítima;513,35;BR-040/MG;Sul;Choque com objeto fixo;1;0;0;0;0;0;0;0;0;0;0;0;3;0;0
06/06/2015;22:39:00;189;Acidente sem Vítima;517,35;BR-040/MG;Norte;Abalroamento - Longitudinal;2;0;0;0;0;0;0;0;0;0;4;0;0;0;0
06/06/2015;19:37:00;163;Acidente com Vítima;529,1;BR-040/MG;Sul;Outros;0;0;0;1;0;0;0;0;0;0;1;1;0;0;0
06/06/2015;15:03:00;116;Acidente sem Vítima;573,129;BR-040/MG;Norte;Abalroamento - Longitudinal;1;0;1;0;0;0;0;0;0;0;2;0;0;0;0
06/06/2015;08:08:00;47;Acidente sem Vítima;617;BR-040/MG;Norte;Capotamento;1;0;0;0;0;0;0;0;0;0;2;0;0;0;0
06/06/2015;09:20:00;63;Acidente com Morte;626,7;BR-040/MG;Sul;Abalroamento - Transversal;0;0;0;1;1;0;0;0;0;0;1;0;0;0;1
07/06/2015;13:21:00;109;Acidente sem Vítima;1,2;BR-040/MG;Sul;Choque com objeto fixo;1;0;0;0;0;0;0;0;0;0;2;0;0;0;0
07/06/2015;15:08:00;127;Acidente sem Vítima;1,2;BR-040/GO;Norte;Colisão traseira;1;0;0;1;0;0;0;0;0;0;2;0;0;0;0
07/06/2015;03:58:00;29;Acidente sem Vítima;2,7;BR-040/GO;Norte;Capotamento;1;0;0;0;0;0;0;0;0;0;1;0;0;0;0
07/06/2015;18:04:00;177;Acidente sem Vítima;3,8;BR-040/GO;Norte;Colisão traseira;2;0;0;0;0;0;0;0;0;0;2;0;0;0;0
07/06/2015;16:48:00;157;Acidente sem Vítima;6,1;BR-040/GO;Norte;Colisão traseira;3;0;0;0;0;0;0;0;0;0;3;0;0;0;0
07/06/2015;19:31:00;208;Acidente com Morte;32,5;BR-040/GO;Sul;Colisão frontal;3;0;0;0;0;0;0;0;0;0;0;0;0;0;4
07/06/2015;01:21:00;15;Acidente sem Vítima;374,3;BR-040/MG;Sul;Atropelamento - Animal;0;0;1;0;0;0;0;0;0;0;1;0;0;0;0
07/06/2015;18:03:00;176;Acidente com Morte;433,4;BR-040/MG;Sul;Colisão traseira;3;0;0;0;0;0;0;0;0;0;8;0;0;0;1
07/06/2015;21:46:00;247;Acidente com Vítima;506,1;BR-040/MG;Sul;Choque com objeto fixo;1;0;0;0;0;0;0;0;0;0;0;1;0;0;0
07/06/2015;19:39:00;211;Acidente sem Vítima;508,8;BR-040/MG;Sul;Colisão traseira;2;0;0;0;0;0;0;0;0;0;6;0;0;0;0
07/06/2015;03:26:00;24;Acidente sem Vítima;516,9;BR-040/MG;Norte;Capotamento;1;0;0;0;0;0;0;0;0;0;1;0;0;0;0
07/06/2015;04:28:00;31;Acidente sem Vítima;516,94;BR-040/MG;Sul;Colisão traseira;1;0;0;1;0;0;0;0;0;0;2;0;0;0;0
07/06/2015;09:56:00;60;Acidente sem Vítima;519;BR-040/MG;Norte;Capotamento;1;0;0;0;0;0;0;0;0;0;1;0;0;0;0
07/06/2015;02:30:00;20;Acidente sem Vítima;522,3;BR-040/MG;Norte;Atropelamento - Animal;1;0;0;0;0;0;0;0;0;0;1;0;0;0;0
07/06/2015;00:56:00;8;Acidente com Vítima;533,9;BR-040/MG;Sul;Colisão traseira;2;0;0;0;0;0;0;0;0;0;4;0;2;0;0
07/06/2015;00:34:00;6;Acidente com Vítima;534,5;BR-040/MG;Sul;Choque em veículo parado na pista;2;0;0;0;0;0;0;0;0;0;1;0;1;0;0
07/06/2015;02:26:00;19;Acidente sem Vítima;545,5;BR-040/MG;Sul;Outros;1;0;0;0;0;0;0;0;0;0;1;0;0;0;0
07/06/2015;15:42:00;138;Acidente sem Vítima;556;BR-040/MG;Norte;Colisão traseira;3;0;0;0;0;0;0;0;0;0;3;0;0;0;0
07/06/2015;01:37:00;14;Acidente com Vítima;562,1;BR-040/MG;Sul;Choque em barreira New Jersey;1;0;0;0;0;0;0;0;0;0;0;1;0;0;0
07/06/2015;05:53:00;36;Acidente sem Vítima;566,001;BR-040/MG;Norte;Capotamento;1;0;0;0;0;0;0;0;0;0;1;0;0;0;0
07/06/2015;17:02:00;162;Acidente sem Vítima;617,1;BR-040/MG;Sul;Abalroamento - Longitudinal;2;0;0;0;0;0;0;0;0;0;2;0;0;0;0
07/06/2015;19:08:00;205;Acidente com Vítima;628,5;BR-040/MG;Sul;Choque com objeto fixo;1;0;0;0;0;0;0;0;0;0;0;0;2;0;0
07/06/2015;16:20:00;149;Acidente com Vítima;647,3;BR-040/MG;Norte;Capotamento;0;0;0;0;0;0;0;0;0;1;1;2;0;0;0
07/06/2015;18:25:00;188;Acidente sem Vítima;38,3;BR-040/GO;Norte;Colisão traseira;3;0;0;0;0;0;0;0;0;0;8;0;0;0;0
07/06/2015;15:10:00;128;Acidente sem Vítima;96,1;BR-040/GO;Sul;Abalroamento - Longitudinal;2;0;0;0;0;0;0;0;0;0;2;0;0;0;0
07/06/2015;20:03:00;215;Acidente com Vítima;690,2;BR-040/MG;Sul;Colisão frontal;1;0;0;1;0;0;0;0;0;0;2;0;1;1;0
07/06/2015;13:37:00;112;Acidente com Vítima;702;BR-040/MG;Norte;Colisão traseira;1;0;0;1;0;0;0;0;0;0;1;0;1;0;0
07/06/2015;21:01:00;234;Acidente com Vítima;716,8;BR-040/MG;Norte;Outros;1;0;0;0;0;0;0;0;0;0;0;1;0;0;0
07/06/2015;20:50:00;232;Acidente com Vítima;758,8;BR-040/MG;Sul;Colisão traseira;1;0;0;1;0;0;0;0;0;0;1;1;0;0;0
07/06/2015;12:39:00;96;Acidente com Vítima;771,2;BR-040/MG;Sul;Abalroamento - Longitudinal;1;0;0;1;0;0;0;0;0;0;3;1;1;0;0
08/06/2015;19:30:00;264;Acidente sem Vítima;3,05;BR-040/GO;Norte;Colisão traseira;2;0;0;0;0;0;0;0;0;0;4;0;0;0;0
08/06/2015;19:59:00;274;Acidente com Vítima;4,6;BR-040/GO;Sul;Colisão traseira;0;0;0;1;0;0;0;0;0;0;3;1;0;0;0
08/06/2015;08:28:00;84;Acidente com Morte;5,3;BR-040/DF;Norte;Abalroamento - Longitudinal;1;0;1;0;0;0;0;0;0;0;1;0;0;0;1
08/06/2015;07:24:00;53;Acidente com Vítima;6,1;BR-040/DF;Norte;Outros;0;0;0;1;0;0;0;0;0;0;0;1;0;0;0
08/06/2015;12:18:00;153;Acidente sem Vítima;10;BR-040/GO;Norte;Colisão traseira;1;0;0;1;0;0;0;0;0;0;2;0;0;0;0
08/06/2015;19:29:00;263;Acidente sem Vítima;69;BR-040/MG;Sul;Choque com objeto fixo;1;0;0;0;0;0;0;0;0;0;1;0;0;0;0
08/06/2015;03:05:00;13;Acidente sem Vítima;352,7;BR-040/MG;Sul;Queda de Carga;0;0;2;0;0;0;0;0;0;0;2;0;0;0;0
08/06/2015;16:10:00;213;Acidente com Vítima;433,389;BR-040/MG;Norte;Capotamento;1;0;0;0;0;0;0;0;0;0;0;1;0;1;0
08/06/2015;23:11:00;306;Acidente sem Vítima;501,035;BR-040/MG;Sul;Colisão traseira;1;0;1;0;0;0;0;0;0;0;4;0;0;0;0
08/06/2015;12:40:00;159;Acidente sem Vítima;517;BR-040/MG;Sul;Colisão traseira;3;0;0;0;0;0;0;0;0;0;3;0;0;0;0
08/06/2015;19:02:00;255;Acidente com Vítima;518;BR-040/MG;Norte;Abalroamento - Longitudinal;1;0;0;1;0;0;0;0;0;0;4;0;1;0;0
08/06/2015;16:02:00;211;Acidente sem Vítima;534,126;BR-040/MG;Norte;Colisão traseira;3;0;0;0;0;0;0;0;0;0;3;0;0;0;0
08/06/2015;06:25:00;33;Acidente sem Vítima;537;BR-040/MG;Norte;Colisão traseira;2;0;0;0;0;0;0;0;0;0;2;0;0;0;0
08/06/2015;12:55:00;166;Acidente com Vítima;563,202;BR-040/MG;Norte;Outros;0;0;0;1;0;0;0;0;0;0;1;1;0;0;0
08/06/2015;12:28:00;154;Acidente com Vítima;607;BR-040/MG;Norte;Colisão traseira;1;0;0;1;0;0;0;0;0;0;1;1;0;0;0
08/06/2015;02:44:00;10;Acidente sem Vítima;646,2;BR-040/MG;Norte;Outros;1;0;0;0;0;0;0;0;0;0;1;0;0;0;0
08/06/2015;04:43:00;22;Acidente sem Vítima;661,2;BR-040/MG;Sul;Choque com objeto fixo;1;0;0;0;0;0;0;0;0;0;1;0;0;0;0
08/06/2015;11:34:00;141;Acidente sem Vítima;694;BR-040/MG;Norte;Outros;0;0;0;1;0;0;0;0;0;0;1;0;0;0;0
08/06/2015;14:49:00;197;Acidente sem Vítima;736;BR-040/MG;Norte;Abalroamento - Longitudinal;1;0;0;1;0;0;0;0;0;0;2;0;0;0;0
09/06/2015;09:38:00;90;Acidente sem Vítima;2;BR-040/GO;Sul;Colisão traseira;1;0;0;0;1;0;0;0;0;0;2;0;0;0;0
09/06/2015;19:10:00;241;Atropelamento sem Morte;3;BR-040/GO;Sul;Atropelamento - Pedestre atravessando;1;0;0;0;0;0;0;0;0;0;1;0;0;0;0
09/06/2015;22:02:00;269;Acidente com Vítima;5,5;BR-040/GO;Sul;Capotamento;1;0;0;0;0;0;0;0;0;0;0;1;0;0;0
09/06/2015;14:00:00;161;Acidente com Vítima;46;BR-040/MG;Norte;Queda de Carga;0;0;1;0;0;0;0;0;0;0;0;1;0;0;0
09/06/2015;20:00:00;255;Acidente sem Vítima;69;BR-040/MG;Sul;Colisão traseira;1;0;1;0;0;0;0;0;0;0;3;0;0;0;0
09/06/2015;03:36:00;13;Acidente sem Vítima;194,17;BR-040/MG;Sul;Atropelamento - Animal;0;0;1;0;0;0;0;0;0;0;1;0;0;0;0
09/06/2015;07:30:00;55;Acidente sem Vítima;509,514;BR-040/MG;Norte;Colisão traseira;3;0;0;0;0;0;0;0;0;0;3;0;0;0;0
09/06/2015;06:20:00;27;Acidente sem Vítima;511,219;BR-040/MG;Sul;Abalroamento - Longitudinal;1;0;1;0;0;0;0;0;0;0;2;0;0;0;0
09/06/2015;16:04:00;185;Acidente com Vítima;512;BR-040/MG;Sul;Colisão traseira;2;0;0;0;0;0;0;0;0;0;3;0;1;0;0
09/06/2015;07:42:00;66;Acidente com Vítima;533,283;BR-040/MG;Norte;Colisão traseira;0;0;0;1;1;0;0;0;0;0;1;1;0;0;0
09/06/2015;11:31:00;120;Atropelamento sem Morte;552,097;BR-040/MG;Norte;Atropelamento - Ciclista;1;1;0;0;0;0;0;0;0;0;1;1;0;0;0
09/06/2015;20:31:00;260;Acidente sem Vítima;570;BR-040/MG;Norte;Abalroamento - Transversal;1;0;1;0;0;0;0;0;0;0;2;0;0;0;0
09/06/2015;17:20:00;203;Acidente sem Vítima;626,1;BR-040/MG;Sul;Colisão traseira;0;0;2;0;0;0;0;0;0;0;2;0;0;0;0
09/06/2015;19:06:00;238;Acidente com Vítima;627,1;BR-040/MG;Norte;Colisão frontal;1;0;0;1;0;0;0;0;0;0;1;0;0;1;0
09/06/2015;15:56:00;183;Acidente com Vítima;714,68;BR-040/MG;Sul;Capotamento;2;0;0;0;0;0;0;0;0;0;2;2;0;0;0
10/06/2015;14:07:00;150;Acidente com Vítima;1,5;BR-040/GO;Norte;Abalroamento - Longitudinal;0;0;1;1;0;0;0;0;0;0;1;1;0;0;0
10/06/2015;06:01:00;21;Acidente com Vítima;8,007;BR-040/GO;Sul;Abalroamento - Longitudinal;1;0;0;1;0;0;0;0;0;0;1;0;1;0;0
10/06/2015;17:30:00;185;Acidente com Vítima;12;BR-040/GO;Norte;Abalroamento - Longitudinal;2;0;0;0;0;0;0;0;0;0;1;1;0;0;0
10/06/2015;18:52:00;197;Acidente sem Vítima;43,8;BR-040/MG;Sul;Abalroamento - Longitudinal;1;0;0;1;0;0;0;0;0;0;3;0;0;0;0
10/06/2015;13:02:00;136;Atropelamento sem Morte;14,2;BR-040/GO;Sul;Atropelamento - Pedestre atravessando;1;0;0;0;0;0;0;0;0;0;1;0;1;0;0
10/06/2015;21:09:00;236;Acidente sem Vítima;404,8;BR-040/MG;Norte;Atropelamento - Animal;0;0;1;0;0;0;0;0;0;0;1;0;0;0;0
10/06/2015;16:00:00;172;Acidente sem Vítima;486,1;BR-040/MG;Sul;Queda de Carga;0;0;1;0;0;0;0;0;0;0;1;0;0;0;0
10/06/2015;22:39:00;247;Acidente com Vítima;509,8;BR-040/MG;Sul;Abalroamento - Longitudinal;1;0;0;1;0;0;0;0;0;0;4;1;0;0;0
10/06/2015;07:41:00;59;Acidente com Vítima;522,9;BR-040/MG;Sul;Colisão traseira;1;0;0;1;0;0;0;0;0;0;1;1;1;0;0
10/06/2015;16:26:00;177;Acidente sem Vítima;527,5;BR-040/MG;Norte;Capotamento;1;0;0;0;0;0;0;0;0;0;1;0;0;0;0
10/06/2015;09:57:00;94;Acidente sem Vítima;556,2;BR-040/MG;Sul;Colisão traseira;3;0;0;0;0;0;0;0;0;0;3;0;0;0;0
10/06/2015;16:58:00;181;Acidente sem Vítima;646,55;BR-040/MG;Sul;Colisão frontal;2;0;0;0;0;0;0;0;0;0;2;0;0;0;0
10/06/2015;17:37:00;186;Acidente sem Vítima;93,8;BR-040/GO;Sul;Colisão traseira;0;0;1;1;0;0;0;0;0;0;2;0;0;0;0
11/06/2015;17:04:00;183;Acidente sem Vítima;6,002;BR-040/DF;Norte;Colisão traseira;2;0;0;0;0;0;0;0;0;0;2;0;0;0;0
11/06/2015;19:14:00;217;Acidente sem Vítima;329,5;BR-040/MG;Norte;Colisão traseira;0;0;2;0;0;0;0;0;0;0;2;0;0;0;0
11/06/2015;15:35:00;162;Acidente sem Vítima;493,2;BR-040/MG;Sul;Colisão traseira;0;0;2;0;0;0;0;0;0;0;2;0;0;0;0
11/06/2015;17:41:00;193;Acidente com Vítima;526,2;BR-040/MG;Sul;Outros;0;0;0;1;0;0;0;0;0;0;0;0;1;0;0
11/06/2015;04:56:00;24;Acidente sem Vítima;551,9;BR-040/MG;Sul;Choque com objeto fixo;1;0;0;0;0;0;0;0;0;0;1;0;0;0;0
11/06/2015;13:02:00;135;Acidente com Vítima;597;BR-040/MG;Sul;Abalroamento - Longitudinal;1;0;0;1;0;0;0;0;0;0;1;1;0;0;0
11/06/2015;17:25:00;187;Acidente sem Vítima;8,1;BR-040/DF;Sul;Colisão traseira;1;0;0;0;1;0;0;0;0;0;2;0;0;0;0
12/06/2015;16:07:00;234;Acidente com Vítima;0,05;BR-040/DF;Sul;Abalroamento - Longitudinal;0;0;0;1;1;0;0;0;0;0;1;0;0;1;0
12/06/2015;00:20:00;4;Acidente sem Vítima;5,2;BR-040/DF;Sul;Abalroamento - Longitudinal;1;0;1;0;0;0;0;0;0;0;2;0;0;0;0
12/06/2015;23:54:00;344;Acidente sem Vítima;5,8;BR-040/GO;Sul;Choque com objeto fixo;1;0;0;0;0;0;0;0;0;0;1;0;0;0;0
12/06/2015;07:41:00;87;Acidente sem Vítima;37,055;BR-040/MG;Norte;Outros;1;0;0;0;0;0;0;0;0;0;1;0;0;0;0
12/06/2015;13:31:00;192;Acidente com Vítima;42,075;BR-040/MG;Norte;Abalroamento - Longitudinal;0;1;0;1;0;0;0;0;0;0;0;1;1;0;0
12/06/2015;13:50:00;200;Acidente sem Vítima;45,515;BR-040/MG;Norte;Colisão traseira;2;0;0;0;0;0;0;0;0;0;2;0;0;0;0
12/06/2015;18:49:00;284;Acidente sem Vítima;517;BR-040/MG;Norte;Colisão traseira;3;0;0;1;0;0;0;0;0;0;4;0;0;0;0
12/06/2015;16:45:00;245;Atropelamento sem Morte;518;BR-040/MG;Norte;Atropelamento - Ciclista;1;1;0;0;0;0;0;0;0;0;1;0;1;0;0
12/06/2015;20:53:00;319;Acidente sem Vítima;520;BR-040/MG;Norte;Colisão traseira;2;0;0;0;0;0;0;0;0;0;2;0;0;0;0
12/06/2015;18:51:00;286;Acidente sem Vítima;533;BR-040/MG;Norte;Abalroamento - Longitudinal;1;0;0;0;0;1;0;0;0;0;2;0;0;0;0
12/06/2015;02:43:00;13;Acidente sem Vítima;535,1;BR-040/MG;Sul;Choque em barreira New Jersey;1;0;0;0;0;0;0;0;0;0;2;0;0;0;0
12/06/2015;18:36:00;277;Acidente sem Vítima;537;BR-040/MG;Norte;Colisão traseira;5;0;1;0;0;0;0;0;0;0;23;0;0;0;0
12/06/2015;09:49:00;136;Acidente sem Vítima;559,059;BR-040/MG;Sul;Colisão traseira;0;0;1;1;0;0;0;0;0;0;2;0;0;0;0
12/06/2015;17:42:00;262;Acidente sem Vítima;575,9;BR-040/MG;Sul;Colisão traseira;4;0;0;0;0;0;0;0;0;0;4;0;0;0;0
12/06/2015;18:41:00;281;Acidente sem Vítima;613,4;BR-040/MG;Norte;Colisão traseira;2;0;0;0;0;0;0;0;0;0;2;0;0;0;0
12/06/2015;09:47:00;132;Atropelamento com Morte;7,4;BR-040/DF;Sul;Atropelamento - Ciclista;0;0;0;0;1;0;0;0;0;0;1;0;0;0;1
12/06/2015;09:40:00;129;Acidente com Vítima;74,05;BR-040/GO;Norte;Abalroamento - Longitudinal;1;0;1;0;0;0;0;0;0;0;1;0;1;0;0
12/06/2015;14:57:00;218;Acidente sem Vítima;716;BR-040/MG;Norte;Colisão traseira;0;0;2;0;0;0;0;0;0;0;2;0;0;0;0
13/06/2015;15:53:00;190;Acidente sem Vítima;1,5;BR-040/GO;Sul;Colisão traseira;2;0;0;0;0;0;0;0;0;0;4;0;0;0;0
13/06/2015;09:06:00;78;Acidente sem Vítima;1,8;BR-040/GO;Norte;Colisão traseira;3;0;0;0;0;0;0;0;0;0;6;0;0;0;0
13/06/2015;12:43:00;126;Acidente sem Vítima;2,112;BR-040/DF;Sul;Colisão traseira;2;0;0;0;0;0;0;0;0;0;7;0;0;0;0
13/06/2015;16:17:00;199;Acidente sem Vítima;2,1;BR-040/GO;Sul;Colisão traseira;3;0;0;0;1;0;0;0;0;0;33;0;0;0;0
13/06/2015;15:37:00;184;Acidente sem Vítima;2,227;BR-040/GO;Norte;Colisão traseira;2;0;0;0;0;0;0;0;0;0;5;0;0;0;0
13/06/2015;13:41:00;151;Acidente sem Vítima;3,5;BR-040/DF;Sul;Colisão traseira;3;0;0;0;0;0;0;0;0;0;6;0;0;0;0
13/06/2015;14:32:00;165;Acidente sem Vítima;8,8;BR-040/GO;Sul;Colisão traseira;2;0;0;0;0;0;0;0;0;0;2;0;0;0;0
13/06/2015;00:03:00;1;Acidente sem Vítima;20;BR-040/GO;Norte;Outros;1;0;0;0;0;0;0;0;0;0;2;0;0;0;0
13/06/2015;07:18:00;52;Acidente com Morte;25,7;BR-040/GO;Norte;Capotamento;1;0;0;0;0;0;0;0;0;0;0;0;0;0;1
13/06/2015;06:15:00;33;Acidente sem Vítima;142,3;BR-040/MG;Sul;Abalroamento - Longitudinal;1;0;1;0;0;0;0;0;0;0;32;0;0;0;0
13/06/2015;22:49:00;278;Acidente sem Vítima;497;BR-040/MG;Norte;Colisão traseira;2;0;0;0;0;0;0;0;0;0;2;0;0;0;0
13/06/2015;05:19:00;26;Acidente sem Vítima;518;BR-040/MG;Norte;Colisão traseira;2;0;0;0;0;0;0;0;0;0;2;0;0;0;0
13/06/2015;13:26:00;144;Acidente sem Vítima;522,2;BR-040/MG;Norte;Outros;1;0;0;0;0;0;0;0;0;0;2;0;0;0;0
13/06/2015;19:28:00;250;Acidente sem Vítima;525;BR-040/MG;Sul;Choque em barreira New Jersey;1;0;0;0;0;0;0;0;0;0;1;0;0;0;0
13/06/2015;06:27:00;35;Acidente sem Vítima;527,5;BR-040/MG;Sul;Atropelamento - Animal;2;0;0;0;0;0;0;0;0;0;2;0;0;0;0
13/06/2015;18:23:00;224;Acidente sem Vítima;550;BR-040/MG;Norte;Colisão traseira;2;0;0;0;0;0;0;0;0;0;2;0;0;0;0
13/06/2015;06:53:00;40;Acidente sem Vítima;552,7;BR-040/MG;Sul;Colisão traseira;1;0;0;0;1;0;0;0;0;0;2;0;0;0;0
13/06/2015;18:30:00;229;Acidente sem Vítima;567;BR-040/MG;Norte;Abalroamento - Longitudinal;4;0;0;0;0;0;0;0;0;0;14;0;0;0;0
13/06/2015;19:06:00;243;Acidente sem Vítima;620;BR-040/MG;Norte;Colisão traseira;2;0;0;0;0;0;0;0;0;0;2;0;0;0;0
13/06/2015;11:52:00;118;Acidente com Vítima;628;BR-040/MG;Norte;Colisão traseira;2;0;0;0;0;0;0;0;0;0;4;0;1;0;0
13/06/2015;05:43:00;31;Acidente sem Vítima;699;BR-040/MG;Sul;Colisão traseira;2;0;0;0;0;0;0;0;0;0;2;0;0;0;0
13/06/2015;12:14:00;124;Acidente com Vítima;715,9;BR-040/MG;Sul;Outros;0;0;1;0;0;0;0;0;0;0;0;0;1;0;0
14/06/2015;10:20:00;55;Acidente sem Vítima;2,2;BR-040/DF;Norte;Choque com objeto fixo;1;0;0;0;0;0;0;0;0;0;1;0;0;0;0
14/06/2015;18:51:00;164;Acidente sem Vítima;4,8;BR-040/DF;Norte;Colisão traseira;2;0;0;0;0;0;0;0;0;0;2;0;0;0;0
14/06/2015;06:02:00;21;Acidente sem Vítima;6,4;BR-040/GO;Sul;Capotamento;1;0;0;0;0;0;0;0;0;0;1;0;0;0;0
14/06/2015;18:58:00;165;Acidente sem Vítima;12,2;BR-040/GO;Norte;Abalroamento - Longitudinal;1;0;0;1;0;0;0;0;0;0;2;0;0;0;0