data;horario;n_da_ocorrencia;tipo_de_ocorrencia;km;trecho;sentido;tipo_de_acidente;automovel;bicicleta;caminhao;moto;onibus;outros;tracao_animal;transporte_de_cargas_especiais;trator_maquinas;utilitarios;ilesos;levemente_feridos;moderadamente_feridos;gravemente_feridos;mortos
14/06/2015;17:10:00;138;Acidente com Vítima;16,02;BR-040/GO;Norte;Colisão traseira;1;0;0;1;0;0;0;0;0;0;2;0;1;0;0
14/06/2015;17:56:00;147;Acidente sem Vítima;125;BR-040/MG;Norte;Choque com objeto fixo;1;0;0;0;0;0;0;0;0;0;1;0;0;0;0
14/06/2015;16:55:00;134;Acidente com Vítima;510,2;BR-040/MG;Sul;Colisão traseira;2;0;0;0;0;0;0;0;0;0;2;2;1;0;0
14/06/2015;15:59:00;115;Acidente sem Vítima;510,2;BR-040/MG;Sul;Outros;0;0;0;1;0;0;0;0;0;0;2;0;0;0;0
14/06/2015;19:46:00;180;Acidente sem Vítima;512,6;BR-040/MG;Norte;Outros;1;0;0;0;0;0;0;0;0;0;1;0;0;0;0
14/06/2015;05:43:00;20;Acidente com Vítima;523,6;BR-040/MG;Norte;Choque com objeto fixo;1;0;0;0;0;0;0;0;0;0;0;2;0;0;0
14/06/2015;12:50:00;89;Acidente sem Vítima;526,9;BR-040/MG;Norte;Capotamento;1;0;0;0;0;0;0;0;0;0;1;0;0;0;0
14/06/2015;06:06:00;23;Acidente sem Vítima;558,7;BR-040/MG;Norte;Abalroamento - Longitudinal;2;0;0;0;0;0;0;0;0;0;2;0;0;0;0
14/06/2015;17:59:00;148;Acidente com Vítima;565,3;BR-040/MG;Sul;Abalroamento - Longitudinal;2;0;0;0;0;0;0;0;0;0;1;1;1;0;0
14/06/2015;18:22:00;155;Acidente com Vítima;626,1;BR-040/MG;Norte;Abalroamento - Longitudinal;1;0;1;0;0;0;0;0;0;0;2;0;1;0;0
14/06/2015;17:10:00;137;Acidente sem Vítima;656,4;BR-040/MG;Norte;Choque em barreira New Jersey;1;0;0;0;0;0;0;0;0;0;1;0;0;0;0
14/06/2015;14:44:00;102;Atropelamento sem Morte;668;BR-040/MG;Norte;Atropelamento - Pedestre atravessando;1;0;0;0;0;0;0;0;0;0;1;0;1;0;0
14/06/2015;18:28:00;157;Atropelamento sem Morte;734,5;BR-040/MG;Sul;Atropelamento - Pedestre atravessando;0;0;0;0;0;0;0;0;0;1;15;0;0;1;0
15/06/2015;17:57:00;187;Acidente sem Vítima;1,8;BR-040/GO;Norte;Colisão traseira;2;0;0;0;0;0;0;0;0;0;5;0;0;0;0
15/06/2015;18:41:00;193;Acidente sem Vítima;3,1;BR-040/DF;Sul;Colisão traseira;2;0;0;1;0;0;0;0;0;0;3;0;0;0;0
15/06/2015;07:44:00;47;Acidente com Vítima;6,1;BR-040/GO;Sul;Abalroamento - Longitudinal;2;0;0;1;0;0;0;0;0;0;2;0;1;0;0
15/06/2015;10:53:00;117;Acidente com Vítima;487,5;BR-040/MG;Sul;Outros;0;0;0;1;0;0;0;0;0;0;0;1;0;0;0
15/06/2015;16:53:00;171;Acidente com Vítima;510,2;BR-040/MG;Sul;Colisão traseira;1;0;0;1;0;0;0;0;0;0;2;1;0;0;0
15/06/2015;05:39:00;18;Acidente sem Vítima;511,2;BR-040/MG;Norte;Queda de Carga;0;0;1;0;0;0;0;0;0;0;1;0;0;0;0
15/06/2015;19:48:00;222;Acidente sem Vítima;533,05;BR-040/MG;Norte;Colisão traseira;2;0;0;0;0;0;0;0;0;0;2;0;0;0;0
15/06/2015;09:46:00;93;Acidente sem Vítima;543,2;BR-040/MG;Sul;Colisão traseira;0;0;2;0;0;0;0;0;0;0;2;0;0;0;0
15/06/2015;01:42:00;9;Acidente com Vítima;554,2;BR-040/MG;Norte;Choque com objeto fixo;0;0;1;0;0;0;0;0;0;0;1;1;0;0;0
15/06/2015;23:14:00;261;Acidente com Vítima;557,7;BR-040/MG;Sul;Capotamento;0;0;0;0;0;1;0;0;0;0;0;3;3;0;0
15/06/2015;22:39:00;256;Acidente sem Vítima;593,6;BR-040/MG;Norte;Abalroamento - Longitudinal;0;0;3;0;0;0;0;0;0;0;4;0;0;0;0
15/06/2015;18:22:00;191;Acidente com Vítima;600,3;BR-040/MG;Norte;Abalroamento - Longitudinal;1;0;1;0;0;0;0;0;0;0;1;1;3;0;0
15/06/2015;13:30:00;141;Acidente com Vítima;679,8;BR-040/MG;Sul;Outros;1;0;0;0;0;0;0;0;0;0;0;2;0;0;0
15/06/2015;10:29:00;110;Acidente sem Vítima;710,5;BR-040/MG;Sul;Choque com objeto fixo;1;0;0;0;0;0;0;0;0;0;1;0;0;0;0
15/06/2015;08:07:00;59;Acidente sem Vítima;726,894;BR-040/MG;Norte;Choque com objeto fixo;0;0;1;0;0;0;0;0;0;0;1;0;0;0;0
16/06/2015;09:39:00;99;Acidente sem Vítima;0,1;BR-040/GO;Norte;Colisão traseira;5;0;0;0;0;0;0;0;0;0;5;0;0;0;0
16/06/2015;18:46:00;235;Acidente com Vítima;44,49;BR-040/MG;Sul;Outros;0;0;0;1;0;0;0;0;0;0;0;0;2;0;0
16/06/2015;14:49:00;176;Acidente sem Vítima;17,1;BR-040/GO;Norte;Queda de Carga;0;0;1;0;0;0;0;0;0;0;1;0;0;0;0
16/06/2015;11:12:00;137;Acidente com Vítima;132,8;BR-040/MG;Sul;Outros;0;0;0;1;0;0;0;0;0;0;0;1;1;0;0
16/06/2015;17:44:00;218;Acidente sem Vítima;142;BR-040/MG;Sul;Capotamento;1;0;0;0;0;0;0;0;0;0;1;0;0;0;0
16/06/2015;19:41:00;259;Acidente sem Vítima;509,142;BR-040/MG;Sul;Colisão traseira;3;0;0;0;0;0;0;0;0;0;3;0;0;0;0
16/06/2015;08:03:00;65;Acidente sem Vítima;521;BR-040/MG;Sul;Colisão traseira;3;0;0;0;0;0;0;0;0;0;3;0;0;0;0
16/06/2015;22:17:00;289;Acidente sem Vítima;522,12;BR-040/MG;Norte;Capotamento;1;0;0;0;0;0;0;0;0;0;1;0;0;0;0
16/06/2015;06:50:00;41;Atropelamento sem Morte;525,2;BR-040/MG;Norte;Atropelamento - Pedestre atravessando;0;0;0;1;0;0;0;0;0;0;1;0;1;0;0
16/06/2015;21:51:00;283;Acidente com Vítima;533,005;BR-040/MG;Norte;Colisão traseira;1;0;1;0;0;0;0;0;0;0;1;0;1;0;0
16/06/2015;18:01:00;221;Acidente com Vítima;534,7;BR-040/MG;Sul;Abalroamento - Longitudinal;1;0;1;1;0;0;0;0;0;0;2;0;2;0;0
16/06/2015;14:41:00;175;Acidente sem Vítima;562,5;BR-040/MG;Sul;Colisão traseira;2;0;0;0;0;0;0;0;0;0;2;0;0;0;0
16/06/2015;22:23:00;290;Atropelamento sem Morte;582;BR-040/MG;Sul;;0;0;0;1;0;0;0;0;0;0;0;0;0;1;0
16/06/2015;06:30:00;32;Acidente sem Vítima;598,565;BR-040/MG;Sul;Queda de Carga;1;0;0;0;0;0;0;0;0;0;2;0;0;0;0
16/06/2015;12:49:00;160;Acidente com Vítima;601,098;BR-040/MG;Sul;Abalroamento - Longitudinal;1;0;0;1;0;0;0;0;0;0;1;0;1;0;0
16/06/2015;18:22:00;228;Acidente sem Vítima;658;BR-040/MG;Norte;Abalroamento - Transversal;1;0;1;0;0;0;0;0;0;0;2;0;0;0;0
16/06/2015;15:45:00;191;Acidente sem Vítima;685,143;BR-040/MG;Sul;Colisão traseira;0;0;2;0;0;0;0;0;0;0;2;0;0;0;0
16/06/2015;14:39:00;174;Acidente com Vítima;750,25;BR-040/MG;Norte;Outros;1;0;0;0;0;0;0;0;0;0;2;1;0;0;0
17/06/2015;10:45:00;139;Acidente sem Vítima;7;BR-040/GO;Norte;Abalroamento - Longitudinal;2;0;0;0;0;0;0;0;0;0;2;0;0;0;0
17/06/2015;19:06:00;233;Atropelamento com Morte;65,2;BR-040/MG;Norte;Atropelamento - Pedestre atravessando;1;0;0;0;0;0;0;0;0;0;2;0;0;0;1
17/06/2015;20:49:00;270;Acidente sem Vítima;20,2;BR-040/GO;Sul;Colisão traseira;2;0;0;0;0;0;0;0;0;0;2;0;0;0;0
17/06/2015;08:56:00;113;Acidente com Vítima;541;BR-040/MG;Sul;Colisão traseira;2;0;0;1;0;0;0;0;0;0;4;1;0;0;0
17/06/2015;01:41:00;16;Acidente sem Vítima;543;BR-040/MG;Sul;Colisão traseira;2;0;0;0;0;0;0;0;0;0;2;0;0;0;0
17/06/2015;16:23:00;197;Acidente com Vítima;573,2;BR-040/MG;Sul;Capotamento;1;0;0;0;0;0;0;0;0;0;2;1;0;0;0
17/06/2015;20:09:00;256;Acidente sem Vítima;588;BR-040/MG;Sul;Abalroamento - Longitudinal;0;0;1;0;1;0;0;0;0;0;2;0;0;0;0
18/06/2015;06:28:00;58;Acidente sem Vítima;8,1;BR-040/GO;Sul;Colisão traseira;3;0;0;0;0;0;0;0;0;0;3;0;0;0;0
18/06/2015;20:49:00;281;Acidente com Vítima;33,7;BR-040/GO;Sul;Colisão traseira;1;0;0;1;0;0;0;0;0;0;1;0;1;0;0
18/06/2015;20:24:00;276;Acidente sem Vítima;195,5;BR-040/MG;Sul;Colisão traseira;1;0;1;0;0;0;0;0;0;0;4;0;0;0;0
18/06/2015;12:58:00;168;Acidente sem Vítima;477,15;BR-040/MG;Sul;Outros;0;0;0;1;0;0;0;0;0;0;1;0;0;0;0
18/06/2015;18:48:00;241;Acidente com Vítima;518,6;BR-040/MG;Norte;Choque em defensa;1;0;0;0;0;0;0;0;0;0;1;0;1;0;0
18/06/2015;20:34:00;279;Atropelamento com Morte;524,26;BR-040/MG;Sul;Atropelamento - Pedestre atravessando;1;0;0;0;0;0;0;0;0;0;1;0;0;1;1
18/06/2015;09:24:00;116;Acidente sem Vítima;535,5;BR-040/MG;Norte;Queda de Carga;0;0;1;0;0;0;0;0;0;0;1;0;0;0;0
18/06/2015;08:32:00;97;Acidente sem Vítima;698;BR-040/MG;Norte;Abalroamento - Longitudinal;2;0;0;0;0;0;0;0;0;0;2;0;0;0;0
18/06/2015;06:02:00;48;Atropelamento sem Morte;699;BR-040/MG;Norte;Atropelamento - Pedestre caminhando;0;0;0;1;0;0;0;0;0;0;1;1;0;0;0
19/06/2015;06:01:00;26;Acidente com Vítima;0,5;BR-040/GO;Norte;Abalroamento - Longitudinal;1;0;0;1;0;0;0;0;0;0;1;1;0;0;0
19/06/2015;08:52:00;80;Acidente com Vítima;4,5;BR-040/GO;Norte;Choque com objeto fixo;2;0;0;0;0;0;0;0;0;0;1;0;1;0;0
19/06/2015;15:58:00;156;Atropelamento sem Morte;7,08;BR-040/GO;Norte;Atropelamento - Pedestre caminhando;1;0;0;0;1;0;0;0;0;0;2;0;1;0;0
19/06/2015;16:38:00;166;Acidente com Vítima;7,9;BR-040/GO;Norte;Colisão traseira;2;0;0;0;0;0;0;0;0;0;1;1;0;0;0
19/06/2015;20:35:00;233;Acidente sem Vítima;164,8;BR-040/MG;Sul;Outros;1;0;0;0;0;0;0;0;0;0;2;0;0;0;0
19/06/2015;19:02:00;205;Atropelamento sem Morte;538,2;BR-040/MG;Norte;Atropelamento - Pedestre atravessando;0;0;0;1;0;0;0;0;0;0;0;0;1;0;0
19/06/2015;20:35:00;226;Acidente sem Vítima;552,4;BR-040/MG;Sul;Choque com objeto fixo;1;0;0;0;0;0;0;0;0;0;1;0;0;0;0
19/06/2015;16:58:00;172;Acidente sem Vítima;608;BR-040/MG;Sul;Capotamento;1;0;0;0;0;0;0;0;0;0;1;0;0;0;0
19/06/2015;10:22:00;100;Acidente sem Vítima;727,45;BR-040/MG;Norte;Colisão traseira;0;0;2;0;0;0;0;0;0;0;2;0;0;0;0
19/06/2015;13:16:00;125;Acidente sem Vítima;733;BR-040/MG;Sul;Capotamento;1;0;0;0;0;0;0;0;0;0;1;0;0;0;0
19/06/2015;02:27:00;6;Acidente com Morte;123,3;BR-040/GO;Sul;Capotamento;1;0;0;0;0;0;0;0;0;0;0;0;0;0;1
20/06/2015;18:49:00;199;Acidente sem Vítima;2;BR-040/GO;Norte;Colisão traseira;3;0;0;0;0;0;0;0;0;0;7;0;0;0;0
20/06/2015;14:57:00;147;Acidente com Vítima;3,5;BR-040/GO;Norte;Capotamento;2;0;0;0;0;0;0;0;0;0;1;1;0;0;0
20/06/2015;21:06:00;234;Acidente sem Vítima;5;BR-040/DF;Norte;Capotamento;1;0;0;0;0;0;0;0;0;0;1;0;0;0;0
20/06/2015;18:07:00;189;Acidente sem Vítima;4,6;BR-040/GO;Norte;Outros;1;0;0;0;0;0;0;0;0;0;1;0;0;0;0
20/06/2015;22:16:00;248;Acidente sem Vítima;6,8;BR-040/GO;Sul;Colisão traseira;2;0;0;0;0;0;0;0;0;0;2;0;0;0;0
20/06/2015;19:26:00;211;Acidente sem Vítima;7,2;BR-040/GO;Norte;Colisão traseira;1;0;0;1;0;0;0;0;0;0;2;0;0;0;0
20/06/2015;19:07:00;206;Acidente sem Vítima;7,8;BR-040/GO;Norte;Colisão traseira;3;0;0;0;0;0;0;0;0;0;5;0;0;0;0
20/06/2015;19:29:00;212;Acidente com Vítima;8;BR-040/GO;Norte;Colisão traseira;3;0;0;0;0;0;0;0;0;0;4;2;0;0;0
20/06/2015;23:12:00;260;Acidente com Vítima;24,5;BR-040/GO;Sul;Capotamento;1;0;0;0;0;0;0;0;0;0;0;0;1;0;0
20/06/2015;01:26:00;14;Acidente sem Vítima;424,8;BR-040/MG;Sul;Queda de Carga;0;0;1;0;0;0;0;0;0;0;1;0;0;0;0
20/06/2015;06:04:00;40;Acidente sem Vítima;463,3;BR-040/MG;Norte;Queda de Carga;0;0;1;0;0;0;0;0;0;0;1;0;0;0;0
20/06/2015;10:24:00;88;Acidente com Vítima;510,5;BR-040/MG;Norte;Colisão traseira;2;0;0;2;0;0;0;0;0;0;3;1;0;0;0
20/06/2015;19:02:00;202;Acidente sem Vítima;511,3;BR-040/MG;Sul;Colisão traseira;2;0;0;0;0;0;0;0;0;0;5;0;0;0;0
20/06/2015;13:07:00;124;Acidente sem Vítima;511,5;BR-040/MG;Sul;Colisão traseira;3;0;0;0;0;0;0;0;0;0;4;0;0;0;0
20/06/2015;13:09:00;123;Acidente sem Vítima;512,6;BR-040/MG;Sul;Colisão traseira;3;0;0;0;0;0;0;0;0;0;3;0;0;0;0
20/06/2015;19:05:00;204;Acidente com Vítima;515,5;BR-040/MG;Sul;Outros;1;0;0;0;0;0;0;0;0;0;0;2;0;0;0
20/06/2015;12:38:00;116;Acidente sem Vítima;525;BR-040/MG;Norte;Colisão traseira;3;0;0;0;0;0;0;0;0;0;5;0;0;0;0
20/06/2015;04:59:00;37;Acidente com Vítima;525,36;BR-040/MG;Sul;Colisão frontal;2;0;0;0;0;0;0;0;0;0;1;1;0;0;0
20/06/2015;06:00:00;39;Acidente com Vítima;525,5;BR-040/MG;Sul;Outros;0;0;0;1;0;0;0;0;0;0;0;1;0;0;0
20/06/2015;18:39:00;196;Acidente com Vítima;529;BR-040/MG;Sul;Abalroamento - Longitudinal;1;0;0;1;0;0;0;0;0;0;1;0;1;0;0
20/06/2015;01:44:00;19;Acidente sem Vítima;536,11;BR-040/MG;Norte;Capotamento;1;0;0;0;0;0;0;0;0;0;1;0;0;0;0
20/06/2015;21:01:00;232;Acidente com Vítima;537;BR-040/MG;Sul;Colisão traseira;2;0;0;0;0;0;0;0;0;0;1;0;1;0;0
20/06/2015;21:35:00;238;Acidente com Vítima;551,3;BR-040/MG;Norte;Abalroamento - Transversal;1;0;0;1;0;0;0;0;0;0;1;2;0;0;0
20/06/2015;01:45:00;18;Acidente sem Vítima;618,4;BR-040/MG;Norte;Capotamento;1;0;0;0;0;0;0;0;0;0;1;0;0;0;0
20/06/2015;23:11:00;258;Acidente com Vítima;632;BR-040/MG;Norte;Abalroamento - Transversal;2;0;0;0;0;0;0;0;0;0;3;1;0;0;0
20/06/2015;18:14:00;190;Acidente sem Vítima;7;BR-040/DF;Norte;Colisão traseira;2;0;0;0;0;0;0;0;0;0;2;0;0;0;0
20/06/2015;11:38:00;108;Acidente com Vítima;7,3;BR-040/DF;Sul;Abalroamento - Longitudinal;1;0;0;1;0;0;0;0;0;0;1;0;1;0;0
20/06/2015;04:24:00;34;Acidente com Vítima;81,6;BR-040/GO;Norte;Capotamento;1;0;0;0;0;0;0;0;0;0;1;1;0;0;0
20/06/2015;17:20:00;179;Acidente sem Vítima;726,941;BR-040/MG;Norte;;1;0;0;0;0;0;0;0;0;0;1;0;0;0;0
21/06/2015;19:17:00;206;Acidente sem Vítima;5;BR-040/GO;Norte;Colisão traseira;2;0;0;0;0;0;0;0;0;0;2;0;0;0;0
21/06/2015;18:34:00;192;Acidente com Vítima;8,1;BR-040/MG;Norte;Colisão traseira;1;0;0;1;0;0;0;0;0;0;1;0;1;0;0
21/06/2015;16:51:00;150;Acidente sem Vítima;7,1;BR-040/GO;Sul;Colisão traseira;4;0;0;0;0;0;0;0;0;0;4;0;0;0;0
21/06/2015;22:55:00;262;Acidente sem Vítima;57,1;BR-040/MG;Sul;Capotamento;1;0;0;0;0;0;0;0;0;0;2;0;0;0;0
21/06/2015;12:58:00;110;Acidente sem Vítima;272,8;BR-040/MG;Norte;Colisão traseira;1;0;0;1;0;0;0;0;0;0;2;0;0;0;0
21/06/2015;06:28:00;41;Acidente com Vítima;434,064;BR-040/MG;Norte;Abalroamento - Longitudinal;2;0;0;0;0;0;0;0;0;0;0;1;1;0;0
21/06/2015;22:24:00;256;Acidente sem Vítima;485,2;BR-040/MG;Norte;Capotamento;1;0;0;0;0;0;0;0;0;0;1;0;0;0;0
21/06/2015;10:44:00;86;Acidente sem Vítima;510;BR-040/MG;Sul;Capotamento;1;0;0;0;0;0;0;0;0;0;1;0;0;0;0
21/06/2015;00:21:00;5;Acidente sem Vítima;533,33;BR-040/MG;Norte;Choque com objeto fixo;1;0;0;0;0;0;0;0;0;0;2;0;0;0;0
21/06/2015;07:40:00;48;Acidente sem Vítima;562,2;BR-040/MG;Sul;Colisão traseira;2;0;0;0;0;0;0;0;0;0;8;0;0;0;0
21/06/2015;04:15:00;29;Acidente sem Vítima;563;BR-040/MG;Sul;Choque em barreira New Jersey;1;0;0;0;0;0;0;0;0;0;4;0;0;0;0
21/06/2015;07:53:00;53;Acidente sem Vítima;710;BR-040/MG;Norte;Choque em barreira New Jersey;1;0;0;0;0;0;0;0;0;0;1;0;0;0;0
21/06/2015;02:34:00;20;Acidente sem Vítima;772;BR-040/MG;Norte;Capotamento;1;0;0;0;0;0;0;0;0;0;1;0;0;0;0
22/06/2015;18:52:00;226;Acidente sem Vítima;1,1;BR-040/GO;Sul;Colisão traseira;2;0;1;0;0;0;0;0;0;0;3;0;0;0;0
22/06/2015;19:51:00;239;Acidente com Vítima;4,1;BR-040/GO;Sul;Abalroamento - Longitudinal;0;0;0;1;1;0;0;0;0;0;50;1;0;0;0
22/06/2015;11:35:00;140;Atropelamento sem Morte;7;BR-040/GO;Norte;Atropelamento - Pedestre atravessando;1;0;0;0;0;0;0;0;0;0;0;1;0;0;0
22/06/2015;09:10:00;109;Acidente com Vítima;10,8;BR-040/GO;Norte;Abalroamento - Longitudinal;0;0;1;1;0;0;0;0;0;0;1;1;0;0;0
22/06/2015;05:39:00;37;Acidente sem Vítima;108,8;BR-040/MG;Sul;Outros;1;0;0;0;1;0;0;0;0;0;4;0;0;0;0
22/06/2015;07:20:00;61;Acidente sem Vítima;523;BR-040/MG;Norte;Capotamento;1;0;0;0;0;0;0;0;0;0;1;0;0;0;0
22/06/2015;00:33:00;4;Acidente sem Vítima;523,6;BR-040/MG;Sul;Capotamento;2;0;0;0;0;0;0;0;0;0;6;0;0;0;0
22/06/2015;07:25:00;63;Acidente com Vítima;542;BR-040/MG;Sul;Abalroamento - Longitudinal;1;0;0;2;0;0;0;0;0;0;1;2;0;0;0
22/06/2015;02:37:00;25;Acidente sem Vítima;588;BR-040/MG;Sul;Capotamento;1;0;0;0;0;0;0;0;0;0;2;0;0;0;0
22/06/2015;13:48:00;161;Acidente sem Vítima;632,2;BR-040/MG;Norte;Abalroamento - Longitudinal;1;0;1;0;0;0;0;0;0;0;5;0;0;0;0
22/06/2015;22:11:00;256;Acidente com Vítima;7,15;BR-040/DF;Sul;Colisão traseira;1;0;0;1;0;0;0;0;0;0;1;0;1;0;0
23/06/2015;07:13:00;40;Atropelamento sem Morte;0,5;BR-040/GO;Norte;Atropelamento - Pedestre atravessando;0;0;0;1;0;0;0;0;0;0;0;1;1;0;0
23/06/2015;22:54:00;248;Acidente com Vítima;1,005;BR-040/GO;Norte;Colisão traseira;2;0;0;1;0;0;0;0;0;0;2;1;0;0;0
23/06/2015;14:44:00;152;Acidente com Vítima;5,36;BR-040/GO;Sul;Abalroamento - Longitudinal;1;0;0;1;0;0;0;0;0;0;1;1;0;0;0
23/06/2015;22:00:00;239;Acidente sem Vítima;7,95;BR-040/GO;Sul;Colisão traseira;2;0;0;0;0;0;0;0;0;0;2;0;0;0;0
23/06/2015;18:26:00;194;Acidente com Vítima;15,5;BR-040/GO;Sul;Colisão traseira;3;0;0;0;0;0;0;0;0;0;4;1;0;0;0
23/06/2015;07:52:00;58;Acidente sem Vítima;17,8;BR-040/GO;Norte;Colisão traseira;1;0;0;0;0;0;0;0;0;1;2;0;0;0;0
23/06/2015;17:23:00;177;Acidente com Vítima;478;BR-040/MG;Norte;Abalroamento - Longitudinal;2;0;0;0;0;0;0;0;0;0;1;1;0;0;0
23/06/2015;07:40:00;54;Acidente sem Vítima;544;BR-040/MG;Sul;Colisão traseira;3;0;0;0;0;0;0;0;0;0;3;0;0;0;0
23/06/2015;14:22:00;146;Acidente com Vítima;624,2;BR-040/MG;Sul;Capotamento;1;0;0;0;0;0;0;0;0;0;0;0;1;0;0
23/06/2015;12:19:00;124;Acidente sem Vítima;635,05;BR-040/MG;Norte;Abalroamento - Longitudinal;0;0;2;0;0;0;0;0;0;0;2;0;0;0;0
23/06/2015;21:42:00;235;Acidente sem Vítima;696,7;BR-040/MG;Norte;Outros;1;0;0;0;0;0;0;0;0;0;1;0;0;0;0
23/06/2015;22:09:00;242;Acidente sem Vítima;729,8;BR-040/MG;Sul;Queda de Carga;0;0;1;0;0;0;0;0;0;0;2;0;0;0;0
24/06/2015;10:23:00;90;Acidente sem Vítima;0,8;BR-040/GO;Norte;Colisão traseira;0;0;1;0;0;0;0;0;0;1;2;0;0;0;0
24/06/2015;07:54:00;60;Acidente sem Vítima;3,2;BR-040/GO;Norte;Colisão traseira;2;0;0;0;0;0;0;0;0;0;2;0;0;0;0
24/06/2015;19:58:00;222;Acidente com Vítima;4;BR-040/DF;Sul;Colisão traseira;0;0;0;0;2;0;0;0;0;0;83;1;0;0;0
24/06/2015;09:08:00;78;Acidente sem Vítima;4;BR-040/DF;Sul;Abalroamento - Longitudinal;2;0;0;0;0;0;0;0;0;0;2;0;0;0;0
24/06/2015;05:34:00;26;Acidente com Morte;432,199;BR-040/MG;Norte;Colisão traseira;0;0;2;0;0;0;0;0;0;0;1;0;0;0;1
24/06/2015;16:43:00;168;Acidente com Vítima;446,05;BR-040/MG;Norte;Outros;0;0;0;1;0;0;0;0;0;0;0;0;2;0;0
24/06/2015;20:45:00;236;Acidente sem Vítima;535;BR-040/MG;Sul;Colisão traseira;1;0;1;0;0;0;0;0;0;0;2;0;0;0;0
24/06/2015;08:16:00;69;Acidente sem Vítima;535;BR-040/MG;Sul;Colisão traseira;5;0;1;0;0;0;0;0;0;0;10;0;0;0;0
24/06/2015;15:58:00;158;Acidente com Vítima;538,5;BR-040/MG;Norte;Abalroamento - Longitudinal;2;0;1;0;0;0;0;0;0;0;1;0;2;0;0
24/06/2015;23:37:00;270;Acidente sem Vítima;577,8;BR-040/MG;Norte;Choque em defensa;1;0;0;0;0;0;0;0;0;0;1;0;0;0;0
24/06/2015;14:22:00;132;Acidente sem Vítima;586,2;BR-040/MG;Norte;Abalroamento - Longitudinal;1;0;1;0;0;0;0;0;0;0;2;0;0;0;0
24/06/2015;06:04:00;29;Acidente com Vítima;634,2;BR-040/MG;Norte;Choque com objeto fixo;1;0;0;0;0;0;0;0;0;0;0;1;0;0;0
24/06/2015;16:05:00;160;Acidente com Vítima;659,8;BR-040/MG;Sul;Capotamento;1;0;0;0;0;0;0;0;0;0;2;3;0;0;0
24/06/2015;23:33:00;269;Acidente sem Vítima;664;BR-040/MG;Norte;Atropelamento - Animal;1;0;0;0;0;0;0;0;0;0;2;0;0;0;0
24/06/2015;18:41:00;197;Acidente sem Vítima;764;BR-040/MG;Sul;Capotamento;1;0;0;0;0;0;0;0;0;0;1;0;0;0;0
25/06/2015;07:30:00;62;Acidente com Vítima;4,9;BR-040/DF;Norte;Colisão traseira;1;0;0;1;0;0;0;0;0;0;1;1;0;0;0
25/06/2015;01:05:00;7;Atropelamento sem Morte;7,35;BR-040/GO;Norte;Atropelamento - Pedestre atravessando;1;0;0;0;0;0;0;0;0;0;0;0;1;0;0
25/06/2015;08:35:00;96;Acidente sem Vítima;7,5;BR-040/GO;Sul;Colisão traseira;2;0;0;0;0;0;0;0;0;0;2;0;0;0;0
25/06/2015;14:20:00;180;Acidente com Vítima;316,08;BR-040/MG;Norte;Colisão frontal;1;0;0;1;0;0;0;0;0;0;0;1;1;1;0
25/06/2015;15:13:00;190;Acidente sem Vítima;390,2;BR-040/MG;Sul;Colisão traseira;1;0;1;0;0;0;0;0;0;1;7;0;0;0;0
25/06/2015;17:49:00;224;Acidente sem Vítima;512,1;BR-040/MG;Sul;Capotamento;1;0;0;0;0;0;0;0;0;0;1;0;0;0;0
25/06/2015;18:09:00;230;Acidente com Vítima;512,7;BR-040/MG;Norte;Outros;0;0;0;1;0;0;0;0;0;0;0;1;0;0;0
25/06/2015;18:02:00;228;Acidente sem Vítima;537,9;BR-040/MG;Norte;Colisão traseira;4;0;0;0;0;0;0;0;0;0;5;0;0;0;0
25/06/2015;12:01:00;157;Acidente sem Vítima;538,23;BR-040/MG;Sul;Abalroamento - Longitudinal;1;0;1;0;0;0;0;0;0;0;2;0;0;0;0
25/06/2015;14:45:00;186;Acidente sem Vítima;572,664;BR-040/MG;Sul;Outros;0;0;0;1;0;0;0;0;0;0;2;0;0;0;0
25/06/2015;12:49:00;163;Acidente sem Vítima;614,2;BR-040/MG;Sul;Abalroamento - Longitudinal;1;0;1;0;0;0;0;0;0;0;3;0;0;0;0
25/06/2015;14:36:00;184;Acidente sem Vítima;634,429;BR-040/MG;Sul;Abalroamento - Longitudinal;2;0;0;0;0;0;0;0;0;0;4;0;0;0;0
25/06/2015;08:12:00;87;Acidente com Vítima;695,521;BR-040/MG;Norte;Outros;1;0;0;0;0;0;0;0;0;0;0;1;0;0;0
26/06/2015;07:19:00;67;Acidente sem Vítima;1,15;BR-040/GO;Norte;Colisão traseira;3;0;0;0;0;0;0;0;0;0;3;0;0;0;0
26/06/2015;18:59:00;228;Acidente com Vítima;1,15;BR-040/DF;Sul;Colisão traseira;1;0;0;1;0;0;0;0;0;0;2;0;1;0;0
26/06/2015;11:01:00;132;Acidente com Vítima;2;BR-040/DF;Sul;Abalroamento - Transversal;1;0;0;1;0;0;0;0;0;0;2;1;0;0;0
26/06/2015;14:33:00;170;Acidente sem Vítima;2,47;BR-040/GO;Sul;Colisão traseira;2;0;0;0;0;0;0;0;0;0;2;0;0;0;0
26/06/2015;18:26:00;221;Acidente com Vítima;5,6;BR-040/DF;Norte;Capotamento;1;0;0;0;0;0;0;0;0;0;0;0;1;0;0