data;horario;n_da_ocorrencia;tipo_de_ocorrencia;km;trecho;sentido;tipo_de_acidente;automovel;bicicleta;caminhao;moto;onibus;outros;tracao_animal;transporte_de_cargas_especiais;trator_maquinas;utilitarios;ilesos;levemente_feridos;moderadamente_feridos;gravemente_feridos;mortos
26/06/2015;16:45:00;198;Acidente sem Vítima;6,02;BR-040/GO;Sul;Abalroamento - Transversal;2;0;0;0;0;0;0;0;0;0;2;0;0;0;0
26/06/2015;04:31:00;23;Atropelamento sem Morte;12;BR-040/GO;Norte;;1;0;0;0;0;0;0;0;0;0;0;0;1;0;0
26/06/2015;04:53:00;28;Acidente sem Vítima;399,01;BR-040/MG;Norte;Queda de Carga;0;0;1;0;0;0;0;0;0;0;1;0;0;0;0
26/06/2015;15:47:00;182;Acidente sem Vítima;478,1;BR-040/MG;Sul;Colisão traseira;1;0;1;0;0;0;0;0;0;0;4;0;0;0;0
26/06/2015;14:51:00;173;Acidente sem Vítima;532,1;BR-040/MG;Sul;Colisão traseira;2;0;0;0;0;0;0;0;0;0;2;0;0;0;0
26/06/2015;19:34:00;242;Atropelamento sem Morte;533,028;BR-040/MG;Norte;Atropelamento - Pedestre atravessando;0;0;0;1;0;0;0;0;0;0;0;1;0;0;0
26/06/2015;02:51:00;15;Acidente com Vítima;539,95;BR-040/MG;Norte;Outros;0;0;0;0;0;0;0;0;0;1;0;2;0;0;0
26/06/2015;08:21:00;94;Acidente com Vítima;739,5;BR-040/MG;Norte;Queda de Carga;0;0;1;0;0;0;0;0;0;0;0;0;1;0;0
27/06/2015;12:15:00;84;Acidente sem Vítima;1,9;BR-040/GO;Sul;Colisão traseira;2;0;0;1;0;0;0;0;0;0;3;0;0;0;0
27/06/2015;19:37:00;148;Acidente sem Vítima;7,006;BR-040/GO;Norte;Outros;0;0;0;1;0;0;0;0;0;0;1;0;0;0;0
27/06/2015;12:55:00;89;Acidente com Vítima;13,113;BR-040/GO;Norte;Colisão traseira;1;0;0;1;0;0;0;0;0;0;1;0;1;0;0
27/06/2015;09:54:00;58;Acidente com Vítima;16,02;BR-040/GO;Sul;Queda de Carga;0;0;1;0;0;0;0;0;0;0;0;1;0;0;0
27/06/2015;12:27:00;86;Acidente com Vítima;51,633;BR-040/MG;Sul;Colisão frontal;1;0;0;1;0;0;0;0;0;0;1;1;1;0;0
27/06/2015;19:48:00;153;Acidente sem Vítima;19;BR-040/GO;Norte;Choque com objeto fixo;0;0;1;0;0;0;0;0;0;0;1;0;0;0;0
27/06/2015;00:28:00;3;Acidente sem Vítima;320,5;BR-040/MG;Sul;;1;0;0;0;0;0;0;0;0;0;1;0;0;0;0
27/06/2015;10:50:00;66;Acidente com Vítima;442,216;BR-040/MG;Sul;Capotamento;1;0;0;0;0;0;0;0;0;0;1;3;0;0;0
27/06/2015;13:46:00;93;Acidente sem Vítima;464;BR-040/MG;Norte;Colisão traseira;2;0;0;0;0;0;0;0;0;0;2;0;0;0;0
27/06/2015;14:19:00;100;Acidente sem Vítima;514;BR-040/MG;Sul;Colisão traseira;2;0;0;0;0;0;0;0;0;0;2;0;0;0;0
27/06/2015;19:42:00;151;Acidente com Vítima;524,678;BR-040/MG;Norte;Abalroamento - Longitudinal;0;0;1;1;0;0;0;0;0;0;2;1;0;0;0
27/06/2015;13:34:00;92;Acidente com Vítima;547;BR-040/MG;Norte;Choque com objeto fixo;1;0;0;0;0;0;0;0;0;0;0;1;0;0;0
27/06/2015;13:52:00;95;Acidente com Vítima;553;BR-040/MG;Norte;Colisão traseira;1;1;0;0;0;0;0;0;0;0;1;1;0;0;0
27/06/2015;20:23:00;160;Atropelamento com Morte;627,2;BR-040/MG;Sul;Atropelamento - Ciclista;1;0;0;0;0;0;0;0;0;0;1;0;0;0;1
27/06/2015;16:30:00;114;Acidente com Vítima;90,235;BR-040/GO;Norte;Outros;0;0;0;1;0;0;0;0;0;0;0;1;1;0;0
27/06/2015;03:50:00;18;Acidente sem Vítima;729,5;BR-040/MG;Norte;Choque em barreira New Jersey;1;0;0;0;0;0;0;0;0;0;1;0;0;0;0
27/06/2015;07:05:00;37;Acidente com Vítima;756,1;BR-040/MG;Norte;Capotamento;1;0;0;0;0;0;0;0;0;0;1;0;1;0;0
28/06/2015;02:32:00;13;Acidente sem Vítima;2,7;BR-040/GO;Sul;Colisão traseira;2;0;0;0;0;0;0;0;0;0;4;0;0;0;0
28/06/2015;17:56:00;167;Acidente sem Vítima;3;BR-040/GO;Sul;Abalroamento - Longitudinal;2;0;0;0;0;0;0;0;0;0;2;0;0;0;0
28/06/2015;20:57:00;214;Acidente sem Vítima;16;BR-040/GO;Sul;Abalroamento - Longitudinal;2;0;0;0;0;0;0;0;0;0;2;0;0;0;0
28/06/2015;18:38:00;178;Acidente com Vítima;25,2;BR-040/GO;Sul;Abalroamento - Transversal;4;0;0;0;0;0;0;0;0;0;3;1;0;0;0
28/06/2015;18:15:00;170;Acidente com Vítima;452,4;BR-040/MG;Sul;Choque com objeto fixo;1;0;0;0;0;0;0;0;0;0;0;1;1;0;0
28/06/2015;21:35:00;220;Acidente com Vítima;505,98;BR-040/MG;Sul;Abalroamento - Transversal;1;0;0;1;0;0;0;0;0;0;1;2;0;0;0
28/06/2015;15:35:00;133;Acidente sem Vítima;511,5;BR-040/MG;Sul;Colisão traseira;1;0;0;0;0;0;0;0;0;1;2;0;0;0;0
28/06/2015;01:02:00;5;Acidente sem Vítima;517,6;BR-040/MG;Norte;Capotamento;1;0;0;0;0;0;0;0;0;0;1;0;0;0;0
28/06/2015;12:44:00;107;Acidente com Vítima;524,4;BR-040/MG;Norte;Outros;0;0;0;1;0;0;0;0;0;0;1;0;1;0;0
28/06/2015;18:54:00;183;Acidente com Morte;644,5;BR-040/MG;Norte;Choque com objeto fixo;1;0;0;0;0;0;0;0;0;0;0;2;0;0;1
28/06/2015;09:59:00;66;Acidente com Vítima;644,9;BR-040/MG;Sul;Outros;0;0;0;1;0;0;0;0;0;0;0;1;0;0;0
28/06/2015;06:50:00;25;Acidente com Vítima;656,304;BR-040/MG;Norte;Capotamento;1;0;0;0;0;0;0;0;0;0;4;1;0;0;0
28/06/2015;18:43:00;181;Acidente sem Vítima;708;BR-040/MG;Sul;Abalroamento - Longitudinal;2;0;0;0;0;0;0;0;0;0;2;0;0;0;0
28/06/2015;12:11:00;104;Acidente com Vítima;757;BR-040/MG;Sul;Outros;0;0;0;1;0;0;0;0;0;0;0;1;0;0;0
28/06/2015;16:08:00;143;Acidente com Vítima;760,2;BR-040/MG;Sul;Outros;0;1;0;0;0;0;0;0;0;0;0;0;1;0;0
29/06/2015;19:42:00;228;Acidente sem Vítima;10,9;BR-040/GO;Sul;Abalroamento - Longitudinal;0;0;2;0;0;0;0;0;0;0;2;0;0;0;0
29/06/2015;18:10:00;205;Atropelamento sem Morte;42,5;BR-040/MG;Norte;Atropelamento - Ciclista;1;0;0;0;0;0;0;0;0;0;1;1;0;0;0
29/06/2015;21:15:00;238;Acidente sem Vítima;63,8;BR-040/MG;Sul;Outros;1;0;0;0;0;0;0;0;0;0;5;0;0;0;0
29/06/2015;19:31:00;224;Acidente com Vítima;190,2;BR-040/MG;Sul;Colisão traseira;0;0;2;0;0;0;0;0;0;0;0;2;0;0;0
29/06/2015;02:48:00;13;Acidente com Vítima;454;BR-040/MG;Sul;Atropelamento - Animal;1;0;0;0;0;0;0;0;0;0;0;0;2;0;0
29/06/2015;15:22:00;174;Acidente sem Vítima;458,6;BR-040/MG;Sul;Colisão traseira;0;0;1;1;0;0;0;0;0;0;2;0;0;0;0
29/06/2015;22:50:00;253;Acidente com Vítima;500,7;BR-040/MG;Sul;Abalroamento - Longitudinal;1;0;0;1;0;0;0;0;0;0;1;1;0;0;0
29/06/2015;19:48:00;231;Acidente com Vítima;507,38;BR-040/MG;Sul;Abalroamento - Longitudinal;0;0;0;1;1;0;0;0;0;0;1;1;0;0;0
29/06/2015;08:10:00;64;Acidente com Vítima;524,6;BR-040/MG;Norte;Capotamento;0;0;1;0;0;0;0;0;0;0;0;2;0;0;0
29/06/2015;10:23:00;111;Acidente sem Vítima;525,9;BR-040/MG;Norte;Colisão traseira;0;0;1;0;1;0;0;0;0;0;2;0;0;0;0
29/06/2015;07:10:00;43;Acidente sem Vítima;535,7;BR-040/MG;Norte;Colisão traseira;1;0;1;0;0;0;0;0;0;0;2;0;0;0;0
29/06/2015;19:10:00;221;Acidente com Vítima;724,9;BR-040/MG;Norte;Outros;1;0;0;0;0;0;0;0;0;0;0;1;0;0;0
30/06/2015;13:29:00;112;Acidente sem Vítima;4,258;BR-040/GO;Sul;Colisão traseira;3;0;0;0;0;0;0;0;0;0;5;0;0;0;0
30/06/2015;08:18:00;55;Acidente sem Vítima;53,03;BR-040/MG;Sul;Queda de Carga;0;0;1;0;0;0;0;0;0;0;1;0;0;0;0
30/06/2015;00:22:00;3;Acidente sem Vítima;91,5;BR-040/MG;Norte;Choque em barreira New Jersey;0;0;1;0;0;0;0;0;0;0;1;0;0;0;0
30/06/2015;09:29:00;74;Acidente com Vítima;118,1;BR-040/MG;Sul;Abalroamento - Transversal;1;0;1;0;0;0;0;0;0;0;1;1;0;0;0
30/06/2015;04:37:00;17;Acidente sem Vítima;477,9;BR-040/MG;Sul;Colisão traseira;0;0;2;0;0;0;0;0;0;0;2;0;0;0;0
30/06/2015;09:11:00;66;Acidente sem Vítima;517,1;BR-040/MG;Norte;Capotamento;1;0;1;0;0;0;0;0;0;0;2;0;0;0;0
30/06/2015;15:55:00;129;Acidente sem Vítima;577,02;BR-040/MG;Norte;Abalroamento - Transversal;2;0;0;0;0;0;0;0;0;0;2;0;0;0;0
30/06/2015;15:32:00;126;Acidente sem Vítima;577,2;BR-040/MG;Sul;Choque com objeto fixo;1;0;0;0;0;0;0;0;0;0;1;0;0;0;0
01/07/2015;20:01:00;200;Acidente com Vítima;2,01;BR-040/GO;Sul;Abalroamento - Longitudinal;1;0;0;1;0;0;0;0;0;0;1;0;1;0;0
01/07/2015;07:53:00;58;Acidente sem Vítima;9,2;BR-040/GO;Norte;Abalroamento - Transversal;2;0;0;0;0;0;0;0;0;0;2;0;0;0;0
01/07/2015;16:15:00;137;Atropelamento sem Morte;524,981;BR-040/MG;Norte;Atropelamento - Pedestre atravessando;0;0;0;0;0;1;0;0;0;0;0;0;1;0;0
01/07/2015;17:09:00;142;Acidente sem Vítima;586,4;BR-040/MG;Sul;Abalroamento - Longitudinal;3;0;0;0;0;0;0;0;0;0;3;0;0;0;0
01/07/2015;20:01:00;199;Acidente sem Vítima;605,2;BR-040/MG;Norte;Abalroamento - Longitudinal;1;0;1;0;0;0;0;0;0;0;3;0;0;0;0
01/07/2015;18:16:00;156;Acidente com Vítima;688,9;BR-040/MG;Sul;Queda de Carga;0;0;1;0;0;1;0;0;0;0;2;0;1;0;0
01/07/2015;18:18:00;157;Acidente com Vítima;689,05;BR-040/MG;Sul;Outros;0;0;0;1;0;0;0;0;0;0;0;0;0;1;0
01/07/2015;03:04:00;11;Acidente sem Vítima;718,05;BR-040/MG;Sul;Capotamento;1;0;0;0;0;0;0;0;0;0;1;0;0;0;0
02/07/2015;12:52:00;178;Acidente sem Vítima;2,3;BR-040/GO;Norte;Abalroamento - Longitudinal;2;0;0;0;0;0;0;0;0;0;2;0;0;0;0
02/07/2015;19:46:00;279;Acidente com Vítima;7,2;BR-040/GO;Sul;Colisão traseira;3;0;0;0;0;0;0;0;0;0;3;1;0;0;0
02/07/2015;05:23:00;32;Acidente com Vítima;34,5;BR-040/MG;Sul;Queda de Carga;0;0;1;0;0;0;0;0;0;0;1;1;0;0;0
02/07/2015;09:13:00;99;Acidente sem Vítima;508,9;BR-040/MG;Sul;Abalroamento - Longitudinal;1;0;1;0;0;0;0;0;0;0;5;0;0;0;0
02/07/2015;06:25:00;42;Acidente com Vítima;518,1;BR-040/MG;Sul;Outros;0;0;0;1;0;0;0;0;0;0;0;1;0;0;0
02/07/2015;19:12:00;266;Acidente sem Vítima;533,5;BR-040/MG;Norte;Colisão traseira;2;0;0;0;0;0;0;0;0;0;3;0;0;0;0
02/07/2015;23:13:00;315;Acidente sem Vítima;618,2;BR-040/MG;Sul;Choque com objeto fixo;0;0;0;0;0;0;0;0;0;1;2;0;0;0;0
03/07/2015;08:14:00;90;Acidente com Vítima;1,3;BR-040/DF;Norte;Abalroamento - Longitudinal;1;0;0;1;0;0;0;0;0;0;1;1;0;0;0
03/07/2015;18:31:00;276;Acidente com Vítima;3,1;BR-040/GO;Norte;Abalroamento - Transversal;1;0;0;1;0;0;0;0;0;0;1;1;0;0;0
03/07/2015;18:47:00;282;Acidente sem Vítima;3,8;BR-040/GO;Norte;Colisão traseira;3;0;0;0;0;0;0;0;0;0;3;0;0;0;0
03/07/2015;09:04:00;118;Acidente sem Vítima;4,8;BR-040/DF;Norte;Colisão traseira;3;0;0;0;0;0;0;0;0;0;3;0;0;0;0
03/07/2015;23:08:00;359;Acidente com Vítima;265,1;BR-040/MG;Norte;Abalroamento - Longitudinal;0;0;1;0;0;1;0;0;0;0;1;1;0;0;0
03/07/2015;20:56:00;324;Acidente sem Vítima;413,5;BR-040/MG;Sul;Abalroamento - Longitudinal;2;0;0;0;0;0;0;0;0;0;7;0;0;0;0
03/07/2015;06:31:00;57;Acidente com Vítima;437,6;BR-040/MG;Norte;Capotamento;1;0;0;0;0;0;0;0;0;0;3;0;1;0;0
03/07/2015;16:31:00;241;Acidente sem Vítima;532,163;BR-040/MG;Norte;Colisão traseira;4;0;0;0;0;0;0;0;0;0;6;0;0;0;0
03/07/2015;19:41:00;302;Acidente sem Vítima;532,9;BR-040/MG;Norte;Abalroamento - Longitudinal;0;0;1;0;1;0;0;0;0;0;2;0;0;0;0
03/07/2015;14:29:00;209;Acidente sem Vítima;576,177;BR-040/MG;Norte;Choque com objeto fixo;1;0;0;0;0;0;0;0;0;0;5;0;0;0;0
03/07/2015;13:49:00;201;Acidente sem Vítima;615,168;BR-040/MG;Norte;Abalroamento - Longitudinal;1;0;1;0;0;0;0;0;0;0;6;0;0;0;0
03/07/2015;04:26:00;38;Acidente sem Vítima;651,2;BR-040/MG;Norte;Atropelamento - Animal;0;0;1;0;0;0;0;0;0;0;1;0;0;0;0
03/07/2015;15:58:00;230;Acidente com Vítima;38;BR-040/GO;Sul;Abalroamento - Longitudinal;0;0;1;1;0;0;0;0;0;0;1;1;0;0;0
03/07/2015;22:38:00;354;Acidente com Vítima;726,8;BR-040/MG;Norte;Choque com objeto fixo;0;0;0;1;0;0;0;0;0;0;0;1;0;0;0
04/07/2015;02:00:00;21;Acidente com Vítima;2,38;BR-040/GO;Sul;Colisão traseira;2;0;0;0;0;0;0;0;0;0;2;1;0;0;0
04/07/2015;17:55:00;197;Acidente sem Vítima;4,9;BR-040/GO;Norte;Colisão traseira;2;0;0;0;0;0;0;0;0;0;2;0;0;0;0
04/07/2015;03:06:00;25;Acidente sem Vítima;7,49;BR-040/GO;Sul;Capotamento;1;0;0;0;0;0;0;0;0;0;1;0;0;0;0
04/07/2015;12:03:00;117;Acidente com Vítima;7,987;BR-040/GO;Norte;Colisão traseira;1;0;0;0;0;1;0;0;0;0;1;1;0;0;0
04/07/2015;18:17:00;201;Atropelamento sem Morte;16,2;BR-040/GO;Norte;Atropelamento - Ciclista;0;0;0;1;0;0;0;0;0;0;0;0;1;1;0
04/07/2015;23:13:00;275;Acidente com Vítima;509,77;BR-040/MG;Norte;Capotamento;1;0;0;0;0;0;0;0;0;0;4;3;2;0;0
04/07/2015;15:09:00;159;Acidente sem Vítima;510;BR-040/MG;Norte;Colisão traseira;2;0;0;0;0;0;0;0;0;0;2;0;0;0;0
04/07/2015;09:00:00;73;Acidente com Vítima;526;BR-040/MG;Norte;Outros;0;0;0;1;0;0;0;0;0;0;0;1;1;0;0
04/07/2015;13:25:00;135;Acidente sem Vítima;533;BR-040/MG;Sul;Colisão traseira;1;0;0;1;0;0;0;0;0;0;2;0;0;0;0
04/07/2015;12:57:00;131;Acidente sem Vítima;533,1;BR-040/MG;Norte;Colisão traseira;0;0;0;2;0;0;0;0;0;0;2;0;0;0;0
04/07/2015;01:38:00;20;Acidente com Vítima;624,5;BR-040/MG;Norte;Choque com objeto fixo;1;0;0;0;0;0;0;0;0;0;0;1;0;0;0
04/07/2015;16:54:00;186;Acidente com Vítima;640;BR-040/MG;Sul;Outros;0;0;0;1;0;0;0;0;0;0;0;1;0;0;0
04/07/2015;21:29:00;258;Acidente sem Vítima;699,2;BR-040/MG;Norte;Colisão traseira;3;0;0;0;0;0;0;0;0;0;7;0;0;0;0
04/07/2015;15:04:00;157;Acidente com Vítima;720;BR-040/MG;Norte;Outros;1;0;0;0;0;0;0;0;0;0;1;1;0;0;0
05/07/2015;18:37:00;187;Acidente com Vítima;2,5;BR-040/GO;Sul;Colisão traseira;1;0;0;1;0;0;0;0;0;0;1;1;0;0;0
05/07/2015;18:37:00;186;Acidente com Vítima;9,7;BR-040/GO;Norte;Abalroamento - Longitudinal;1;0;0;1;0;0;0;0;0;0;1;0;1;0;0
05/07/2015;08:57:00;62;Acidente sem Vítima;12,033;BR-040/GO;Norte;Colisão traseira;2;0;0;0;0;0;0;0;0;0;2;0;0;0;0
05/07/2015;19:58:00;222;Acidente sem Vítima;17,7;BR-040/GO;Sul;Abalroamento - Longitudinal;1;0;0;1;0;0;0;0;0;0;2;0;0;0;0
05/07/2015;06:43:00;39;Acidente com Morte;330,13;BR-040/MG;Sul;Colisão frontal;0;0;1;1;0;0;0;0;0;0;1;0;0;0;1
05/07/2015;16:25:00;147;Acidente sem Vítima;510,5;BR-040/MG;Sul;Capotamento;3;0;0;0;0;0;0;0;0;0;3;0;0;0;0
05/07/2015;07:50:00;56;Acidente com Vítima;510,868;BR-040/MG;Norte;Capotamento;1;0;0;0;0;0;0;0;0;0;0;0;1;0;0
05/07/2015;17:33:00;168;Acidente sem Vítima;511,2;BR-040/MG;Norte;Colisão traseira;2;0;0;0;0;0;0;0;0;0;3;0;0;0;0
05/07/2015;16:14:00;142;Acidente sem Vítima;520,185;BR-040/MG;Norte;Abalroamento - Longitudinal;1;0;1;0;0;0;0;0;0;0;2;0;0;0;0
05/07/2015;11:05:00;84;Acidente sem Vítima;524;BR-040/MG;Sul;Outros;0;0;0;1;0;0;0;0;0;0;1;0;0;0;0
05/07/2015;18:23:00;178;Acidente sem Vítima;550,8;BR-040/MG;Norte;Colisão traseira;2;0;0;1;0;0;0;0;0;0;4;0;0;0;0
05/07/2015;08:29:00;60;Acidente sem Vítima;558,1;BR-040/MG;Norte;Colisão traseira;0;0;1;0;1;0;0;0;0;0;2;0;0;0;0
05/07/2015;15:44:00;130;Acidente sem Vítima;697,116;BR-040/MG;Sul;Capotamento;1;0;0;0;0;0;0;0;0;0;1;0;0;0;0
05/07/2015;03:44:00;30;Acidente com Vítima;715,7;BR-040/MG;Norte;Colisão frontal;2;0;0;0;0;0;0;0;0;0;0;3;1;0;0
05/07/2015;02:01:00;11;Atropelamento sem Morte;741,2;BR-040/MG;Sul;Atropelamento - Ciclista;1;0;0;0;0;0;0;0;0;0;1;2;0;0;0
05/07/2015;15:03:00;117;Acidente sem Vítima;118,7;BR-040/GO;Sul;Abalroamento - Longitudinal;2;0;0;0;0;0;0;0;0;0;2;0;0;0;0
05/07/2015;16:55:00;158;Acidente com Vítima;130,744;BR-040/GO;Sul;Choque com objeto fixo;0;0;0;1;0;0;0;0;0;0;0;0;0;1;0
06/07/2015;08:20:00;68;Acidente sem Vítima;5,109;BR-040/DF;Norte;Abalroamento - Longitudinal;2;0;0;0;0;0;0;0;0;0;2;0;0;0;0
06/07/2015;19:47:00;301;Acidente sem Vítima;7,2;BR-040/GO;Norte;Abalroamento - Longitudinal;3;0;1;0;0;0;0;0;0;0;4;0;0;0;0
06/07/2015;17:08:00;262;Acidente sem Vítima;234,366;BR-040/MG;Norte;Abalroamento - Longitudinal;1;0;0;0;0;1;0;0;0;0;2;0;0;0;0
06/07/2015;00:55:00;8;Acidente com Vítima;494,1;BR-040/MG;Sul;Abalroamento - Longitudinal;0;0;1;1;0;0;0;0;0;0;1;1;0;0;0
06/07/2015;15:20:00;215;Acidente com Vítima;533,1;BR-040/MG;Sul;Abalroamento - Longitudinal;1;0;1;0;0;0;0;0;0;0;1;1;0;0;0
06/07/2015;16:50:00;256;Acidente com Vítima;536,5;BR-040/MG;Sul;Capotamento;1;0;0;0;0;0;0;0;0;0;0;1;0;0;0
06/07/2015;06:33:00;28;Acidente sem Vítima;540,063;BR-040/MG;Sul;Colisão traseira;2;0;0;0;0;0;0;0;0;0;2;0;0;0;0
06/07/2015;18:22:00;278;Acidente sem Vítima;603,7;BR-040/MG;Norte;Atropelamento - Animal;1;0;0;0;0;0;0;0;0;0;1;0;0;0;0
06/07/2015;20:12:00;309;Acidente sem Vítima;7,6;BR-040/DF;Sul;Abalroamento - Longitudinal;1;0;1;0;0;0;0;0;0;0;2;0;0;0;0
06/07/2015;21:52:00;328;Acidente sem Vítima;692,5;BR-040/MG;Norte;Queda de Carga;0;0;1;0;0;0;0;0;0;0;1;0;0;0;0
07/07/2015;22:02:00;378;Acidente com Vítima;2,4;BR-040/GO;Norte;Choque em veículo parado na pista;1;0;0;1;0;0;0;0;0;0;1;1;0;0;0
07/07/2015;19:49:00;345;Acidente sem Vítima;2,4;BR-040/GO;Sul;Colisão traseira;2;0;0;0;0;0;0;0;0;0;7;0;0;0;0
07/07/2015;11:52:00;227;Acidente sem Vítima;5,6;BR-040/GO;Sul;Colisão traseira;1;0;0;0;0;1;0;0;0;0;2;0;0;0;0
07/07/2015;18:15:00;313;Acidente sem Vítima;25,1;BR-040/GO;Sul;Queda de Carga;0;0;1;0;0;0;0;0;0;0;1;0;0;0;0
07/07/2015;06:14:00;45;Acidente sem Vítima;516,468;BR-040/MG;Sul;Queda de Carga;0;0;1;0;0;0;0;0;0;0;1;0;0;0;0
07/07/2015;07:09:00;62;Acidente sem Vítima;526,2;BR-040/MG;Sul;Colisão traseira;1;0;0;1;0;0;0;0;0;0;2;0;0;0;0
07/07/2015;14:37:00;264;Acidente sem Vítima;544;BR-040/MG;Norte;Choque em barreira New Jersey;1;0;1;0;0;0;0;0;0;0;2;0;0;0;0
07/07/2015;18:27:00;316;Acidente sem Vítima;664,3;BR-040/MG;Sul;Colisão traseira;2;0;0;0;0;0;0;0;0;0;2;0;0;0;0
07/07/2015;19:02:00;330;Acidente com Vítima;670,4;BR-040/MG;Norte;Capotamento;1;0;0;0;0;0;0;0;0;0;0;2;0;0;0
07/07/2015;06:57:00;53;Acidente sem Vítima;717;BR-040/MG;Norte;Capotamento;1;0;0;0;0;0;0;0;0;0;1;0;0;0;0
08/07/2015;07:31:00;58;Acidente com Vítima;0,9;BR-040/GO;Norte;Outros;0;0;0;1;0;0;0;0;0;0;2;1;0;0;0
08/07/2015;08:48:00;80;Acidente sem Vítima;2,473;BR-040/DF;Norte;Colisão traseira;3;0;0;0;0;0;0;0;0;0;4;0;0;0;0
08/07/2015;20:54:00;260;Acidente com Vítima;2,8;BR-040/GO;Sul;Colisão traseira;1;0;0;1;0;0;0;0;0;0;2;1;0;0;0
08/07/2015;00:18:00;3;Acidente sem Vítima;3,3;BR-040/GO;Sul;Choque com objeto fixo;1;0;0;0;0;0;0;0;0;0;2;0;0;0;0
08/07/2015;16:10:00;190;Acidente sem Vítima;7,54;BR-040/GO;Sul;Queda de Carga;0;0;1;0;0;0;0;0;0;0;1;0;0;0;0
08/07/2015;21:55:00;268;Acidente com Vítima;111,5;BR-040/MG;Sul;Capotamento;1;0;0;0;0;0;0;0;0;0;0;2;0;0;0
08/07/2015;20:57:00;262;Acidente com Vítima;122,2;BR-040/MG;Norte;Colisão traseira;1;0;1;0;0;0;0;0;0;0;1;1;0;0;0
08/07/2015;16:50:00;193;Acidente sem Vítima;525,42;BR-040/MG;Sul;Colisão traseira;1;0;0;1;0;0;0;0;0;0;2;0;0;0;0
08/07/2015;11:14:00;134;Acidente sem Vítima;536,5;BR-040/MG;Norte;Choque com objeto fixo;1;0;0;0;0;0;0;0;0;0;1;0;0;0;0
08/07/2015;19:51:00;247;Acidente com Vítima;617,1;BR-040/MG;Sul;Colisão traseira;1;0;1;0;0;0;0;0;0;0;2;1;0;0;0
08/07/2015;14:45:00;173;Acidente sem Vítima;632,5;BR-040/MG;Norte;Colisão traseira;2;0;0;0;0;0;0;0;0;0;2;0;0;0;0
08/07/2015;20:16:00;250;Acidente com Vítima;717,6;BR-040/MG;Sul;Queda de Carga;1;0;0;0;0;0;0;0;0;0;0;0;2;0;0
09/07/2015;08:32:00;89;Acidente sem Vítima;2,233;BR-040/GO;Norte;Abalroamento - Transversal;1;0;0;1;0;0;0;0;0;0;4;0;0;0;0
09/07/2015;19:26:00;244;Acidente sem Vítima;6,1;BR-040/DF;Sul;Colisão traseira;3;0;0;0;0;0;0;0;0;0;3;0;0;0;0
09/07/2015;17:00:00;207;Acidente sem Vítima;6,544;BR-040/GO;Sul;Colisão traseira;1;0;0;1;0;0;0;0;0;0;2;0;0;0;0
09/07/2015;16:28:00;196;Acidente com Vítima;359,32;BR-040/MG;Sul;Capotamento;1;0;0;0;0;0;0;0;0;0;0;1;0;0;0
09/07/2015;08:09:00;77;Acidente sem Vítima;543,3;BR-040/MG;Norte;Abalroamento - Longitudinal;2;0;0;0;0;0;0;0;0;0;2;0;0;0;0
09/07/2015;15:59:00;191;Acidente sem Vítima;706,2;BR-040/MG;Sul;Abalroamento - Longitudinal;1;0;0;0;0;1;0;0;0;0;2;0;0;0;0
09/07/2015;18:42:00;230;Acidente com Vítima;707,1;BR-040/MG;Sul;Abalroamento - Longitudinal;1;0;0;0;0;1;0;0;0;0;4;1;0;0;0
10/07/2015;14:14:00;176;Acidente sem Vítima;1,4;BR-040/GO;Sul;Colisão traseira;2;0;0;1;0;0;0;0;0;0;3;0;0;0;0
10/07/2015;08:26:00;71;Acidente com Vítima;2,5;BR-040/DF;Norte;Abalroamento - Longitudinal;1;0;0;1;0;0;0;0;0;0;1;1;0;0;0
10/07/2015;16:50:00;233;Acidente sem Vítima;2,5;BR-040/GO;Norte;Colisão traseira;2;0;0;0;0;0;0;0;0;0;2;0;0;0;0
10/07/2015;22:37:00;328;Acidente sem Vítima;5,3;BR-040/GO;Norte;Colisão traseira;2;0;0;0;0;0;0;0;0;0;2;0;0;0;0
10/07/2015;20:32:00;303;Acidente sem Vítima;7,9;BR-040/GO;Sul;Abalroamento - Longitudinal;1;0;0;1;0;0;0;0;0;0;2;0;0;0;0
10/07/2015;16:42:00;226;Acidente com Vítima;36;BR-040/MG;Sul;Colisão traseira;2;0;0;0;0;0;0;0;0;0;1;2;0;0;0
10/07/2015;18:32:00;267;Acidente sem Vítima;297,1;BR-040/MG;Sul;Choque com objeto fixo;1;0;0;0;0;0;0;0;0;0;1;0;0;0;0
10/07/2015;16:30:00;224;Acidente sem Vítima;463,482;BR-040/MG;Norte;Colisão traseira;2;0;0;0;0;0;0;0;0;0;2;0;0;0;0
10/07/2015;21:08:00;314;Acidente sem Vítima;498;BR-040/MG;Sul;Atropelamento - Animal;1;0;0;0;0;0;0;0;0;0;1;0;0;0;0
10/07/2015;15:09:00;196;Acidente com Vítima;511,246;BR-040/MG;Norte;Abalroamento - Longitudinal;0;0;0;2;0;0;0;0;0;0;0;1;1;0;0
10/07/2015;22:23:00;326;Acidente sem Vítima;521;BR-040/MG;Sul;Colisão traseira;3;0;0;0;0;0;0;0;0;0;3;0;0;0;0
10/07/2015;07:14:00;43;Acidente com Vítima;524,5;BR-040/MG;Norte;Outros;1;0;0;1;0;0;0;0;0;0;1;2;0;0;0
10/07/2015;07:59:00;63;Acidente com Vítima;527,3;BR-040/MG;Norte;Abalroamento - Longitudinal;1;0;0;1;0;0;0;0;0;0;1;1;0;0;0