data;horario;n_da_ocorrencia;tipo_de_ocorrencia;km;trecho;sentido;tipo_de_acidente;automovel;bicicleta;caminhao;moto;onibus;outros;tracao_animal;transporte_de_cargas_especiais;trator_maquinas;utilitarios;ilesos;levemente_feridos;moderadamente_feridos;gravemente_feridos;mortos
22/07/2015;21:11:00;295;Acidente sem Vítima;10,3;BR-040/GO;Norte;Abalroamento - Longitudinal;2;0;0;0;0;0;0;0;0;0;2;0;0;0;0
22/07/2015;05:14:00;22;Acidente sem Vítima;12,2;BR-040/GO;Norte;Atropelamento - Animal;0;0;0;0;1;0;0;0;0;0;1;0;0;0;0
22/07/2015;23:57:00;335;Acidente sem Vítima;21,3;BR-040/GO;Sul;Atropelamento - Animal;1;0;0;0;0;0;0;0;0;0;1;0;0;0;0
22/07/2015;19:32:00;265;Acidente sem Vítima;274;BR-040/MG;Sul;Outros;0;0;0;1;0;0;0;0;0;0;1;0;0;0;0
22/07/2015;01:35:00;5;Acidente sem Vítima;485,1;BR-040/MG;Sul;Choque com objeto fixo;1;0;0;0;0;0;0;0;0;0;3;0;0;0;0
22/07/2015;21:34:00;300;Acidente sem Vítima;506,05;BR-040/MG;Sul;Choque em defensa;1;0;0;0;0;0;0;0;0;0;1;0;0;0;0
22/07/2015;17:30:00;217;Acidente com Vítima;527,1;BR-040/MG;Norte;Outros;0;0;0;1;0;0;0;0;0;0;0;1;0;0;0
22/07/2015;15:04:00;183;Acidente sem Vítima;543,23;BR-040/MG;Sul;Abalroamento - Longitudinal;1;0;1;0;0;0;0;0;0;0;2;0;0;0;0
22/07/2015;20:42:00;288;Acidente com Vítima;566,69;BR-040/MG;Sul;Capotamento;1;0;0;0;0;0;0;0;0;0;0;0;1;0;0
22/07/2015;14:53:00;180;Acidente sem Vítima;570,001;BR-040/MG;Norte;Colisão traseira;0;0;2;0;0;0;0;0;0;0;2;0;0;0;0
22/07/2015;13:02:00;157;Acidente com Vítima;571,02;BR-040/MG;Norte;Colisão traseira;1;0;0;1;0;0;0;0;0;0;2;1;0;0;0
22/07/2015;14:39:00;178;Acidente com Vítima;603,587;BR-040/MG;Sul;Outros;1;0;0;0;0;0;0;0;0;0;0;1;0;0;0
22/07/2015;15:11:00;185;Acidente sem Vítima;61;BR-040/GO;Norte;Colisão traseira;1;0;2;0;0;0;0;0;0;0;4;0;0;0;0
22/07/2015;13:08:00;158;Acidente sem Vítima;670,308;BR-040/MG;Norte;Capotamento;1;0;1;0;0;0;0;0;0;0;2;0;0;0;0
22/07/2015;11:53:00;136;Acidente com Vítima;683,155;BR-040/MG;Sul;Outros;0;0;0;1;0;0;0;0;0;0;0;0;1;0;0
22/07/2015;11:43:00;132;Acidente sem Vítima;714;BR-040/MG;Sul;Colisão traseira;1;0;1;0;0;0;0;0;0;0;2;0;0;0;0
23/07/2015;07:13:00;69;Acidente com Vítima;1,3;BR-040/GO;Norte;Abalroamento - Longitudinal;2;0;0;1;0;0;0;0;0;0;2;1;0;0;0
23/07/2015;11:25:00;171;Acidente sem Vítima;2,8;BR-040/GO;Norte;Colisão traseira;1;0;1;0;0;0;0;0;0;0;2;0;0;0;0
23/07/2015;07:56:00;91;Acidente com Morte;76,5;BR-040/MG;Norte;Abalroamento - Transversal;2;0;0;0;0;0;0;0;0;0;0;2;0;0;1
23/07/2015;09:08:00;123;Acidente sem Vítima;143,2;BR-040/MG;Norte;Colisão traseira;2;0;0;0;0;0;0;0;0;0;2;0;0;0;0
23/07/2015;06:55:00;60;Acidente sem Vítima;510,2;BR-040/MG;Norte;Colisão traseira;1;0;0;0;1;0;0;0;0;0;2;0;0;0;0
23/07/2015;17:05:00;256;Acidente com Vítima;543,6;BR-040/MG;Sul;Abalroamento - Longitudinal;1;0;0;1;0;0;0;0;0;0;1;0;1;0;0
23/07/2015;08:01:00;96;Acidente com Vítima;558,347;BR-040/MG;Norte;Atropelamento - Animal;0;0;0;1;0;0;0;0;0;0;1;1;0;0;0
23/07/2015;18:22:00;278;Atropelamento sem Morte;568,1;BR-040/MG;Norte;Atropelamento - Ciclista;1;0;0;0;0;0;0;0;0;0;0;1;0;0;0
23/07/2015;18:26:00;279;Acidente sem Vítima;628,95;BR-040/MG;Sul;Abalroamento - Longitudinal;1;0;1;0;0;0;0;0;0;0;2;0;0;0;0
23/07/2015;06:50:00;58;Acidente sem Vítima;98,6;BR-040/GO;Sul;Capotamento;1;0;0;0;0;0;0;0;0;0;2;0;0;0;0
23/07/2015;18:36:00;284;Acidente com Vítima;683,1;BR-040/MG;Norte;Colisão traseira;2;0;0;0;0;0;0;0;0;0;2;3;1;1;0
23/07/2015;09:39:00;141;Atropelamento sem Morte;693,407;BR-040/MG;Sul;Atropelamento - Ciclista;1;1;0;0;0;0;0;0;0;0;1;0;1;0;0
23/07/2015;00:06:00;2;Acidente com Morte;711,5;BR-040/MG;Sul;Outros;0;0;1;0;0;0;0;0;0;0;0;0;0;0;1
23/07/2015;09:31:00;138;Acidente com Morte;739,458;BR-040/MG;Norte;Outros;1;0;0;1;0;0;0;0;0;0;1;0;0;0;1
24/07/2015;19:26:00;291;Acidente sem Vítima;1,3;BR-040/DF;Sul;Colisão traseira;2;0;0;0;0;0;0;0;0;0;2;0;0;0;0
24/07/2015;07:09:00;48;Acidente com Vítima;2,65;BR-040/GO;Norte;Colisão traseira;0;0;0;2;0;0;0;0;0;0;1;0;1;0;0
24/07/2015;21:15:00;326;Acidente com Vítima;3,7;BR-040/GO;Sul;Abalroamento - Longitudinal;2;0;0;0;0;0;0;0;0;0;1;1;1;0;0
24/07/2015;07:41:00;55;Acidente com Vítima;5,25;BR-040/DF;Norte;Colisão traseira;1;0;0;1;0;0;0;0;0;0;1;0;1;0;0
24/07/2015;17:35:00;246;Acidente sem Vítima;8,85;BR-040/GO;Sul;Abalroamento - Transversal;2;0;0;0;0;0;0;0;0;0;2;0;0;0;0
24/07/2015;09:36:00;114;Acidente sem Vítima;116,2;BR-040/MG;Norte;Choque com objeto fixo;0;0;1;0;0;0;0;0;0;0;1;0;0;0;0
24/07/2015;11:00:00;144;Acidente com Vítima;464,234;BR-040/MG;Norte;Choque com objeto fixo;1;0;0;0;0;0;0;0;0;0;0;3;0;0;0
24/07/2015;22:38:00;346;Acidente sem Vítima;491,3;BR-040/MG;Norte;Atropelamento - Animal;1;0;0;0;0;0;0;0;0;0;2;0;0;0;0
24/07/2015;16:38:00;232;Acidente com Vítima;509,112;BR-040/MG;Norte;Outros;0;0;0;1;0;0;0;0;0;0;0;1;0;0;0
24/07/2015;18:38:00;274;Acidente sem Vítima;510,8;BR-040/MG;Norte;Colisão traseira;2;0;0;0;0;0;0;0;0;0;5;0;0;0;0
24/07/2015;07:23:00;52;Acidente sem Vítima;515,894;BR-040/MG;Sul;Colisão traseira;1;0;1;0;0;0;0;0;0;0;2;0;0;0;0
24/07/2015;10:34:00;133;Acidente com Vítima;530,4;BR-040/MG;Sul;Colisão traseira;2;0;0;1;0;0;0;0;0;0;2;0;2;0;0
24/07/2015;15:59:00;219;Atropelamento sem Morte;530,894;BR-040/MG;Norte;Atropelamento - Pedestre atravessando;1;0;0;0;0;0;0;0;0;0;0;2;0;0;0
24/07/2015;11:59:00;163;Acidente com Vítima;610,941;BR-040/MG;Norte;Colisão frontal;1;0;1;0;0;0;0;0;0;0;2;4;0;0;0
24/07/2015;02:15:00;12;Acidente com Vítima;624,95;BR-040/MG;Norte;Outros;1;0;0;0;0;0;0;0;0;0;0;0;1;0;0
24/07/2015;15:51:00;215;Acidente sem Vítima;657,71;BR-040/MG;Norte;Colisão traseira;2;0;0;0;0;0;0;0;0;0;2;0;0;0;0
24/07/2015;12:06:00;167;Acidente com Vítima;42,01;BR-040/GO;Norte;Outros;0;0;0;1;0;0;0;0;0;0;0;1;0;0;0
24/07/2015;15:24:00;205;Acidente sem Vítima;660,3;BR-040/MG;Norte;Abalroamento - Longitudinal;2;0;0;0;0;0;0;0;0;0;2;0;0;0;0
24/07/2015;16:03:00;222;Acidente sem Vítima;703,25;BR-040/MG;Sul;Colisão traseira;2;0;0;0;0;1;0;0;0;0;3;0;0;0;0
24/07/2015;09:50:00;120;Acidente sem Vítima;106,2;BR-040/GO;Norte;Outros;0;0;0;1;0;0;0;0;0;0;2;0;0;0;0
25/07/2015;12:18:00;130;Acidente com Vítima;2,3;BR-040/DF;Norte;Capotamento;2;0;0;0;0;0;0;0;0;0;2;1;0;0;0
25/07/2015;07:30:00;55;Acidente com Vítima;3,9;BR-040/DF;Sul;Choque em barreira New Jersey;2;0;0;0;0;0;0;0;0;0;1;1;0;0;0
25/07/2015;17:32:00;208;Acidente sem Vítima;6,9;BR-040/GO;Norte;Colisão traseira;2;0;0;0;0;0;0;0;0;0;2;0;0;0;0
25/07/2015;09:59:00;96;Acidente com Vítima;34,2;BR-040/GO;Sul;Capotamento;1;0;0;0;0;0;0;0;0;0;0;3;0;0;0
25/07/2015;07:55:00;62;Acidente com Vítima;258,3;BR-040/MG;Norte;Capotamento;1;0;0;0;0;0;0;0;0;0;0;2;0;0;0
25/07/2015;23:25:00;285;Acidente sem Vítima;354,25;BR-040/MG;Sul;Atropelamento - Animal;1;0;0;0;0;0;0;0;0;0;1;0;0;0;0
25/07/2015;12:19:00;131;Acidente sem Vítima;511,115;BR-040/MG;Sul;Colisão traseira;4;0;0;0;0;0;0;0;0;0;4;0;0;0;0
25/07/2015;10:54:00;109;Acidente sem Vítima;511,891;BR-040/MG;Sul;Abalroamento - Transversal;1;0;1;0;0;0;0;0;0;0;2;0;0;0;0
25/07/2015;16:49:00;199;Acidente com Vítima;514,864;BR-040/MG;Norte;Outros;0;0;0;1;0;0;0;0;0;0;0;1;0;0;0
25/07/2015;23:12:00;283;Acidente sem Vítima;579,5;BR-040/MG;Norte;Choque em defensa;1;0;0;0;0;0;0;0;0;0;2;0;0;0;0
25/07/2015;08:34:00;72;Acidente com Vítima;595,5;BR-040/MG;Sul;Colisão traseira;1;0;3;0;0;0;0;0;0;0;44;2;0;0;0
25/07/2015;11:55:00;124;Acidente com Vítima;98,5;BR-040/GO;Sul;Capotamento;1;0;0;0;0;0;0;0;0;0;0;2;0;0;0
25/07/2015;11:52:00;122;Acidente sem Vítima;696,215;BR-040/MG;Sul;Queda de Carga;0;0;1;0;0;0;0;0;0;0;1;0;0;0;0
25/07/2015;02:00:00;16;Acidente com Vítima;699,32;BR-040/MG;Sul;Capotamento;1;0;0;0;0;0;0;0;0;0;2;0;1;0;0
25/07/2015;15:37:00;182;Acidente com Vítima;711,9;BR-040/MG;Sul;Choque com objeto fixo;1;0;0;0;0;0;0;0;0;0;0;0;5;0;0
26/07/2015;16:37:00;220;Acidente sem Vítima;3,8;BR-040/GO;Norte;Capotamento;1;0;0;0;1;0;0;0;0;0;2;0;0;0;0
26/07/2015;17:34:00;237;Acidente sem Vítima;5,8;BR-040/GO;Norte;Colisão traseira;3;0;0;0;0;0;0;0;0;0;4;0;0;0;0
26/07/2015;14:55:00;189;Acidente com Vítima;6,8;BR-040/DF;Norte;Abalroamento - Transversal;1;0;0;1;0;0;0;0;0;0;3;0;0;1;0
26/07/2015;16:45:00;225;Acidente sem Vítima;7,9;BR-040/GO;Norte;Colisão traseira;1;0;0;1;0;0;0;0;0;0;2;0;0;0;0
26/07/2015;15:20:00;198;Acidente sem Vítima;41,5;BR-040/MG;Sul;Outros;0;0;0;1;0;0;0;0;0;0;1;0;0;0;0
26/07/2015;17:00:00;227;Acidente com Vítima;27,6;BR-040/GO;Sul;Capotamento;1;0;0;0;0;0;0;0;0;0;0;1;0;0;0
26/07/2015;12:30:00;144;Acidente com Vítima;119,001;BR-040/MG;Sul;Colisão traseira;1;0;0;0;0;1;0;0;0;0;1;4;0;0;0
26/07/2015;09:18:00;92;Acidente com Vítima;141,221;BR-040/MG;Norte;Abalroamento - Longitudinal;2;0;0;0;0;0;0;0;0;0;5;0;1;0;0
26/07/2015;13:41:00;165;Acidente sem Vítima;306,1;BR-040/MG;Sul;Abalroamento - Longitudinal;2;0;0;0;0;0;0;0;0;0;2;0;0;0;0
26/07/2015;18:40:00;265;Acidente com Vítima;433,2;BR-040/MG;Norte;Colisão traseira;0;0;0;1;0;1;0;0;0;0;1;0;2;0;0
26/07/2015;09:07:00;88;Acidente com Morte;464,8;BR-040/MG;Sul;Choque com objeto fixo;0;0;0;1;0;0;0;0;0;0;0;0;0;0;1
26/07/2015;16:56:00;226;Acidente sem Vítima;503,247;BR-040/MG;Sul;Abalroamento - Longitudinal;2;0;0;0;0;0;0;0;0;0;2;0;0;0;0
26/07/2015;19:21:00;288;Acidente sem Vítima;504,2;BR-040/MG;Sul;Colisão traseira;5;0;0;0;0;0;0;0;0;0;5;0;0;0;0
26/07/2015;10:33:00;112;Acidente com Vítima;508,071;BR-040/MG;Sul;Outros;0;0;0;1;0;0;0;0;0;0;0;2;0;0;0
26/07/2015;19:29:00;292;Acidente sem Vítima;509,8;BR-040/MG;Sul;Colisão traseira;2;0;0;0;0;0;0;0;0;0;2;0;0;0;0
26/07/2015;11:41:00;131;Acidente com Vítima;613,251;BR-040/MG;Sul;Abalroamento - Longitudinal;1;0;0;1;0;0;0;0;0;0;2;0;1;0;0
26/07/2015;06:42:00;44;Acidente com Vítima;614,363;BR-040/MG;Norte;Outros;1;0;0;0;0;0;0;0;0;0;0;1;0;0;0
26/07/2015;18:29:00;260;Acidente com Vítima;622,1;BR-040/MG;Norte;Abalroamento - Transversal;2;0;0;0;0;0;0;0;0;0;1;0;1;0;0
26/07/2015;18:13:00;257;Acidente sem Vítima;633;BR-040/MG;Norte;Colisão traseira;1;0;1;0;0;0;0;0;0;0;2;0;0;0;0
26/07/2015;17:33:00;236;Acidente com Vítima;642,2;BR-040/MG;Norte;Choque com objeto fixo;1;0;0;0;0;0;0;0;0;0;0;1;0;0;0
26/07/2015;13:59:00;172;Acidente sem Vítima;62,001;BR-040/GO;Norte;Colisão traseira;0;0;0;0;0;2;0;0;0;0;2;0;0;0;0
26/07/2015;15:13:00;193;Atropelamento sem Morte;87;BR-040/GO;Norte;Atropelamento - Pedestre caminhando;1;0;0;0;0;0;0;0;0;0;1;1;0;0;0
26/07/2015;15:41:00;207;Acidente com Vítima;660;BR-040/MG;Sul;Colisão traseira;3;0;0;0;0;0;0;0;0;0;3;2;1;0;0
26/07/2015;07:50:00;57;Acidente com Vítima;679,748;BR-040/MG;Norte;Outros;1;0;0;0;0;0;0;0;0;0;3;1;0;0;0
26/07/2015;05:24:00;34;Acidente sem Vítima;683,1;BR-040/MG;Sul;Choque com objeto fixo;1;0;0;0;0;0;0;0;0;0;1;0;0;0;0
26/07/2015;18:43:00;267;Acidente sem Vítima;695,05;BR-040/MG;Sul;Colisão traseira;2;0;0;0;0;0;0;0;0;0;2;0;0;0;0
26/07/2015;15:03:00;191;Acidente com Vítima;710,9;BR-040/MG;Sul;Outros;1;0;0;0;0;0;0;0;0;0;0;1;0;0;0
26/07/2015;21:46:00;334;Acidente sem Vítima;724;BR-040/MG;Sul;Atropelamento - Animal;0;0;1;0;0;0;0;0;0;0;1;0;0;0;0
26/07/2015;15:49:00;211;Acidente sem Vítima;726,1;BR-040/MG;Sul;Abalroamento - Longitudinal;1;0;1;0;0;0;0;0;0;0;2;0;0;0;0
26/07/2015;22:09:00;339;Acidente sem Vítima;727,05;BR-040/MG;Sul;Choque em barreira New Jersey;1;0;0;0;0;0;0;0;0;0;1;0;0;0;0
26/07/2015;19:30:00;291;Acidente sem Vítima;727,1;BR-040/MG;Sul;Queda de Carga;0;0;1;0;0;0;0;0;0;0;1;0;0;0;0
26/07/2015;13:34:00;159;Acidente com Vítima;728,761;BR-040/MG;Sul;Choque com objeto fixo;1;0;0;0;0;0;0;0;0;0;0;2;0;0;0
26/07/2015;00:42:00;6;Acidente sem Vítima;754,4;BR-040/MG;Norte;Choque em defensa;1;0;0;0;0;0;0;0;0;0;1;0;0;0;0
27/07/2015;05:58:00;53;Acidente sem Vítima;1;BR-040/GO;Norte;Abalroamento - Longitudinal;1;0;0;0;0;1;0;0;0;0;2;0;0;0;0
27/07/2015;07:29:00;85;Atropelamento sem Morte;2,1;BR-040/GO;Sul;Atropelamento - Ciclista;0;0;0;1;0;0;0;0;0;0;1;1;0;0;0
27/07/2015;08:54:00;132;Acidente sem Vítima;5,005;BR-040/DF;Norte;Colisão traseira;2;0;0;0;0;0;0;0;0;0;2;0;0;0;0
27/07/2015;06:15:00;57;Acidente sem Vítima;6,001;BR-040/DF;Norte;Colisão traseira;3;0;0;0;0;0;0;0;0;0;3;0;0;0;0
27/07/2015;02:11:00;21;Acidente sem Vítima;18,5;BR-040/GO;Sul;Choque com objeto fixo;1;0;0;0;0;0;0;0;0;0;1;0;0;0;0
27/07/2015;18:56:00;304;Acidente sem Vítima;455,2;BR-040/MG;Sul;Queda de Carga;0;0;1;0;0;0;0;0;0;0;3;0;0;0;0
27/07/2015;23:16:00;379;Acidente sem Vítima;474,17;BR-040/MG;Sul;Choque com objeto fixo;1;0;0;0;0;0;0;0;0;0;2;0;0;0;0
27/07/2015;12:18:00;199;Acidente com Vítima;508,493;BR-040/MG;Sul;Colisão traseira;1;0;0;1;0;0;0;0;0;0;1;1;0;0;0
27/07/2015;18:48:00;305;Acidente sem Vítima;512,281;BR-040/MG;Norte;Choque em defensa;0;0;1;0;0;0;0;0;0;0;1;0;0;0;0
27/07/2015;16:02:00;250;Acidente com Vítima;512,281;BR-040/MG;Norte;Colisão traseira;3;0;1;1;0;0;0;0;0;0;5;2;0;0;0
27/07/2015;08:02:00;103;Acidente com Vítima;523,6;BR-040/MG;Norte;Colisão traseira;1;0;0;1;0;0;0;0;0;0;1;0;1;0;0
27/07/2015;20:57:00;342;Acidente sem Vítima;525,1;BR-040/MG;Norte;Choque em veículo parado na pista;1;0;1;0;0;0;0;0;0;0;2;0;0;0;0
27/07/2015;10:50:00;167;Acidente com Vítima;531,004;BR-040/MG;Norte;Colisão traseira;1;0;0;1;0;0;0;0;0;0;1;0;1;0;0
27/07/2015;00:37:00;5;Acidente sem Vítima;545,2;BR-040/MG;Sul;Colisão traseira;2;0;0;0;0;0;0;0;0;0;2;0;0;0;0
27/07/2015;14:14:00;230;Acidente sem Vítima;561,461;BR-040/MG;Sul;Colisão traseira;1;0;0;0;0;0;0;0;0;1;3;0;0;0;0
27/07/2015;03:28:00;32;Acidente sem Vítima;562,2;BR-040/MG;Sul;Capotamento;1;0;0;0;0;0;0;0;0;0;3;0;0;0;0
27/07/2015;12:17:00;204;Acidente sem Vítima;594,5;BR-040/MG;Sul;Colisão traseira;4;0;0;0;0;0;0;0;0;0;10;0;0;0;0
27/07/2015;10:25:00;161;Acidente sem Vítima;618,483;BR-040/MG;Norte;Colisão traseira;2;0;0;0;0;0;0;0;0;0;5;0;0;0;0
27/07/2015;21:44:00;355;Acidente com Vítima;36,5;BR-040/GO;Norte;Outros;0;0;0;1;0;0;0;0;0;0;0;1;0;0;0
27/07/2015;11:26:00;178;Acidente com Vítima;666,713;BR-040/MG;Sul;Abalroamento - Longitudinal;1;0;1;0;1;0;0;0;0;0;3;1;0;0;0
27/07/2015;16:05:00;253;Acidente sem Vítima;763,76;BR-040/MG;Sul;Capotamento;1;0;0;0;0;0;0;0;0;0;1;0;0;0;0
28/07/2015;17:53:00;235;Acidente sem Vítima;1,5;BR-040/GO;Sul;Colisão traseira;2;0;0;0;0;0;0;0;0;0;2;0;0;0;0
28/07/2015;07:44:00;61;Acidente sem Vítima;3,4;BR-040/DF;Norte;Colisão traseira;3;0;0;0;0;0;0;0;0;0;3;0;0;0;0
28/07/2015;11:57:00;156;Acidente sem Vítima;6,5;BR-040/GO;Norte;Colisão traseira;3;0;0;0;0;0;0;0;0;0;3;0;0;0;0
28/07/2015;22:51:00;309;Acidente com Vítima;18,5;BR-040/GO;Norte;Abalroamento - Transversal;1;0;0;1;0;0;0;0;0;0;1;0;0;0;0
28/07/2015;09:24:00;109;Acidente com Vítima;172,93;BR-040/MG;Norte;Abalroamento - Transversal;2;0;0;0;0;0;0;0;0;0;2;2;0;0;0
28/07/2015;08:31:00;83;Acidente com Vítima;423,5;BR-040/MG;Norte;Capotamento;1;0;0;0;0;0;0;0;0;0;1;1;0;0;0
28/07/2015;23:39:00;313;Acidente sem Vítima;469,6;BR-040/MG;Norte;Atropelamento - Animal;0;0;1;0;0;0;0;0;0;0;1;0;0;0;0
28/07/2015;01:25:00;8;Acidente com Vítima;581,5;BR-040/MG;Sul;Abalroamento - Longitudinal;1;0;2;0;0;0;0;0;0;0;2;1;0;0;0
28/07/2015;12:04:00;159;Acidente com Vítima;100,3;BR-040/GO;Sul;Choque com objeto fixo;0;0;1;0;0;0;0;0;0;0;1;1;0;0;0
29/07/2015;19:36:00;237;Acidente sem Vítima;7,45;BR-040/GO;Sul;Colisão traseira;3;0;0;0;0;0;0;0;0;0;3;0;0;0;0
29/07/2015;17:06:00;196;Acidente com Vítima;8,43;BR-040/GO;Norte;Outros;1;0;0;1;0;0;0;0;0;0;0;2;0;0;0
29/07/2015;17:14:00;200;Acidente com Vítima;293,23;BR-040/MG;Norte;Queda de Carga;0;0;0;0;0;1;0;0;0;0;0;1;0;0;0
29/07/2015;10:51:00;118;Acidente com Vítima;486,077;BR-040/MG;Norte;Outros;0;0;0;1;0;0;0;0;0;0;0;2;0;0;0
29/07/2015;22:47:00;272;Acidente sem Vítima;506,24;BR-040/MG;Norte;Choque em defensa;1;0;0;0;0;0;0;0;0;0;1;0;0;0;0
29/07/2015;17:28:00;204;Acidente sem Vítima;540,321;BR-040/MG;Norte;Colisão traseira;2;0;0;0;0;0;0;0;0;0;2;0;0;0;0
29/07/2015;18:34:00;219;Acidente sem Vítima;586,65;BR-040/MG;Norte;Abalroamento - Longitudinal;2;0;0;0;0;0;0;0;0;0;2;0;0;0;0
29/07/2015;18:37:00;221;Acidente sem Vítima;90,2;BR-040/GO;Sul;Colisão traseira;2;0;1;0;0;0;0;0;0;0;3;0;0;0;0
29/07/2015;20:09:00;244;Acidente sem Vítima;98,1;BR-040/GO;Sul;Atropelamento - Animal;1;0;0;0;0;0;0;0;0;0;3;0;0;0;0
29/07/2015;20:27:00;247;Atropelamento com Morte;681,3;BR-040/MG;Norte;Atropelamento - Pedestre atravessando;0;0;1;0;0;0;0;0;0;0;1;0;0;0;1
30/07/2015;16:32:00;224;Acidente sem Vítima;2,3;BR-040/GO;Sul;Colisão traseira;2;0;0;0;0;0;0;0;0;0;4;0;0;0;0
30/07/2015;18:19:00;258;Atropelamento sem Morte;11,8;BR-040/GO;Norte;Atropelamento - Pedestre caminhando;1;0;0;0;0;0;0;0;0;0;1;1;0;0;0
30/07/2015;07:01:00;42;Acidente sem Vítima;281,5;BR-040/MG;Sul;Capotamento;0;0;0;1;0;0;0;0;0;0;3;0;0;0;0
30/07/2015;16:45:00;228;Acidente com Vítima;436,192;BR-040/MG;Norte;Capotamento;1;0;0;0;0;0;0;0;0;0;0;1;1;0;0
30/07/2015;18:39:00;265;Acidente sem Vítima;527,3;BR-040/MG;Norte;Colisão traseira;0;0;2;0;0;0;0;0;0;0;2;0;0;0;0
30/07/2015;16:44:00;227;Acidente com Vítima;531,148;BR-040/MG;Sul;Colisão traseira;3;0;0;0;0;0;0;0;0;0;5;1;0;0;0
30/07/2015;09:05:00;85;Acidente sem Vítima;534,07;BR-040/MG;Norte;Colisão traseira;2;0;0;0;0;0;0;0;0;0;2;0;0;0;0
30/07/2015;19:02:00;275;Acidente sem Vítima;542,9;BR-040/MG;Norte;Colisão traseira;2;0;0;0;0;0;0;0;0;0;2;0;0;0;0
30/07/2015;13:17:00;176;Acidente sem Vítima;556,946;BR-040/MG;Sul;Colisão traseira;1;0;1;0;0;0;0;0;0;0;4;0;0;0;0
30/07/2015;09:37:00;106;Acidente sem Vítima;682,9;BR-040/MG;Norte;Colisão traseira;2;0;0;0;0;0;0;0;0;0;6;0;0;0;0
30/07/2015;08:24:00;69;Acidente com Vítima;686,9;BR-040/MG;Norte;Colisão frontal;1;0;0;1;0;0;0;0;0;0;1;1;0;0;0
31/07/2015;00:54:00;9;Acidente com Vítima;0,5;BR-040/GO;Sul;Abalroamento - Longitudinal;1;0;0;1;0;0;0;0;0;0;0;2;0;0;0
31/07/2015;12:53:00;216;Acidente sem Vítima;79,07;BR-040/MG;Norte;Queda de Carga;0;0;1;0;0;0;0;0;0;0;1;0;0;0;0
31/07/2015;04:17:00;50;Acidente com Vítima;29,05;BR-040/GO;Sul;Outros;1;0;0;0;0;0;0;0;0;0;1;2;0;0;0
31/07/2015;21:38:00;402;Acidente sem Vítima;494,3;BR-040/MG;Norte;Capotamento;2;0;0;0;0;0;0;0;0;0;5;0;0;0;0
31/07/2015;10:36:00;174;Acidente com Vítima;514,1;BR-040/MG;Sul;Outros;0;0;0;1;0;0;0;0;0;0;1;1;0;0;0
31/07/2015;21:50:00;406;Acidente sem Vítima;520,26;BR-040/MG;Norte;Colisão traseira;0;0;2;0;0;0;0;0;0;0;2;0;0;0;0
31/07/2015;18:56:00;345;Acidente sem Vítima;522,09;BR-040/MG;Norte;Colisão traseira;2;0;0;0;0;0;0;0;0;0;2;0;0;0;0
31/07/2015;07:26:00;87;Acidente sem Vítima;524,7;BR-040/MG;Sul;Outros;0;0;0;1;0;0;0;0;0;0;1;0;0;0;0
31/07/2015;18:25:00;333;Acidente sem Vítima;531,99;BR-040/MG;Norte;Colisão traseira;6;0;0;0;0;0;0;0;0;0;6;0;0;0;0
31/07/2015;10:57:00;182;Acidente com Vítima;534,2;BR-040/MG;Sul;Abalroamento - Transversal;2;0;0;0;0;0;0;0;0;0;2;0;0;0;0
31/07/2015;09:26:00;147;Acidente sem Vítima;543,2;BR-040/MG;Sul;Abalroamento - Longitudinal;1;0;2;0;0;0;0;0;0;0;3;0;0;0;0
31/07/2015;15:26:00;274;Acidente sem Vítima;616,9;BR-040/MG;Norte;Colisão traseira;1;0;1;1;0;0;0;0;0;0;6;0;0;0;0
31/07/2015;21:17:00;395;Acidente com Vítima;660,4;BR-040/MG;Norte;Choque com objeto fixo;0;0;0;1;0;0;0;0;0;0;0;1;0;0;0
31/07/2015;13:39:00;227;Acidente sem Vítima;669,052;BR-040/MG;Sul;Colisão traseira;0;0;2;0;0;0;0;0;0;0;2;0;0;0;0
31/07/2015;10:10:00;164;Acidente sem Vítima;713,988;BR-040/MG;Norte;Colisão traseira;1;0;1;0;0;0;0;0;0;0;3;0;0;0;0
31/07/2015;09:58:00;159;Acidente com Vítima;739,418;BR-040/MG;Norte;Outros;1;0;0;1;0;0;0;0;0;0;1;1;0;1;0
31/07/2015;11:58:00;200;Acidente sem Vítima;748,6;BR-040/MG;Sul;Choque com objeto fixo;1;0;0;0;0;0;0;0;0;0;2;0;0;0;0
01/08/2015;14:24:00;206;Acidente com Vítima;0,1;BR-040/DF;Norte;Colisão traseira;2;0;0;2;0;0;0;0;0;0;3;1;0;0;0
01/08/2015;08:58:00;98;Atropelamento sem Morte;0,5;BR-040/GO;Norte;Atropelamento - Pedestre atravessando;1;0;0;0;0;0;0;0;0;0;1;1;0;0;0
01/08/2015;20:48:00;330;Acidente com Vítima;2,2;BR-040/GO;Norte;Colisão traseira;2;0;0;1;0;0;0;0;0;0;2;1;1;0;0
01/08/2015;12:00:00;164;Acidente sem Vítima;3,5;BR-040/GO;Sul;Colisão traseira;3;0;0;0;0;0;0;0;0;0;3;0;0;0;0
01/08/2015;18:36:00;279;Acidente sem Vítima;8,6;BR-040/GO;Sul;Colisão traseira;2;0;0;0;0;0;0;0;0;0;2;0;0;0;0
01/08/2015;02:37:00;20;Acidente sem Vítima;15,4;BR-040/GO;Sul;Colisão traseira;2;0;0;0;0;0;0;0;0;0;6;0;0;0;0