data;horario;n_da_ocorrencia;tipo_de_ocorrencia;km;trecho;sentido;tipo_de_acidente;automovel;bicicleta;caminhao;moto;onibus;outros;tracao_animal;transporte_de_cargas_especiais;trator_maquinas;utilitarios;ilesos;levemente_feridos;moderadamente_feridos;gravemente_feridos;mortos
03/09/2015;22:52:00;343;Acidente com Vítima;528,35;BR-040/MG;Sul;Choque com objeto fixo;1;0;0;0;0;0;0;0;0;0;2;0;1;0;0
03/09/2015;02:43:00;13;Acidente com Vítima;530,1;BR-040/MG;Sul;Choque com objeto fixo;1;0;0;0;0;0;0;0;0;0;0;0;1;0;0
03/09/2015;17:22:00;235;Acidente com Vítima;540,002;BR-040/MG;Norte;Outros;0;0;0;1;0;0;0;0;0;0;0;0;0;0;0
03/09/2015;09:58:00;118;Acidente com Vítima;541,2;BR-040/MG;Sul;Colisão traseira;3;0;0;0;0;0;0;0;0;0;3;2;0;0;0
03/09/2015;11:09:00;132;Acidente com Vítima;573,1;BR-040/MG;Sul;Capotamento;1;0;0;0;0;0;0;0;0;0;0;0;1;0;0
03/09/2015;13:20:00;158;Acidente com Vítima;48,27;BR-040/GO;Sul;Outros;0;0;0;1;0;0;0;0;0;0;0;0;1;0;0
03/09/2015;13:45:00;168;Acidente com Morte;92,57;BR-040/GO;Norte;Abalroamento - Longitudinal;1;0;1;0;0;0;0;0;0;0;1;0;1;0;1
03/09/2015;12:51:00;149;Acidente com Vítima;672,67;BR-040/MG;Sul;Outros;0;0;1;0;0;0;0;0;0;0;0;1;1;0;0
03/09/2015;07:37:00;65;Acidente com Vítima;126,6;BR-040/GO;Norte;Capotamento;1;0;0;0;0;0;0;0;0;0;1;2;0;0;0
04/09/2015;20:05:00;380;Acidente com Vítima;0;BR-040/DF;Sul;Colisão traseira;0;0;1;1;0;0;0;0;0;0;1;0;1;0;0
04/09/2015;21:38:00;410;Acidente sem Vítima;4,4;BR-040/DF;Sul;Colisão traseira;3;0;0;0;0;0;0;0;0;0;4;0;0;0;0
04/09/2015;18:47:00;351;Acidente sem Vítima;15,02;BR-040/GO;Sul;Abalroamento - Transversal;2;0;0;0;0;0;0;0;0;0;2;0;0;0;0
04/09/2015;18:17:00;336;Acidente sem Vítima;93,1;BR-040/MG;Sul;Choque em veículo parado na pista;1;0;0;1;0;0;0;0;0;0;2;0;0;0;0
04/09/2015;07:21:00;74;Acidente sem Vítima;94,6;BR-040/MG;Sul;Abalroamento - Longitudinal;1;0;1;0;0;0;0;0;0;0;4;0;0;0;0
04/09/2015;15:17:00;259;Acidente com Vítima;164,3;BR-040/MG;Norte;Colisão traseira;2;0;0;0;0;0;0;0;0;0;2;0;3;0;0
04/09/2015;09:10:00;134;Acidente com Vítima;308,3;BR-040/MG;Sul;Capotamento;1;0;0;0;0;0;0;0;0;0;0;4;1;0;0
04/09/2015;12:26:00;190;Acidente com Vítima;336,4;BR-040/MG;Norte;Abalroamento - Longitudinal;2;0;0;0;0;0;0;0;0;0;1;2;0;0;0
04/09/2015;08:08:00;106;Acidente sem Vítima;500,054;BR-040/MG;Norte;Colisão traseira;2;0;0;0;0;0;0;0;0;0;2;0;0;0;0
04/09/2015;15:29:00;265;Acidente sem Vítima;508,057;BR-040/MG;Norte;Abalroamento - Longitudinal;1;0;1;0;0;0;0;0;0;0;2;0;0;0;0
04/09/2015;19:46:00;375;Acidente sem Vítima;509,4;BR-040/MG;Norte;Colisão traseira;2;0;0;0;0;0;0;0;0;0;3;0;0;0;0
04/09/2015;18:28:00;339;Acidente sem Vítima;509,9;BR-040/MG;Sul;Colisão traseira;3;0;0;1;0;0;0;0;0;0;4;0;0;0;0
04/09/2015;22:28:00;427;Acidente com Vítima;510,1;BR-040/MG;Sul;Outros;1;0;0;0;0;0;0;0;0;0;0;2;0;0;0
04/09/2015;19:29:00;369;Acidente sem Vítima;510,15;BR-040/MG;Norte;Colisão traseira;1;0;0;1;0;0;0;0;0;0;3;0;0;0;0
04/09/2015;06:40:00;56;Acidente com Vítima;515,12;BR-040/MG;Sul;Abalroamento - Longitudinal;1;0;0;1;0;0;0;0;0;0;3;1;0;0;0
04/09/2015;22:16:00;425;Acidente com Vítima;515,55;BR-040/MG;Norte;Colisão traseira;4;0;0;0;0;0;0;0;0;0;4;1;0;0;0
04/09/2015;18:54:00;355;Acidente sem Vítima;522,2;BR-040/MG;Norte;Colisão traseira;2;0;0;0;1;0;0;0;0;0;3;0;0;0;0
04/09/2015;18:52:00;353;Acidente com Vítima;533,4;BR-040/MG;Norte;Outros;1;0;0;0;0;0;0;0;0;0;0;1;0;0;0
04/09/2015;18:48:00;350;Acidente com Vítima;538,9;BR-040/MG;Norte;Outros;1;0;0;1;0;0;0;0;0;0;4;1;0;0;0
04/09/2015;16:46:00;298;Acidente com Vítima;542,539;BR-040/MG;Sul;Outros;0;0;0;1;0;0;0;0;0;0;0;1;0;0;0
04/09/2015;14:04:00;230;Acidente sem Vítima;572,02;BR-040/MG;Sul;Colisão traseira;2;0;0;0;0;0;0;0;0;0;3;0;0;0;0
04/09/2015;09:31:00;146;Acidente sem Vítima;577,01;BR-040/MG;Norte;Colisão traseira;2;0;0;0;0;0;0;0;0;0;5;0;0;0;0
04/09/2015;16:40:00;297;Acidente sem Vítima;602,3;BR-040/MG;Norte;Abalroamento - Longitudinal;2;0;0;0;0;0;0;0;0;0;2;0;0;0;0
04/09/2015;13:22:00;212;Acidente sem Vítima;624,1;BR-040/MG;Sul;Colisão traseira;1;0;0;0;0;1;0;0;0;0;2;0;0;0;0
04/09/2015;18:16:00;335;Acidente sem Vítima;654,3;BR-040/MG;Sul;Choque com objeto fixo;1;0;0;0;0;0;0;0;0;0;1;0;0;0;0
04/09/2015;16:48:00;300;Acidente com Vítima;92,111;BR-040/GO;Norte;Colisão frontal;2;0;0;0;0;0;0;0;0;0;0;1;2;0;0
04/09/2015;12:29:00;191;Acidente sem Vítima;668,01;BR-040/MG;Sul;Capotamento;1;0;1;0;0;0;0;0;0;0;2;0;0;0;0
04/09/2015;05:39:00;44;Acidente com Vítima;673,001;BR-040/MG;Norte;Capotamento;2;0;0;0;0;0;0;0;0;0;1;1;0;0;0
04/09/2015;16:02:00;280;Acidente sem Vítima;683,001;BR-040/MG;Norte;Colisão traseira;1;0;1;0;0;0;0;0;0;0;2;0;0;0;0
04/09/2015;21:56:00;417;Acidente sem Vítima;743,8;BR-040/MG;Sul;Atropelamento - Animal;1;0;0;0;0;0;0;0;0;0;1;0;0;0;0
04/09/2015;15:51:00;276;Acidente com Vítima;761,8;BR-040/MG;Sul;Outros;0;0;0;1;0;0;0;0;0;0;0;1;0;0;0
05/09/2015;09:35:00;124;Atropelamento sem Morte;0,005;BR-040/DF;Sul;Atropelamento - Pedestre caminhando;1;0;0;0;0;0;0;0;0;0;1;0;0;1;0
05/09/2015;15:20:00;282;Acidente com Vítima;0,5;BR-040/GO;Norte;Colisão traseira;1;0;0;0;1;0;0;0;0;0;2;2;0;0;0
05/09/2015;15:41:00;289;Acidente sem Vítima;4,6;BR-040/DF;Norte;Abalroamento - Longitudinal;1;0;1;0;0;0;0;0;0;0;3;0;0;0;0
05/09/2015;14:27:00;250;Acidente sem Vítima;6,2;BR-040/GO;Norte;Outros;0;0;0;1;0;0;0;0;0;0;1;0;0;0;0
05/09/2015;21:45:00;440;Acidente com Vítima;14,035;BR-040/GO;Norte;Choque com objeto fixo;1;0;0;0;0;0;0;0;0;0;0;0;0;0;0
05/09/2015;02:45:00;18;Acidente sem Vítima;48,239;BR-040/MG;Sul;Capotamento;1;0;0;0;0;0;0;0;0;0;1;0;0;0;0
05/09/2015;07:51:00;79;Acidente com Vítima;281;BR-040/MG;Norte;Colisão frontal;2;0;0;0;0;0;0;0;0;0;5;0;1;1;0
05/09/2015;15:56:00;299;Acidente com Vítima;310,004;BR-040/MG;Norte;Outros;0;0;1;1;0;0;0;0;0;0;1;2;0;0;0
05/09/2015;13:40:00;233;Acidente sem Vítima;338;BR-040/MG;Norte;Colisão traseira;1;0;0;0;0;1;0;0;0;0;3;0;0;0;0
05/09/2015;00:10:00;4;Acidente sem Vítima;349,8;BR-040/MG;Sul;Choque com objeto fixo;3;0;0;0;0;0;0;0;0;0;4;0;0;0;0
05/09/2015;01:39:00;13;Acidente com Morte;364,97;BR-040/MG;Norte;Colisão frontal;2;0;1;0;0;0;0;0;0;0;4;7;0;0;1
05/09/2015;06:49:00;54;Acidente sem Vítima;365;BR-040/MG;Norte;Abalroamento - Longitudinal;1;0;1;0;0;0;0;0;0;0;2;0;0;0;0
05/09/2015;00:06:00;3;Atropelamento com Morte;381,5;BR-040/MG;Sul;Atropelamento - Pedestre caminhando;1;0;0;0;0;0;0;0;0;0;1;0;0;0;1
05/09/2015;10:56:00;166;Acidente sem Vítima;454,5;BR-040/MG;Norte;Choque com objeto fixo;1;0;0;0;0;0;0;0;0;0;2;0;0;0;0
05/09/2015;20:39:00;419;Acidente sem Vítima;460,2;BR-040/MG;Norte;Choque com objeto fixo;1;0;0;0;0;0;0;0;0;0;1;0;0;0;0
05/09/2015;15:25:00;285;Acidente com Vítima;509,749;BR-040/MG;Norte;Colisão traseira;3;0;0;0;0;0;0;0;0;0;6;1;0;0;0
05/09/2015;10:32:00;152;Acidente sem Vítima;511,4;BR-040/MG;Norte;Colisão traseira;5;0;0;0;0;0;0;0;0;0;20;0;0;0;0
05/09/2015;13:09:00;223;Acidente sem Vítima;511,7;BR-040/MG;Sul;Colisão traseira;2;0;0;0;0;0;0;0;0;0;5;0;0;0;0
05/09/2015;20:08:00;406;Acidente com Vítima;519,9;BR-040/MG;Norte;Outros;0;0;0;1;0;0;0;0;0;0;0;1;0;0;0
05/09/2015;18:16:00;350;Acidente sem Vítima;522,6;BR-040/MG;Norte;Colisão traseira;3;0;0;1;0;0;0;0;0;0;7;0;0;0;0
05/09/2015;18:13:00;349;Acidente sem Vítima;522,8;BR-040/MG;Norte;Colisão traseira;2;0;0;0;0;0;0;0;0;0;3;0;0;0;0
05/09/2015;23:37:00;467;Acidente com Vítima;533,35;BR-040/MG;Sul;Capotamento;1;0;0;0;0;0;0;0;0;0;1;0;1;0;0
05/09/2015;16:38:00;315;Acidente com Vítima;543,6;BR-040/MG;Norte;Abalroamento - Longitudinal;0;0;0;1;0;1;0;0;0;0;1;0;1;0;0
05/09/2015;19:44:00;394;Acidente sem Vítima;553,5;BR-040/MG;Sul;Colisão traseira;2;0;0;0;0;0;0;0;0;0;7;0;0;0;0
05/09/2015;18:27:00;359;Acidente sem Vítima;553,5;BR-040/MG;Sul;Outros;1;0;0;0;0;0;0;0;0;0;5;0;0;0;0
05/09/2015;14:18:00;244;Atropelamento sem Morte;570,1;BR-040/MG;Sul;Atropelamento - Pedestre atravessando;1;0;0;0;0;0;0;0;0;0;1;0;1;0;0
05/09/2015;10:34:00;154;Acidente com Vítima;575,1;BR-040/MG;Norte;Abalroamento - Longitudinal;2;0;0;0;0;0;0;0;0;0;2;1;0;0;0
05/09/2015;20:30:00;418;Acidente sem Vítima;579,7;BR-040/MG;Sul;Outros;1;0;0;0;0;0;0;0;0;0;1;0;0;0;0
05/09/2015;19:19:00;381;Acidente sem Vítima;593,6;BR-040/MG;Norte;Choque com objeto fixo;1;0;0;0;0;0;0;0;0;0;1;0;0;0;0
05/09/2015;11:00:00;168;Acidente sem Vítima;614,01;BR-040/MG;Sul;Colisão traseira;3;0;0;0;0;0;0;0;0;0;9;0;0;0;0
05/09/2015;20:45:00;421;Acidente sem Vítima;682,9;BR-040/MG;Sul;Colisão traseira;2;0;0;0;0;0;0;0;0;0;6;0;0;0;0
05/09/2015;20:46:00;422;Acidente com Vítima;694,8;BR-040/MG;Sul;Capotamento;1;0;0;0;0;0;0;0;0;0;0;1;0;0;0
05/09/2015;05:47:00;39;Acidente sem Vítima;695,9;BR-040/MG;Sul;Colisão traseira;2;0;0;0;0;0;0;0;0;0;2;0;0;0;0
05/09/2015;21:12:00;430;Acidente sem Vítima;697,1;BR-040/MG;Sul;Choque com objeto fixo;1;0;0;0;0;0;0;0;0;0;2;0;0;0;0
05/09/2015;19:01:00;375;Acidente sem Vítima;726,3;BR-040/MG;Sul;Choque com objeto fixo;1;0;0;0;0;0;0;0;0;0;3;0;0;0;0
05/09/2015;22:26:00;445;Acidente sem Vítima;730,4;BR-040/MG;Norte;Choque com objeto fixo;1;0;0;0;0;0;0;0;0;0;4;0;0;0;0
05/09/2015;00:55:00;9;Acidente com Vítima;731,4;BR-040/MG;Sul;Outros;1;0;0;0;0;0;0;0;0;0;3;1;0;0;0
05/09/2015;19:03:00;376;Acidente com Vítima;737,7;BR-040/MG;Norte;Capotamento;0;0;1;0;0;0;0;0;0;0;0;2;1;0;0
05/09/2015;10:51:00;163;Acidente sem Vítima;740,3;BR-040/MG;Sul;Colisão traseira;1;0;0;0;0;1;0;0;0;0;4;0;0;0;0
05/09/2015;21:32:00;435;Acidente com Vítima;758,2;BR-040/MG;Sul;Capotamento;1;0;0;0;0;0;0;0;0;0;1;0;3;0;0
06/09/2015;15:16:00;202;Acidente sem Vítima;0,8;BR-040/GO;Sul;Colisão traseira;1;0;0;0;0;0;0;0;0;1;4;0;0;0;0
06/09/2015;17:54:00;245;Acidente com Vítima;2,2;BR-040/GO;Norte;Abalroamento - Transversal;1;0;0;1;0;0;0;0;0;0;2;1;1;0;0
06/09/2015;18:35:00;265;Acidente com Vítima;5,1;BR-040/GO;Norte;Capotamento;1;0;0;0;0;0;0;0;0;0;0;1;0;0;0
06/09/2015;23:10:00;339;Acidente sem Vítima;35,03;BR-040/GO;Sul;Outros;2;0;0;0;0;0;0;0;0;0;5;0;0;0;0
06/09/2015;10:25:00;126;Acidente com Vítima;224,1;BR-040/MG;Norte;Queda de Carga;0;0;0;0;0;1;0;0;0;0;0;1;0;0;0
06/09/2015;21:53:00;321;Acidente sem Vítima;493,2;BR-040/MG;Sul;Abalroamento - Longitudinal;1;0;0;0;0;1;0;0;0;0;2;0;0;0;0
06/09/2015;18:39:00;269;Acidente sem Vítima;512,1;BR-040/MG;Norte;Colisão traseira;2;0;0;0;0;0;0;0;0;0;6;0;0;0;0
06/09/2015;18:22:00;255;Acidente com Vítima;512,6;BR-040/MG;Sul;Colisão traseira;0;0;0;1;0;1;0;0;0;0;1;2;0;0;0
06/09/2015;12:20:00;158;Acidente com Vítima;514,8;BR-040/MG;Sul;Abalroamento - Longitudinal;1;0;0;1;0;0;0;0;0;0;1;0;1;0;0
06/09/2015;16:31:00;221;Acidente com Vítima;520,2;BR-040/MG;Norte;Colisão traseira;1;0;0;1;0;0;0;0;0;0;1;0;1;0;0
06/09/2015;12:52:00;170;Acidente com Vítima;524,1;BR-040/MG;Sul;Colisão traseira;2;0;0;0;0;0;0;0;0;0;0;4;0;0;0
06/09/2015;14:57:00;196;Acidente sem Vítima;525,01;BR-040/MG;Sul;Colisão traseira;1;0;0;1;0;0;0;0;0;0;2;0;0;0;0
06/09/2015;21:31:00;317;Acidente sem Vítima;543,3;BR-040/MG;Norte;Choque em barreira New Jersey;1;0;0;0;0;0;0;0;0;0;1;0;0;0;0
06/09/2015;05:43:00;47;Acidente sem Vítima;580,84;BR-040/MG;Norte;Choque com objeto fixo;1;0;0;0;0;0;0;0;0;0;1;0;0;0;0
06/09/2015;23:36:00;345;Acidente com Vítima;597,5;BR-040/MG;Norte;Choque com objeto fixo;1;0;0;0;0;0;0;0;0;0;2;1;0;0;0
06/09/2015;04:30:00;36;Acidente com Vítima;614,85;BR-040/MG;Sul;Abalroamento - Transversal;1;0;0;0;1;0;0;0;0;0;3;0;2;0;0
06/09/2015;16:16:00;217;Acidente com Vítima;627,875;BR-040/MG;Sul;Colisão traseira;2;0;0;0;0;0;0;0;0;0;4;0;1;0;0
06/09/2015;22:06:00;325;Acidente sem Vítima;656,28;BR-040/MG;Norte;Choque em defensa;1;0;0;0;0;0;0;0;0;0;4;0;0;0;0
06/09/2015;07:27:00;68;Acidente sem Vítima;656,3;BR-040/MG;Norte;Choque com objeto fixo;1;0;0;0;0;0;0;0;0;0;2;0;0;0;0
06/09/2015;17:21:00;234;Acidente sem Vítima;656,468;BR-040/MG;Norte;Colisão frontal;2;0;0;0;0;0;0;0;0;0;7;0;0;0;0
06/09/2015;19:36:00;287;Acidente com Vítima;663,19;BR-040/MG;Sul;Capotamento;1;0;0;0;0;0;0;0;0;0;0;1;0;0;0
06/09/2015;11:50:00;151;Acidente com Vítima;664,2;BR-040/MG;Norte;Choque com objeto fixo;1;0;0;0;0;0;0;0;0;0;1;0;2;0;0
06/09/2015;18:45:00;272;Acidente com Vítima;674,8;BR-040/MG;Sul;Outros;0;0;0;1;0;0;0;0;0;0;1;1;0;0;0
06/09/2015;17:23:00;235;Acidente com Vítima;701,28;BR-040/MG;Norte;Outros;0;0;0;1;0;0;0;0;0;0;0;1;0;0;0
06/09/2015;07:53:00;75;Acidente sem Vítima;717,8;BR-040/MG;Norte;Choque com objeto fixo;1;0;0;0;0;0;0;0;0;0;1;0;0;0;0
06/09/2015;09:28:00;103;Acidente sem Vítima;718,35;BR-040/MG;Norte;Choque em barreira New Jersey;1;0;0;0;0;0;0;0;0;0;1;0;0;0;0
06/09/2015;03:55:00;34;Acidente sem Vítima;730,6;BR-040/MG;Norte;Choque com objeto fixo;1;0;0;0;0;0;0;0;0;0;1;0;0;0;0
06/09/2015;19:09:00;280;Acidente com Vítima;105,05;BR-040/GO;Sul;Abalroamento - Longitudinal;2;0;0;0;0;0;0;0;0;0;3;2;0;0;0
06/09/2015;12:44:00;167;Acidente sem Vítima;767,677;BR-040/MG;Norte;Colisão traseira;2;0;0;0;0;0;0;0;0;0;2;0;0;0;0
07/09/2015;23:52:00;448;Acidente sem Vítima;0,2;BR-040/DF;Norte;Capotamento;1;0;0;0;0;0;0;0;0;0;1;0;0;0;0
07/09/2015;20:37:00;379;Acidente sem Vítima;5,6;BR-040/GO;Norte;Colisão traseira;3;0;0;0;0;0;0;0;0;0;8;0;0;0;0
07/09/2015;19:11:00;332;Acidente sem Vítima;6,5;BR-040/GO;Norte;Colisão traseira;2;0;0;0;0;0;0;0;0;0;4;0;0;0;0
07/09/2015;18:49:00;320;Acidente sem Vítima;35,8;BR-040/MG;Norte;Colisão traseira;1;0;2;0;0;0;0;0;0;0;4;0;0;0;0
07/09/2015;19:14:00;335;Acidente com Vítima;43,2;BR-040/MG;Norte;Colisão traseira;5;0;1;1;0;0;0;0;0;0;15;1;0;0;0
07/09/2015;20:02:00;359;Acidente sem Vítima;120,4;BR-040/MG;Norte;Atropelamento - Animal;1;0;0;0;0;0;0;0;0;0;4;0;0;0;0
07/09/2015;16:27:00;253;Acidente sem Vítima;405,2;BR-040/MG;Sul;Colisão traseira;2;0;0;0;0;0;0;0;0;0;2;0;0;0;0
07/09/2015;20:32:00;374;Acidente sem Vítima;453,5;BR-040/MG;Sul;Colisão traseira;4;0;0;0;0;0;0;0;0;0;9;0;0;0;0
07/09/2015;18:21:00;304;Acidente sem Vítima;458,7;BR-040/MG;Sul;Abalroamento - Longitudinal;2;0;0;0;0;0;0;0;0;1;8;0;0;0;0
07/09/2015;22:24:00;423;Acidente sem Vítima;462,05;BR-040/MG;Norte;Outros;0;0;1;0;0;0;0;0;0;0;1;0;0;0;0
07/09/2015;22:04:00;415;Acidente sem Vítima;480,5;BR-040/MG;Norte;Outros;1;0;0;0;0;0;0;0;0;0;4;0;0;0;0
07/09/2015;14:43:00;210;Acidente sem Vítima;504,3;BR-040/MG;Sul;Colisão traseira;2;0;0;0;0;0;0;0;0;0;2;0;0;0;0
07/09/2015;18:16:00;301;Acidente sem Vítima;507,2;BR-040/MG;Sul;Colisão traseira;2;0;0;0;0;0;0;0;0;0;8;0;0;0;0
07/09/2015;11:05:00;114;Acidente sem Vítima;509,7;BR-040/MG;Norte;Abalroamento - Transversal;3;0;0;0;0;0;0;0;0;0;3;0;0;0;0
07/09/2015;21:08:00;392;Acidente sem Vítima;510,4;BR-040/MG;Sul;Colisão traseira;2;0;0;0;0;0;0;0;0;0;7;0;0;0;0
07/09/2015;04:42:00;21;Acidente sem Vítima;513,7;BR-040/MG;Norte;Choque com objeto fixo;1;0;0;0;0;0;0;0;0;0;1;0;0;0;0
07/09/2015;14:00:00;197;Acidente com Vítima;515,8;BR-040/MG;Sul;Outros;0;0;0;1;0;0;0;0;0;0;1;1;0;0;0
07/09/2015;08:26:00;68;Acidente com Vítima;551,2;BR-040/MG;Norte;Outros;0;0;0;1;0;0;0;0;0;0;0;1;0;0;0
07/09/2015;22:01:00;413;Acidente sem Vítima;554,9;BR-040/MG;Norte;Colisão traseira;2;0;0;0;0;0;0;0;0;0;2;0;0;0;0
07/09/2015;16:09:00;246;Acidente com Vítima;566,2;BR-040/MG;Sul;Colisão frontal;3;0;0;0;0;0;0;0;0;0;3;1;1;0;0
07/09/2015;22:13:00;418;Acidente com Vítima;587;BR-040/MG;Norte;Capotamento;1;0;0;0;0;0;0;0;0;0;0;1;0;0;0
07/09/2015;23:32:00;443;Acidente sem Vítima;627,3;BR-040/MG;Sul;Abalroamento - Transversal;2;0;0;0;0;0;0;0;0;0;7;0;0;0;0
07/09/2015;19:28:00;341;Acidente com Vítima;628,4;BR-040/MG;Norte;Abalroamento - Longitudinal;1;0;1;0;0;0;0;0;0;0;4;0;1;0;0
07/09/2015;19:59:00;358;Acidente sem Vítima;40,3;BR-040/GO;Norte;Colisão traseira;2;0;0;0;0;0;0;0;0;0;4;0;0;0;0
07/09/2015;18:39:00;314;Acidente sem Vítima;688,1;BR-040/MG;Norte;Abalroamento - Longitudinal;1;0;0;0;0;1;0;0;0;0;2;0;0;0;0
07/09/2015;17:06:00;271;Acidente com Vítima;697,15;BR-040/MG;Norte;Outros;0;0;0;1;0;0;0;0;0;0;1;2;0;0;0
07/09/2015;07:40:00;55;Acidente sem Vítima;708,05;BR-040/MG;Norte;Choque com objeto fixo;1;0;0;0;0;0;0;0;0;0;1;0;0;0;0
07/09/2015;23:02:00;437;Acidente sem Vítima;719;BR-040/MG;Sul;Capotamento;0;0;0;1;0;0;0;0;0;0;1;0;0;0;0
07/09/2015;14:49:00;215;Acidente sem Vítima;719,65;BR-040/MG;Norte;Capotamento;1;0;0;0;0;0;0;0;0;0;1;0;0;0;0
07/09/2015;11:32:00;123;Acidente com Vítima;728,3;BR-040/MG;Norte;Choque em barreira New Jersey;1;0;0;0;0;0;0;0;0;0;0;1;0;0;0
07/09/2015;11:13:00;117;Acidente com Vítima;731,01;BR-040/MG;Sul;Choque em barreira New Jersey;1;0;0;0;0;0;0;0;0;0;0;1;0;0;0
07/09/2015;13:52:00;192;Acidente sem Vítima;768,1;BR-040/MG;Norte;Outros;1;0;0;0;0;0;0;0;0;0;2;0;0;0;0
07/09/2015;01:02:00;8;Acidente sem Vítima;768,3;BR-040/MG;Sul;Capotamento;1;0;0;0;0;0;0;0;0;0;2;0;0;0;0
08/09/2015;06:04:00;51;Acidente sem Vítima;4,001;BR-040/DF;Norte;Outros;0;0;0;1;0;0;0;0;0;0;1;0;0;0;0
08/09/2015;17:01:00;309;Acidente sem Vítima;11,1;BR-040/GO;Norte;Queda de Carga;0;0;1;0;0;0;0;0;0;0;1;0;0;0;0
08/09/2015;18:53:00;347;Acidente com Vítima;16,08;BR-040/GO;Norte;Colisão frontal;2;0;0;0;0;0;0;0;0;0;2;0;1;0;0
08/09/2015;05:21:00;44;Acidente com Vítima;299,1;BR-040/MG;Sul;Outros;1;0;0;0;0;0;0;0;0;0;1;0;1;0;0
08/09/2015;03:48:00;29;Acidente com Vítima;353,3;BR-040/MG;Norte;Colisão traseira;1;0;1;0;0;0;0;0;0;0;4;2;2;0;0
08/09/2015;07:37:00;79;Acidente sem Vítima;444,001;BR-040/MG;Norte;Queda de Carga;0;0;1;0;0;0;0;0;0;0;1;0;0;0;0
08/09/2015;05:57:00;49;Acidente com Vítima;455,3;BR-040/MG;Norte;Colisão traseira;3;0;0;0;0;1;0;0;0;0;4;1;0;0;0
08/09/2015;01:53:00;21;Acidente sem Vítima;457,3;BR-040/MG;Sul;Choque com objeto fixo;0;0;1;0;0;0;0;0;0;0;1;0;0;0;0
08/09/2015;06:50:00;59;Acidente sem Vítima;463,5;BR-040/MG;Sul;Colisão traseira;2;0;0;0;0;0;0;0;0;0;2;0;0;0;0
08/09/2015;01:38:00;20;Acidente sem Vítima;474,5;BR-040/MG;Sul;Choque com objeto fixo;0;0;1;0;0;0;0;0;0;0;1;0;0;0;0
08/09/2015;08:21:00;98;Acidente sem Vítima;511,3;BR-040/MG;Norte;Colisão traseira;2;0;0;0;0;0;0;0;0;0;2;0;0;0;0
08/09/2015;08:26:00;100;Acidente sem Vítima;519,9;BR-040/MG;Norte;Capotamento;1;0;0;0;0;0;0;0;0;0;2;0;0;0;0
08/09/2015;13:59:00;242;Acidente com Vítima;526,071;BR-040/MG;Sul;Outros;0;0;0;1;0;0;0;0;0;0;0;2;0;0;0
08/09/2015;08:24:00;99;Acidente com Vítima;526,4;BR-040/MG;Norte;Capotamento;1;0;0;0;0;0;0;0;0;0;1;1;0;0;0
08/09/2015;04:45:00;37;Acidente sem Vítima;530,7;BR-040/MG;Sul;Colisão traseira;0;0;2;0;0;0;0;0;0;0;2;0;0;0;0
08/09/2015;04:29:00;35;Acidente sem Vítima;530,9;BR-040/MG;Sul;Capotamento;1;0;0;0;0;0;0;0;0;0;2;0;0;0;0
08/09/2015;00:38:00;7;Acidente sem Vítima;533,5;BR-040/MG;Sul;Choque em barreira New Jersey;1;0;0;0;0;0;0;0;0;0;1;0;0;0;0
08/09/2015;03:37:00;28;Acidente sem Vítima;544,6;BR-040/MG;Sul;Choque com objeto fixo;1;0;0;0;0;0;0;0;0;0;1;0;0;0;0
08/09/2015;10:47:00;167;Acidente com Vítima;560,2;BR-040/MG;Sul;Colisão traseira;1;0;1;0;0;0;0;0;0;0;1;0;1;0;0
08/09/2015;09:02:00;120;Acidente sem Vítima;562,1;BR-040/MG;Sul;Capotamento;1;0;0;0;0;0;0;0;0;0;1;0;0;0;0
08/09/2015;04:25:00;34;Acidente sem Vítima;578,1;BR-040/MG;Norte;Choque em defensa;1;0;0;0;0;0;0;0;0;0;1;0;0;0;0
08/09/2015;02:40:00;24;Acidente sem Vítima;590,1;BR-040/MG;Norte;Outros;0;0;1;0;0;0;0;0;0;0;1;0;0;0;0
08/09/2015;07:28:00;75;Acidente sem Vítima;718,1;BR-040/MG;Sul;Choque com objeto fixo;1;0;0;0;0;0;0;0;0;0;1;0;0;0;0
08/09/2015;07:35:00;78;Acidente com Vítima;730,033;BR-040/MG;Sul;Outros;1;0;0;0;0;0;0;0;0;0;0;1;0;0;0
09/09/2015;09:24:00;137;Acidente sem Vítima;0,1;BR-040/DF;Sul;Colisão traseira;3;0;0;0;0;0;0;0;0;0;3;0;0;0;0
09/09/2015;09:11:00;130;Acidente sem Vítima;7,5;BR-040/GO;Sul;Queda de Carga;0;0;1;0;0;0;0;0;0;0;1;0;0;0;0
09/09/2015;09:15:00;134;Acidente sem Vítima;25,6;BR-040/GO;Norte;Queda de Carga;0;0;0;0;0;0;0;0;0;1;1;0;0;0;0
09/09/2015;20:35:00;380;Acidente com Vítima;142,6;BR-040/MG;Sul;Outros;1;0;0;0;0;0;0;0;0;0;0;1;0;0;0
09/09/2015;10:47:00;167;Acidente sem Vítima;444,4;BR-040/MG;Sul;Choque em defensa;1;0;0;0;0;0;0;0;0;0;1;0;0;0;0
09/09/2015;20:13:00;368;Acidente sem Vítima;510,5;BR-040/MG;Norte;Colisão traseira;1;0;0;0;0;0;0;0;0;1;3;0;0;0;0
09/09/2015;06:15:00;51;Acidente sem Vítima;511,8;BR-040/MG;Sul;Colisão traseira;1;0;0;1;0;0;0;0;0;0;2;0;0;0;0