data;horario;n_da_ocorrencia;tipo_de_ocorrencia;km;trecho;sentido;tipo_de_acidente;automovel;bicicleta;caminhao;moto;onibus;outros;tracao_animal;transporte_de_cargas_especiais;trator_maquinas;utilitarios;ilesos;levemente_feridos;moderadamente_feridos;gravemente_feridos;mortos
13/10/2015;18:42:00;325;Atropelamento sem Morte;275,4;BR-040/MG;Norte;Atropelamento - Pedestre atravessando;0;0;0;1;0;0;0;0;0;0;1;1;0;0;0
13/10/2015;00:01:00;1;Acidente sem Vítima;428,7;BR-040/MG;Norte;Atropelamento - Animal;1;0;0;0;0;0;0;0;0;0;1;0;0;0;0
13/10/2015;13:18:00;193;Acidente com Vítima;508,01;BR-040/MG;Sul;Colisão traseira;3;0;0;0;0;0;0;0;0;0;2;1;0;0;0
13/10/2015;18:43:00;326;Atropelamento sem Morte;530,6;BR-040/MG;Norte;Atropelamento - Pedestre atravessando;0;0;0;1;0;0;0;0;0;0;0;1;1;0;0
13/10/2015;08:11:00;71;Acidente sem Vítima;532,45;BR-040/MG;Sul;Colisão traseira;2;0;0;0;0;0;0;0;0;0;2;0;0;0;0
13/10/2015;18:15:00;308;Acidente com Vítima;534,55;BR-040/MG;Norte;Colisão traseira;1;0;0;1;0;0;0;0;0;0;2;0;1;0;0
13/10/2015;19:01:00;332;Atropelamento sem Morte;534,7;BR-040/MG;Sul;Atropelamento - Pedestre atravessando;0;0;0;1;0;0;0;0;0;0;0;2;1;0;0
13/10/2015;14:39:00;223;Acidente sem Vítima;543,2;BR-040/MG;Sul;Abalroamento - Longitudinal;3;0;0;0;0;0;0;0;0;0;3;0;0;0;0
13/10/2015;05:46:00;28;Acidente sem Vítima;700,5;BR-040/MG;Sul;Colisão traseira;2;0;0;0;0;0;0;0;0;0;2;0;0;0;0
13/10/2015;05:24:00;25;Acidente sem Vítima;700,5;BR-040/MG;Sul;Colisão traseira;0;0;1;0;1;0;0;0;0;0;2;0;0;0;0
13/10/2015;20:30:00;366;Atropelamento com Morte;701,3;BR-040/MG;Sul;Atropelamento - Pedestre atravessando;1;0;0;0;0;0;0;0;0;0;5;0;0;0;1
14/10/2015;22:32:00;385;Acidente sem Vítima;2,1;BR-040/GO;Norte;Abalroamento - Longitudinal;0;0;0;2;0;0;0;0;0;0;2;0;0;0;0
14/10/2015;23:26:00;397;Acidente com Vítima;5,5;BR-040/GO;Norte;Abalroamento - Longitudinal;1;0;1;0;0;0;0;0;0;0;2;1;0;0;0
14/10/2015;17:23:00;293;Acidente sem Vítima;123,001;BR-040/MG;Norte;Colisão traseira;1;0;1;0;0;0;0;0;0;0;5;0;0;0;0
14/10/2015;19:02:00;324;Acidente com Vítima;142,3;BR-040/MG;Sul;Abalroamento - Longitudinal;0;0;1;2;0;0;0;0;0;0;3;3;0;0;0
14/10/2015;19:36:00;341;Acidente sem Vítima;234,403;BR-040/MG;Sul;Queda de Carga;0;0;1;0;0;0;0;0;0;0;1;0;0;0;0
14/10/2015;04:18:00;28;Acidente com Vítima;332,1;BR-040/MG;Sul;Queda de Carga;0;0;0;0;1;0;0;0;0;0;0;0;1;0;0
14/10/2015;13:09:00;198;Acidente com Vítima;521,08;BR-040/MG;Norte;Capotamento;1;0;1;0;0;0;0;0;0;0;1;1;0;0;0
14/10/2015;06:45:00;52;Acidente sem Vítima;524,2;BR-040/MG;Norte;Colisão traseira;3;0;0;0;0;0;0;0;0;0;3;0;0;0;0
14/10/2015;10:15:00;152;Acidente sem Vítima;529,5;BR-040/MG;Sul;Colisão traseira;2;0;0;0;0;0;0;0;0;0;2;0;0;0;0
14/10/2015;11:48:00;178;Acidente sem Vítima;530,1;BR-040/MG;Sul;Colisão traseira;3;0;0;1;0;0;0;0;0;0;4;0;0;0;0
14/10/2015;11:26:00;171;Acidente sem Vítima;555,3;BR-040/MG;Sul;Abalroamento - Longitudinal;1;0;0;0;0;1;0;0;0;0;2;0;0;0;0
14/10/2015;23:27:00;398;Acidente sem Vítima;651,245;BR-040/MG;Norte;Atropelamento - Animal;0;0;1;0;0;0;0;0;0;0;1;0;0;0;0
14/10/2015;03:33:00;25;Acidente sem Vítima;68,4;BR-040/GO;Sul;Atropelamento - Animal;1;0;0;0;0;0;0;0;0;0;2;0;0;0;0
14/10/2015;16:58:00;287;Atropelamento sem Morte;714,9;BR-040/MG;Sul;Atropelamento - Pedestre atravessando;1;0;0;0;0;0;0;0;0;0;1;0;0;1;0
14/10/2015;00:27:00;6;Acidente sem Vítima;718,25;BR-040/MG;Sul;Choque em barreira New Jersey;1;0;0;0;0;0;0;0;0;0;1;0;0;0;0
14/10/2015;09:46:00;138;Acidente sem Vítima;740,1;BR-040/MG;Norte;Queda de Carga;0;0;1;0;0;0;0;0;0;0;1;0;0;0;0
15/10/2015;19:42:00;353;Acidente com Vítima;1;BR-040/GO;Norte;Colisão traseira;3;0;0;0;0;0;0;0;0;0;4;1;0;0;0
15/10/2015;19:00:00;330;Acidente com Vítima;4,95;BR-040/GO;Norte;Colisão traseira;2;0;0;0;0;0;0;0;0;0;2;1;0;0;0
15/10/2015;18:38:00;320;Acidente sem Vítima;7;BR-040/GO;Norte;Abalroamento - Longitudinal;1;0;0;0;0;0;0;0;0;1;3;0;0;0;0
15/10/2015;08:16:00;108;Acidente com Vítima;13,02;BR-040/GO;Norte;Colisão traseira;1;0;0;1;0;0;0;0;0;0;2;1;0;0;0
15/10/2015;07:40:00;92;Acidente com Vítima;50,5;BR-040/MG;Sul;Outros;0;0;0;1;0;0;0;0;0;0;0;1;0;0;0
15/10/2015;15:12:00;247;Acidente sem Vítima;452,19;BR-040/MG;Sul;Outros;0;0;0;1;0;0;0;0;0;0;2;0;0;0;0
15/10/2015;17:39:00;308;Acidente com Vítima;494,086;BR-040/MG;Norte;Queda de Carga;1;0;0;0;0;0;0;0;0;0;0;0;1;0;0
15/10/2015;17:25:00;301;Acidente sem Vítima;509,01;BR-040/MG;Sul;Colisão traseira;1;0;1;0;0;0;0;0;0;0;2;0;0;0;0
15/10/2015;16:40:00;283;Acidente com Vítima;517,9;BR-040/MG;Norte;Abalroamento - Longitudinal;2;0;0;1;0;0;0;0;0;0;3;1;2;0;0
15/10/2015;09:38:00;143;Acidente com Vítima;524,79;BR-040/MG;Norte;Colisão traseira;1;0;2;0;0;0;0;0;0;0;2;1;0;0;0
15/10/2015;14:43:00;237;Atropelamento sem Morte;526,8;BR-040/MG;Norte;Atropelamento - Pedestre atravessando;1;0;0;0;0;0;0;0;0;0;1;0;1;0;0
15/10/2015;21:07:00;383;Acidente sem Vítima;533,6;BR-040/MG;Norte;Abalroamento - Longitudinal;1;0;1;0;0;0;0;0;0;0;2;0;0;0;0
15/10/2015;07:33:00;90;Acidente com Vítima;535,415;BR-040/MG;Norte;Colisão traseira;2;0;0;0;0;0;0;0;0;0;2;1;0;0;0
15/10/2015;09:50:00;151;Acidente sem Vítima;611,1;BR-040/MG;Sul;Colisão traseira;1;0;1;0;0;0;0;0;0;0;2;0;0;0;0
15/10/2015;03:37:00;30;Acidente sem Vítima;97,5;BR-040/GO;Norte;Atropelamento - Animal;1;0;0;0;0;0;0;0;0;0;2;0;0;0;0
15/10/2015;11:54:00;184;Acidente com Vítima;747,5;BR-040/MG;Sul;Outros;0;0;0;1;0;0;0;0;0;0;0;1;0;0;0
16/10/2015;17:44:00;296;Acidente sem Vítima;0,3;BR-040/DF;Norte;Choque com objeto fixo;0;0;1;0;0;0;0;0;0;0;1;0;0;0;0
16/10/2015;18:52:00;317;Atropelamento sem Morte;21,3;BR-040/GO;Sul;Atropelamento - Pedestre atravessando;2;0;0;0;0;0;0;0;0;0;4;0;0;1;0
16/10/2015;00:04:00;1;Acidente sem Vítima;514,66;BR-040/MG;Norte;Choque com objeto fixo;0;0;1;0;0;0;0;0;0;0;1;0;0;0;0
16/10/2015;09:11:00;118;Acidente sem Vítima;532,1;BR-040/MG;Sul;Colisão traseira;2;0;0;0;0;0;0;0;0;0;2;0;0;0;0
16/10/2015;08:27:00;99;Acidente com Vítima;534,01;BR-040/MG;Sul;Abalroamento - Longitudinal;1;0;0;1;0;0;0;0;0;0;1;1;0;0;0
16/10/2015;17:49:00;298;Acidente sem Vítima;538,5;BR-040/MG;Norte;Colisão traseira;3;0;0;0;0;0;0;0;0;0;4;0;0;0;0
16/10/2015;09:57:00;137;Acidente sem Vítima;541,1;BR-040/MG;Sul;Colisão traseira;1;0;2;0;0;0;0;0;0;0;3;0;0;0;0
16/10/2015;17:31:00;288;Acidente com Vítima;541,3;BR-040/MG;Sul;Outros;0;0;0;0;0;0;0;0;0;0;0;0;1;0;0
16/10/2015;07:36:00;78;Acidente sem Vítima;541,5;BR-040/MG;Sul;Colisão traseira;2;0;0;1;0;0;0;0;0;0;3;0;0;0;0
16/10/2015;06:49:00;54;Acidente sem Vítima;575,28;BR-040/MG;Norte;Colisão traseira;0;0;2;0;0;0;0;0;0;0;2;0;0;0;0
16/10/2015;19:20:00;329;Acidente sem Vítima;597,1;BR-040/MG;Norte;Abalroamento - Longitudinal;1;0;1;0;0;0;0;0;0;0;8;0;0;0;0
16/10/2015;05:36:00;32;Acidente com Vítima;611;BR-040/MG;Norte;Capotamento;1;0;0;0;0;0;0;0;0;0;0;1;0;0;0
16/10/2015;12:51:00;190;Acidente com Vítima;614,5;BR-040/MG;Sul;Capotamento;1;0;0;0;0;0;0;0;0;0;0;1;0;0;0
16/10/2015;01:57:00;20;Acidente sem Vítima;668,28;BR-040/MG;Norte;Queda de Carga;0;0;1;0;0;0;0;0;0;0;1;0;0;0;0
16/10/2015;23:50:00;399;Acidente com Vítima;700,1;BR-040/MG;Sul;Outros;0;0;0;1;0;0;0;0;0;0;0;0;0;0;0
17/10/2015;09:03:00;123;Acidente sem Vítima;1,2;BR-040/GO;Norte;Abalroamento - Transversal;2;0;0;0;0;0;0;0;0;0;2;0;0;0;0
17/10/2015;12:26:00;189;Acidente sem Vítima;1,4;BR-040/GO;Norte;Colisão traseira;3;0;0;0;0;0;0;0;0;0;4;0;0;0;0
17/10/2015;01:49:00;19;Acidente com Vítima;1,9;BR-040/DF;Norte;Capotamento;1;0;0;0;0;0;0;0;0;0;0;0;1;0;0
17/10/2015;06:09:00;66;Acidente com Vítima;3,2;BR-040/GO;Sul;Capotamento;1;0;0;0;0;0;0;0;0;0;0;1;0;0;0
17/10/2015;22:51:00;378;Acidente com Morte;10,07;BR-040/GO;Sul;Outros;0;0;0;1;0;1;0;0;0;0;0;0;0;0;1
17/10/2015;15:54:00;252;Acidente sem Vítima;520,5;BR-040/MG;Norte;Outros;0;0;0;1;0;0;0;0;0;0;2;0;0;0;0
17/10/2015;16:25:00;265;Acidente sem Vítima;522,1;BR-040/MG;Sul;Outros;0;0;0;1;0;0;0;0;0;0;1;0;0;0;0
17/10/2015;21:58:00;359;Acidente com Vítima;534,5;BR-040/MG;Sul;Abalroamento - Longitudinal;1;0;0;1;0;0;0;0;0;0;1;0;1;0;0
17/10/2015;02:42:00;31;Acidente sem Vítima;534,7;BR-040/MG;Norte;Abalroamento - Longitudinal;3;0;0;0;0;0;0;0;0;0;4;0;0;0;0
17/10/2015;23:56:00;385;Acidente sem Vítima;570,05;BR-040/MG;Sul;Colisão traseira;2;0;0;0;0;0;0;0;0;0;5;0;0;0;0
17/10/2015;09:06:00;126;Acidente com Vítima;586,08;BR-040/MG;Sul;Abalroamento - Longitudinal;1;0;1;0;0;0;0;0;0;0;1;1;0;0;0
17/10/2015;10:29:00;152;Acidente sem Vítima;591,1;BR-040/MG;Norte;Capotamento;1;0;0;0;0;0;0;0;0;0;2;0;0;0;0
17/10/2015;11:14:00;168;Acidente com Vítima;7,3;BR-040/DF;Sul;Outros;0;0;0;1;0;0;0;0;0;0;1;1;0;0;0
17/10/2015;09:49:00;143;Acidente com Vítima;700,3;BR-040/MG;Sul;Capotamento;1;0;0;0;0;0;0;0;0;0;0;2;0;0;0
17/10/2015;19:21:00;313;Acidente sem Vítima;700,8;BR-040/MG;Norte;Capotamento;1;0;0;0;0;0;0;0;0;0;1;0;0;0;0
18/10/2015;04:15:00;29;Acidente sem Vítima;0;Fora_Rota;Sul;Outros;1;0;0;0;0;0;0;0;0;0;1;0;0;0;0
18/10/2015;22:51:00;300;Acidente sem Vítima;0,1;BR-040/DF;Sul;Abalroamento - Longitudinal;1;0;0;1;0;0;0;0;0;0;3;0;0;0;0
18/10/2015;16:32:00;194;Acidente com Vítima;3,2;BR-040/DF;Norte;Abalroamento - Longitudinal;2;0;0;0;0;0;0;0;0;0;1;3;0;0;0
18/10/2015;02:36:00;17;Atropelamento com Morte;12,2;BR-040/GO;Norte;Atropelamento - Pedestre atravessando;0;0;0;0;0;0;0;0;0;0;0;0;0;0;1
18/10/2015;03:49:00;24;Acidente com Vítima;42,9;BR-040/MG;Sul;Outros;1;0;0;0;0;0;0;0;0;0;2;2;0;0;0
18/10/2015;22:24:00;292;Acidente sem Vítima;122,5;BR-040/MG;Norte;Choque com objeto fixo;2;0;0;0;0;0;0;0;0;0;4;0;0;0;0
18/10/2015;21:29:00;280;Acidente sem Vítima;310,2;BR-040/MG;Sul;Colisão traseira;0;0;2;0;0;0;0;0;0;0;2;0;0;0;0
18/10/2015;23:23:00;305;Acidente sem Vítima;510;BR-040/MG;Norte;Colisão traseira;2;0;0;0;0;0;0;0;0;0;2;0;0;0;0
18/10/2015;02:13:00;13;Acidente sem Vítima;522,5;BR-040/MG;Norte;Choque com objeto fixo;1;0;0;0;0;0;0;0;0;0;5;0;0;0;0
18/10/2015;01:57:00;10;Acidente com Vítima;538,2;BR-040/MG;Norte;Outros;0;0;0;1;0;0;0;0;0;0;0;2;0;0;0
18/10/2015;18:09:00;209;Acidente com Vítima;658,38;BR-040/MG;Sul;Outros;1;0;0;1;0;0;0;0;0;0;1;0;0;1;0
18/10/2015;05:22:00;37;Acidente com Morte;661,1;BR-040/MG;Norte;Capotamento;1;0;0;0;0;0;0;0;0;0;1;1;0;0;1
18/10/2015;13:54:00;151;Acidente sem Vítima;712,1;BR-040/MG;Norte;Abalroamento - Longitudinal;2;0;0;0;0;0;0;0;0;0;2;0;0;0;0
19/10/2015;18:49:00;356;Acidente com Vítima;0,811;BR-040/DF;Sul;Abalroamento - Longitudinal;1;0;0;1;0;0;0;0;0;0;1;0;1;0;0
19/10/2015;17:20:00;320;Acidente com Vítima;14,127;BR-040/MG;Norte;Outros;0;0;0;1;0;0;0;0;0;0;0;0;1;0;0
19/10/2015;14:59:00;281;Acidente sem Vítima;180,001;BR-040/MG;Sul;Queda de Carga;0;0;1;0;0;0;0;0;0;0;1;0;0;0;0
19/10/2015;13:35:00;253;Acidente com Vítima;419,5;BR-040/MG;Sul;Choque com objeto fixo;1;0;0;0;0;0;0;0;0;0;0;0;0;1;0
19/10/2015;17:52:00;335;Acidente com Vítima;466,7;BR-040/MG;Norte;Capotamento;1;0;0;0;0;0;0;0;0;0;2;2;0;0;0
19/10/2015;15:08:00;284;Acidente com Vítima;473,9;BR-040/MG;Norte;Choque com objeto fixo;1;0;0;0;0;0;0;0;0;0;0;4;1;0;0
19/10/2015;07:01:00;83;Acidente sem Vítima;524,2;BR-040/MG;Sul;Colisão traseira;2;0;0;0;0;0;0;0;0;0;2;0;0;0;0
19/10/2015;07:58:00;111;Atropelamento sem Morte;532,746;BR-040/MG;Sul;Atropelamento - Pedestre atravessando;0;0;0;1;0;0;0;0;0;0;0;0;1;1;0
19/10/2015;06:25:00;75;Acidente sem Vítima;535,5;BR-040/MG;Norte;Queda de Carga;0;0;1;0;0;0;0;0;0;0;1;0;0;0;0
19/10/2015;07:13:00;87;Acidente com Vítima;538,5;BR-040/MG;Norte;Outros;0;0;0;1;0;0;0;0;0;0;0;1;0;0;0
19/10/2015;01:22:00;17;Acidente com Vítima;717,86;BR-040/MG;Sul;Capotamento;1;0;0;0;0;0;0;0;0;0;0;1;0;0;0
19/10/2015;07:20:00;92;Acidente sem Vítima;724,15;BR-040/MG;Norte;Outros;0;0;0;1;0;0;0;0;0;0;2;0;0;0;0
19/10/2015;08:02:00;113;Acidente com Vítima;727,6;BR-040/MG;Sul;Capotamento;1;0;0;0;0;0;0;0;0;0;2;2;0;0;0
19/10/2015;01:26:00;19;Acidente sem Vítima;750,2;BR-040/MG;Norte;Choque em barreira New Jersey;1;0;0;0;0;0;0;0;0;0;3;0;0;0;0
20/10/2015;23:59:00;363;Acidente sem Vítima;1,5;BR-040/GO;Norte;Outros;0;0;0;1;0;0;0;0;0;0;1;0;0;0;0
20/10/2015;22:01:00;336;Atropelamento sem Morte;10,05;BR-040/GO;Norte;Atropelamento - Pedestre caminhando;1;0;0;0;0;0;0;0;0;0;2;0;1;0;0
20/10/2015;23:50:00;362;Acidente com Vítima;12,6;BR-040/GO;Sul;Abalroamento - Longitudinal;1;0;0;1;0;0;0;0;0;0;1;1;0;0;0
20/10/2015;22:10:00;340;Acidente sem Vítima;126,3;BR-040/MG;Norte;Atropelamento - Animal;1;0;0;0;0;0;0;0;0;0;3;0;0;0;0
20/10/2015;18:13:00;271;Acidente sem Vítima;128,2;BR-040/MG;Norte;Abalroamento - Transversal;2;0;0;0;0;0;0;0;0;0;4;0;0;0;0
20/10/2015;10:22:00;143;Acidente com Vítima;478,001;BR-040/MG;Norte;Capotamento;1;0;0;0;0;0;0;0;0;0;1;1;0;0;0
20/10/2015;21:37:00;329;Acidente sem Vítima;485,4;BR-040/MG;Norte;Capotamento;1;0;0;0;0;0;0;0;0;0;1;0;0;0;0
20/10/2015;20:07:00;306;Acidente com Vítima;508,4;BR-040/MG;Norte;Atropelamento - Animal;0;0;0;1;0;0;0;0;0;0;0;2;0;0;0
20/10/2015;20:13:00;310;Atropelamento sem Morte;675,9;BR-040/MG;Norte;Atropelamento - Pedestre atravessando;1;0;0;0;0;0;0;0;0;0;1;0;1;0;0
20/10/2015;09:30:00;119;Acidente sem Vítima;715,02;BR-040/MG;Norte;Capotamento;2;0;0;0;0;0;0;0;0;0;2;0;0;0;0
20/10/2015;07:53:00;82;Acidente sem Vítima;727,5;BR-040/MG;Sul;Outros;1;0;0;0;0;0;0;0;0;0;1;0;0;0;0
20/10/2015;01:53:00;21;Acidente sem Vítima;737,6;BR-040/MG;Norte;Choque em defensa;0;0;1;0;0;0;0;0;0;0;1;0;0;0;0
20/10/2015;17:28:00;252;Acidente sem Vítima;760,45;BR-040/MG;Norte;Abalroamento - Longitudinal;1;0;0;1;0;0;0;0;0;0;16;0;0;0;0
21/10/2015;20:52:00;329;Acidente sem Vítima;1,3;BR-040/GO;Sul;Colisão traseira;3;0;0;0;0;0;0;0;0;0;3;0;0;0;0
21/10/2015;00:07:00;3;Acidente sem Vítima;1,3;BR-040/GO;Norte;Capotamento;1;0;0;0;0;0;0;0;0;0;1;0;0;0;0
21/10/2015;17:09:00;236;Acidente sem Vítima;2,3;BR-040/GO;Norte;Abalroamento - Longitudinal;2;0;0;0;0;0;0;0;0;0;2;0;0;0;0
21/10/2015;15:55:00;213;Acidente sem Vítima;6,3;BR-040/GO;Sul;Abalroamento - Transversal;1;0;1;0;0;0;0;0;0;0;2;0;0;0;0
21/10/2015;16:34:00;226;Acidente sem Vítima;6,8;BR-040/GO;Norte;Colisão traseira;1;0;1;0;0;0;0;0;0;0;2;0;0;0;0
21/10/2015;19:59:00;305;Acidente com Vítima;18,15;BR-040/GO;Sul;Colisão frontal;2;0;0;0;0;0;0;0;0;0;4;2;1;0;0
21/10/2015;13:57:00;191;Acidente sem Vítima;95,5;BR-040/MG;Sul;Abalroamento - Longitudinal;2;0;0;0;0;0;0;0;0;0;2;0;0;0;0
21/10/2015;11:07:00;145;Acidente sem Vítima;527,2;BR-040/MG;Norte;Colisão traseira;1;0;1;0;0;0;0;0;0;0;2;0;0;0;0
21/10/2015;19:02:00;279;Acidente sem Vítima;533,2;BR-040/MG;Norte;Abalroamento - Longitudinal;1;0;1;0;0;0;0;0;0;0;2;0;0;0;0
21/10/2015;23:02:00;361;Acidente sem Vítima;544,4;BR-040/MG;Norte;Colisão traseira;1;0;1;0;0;0;0;0;0;0;2;0;0;0;0
21/10/2015;09:54:00;118;Acidente com Vítima;580,7;BR-040/MG;Norte;Abalroamento - Longitudinal;2;0;0;0;0;0;0;0;0;0;2;1;1;0;0
21/10/2015;12:08:00;159;Acidente sem Vítima;612,5;BR-040/MG;Sul;Abalroamento - Longitudinal;1;0;1;0;0;0;0;0;0;0;3;0;0;0;0
21/10/2015;00:28:00;7;Acidente com Vítima;708,3;BR-040/MG;Sul;Colisão traseira;0;0;1;1;0;0;0;0;0;0;1;0;0;1;0
21/10/2015;08:01:00;85;Acidente sem Vítima;716,01;BR-040/MG;Sul;Queda de Carga;0;0;1;0;0;0;0;0;0;0;1;0;0;0;0
22/10/2015;11:10:00;142;Atropelamento sem Morte;0;Fora_Rota;Sul;Atropelamento - Pedestre caminhando;0;0;0;0;0;0;0;0;0;0;0;0;0;1;0
22/10/2015;08:39:00;91;Acidente com Vítima;0,9;BR-040/GO;Norte;Colisão traseira;1;0;0;1;0;0;0;0;0;0;2;1;0;0;0
22/10/2015;00:38:00;4;Acidente sem Vítima;3,5;BR-040/GO;Norte;Choque com objeto fixo;1;0;0;0;0;0;0;0;0;0;1;0;0;0;0
22/10/2015;10:57:00;138;Acidente com Vítima;7,5;BR-040/GO;Sul;Capotamento;1;0;0;0;0;0;0;0;0;0;1;1;0;0;0
22/10/2015;20:08:00;336;Acidente sem Vítima;9,3;BR-040/GO;Norte;Colisão traseira;2;0;0;0;0;0;0;0;0;0;2;0;0;0;0
22/10/2015;16:40:00;264;Acidente sem Vítima;100,28;BR-040/MG;Norte;Queda de Carga;0;0;1;0;0;0;0;0;0;0;1;0;0;0;0
22/10/2015;16:19:00;255;Acidente sem Vítima;463,003;BR-040/MG;Norte;Queda de Carga;1;0;0;0;0;0;0;0;0;0;1;0;0;0;0
22/10/2015;23:29:00;399;Acidente sem Vítima;464;BR-040/MG;Sul;Choque com objeto fixo;1;0;0;0;0;0;0;0;0;0;1;0;0;0;0
22/10/2015;19:33:00;329;Acidente sem Vítima;487,1;BR-040/MG;Norte;Colisão traseira;2;0;0;0;0;0;0;0;0;0;2;0;0;0;0
22/10/2015;15:41:00;241;Acidente sem Vítima;500,9;BR-040/MG;Norte;Abalroamento - Longitudinal;0;0;3;0;0;0;0;0;0;0;3;0;0;0;0
22/10/2015;16:11:00;252;Acidente com Vítima;509,004;BR-040/MG;Sul;Colisão traseira;1;0;0;1;0;0;0;0;0;0;1;1;0;0;0
22/10/2015;15:30:00;236;Acidente sem Vítima;509,01;BR-040/MG;Sul;Queda de Carga;1;0;1;0;0;0;0;0;0;0;2;0;0;0;0
22/10/2015;08:55:00;97;Acidente com Vítima;524;BR-040/MG;Sul;Outros;1;0;0;1;0;0;0;0;0;0;0;1;0;0;0
22/10/2015;15:31:00;237;Acidente sem Vítima;527,001;BR-040/MG;Norte;Capotamento;1;0;0;0;0;0;0;0;0;0;1;0;0;0;0
22/10/2015;11:38:00;153;Acidente sem Vítima;544,01;BR-040/MG;Norte;Abalroamento - Longitudinal;2;0;0;0;0;0;0;0;0;0;2;0;0;0;0
22/10/2015;13:15:00;188;Acidente sem Vítima;618,5;BR-040/MG;Sul;Colisão traseira;2;0;0;0;0;0;0;0;0;0;2;0;0;0;0
22/10/2015;17:44:00;288;Acidente com Vítima;635,07;BR-040/MG;Sul;Choque com objeto fixo;1;0;0;0;0;0;0;0;0;0;1;0;2;0;0
22/10/2015;14:29:00;215;Acidente sem Vítima;682;BR-040/MG;Norte;Colisão traseira;1;0;1;0;0;0;0;0;0;0;2;0;0;0;0
22/10/2015;18:33:00;309;Acidente com Vítima;692,03;BR-040/MG;Norte;Colisão traseira;0;0;1;0;0;0;0;0;0;1;1;3;0;0;0
22/10/2015;18:08:00;299;Acidente sem Vítima;705,8;BR-040/MG;Norte;Choque com objeto fixo;1;0;0;0;0;0;0;0;0;0;1;0;0;0;0
22/10/2015;19:04:00;317;Acidente sem Vítima;730,05;BR-040/MG;Norte;Choque em barreira New Jersey;1;0;0;0;0;0;0;0;0;0;1;0;0;0;0
22/10/2015;17:51:00;292;Acidente sem Vítima;762,5;BR-040/MG;Sul;Outros;0;0;0;0;0;0;0;0;0;0;0;0;0;0;0
23/10/2015;12:59:00;182;Acidente sem Vítima;5;BR-040/GO;Sul;Colisão traseira;2;0;0;0;0;0;0;0;0;0;2;0;0;0;0
23/10/2015;16:31:00;249;Acidente com Vítima;43,5;BR-040/MG;Norte;Abalroamento - Transversal;0;0;1;1;0;0;0;0;0;0;2;1;0;0;0
23/10/2015;06:20:00;54;Acidente sem Vítima;25,5;BR-040/GO;Sul;Capotamento;1;0;0;0;0;0;0;0;0;0;1;0;0;0;0
23/10/2015;08:11:00;99;Acidente sem Vítima;138,5;BR-040/MG;Norte;Queda de Carga;0;0;1;0;0;0;0;0;0;0;1;0;0;0;0
23/10/2015;07:50:00;222;Acidente sem Vítima;299,1;BR-040/MG;Norte;Abalroamento - Longitudinal;1;0;0;0;0;0;0;0;0;1;4;0;0;0;0
23/10/2015;07:34:00;166;Acidente com Vítima;299,1;BR-040/MG;Norte;Capotamento;1;0;0;0;0;0;0;0;0;0;0;1;0;0;0
23/10/2015;17:09:00;265;Acidente sem Vítima;510,001;BR-040/MG;Norte;Colisão traseira;2;0;1;0;0;0;0;0;0;0;3;0;0;0;0
23/10/2015;13:52:00;202;Acidente com Vítima;528,001;BR-040/MG;Sul;Outros;0;0;0;1;0;0;0;0;0;0;0;1;0;0;0
23/10/2015;00:33:00;8;Acidente sem Vítima;530,61;BR-040/MG;Sul;Queda de Carga;1;0;0;0;0;0;0;0;0;0;3;0;0;0;0
23/10/2015;04:51:00;42;Acidente sem Vítima;533,774;BR-040/MG;Sul;Colisão traseira;2;0;0;0;0;0;0;0;0;0;2;0;0;0;0
23/10/2015;08:07:00;95;Acidente sem Vítima;541,08;BR-040/MG;Norte;Colisão traseira;1;0;0;0;0;1;0;0;0;0;2;0;0;0;0
23/10/2015;01:45:00;17;Acidente com Vítima;543,4;BR-040/MG;Sul;Choque em defensa;1;0;0;0;0;0;0;0;0;0;0;1;0;0;0
23/10/2015;16:17:00;246;Acidente com Vítima;545;BR-040/MG;Norte;Colisão traseira;4;0;1;0;0;0;0;0;0;0;5;2;0;0;0
23/10/2015;14:14:00;206;Acidente sem Vítima;639,7;BR-040/MG;Norte;Colisão traseira;1;0;1;0;0;0;0;0;0;0;2;0;0;0;0
23/10/2015;20:24:00;328;Acidente sem Vítima;136,6;BR-040/GO;Sul;Outros;1;0;0;0;0;0;0;0;0;0;2;0;0;0;0
24/10/2015;22:54:00;264;Acidente sem Vítima;0,3;BR-040/DF;Norte;Capotamento;1;0;0;0;0;0;0;0;0;0;1;0;0;0;0
24/10/2015;02:11:00;15;Acidente sem Vítima;1,2;BR-040/DF;Norte;Queda de Carga;0;0;1;0;0;0;0;0;0;0;1;0;0;0;0
24/10/2015;22:19:00;256;Acidente com Vítima;2,2;BR-040/GO;Norte;Colisão traseira;1;0;0;1;0;0;0;0;0;0;0;2;0;0;0
24/10/2015;16:20:00;159;Acidente com Vítima;2,9;BR-040/GO;Norte;Abalroamento - Transversal;2;0;0;0;0;0;0;0;0;0;4;3;2;0;0
24/10/2015;01:03:00;11;Acidente com Vítima;159,1;BR-040/MG;Norte;Outros;0;0;0;1;0;0;0;0;0;0;0;1;0;0;0
24/10/2015;04:37:00;30;Acidente sem Vítima;282,58;BR-040/MG;Sul;Abalroamento - Transversal;1;0;1;0;0;0;0;0;0;0;3;0;0;0;0