data;horario;n_da_ocorrencia;tipo_de_ocorrencia;km;trecho;sentido;tipo_de_acidente;automovel;bicicleta;caminhao;moto;onibus;outros;tracao_animal;transporte_de_cargas_especiais;trator_maquinas;utilitarios;ilesos;levemente_feridos;moderadamente_feridos;gravemente_feridos;mortos
05/11/2015;08:00:00;93;Acidente com Vítima;534,7;BR-040/MG;Sul;Abalroamento - Longitudinal;1;0;0;1;0;0;0;0;0;0;1;0;0;0;0
05/11/2015;14:50:00;235;Acidente com Vítima;68,5;BR-040/GO;Norte;Abalroamento - Longitudinal;2;0;0;0;0;0;0;0;0;0;2;0;2;0;0
06/11/2015;15:01:00;209;Acidente sem Vítima;0,3;BR-040/GO;Sul;Colisão traseira;2;0;0;0;0;0;0;0;0;0;2;0;0;0;0
06/11/2015;19:12:00;296;Acidente com Vítima;2,3;BR-040/GO;Norte;Abalroamento - Longitudinal;1;0;0;1;0;0;0;0;0;0;1;1;0;0;0
06/11/2015;06:08:00;57;Acidente com Vítima;6,7;BR-040/DF;Norte;Colisão frontal;3;0;0;0;0;0;0;0;0;0;1;2;0;1;0
06/11/2015;13:13:00;179;Acidente com Vítima;6,3;BR-040/GO;Norte;Colisão traseira;1;0;0;1;0;0;0;0;0;0;2;1;0;0;0
06/11/2015;11:10:00;146;Acidente com Vítima;6,45;BR-040/GO;Sul;Outros;0;0;0;1;0;0;0;0;0;0;1;1;0;0;0
06/11/2015;19:37:00;307;Acidente com Vítima;7,25;BR-040/GO;Sul;Abalroamento - Longitudinal;1;0;0;1;0;0;0;0;0;0;1;0;1;0;0
06/11/2015;07:00:00;77;Acidente sem Vítima;534,6;BR-040/MG;Sul;Colisão traseira;2;0;0;0;0;1;0;0;0;0;3;0;0;0;0
06/11/2015;17:58:00;265;Acidente sem Vítima;615,3;BR-040/MG;Sul;Colisão traseira;1;0;1;0;0;0;0;0;0;0;2;0;0;0;0
06/11/2015;08:20:00;107;Acidente com Vítima;8,1;BR-040/DF;Norte;Outros;0;0;0;1;0;0;0;0;0;0;0;1;0;0;0
07/11/2015;06:21:00;42;Acidente sem Vítima;0,15;BR-040/GO;Norte;Colisão traseira;2;0;0;0;0;0;0;0;0;0;2;0;0;0;0
07/11/2015;21:21:00;350;Acidente com Vítima;0,7;BR-040/GO;Sul;Outros;0;0;0;1;0;0;0;0;0;0;0;0;1;0;0
07/11/2015;00:18:00;2;Acidente sem Vítima;2,35;BR-040/GO;Norte;Abalroamento - Transversal;2;0;0;0;0;0;0;0;0;0;3;0;0;0;0
07/11/2015;21:51:00;361;Acidente com Vítima;4,039;BR-040/GO;Sul;Outros;0;0;0;1;0;0;0;0;0;0;0;0;2;0;0
07/11/2015;15:19:00;220;Acidente com Vítima;21,1;BR-040/GO;Sul;Abalroamento - Longitudinal;2;0;0;0;0;0;0;0;0;0;1;1;0;0;0
07/11/2015;19:57:00;321;Acidente com Vítima;31,304;BR-040/GO;Sul;Colisão traseira;2;0;0;0;0;0;0;0;0;0;2;0;0;0;0
07/11/2015;23:50:00;389;Acidente com Vítima;300,044;BR-040/MG;Sul;Outros;0;0;1;0;0;0;0;0;0;0;0;0;2;0;0
07/11/2015;10:19:00;127;Acidente com Vítima;449,1;BR-040/MG;Norte;Outros;0;0;0;1;0;0;0;0;0;0;0;2;0;0;0
07/11/2015;20:29:00;338;Atropelamento sem Morte;507,1;BR-040/MG;Norte;Atropelamento - Pedestre atravessando;1;0;0;0;0;0;0;0;0;0;1;1;1;0;0
07/11/2015;12:31:00;167;Acidente com Vítima;509,5;BR-040/MG;Norte;Abalroamento - Longitudinal;1;0;1;0;0;0;0;0;0;0;2;2;0;0;0
07/11/2015;23:44:00;386;Acidente sem Vítima;512,14;BR-040/MG;Norte;Capotamento;1;0;0;0;0;0;0;0;0;0;1;0;0;0;0
07/11/2015;16:11:00;237;Acidente sem Vítima;521,54;BR-040/MG;Norte;Atropelamento - Animal;1;0;0;0;0;0;0;0;0;0;2;0;0;0;0
07/11/2015;14:35:00;206;Acidente sem Vítima;539,75;BR-040/MG;Sul;Outros;0;0;0;1;0;0;0;0;0;0;2;0;0;0;0
07/11/2015;10:25:00;129;Acidente sem Vítima;567,365;BR-040/MG;Norte;Colisão traseira;2;0;0;0;0;0;0;0;0;0;6;0;0;0;0
07/11/2015;13:50:00;190;Acidente sem Vítima;575,002;BR-040/MG;Sul;Colisão traseira;1;0;1;0;0;0;0;0;0;0;2;0;0;0;0
07/11/2015;20:34:00;339;Acidente com Vítima;590,318;BR-040/MG;Norte;Colisão traseira;0;0;1;0;1;0;0;0;0;0;30;1;0;0;0
07/11/2015;01:56:00;17;Acidente com Vítima;613,6;BR-040/MG;Norte;Outros;0;0;0;1;0;0;0;0;0;0;0;1;0;0;0
07/11/2015;22:00:00;362;Acidente com Vítima;623,876;BR-040/MG;Sul;Outros;1;0;0;0;0;0;0;0;0;0;0;1;0;0;0
07/11/2015;22:50:00;374;Acidente sem Vítima;660,5;BR-040/MG;Norte;Colisão traseira;2;0;0;0;0;0;0;0;0;0;2;0;0;0;0
07/11/2015;05:42:00;37;Acidente com Vítima;95,9;BR-040/GO;Norte;Outros;1;0;0;0;0;0;0;0;0;0;0;1;0;0;0
07/11/2015;19:31:00;313;Acidente sem Vítima;662,8;BR-040/MG;Sul;Choque em defensa;1;0;0;0;0;0;0;0;0;0;1;0;0;0;0
07/11/2015;21:23:00;351;Acidente sem Vítima;737,651;BR-040/MG;Norte;Choque em defensa;0;0;1;0;0;0;0;0;0;0;1;0;0;0;0
07/11/2015;01:03:00;8;Acidente sem Vítima;138,5;BR-040/GO;Norte;Outros;1;0;0;0;0;0;0;0;0;0;2;0;0;0;0
08/11/2015;21:56:00;345;Acidente sem Vítima;0,5;BR-040/GO;Sul;Colisão traseira;2;0;0;0;0;0;0;0;0;0;2;0;0;0;0
08/11/2015;06:06:00;59;Acidente sem Vítima;7;BR-040/GO;Norte;Choque com objeto fixo;1;0;0;0;0;0;0;0;0;0;1;0;0;0;0
08/11/2015;20:10:00;323;Atropelamento sem Morte;7,3;BR-040/GO;Sul;Atropelamento - Ciclista;1;0;0;0;0;0;0;0;0;0;1;1;1;0;0
08/11/2015;05:10:00;51;Acidente com Morte;12,076;BR-040/GO;Sul;Abalroamento - Longitudinal;1;0;0;1;0;0;0;0;0;0;0;0;0;0;1
08/11/2015;10:22:00;141;Acidente com Morte;350,5;BR-040/MG;Sul;Outros;1;0;0;0;0;0;0;0;0;0;0;0;0;0;1
08/11/2015;16:13:00;250;Acidente sem Vítima;474,2;BR-040/MG;Sul;Colisão traseira;2;0;0;0;0;0;0;0;0;0;5;0;0;0;0
08/11/2015;19:53:00;312;Acidente sem Vítima;509,06;BR-040/MG;Sul;Colisão traseira;2;0;0;0;0;0;0;0;0;0;5;0;0;0;0
08/11/2015;04:25:00;45;Acidente com Vítima;527,01;BR-040/MG;Sul;Choque com objeto fixo;1;0;0;0;0;0;0;0;0;0;0;1;0;0;0
08/11/2015;22:22:00;350;Acidente sem Vítima;544,8;BR-040/MG;Norte;Choque em barreira New Jersey;1;0;0;0;0;0;0;0;0;0;1;0;0;0;0
08/11/2015;17:41:00;273;Acidente sem Vítima;560,131;BR-040/MG;Norte;Outros;0;0;0;1;0;0;0;0;0;0;2;0;0;0;0
08/11/2015;20:06:00;320;Acidente sem Vítima;667;BR-040/MG;Sul;Abalroamento - Transversal;1;0;1;0;0;0;0;0;0;0;2;0;0;0;0
08/11/2015;06:25:00;61;Acidente sem Vítima;686,001;BR-040/MG;Norte;Capotamento;1;0;0;0;0;0;0;0;0;0;1;0;0;0;0
08/11/2015;16:04:00;246;Acidente sem Vítima;700,001;BR-040/MG;Sul;Choque em barreira New Jersey;1;0;0;0;0;0;0;0;0;0;1;0;0;0;0
08/11/2015;23:11:00;360;Acidente sem Vítima;728;BR-040/MG;Sul;Choque com objeto fixo;1;0;0;0;0;0;0;0;0;0;1;0;0;0;0
09/11/2015;08:11:00;90;Acidente com Vítima;2,1;BR-040/DF;Norte;Colisão traseira;1;0;0;1;0;0;0;0;0;0;1;2;0;0;0
09/11/2015;18:15:00;241;Acidente sem Vítima;5,2;BR-040/GO;Sul;Colisão traseira;1;0;0;1;0;0;0;0;0;0;2;0;0;0;0
09/11/2015;16:25:00;208;Acidente sem Vítima;24,1;BR-040/GO;Sul;Colisão traseira;2;0;0;0;0;0;0;0;0;0;2;0;0;0;0
09/11/2015;07:27:00;59;Acidente com Vítima;517,6;BR-040/MG;Sul;Abalroamento - Longitudinal;1;0;0;1;0;0;0;0;0;0;1;2;0;0;0
09/11/2015;17:21:00;227;Acidente sem Vítima;530,042;BR-040/MG;Norte;Abalroamento - Longitudinal;2;0;0;0;0;0;0;0;0;0;5;0;0;0;0
09/11/2015;20:42:00;282;Atropelamento com Morte;607,8;BR-040/MG;Norte;Atropelamento - Pedestre atravessando;1;0;0;0;0;0;0;0;0;0;1;0;0;0;1
09/11/2015;15:39:00;201;Acidente com Vítima;617,6;BR-040/MG;Sul;Colisão traseira;1;0;0;1;0;0;0;0;0;0;1;0;0;0;0
09/11/2015;18:35:00;252;Acidente sem Vítima;715,01;BR-040/MG;Sul;Capotamento;1;0;0;0;0;0;0;0;0;0;1;0;0;0;0
09/11/2015;09:51:00;122;Acidente com Vítima;716,95;BR-040/MG;Norte;Capotamento;1;0;0;0;0;0;0;0;0;0;0;1;0;0;0
09/11/2015;11:45:00;161;Acidente com Vítima;734,1;BR-040/MG;Norte;Colisão traseira;3;0;0;0;0;1;0;0;0;0;3;0;1;0;0
09/11/2015;10:54:00;147;Acidente com Morte;734,6;BR-040/MG;Sul;Colisão traseira;1;0;2;0;0;0;0;0;0;0;2;2;1;0;1
09/11/2015;14:08:00;185;Acidente com Vítima;739,5;BR-040/MG;Norte;Colisão traseira;1;0;1;0;0;0;0;0;0;0;2;0;1;0;0
10/11/2015;14:26:00;179;Acidente com Vítima;2,7;BR-040/GO;Norte;Abalroamento - Longitudinal;1;0;0;1;0;0;0;0;0;0;1;1;0;0;0
10/11/2015;18:45:00;239;Acidente com Vítima;39,3;BR-040/MG;Norte;Abalroamento - Longitudinal;2;0;0;0;0;0;0;0;0;0;1;1;0;0;0
10/11/2015;21:52:00;294;Acidente com Vítima;156,4;BR-040/MG;Sul;Outros;0;0;2;0;0;0;0;0;0;0;2;1;0;0;0
10/11/2015;11:56:00;142;Acidente com Vítima;527,7;BR-040/MG;Norte;Colisão traseira;2;0;0;0;0;0;0;0;0;0;1;1;0;0;0
10/11/2015;09:06:00;105;Acidente com Vítima;537,02;BR-040/MG;Norte;Colisão traseira;4;0;0;0;0;0;0;0;0;0;3;1;0;0;0
10/11/2015;01:53:00;13;Acidente sem Vítima;730,9;BR-040/MG;Sul;Capotamento;1;0;0;0;0;0;0;0;0;0;1;0;0;0;0
11/11/2015;18:03:00;315;Acidente com Vítima;9,1;BR-040/GO;Sul;Abalroamento - Longitudinal;1;0;0;1;0;0;0;0;0;0;1;1;0;0;0
11/11/2015;19:49:00;349;Acidente sem Vítima;254,142;BR-040/MG;Norte;Atropelamento - Animal;1;0;0;0;0;0;0;0;0;0;1;0;0;0;0
11/11/2015;09:53:00;154;Acidente com Vítima;259,2;BR-040/MG;Sul;Outros;1;0;0;0;0;0;0;0;0;0;0;0;1;0;0
11/11/2015;17:11:00;305;Acidente com Vítima;511,335;BR-040/MG;Sul;Outros;0;0;0;1;0;0;0;0;0;0;1;1;0;0;0
11/11/2015;08:26:00;117;Acidente sem Vítima;530,1;BR-040/MG;Norte;Colisão traseira;0;0;2;0;0;0;0;0;0;0;2;0;0;0;0
11/11/2015;07:14:00;75;Acidente sem Vítima;532,95;BR-040/MG;Sul;Colisão traseira;1;0;0;1;0;0;0;0;0;0;3;0;0;0;0
11/11/2015;19:08:00;340;Acidente sem Vítima;533,01;BR-040/MG;Norte;Abalroamento - Longitudinal;1;0;1;0;0;0;0;0;0;0;4;0;0;0;0
11/11/2015;15:57:00;279;Acidente sem Vítima;534,1;BR-040/MG;Sul;Abalroamento - Longitudinal;2;0;0;1;0;0;0;0;0;0;3;0;0;0;0
11/11/2015;00:00:00;1;Acidente sem Vítima;565,9;BR-040/MG;Sul;Choque em defensa;1;0;0;0;0;0;0;0;0;0;1;0;0;0;0
11/11/2015;10:43:00;167;Acidente sem Vítima;618,4;BR-040/MG;Sul;Colisão traseira;2;0;0;0;0;0;0;0;0;0;2;0;0;0;0
11/11/2015;20:48:00;366;Acidente com Vítima;132,023;BR-040/GO;Norte;Outros;0;0;0;1;0;0;0;0;0;0;0;0;1;0;0
12/11/2015;19:54:00;348;Acidente com Vítima;1,8;BR-040/GO;Sul;Outros;0;0;0;1;0;0;0;0;0;0;0;0;1;0;0
12/11/2015;04:17:00;31;Acidente com Morte;4,1;BR-040/DF;Norte;Choque com objeto fixo;1;0;0;0;0;0;0;0;0;0;0;0;0;0;1
12/11/2015;13:17:00;215;Acidente sem Vítima;3,95;BR-040/GO;Sul;Colisão traseira;2;0;0;0;0;0;0;0;0;0;2;0;0;0;0
12/11/2015;16:48:00;293;Acidente sem Vítima;492,389;BR-040/MG;Norte;Choque em barreira New Jersey;1;0;0;0;0;0;0;0;0;0;1;0;0;0;0
12/11/2015;16:31:00;283;Acidente sem Vítima;493,192;BR-040/MG;Norte;Capotamento;1;0;0;0;0;0;0;0;0;0;1;0;0;0;0
12/11/2015;18:03:00;309;Acidente sem Vítima;494;BR-040/MG;Norte;Outros;0;0;1;0;0;0;0;0;0;0;1;0;0;0;0
12/11/2015;15:31:00;261;Acidente sem Vítima;517,324;BR-040/MG;Norte;Colisão traseira;1;0;0;1;0;0;0;0;0;0;2;0;0;0;0
12/11/2015;15:37:00;264;Acidente com Vítima;527,056;BR-040/MG;Norte;Capotamento;1;0;0;0;0;0;0;0;0;0;1;0;1;0;0
12/11/2015;18:32:00;325;Acidente com Vítima;533,01;BR-040/MG;Sul;Outros;1;0;0;1;0;0;0;0;0;0;2;1;0;0;0
12/11/2015;18:21:00;318;Acidente com Vítima;536,5;BR-040/MG;Norte;Outros;0;0;0;1;0;0;0;0;0;0;1;2;0;0;0
12/11/2015;14:11:00;232;Acidente sem Vítima;557,487;BR-040/MG;Sul;Choque em defensa;1;0;0;0;0;0;0;0;0;0;1;0;0;0;0
12/11/2015;18:58:00;334;Acidente com Vítima;569,1;BR-040/MG;Norte;Colisão traseira;2;0;0;0;0;0;0;0;0;0;2;1;2;0;0
12/11/2015;11:54:00;191;Acidente com Vítima;621,5;BR-040/MG;Sul;Outros;1;0;0;0;0;0;0;0;0;0;1;0;0;1;0
12/11/2015;18:29:00;322;Acidente sem Vítima;660,977;BR-040/MG;Norte;Abalroamento - Longitudinal;1;0;1;0;0;0;0;0;0;0;2;0;0;0;0
12/11/2015;15:02:00;249;Acidente sem Vítima;717,433;BR-040/MG;Norte;Choque com objeto fixo;1;0;0;0;0;0;0;0;0;0;1;0;0;0;0
13/11/2015;08:20:00;100;Acidente sem Vítima;0,01;BR-040/GO;Sul;Colisão traseira;2;0;0;0;0;0;0;0;0;0;2;0;0;0;0
13/11/2015;07:53:00;90;Acidente com Vítima;1,01;BR-040/GO;Norte;Colisão traseira;3;0;0;1;0;0;0;0;0;0;4;1;0;0;0
13/11/2015;12:20:00;170;Atropelamento sem Morte;7,01;BR-040/GO;Norte;Atropelamento - Pedestre atravessando;1;0;0;0;0;0;0;0;0;0;1;1;0;0;0
13/11/2015;12:42:00;176;Acidente sem Vítima;424,1;BR-040/MG;Sul;Abalroamento - Longitudinal;2;0;0;0;0;0;0;0;0;0;2;0;0;0;0
13/11/2015;19:13:00;295;Acidente sem Vítima;443,5;BR-040/MG;Norte;Outros;1;0;0;0;0;0;0;0;0;0;4;0;0;0;0
13/11/2015;20:29:00;319;Acidente com Vítima;455,44;BR-040/MG;Norte;Abalroamento - Longitudinal;2;0;0;0;0;0;0;0;0;0;1;0;1;0;0
13/11/2015;23:14:00;361;Acidente sem Vítima;463,1;BR-040/MG;Norte;Outros;1;0;0;0;0;0;0;0;0;0;3;0;0;0;0
13/11/2015;21:27:00;336;Acidente com Vítima;469,01;BR-040/MG;Sul;Capotamento;1;0;0;0;0;0;0;0;0;0;1;2;0;0;0
13/11/2015;06:46:00;57;Acidente com Vítima;513,3;BR-040/MG;Sul;Colisão traseira;1;0;0;1;0;0;0;0;0;0;1;1;0;0;0
13/11/2015;05:40:00;41;Acidente com Morte;527,1;BR-040/MG;Sul;Colisão frontal;3;0;1;0;0;0;0;0;0;0;3;0;1;0;2
13/11/2015;23:27:00;368;Acidente com Vítima;529,12;BR-040/MG;Norte;Colisão traseira;1;0;0;0;0;1;0;0;0;0;3;1;0;0;0
13/11/2015;16:39:00;253;Acidente com Vítima;537,1;BR-040/MG;Norte;Colisão traseira;1;0;0;1;0;0;0;0;0;0;2;1;0;0;0
13/11/2015;23:10:00;360;Acidente sem Vítima;552,95;BR-040/MG;Norte;Outros;2;0;0;0;0;0;0;0;0;0;1;0;0;0;0
13/11/2015;19:23:00;300;Acidente sem Vítima;555,8;BR-040/MG;Sul;Queda de Carga;0;0;1;0;0;0;0;0;0;0;1;0;0;0;0
13/11/2015;18:27:00;280;Acidente sem Vítima;590,266;BR-040/MG;Norte;Abalroamento - Longitudinal;1;0;1;0;0;0;0;0;0;0;2;0;0;0;0
13/11/2015;08:05:00;95;Acidente sem Vítima;604,02;BR-040/MG;Sul;Abalroamento - Transversal;1;0;1;0;0;0;0;0;0;0;4;0;0;0;0
13/11/2015;07:23:00;72;Acidente sem Vítima;604,8;BR-040/MG;Sul;Colisão traseira;0;0;1;0;1;0;0;0;0;0;47;0;0;0;0
13/11/2015;06:44:00;55;Acidente sem Vítima;604,8;BR-040/MG;Sul;Queda de Carga;0;0;1;0;0;0;0;0;0;0;1;0;0;0;0
13/11/2015;23:43:00;371;Acidente sem Vítima;621,5;BR-040/MG;Sul;Colisão traseira;2;0;0;0;0;0;0;0;0;0;3;0;0;0;0
13/11/2015;05:40:00;42;Acidente sem Vítima;51,023;BR-040/GO;Norte;Colisão traseira;2;0;0;0;0;0;0;0;0;0;2;0;0;0;0
13/11/2015;12:03:00;165;Acidente sem Vítima;660,43;BR-040/MG;Sul;Colisão traseira;1;0;1;0;0;0;0;0;0;0;3;0;0;0;0
13/11/2015;21:13:00;330;Acidente sem Vítima;714,5;BR-040/MG;Norte;Colisão traseira;1;0;1;0;0;0;0;0;0;0;6;0;0;0;0
13/11/2015;20:44:00;322;Acidente sem Vítima;728,645;BR-040/MG;Sul;Choque em barreira New Jersey;1;0;0;0;0;0;0;0;0;0;4;0;0;0;0
13/11/2015;00:42:00;8;Acidente sem Vítima;728,65;BR-040/MG;Sul;Queda de Carga;0;0;1;0;0;0;0;0;0;0;1;0;0;0;0
14/11/2015;12:25:00;157;Acidente sem Vítima;0,7;BR-040/GO;Sul;Colisão traseira;3;0;0;0;0;0;0;0;0;0;4;0;0;0;0
14/11/2015;11:24:00;143;Acidente sem Vítima;5,07;BR-040/GO;Sul;Abalroamento - Transversal;2;0;0;0;0;0;0;0;0;0;2;0;0;0;0
14/11/2015;01:09:00;14;Acidente sem Vítima;65,4;BR-040/MG;Norte;Atropelamento - Animal;1;0;0;0;0;0;0;0;0;0;4;0;0;0;0
14/11/2015;00:43:00;9;Acidente sem Vítima;109,4;BR-040/MG;Norte;Choque com objeto fixo;1;0;0;0;0;0;0;0;0;0;5;0;0;0;0
14/11/2015;20:53:00;291;Acidente sem Vítima;31,7;BR-040/GO;Sul;Atropelamento - Animal;1;0;0;0;0;0;0;0;0;0;2;0;0;0;0
14/11/2015;16:36:00;222;Acidente sem Vítima;501,1;BR-040/MG;Sul;Outros;0;0;0;1;0;0;0;0;0;0;1;0;0;0;0
14/11/2015;17:54:00;242;Acidente com Vítima;517,3;BR-040/MG;Sul;Colisão traseira;2;0;0;0;0;0;0;0;0;0;1;0;1;0;0
14/11/2015;00:39:00;8;Acidente com Vítima;541,72;BR-040/MG;Norte;Capotamento;1;0;0;0;0;0;0;0;0;0;1;0;1;0;0
14/11/2015;21:34:00;301;Acidente com Vítima;560,95;BR-040/MG;Norte;Colisão traseira;2;0;0;0;0;0;0;0;0;0;2;2;0;2;0
14/11/2015;17:51:00;241;Acidente sem Vítima;564,1;BR-040/MG;Norte;Colisão traseira;2;0;0;0;0;0;0;0;0;0;3;0;0;0;0
14/11/2015;08:50:00;90;Acidente sem Vítima;613,8;BR-040/MG;Norte;Colisão traseira;2;0;0;0;0;0;0;0;0;0;2;0;0;0;0
14/11/2015;16:43:00;224;Acidente com Vítima;640,5;BR-040/MG;Norte;Abalroamento - Longitudinal;2;0;0;0;0;0;0;0;0;0;2;1;0;0;0
14/11/2015;17:44:00;238;Acidente sem Vítima;735,15;BR-040/MG;Norte;Choque em defensa;0;0;1;0;0;0;0;0;0;0;1;0;0;0;0
14/11/2015;15:36:00;200;Acidente sem Vítima;735,2;BR-040/MG;Norte;Abalroamento - Transversal;2;0;0;0;0;0;0;0;0;0;5;0;0;0;0
15/11/2015;06:23:00;48;Acidente sem Vítima;1,2;BR-040/GO;Sul;Choque com objeto fixo;1;0;0;0;0;0;0;0;0;0;1;0;0;0;0
15/11/2015;20:14:00;294;Acidente sem Vítima;2,008;BR-040/DF;Norte;Colisão traseira;2;0;0;0;0;0;0;0;0;0;2;0;0;0;0
15/11/2015;11:32:00;131;Acidente com Vítima;2,2;BR-040/GO;Sul;Colisão traseira;1;0;0;1;0;0;0;0;0;0;1;1;0;0;0
15/11/2015;21:53:00;309;Acidente com Vítima;7,8;BR-040/GO;Sul;Abalroamento - Longitudinal;1;0;0;1;0;0;0;0;0;0;4;0;1;0;0
15/11/2015;19:47:00;286;Acidente sem Vítima;12,02;BR-040/GO;Norte;Abalroamento - Longitudinal;2;0;0;0;0;0;0;0;0;0;2;0;0;0;0
15/11/2015;18:07:00;260;Acidente com Vítima;43,024;BR-040/MG;Norte;Colisão frontal;1;0;1;0;0;0;0;0;0;0;1;0;3;0;0
15/11/2015;06:30:00;50;Acidente com Vítima;25,2;BR-040/GO;Sul;Abalroamento - Transversal;2;0;0;0;0;0;0;0;0;0;2;0;1;0;0
15/11/2015;16:54:00;230;Acidente com Vítima;36,137;BR-040/GO;Sul;Capotamento;1;0;0;0;0;0;0;0;0;0;0;0;0;0;0
15/11/2015;02:52:00;27;Acidente sem Vítima;226,4;BR-040/MG;Norte;Choque com objeto fixo;1;0;0;0;0;0;0;0;0;0;1;0;0;0;0
15/11/2015;06:20:00;47;Acidente sem Vítima;299,562;BR-040/MG;Norte;Choque com objeto fixo;1;0;0;0;0;0;0;0;0;0;1;0;0;0;0
15/11/2015;16:42:00;226;Acidente sem Vítima;487,287;BR-040/MG;Norte;Colisão traseira;2;0;0;0;0;0;0;0;0;0;6;0;0;0;0
15/11/2015;00:16:00;2;Acidente sem Vítima;513,9;BR-040/MG;Sul;Outros;1;0;0;0;0;0;0;0;0;0;1;0;0;0;0
15/11/2015;09:01:00;87;Acidente com Vítima;530,5;BR-040/MG;Sul;Choque com objeto fixo;0;0;0;1;0;0;0;0;0;0;0;2;0;0;0
15/11/2015;11:56:00;140;Acidente com Vítima;530,9;BR-040/MG;Sul;Outros;0;0;0;1;0;0;0;0;0;0;0;1;0;0;0
15/11/2015;17:10:00;237;Acidente sem Vítima;533,8;BR-040/MG;Norte;Abalroamento - Longitudinal;2;0;0;0;0;0;0;0;0;0;2;0;0;0;0
15/11/2015;16:19:00;216;Acidente sem Vítima;565,25;BR-040/MG;Norte;Abalroamento - Longitudinal;2;0;0;0;0;0;0;0;0;0;4;0;0;0;0
15/11/2015;16:37:00;225;Acidente sem Vítima;566,85;BR-040/MG;Norte;Colisão traseira;1;0;0;1;0;0;0;0;0;0;3;0;0;0;0
15/11/2015;07:50:00;67;Acidente sem Vítima;567,5;BR-040/MG;Sul;Colisão traseira;3;0;0;0;0;0;0;0;0;0;9;0;0;0;0
15/11/2015;17:40:00;254;Acidente com Vítima;56;BR-040/GO;Norte;Outros;0;0;0;1;0;0;0;0;0;0;0;1;1;0;0
15/11/2015;11:24:00;126;Acidente sem Vítima;699;BR-040/MG;Norte;Capotamento;1;0;0;0;0;0;0;0;0;0;3;0;0;0;0
15/11/2015;12:39:00;154;Acidente com Vítima;749,1;BR-040/MG;Sul;Capotamento;1;0;0;0;0;0;0;0;0;0;0;1;0;0;0
15/11/2015;13:15:00;167;Acidente sem Vítima;760,096;BR-040/MG;Norte;Outros;1;0;0;0;0;0;0;0;0;0;2;0;0;0;0
16/11/2015;07:18:00;87;Acidente com Vítima;6,81;BR-040/GO;Norte;Colisão traseira;1;0;0;1;0;0;0;0;0;0;1;1;0;0;0
16/11/2015;17:40:00;321;Acidente com Vítima;42,1;BR-040/MG;Sul;Colisão traseira;1;0;0;1;0;0;0;0;0;0;1;0;2;0;0
16/11/2015;18:01:00;326;Acidente sem Vítima;16,25;BR-040/GO;Sul;Colisão traseira;2;0;0;0;0;0;0;0;0;0;2;0;0;0;0
16/11/2015;12:07:00;217;Acidente sem Vítima;299,1;BR-040/MG;Sul;Choque com objeto fixo;1;0;0;0;0;0;0;0;0;0;2;0;0;0;0
16/11/2015;07:07:00;80;Acidente com Vítima;472,2;BR-040/MG;Norte;Capotamento;1;0;0;0;0;0;0;0;0;0;0;1;1;0;0
16/11/2015;16:16:00;297;Acidente sem Vítima;517,95;BR-040/MG;Sul;Outros;0;0;0;1;0;0;0;0;0;0;1;0;0;0;0
16/11/2015;06:37:00;59;Acidente com Vítima;522,57;BR-040/MG;Sul;Colisão traseira;3;0;0;0;0;0;0;0;0;0;3;2;0;0;0
16/11/2015;05:29:00;40;Acidente com Vítima;531,01;BR-040/MG;Norte;Capotamento;1;0;0;0;0;0;0;0;0;0;2;1;0;0;0
16/11/2015;07:00:00;74;Acidente sem Vítima;541,2;BR-040/MG;Sul;Colisão traseira;2;0;0;0;0;0;0;0;0;0;2;0;0;0;0
16/11/2015;08:41:00;128;Acidente sem Vítima;545,1;BR-040/MG;Norte;Colisão traseira;3;0;0;0;0;0;0;0;0;0;5;0;0;0;0
16/11/2015;13:36:00;243;Acidente sem Vítima;717,307;BR-040/MG;Sul;Queda de Carga;0;0;1;0;0;0;0;0;0;0;1;0;0;0;0
16/11/2015;17:26:00;320;Acidente com Morte;739,417;BR-040/MG;Norte;Outros;0;0;0;1;0;0;0;0;0;0;0;0;0;0;1
17/11/2015;08:31:00;108;Acidente sem Vítima;446,3;BR-040/MG;Norte;Abalroamento - Longitudinal;2;0;0;0;0;0;0;0;0;0;2;0;0;0;0
17/11/2015;03:48:00;33;Acidente sem Vítima;463,6;BR-040/MG;Sul;Colisão traseira;0;0;2;0;0;0;0;0;0;0;2;0;0;0;0
17/11/2015;09:14:00;126;Acidente sem Vítima;498,1;BR-040/MG;Norte;Colisão traseira;2;0;0;0;0;0;0;0;0;0;2;0;0;0;0
17/11/2015;06:52:00;73;Acidente sem Vítima;516,8;BR-040/MG;Sul;Colisão traseira;3;0;0;0;0;0;0;0;0;0;3;0;0;0;0
17/11/2015;15:30:00;240;Acidente com Vítima;530,1;BR-040/MG;Sul;Outros;0;0;0;1;0;0;0;0;0;0;0;0;1;0;0
17/11/2015;14:09:00;218;Acidente sem Vítima;530,95;BR-040/MG;Sul;Abalroamento - Longitudinal;1;0;1;0;0;0;0;0;0;0;2;0;0;0;0
17/11/2015;18:31:00;297;Acidente sem Vítima;536,7;BR-040/MG;Norte;Abalroamento - Longitudinal;2;0;0;0;0;0;0;0;0;0;2;0;0;0;0
17/11/2015;18:42:00;303;Acidente sem Vítima;536,78;BR-040/MG;Norte;Colisão traseira;2;0;1;0;0;0;0;0;0;0;3;0;0;0;0
17/11/2015;12:23:00;194;Acidente sem Vítima;558,445;BR-040/MG;Sul;Outros;1;0;0;0;0;0;0;0;0;0;1;0;0;0;0