data;horario;n_da_ocorrencia;tipo_de_ocorrencia;km;trecho;sentido;tipo_de_acidente;automovel;bicicleta;caminhao;moto;onibus;outros;tracao_animal;transporte_de_cargas_especiais;trator_maquinas;utilitarios;ilesos;levemente_feridos;moderadamente_feridos;gravemente_feridos;mortos
17/11/2015;12:29:00;197;Acidente sem Vítima;581,2;BR-040/MG;Sul;Colisão frontal;0;0;1;1;0;0;0;0;0;0;2;0;0;0;0
17/11/2015;11:25:00;172;Acidente com Vítima;610,2;BR-040/MG;Sul;Colisão traseira;1;0;1;0;0;0;0;0;0;0;1;1;0;0;0
17/11/2015;16:21:00;256;Acidente sem Vítima;742,031;BR-040/MG;Norte;Capotamento;1;0;0;0;0;0;0;0;0;0;2;0;0;0;0
17/11/2015;11:28:00;173;Acidente com Vítima;751,28;BR-040/MG;Norte;Abalroamento - Transversal;0;0;2;0;0;0;0;0;0;0;0;0;1;0;0
18/11/2015;06:09:00;27;Acidente sem Vítima;2,8;BR-040/DF;Norte;Colisão traseira;2;0;0;0;1;0;0;0;0;0;3;0;0;0;0
18/11/2015;10:25:00;132;Acidente sem Vítima;49,05;BR-040/MG;Norte;Capotamento;1;0;0;0;0;0;0;0;0;0;1;0;0;0;0
18/11/2015;17:02:00;235;Acidente sem Vítima;90,032;BR-040/MG;Norte;Colisão traseira;0;0;2;0;0;0;0;0;0;0;2;0;0;0;0
18/11/2015;07:07:00;55;Acidente sem Vítima;90,843;BR-040/MG;Sul;Choque em defensa;0;0;1;0;0;0;0;0;0;0;1;0;0;0;0
18/11/2015;01:00:00;8;Acidente sem Vítima;138,5;BR-040/MG;Norte;Queda de Carga;0;0;1;0;0;0;0;0;0;0;1;0;0;0;0
18/11/2015;16:56:00;232;Acidente sem Vítima;175,64;BR-040/MG;Norte;Choque em veículo parado na pista;0;0;2;0;0;0;0;0;0;0;2;0;0;0;0
18/11/2015;05:05:00;23;Acidente com Vítima;276,1;BR-040/MG;Sul;Queda de Carga;0;0;1;0;0;0;0;0;0;0;1;1;0;0;0
18/11/2015;10:13:00;130;Acidente com Vítima;350,05;BR-040/MG;Norte;Choque com objeto fixo;1;0;0;0;0;0;0;0;0;0;0;1;0;0;0
18/11/2015;10:14:00;131;Acidente sem Vítima;487,1;BR-040/MG;Norte;Colisão traseira;0;0;2;0;0;0;0;0;0;0;2;0;0;0;0
18/11/2015;05:05:00;24;Acidente sem Vítima;490,05;BR-040/MG;Norte;Outros;1;0;0;0;0;0;0;0;0;0;1;0;0;0;0
18/11/2015;07:37:00;67;Acidente sem Vítima;492,1;BR-040/MG;Norte;Capotamento;1;0;0;0;0;0;0;0;0;0;1;0;0;0;0
18/11/2015;07:05:00;53;Acidente sem Vítima;506,2;BR-040/MG;Sul;Outros;1;0;0;0;0;0;0;0;0;0;1;0;0;0;0
18/11/2015;00:58:00;6;Acidente com Vítima;510,4;BR-040/MG;Norte;Capotamento;1;0;0;0;0;0;0;0;0;0;1;1;0;0;0
18/11/2015;06:20:00;29;Acidente com Vítima;512,3;BR-040/MG;Sul;Colisão traseira;1;0;0;1;0;0;0;0;0;1;2;0;1;0;0
18/11/2015;14:00:00;179;Acidente com Morte;514,02;BR-040/MG;Norte;Colisão traseira;0;0;1;1;0;0;0;0;0;0;1;0;0;0;1
18/11/2015;15:44:00;213;Atropelamento sem Morte;523,2;BR-040/MG;Norte;Atropelamento - Pedestre atravessando;1;0;0;0;0;0;0;0;0;0;1;1;0;0;0
18/11/2015;23:02:00;340;Acidente sem Vítima;528,16;BR-040/MG;Norte;Choque com objeto fixo;1;0;0;0;0;0;0;0;0;0;1;0;0;0;0
18/11/2015;09:57:00;124;Acidente sem Vítima;536,4;BR-040/MG;Norte;Colisão traseira;2;0;0;0;0;0;0;0;0;0;4;0;0;0;0
18/11/2015;05:47:00;26;Acidente sem Vítima;539,1;BR-040/MG;Norte;Colisão traseira;1;0;2;0;0;0;0;0;0;0;3;0;0;0;0
18/11/2015;08:36:00;98;Acidente sem Vítima;546,1;BR-040/MG;Sul;Outros;1;0;0;0;0;0;0;0;0;0;1;0;0;0;0
18/11/2015;11:56:00;156;Acidente sem Vítima;561,1;BR-040/MG;Norte;Choque com objeto fixo;1;0;0;0;0;0;0;0;0;0;1;0;0;0;0
18/11/2015;14:35:00;192;Acidente sem Vítima;617,3;BR-040/MG;Sul;Abalroamento - Transversal;2;0;0;0;0;0;0;0;0;0;4;0;0;0;0
18/11/2015;10:25:00;133;Acidente sem Vítima;643,02;BR-040/MG;Sul;Colisão traseira;1;0;1;0;0;0;0;0;0;0;2;0;0;0;0
18/11/2015;08:29:00;95;Acidente sem Vítima;730,5;BR-040/MG;Sul;Choque em barreira New Jersey;1;0;0;0;0;0;0;0;0;0;1;0;0;0;0
18/11/2015;22:48:00;339;Acidente sem Vítima;131,8;BR-040/GO;Sul;Outros;1;0;0;0;0;0;0;0;0;0;3;0;0;0;0
18/11/2015;15:16:00;208;Acidente sem Vítima;772,5;BR-040/MG;Norte;Choque com objeto fixo;1;0;0;0;0;0;0;0;0;0;1;0;0;0;0
19/11/2015;17:24:00;279;Acidente sem Vítima;5;BR-040/GO;Sul;Abalroamento - Transversal;2;0;0;0;0;0;0;0;0;0;2;0;0;0;0
19/11/2015;10:51:00;154;Atropelamento sem Morte;9,36;BR-040/GO;Norte;Atropelamento - Pedestre atravessando;1;0;0;0;0;0;0;0;0;0;1;0;0;0;0
19/11/2015;15:57:00;249;Atropelamento sem Morte;18,225;BR-040/GO;Sul;Atropelamento - Pedestre caminhando;1;0;0;0;0;1;0;0;0;0;0;2;0;0;0
19/11/2015;14:38:00;224;Acidente com Vítima;33,093;BR-040/GO;Sul;Outros;0;0;1;1;0;0;0;0;0;0;1;0;0;1;0
19/11/2015;11:33:00;166;Acidente sem Vítima;256,1;BR-040/MG;Norte;Outros;0;0;0;1;0;0;0;0;0;0;1;0;0;0;0
19/11/2015;23:39:00;378;Acidente com Vítima;351,7;BR-040/MG;Sul;Abalroamento - Longitudinal;2;0;0;0;0;0;0;0;0;0;1;1;0;0;0
19/11/2015;04:41:00;34;Acidente sem Vítima;504,6;BR-040/MG;Sul;Colisão traseira;1;0;1;0;0;0;0;0;0;0;2;0;0;0;0
19/11/2015;07:03:00;62;Acidente sem Vítima;526,1;BR-040/MG;Sul;Colisão traseira;3;0;0;0;0;0;0;0;0;0;3;0;0;0;0
19/11/2015;05:50:00;38;Acidente sem Vítima;526,68;BR-040/MG;Norte;Choque em defensa;1;0;0;0;0;0;0;0;0;0;1;0;0;0;0
19/11/2015;07:54:00;92;Acidente com Vítima;526,76;BR-040/MG;Sul;Abalroamento - Longitudinal;1;0;0;1;0;0;0;0;0;0;1;1;0;0;0
19/11/2015;18:12:00;296;Acidente com Vítima;531,2;BR-040/MG;Norte;Colisão traseira;1;0;0;1;0;0;0;0;0;0;1;1;0;0;0
19/11/2015;18:23:00;302;Acidente com Vítima;541,65;BR-040/MG;Norte;Choque com objeto fixo;1;0;0;0;0;0;0;0;0;0;0;0;0;1;0
19/11/2015;15:48:00;245;Acidente sem Vítima;611,003;BR-040/MG;Norte;Choque com objeto fixo;1;0;0;0;0;0;0;0;0;0;1;0;0;0;0
19/11/2015;18:28:00;303;Acidente com Vítima;616,9;BR-040/MG;Norte;Choque com objeto fixo;1;0;0;0;0;0;0;0;0;0;0;1;0;0;0
19/11/2015;04:22:00;32;Acidente sem Vítima;623,505;BR-040/MG;Norte;Outros;1;0;0;0;0;0;0;0;0;0;1;0;0;0;0
19/11/2015;14:26:00;220;Acidente sem Vítima;625,5;BR-040/MG;Sul;Colisão traseira;2;0;0;0;0;0;0;0;0;0;2;0;0;0;0
19/11/2015;08:33:00;108;Acidente sem Vítima;683,001;BR-040/MG;Norte;Colisão traseira;2;0;0;0;0;0;0;0;0;0;2;0;0;0;0
19/11/2015;14:59:00;232;Acidente sem Vítima;699,01;BR-040/MG;Norte;Colisão traseira;2;0;0;0;0;0;0;0;0;0;2;0;0;0;0
19/11/2015;22:22:00;366;Acidente sem Vítima;722,5;BR-040/MG;Sul;Atropelamento - Animal;1;0;0;0;0;0;0;0;0;0;2;0;0;0;0
19/11/2015;18:05:00;293;Acidente sem Vítima;726,8;BR-040/MG;Sul;Choque em barreira New Jersey;1;0;0;0;0;0;0;0;0;0;1;0;0;0;0
19/11/2015;02:18:00;15;Acidente sem Vítima;739,529;BR-040/MG;Sul;Abalroamento - Longitudinal;0;0;1;0;0;0;0;0;0;1;2;0;0;0;0
19/11/2015;18:07:00;294;Acidente sem Vítima;739,6;BR-040/MG;Sul;Capotamento;1;0;0;0;0;0;0;0;0;0;1;0;0;0;0
20/11/2015;11:44:00;164;Acidente com Vítima;0;BR-040/DF;Sul;Outros;0;0;0;1;0;0;0;0;0;0;1;1;0;0;0
20/11/2015;15:29:00;267;Acidente sem Vítima;1,8;BR-040/GO;Sul;Colisão traseira;2;0;0;0;0;0;0;0;0;0;2;0;0;0;0
20/11/2015;18:54:00;333;Acidente sem Vítima;2,8;BR-040/DF;Sul;Colisão traseira;2;0;0;0;0;0;0;0;0;0;3;0;0;0;0
20/11/2015;06:02:00;32;Acidente sem Vítima;82,5;BR-040/MG;Sul;Capotamento;1;0;0;0;0;0;0;0;0;0;1;0;0;0;0
20/11/2015;18:18:00;316;Acidente com Vítima;449,629;BR-040/MG;Norte;Abalroamento - Longitudinal;0;0;2;0;0;0;0;0;0;0;1;1;0;0;0
20/11/2015;19:58:00;361;Acidente sem Vítima;454,997;BR-040/MG;Norte;Colisão traseira;0;0;2;0;0;0;0;0;0;0;2;0;0;0;0
20/11/2015;16:40:00;281;Acidente com Vítima;463,1;BR-040/MG;Norte;Colisão traseira;2;0;0;0;0;0;0;0;0;0;1;1;0;0;0
20/11/2015;17:28:00;298;Acidente sem Vítima;473,6;BR-040/MG;Sul;Outros;0;0;1;0;0;0;0;0;0;0;1;0;0;0;0
20/11/2015;12:14:00;175;Acidente sem Vítima;474,5;BR-040/MG;Norte;Outros;1;0;0;0;0;0;0;0;0;0;1;0;0;0;0
20/11/2015;15:34:00;247;Acidente sem Vítima;487,5;BR-040/MG;Norte;Colisão traseira;0;0;2;0;0;0;0;0;0;0;2;0;0;0;0
20/11/2015;17:44:00;304;Atropelamento sem Morte;500,8;BR-040/MG;Norte;;0;0;0;1;0;0;0;0;0;0;0;0;2;0;0
20/11/2015;11:23:00;159;Acidente com Vítima;500,8;BR-040/MG;Norte;Choque em veículo parado na pista;0;0;3;0;0;0;0;0;1;0;3;4;1;0;0
20/11/2015;06:08:00;33;Acidente sem Vítima;513,537;BR-040/MG;Norte;Outros;1;0;0;0;0;1;0;0;0;0;2;0;0;0;0
20/11/2015;12:17:00;176;Acidente sem Vítima;514,546;BR-040/MG;Norte;Capotamento;1;0;0;0;0;0;0;0;0;0;1;0;0;0;0
20/11/2015;14:30:00;225;Acidente sem Vítima;536,313;BR-040/MG;Sul;Colisão traseira;3;0;0;0;0;0;0;0;0;0;3;0;0;0;0
20/11/2015;22:53:00;410;Atropelamento sem Morte;538,436;BR-040/MG;Sul;Atropelamento - Pedestre atravessando;1;0;0;0;0;0;0;0;0;0;1;0;1;0;0
20/11/2015;00:03:00;2;Acidente com Vítima;546,7;BR-040/MG;Sul;Choque com objeto fixo;3;0;0;0;0;0;0;0;0;0;2;0;2;0;0
20/11/2015;17:31:00;301;Acidente sem Vítima;557,635;BR-040/MG;Sul;Choque com objeto fixo;1;0;0;0;0;0;0;0;0;0;1;0;0;0;0
20/11/2015;14:15:00;219;Acidente sem Vítima;638,5;BR-040/MG;Norte;Capotamento;1;0;0;0;0;0;0;0;0;0;1;0;0;0;0
20/11/2015;07:11:00;56;Acidente com Vítima;643,2;BR-040/MG;Sul;Capotamento;1;0;0;0;0;0;0;0;0;0;1;2;0;0;0
20/11/2015;15:36:00;249;Acidente com Vítima;7,6;BR-040/DF;Sul;Outros;0;0;0;1;0;0;0;0;0;0;0;1;0;0;0
20/11/2015;19:18:00;344;Acidente sem Vítima;7,9;BR-040/DF;Sul;Colisão traseira;2;0;0;0;0;0;0;0;0;0;2;0;0;0;0
20/11/2015;16:34:00;276;Acidente com Vítima;100,118;BR-040/GO;Sul;Colisão traseira;2;0;0;0;0;0;0;0;0;0;6;1;0;0;0
20/11/2015;12:47:00;186;Acidente sem Vítima;699,5;BR-040/MG;Norte;Capotamento;1;0;0;0;0;0;0;0;0;0;1;0;0;0;0
20/11/2015;21:32:00;390;Atropelamento com Morte;704,3;BR-040/MG;Sul;Atropelamento - Pedestre atravessando;1;0;0;0;0;0;0;0;0;0;1;1;0;0;1
20/11/2015;09:49:00;124;Acidente sem Vítima;731,5;BR-040/MG;Sul;Capotamento;1;0;0;0;0;0;0;0;0;0;1;0;0;0;0
20/11/2015;04:40:00;27;Acidente sem Vítima;737,8;BR-040/MG;Norte;Choque com objeto fixo;0;0;0;0;0;1;0;0;0;0;2;0;0;0;0
21/11/2015;16:58:00;219;Acidente com Vítima;0,2;BR-040/GO;Norte;Colisão traseira;1;0;0;0;0;1;0;0;0;0;1;1;0;0;0
21/11/2015;17:58:00;232;Acidente sem Vítima;5,6;BR-040/GO;Sul;Abalroamento - Transversal;2;0;0;0;0;0;0;0;0;0;6;0;0;0;0
21/11/2015;22:42:00;311;Acidente com Vítima;7,5;BR-040/GO;Sul;Abalroamento - Longitudinal;1;0;0;1;0;0;0;0;0;0;2;0;1;0;0
21/11/2015;08:23:00;63;Acidente sem Vítima;15,8;BR-040/GO;Sul;Outros;2;0;0;0;0;0;0;0;0;0;4;0;0;0;0
21/11/2015;20:57:00;285;Atropelamento sem Morte;17,1;BR-040/GO;Sul;Atropelamento - Ciclista;1;0;0;0;0;0;0;0;0;0;1;0;1;0;0
21/11/2015;06:40:00;48;Acidente sem Vítima;217,5;BR-040/MG;Sul;Abalroamento - Transversal;0;0;1;0;0;1;0;0;0;0;2;0;0;0;0
21/11/2015;07:19:00;56;Acidente com Vítima;233,531;BR-040/MG;Norte;Capotamento;1;0;0;0;0;0;0;0;0;0;0;1;0;0;0
21/11/2015;01:46:00;18;Acidente sem Vítima;432,066;BR-040/MG;Norte;Colisão traseira;2;0;0;0;0;0;0;0;0;0;2;0;0;0;0
21/11/2015;18:50:00;247;Acidente sem Vítima;487;BR-040/MG;Norte;Abalroamento - Longitudinal;1;0;1;0;0;0;0;0;0;0;4;0;0;0;0
21/11/2015;23:26:00;322;Acidente sem Vítima;591,3;BR-040/MG;Norte;Outros;2;0;0;0;0;0;0;0;0;0;2;0;0;0;0
21/11/2015;18:10:00;237;Acidente com Vítima;58,6;BR-040/GO;Sul;Capotamento;1;0;0;0;0;0;0;0;0;0;1;1;0;0;0
21/11/2015;15:35:00;190;Acidente com Vítima;751,5;BR-040/MG;Sul;Colisão frontal;2;0;0;0;0;0;0;0;0;0;0;1;2;0;0
22/11/2015;16:33:00;183;Acidente com Vítima;0;BR-040/DF;Norte;Outros;0;0;0;1;0;0;0;0;0;0;0;0;1;0;0
22/11/2015;15:53:00;172;Acidente com Vítima;0,15;BR-040/GO;Norte;Outros;1;0;0;1;0;0;0;0;0;0;1;0;1;0;0
22/11/2015;18:47:00;224;Acidente sem Vítima;446,5;BR-040/MG;Norte;Atropelamento - Animal;1;0;0;0;0;0;0;0;0;0;5;0;0;0;0
22/11/2015;20:21:00;246;Acidente sem Vítima;484,4;BR-040/MG;Sul;Colisão traseira;1;0;1;0;0;0;0;0;0;0;4;0;0;0;0
22/11/2015;03:59:00;26;Acidente sem Vítima;508,4;BR-040/MG;Norte;Choque em defensa;1;0;0;0;0;0;0;0;0;0;2;0;0;0;0
22/11/2015;21:25:00;274;Acidente com Vítima;511,4;BR-040/MG;Sul;Abalroamento - Longitudinal;2;0;0;0;0;0;0;0;0;0;1;2;0;1;0
22/11/2015;11:38:00;113;Acidente com Vítima;517,5;BR-040/MG;Norte;Outros;0;0;0;1;0;0;0;0;0;0;0;1;0;0;0
22/11/2015;16:43:00;186;Acidente sem Vítima;522,1;BR-040/MG;Norte;Outros;0;0;0;1;0;0;0;0;0;0;1;0;0;0;0
22/11/2015;22:26:00;289;Atropelamento sem Morte;530,1;BR-040/MG;Sul;Atropelamento - Pedestre atravessando;0;0;0;0;0;0;0;0;0;0;0;1;0;0;0
22/11/2015;05:43:00;36;Acidente com Morte;543,1;BR-040/MG;Norte;Choque em barreira New Jersey;0;0;0;1;0;0;0;0;0;0;0;0;0;0;1
22/11/2015;19:17:00;234;Acidente sem Vítima;590,25;BR-040/MG;Norte;Choque em barreira New Jersey;1;0;0;0;0;0;0;0;0;0;1;0;0;0;0
22/11/2015;17:48:00;200;Acidente com Vítima;39,5;BR-040/GO;Sul;Capotamento;1;0;0;0;0;0;0;0;0;0;2;1;0;0;0
22/11/2015;05:45:00;37;Acidente sem Vítima;719,2;BR-040/MG;Norte;Choque com objeto fixo;1;0;0;0;0;0;0;0;0;0;3;0;0;0;0
22/11/2015;04:40:00;29;Acidente com Vítima;103,3;BR-040/GO;Sul;Outros;1;0;0;0;0;0;0;0;0;0;1;0;1;0;0
23/11/2015;00:13:00;3;Acidente sem Vítima;11,95;BR-040/GO;Sul;Colisão traseira;2;0;0;0;0;0;0;0;0;0;4;0;0;0;0
23/11/2015;17:36:00;277;Acidente com Vítima;446,228;BR-040/MG;Norte;Colisão traseira;1;0;0;1;0;0;0;0;0;0;1;0;1;0;0
23/11/2015;16:18:00;247;Acidente com Vítima;515,163;BR-040/MG;Sul;Colisão traseira;2;0;0;1;0;0;0;0;0;0;2;0;1;0;0
23/11/2015;21:40:00;330;Acidente sem Vítima;522,749;BR-040/MG;Norte;Capotamento;1;0;0;0;0;0;0;0;0;0;1;0;0;0;0
23/11/2015;23:43:00;342;Acidente sem Vítima;538,108;BR-040/MG;Sul;Colisão traseira;1;0;1;0;0;0;0;0;0;0;2;0;0;0;0
23/11/2015;09:39:00;127;Acidente sem Vítima;544,01;BR-040/MG;Sul;Abalroamento - Longitudinal;3;0;0;0;0;0;0;0;0;0;3;0;0;0;0
23/11/2015;20:58:00;321;Acidente sem Vítima;566,584;BR-040/MG;Sul;Capotamento;1;0;0;0;0;0;0;0;0;0;1;0;0;0;0
23/11/2015;21:17:00;326;Acidente sem Vítima;566,634;BR-040/MG;Sul;Queda de Carga;0;0;1;0;0;0;0;0;0;0;1;0;0;0;0
23/11/2015;05:33:00;34;Acidente com Vítima;593,4;BR-040/MG;Norte;Capotamento;1;0;0;0;0;0;0;0;0;0;0;1;0;0;0
23/11/2015;18:20:00;290;Atropelamento com Morte;619;BR-040/MG;Sul;Atropelamento - Pedestre atravessando;1;0;0;0;0;0;0;0;0;0;1;0;0;0;1
23/11/2015;21:43:00;331;Atropelamento sem Morte;664,14;BR-040/MG;Sul;Atropelamento - Pedestre atravessando;1;0;0;0;0;0;0;0;0;0;1;0;1;0;0
23/11/2015;17:41:00;280;Acidente sem Vítima;696,14;BR-040/MG;Norte;Abalroamento - Longitudinal;2;0;0;0;0;0;0;0;0;0;2;0;0;0;0
23/11/2015;05:21:00;33;Acidente sem Vítima;749,1;BR-040/MG;Norte;Capotamento;1;0;0;1;0;0;0;0;0;0;2;0;0;0;0
23/11/2015;06:15:00;39;Acidente com Vítima;750,1;BR-040/MG;Norte;Outros;0;0;0;1;0;0;0;0;0;0;0;1;0;0;0
23/11/2015;13:09:00;192;Acidente sem Vítima;751,17;BR-040/MG;Sul;Queda de Carga;0;0;0;0;0;0;0;0;0;1;1;0;0;0;0
24/11/2015;14:36:00;195;Acidente sem Vítima;6,5;BR-040/DF;Norte;Colisão traseira;2;0;0;0;0;0;0;0;0;0;2;0;0;0;0
24/11/2015;14:20:00;189;Acidente com Vítima;15,5;BR-040/MG;Norte;Capotamento;1;0;0;0;0;0;0;0;0;0;0;1;0;0;0
24/11/2015;10:43:00;138;Acidente sem Vítima;485,1;BR-040/MG;Norte;Outros;0;0;0;1;0;0;0;0;0;0;2;0;0;0;0
24/11/2015;04:44:00;44;Acidente sem Vítima;487,1;BR-040/MG;Sul;Colisão traseira;0;0;2;0;0;0;0;0;0;0;2;0;0;0;0
24/11/2015;00:22:00;3;Acidente com Vítima;533,7;BR-040/MG;Norte;Choque com objeto fixo;2;0;0;0;0;0;0;0;0;0;1;1;0;0;0
24/11/2015;02:54:00;28;Acidente sem Vítima;562,127;BR-040/MG;Sul;Queda de Carga;0;0;1;0;0;0;0;0;0;0;1;0;0;0;0
24/11/2015;09:42:00;116;Acidente com Vítima;737,5;BR-040/MG;Sul;Queda de Carga;0;0;1;0;0;0;0;0;0;0;0;1;0;0;0
25/11/2015;19:53:00;289;Acidente sem Vítima;8,7;BR-040/GO;Sul;Colisão traseira;2;0;0;0;0;0;0;0;0;0;2;0;0;0;0
25/11/2015;11:11:00;130;Atropelamento sem Morte;10,1;BR-040/GO;Norte;Atropelamento - Pedestre caminhando;0;0;0;0;0;0;0;0;0;1;1;1;0;0;0
25/11/2015;17:32:00;244;Acidente sem Vítima;487,1;BR-040/MG;Norte;Colisão traseira;0;0;2;0;0;0;0;0;0;0;2;0;0;0;0
25/11/2015;07:54:00;77;Acidente sem Vítima;530,1;BR-040/MG;Sul;Colisão traseira;1;0;0;1;0;0;0;0;0;0;2;0;0;0;0
25/11/2015;14:38:00;186;Acidente com Vítima;535,5;BR-040/MG;Sul;Abalroamento - Longitudinal;1;0;0;1;0;0;0;0;0;0;1;1;0;0;0
25/11/2015;17:12:00;239;Acidente com Vítima;549,1;BR-040/MG;Sul;Colisão traseira;1;0;1;0;0;0;0;0;0;0;2;3;0;0;0
25/11/2015;19:42:00;285;Acidente com Vítima;568,2;BR-040/MG;Norte;Choque com objeto fixo;1;0;0;0;0;0;0;0;0;0;0;1;0;0;0
25/11/2015;21:13:00;308;Acidente sem Vítima;587,05;BR-040/MG;Sul;Choque com objeto fixo;0;0;1;0;0;0;0;0;0;0;1;0;0;0;0
25/11/2015;00:21:00;2;Acidente sem Vítima;590,8;BR-040/MG;Sul;Choque em defensa;1;0;0;0;0;0;0;0;0;0;2;0;0;0;0
26/11/2015;08:44:00;119;Atropelamento sem Morte;4,1;BR-040/GO;Norte;Atropelamento - Pedestre atravessando;0;0;0;0;0;0;0;0;0;0;0;1;0;0;0
26/11/2015;02:36:00;20;Acidente sem Vítima;384,33;BR-040/MG;Sul;Atropelamento - Animal;1;0;1;0;0;0;0;0;0;0;2;0;0;0;0
26/11/2015;15:45:00;256;Acidente sem Vítima;502,5;BR-040/MG;Sul;Capotamento;1;0;0;0;0;0;0;0;0;0;1;0;0;0;0
26/11/2015;21:00:00;346;Acidente sem Vítima;523,3;BR-040/MG;Norte;Capotamento;1;0;0;0;0;0;0;0;0;0;1;0;0;0;0
26/11/2015;17:39:00;278;Acidente com Vítima;524,1;BR-040/MG;Norte;Colisão traseira;1;0;0;1;0;0;0;0;0;0;1;1;0;1;0
26/11/2015;06:57:00;78;Acidente com Vítima;526,7;BR-040/MG;Sul;Atropelamento - Animal;0;0;0;1;0;0;0;0;0;0;0;1;0;0;0
26/11/2015;08:05:00;103;Acidente sem Vítima;527,1;BR-040/MG;Sul;Colisão traseira;2;0;0;0;0;0;0;0;0;0;2;0;0;0;0
26/11/2015;17:50:00;283;Acidente sem Vítima;534,5;BR-040/MG;Sul;Colisão traseira;2;0;0;0;0;0;0;0;0;0;3;0;0;0;0
26/11/2015;18:52:00;304;Acidente sem Vítima;595,01;BR-040/MG;Sul;Outros;1;0;1;0;0;0;0;0;0;0;2;0;0;0;0
26/11/2015;01:32:00;16;Acidente sem Vítima;599,2;BR-040/MG;Sul;Colisão traseira;2;0;0;0;0;0;0;0;0;0;2;0;0;0;0
27/11/2015;15:49:00;307;Acidente sem Vítima;5,147;BR-040/MG;Norte;Abalroamento - Transversal;1;0;1;0;0;0;0;0;0;0;2;0;0;0;0
27/11/2015;06:52:00;89;Acidente com Vítima;6,668;BR-040/DF;Sul;Abalroamento - Transversal;1;0;0;1;0;0;0;0;0;0;1;0;1;0;0
27/11/2015;21:51:00;411;Acidente com Vítima;12,8;BR-040/GO;Norte;Abalroamento - Longitudinal;0;0;0;1;0;0;0;0;0;0;1;1;0;0;0
27/11/2015;13:50:00;269;Acidente sem Vítima;299,224;BR-040/MG;Norte;Abalroamento - Longitudinal;0;0;0;1;0;0;0;0;0;1;2;0;0;0;0
27/11/2015;07:33:00;114;Acidente sem Vítima;474,9;BR-040/MG;Sul;Abalroamento - Longitudinal;2;0;1;0;0;0;0;0;0;0;3;0;0;0;0
27/11/2015;07:19:00;107;Acidente sem Vítima;474,9;BR-040/MG;Sul;Abalroamento - Longitudinal;2;0;0;0;0;0;0;0;0;0;2;0;0;0;0
27/11/2015;13:13:00;257;Acidente com Vítima;515,002;BR-040/MG;Norte;Outros;0;0;0;1;0;0;0;0;0;0;0;1;0;0;0
27/11/2015;17:32:00;339;Acidente com Vítima;536,9;BR-040/MG;Norte;Abalroamento - Longitudinal;2;0;0;1;0;0;0;0;0;0;2;2;0;0;0
27/11/2015;05:02:00;68;Acidente sem Vítima;537,2;BR-040/MG;Sul;Choque com objeto fixo;1;0;0;0;0;0;0;0;0;0;1;0;0;0;0
27/11/2015;17:39:00;345;Acidente sem Vítima;544,1;BR-040/MG;Norte;Abalroamento - Longitudinal;1;0;1;0;0;0;0;0;0;0;2;0;0;0;0
27/11/2015;22:53:00;431;Acidente sem Vítima;671,8;BR-040/MG;Norte;Abalroamento - Longitudinal;1;0;0;0;0;1;0;0;0;0;2;0;0;0;0
27/11/2015;20:48:00;395;Acidente sem Vítima;760,811;BR-040/MG;Norte;;1;0;0;0;0;0;0;0;0;0;1;0;0;0;0
28/11/2015;02:40:00;36;Acidente sem Vítima;1,5;BR-040/DF;Norte;Capotamento;1;0;0;0;0;0;0;0;0;0;1;0;0;0;0
28/11/2015;21:28:00;304;Acidente com Vítima;9,1;BR-040/GO;Sul;Colisão traseira;1;0;0;1;0;0;0;0;0;0;1;0;1;0;0
28/11/2015;09:09:00;100;Acidente sem Vítima;49,2;BR-040/MG;Norte;Capotamento;1;0;0;0;0;0;0;0;0;0;2;0;0;0;0
28/11/2015;23:07:00;322;Atropelamento sem Morte;20;BR-040/GO;Norte;Atropelamento - Pedestre caminhando;1;0;0;0;0;0;0;0;0;0;1;1;0;0;0
28/11/2015;06:30:00;89;Acidente com Vítima;82,1;BR-040/MG;Sul;Choque com objeto fixo;1;0;0;0;0;0;0;0;0;0;0;1;0;0;0
28/11/2015;12:42:00;153;Acidente sem Vítima;130,1;BR-040/MG;Sul;;1;0;0;0;0;0;0;0;0;0;1;0;0;0;0
28/11/2015;17:09:00;239;Acidente sem Vítima;494;BR-040/MG;Sul;Abalroamento - Longitudinal;1;0;1;0;0;0;0;0;0;0;2;0;0;0;0
28/11/2015;04:52:00;51;Acidente sem Vítima;496,7;BR-040/MG;Sul;;1;0;0;0;0;0;0;0;0;0;1;0;0;0;0
28/11/2015;06:50:00;61;Acidente sem Vítima;520,07;BR-040/MG;Norte;Capotamento;1;0;0;0;0;0;0;0;0;0;1;0;0;0;0
28/11/2015;16:38:00;222;Acidente com Vítima;521,001;BR-040/MG;Sul;Colisão traseira;3;0;0;1;0;0;0;0;0;0;8;0;1;0;0
28/11/2015;23:27:00;327;Acidente sem Vítima;534,2;BR-040/MG;Norte;Colisão traseira;2;0;0;0;0;0;0;0;0;0;2;0;0;0;0
28/11/2015;22:03:00;311;Acidente sem Vítima;571,291;BR-040/MG;Norte;Colisão traseira;1;0;1;0;0;0;0;0;0;0;2;0;0;0;0
28/11/2015;17:50:00;248;Acidente sem Vítima;609;BR-040/MG;Norte;Colisão traseira;2;0;0;0;0;0;0;0;0;0;2;0;0;0;0