data;horario;n_da_ocorrencia;tipo_de_ocorrencia;km;trecho;sentido;tipo_de_acidente;automovel;bicicleta;caminhao;moto;onibus;outros;tracao_animal;transporte_de_cargas_especiais;trator_maquinas;utilitarios;ilesos;levemente_feridos;moderadamente_feridos;gravemente_feridos;mortos
07/12/2015;19:57:00;298;Acidente com Vítima;771,05;BR-040/MG;Sul;Abalroamento - Longitudinal;2;0;0;0;0;0;0;0;0;0;2;2;0;0;0
08/12/2015;10:22:00;124;Acidente sem Vítima;0,4;BR-040/DF;Norte;Outros;0;0;0;1;0;0;0;0;0;0;1;0;0;0;0
08/12/2015;03:48:00;16;Acidente sem Vítima;1,5;BR-040/GO;Sul;Colisão traseira;2;0;0;0;0;0;0;0;0;0;2;0;0;0;0
08/12/2015;17:06:00;200;Acidente com Vítima;2,35;BR-040/DF;Sul;Choque em barreira New Jersey;0;0;0;0;0;0;0;0;0;1;0;0;1;0;0
08/12/2015;10:54:00;133;Acidente sem Vítima;3,2;BR-040/GO;Norte;Outros;1;0;0;1;0;0;0;0;0;0;2;0;0;0;0
08/12/2015;13:11:00;154;Atropelamento sem Morte;5,16;BR-040/GO;Norte;Atropelamento - Pedestre atravessando;1;0;0;0;0;0;0;0;0;0;1;1;0;0;0
08/12/2015;16:34:00;194;Acidente sem Vítima;61,68;BR-040/MG;Sul;Colisão traseira;1;0;0;0;0;1;0;0;0;0;2;0;0;0;0
08/12/2015;19:47:00;252;Acidente sem Vítima;125,4;BR-040/MG;Norte;Queda de Carga;1;0;0;0;0;0;0;0;0;0;1;0;0;0;0
08/12/2015;22:56:00;291;Acidente sem Vítima;499,2;BR-040/MG;Sul;Abalroamento - Longitudinal;1;0;0;0;0;0;0;0;0;0;3;0;0;0;0
08/12/2015;02:01:00;9;Acidente sem Vítima;527,1;BR-040/MG;Norte;Capotamento;1;0;0;0;0;0;0;0;0;0;1;0;0;0;0
08/12/2015;14:56:00;175;Acidente com Vítima;530,5;BR-040/MG;Sul;Colisão traseira;4;0;0;1;0;0;0;0;0;0;10;0;1;0;0
08/12/2015;13:46:00;161;Acidente sem Vítima;532,6;BR-040/MG;Norte;Colisão traseira;2;0;0;0;0;0;0;0;0;0;5;0;0;0;0
08/12/2015;02:48:00;14;Acidente sem Vítima;546,5;BR-040/MG;Sul;Choque em barreira New Jersey;1;0;0;0;0;0;0;0;0;0;1;0;0;0;0
08/12/2015;22:01:00;281;Acidente sem Vítima;598,2;BR-040/MG;Norte;Choque com objeto fixo;1;0;0;0;0;0;0;0;0;0;4;0;0;0;0
08/12/2015;21:36:00;274;Acidente sem Vítima;618,4;BR-040/MG;Norte;Outros;1;0;0;0;0;0;0;0;0;0;4;0;0;0;0
08/12/2015;21:50:00;279;Acidente sem Vítima;618,5;BR-040/MG;Sul;Outros;1;0;0;0;0;0;0;0;0;0;4;0;0;0;0
08/12/2015;07:35:00;59;Atropelamento com Morte;618,85;BR-040/MG;Sul;Atropelamento - Ciclista;0;0;0;0;1;0;0;0;0;0;1;0;0;0;1
08/12/2015;20:47:00;264;Acidente com Vítima;7,01;BR-040/DF;Sul;Outros;1;0;0;1;0;0;0;0;0;0;1;1;0;0;0
08/12/2015;10:05:00;120;Acidente com Vítima;703,6;BR-040/MG;Norte;Colisão traseira;2;0;0;1;0;0;0;0;0;0;2;1;0;0;0
08/12/2015;18:13:00;215;Acidente sem Vítima;714,1;BR-040/MG;Norte;Abalroamento - Transversal;2;0;0;0;0;0;0;0;0;0;4;0;0;0;0
09/12/2015;19:43:00;355;Acidente com Vítima;0,5;BR-040/GO;Sul;Abalroamento - Longitudinal;2;0;0;1;0;0;0;0;0;0;3;0;1;0;0
09/12/2015;13:25:00;247;Acidente com Vítima;4,005;BR-040/DF;Sul;Colisão traseira;1;0;1;0;0;0;0;0;0;0;3;1;0;0;0
09/12/2015;16:36:00;290;Acidente sem Vítima;122,001;BR-040/MG;Sul;Outros;1;0;0;0;0;0;0;0;0;0;1;0;0;0;0
09/12/2015;09:49:00;155;Acidente sem Vítima;464,3;BR-040/MG;Sul;Queda de Carga;0;0;1;0;0;0;0;0;0;0;1;0;0;0;0
09/12/2015;13:49:00;252;Acidente com Vítima;510,02;BR-040/MG;Sul;Colisão frontal;2;0;0;0;0;0;0;0;0;1;1;0;2;0;0
09/12/2015;11:49:00;219;Acidente sem Vítima;517,5;BR-040/MG;Norte;Capotamento;1;0;0;0;0;0;0;0;0;0;3;0;0;0;0
09/12/2015;19:54:00;358;Acidente com Vítima;521,426;BR-040/MG;Norte;Outros;0;0;0;1;0;0;0;0;0;0;1;0;1;0;0
09/12/2015;13:53:00;253;Acidente sem Vítima;526,001;BR-040/MG;Norte;Queda de Carga;1;0;0;0;0;0;0;0;0;0;1;0;0;0;0
09/12/2015;12:19:00;223;Acidente sem Vítima;527,001;BR-040/MG;Norte;Abalroamento - Longitudinal;1;0;1;0;0;0;0;0;0;0;2;0;0;0;0
09/12/2015;07:27:00;74;Acidente sem Vítima;543,9;BR-040/MG;Norte;Colisão traseira;0;0;0;1;1;0;0;0;0;0;2;0;0;0;0
09/12/2015;23:20:00;413;Acidente sem Vítima;558,7;BR-040/MG;Sul;Colisão traseira;0;0;2;0;0;0;0;0;0;0;2;0;0;0;0
09/12/2015;09:03:00;119;Acidente com Vítima;575,018;BR-040/MG;Sul;Abalroamento - Longitudinal;2;0;0;0;0;0;0;0;0;0;2;0;0;0;0
09/12/2015;01:50:00;12;Acidente sem Vítima;612,2;BR-040/MG;Norte;Abalroamento - Longitudinal;0;0;2;0;0;0;0;0;0;0;2;0;0;0;0
09/12/2015;11:38:00;212;Acidente com Vítima;671,044;BR-040/MG;Norte;Capotamento;1;0;0;0;0;0;0;0;0;0;0;0;1;0;0
09/12/2015;14:05:00;257;Acidente sem Vítima;725,7;BR-040/MG;Norte;Capotamento;1;0;0;0;0;0;0;0;0;0;1;0;0;0;0
09/12/2015;03:30:00;26;Acidente com Vítima;765,6;BR-040/MG;Sul;Choque em barreira New Jersey;0;0;1;0;0;0;0;0;0;0;9;3;1;0;0
10/12/2015;05:51:00;46;Acidente sem Vítima;197,5;BR-040/MG;Sul;Capotamento;1;0;0;0;0;1;0;0;0;0;2;0;0;0;0
10/12/2015;23:45:00;413;Acidente sem Vítima;430,226;BR-040/MG;Norte;Colisão traseira;0;0;2;0;0;0;0;0;0;0;2;0;0;0;0
10/12/2015;19:06:00;352;Acidente sem Vítima;449,898;BR-040/MG;Sul;Capotamento;1;0;0;0;0;0;0;0;0;0;1;0;0;0;0
10/12/2015;14:01:00;224;Acidente sem Vítima;462,03;BR-040/MG;Norte;Colisão traseira;1;0;0;1;0;0;0;0;0;0;2;0;0;0;0
10/12/2015;20:43:00;376;Acidente com Vítima;525,164;BR-040/MG;Norte;Outros;0;0;0;1;0;0;0;0;0;0;0;0;1;0;0
10/12/2015;09:19:00;129;Acidente sem Vítima;532,5;BR-040/MG;Sul;Colisão traseira;1;0;0;1;0;0;0;0;0;0;3;0;0;0;0
10/12/2015;21:17:00;386;Acidente sem Vítima;540,715;BR-040/MG;Norte;Atropelamento - Animal;1;0;0;0;0;0;0;0;0;0;1;0;0;0;0
10/12/2015;19:57:00;369;Acidente sem Vítima;546,59;BR-040/MG;Sul;Choque com objeto fixo;1;0;0;0;0;0;0;0;0;0;1;0;0;0;0
10/12/2015;18:57:00;347;Acidente sem Vítima;546,593;BR-040/MG;Sul;Choque em barreira New Jersey;1;0;0;0;0;0;0;0;0;0;1;0;0;0;0
10/12/2015;15:54:00;283;Acidente sem Vítima;557,6;BR-040/MG;Sul;Abalroamento - Longitudinal;2;0;0;0;0;0;0;0;0;0;2;0;0;0;0
10/12/2015;16:54:00;301;Acidente sem Vítima;632,2;BR-040/MG;Norte;Abalroamento - Longitudinal;2;0;0;0;0;0;0;0;0;0;2;0;0;0;0
10/12/2015;21:23:00;387;Acidente com Vítima;677,8;BR-040/MG;Sul;Capotamento;1;0;0;0;0;0;0;0;0;0;1;1;0;0;0
10/12/2015;17:11:00;308;Acidente com Vítima;700,045;BR-040/MG;Norte;Outros;0;0;0;1;0;0;0;0;0;0;1;1;0;0;0
11/12/2015;15:08:00;214;Acidente sem Vítima;0,5;BR-040/DF;Norte;Colisão traseira;2;0;0;0;0;0;0;0;0;0;2;0;0;0;0
11/12/2015;20:10:00;318;Acidente sem Vítima;2,1;BR-040/GO;Sul;Colisão traseira;2;0;0;0;0;0;0;0;0;0;2;0;0;0;0
11/12/2015;07:32:00;64;Acidente sem Vítima;3,7;BR-040/DF;Sul;Colisão traseira;1;0;0;0;0;0;0;0;0;1;2;0;0;0;0
11/12/2015;21:57:00;349;Acidente com Vítima;10,3;BR-040/GO;Norte;Choque com objeto fixo;1;0;0;0;0;0;0;0;0;0;0;1;0;0;0
11/12/2015;20:35:00;323;Acidente com Vítima;36,2;BR-040/MG;Sul;Outros;1;0;0;0;0;0;0;0;0;0;2;1;0;0;0
11/12/2015;16:47:00;240;Acidente sem Vítima;12,6;BR-040/GO;Sul;Abalroamento - Transversal;2;0;0;0;0;0;0;0;0;0;5;0;0;0;0
11/12/2015;16:57:00;242;Acidente com Vítima;45,3;BR-040/MG;Sul;Outros;0;0;0;0;0;0;0;0;0;1;2;2;0;0;0
11/12/2015;20:15:00;315;Acidente com Vítima;473,3;BR-040/MG;Norte;Choque com objeto fixo;1;0;0;0;0;0;0;0;0;0;0;1;0;0;0
11/12/2015;06:49:00;47;Acidente sem Vítima;510,2;BR-040/MG;Norte;Colisão traseira;0;0;0;0;1;0;0;0;0;2;3;0;0;0;0
11/12/2015;17:02:00;244;Acidente sem Vítima;513,325;BR-040/MG;Sul;Colisão traseira;1;0;0;0;0;0;0;0;0;1;3;0;0;0;0
11/12/2015;19:05:00;288;Acidente sem Vítima;533,8;BR-040/MG;Norte;Outros;0;0;0;1;0;0;0;0;0;0;1;0;0;0;0
11/12/2015;18:40:00;278;Acidente com Vítima;536,2;BR-040/MG;Norte;Abalroamento - Longitudinal;0;0;0;2;0;0;0;0;0;0;1;2;0;0;0
11/12/2015;10:48:00;145;Acidente sem Vítima;713,1;BR-040/MG;Norte;Choque em defensa;1;0;0;0;0;0;0;0;0;0;1;0;0;0;0
11/12/2015;08:34:00;89;Acidente com Vítima;727,1;BR-040/MG;Sul;Queda de Carga;0;0;0;0;0;1;0;0;0;0;0;1;0;0;0
11/12/2015;00:06:00;1;Acidente sem Vítima;728,7;BR-040/MG;Sul;Colisão traseira;0;0;1;0;0;0;0;0;0;0;3;0;0;0;0
11/12/2015;19:06:00;290;Acidente sem Vítima;735,5;BR-040/MG;Sul;Colisão frontal;2;0;1;0;0;0;0;0;0;0;3;0;0;0;0
12/12/2015;18:46:00;221;Acidente sem Vítima;2,1;BR-040/GO;Sul;Colisão traseira;2;0;0;0;0;0;0;0;0;0;4;0;0;0;0
12/12/2015;16:59:00;177;Acidente com Vítima;3,1;BR-040/DF;Sul;Abalroamento - Longitudinal;2;0;0;1;0;0;0;0;0;0;2;0;1;0;0
12/12/2015;16:40:00;171;Acidente com Vítima;3,45;BR-040/DF;Sul;Abalroamento - Transversal;2;0;0;0;0;0;0;0;0;0;1;0;1;0;0
12/12/2015;22:56:00;293;Acidente sem Vítima;3,5;BR-040/GO;Sul;Abalroamento - Transversal;1;0;0;1;0;0;0;0;0;0;2;0;0;0;0
12/12/2015;00:35:00;4;Acidente sem Vítima;12,4;BR-040/GO;Sul;Abalroamento - Transversal;2;0;0;0;0;0;0;0;0;0;3;0;0;0;0
12/12/2015;02:34:00;30;Acidente com Vítima;28,8;BR-040/GO;Sul;Outros;0;0;0;1;0;0;0;0;0;0;0;0;1;0;0
12/12/2015;13:54:00;139;Acidente com Vítima;138,24;BR-040/MG;Norte;Abalroamento - Longitudinal;1;0;0;1;0;0;0;0;0;0;1;0;0;1;0
12/12/2015;09:40:00;92;Acidente sem Vítima;266,98;BR-040/MG;Norte;Abalroamento - Longitudinal;1;0;0;0;0;1;0;0;0;0;2;0;0;0;0
12/12/2015;02:25:00;29;Acidente com Vítima;360,3;BR-040/MG;Sul;Abalroamento - Longitudinal;1;0;1;0;0;0;0;0;0;0;2;2;0;0;0
12/12/2015;01:21:00;18;Acidente sem Vítima;487,4;BR-040/MG;Norte;Colisão traseira;2;0;0;0;0;0;0;0;0;0;2;0;0;0;0
12/12/2015;16:54:00;175;Acidente com Vítima;523,05;BR-040/MG;Sul;Outros;0;0;0;1;0;0;0;0;0;0;0;2;0;0;0
12/12/2015;18:17:00;205;Acidente sem Vítima;525,3;BR-040/MG;Norte;Choque em defensa;1;0;0;0;0;0;0;0;0;0;3;0;0;0;0
12/12/2015;06:59:00;50;Acidente com Vítima;543,5;BR-040/MG;Sul;Colisão traseira;1;0;0;1;0;0;0;0;0;0;2;1;0;0;0
12/12/2015;10:07:00;102;Acidente com Vítima;544,3;BR-040/MG;Norte;Outros;0;0;0;0;0;0;0;0;0;0;0;1;0;0;0
12/12/2015;00:45:00;7;Acidente sem Vítima;546,2;BR-040/MG;Sul;Choque com objeto fixo;1;0;0;0;0;0;0;0;0;0;1;0;0;0;0
12/12/2015;16:11:00;162;Acidente com Vítima;564,257;BR-040/MG;Norte;Colisão frontal;1;0;1;0;0;0;0;0;0;0;0;1;1;0;0
12/12/2015;09:42:00;93;Acidente sem Vítima;621,1;BR-040/MG;Sul;Colisão traseira;2;0;0;0;0;0;0;0;0;0;2;0;0;0;0
12/12/2015;23:58:00;303;Acidente sem Vítima;632,1;BR-040/MG;Norte;Atropelamento - Animal;0;0;1;0;0;0;0;0;0;0;1;0;0;0;0
12/12/2015;17:01:00;178;Acidente sem Vítima;647,1;BR-040/MG;Norte;Choque com objeto fixo;1;0;0;0;0;0;0;0;0;0;1;0;0;0;0
12/12/2015;03:22:00;34;Acidente com Vítima;7,8;BR-040/DF;Sul;Capotamento;2;0;0;0;0;0;0;0;0;0;3;2;3;0;0
12/12/2015;14:21:00;142;Acidente com Vítima;730,1;BR-040/MG;Norte;Queda de Carga;1;0;0;0;0;0;0;0;0;0;11;0;1;0;0
12/12/2015;18:48:00;222;Acidente sem Vítima;763,2;BR-040/MG;Sul;Capotamento;1;0;0;0;0;0;0;0;0;0;1;0;0;0;0
13/12/2015;09:10:00;56;Atropelamento sem Morte;13,4;BR-040/GO;Sul;Atropelamento - Pedestre atravessando;0;0;0;1;0;0;0;0;0;0;1;1;0;0;0
13/12/2015;04:37:00;24;Acidente sem Vítima;444,6;BR-040/MG;Norte;Choque em defensa;1;0;0;0;0;0;0;0;0;0;1;0;0;0;0
13/12/2015;21:01:00;216;Acidente sem Vítima;449,8;BR-040/MG;Sul;Outros;0;0;0;1;0;0;0;0;0;0;1;0;0;0;0
13/12/2015;22:03:00;233;Acidente sem Vítima;481,5;BR-040/MG;Sul;Outros;1;0;0;1;0;0;0;0;0;0;2;0;0;0;0
13/12/2015;17:21:00;156;Acidente sem Vítima;510,1;BR-040/MG;Sul;Colisão traseira;3;0;0;0;0;0;0;0;0;0;3;0;0;0;0
13/12/2015;15:05:00;126;Acidente sem Vítima;515,706;BR-040/MG;Norte;Colisão traseira;3;0;0;0;0;0;0;0;0;0;3;0;0;0;0
13/12/2015;14:45:00;121;Acidente com Vítima;547,347;BR-040/MG;Sul;Outros;0;0;0;1;0;0;0;0;0;0;0;2;0;0;0
13/12/2015;08:04:00;41;Acidente com Vítima;549,194;BR-040/MG;Norte;Capotamento;1;0;0;0;0;0;0;0;0;0;0;1;0;0;0
13/12/2015;14:34:00;118;Acidente com Vítima;581,5;BR-040/MG;Sul;Colisão frontal;2;0;0;0;0;0;0;0;0;0;2;0;0;1;0
13/12/2015;16:10:00;138;Acidente sem Vítima;603,3;BR-040/MG;Sul;Outros;1;0;0;0;0;0;0;0;0;0;2;0;0;0;0
13/12/2015;21:28:00;224;Acidente sem Vítima;618,5;BR-040/MG;Norte;Colisão traseira;1;0;0;0;1;0;0;0;0;0;2;0;0;0;0
13/12/2015;04:23:00;22;Acidente sem Vítima;76,2;BR-040/GO;Norte;Choque com objeto fixo;0;0;0;1;0;0;0;0;0;0;1;0;0;0;0
13/12/2015;18:20:00;175;Acidente sem Vítima;692,8;BR-040/MG;Sul;Colisão traseira;2;0;0;0;0;0;0;0;0;0;5;0;0;0;0
13/12/2015;19:35:00;202;Acidente sem Vítima;714,5;BR-040/MG;Norte;Colisão traseira;0;0;2;0;0;0;0;0;0;0;2;0;0;0;0
13/12/2015;05:13:00;26;Acidente com Vítima;753,5;BR-040/MG;Norte;Choque com objeto fixo;1;0;0;0;0;0;0;0;0;0;0;1;0;0;0
14/12/2015;01:26:00;5;Acidente sem Vítima;2,8;BR-040/GO;Sul;Outros;0;0;0;1;0;0;0;0;0;0;2;0;0;0;0
14/12/2015;17:06:00;309;Acidente com Vítima;32;BR-040/GO;Sul;Capotamento;1;0;0;0;0;0;0;0;0;0;0;1;1;0;0
14/12/2015;18:12:00;325;Atropelamento sem Morte;424,1;BR-040/MG;Sul;Atropelamento - Pedestre atravessando;1;0;0;0;0;0;0;0;0;0;1;0;1;0;0
14/12/2015;22:12:00;395;Acidente sem Vítima;482,5;BR-040/MG;Norte;Atropelamento - Animal;1;0;0;0;0;0;0;0;0;0;3;0;0;0;0
14/12/2015;00:25:00;1;Acidente com Vítima;503,7;BR-040/MG;Sul;Queda de Carga;0;0;1;0;0;0;0;0;0;0;0;3;0;0;0
14/12/2015;10:03:00;125;Acidente sem Vítima;512,3;BR-040/MG;Norte;Outros;0;0;0;1;0;0;0;0;0;0;2;0;0;0;0
14/12/2015;12:39:00;173;Acidente sem Vítima;521;BR-040/MG;Norte;Outros;1;0;0;0;0;0;0;0;0;0;3;0;0;0;0
14/12/2015;15:47:00;274;Acidente sem Vítima;566,1;BR-040/MG;Norte;Outros;1;0;1;0;0;0;0;0;0;0;2;0;0;0;0
14/12/2015;16:05:00;283;Acidente sem Vítima;714,001;BR-040/MG;Sul;Colisão traseira;0;0;2;0;0;0;0;0;0;0;3;0;0;0;0
14/12/2015;16:14:00;291;Acidente sem Vítima;721,02;BR-040/MG;Norte;Colisão traseira;2;0;0;0;0;0;0;0;0;0;2;0;0;0;0
14/12/2015;23:26:00;408;Acidente sem Vítima;765,35;BR-040/MG;Sul;Choque em defensa;0;0;1;0;0;0;0;0;0;0;1;0;0;0;0
15/12/2015;06:54:00;74;Acidente com Vítima;1,3;BR-040/DF;Norte;Colisão traseira;1;0;0;1;0;0;0;0;0;0;1;1;0;0;0
15/12/2015;08:23:00;111;Acidente sem Vítima;2,2;BR-040/DF;Norte;Colisão traseira;4;0;0;0;1;0;0;0;0;0;5;0;0;0;0
15/12/2015;09:05:00;124;Acidente com Vítima;3,5;BR-040/DF;Sul;Choque em veículo parado na pista;1;0;0;1;0;0;0;0;0;0;1;1;0;0;0
15/12/2015;10:22:00;153;Acidente sem Vítima;42,3;BR-040/MG;Norte;Abalroamento - Longitudinal;2;0;0;0;0;0;0;0;0;0;2;0;0;0;0
15/12/2015;01:28:00;14;Acidente sem Vítima;201,5;BR-040/MG;Norte;Choque com objeto fixo;1;0;0;0;0;0;0;0;0;0;1;0;0;0;0
15/12/2015;15:52:00;213;Acidente sem Vítima;524,3;BR-040/MG;Norte;Colisão traseira;3;0;1;0;0;0;0;0;0;0;4;0;0;0;0
15/12/2015;15:56:00;214;Acidente sem Vítima;525,1;BR-040/MG;Norte;Capotamento;1;0;0;0;0;0;0;0;0;0;1;0;0;0;0
15/12/2015;15:15:00;205;Acidente com Morte;527,35;BR-040/MG;Norte;Colisão frontal;1;0;0;0;1;0;0;0;0;1;0;0;4;0;1
15/12/2015;15:44:00;211;Acidente sem Vítima;550,5;BR-040/MG;Sul;Capotamento;1;0;0;0;0;0;0;0;0;0;1;0;0;0;0
16/12/2015;18:09:00;225;Acidente sem Vítima;0;Fora_Rota;Norte;Outros;0;0;0;1;0;0;0;0;0;0;1;0;0;0;0
16/12/2015;16:16:00;189;Acidente sem Vítima;3,2;BR-040/GO;Sul;Colisão traseira;2;0;0;0;0;0;0;0;0;0;2;0;0;0;0
16/12/2015;11:02:00;127;Acidente sem Vítima;6,8;BR-040/GO;Sul;Queda de Carga;0;0;1;0;0;0;0;0;0;0;1;0;0;0;0
16/12/2015;06:01:00;36;Acidente sem Vítima;20,1;BR-040/GO;Norte;Choque com objeto fixo;1;0;0;0;0;0;0;0;0;0;1;0;0;0;0
16/12/2015;20:03:00;276;Acidente com Vítima;526,98;BR-040/MG;Norte;Outros;0;0;0;1;0;0;0;0;0;0;0;1;1;0;0
16/12/2015;08:15:00;75;Acidente sem Vítima;533,8;BR-040/MG;Norte;Queda de Carga;0;0;1;0;0;0;0;0;0;0;1;0;0;0;0
16/12/2015;17:23:00;209;Acidente sem Vítima;544,2;BR-040/MG;Norte;Colisão traseira;5;0;0;1;0;0;0;0;0;0;8;0;0;0;0
16/12/2015;14:26:00;174;Acidente com Vítima;544,2;BR-040/MG;Norte;Capotamento;1;0;0;0;0;0;0;0;0;0;0;1;0;0;0
16/12/2015;12:43:00;145;Acidente com Vítima;619,878;BR-040/MG;Sul;Choque com objeto fixo;1;0;0;0;0;0;0;0;0;0;1;1;0;0;0
16/12/2015;18:48:00;235;Acidente com Vítima;626,9;BR-040/MG;Sul;Abalroamento - Transversal;2;0;0;0;0;0;0;0;0;0;2;0;3;0;0
16/12/2015;21:23:00;301;Acidente sem Vítima;728,05;BR-040/MG;Sul;Choque com objeto fixo;1;0;0;0;0;0;0;0;0;0;1;0;0;0;0
17/12/2015;21:06:00;388;Acidente sem Vítima;1,8;BR-040/GO;Sul;Colisão traseira;2;0;0;0;0;0;0;0;0;0;3;0;0;0;0
17/12/2015;13:25:00;225;Acidente com Vítima;41,7;BR-040/MG;Norte;Abalroamento - Longitudinal;1;0;0;1;0;0;0;0;0;0;1;1;0;0;0
17/12/2015;20:53:00;379;Acidente sem Vítima;125,2;BR-040/MG;Sul;Colisão traseira;1;0;1;0;0;0;0;0;0;0;4;0;0;0;0
17/12/2015;21:06:00;389;Acidente sem Vítima;138;BR-040/MG;Norte;Outros;0;0;0;0;0;0;0;0;0;0;0;0;0;0;0
17/12/2015;17:01:00;294;Acidente sem Vítima;526,5;BR-040/MG;Norte;Abalroamento - Longitudinal;1;0;2;0;0;0;0;0;0;0;3;0;0;0;0
17/12/2015;17:59:00;315;Acidente sem Vítima;552,9;BR-040/MG;Sul;Capotamento;1;0;0;0;0;0;0;0;0;0;1;0;0;0;0
17/12/2015;19:16:00;339;Acidente sem Vítima;559,2;BR-040/MG;Norte;Abalroamento - Longitudinal;1;0;1;0;0;0;0;0;0;0;61;0;0;0;0
17/12/2015;09:36:00;153;Acidente sem Vítima;575,312;BR-040/MG;Sul;Colisão traseira;2;0;0;0;0;0;0;0;0;0;2;0;0;0;0
17/12/2015;06:59:00;68;Acidente sem Vítima;587,5;BR-040/MG;Sul;Queda de Carga;0;0;1;0;0;0;0;0;0;0;1;0;0;0;0
17/12/2015;17:29:00;306;Acidente com Vítima;591,3;BR-040/MG;Norte;Choque com objeto fixo;1;0;0;0;0;0;0;0;0;0;2;2;0;0;0
18/12/2015;07:23:00;74;Acidente com Vítima;2,15;BR-040/DF;Norte;Abalroamento - Longitudinal;1;0;0;1;0;0;0;0;0;0;1;1;0;0;0
18/12/2015;07:24:00;77;Acidente sem Vítima;36,4;BR-040/MG;Sul;Colisão traseira;2;0;0;0;0;0;0;0;0;0;2;0;0;0;0
18/12/2015;22:28:00;427;Acidente sem Vítima;13,8;BR-040/GO;Sul;Colisão traseira;3;0;0;0;0;0;0;0;0;0;5;0;0;0;0
18/12/2015;23:47:00;442;Acidente com Vítima;274,03;BR-040/MG;Sul;Outros;0;0;0;0;0;0;0;0;0;0;0;0;0;0;0
18/12/2015;11:33:00;192;Atropelamento sem Morte;451,7;BR-040/MG;Norte;Atropelamento - Pedestre atravessando;2;0;0;0;0;0;0;0;0;0;1;1;0;0;0
18/12/2015;18:08:00;344;Acidente sem Vítima;461,4;BR-040/MG;Sul;Colisão traseira;2;0;0;0;0;0;0;0;0;0;6;0;0;0;0
18/12/2015;15:03:00;260;Acidente sem Vítima;461,75;BR-040/MG;Sul;Outros;1;0;0;0;0;0;0;0;0;0;1;0;0;0;0
18/12/2015;17:09:00;322;Acidente com Vítima;463,35;BR-040/MG;Sul;Colisão traseira;3;0;0;0;0;0;0;0;0;0;3;2;0;0;0
18/12/2015;14:43:00;246;Acidente sem Vítima;468,15;BR-040/MG;Sul;Choque com objeto fixo;1;0;0;0;0;0;0;0;0;0;1;0;0;0;0
18/12/2015;08:34:00;120;Acidente com Vítima;472,5;BR-040/MG;Sul;Capotamento;1;0;0;0;0;0;0;0;0;0;0;1;0;0;0
18/12/2015;14:02:00;239;Acidente sem Vítima;494,2;BR-040/MG;Norte;Capotamento;1;0;0;0;0;0;0;0;0;0;5;0;0;0;0
18/12/2015;17:27:00;332;Acidente sem Vítima;506,3;BR-040/MG;Sul;Choque em barreira New Jersey;1;0;0;0;0;0;0;0;0;0;1;0;0;0;0
18/12/2015;18:14:00;347;Acidente sem Vítima;518,4;BR-040/MG;Sul;Outros;0;0;0;1;0;0;0;0;0;0;1;0;0;0;0
18/12/2015;18:09:00;345;Acidente sem Vítima;525,2;BR-040/MG;Norte;Abalroamento - Longitudinal;1;0;1;0;0;0;0;0;0;0;3;0;0;0;0
18/12/2015;15:21:00;273;Acidente com Vítima;527,5;BR-040/MG;Sul;Colisão traseira;3;0;1;0;0;0;0;0;0;0;3;1;0;0;0
18/12/2015;22:44:00;433;Atropelamento sem Morte;527,8;BR-040/MG;Norte;Atropelamento - Pedestre atravessando;1;0;0;0;0;0;0;0;0;0;2;0;1;0;0
18/12/2015;16:30:00;308;Acidente sem Vítima;533,5;BR-040/MG;Sul;Abalroamento - Longitudinal;0;0;2;0;0;0;0;0;0;0;14;0;0;0;0
18/12/2015;11:01:00;183;Acidente com Vítima;533,5;BR-040/MG;Norte;Colisão traseira;0;0;0;1;0;0;0;0;0;0;1;1;0;0;0
18/12/2015;09:30:00;144;Acidente com Vítima;543,8;BR-040/MG;Norte;Abalroamento - Longitudinal;1;0;0;1;0;0;0;0;0;0;1;0;0;0;0
18/12/2015;16:45:00;314;Acidente com Vítima;559,9;BR-040/MG;Sul;Choque com objeto fixo;1;0;0;0;0;0;0;0;0;0;0;0;3;0;0
18/12/2015;15:59:00;289;Acidente sem Vítima;589;BR-040/MG;Sul;Abalroamento - Transversal;3;0;0;0;0;0;0;0;0;0;5;0;0;0;0
18/12/2015;15:41:00;280;Acidente sem Vítima;591,8;BR-040/MG;Norte;Outros;1;0;0;0;0;0;0;0;0;0;1;0;0;0;0
18/12/2015;15:19:00;271;Acidente sem Vítima;593,1;BR-040/MG;Norte;Capotamento;1;0;0;0;0;0;0;0;0;0;1;0;0;0;0
18/12/2015;16:08:00;297;Acidente sem Vítima;617;BR-040/MG;Norte;Colisão traseira;2;0;0;0;0;0;0;0;0;0;2;0;0;0;0
18/12/2015;08:14:00;106;Acidente sem Vítima;58,1;BR-040/GO;Sul;Colisão traseira;3;0;0;0;0;0;0;0;0;0;3;0;0;0;0
18/12/2015;18:53:00;364;Acidente sem Vítima;685,5;BR-040/MG;Sul;Colisão traseira;1;0;1;0;0;0;0;0;0;0;2;0;0;0;0
18/12/2015;15:12:00;267;Acidente sem Vítima;714;BR-040/MG;Norte;Colisão traseira;2;0;0;0;0;0;0;0;0;0;2;0;0;0;0
18/12/2015;13:22:00;225;Acidente sem Vítima;739,75;BR-040/MG;Norte;Colisão traseira;3;0;0;0;0;0;0;0;0;0;9;0;0;0;0
18/12/2015;06:58:00;55;Acidente sem Vítima;743,447;BR-040/MG;Norte;Queda de Carga;0;0;1;0;0;0;0;0;0;0;1;0;0;0;0