data;horario;n_da_ocorrencia;tipo_de_ocorrencia;km;trecho;sentido;tipo_de_acidente;automovel;bicicleta;caminhao;moto;onibus;outros;tracao_animal;transporte_de_cargas_especiais;trator_maquinas;utilitarios;ilesos;levemente_feridos;moderadamente_feridos;gravemente_feridos;mortos
05/01/2016;19:59:00;294;Acidente sem Vítima;129,9;BR-040/MG;Norte;Choque com objeto fixo;1;0;0;0;0;0;0;0;0;0;4;0;0;0;0
05/01/2016;12:56:00;180;Acidente sem Vítima;289,1;BR-040/MG;Sul;Choque com objeto fixo;1;0;0;0;0;0;0;0;0;0;2;0;0;0;0
05/01/2016;17:43:00;246;Acidente sem Vítima;513,2;BR-040/MG;Norte;Colisão traseira;3;0;0;0;0;0;0;0;0;0;5;0;0;0;0
05/01/2016;18:12:00;257;Acidente sem Vítima;513,22;BR-040/MG;Sul;Colisão traseira;1;0;1;0;0;0;0;0;0;0;2;0;0;0;0
05/01/2016;18:09:00;252;Acidente sem Vítima;586,85;BR-040/MG;Sul;Choque em veículo parado na pista;0;0;2;0;0;0;0;0;0;0;2;0;0;0;0
05/01/2016;16:50:00;235;Acidente sem Vítima;619,262;BR-040/MG;Norte;Colisão traseira;1;0;1;0;0;0;0;0;0;0;2;0;0;0;0
05/01/2016;21:02:00;308;Acidente sem Vítima;632,4;BR-040/MG;Norte;Colisão traseira;2;0;0;0;0;0;0;0;0;0;2;0;0;0;0
05/01/2016;17:21:00;241;Acidente sem Vítima;74,5;BR-040/GO;Norte;Abalroamento - Transversal;2;0;0;0;0;0;0;0;0;0;2;0;0;0;0
06/01/2016;07:47:00;60;Acidente com Vítima;6,5;BR-040/DF;Norte;Outros;0;0;0;1;0;0;0;0;0;0;0;1;0;0;0
06/01/2016;04:22:00;18;Acidente com Morte;175,5;BR-040/MG;Norte;Capotamento;1;0;0;0;0;0;0;0;0;0;0;0;3;0;1
06/01/2016;14:59:00;196;Acidente sem Vítima;335,6;BR-040/MG;Norte;Colisão traseira;2;0;0;0;0;0;0;0;0;0;2;0;0;0;0
06/01/2016;07:03:00;45;Acidente sem Vítima;480,5;BR-040/MG;Sul;Queda de Carga;0;0;1;0;0;0;0;0;0;0;1;0;0;0;0
06/01/2016;23:19:00;314;Acidente sem Vítima;506,1;BR-040/MG;Norte;Atropelamento - Animal;1;0;0;0;0;0;0;0;0;0;3;0;0;0;0
06/01/2016;13:42:00;179;Acidente sem Vítima;510,1;BR-040/MG;Sul;Colisão traseira;1;0;0;1;0;0;0;0;0;0;2;0;0;0;0
06/01/2016;16:23:00;217;Acidente com Vítima;526,5;BR-040/MG;Sul;Outros;0;0;0;1;0;0;0;0;0;0;0;1;0;0;0
06/01/2016;22:15:00;304;Acidente com Vítima;528,06;BR-040/MG;Norte;Abalroamento - Longitudinal;1;0;0;1;0;0;0;0;0;0;3;1;0;0;0
06/01/2016;17:15:00;234;Acidente com Vítima;533,1;BR-040/MG;Sul;Colisão traseira;4;0;0;1;0;0;0;0;0;0;5;0;1;0;0
06/01/2016;11:55:00;147;Acidente com Vítima;533,1;BR-040/MG;Norte;Colisão traseira;1;0;0;1;0;0;0;0;0;0;1;1;0;0;0
06/01/2016;19:20:00;262;Acidente sem Vítima;534,18;BR-040/MG;Norte;Colisão traseira;3;0;0;0;0;0;0;0;0;0;3;0;0;0;0
06/01/2016;05:30:00;26;Acidente sem Vítima;652,05;BR-040/MG;Norte;Atropelamento - Animal;0;0;1;0;0;0;0;0;0;0;1;0;0;0;0
07/01/2016;18:14:00;295;Acidente sem Vítima;5,6;BR-040/DF;Sul;Colisão traseira;2;0;0;0;1;0;0;0;0;0;3;0;0;0;0
07/01/2016;09:49:00;151;Acidente sem Vítima;56,05;BR-040/MG;Norte;Abalroamento - Longitudinal;1;0;1;0;0;0;0;0;0;0;2;0;0;0;0
07/01/2016;14:32:00;222;Acidente com Vítima;256,8;BR-040/MG;Sul;Colisão frontal;2;0;0;0;0;0;0;0;0;0;1;1;0;0;0
07/01/2016;19:45:00;324;Acidente sem Vítima;436,5;BR-040/MG;Sul;Choque com objeto fixo;1;0;0;0;0;0;0;0;0;0;5;0;0;0;0
07/01/2016;05:42:00;23;Acidente com Vítima;462,9;BR-040/MG;Norte;Capotamento;1;0;0;0;0;0;0;0;0;0;1;0;1;0;0
07/01/2016;05:09:00;20;Acidente sem Vítima;487;BR-040/MG;Norte;Colisão traseira;0;0;2;0;0;0;0;0;0;0;2;0;0;0;0
07/01/2016;10:53:00;171;Acidente sem Vítima;708,001;BR-040/MG;Norte;Abalroamento - Transversal;2;0;0;0;0;0;0;0;0;0;4;0;0;0;0
08/01/2016;18:59:00;286;Acidente com Vítima;1,3;BR-040/GO;Sul;Abalroamento - Longitudinal;1;0;0;1;0;0;0;0;0;0;1;1;0;0;0
08/01/2016;18:40:00;281;Acidente sem Vítima;2,15;BR-040/GO;Sul;Abalroamento - Transversal;1;0;0;1;0;0;0;0;0;0;2;0;0;0;0
08/01/2016;20:09:00;311;Acidente com Vítima;6,9;BR-040/GO;Sul;Colisão traseira;1;0;0;1;0;0;0;0;0;0;1;1;0;0;0
08/01/2016;06:25:00;38;Acidente com Vítima;469,8;BR-040/MG;Norte;Choque com objeto fixo;1;0;0;0;0;0;0;0;0;0;4;1;0;0;0
08/01/2016;20:01:00;310;Acidente com Vítima;505,8;BR-040/MG;Sul;Choque em defensa;1;0;0;0;0;0;0;0;0;0;0;2;0;0;0
08/01/2016;18:04:00;273;Acidente sem Vítima;514,5;BR-040/MG;Norte;Colisão traseira;1;0;0;1;0;0;0;0;0;0;2;0;0;0;0
08/01/2016;10:08:00;139;Acidente com Vítima;521,95;BR-040/MG;Norte;Outros;1;0;0;0;0;0;0;0;0;0;1;0;1;0;0
08/01/2016;21:32:00;337;Acidente sem Vítima;535,1;BR-040/MG;Sul;Outros;1;0;0;0;0;0;0;0;0;0;2;0;0;0;0
08/01/2016;22:19:00;354;Acidente sem Vítima;537,8;BR-040/MG;Sul;Capotamento;1;0;0;0;0;0;0;0;0;0;1;0;0;0;0
08/01/2016;23:21:00;372;Acidente com Vítima;547,4;BR-040/MG;Norte;Choque com objeto fixo;1;0;0;0;0;0;0;0;0;0;0;0;2;0;0
08/01/2016;08:00:00;93;Acidente sem Vítima;575,5;BR-040/MG;Sul;Colisão traseira;2;0;0;1;0;0;0;0;0;0;3;0;0;0;0
08/01/2016;12:54:00;185;Acidente sem Vítima;596,11;BR-040/MG;Sul;Colisão traseira;2;0;0;0;0;0;0;0;0;0;2;0;0;0;0
08/01/2016;16:08:00;240;Acidente sem Vítima;619,303;BR-040/MG;Sul;Choque em veículo parado na pista;2;0;0;0;0;0;0;0;0;0;2;0;0;0;0
08/01/2016;22:03:00;348;Acidente sem Vítima;621,5;BR-040/MG;Norte;Colisão traseira;2;0;0;0;0;0;0;0;0;0;5;0;0;0;0
08/01/2016;18:56:00;284;Acidente com Vítima;643,96;BR-040/MG;Sul;Colisão frontal;2;0;0;0;0;0;0;0;0;0;0;0;4;0;0
08/01/2016;17:37:00;266;Acidente com Vítima;95,252;BR-040/GO;Norte;Colisão traseira;1;0;1;1;0;0;0;0;0;0;4;1;0;0;0
08/01/2016;06:45:00;49;Acidente sem Vítima;733,3;BR-040/MG;Sul;Abalroamento - Longitudinal;1;0;1;0;0;0;0;0;0;0;2;0;0;0;0
08/01/2016;08:33:00;104;Acidente com Vítima;736,5;BR-040/MG;Norte;Colisão traseira;1;0;0;1;0;0;0;0;0;0;1;1;0;0;0
09/01/2016;22:37:00;343;Acidente com Vítima;0,4;BR-040/DF;Sul;Colisão traseira;1;0;0;1;0;0;0;0;0;0;1;0;1;0;0
09/01/2016;12:36:00;194;Acidente sem Vítima;5,2;BR-040/DF;Sul;Outros;1;0;0;0;0;0;0;0;0;0;1;0;0;0;0
09/01/2016;08:10:00;132;Acidente sem Vítima;9,9;BR-040/GO;Norte;Colisão traseira;1;0;0;1;0;0;0;0;0;0;2;0;0;0;0
09/01/2016;23:27:00;357;Acidente sem Vítima;10,01;BR-040/GO;Norte;Abalroamento - Transversal;2;0;0;0;0;0;0;0;0;0;2;0;0;0;0
09/01/2016;17:27:00;263;Acidente sem Vítima;479,7;BR-040/MG;Norte;Capotamento;1;0;0;0;0;0;0;0;0;0;1;0;0;0;0
09/01/2016;17:41:00;266;Acidente sem Vítima;504,4;BR-040/MG;Norte;Choque com objeto fixo;1;0;0;0;0;0;0;0;0;0;4;0;0;0;0
09/01/2016;19:08:00;293;Acidente sem Vítima;506,2;BR-040/MG;Sul;Colisão traseira;2;0;0;0;0;0;0;0;0;0;2;0;0;0;0
09/01/2016;19:50:00;314;Atropelamento com Morte;519,34;BR-040/MG;Norte;Atropelamento - Pedestre caminhando;1;0;0;0;0;0;0;0;0;0;1;0;0;0;1
09/01/2016;13:46:00;207;Acidente com Vítima;526,2;BR-040/MG;Norte;Colisão traseira;1;0;0;1;0;0;0;0;0;0;1;2;0;0;0
09/01/2016;06:58:00;110;Acidente com Vítima;533,1;BR-040/MG;Norte;Choque com objeto fixo;0;0;0;1;0;0;0;0;0;0;0;1;0;0;0
09/01/2016;12:00:00;187;Acidente sem Vítima;560,5;BR-040/MG;Norte;Choque com objeto fixo;1;0;0;0;0;0;0;0;0;0;2;0;0;0;0
09/01/2016;23:02:00;353;Acidente sem Vítima;591,1;BR-040/MG;Norte;Choque em barreira New Jersey;1;0;0;0;0;0;0;0;0;0;5;0;0;0;0
09/01/2016;07:54:00;129;Acidente com Vítima;52,98;BR-040/GO;Sul;Outros;1;0;0;0;0;0;0;0;0;0;0;0;2;1;0
09/01/2016;15:36:00;231;Acidente com Vítima;665,04;BR-040/MG;Norte;Outros;1;0;0;0;0;0;0;0;0;0;0;2;0;0;0
09/01/2016;00:52:00;11;Acidente com Vítima;674,4;BR-040/MG;Sul;Capotamento;1;0;0;0;0;0;0;0;0;0;0;0;1;0;0
10/01/2016;11:19:00;115;Acidente com Vítima;1,7;BR-040/GO;Norte;Abalroamento - Transversal;1;0;0;1;0;0;0;0;0;0;2;1;0;0;0
10/01/2016;18:19:00;232;Acidente com Vítima;2,1;BR-040/GO;Norte;Colisão traseira;3;0;0;0;0;0;0;0;0;0;5;1;0;0;0
10/01/2016;04:11:00;31;Acidente com Vítima;12,49;BR-040/GO;Norte;Capotamento;1;0;0;0;0;0;0;0;0;0;2;2;0;0;0
10/01/2016;05:43:00;46;Acidente sem Vítima;48,3;BR-040/MG;Sul;Choque com objeto fixo;0;0;1;0;0;0;0;0;0;0;2;0;0;0;0
10/01/2016;13:57:00;147;Acidente sem Vítima;154,7;BR-040/MG;Sul;Capotamento;1;0;0;0;0;0;0;0;0;0;1;0;0;0;0
10/01/2016;03:18:00;23;Acidente sem Vítima;224,5;BR-040/MG;Sul;Queda de Carga;1;0;0;0;0;0;0;0;0;0;1;0;0;0;0
10/01/2016;11:16:00;111;Acidente com Vítima;484,1;BR-040/MG;Norte;Capotamento;1;0;0;0;0;0;0;0;0;0;1;2;0;0;0
10/01/2016;04:37:00;34;Acidente sem Vítima;506,25;BR-040/MG;Norte;Colisão traseira;1;0;1;0;0;0;0;0;0;0;4;0;0;0;0
10/01/2016;13:49:00;144;Acidente com Vítima;509,001;BR-040/MG;Sul;Colisão traseira;1;0;0;1;0;0;0;0;0;0;1;2;0;0;0
10/01/2016;17:56:00;221;Acidente com Vítima;510,44;BR-040/MG;Sul;Colisão traseira;3;0;0;1;0;0;0;0;0;0;8;0;2;0;0
10/01/2016;00:42:00;6;Acidente sem Vítima;520,6;BR-040/MG;Norte;Choque com objeto fixo;1;0;0;0;0;0;0;0;0;0;1;0;0;0;0
10/01/2016;21:26:00;296;Acidente sem Vítima;529,27;BR-040/MG;Norte;Abalroamento - Longitudinal;1;0;0;1;0;0;0;0;0;0;2;0;0;0;0
10/01/2016;09:49:00;92;Acidente com Vítima;533,001;BR-040/MG;Norte;Outros;0;0;0;0;1;0;0;0;0;0;0;0;1;0;0
10/01/2016;18:07:00;228;Acidente sem Vítima;7,35;BR-040/DF;Norte;Colisão traseira;3;0;0;0;0;0;0;0;0;0;9;0;0;0;0
10/01/2016;04:46:00;38;Acidente sem Vítima;63,5;BR-040/GO;Sul;Outros;1;0;0;0;0;0;0;0;0;0;3;0;0;0;0
10/01/2016;18:26:00;238;Acidente sem Vítima;700,15;BR-040/MG;Norte;Choque em barreira New Jersey;1;0;0;0;0;0;0;0;0;0;5;0;0;0;0
10/01/2016;14:46:00;160;Acidente sem Vítima;747;BR-040/MG;Sul;Abalroamento - Longitudinal;2;0;0;0;0;0;0;0;0;0;2;0;0;0;0
11/01/2016;17:15:00;306;Acidente sem Vítima;0,3;BR-040/DF;Sul;Abalroamento - Longitudinal;2;0;0;0;0;0;0;0;0;0;4;0;0;0;0
11/01/2016;17:33:00;309;Acidente com Vítima;0,5;BR-040/DF;Norte;Choque com objeto fixo;1;0;0;0;0;0;0;0;0;0;2;1;0;0;0
11/01/2016;18:28:00;330;Acidente sem Vítima;2,6;BR-040/GO;Sul;Colisão traseira;1;0;1;0;0;0;0;0;0;0;3;0;0;0;0
11/01/2016;19:10:00;345;Acidente com Vítima;89,3;BR-040/MG;Sul;Abalroamento - Transversal;2;0;0;0;0;0;0;0;0;0;1;1;0;0;0
11/01/2016;17:55:00;319;Acidente sem Vítima;145,2;BR-040/MG;Sul;Abalroamento - Longitudinal;2;0;0;0;0;0;0;0;0;0;4;0;0;0;0
11/01/2016;15:05:00;255;Acidente sem Vítima;405,001;BR-040/MG;Norte;Colisão traseira;1;0;1;0;0;0;0;0;0;0;2;0;0;0;0
11/01/2016;22:16:00;391;Acidente sem Vítima;510,9;BR-040/MG;Norte;Abalroamento - Longitudinal;1;0;1;0;0;0;0;0;0;0;2;0;0;0;0
11/01/2016;07:23:00;72;Acidente com Vítima;515,001;BR-040/MG;Sul;Outros;0;0;0;1;0;0;0;0;0;0;0;0;0;1;0
11/01/2016;11:02:00;158;Atropelamento sem Morte;515,7;BR-040/MG;Sul;Atropelamento - Pedestre atravessando;0;0;0;1;0;0;0;0;0;0;1;0;1;0;0
11/01/2016;07:38:00;78;Acidente sem Vítima;520,1;BR-040/MG;Sul;Outros;0;0;0;1;0;0;0;0;0;0;2;0;0;0;0
11/01/2016;17:51:00;318;Acidente sem Vítima;528,18;BR-040/MG;Sul;Outros;1;0;0;1;0;0;0;0;0;0;2;0;0;0;0
11/01/2016;03:18:00;16;Acidente sem Vítima;530,15;BR-040/MG;Norte;Capotamento;1;0;0;0;0;0;0;0;0;0;1;0;0;0;0
11/01/2016;11:31:00;178;Acidente com Vítima;551,3;BR-040/MG;Norte;Outros;0;0;0;1;0;0;0;0;0;0;0;1;0;0;0
11/01/2016;22:13:00;389;Acidente sem Vítima;632,9;BR-040/MG;Sul;Outros;1;0;0;0;0;0;0;0;0;0;1;0;0;0;0
11/01/2016;15:57:00;274;Acidente sem Vítima;635;BR-040/MG;Sul;Choque com objeto fixo;0;0;0;1;0;0;0;0;0;0;1;0;0;0;0
11/01/2016;11:40:00;181;Acidente com Vítima;44,1;BR-040/GO;Norte;Abalroamento - Transversal;1;0;0;0;1;0;0;0;0;0;30;0;2;0;0
11/01/2016;12:39:00;214;Acidente sem Vítima;67,1;BR-040/GO;Norte;Colisão traseira;2;0;0;0;0;0;0;0;0;0;2;0;0;0;0
11/01/2016;23:10:00;400;Acidente com Vítima;669,12;BR-040/MG;Sul;Capotamento;1;0;0;0;0;0;0;0;0;0;0;1;0;0;0
11/01/2016;14:04:00;243;Acidente sem Vítima;748,2;BR-040/MG;Norte;Choque com objeto fixo;1;0;0;0;0;0;0;0;0;0;1;0;0;0;0
11/01/2016;15:47:00;272;Acidente sem Vítima;750,1;BR-040/MG;Sul;Capotamento;1;0;0;0;0;0;0;0;0;0;1;0;0;0;0
11/01/2016;18:26:00;327;Acidente sem Vítima;763,6;BR-040/MG;Sul;Colisão traseira;1;0;0;0;0;0;0;0;0;0;3;0;0;0;0
12/01/2016;20:03:00;320;Acidente sem Vítima;0,8;BR-040/GO;Sul;Colisão traseira;3;0;0;0;0;0;0;0;0;0;3;0;0;0;0
12/01/2016;15:24:00;242;Acidente sem Vítima;1,145;BR-040/GO;Norte;Colisão traseira;3;0;0;0;0;0;0;0;0;0;3;0;0;0;0
12/01/2016;22:29:00;351;Acidente com Vítima;10,06;BR-040/GO;Sul;Outros;2;0;0;0;0;0;0;0;0;0;1;1;0;0;0
12/01/2016;15:12:00;239;Acidente sem Vítima;41,1;BR-040/MG;Norte;Abalroamento - Longitudinal;2;0;0;0;0;0;0;0;0;0;2;0;0;0;0
12/01/2016;02:15:00;25;Acidente com Vítima;49;BR-040/MG;Norte;Capotamento;1;0;0;0;0;0;0;0;0;0;0;0;1;0;0
12/01/2016;18:24:00;289;Acidente sem Vítima;82,1;BR-040/MG;Norte;Choque com objeto fixo;1;0;0;0;0;0;0;0;0;0;2;0;0;0;0
12/01/2016;12:40:00;201;Acidente sem Vítima;432,539;BR-040/MG;Sul;Outros;1;0;0;0;0;0;0;0;0;0;1;0;0;0;0
12/01/2016;18:30:00;291;Acidente sem Vítima;446,01;BR-040/MG;Sul;Capotamento;1;0;0;0;0;0;0;0;0;0;1;0;0;0;0
12/01/2016;14:55:00;235;Acidente com Vítima;459,2;BR-040/MG;Sul;Capotamento;1;0;0;0;0;0;0;0;0;0;0;1;0;0;0
12/01/2016;15:58:00;251;Acidente com Vítima;492,3;BR-040/MG;Norte;Capotamento;1;0;0;0;0;0;0;0;0;0;1;0;3;0;0
12/01/2016;14:12:00;225;Acidente sem Vítima;506,4;BR-040/MG;Norte;Capotamento;1;0;0;0;0;0;0;0;0;0;3;0;0;0;0
12/01/2016;07:51:00;89;Acidente sem Vítima;508,5;BR-040/MG;Norte;Choque em defensa;0;0;1;0;0;0;0;0;0;0;1;0;0;0;0
12/01/2016;08:59:00;131;Acidente sem Vítima;520,1;BR-040/MG;Norte;Colisão traseira;0;0;2;0;0;0;0;0;0;0;2;0;0;0;0
12/01/2016;16:21:00;257;Acidente sem Vítima;526,2;BR-040/MG;Norte;Abalroamento - Longitudinal;2;0;0;0;0;0;0;0;0;0;2;0;0;0;0
12/01/2016;09:37:00;142;Acidente com Vítima;528,5;BR-040/MG;Sul;Colisão traseira;1;0;1;0;0;0;0;0;0;0;21;1;0;0;0
12/01/2016;18:24:00;288;Acidente sem Vítima;529,2;BR-040/MG;Sul;Colisão traseira;0;0;2;0;0;0;0;0;0;0;2;0;0;0;0
12/01/2016;08:50:00;128;Acidente com Vítima;530,02;BR-040/MG;Sul;Choque com objeto fixo;1;0;0;0;0;0;0;0;0;0;1;1;0;0;0
12/01/2016;15:04:00;236;Acidente com Vítima;545,8;BR-040/MG;Sul;Capotamento;1;0;0;0;0;0;0;0;0;0;1;1;0;0;0
12/01/2016;10:36:00;160;Acidente com Vítima;555,7;BR-040/MG;Sul;Outros;1;0;0;0;0;0;0;0;0;0;1;0;1;0;0
12/01/2016;00:52:00;10;Acidente sem Vítima;590,4;BR-040/MG;Sul;Choque em defensa;1;0;0;0;0;0;0;0;0;0;1;0;0;0;0
12/01/2016;06:18:00;46;Acidente sem Vítima;610,46;BR-040/MG;Norte;Colisão traseira;1;0;1;0;0;0;0;0;0;0;4;0;0;0;0
12/01/2016;08:04:00;98;Acidente com Vítima;611,66;BR-040/MG;Norte;Abalroamento - Longitudinal;1;0;0;1;0;0;0;0;0;0;2;1;0;0;0
12/01/2016;13:49:00;219;Acidente sem Vítima;642,09;BR-040/MG;Sul;Queda de Carga;0;0;1;0;0;0;0;0;0;0;1;0;0;0;0
12/01/2016;21:52:00;342;Acidente sem Vítima;92,5;BR-040/GO;Norte;Queda de Carga;0;0;1;0;0;0;0;0;0;0;1;0;0;0;0
12/01/2016;11:33:00;175;Acidente sem Vítima;662,2;BR-040/MG;Sul;Abalroamento - Transversal;1;0;0;1;0;0;0;0;0;0;2;0;0;0;0
12/01/2016;17:41:00;282;Acidente sem Vítima;681,9;BR-040/MG;Norte;Colisão frontal;2;0;0;0;0;0;0;0;0;0;2;0;0;0;0
12/01/2016;17:36:00;279;Acidente sem Vítima;714,05;BR-040/MG;Norte;Abalroamento - Longitudinal;1;0;1;0;0;0;0;0;0;0;2;0;0;0;0
12/01/2016;07:48:00;88;Acidente sem Vítima;717,4;BR-040/MG;Norte;Choque em barreira New Jersey;1;0;0;0;0;0;0;0;0;0;1;0;0;0;0
12/01/2016;17:40:00;281;Acidente com Vítima;751,7;BR-040/MG;Sul;Colisão traseira;4;0;0;0;0;0;0;0;0;0;1;0;4;0;0
13/01/2016;00:14:00;2;Acidente sem Vítima;1,8;BR-040/GO;Sul;Choque com objeto fixo;1;0;0;0;0;0;0;0;0;0;1;0;0;0;0
13/01/2016;17:06:00;269;Acidente com Vítima;4,01;BR-040/GO;Sul;Outros;0;0;0;1;0;0;0;0;0;0;1;1;0;0;0
13/01/2016;18:46:00;302;Acidente sem Vítima;6,8;BR-040/GO;Sul;Colisão traseira;2;0;0;0;0;0;0;0;0;0;2;0;0;0;0
13/01/2016;10:47:00;161;Acidente sem Vítima;130,15;BR-040/MG;Norte;Colisão frontal;1;0;1;0;0;0;0;0;0;0;2;0;0;0;0
13/01/2016;13:26:00;200;Acidente sem Vítima;459,2;BR-040/MG;Sul;Colisão traseira;1;0;0;1;0;0;0;0;0;0;2;0;0;0;0
13/01/2016;10:01:00;152;Acidente sem Vítima;467,8;BR-040/MG;Norte;Colisão traseira;1;0;1;0;0;0;0;0;0;0;2;0;0;0;0
13/01/2016;18:28:00;296;Acidente sem Vítima;497,3;BR-040/MG;Sul;Queda de Carga;0;0;1;0;0;0;0;0;0;0;1;0;0;0;0
13/01/2016;18:05:00;287;Acidente com Vítima;519,95;BR-040/MG;Norte;Abalroamento - Longitudinal;1;0;0;1;0;0;0;0;0;0;1;1;0;0;0
13/01/2016;14:37:00;227;Acidente sem Vítima;526,02;BR-040/MG;Sul;Choque com objeto fixo;0;0;1;0;0;0;0;0;0;0;1;0;0;0;0
13/01/2016;15:38:00;243;Acidente com Vítima;533,6;BR-040/MG;Sul;Abalroamento - Longitudinal;1;0;0;1;0;0;0;0;0;0;1;0;1;0;0
13/01/2016;11:38:00;180;Acidente sem Vítima;558,2;BR-040/MG;Sul;Colisão traseira;2;0;0;0;0;0;0;0;0;0;2;0;0;0;0
13/01/2016;08:08:00;105;Acidente com Vítima;562,03;BR-040/MG;Sul;Queda de Carga;1;0;0;0;0;0;0;0;0;0;1;1;0;0;0
13/01/2016;08:33:00;125;Acidente sem Vítima;587,2;BR-040/MG;Sul;Queda de Carga;0;0;1;0;0;0;0;0;0;0;1;0;0;0;0
13/01/2016;03:39:00;22;Acidente com Vítima;7,9;BR-040/DF;Sul;Choque com objeto fixo;1;0;0;0;0;0;0;0;0;0;1;1;1;0;0
14/01/2016;16:01:00;272;Acidente sem Vítima;2,3;BR-040/GO;Sul;Colisão traseira;1;0;0;1;0;0;0;0;0;0;2;0;0;0;0
14/01/2016;13:47:00;228;Acidente com Vítima;44,1;BR-040/MG;Sul;Colisão traseira;2;0;0;0;0;0;0;0;0;0;1;1;0;0;0
14/01/2016;08:04:00;88;Acidente sem Vítima;116,8;BR-040/MG;Norte;Abalroamento - Longitudinal;1;0;1;0;0;0;0;0;0;0;3;0;0;0;0
14/01/2016;12:18:00;206;Acidente com Vítima;275,5;BR-040/MG;Norte;Outros;0;0;0;1;0;0;0;0;0;0;1;0;2;0;0
14/01/2016;17:31:00;303;Acidente sem Vítima;440,2;BR-040/MG;Norte;Colisão traseira;1;0;1;0;0;0;0;0;0;0;4;0;0;0;0
14/01/2016;16:33:00;280;Acidente sem Vítima;440,3;BR-040/MG;Sul;Queda de Carga;0;0;1;0;0;0;0;0;0;0;1;0;0;0;0
14/01/2016;11:13:00;177;Acidente com Vítima;508,1;BR-040/MG;Norte;Colisão traseira;2;0;0;0;0;0;0;0;0;0;0;1;1;0;0
14/01/2016;16:46:00;285;Acidente sem Vítima;533,5;BR-040/MG;Sul;Colisão traseira;1;0;0;0;1;0;0;0;0;0;2;0;0;0;0
14/01/2016;17:32:00;304;Acidente sem Vítima;543,1;BR-040/MG;Norte;Colisão traseira;2;0;0;0;0;0;0;0;0;0;2;0;0;0;0
14/01/2016;12:41:00;211;Acidente com Vítima;544,3;BR-040/MG;Norte;Colisão traseira;0;0;0;2;0;0;0;0;0;0;1;1;0;0;0
14/01/2016;01:48:00;20;Acidente sem Vítima;560,4;BR-040/MG;Sul;Choque em defensa;1;0;0;0;0;0;0;0;0;0;1;0;0;0;0
14/01/2016;13:52:00;230;Acidente sem Vítima;563,6;BR-040/MG;Sul;Choque em barreira New Jersey;1;0;0;0;0;0;0;0;0;0;1;0;0;0;0
14/01/2016;14:12:00;238;Acidente sem Vítima;592,8;BR-040/MG;Norte;Capotamento;1;0;0;0;0;0;0;0;0;0;1;0;0;0;0
14/01/2016;12:09:00;203;Acidente sem Vítima;628,001;BR-040/MG;Norte;Colisão traseira;1;0;0;1;0;0;0;0;0;0;2;0;0;0;0
14/01/2016;17:27:00;302;Acidente sem Vítima;55,6;BR-040/GO;Norte;Queda de Carga;0;0;1;0;0;0;0;0;0;0;1;0;0;0;0
14/01/2016;17:42:00;309;Acidente sem Vítima;711,1;BR-040/MG;Sul;Colisão traseira;2;0;0;0;0;0;0;0;0;0;2;0;0;0;0
14/01/2016;18:53:00;334;Acidente sem Vítima;728,85;BR-040/MG;Sul;Choque em barreira New Jersey;1;0;0;0;0;0;0;0;0;0;3;0;0;0;0
14/01/2016;12:22:00;207;Acidente sem Vítima;732,2;BR-040/MG;Sul;Choque em barreira New Jersey;1;0;0;0;0;0;0;0;0;0;1;0;0;0;0
14/01/2016;07:07:00;60;Acidente com Vítima;152,91;BR-040/GO;Sul;Abalroamento - Longitudinal;2;0;0;0;0;0;0;0;0;0;1;0;2;0;0
15/01/2016;09:36:00;131;Acidente sem Vítima;2,45;BR-040/DF;Norte;Colisão traseira;2;0;0;0;0;0;0;0;0;0;2;0;0;0;0
15/01/2016;18:01:00;323;Acidente com Vítima;7,1;BR-040/GO;Norte;Abalroamento - Transversal;2;0;0;0;0;0;0;0;0;0;1;1;0;0;0
15/01/2016;13:27:00;241;Acidente com Vítima;127,1;BR-040/MG;Norte;Choque com objeto fixo;1;0;0;0;0;0;0;0;0;0;2;0;1;0;0
15/01/2016;12:08:00;205;Acidente sem Vítima;439,001;BR-040/MG;Norte;Abalroamento - Longitudinal;0;0;1;1;0;0;0;0;0;0;2;0;0;0;0
15/01/2016;06:58:00;64;Acidente com Vítima;486,1;BR-040/MG;Norte;Choque em barreira New Jersey;1;0;0;0;0;0;0;0;0;0;2;1;0;0;0
15/01/2016;14:45:00;271;Acidente sem Vítima;488,25;BR-040/MG;Norte;Capotamento;1;0;0;0;0;0;0;0;0;0;1;0;0;0;0
15/01/2016;14:33:00;264;Acidente sem Vítima;501,2;BR-040/MG;Norte;Queda de Carga;0;0;1;0;0;0;0;0;0;0;1;0;0;0;0
15/01/2016;16:08:00;296;Acidente sem Vítima;505,001;BR-040/MG;Norte;Outros;0;0;1;0;1;0;0;0;0;0;2;0;0;0;0
15/01/2016;07:24:00;76;Acidente sem Vítima;518,3;BR-040/MG;Norte;Outros;3;0;0;0;0;0;0;0;0;0;3;0;0;0;0
15/01/2016;11:34:00;191;Acidente sem Vítima;541,3;BR-040/MG;Norte;Queda de Carga;1;0;0;0;0;0;0;0;0;0;2;0;0;0;0
15/01/2016;13:59:00;254;Acidente sem Vítima;551,5;BR-040/MG;Sul;Colisão traseira;0;0;2;0;0;0;0;0;0;0;2;0;0;0;0
15/01/2016;12:54:00;231;Acidente sem Vítima;554,1;BR-040/MG;Sul;Colisão traseira;1;0;2;0;0;0;0;0;0;0;4;0;0;0;0