data;horario;n_da_ocorrencia;tipo_de_ocorrencia;km;trecho;sentido;tipo_de_acidente;automovel;bicicleta;caminhao;moto;onibus;outros;tracao_animal;transporte_de_cargas_especiais;trator_maquinas;utilitarios;ilesos;levemente_feridos;moderadamente_feridos;gravemente_feridos;mortos
15/01/2016;12:14:00;212;Acidente com Vítima;559,9;BR-040/MG;Sul;Choque com objeto fixo;1;0;0;0;0;0;0;0;0;0;0;1;0;0;0
15/01/2016;01:52:00;16;Acidente sem Vítima;615,574;BR-040/MG;Sul;Choque em barreira New Jersey;1;0;0;0;0;0;0;0;0;0;1;0;0;0;0
15/01/2016;15:58:00;294;Acidente sem Vítima;84,1;BR-040/GO;Norte;Colisão traseira;1;0;1;0;0;0;0;0;0;0;3;0;0;0;0
15/01/2016;07:01:00;65;Acidente com Vítima;92,4;BR-040/GO;Sul;Abalroamento - Longitudinal;2;0;0;0;0;0;0;0;0;0;1;1;2;0;0
15/01/2016;13:36:00;244;Acidente com Vítima;685,001;BR-040/MG;Sul;Capotamento;1;0;0;0;0;0;0;0;0;0;2;1;0;0;0
15/01/2016;13:05:00;236;Acidente sem Vítima;708,001;BR-040/MG;Sul;Choque em barreira New Jersey;1;0;0;0;0;0;0;0;0;0;1;0;0;0;0
15/01/2016;17:26:00;316;Acidente sem Vítima;718,001;BR-040/MG;Norte;Abalroamento - Longitudinal;2;0;0;0;0;0;0;0;0;0;2;0;0;0;0
15/01/2016;16:25:00;302;Acidente sem Vítima;718,001;BR-040/MG;Norte;Choque em barreira New Jersey;1;0;0;0;0;0;0;0;0;0;1;0;0;0;0
15/01/2016;07:47:00;81;Acidente sem Vítima;727,01;BR-040/MG;Norte;Choque em barreira New Jersey;1;0;0;0;0;0;0;0;0;0;1;0;0;0;0
15/01/2016;19:29:00;348;Acidente sem Vítima;728,8;BR-040/MG;Sul;Capotamento;1;0;0;0;0;0;0;0;0;0;1;0;0;0;0
15/01/2016;14:27:00;262;Acidente sem Vítima;751,8;BR-040/MG;Sul;;1;0;0;0;0;0;0;0;0;0;1;0;0;0;0
16/01/2016;06:22:00;50;Acidente com Vítima;2,6;BR-040/DF;Norte;Choque em defensa;1;0;0;0;0;0;0;0;0;0;0;0;0;0;0
16/01/2016;07:19:00;68;Acidente sem Vítima;3,9;BR-040/DF;Sul;Choque com objeto fixo;1;0;0;0;0;0;0;0;0;0;1;0;0;0;0
16/01/2016;12:39:00;179;Atropelamento sem Morte;4,5;BR-040/DF;Norte;Atropelamento - Pedestre atravessando;0;0;0;1;0;0;0;0;0;0;0;0;2;0;0
16/01/2016;21:37:00;345;Acidente com Vítima;5,1;BR-040/GO;Sul;Abalroamento - Longitudinal;1;0;0;1;0;0;0;0;0;0;1;1;0;0;0
16/01/2016;17:02:00;256;Acidente com Vítima;5,8;BR-040/GO;Norte;Outros;0;0;0;1;0;0;0;0;0;0;0;1;0;0;0
16/01/2016;15:59:00;235;Acidente sem Vítima;6,137;BR-040/GO;Sul;Colisão traseira;2;0;0;0;0;0;0;0;0;0;2;0;0;0;0
16/01/2016;10:55:00;144;Acidente sem Vítima;42,15;BR-040/MG;Norte;Abalroamento - Longitudinal;2;0;0;0;0;0;0;0;0;0;2;0;0;0;0
16/01/2016;18:35:00;281;Atropelamento sem Morte;21,4;BR-040/GO;Sul;Atropelamento - Ciclista;1;0;0;0;0;0;0;0;0;0;2;0;0;1;0
16/01/2016;12:10:00;169;Atropelamento sem Morte;22,8;BR-040/GO;Norte;Atropelamento - Ciclista;1;0;0;0;0;0;0;0;0;0;1;0;0;0;0
16/01/2016;13:17:00;193;Acidente sem Vítima;36,15;BR-040/GO;Sul;Capotamento;1;0;0;0;0;0;0;0;0;0;1;0;0;0;0
16/01/2016;06:32:00;53;Acidente com Vítima;419,2;BR-040/MG;Norte;Abalroamento - Longitudinal;1;0;0;1;0;0;0;0;0;0;1;1;0;0;0
16/01/2016;06:46:00;55;Acidente sem Vítima;469,3;BR-040/MG;Norte;Capotamento;1;0;0;0;0;0;0;0;0;0;1;0;0;0;0
16/01/2016;06:55:00;57;Acidente com Vítima;474,3;BR-040/MG;Sul;Choque com objeto fixo;1;0;0;0;0;0;0;0;0;0;2;0;1;0;0
16/01/2016;17:53:00;269;Acidente sem Vítima;492,15;BR-040/MG;Norte;Abalroamento - Longitudinal;0;0;1;1;0;0;0;0;0;0;2;0;0;0;0
16/01/2016;19:35:00;302;Acidente sem Vítima;512,3;BR-040/MG;Norte;Choque com objeto fixo;1;0;0;0;0;0;0;0;0;0;4;0;0;0;0
16/01/2016;02:59:00;26;Acidente sem Vítima;515,5;BR-040/MG;Sul;Capotamento;1;0;0;0;0;0;0;0;0;0;1;0;0;0;0
16/01/2016;06:16:00;47;Acidente sem Vítima;523,7;BR-040/MG;Norte;Capotamento;1;0;0;0;0;0;0;0;0;0;1;0;0;0;0
16/01/2016;16:59:00;255;Acidente sem Vítima;524,02;BR-040/MG;Norte;Outros;1;0;0;0;0;0;0;0;0;0;1;0;0;0;0
16/01/2016;13:21:00;197;Acidente sem Vítima;527,079;BR-040/MG;Norte;Choque com objeto fixo;1;0;0;0;0;0;0;0;0;0;1;0;0;0;0
16/01/2016;06:36:00;54;Acidente sem Vítima;535,1;BR-040/MG;Sul;Choque em barreira New Jersey;2;0;0;0;0;0;0;0;0;0;2;0;0;0;0
16/01/2016;10:32:00;132;Acidente sem Vítima;547,193;BR-040/MG;Norte;Choque em barreira New Jersey;1;0;0;0;0;0;0;0;0;0;1;0;0;0;0
16/01/2016;15:39:00;227;Acidente com Vítima;551,5;BR-040/MG;Sul;Choque em defensa;1;0;0;0;0;0;0;0;0;0;1;1;0;0;0
16/01/2016;13:03:00;187;Acidente com Vítima;602,97;BR-040/MG;Sul;Colisão traseira;0;0;2;0;0;0;0;0;0;0;1;1;0;0;0
16/01/2016;10:55:00;143;Acidente com Vítima;614,65;BR-040/MG;Norte;Outros;0;0;0;1;0;0;0;0;0;0;0;0;1;0;0
16/01/2016;05:16:00;37;Acidente sem Vítima;623,57;BR-040/MG;Sul;Capotamento;1;0;0;0;0;0;0;0;0;0;7;0;0;0;0
16/01/2016;16:09:00;238;Acidente sem Vítima;85,5;BR-040/GO;Sul;Capotamento;1;0;0;0;0;0;0;0;0;0;1;0;0;0;0
16/01/2016;11:13:00;150;Acidente sem Vítima;673,147;BR-040/MG;Norte;Outros;1;0;0;0;0;0;0;0;0;0;2;0;0;0;0
16/01/2016;07:15:00;66;Acidente sem Vítima;692,5;BR-040/MG;Sul;Colisão traseira;2;0;0;0;0;0;0;0;0;0;2;0;0;0;0
16/01/2016;00:31:00;9;Atropelamento sem Morte;714,177;BR-040/MG;Norte;Atropelamento - Pedestre atravessando;1;0;0;0;0;0;0;0;0;0;1;0;1;0;0
16/01/2016;19:04:00;293;Acidente sem Vítima;715,2;BR-040/MG;Sul;Abalroamento - Longitudinal;2;0;0;0;0;0;0;0;0;0;5;0;0;0;0
16/01/2016;09:58:00;122;Acidente sem Vítima;715,36;BR-040/MG;Sul;Queda de Carga;1;0;0;0;0;0;0;0;0;0;1;0;0;0;0
16/01/2016;14:25:00;212;Acidente sem Vítima;771,8;BR-040/MG;Sul;Queda de Carga;0;0;1;0;0;0;0;0;0;0;1;0;0;0;0
17/01/2016;19:55:00;313;Acidente sem Vítima;30,2;BR-040/MG;Sul;Outros;0;0;1;0;0;0;0;0;0;0;2;0;0;0;0
17/01/2016;19:42:00;308;Acidente com Vítima;101,2;BR-040/MG;Sul;Capotamento;1;0;0;0;0;0;0;0;0;0;0;4;1;0;0
17/01/2016;09:20:00;95;Acidente com Vítima;129,8;BR-040/MG;Norte;Colisão traseira;2;0;0;0;0;0;0;0;0;0;1;1;0;0;0
17/01/2016;16:10:00;217;Acidente sem Vítima;141,3;BR-040/MG;Norte;Colisão frontal;1;0;0;1;0;0;0;0;0;0;2;0;0;0;0
17/01/2016;17:01:00;237;Acidente sem Vítima;257,1;BR-040/MG;Norte;Capotamento;1;0;0;0;0;0;0;0;0;0;1;0;0;0;0
17/01/2016;13:06:00;170;Acidente com Vítima;285,01;BR-040/MG;Norte;Capotamento;1;0;0;0;0;0;0;0;0;0;2;1;0;0;0
17/01/2016;11:50:00;146;Acidente com Vítima;345,25;BR-040/MG;Sul;Capotamento;1;0;0;0;0;0;0;0;0;0;1;1;0;0;0
17/01/2016;23:26:00;377;Acidente sem Vítima;442,3;BR-040/MG;Norte;Choque com objeto fixo;1;0;0;0;0;0;0;0;0;0;1;0;0;0;0
17/01/2016;14:31:00;189;Acidente sem Vítima;447,3;BR-040/MG;Sul;Colisão traseira;3;0;0;0;0;0;0;0;0;0;4;0;0;0;0
17/01/2016;16:34:00;228;Acidente com Morte;455,286;BR-040/MG;Norte;Colisão traseira;1;0;1;0;1;0;0;0;0;0;2;1;3;0;1
17/01/2016;10:16:00;111;Acidente com Vítima;464,6;BR-040/MG;Norte;Abalroamento - Longitudinal;2;0;0;0;0;0;0;0;0;0;5;1;0;0;0
17/01/2016;23:44:00;384;Acidente sem Vítima;469,2;BR-040/MG;Norte;Choque com objeto fixo;1;0;0;0;0;0;0;0;0;0;1;0;0;0;0
17/01/2016;20:47:00;328;Acidente com Vítima;474,2;BR-040/MG;Sul;Colisão traseira;2;0;0;0;0;0;0;0;0;0;3;0;1;0;0
17/01/2016;06:41:00;51;Acidente com Vítima;474,6;BR-040/MG;Norte;Choque com objeto fixo;1;0;0;0;0;0;0;0;0;0;0;1;0;0;0
17/01/2016;20:13:00;319;Acidente sem Vítima;501,3;BR-040/MG;Sul;Choque com objeto fixo;1;0;0;0;0;0;0;0;0;0;1;0;0;0;0
17/01/2016;10:52:00;125;Acidente com Vítima;501,3;BR-040/MG;Norte;Capotamento;1;0;0;0;0;0;0;0;0;0;0;2;1;0;0
17/01/2016;22:50:00;368;Acidente sem Vítima;510,5;BR-040/MG;Norte;Outros;1;0;0;0;0;0;0;0;0;0;4;0;0;0;0
17/01/2016;02:22:00;26;Acidente sem Vítima;516,3;BR-040/MG;Norte;Choque com objeto fixo;1;0;0;0;0;0;0;0;0;0;1;0;0;0;0
17/01/2016;09:46:00;100;Acidente sem Vítima;527,1;BR-040/MG;Sul;Capotamento;1;0;0;0;0;0;0;0;0;0;1;0;0;0;0
17/01/2016;21:42:00;346;Acidente sem Vítima;540,6;BR-040/MG;Sul;Abalroamento - Longitudinal;1;0;1;0;0;0;0;0;0;0;4;0;0;0;0
17/01/2016;07:39:00;65;Acidente sem Vítima;545,2;BR-040/MG;Sul;Choque com objeto fixo;1;0;0;0;0;0;0;0;0;0;1;0;0;0;0
17/01/2016;10:42:00;121;Acidente sem Vítima;546,056;BR-040/MG;Sul;Choque em barreira New Jersey;1;0;0;0;0;0;0;0;0;0;1;0;0;0;0
17/01/2016;06:19:00;45;Acidente sem Vítima;546,3;BR-040/MG;Sul;Capotamento;1;0;0;0;0;0;0;0;0;0;1;0;0;0;0
17/01/2016;12:29:00;158;Acidente sem Vítima;557,3;BR-040/MG;Sul;Choque com objeto fixo;1;0;0;0;0;0;0;0;0;0;1;0;0;0;0
17/01/2016;16:06:00;216;Acidente sem Vítima;591,1;BR-040/MG;Sul;Choque em barreira New Jersey;0;0;1;0;0;0;0;0;0;0;1;0;0;0;0
17/01/2016;14:08:00;184;Acidente com Vítima;601,1;BR-040/MG;Sul;Choque com objeto fixo;1;0;0;0;0;0;0;0;0;0;0;2;0;0;0
17/01/2016;14:09:00;185;Acidente sem Vítima;651,1;BR-040/MG;Norte;Queda de Carga;0;0;1;0;0;0;0;0;0;0;1;0;0;0;0
17/01/2016;11:29:00;138;Acidente com Vítima;41,3;BR-040/GO;Sul;Capotamento;1;0;0;0;0;0;0;0;0;0;1;1;0;0;0
17/01/2016;05:25:00;44;Acidente com Vítima;661,3;BR-040/MG;Norte;Outros;0;0;0;1;0;0;0;0;0;0;0;1;0;0;0
17/01/2016;10:56:00;126;Acidente com Vítima;704,45;BR-040/MG;Sul;Choque com objeto fixo;1;0;0;0;0;0;0;0;0;0;0;3;0;0;0
17/01/2016;15:06:00;200;Acidente sem Vítima;730,3;BR-040/MG;Norte;Choque em barreira New Jersey;1;0;0;0;0;0;0;0;0;0;1;0;0;0;0
17/01/2016;11:46:00;144;Acidente com Vítima;136,7;BR-040/GO;Sul;Choque com objeto fixo;1;0;0;0;0;0;0;0;0;0;1;0;1;0;0
18/01/2016;19:16:00;387;Acidente sem Vítima;5,1;BR-040/DF;Sul;Colisão traseira;3;0;0;0;0;0;0;0;0;0;3;0;0;0;0
18/01/2016;09:47:00;232;Atropelamento sem Morte;7,8;BR-040/GO;Norte;Atropelamento - Pedestre atravessando;0;0;0;1;0;0;0;0;0;0;1;0;1;0;0
18/01/2016;09:38:00;179;Acidente com Vítima;24,1;BR-040/GO;Sul;Abalroamento - Longitudinal;1;0;1;0;0;0;0;0;0;0;1;1;0;0;0
18/01/2016;18:06:00;369;Acidente sem Vítima;122,24;BR-040/MG;Norte;Capotamento;1;0;0;0;0;0;0;0;0;0;2;0;0;0;0
18/01/2016;23:40:00;466;Acidente sem Vítima;279,5;BR-040/MG;Norte;Colisão traseira;2;0;0;0;0;0;0;0;0;0;5;0;0;0;0
18/01/2016;02:12:00;31;Acidente com Vítima;446,8;BR-040/MG;Sul;Outros;2;0;0;0;0;0;0;0;0;0;1;1;0;0;0
18/01/2016;12:04:00;239;Acidente sem Vítima;463,4;BR-040/MG;Norte;Colisão traseira;1;0;1;0;0;0;0;0;0;0;2;0;0;0;0
18/01/2016;21:57:00;445;Acidente sem Vítima;463,68;BR-040/MG;Norte;Choque em defensa;1;0;0;0;0;0;0;0;0;0;3;0;0;0;0
18/01/2016;14:22:00;272;Acidente sem Vítima;464,4;BR-040/MG;Sul;Capotamento;0;0;1;0;0;0;0;0;0;0;1;0;0;0;0
18/01/2016;08:02:00;122;Acidente com Vítima;464,5;BR-040/MG;Norte;Outros;0;0;0;0;0;0;0;0;0;0;0;2;0;0;0
18/01/2016;10:06:00;191;Acidente sem Vítima;465,1;BR-040/MG;Norte;Outros;0;0;1;0;0;0;0;0;0;0;1;0;0;0;0
18/01/2016;19:09:00;386;Acidente sem Vítima;502,1;BR-040/MG;Norte;Choque com objeto fixo;1;0;0;0;0;0;0;0;0;0;4;0;0;0;0
18/01/2016;05:34:00;56;Acidente sem Vítima;508,3;BR-040/MG;Sul;Abalroamento - Longitudinal;1;0;1;0;0;0;0;0;0;0;2;0;0;0;0
18/01/2016;00:27:00;6;Acidente sem Vítima;517,57;BR-040/MG;Norte;Capotamento;1;0;0;0;0;0;0;0;0;0;1;0;0;0;0
18/01/2016;16:43:00;335;Acidente sem Vítima;542,5;BR-040/MG;Sul;Abalroamento - Longitudinal;1;0;1;0;0;0;0;0;0;0;2;0;0;0;0
18/01/2016;14:57:00;290;Acidente com Vítima;544,1;BR-040/MG;Norte;Outros;0;0;0;1;0;0;0;0;0;0;0;2;0;0;0
18/01/2016;08:57:00;154;Acidente sem Vítima;562,001;BR-040/MG;Sul;Queda de Carga;1;0;0;0;0;0;0;0;0;0;1;0;0;0;0
18/01/2016;09:04:00;159;Acidente sem Vítima;564,1;BR-040/MG;Norte;Colisão traseira;1;0;0;1;0;0;0;0;0;0;2;0;0;0;0
18/01/2016;17:56:00;367;Acidente com Vítima;717,6;BR-040/MG;Norte;Choque em barreira New Jersey;1;0;0;0;0;0;0;0;0;0;3;1;0;0;0
18/01/2016;16:57:00;341;Acidente sem Vítima;732,36;BR-040/MG;Sul;Choque em barreira New Jersey;1;0;0;0;0;0;0;0;0;0;1;0;0;0;0
18/01/2016;10:04:00;190;Acidente sem Vítima;141,5;BR-040/GO;Norte;Atropelamento - Animal;1;0;0;0;0;0;0;0;0;0;1;0;0;0;0
19/01/2016;17:18:00;271;Acidente sem Vítima;447,8;BR-040/MG;Norte;Capotamento;1;0;0;0;0;0;0;0;0;0;2;0;0;0;0
19/01/2016;10:57:00;149;Acidente sem Vítima;455,391;BR-040/MG;Norte;Queda de Carga;0;0;1;0;0;0;0;0;0;0;1;0;0;0;0
19/01/2016;12:10:00;169;Acidente sem Vítima;473,1;BR-040/MG;Norte;Capotamento;1;0;0;0;0;0;0;0;0;0;2;0;0;0;0
19/01/2016;19:09:00;293;Acidente sem Vítima;511,1;BR-040/MG;Norte;Choque com objeto fixo;1;0;0;0;0;0;0;0;0;0;3;0;0;0;0
19/01/2016;21:15:00;317;Acidente sem Vítima;511,9;BR-040/MG;Norte;Choque com objeto fixo;1;0;0;0;0;0;0;0;0;0;3;0;0;0;0
19/01/2016;13:04:00;184;Acidente sem Vítima;515,1;BR-040/MG;Norte;Queda de Carga;0;0;1;0;0;0;0;0;0;0;1;0;0;0;0
19/01/2016;15:08:00;234;Acidente sem Vítima;521;BR-040/MG;Norte;Colisão traseira;1;0;1;0;0;0;0;0;0;0;3;0;0;0;0
19/01/2016;08:56:00;114;Acidente com Vítima;539,5;BR-040/MG;Sul;Colisão traseira;0;0;2;0;0;0;0;0;0;0;1;0;1;0;0
19/01/2016;17:06:00;264;Acidente sem Vítima;546,3;BR-040/MG;Sul;Choque com objeto fixo;1;0;0;0;0;0;0;0;0;0;3;0;0;0;0
19/01/2016;17:56:00;276;Acidente sem Vítima;547;BR-040/MG;Sul;Choque com objeto fixo;1;0;0;0;0;0;0;0;0;0;1;0;0;0;0
19/01/2016;17:49:00;274;Acidente sem Vítima;566,796;BR-040/MG;Norte;Abalroamento - Longitudinal;2;0;0;0;0;0;0;0;0;0;3;0;0;0;0
19/01/2016;09:03:00;121;Acidente sem Vítima;584,9;BR-040/MG;Norte;Colisão traseira;1;0;1;0;0;0;0;0;0;0;2;0;0;0;0
19/01/2016;08:46:00;105;Acidente sem Vítima;589,7;BR-040/MG;Sul;Abalroamento - Longitudinal;1;0;1;0;0;0;0;0;0;0;2;0;0;0;0
19/01/2016;15:05:00;230;Acidente com Vítima;590,3;BR-040/MG;Norte;Choque em barreira New Jersey;0;0;0;0;0;1;0;0;0;0;0;0;1;0;0
19/01/2016;17:59:00;277;Acidente com Vítima;590,4;BR-040/MG;Norte;Colisão traseira;2;0;0;0;0;0;0;0;0;0;2;0;1;0;0
19/01/2016;16:05:00;254;Acidente com Vítima;590,7;BR-040/MG;Norte;Colisão traseira;0;0;0;0;0;2;0;0;0;0;1;1;1;0;0
19/01/2016;09:24:00;128;Acidente sem Vítima;596,001;BR-040/MG;Norte;Choque com objeto fixo;1;0;0;0;0;0;0;0;0;0;1;0;0;0;0
19/01/2016;08:49:00;107;Acidente sem Vítima;631,1;BR-040/MG;Norte;Choque com objeto fixo;1;0;0;0;0;0;0;0;0;0;1;0;0;0;0
20/01/2016;09:22:00;127;Acidente com Vítima;4,9;BR-040/DF;Sul;Colisão traseira;1;0;0;1;0;0;0;0;0;0;1;0;1;0;0
20/01/2016;23:34:00;391;Acidente sem Vítima;4,8;BR-040/GO;Sul;Abalroamento - Longitudinal;1;0;0;1;0;0;0;0;0;0;2;0;0;0;0
20/01/2016;15:31:00;235;Acidente sem Vítima;50,415;BR-040/MG;Norte;Queda de Carga;0;0;1;0;0;0;0;0;0;0;1;0;0;0;0
20/01/2016;09:02:00;117;Acidente sem Vítima;440,38;BR-040/MG;Sul;Outros;1;0;0;0;0;0;0;0;0;0;1;0;0;0;0
20/01/2016;00:55:00;13;Acidente sem Vítima;510,204;BR-040/MG;Norte;Choque com objeto fixo;1;0;0;0;0;0;0;0;0;0;1;0;0;0;0
20/01/2016;21:38:00;360;Acidente sem Vítima;517,8;BR-040/MG;Sul;Abalroamento - Longitudinal;1;0;0;1;0;0;0;0;0;0;6;0;0;0;0
20/01/2016;13:18:00;196;Acidente com Vítima;528,8;BR-040/MG;Norte;Outros;0;0;0;1;0;0;0;0;0;0;0;1;0;0;0
20/01/2016;07:53:00;82;Acidente com Vítima;529,5;BR-040/MG;Norte;Colisão traseira;0;0;1;1;0;0;0;0;0;0;1;0;1;0;0
20/01/2016;15:05:00;225;Acidente sem Vítima;533,3;BR-040/MG;Norte;Colisão traseira;0;0;1;0;0;0;0;0;0;1;2;0;0;0;0
20/01/2016;11:06:00;156;Acidente com Vítima;534,25;BR-040/MG;Sul;Outros;0;0;0;1;0;0;0;0;0;0;1;1;0;0;0
20/01/2016;08:33:00;104;Acidente com Vítima;566,5;BR-040/MG;Norte;Capotamento;1;0;0;0;0;0;0;0;0;0;0;0;0;1;0
20/01/2016;10:06:00;139;Acidente sem Vítima;7,6;BR-040/DF;Norte;Colisão traseira;2;0;0;0;0;0;0;0;0;0;2;0;0;0;0
20/01/2016;22:13:00;370;Acidente sem Vítima;67,3;BR-040/GO;Norte;Choque em barreira New Jersey;1;0;0;0;0;0;0;0;0;0;1;0;0;0;0
20/01/2016;17:18:00;265;Atropelamento sem Morte;711,2;BR-040/MG;Sul;Atropelamento - Pedestre caminhando;1;0;0;0;0;0;0;0;0;0;1;0;1;0;0
20/01/2016;19:43:00;325;Acidente sem Vítima;734,9;BR-040/MG;Norte;Choque com objeto fixo;1;0;0;0;0;0;0;0;0;0;1;0;0;0;0
20/01/2016;03:59:00;35;Acidente sem Vítima;771,3;BR-040/MG;Sul;Colisão traseira;0;0;2;0;0;0;0;0;0;0;3;0;0;0;0
21/01/2016;07:05:00;48;Acidente com Vítima;1,5;BR-040/GO;Norte;Colisão traseira;1;0;0;1;0;0;0;0;0;0;1;1;0;0;0
21/01/2016;10:25:00;111;Acidente com Vítima;43,5;BR-040/MG;Sul;Abalroamento - Longitudinal;1;0;0;1;0;0;0;0;0;0;1;1;1;0;0
21/01/2016;08:28:00;77;Acidente com Vítima;137,9;BR-040/MG;Sul;Choque com objeto fixo;1;0;0;0;0;0;0;0;0;0;3;1;0;0;0
21/01/2016;14:44:00;180;Acidente com Vítima;507,4;BR-040/MG;Norte;Colisão traseira;3;0;0;0;0;0;0;0;0;0;2;0;1;0;0
21/01/2016;05:17:00;24;Acidente sem Vítima;517,5;BR-040/MG;Norte;Colisão traseira;3;0;0;0;0;0;0;0;0;0;5;0;0;0;0
21/01/2016;12:17:00;146;Acidente com Vítima;678,8;BR-040/MG;Norte;Choque com objeto fixo;1;0;0;0;0;0;0;0;0;0;0;0;2;0;0
21/01/2016;17:23:00;218;Acidente sem Vítima;682,9;BR-040/MG;Norte;Colisão traseira;3;0;0;0;0;0;0;0;0;0;3;0;0;0;0
21/01/2016;21:38:00;303;Acidente sem Vítima;700,1;BR-040/MG;Sul;Choque em barreira New Jersey;1;0;0;0;0;0;0;0;0;0;1;0;0;0;0
22/01/2016;22:17:00;394;Acidente com Morte;0,27;BR-040/DF;Sul;Choque com objeto fixo;1;0;0;0;0;0;0;0;0;0;0;0;0;0;1
22/01/2016;18:39:00;321;Acidente sem Vítima;1,2;BR-040/DF;Sul;Colisão traseira;2;0;0;0;1;0;0;0;0;0;8;0;0;0;0
22/01/2016;00:45:00;9;Acidente com Vítima;4,8;BR-040/DF;Sul;Colisão traseira;2;0;0;0;0;0;0;0;0;0;2;1;0;0;0
22/01/2016;21:35:00;383;Acidente sem Vítima;12,49;BR-040/GO;Norte;Colisão traseira;2;0;0;0;0;0;0;0;0;0;2;0;0;0;0
22/01/2016;15:44:00;257;Acidente sem Vítima;15,1;BR-040/GO;Norte;Capotamento;1;0;0;0;0;0;0;0;0;0;1;0;0;0;0
22/01/2016;14:30:00;236;Acidente sem Vítima;29,5;BR-040/GO;Norte;Outros;0;0;0;1;0;0;0;0;0;0;1;0;0;0;0
22/01/2016;08:33:00;95;Acidente sem Vítima;32,1;BR-040/GO;Sul;Queda de Carga;0;0;1;0;0;0;0;0;0;0;2;0;0;0;0
22/01/2016;11:56:00;179;Acidente sem Vítima;481,1;BR-040/MG;Norte;Colisão traseira;1;0;1;1;0;0;0;0;0;0;3;0;0;0;0
22/01/2016;20:40:00;368;Acidente sem Vítima;507,862;BR-040/MG;Norte;Choque em defensa;1;0;0;0;0;0;0;0;0;0;2;0;0;0;0
22/01/2016;01:13:00;13;Acidente sem Vítima;510,2;BR-040/MG;Norte;Outros;1;0;0;0;0;0;0;0;0;0;4;0;0;0;0
22/01/2016;07:11:00;61;Acidente sem Vítima;528,01;BR-040/MG;Sul;Colisão traseira;2;0;0;0;0;0;0;0;0;0;2;0;0;0;0
22/01/2016;08:26:00;93;Acidente sem Vítima;532,1;BR-040/MG;Sul;Colisão traseira;2;0;0;0;0;0;0;0;0;0;2;0;0;0;0
22/01/2016;18:19:00;314;Acidente com Vítima;543,58;BR-040/MG;Norte;Colisão traseira;2;0;0;0;0;0;0;0;0;0;2;1;0;0;0
22/01/2016;02:13:00;22;Acidente sem Vítima;548,5;BR-040/MG;Norte;Choque em defensa;0;0;0;0;0;1;0;0;0;0;1;0;0;0;0
22/01/2016;15:32:00;254;Acidente sem Vítima;569,738;BR-040/MG;Norte;Colisão traseira;2;0;0;0;0;0;0;0;0;0;7;0;0;0;0
22/01/2016;17:14:00;294;Acidente sem Vítima;576,6;BR-040/MG;Sul;Abalroamento - Longitudinal;2;0;0;0;0;0;0;0;0;0;3;0;0;0;0
22/01/2016;22:10:00;392;Acidente com Vítima;597,541;BR-040/MG;Norte;Choque com objeto fixo;0;0;0;1;0;0;0;0;0;0;0;2;0;0;0
22/01/2016;05:40:00;34;Acidente sem Vítima;618,5;BR-040/MG;Norte;Colisão traseira;2;0;0;0;0;0;0;0;0;0;5;0;0;0;0
22/01/2016;19:14:00;335;Acidente sem Vítima;7,9;BR-040/DF;Sul;Colisão traseira;2;0;0;0;0;0;0;0;0;0;4;0;0;0;0
23/01/2016;16:11:00;207;Acidente sem Vítima;1,9;BR-040/DF;Norte;Capotamento;1;0;0;0;0;0;0;0;0;0;1;0;0;0;0
23/01/2016;15:04:00;186;Acidente com Vítima;9,1;BR-040/GO;Sul;Colisão traseira;1;0;0;1;0;0;0;0;0;0;1;1;0;0;0
23/01/2016;22:57:00;321;Acidente com Vítima;142,046;BR-040/MG;Sul;Abalroamento - Longitudinal;2;0;0;0;0;0;0;0;0;0;1;0;1;0;0
23/01/2016;19:13:00;272;Acidente com Vítima;517,5;BR-040/MG;Sul;Colisão traseira;2;0;0;0;0;0;0;0;0;0;6;1;0;0;0
23/01/2016;16:39:00;213;Acidente com Vítima;524,001;BR-040/MG;Norte;Abalroamento - Longitudinal;0;0;0;2;0;0;0;0;0;0;1;1;0;0;0
23/01/2016;05:39:00;42;Acidente sem Vítima;524,48;BR-040/MG;Sul;Choque com objeto fixo;1;0;0;0;0;0;0;0;0;0;1;0;0;0;0
23/01/2016;12:07:00;135;Acidente sem Vítima;532,9;BR-040/MG;Sul;Choque com objeto fixo;0;0;1;0;0;0;0;0;0;0;1;0;0;0;0
23/01/2016;16:32:00;211;Acidente sem Vítima;556,02;BR-040/MG;Sul;Choque com objeto fixo;1;0;0;0;0;0;0;0;0;0;1;0;0;0;0
23/01/2016;16:44:00;215;Acidente com Morte;566,18;BR-040/MG;Norte;Abalroamento - Transversal;3;0;1;0;0;0;0;0;0;0;7;2;1;0;1
23/01/2016;09:20:00;86;Acidente com Vítima;627,3;BR-040/MG;Sul;Outros;0;0;2;0;0;0;0;0;0;0;2;0;0;1;0
23/01/2016;16:18:00;210;Acidente sem Vítima;643,1;BR-040/MG;Sul;Colisão traseira;1;0;1;0;0;0;0;0;0;0;3;0;0;0;0
23/01/2016;12:08:00;136;Acidente com Vítima;96,1;BR-040/GO;Norte;Choque com objeto fixo;1;0;0;0;0;0;0;0;0;0;1;0;1;0;0
23/01/2016;08:01:00;75;Acidente sem Vítima;668,3;BR-040/MG;Sul;Outros;1;0;0;0;0;0;0;0;0;0;1;0;0;0;0