data;horario;n_da_ocorrencia;tipo_de_ocorrencia;km;trecho;sentido;tipo_de_acidente;automovel;bicicleta;caminhao;moto;onibus;outros;tracao_animal;transporte_de_cargas_especiais;trator_maquinas;utilitarios;ilesos;levemente_feridos;moderadamente_feridos;gravemente_feridos;mortos
23/01/2016;18:40:00;251;Acidente com Vítima;699,2;BR-040/MG;Norte;Outros;0;0;0;1;0;0;0;0;0;0;0;0;1;0;0
24/01/2016;00:34:00;6;Atropelamento sem Morte;0,1;BR-040/GO;Sul;Atropelamento - Pedestre atravessando;1;0;0;0;0;0;0;0;0;0;1;0;1;0;0
24/01/2016;03:46:00;20;Acidente com Vítima;1,27;BR-040/GO;Sul;Abalroamento - Longitudinal;1;0;0;1;0;0;0;0;0;0;1;2;1;0;0
24/01/2016;15:04:00;131;Acidente sem Vítima;2,3;BR-040/GO;Norte;Colisão traseira;3;0;0;0;0;0;0;0;0;0;3;0;0;0;0
24/01/2016;15:45:00;142;Acidente com Vítima;9,4;BR-040/MG;Sul;Outros;1;0;0;0;0;0;0;0;0;0;1;0;1;0;0
24/01/2016;19:48:00;246;Acidente com Vítima;7,65;BR-040/GO;Sul;Abalroamento - Longitudinal;1;0;0;1;0;0;0;0;0;0;2;1;0;0;0
24/01/2016;20:31:00;260;Acidente com Vítima;8,5;BR-040/GO;Norte;Abalroamento - Longitudinal;2;0;0;0;0;0;0;0;0;0;2;0;1;0;0
24/01/2016;16:13:00;154;Acidente sem Vítima;462,9;BR-040/MG;Sul;Colisão traseira;0;0;3;0;0;0;0;0;0;0;4;0;0;0;0
24/01/2016;17:59:00;219;Acidente sem Vítima;463,4;BR-040/MG;Sul;Colisão traseira;4;0;0;0;0;0;0;0;0;0;8;0;0;0;0
24/01/2016;17:37:00;188;Acidente com Vítima;463,4;BR-040/MG;Sul;Colisão traseira;2;0;0;0;0;0;0;0;0;0;0;1;1;0;0
24/01/2016;15:42:00;140;Acidente com Vítima;463,531;BR-040/MG;Norte;Capotamento;1;0;0;0;0;0;0;0;0;0;2;1;1;0;0
24/01/2016;17:30:00;189;Acidente sem Vítima;508,2;BR-040/MG;Sul;Colisão traseira;2;0;0;0;0;0;0;0;0;0;2;0;0;0;0
24/01/2016;17:03:00;171;Acidente sem Vítima;510,5;BR-040/MG;Sul;Colisão traseira;1;0;0;1;0;0;0;0;0;0;2;0;0;0;0
24/01/2016;19:04:00;226;Acidente sem Vítima;510,7;BR-040/MG;Sul;Colisão traseira;2;0;0;0;0;0;0;0;0;0;5;0;0;0;0
24/01/2016;05:35:00;29;Acidente sem Vítima;524,72;BR-040/MG;Sul;Choque com objeto fixo;1;0;0;0;0;0;0;0;0;0;1;0;0;0;0
24/01/2016;18:21:00;209;Acidente sem Vítima;533,8;BR-040/MG;Norte;Abalroamento - Longitudinal;2;0;0;0;0;0;0;0;0;0;5;0;0;0;0
24/01/2016;16:58:00;168;Acidente sem Vítima;557,2;BR-040/MG;Sul;Capotamento;1;0;0;0;0;0;0;0;0;0;1;0;0;0;0
24/01/2016;18:43:00;218;Acidente sem Vítima;562,1;BR-040/MG;Sul;Choque com objeto fixo;1;0;0;0;0;0;0;0;0;0;8;0;0;0;0
24/01/2016;14:57:00;128;Acidente sem Vítima;591,15;BR-040/MG;Norte;Choque com objeto fixo;1;0;0;0;0;0;0;0;0;0;1;0;0;0;0
24/01/2016;17:52:00;196;Acidente sem Vítima;693,2;BR-040/MG;Norte;Colisão traseira;2;0;0;0;0;0;0;0;0;0;3;0;0;0;0
24/01/2016;05:11:00;26;Acidente sem Vítima;701;BR-040/MG;Norte;Abalroamento - Longitudinal;2;0;0;0;0;0;0;0;0;0;2;0;0;0;0
24/01/2016;21:55:00;283;Acidente com Vítima;714,3;BR-040/MG;Sul;Outros;0;0;0;1;0;0;0;0;0;0;0;1;0;0;0
24/01/2016;19:43:00;244;Acidente com Vítima;748,8;BR-040/MG;Norte;Abalroamento - Longitudinal;1;0;0;1;0;0;0;0;0;0;1;1;0;0;0
24/01/2016;04:48:00;22;Acidente com Vítima;759,73;BR-040/MG;Sul;Capotamento;1;0;0;0;0;0;0;0;0;0;0;0;4;0;0
25/01/2016;19:57:00;310;Acidente sem Vítima;1,5;BR-040/GO;Sul;Colisão traseira;2;0;0;0;0;0;0;0;0;0;2;0;0;0;0
25/01/2016;03:52:00;29;Acidente com Vítima;3,3;BR-040/GO;Sul;Choque em barreira New Jersey;1;0;0;0;0;0;0;0;0;0;0;0;1;0;0
25/01/2016;08:08:00;91;Acidente sem Vítima;4,7;BR-040/GO;Norte;Colisão traseira;2;0;0;0;0;0;0;0;0;0;4;0;0;0;0
25/01/2016;09:40:00;131;Acidente sem Vítima;12,4;BR-040/GO;Norte;Abalroamento - Longitudinal;1;0;0;1;0;0;0;0;0;0;2;0;0;0;0
25/01/2016;10:13:00;146;Acidente sem Vítima;39,5;BR-040/MG;Norte;Outros;1;0;0;0;0;0;0;0;0;0;1;0;0;0;0
25/01/2016;10:54:00;153;Acidente sem Vítima;50,015;BR-040/MG;Norte;Colisão traseira;2;0;0;0;0;0;0;0;0;0;9;0;0;0;0
25/01/2016;02:03:00;13;Acidente com Vítima;449,1;BR-040/MG;Norte;Outros;0;0;0;1;0;0;0;0;0;0;1;0;1;0;0
25/01/2016;10:06:00;144;Acidente sem Vítima;504,5;BR-040/MG;Sul;Colisão traseira;1;0;0;1;0;0;0;0;0;0;2;0;0;0;0
25/01/2016;09:43:00;132;Atropelamento sem Morte;507,7;BR-040/MG;Sul;Atropelamento - Pedestre caminhando;0;0;1;0;0;0;0;0;0;0;1;0;0;1;0
25/01/2016;17:10:00;254;Acidente com Vítima;524,5;BR-040/MG;Norte;Colisão traseira;1;0;0;1;0;0;0;0;0;0;1;1;0;0;0
25/01/2016;00:06:00;1;Acidente com Vítima;536,5;BR-040/MG;Norte;Outros;0;0;0;1;0;0;0;0;0;0;0;0;2;0;0
25/01/2016;03:10:00;22;Acidente sem Vítima;577,2;BR-040/MG;Norte;Choque em defensa;1;0;0;0;0;0;0;0;0;0;1;0;0;0;0
26/01/2016;18:33:00;329;Acidente sem Vítima;13,45;BR-040/GO;Sul;Abalroamento - Longitudinal;0;0;0;0;2;0;0;0;0;0;4;0;0;0;0
26/01/2016;22:10:00;374;Acidente sem Vítima;23,46;BR-040/GO;Sul;Abalroamento - Transversal;1;0;0;0;1;0;0;0;0;0;2;0;0;0;0
26/01/2016;23:37:00;389;Acidente com Morte;179,4;BR-040/MG;Sul;Queda de Carga;0;0;1;0;0;0;0;0;0;0;0;1;0;0;1
26/01/2016;17:27:00;308;Acidente sem Vítima;413,1;BR-040/MG;Norte;Abalroamento - Longitudinal;2;0;0;0;0;0;0;0;0;0;5;0;0;0;0
26/01/2016;11:50:00;201;Acidente com Vítima;481,1;BR-040/MG;Sul;Capotamento;1;0;0;0;0;0;0;0;0;0;4;1;0;0;0
26/01/2016;17:20:00;305;Acidente sem Vítima;531,4;BR-040/MG;Norte;Colisão traseira;3;0;0;0;0;0;0;0;0;0;3;0;0;0;0
26/01/2016;16:56:00;295;Acidente sem Vítima;531,5;BR-040/MG;Norte;Colisão traseira;0;0;0;1;1;0;0;0;0;0;2;0;0;0;0
26/01/2016;05:33:00;44;Acidente sem Vítima;536,5;BR-040/MG;Sul;Abalroamento - Transversal;0;0;2;0;0;0;0;0;0;0;2;0;0;0;0
26/01/2016;11:15:00;187;Acidente sem Vítima;643,1;BR-040/MG;Sul;Colisão traseira;1;0;1;0;0;0;0;0;0;0;2;0;0;0;0
26/01/2016;19:35:00;343;Acidente sem Vítima;7,6;BR-040/DF;Sul;Choque em barreira New Jersey;1;0;0;0;0;0;0;0;0;0;4;0;0;0;0
26/01/2016;09:55:00;160;Acidente sem Vítima;756,02;BR-040/MG;Sul;Abalroamento - Transversal;1;0;0;0;0;0;0;0;1;0;2;0;0;0;0
27/01/2016;06:37:00;41;Acidente sem Vítima;2,1;BR-040/DF;Norte;Colisão traseira;3;0;0;0;0;0;0;0;0;0;6;0;0;0;0
27/01/2016;00:36:00;6;Acidente sem Vítima;4,09;BR-040/DF;Sul;Abalroamento - Longitudinal;1;0;0;0;1;0;0;0;0;0;2;0;0;0;0
27/01/2016;14:32:00;212;Atropelamento sem Morte;8,65;BR-040/GO;Sul;Atropelamento - Ciclista;1;0;0;0;0;0;0;0;0;0;1;1;0;0;0
27/01/2016;00:33:00;5;Acidente sem Vítima;221,5;BR-040/MG;Norte;Atropelamento - Animal;1;0;0;0;0;0;0;0;0;0;3;0;0;0;0
27/01/2016;18:12:00;293;Acidente com Vítima;462,035;BR-040/MG;Norte;Outros;0;0;0;1;0;0;0;0;0;0;0;0;1;0;0
27/01/2016;18:10:00;291;Acidente com Vítima;463,992;BR-040/MG;Norte;Capotamento;0;0;1;0;0;0;0;0;0;0;0;0;4;0;0
27/01/2016;17:47:00;285;Acidente sem Vítima;463,992;BR-040/MG;Sul;Capotamento;0;0;0;0;0;0;0;0;0;1;1;0;0;0;0
27/01/2016;12:25:00;175;Acidente sem Vítima;465,4;BR-040/MG;Norte;Colisão traseira;2;0;1;0;0;0;0;0;0;0;5;0;0;0;0
27/01/2016;17:29:00;276;Acidente sem Vítima;469,1;BR-040/MG;Norte;Queda de Carga;0;0;1;0;0;0;0;0;0;0;1;0;0;0;0
27/01/2016;16:19:00;254;Acidente sem Vítima;485,1;BR-040/MG;Norte;Colisão traseira;2;0;1;0;0;0;0;0;0;0;3;0;0;0;0
27/01/2016;07:33:00;70;Acidente sem Vítima;514,8;BR-040/MG;Sul;Colisão traseira;2;0;0;1;0;0;0;0;0;0;3;0;0;0;0
27/01/2016;07:20:00;64;Acidente com Vítima;516,3;BR-040/MG;Norte;Outros;0;0;0;2;0;0;0;0;0;0;1;0;1;0;0
27/01/2016;13:28:00;190;Acidente com Vítima;527,3;BR-040/MG;Norte;Abalroamento - Longitudinal;1;0;0;1;0;0;0;0;0;0;1;1;0;0;0
27/01/2016;07:06:00;52;Acidente com Morte;539,9;BR-040/MG;Norte;Colisão traseira;2;0;1;1;0;0;0;0;0;0;2;0;0;1;2
27/01/2016;19:49:00;326;Acidente sem Vítima;541,053;BR-040/MG;Norte;Colisão traseira;2;0;0;0;0;0;0;0;0;0;2;0;0;0;0
27/01/2016;13:13:00;187;Acidente com Vítima;541,5;BR-040/MG;Sul;Abalroamento - Longitudinal;1;0;0;1;0;0;0;0;0;0;1;1;0;0;0
27/01/2016;01:37:00;16;Acidente com Vítima;604,82;BR-040/MG;Norte;Capotamento;1;0;0;0;0;0;0;0;0;0;1;3;0;0;0
27/01/2016;20:38:00;337;Acidente sem Vítima;614,459;BR-040/MG;Sul;Colisão traseira;1;0;1;0;0;0;0;0;0;0;2;0;0;0;0
27/01/2016;18:23:00;298;Acidente sem Vítima;760,95;BR-040/MG;Sul;Colisão traseira;0;0;2;0;0;0;0;0;0;0;2;0;0;0;0
28/01/2016;08:12:00;110;Acidente sem Vítima;3;BR-040/DF;Norte;Outros;0;0;0;0;0;0;0;0;0;0;0;0;0;0;0
28/01/2016;16:56:00;250;Acidente sem Vítima;18,2;BR-040/MG;Norte;Choque com objeto fixo;1;0;0;0;0;0;0;0;0;0;1;0;0;0;0
28/01/2016;03:24:00;44;Acidente sem Vítima;47,313;BR-040/MG;Sul;Atropelamento - Animal;1;0;0;0;0;0;0;0;0;0;2;0;0;0;0
28/01/2016;10:21:00;169;Acidente sem Vítima;179,02;BR-040/MG;Sul;Choque em veículo parado na pista;1;0;1;0;0;0;0;0;0;0;2;0;0;0;0
28/01/2016;16:03:00;235;Acidente com Vítima;491,6;BR-040/MG;Sul;Capotamento;1;0;0;0;0;0;0;0;0;0;2;1;0;0;0
28/01/2016;17:22:00;257;Acidente sem Vítima;510,6;BR-040/MG;Norte;Outros;1;0;0;0;0;0;0;0;0;0;1;0;0;0;0
28/01/2016;11:56:00;183;Acidente sem Vítima;516,83;BR-040/MG;Sul;Capotamento;1;0;0;0;0;0;0;0;0;0;1;0;0;0;0
28/01/2016;18:33:00;275;Acidente sem Vítima;552,8;BR-040/MG;Sul;Choque com objeto fixo;1;0;0;0;0;0;0;0;0;0;1;0;0;0;0
28/01/2016;16:41:00;245;Acidente sem Vítima;566,77;BR-040/MG;Norte;Outros;1;0;0;0;0;0;0;0;0;0;1;0;0;0;0
28/01/2016;17:28:00;258;Acidente com Vítima;581,9;BR-040/MG;Sul;Capotamento;1;0;0;0;0;0;0;0;0;0;0;0;2;0;0
28/01/2016;17:34:00;260;Acidente com Vítima;595,2;BR-040/MG;Sul;Choque com objeto fixo;0;0;1;0;0;0;0;0;0;0;1;0;1;0;0
28/01/2016;19:04:00;287;Acidente sem Vítima;714,2;BR-040/MG;Sul;Choque com objeto fixo;1;0;0;0;0;0;0;0;0;0;2;0;0;0;0
28/01/2016;21:25:00;326;Acidente sem Vítima;759,4;BR-040/MG;Sul;Abalroamento - Longitudinal;2;0;1;0;0;0;0;0;0;0;5;0;0;0;0
28/01/2016;18:35:00;278;Acidente sem Vítima;764,8;BR-040/MG;Sul;Outros;1;0;0;0;0;0;0;0;0;0;2;0;0;0;0
29/01/2016;19:00:00;326;Acidente com Vítima;7,2;BR-040/GO;Sul;Abalroamento - Longitudinal;1;0;0;1;0;0;0;0;0;0;2;1;0;0;0
29/01/2016;06:34:00;45;Atropelamento sem Morte;9,02;BR-040/GO;Sul;Atropelamento - Ciclista;1;0;0;0;0;0;0;0;0;0;1;0;1;0;0
29/01/2016;17:59:00;298;Acidente com Vítima;17,1;BR-040/GO;Norte;Outros;0;0;0;1;0;0;0;0;0;0;0;1;0;0;0
29/01/2016;15:43:00;245;Acidente sem Vítima;244,8;BR-040/MG;Sul;Outros;0;0;2;0;0;0;0;0;0;0;2;0;0;0;0
29/01/2016;19:35:00;346;Acidente sem Vítima;487,1;BR-040/MG;Sul;Colisão traseira;0;0;2;0;0;0;0;0;0;0;3;0;0;0;0
29/01/2016;14:39:00;223;Acidente sem Vítima;523,375;BR-040/MG;Sul;Outros;1;0;0;0;0;0;0;0;0;0;1;0;0;0;0
29/01/2016;07:08:00;56;Acidente com Vítima;530,07;BR-040/MG;Sul;Outros;1;0;0;1;0;0;0;0;0;0;1;1;0;0;0
29/01/2016;09:44:00;132;Acidente sem Vítima;531,001;BR-040/MG;Sul;Abalroamento - Longitudinal;2;0;0;0;0;0;0;0;0;0;2;0;0;0;0
29/01/2016;08:33:00;109;Acidente sem Vítima;538,36;BR-040/MG;Norte;Choque em barreira New Jersey;0;0;0;0;0;0;0;0;0;1;1;0;0;0;0
29/01/2016;13:04:00;201;Acidente sem Vítima;539,76;BR-040/MG;Sul;Choque em barreira New Jersey;1;0;1;0;0;0;0;0;0;0;3;0;0;0;0
29/01/2016;13:17:00;206;Acidente sem Vítima;546,1;BR-040/MG;Sul;Queda de Carga;1;0;0;0;0;0;0;0;0;0;1;0;0;0;0
29/01/2016;16:12:00;256;Acidente sem Vítima;546,16;BR-040/MG;Norte;Colisão traseira;2;0;0;0;0;0;0;0;0;0;3;0;0;0;0
29/01/2016;15:31:00;240;Acidente sem Vítima;564,5;BR-040/MG;Norte;Colisão traseira;2;0;0;0;0;0;0;0;0;0;5;0;0;0;0
29/01/2016;17:58:00;296;Acidente sem Vítima;615,01;BR-040/MG;Sul;Colisão traseira;2;0;0;0;0;0;0;0;0;0;4;0;0;0;0
29/01/2016;23:28:00;417;Acidente com Vítima;637,5;BR-040/MG;Norte;Choque com objeto fixo;1;0;0;0;0;0;0;0;0;0;1;1;0;0;0
29/01/2016;19:50:00;351;Acidente sem Vítima;660,07;BR-040/MG;Sul;Abalroamento - Longitudinal;1;0;0;1;0;0;0;0;0;0;2;0;0;0;0
30/01/2016;20:10:00;316;Acidente com Vítima;4,01;BR-040/GO;Sul;Abalroamento - Transversal;2;0;0;0;0;0;0;0;0;0;4;1;0;0;0
30/01/2016;12:36:00;162;Acidente com Vítima;43,001;BR-040/MG;Sul;Abalroamento - Longitudinal;0;2;0;0;0;0;0;0;0;0;1;1;0;0;0
30/01/2016;16:19:00;240;Acidente com Morte;30,9;BR-040/GO;Norte;Abalroamento - Longitudinal;2;0;0;0;0;0;0;0;0;0;2;0;0;0;1
30/01/2016;10:49:00;136;Acidente com Vítima;463,1;BR-040/MG;Norte;Colisão traseira;2;0;0;1;0;0;0;0;0;0;4;1;0;0;0
30/01/2016;08:55:00;94;Acidente sem Vítima;477;BR-040/MG;Norte;Colisão frontal;0;0;0;2;0;0;0;0;0;0;2;0;0;0;0
30/01/2016;04:50:00;40;Acidente com Vítima;483,5;BR-040/MG;Norte;Outros;0;0;0;1;0;0;0;0;0;0;0;2;0;0;0
30/01/2016;13:53:00;181;Acidente sem Vítima;502,03;BR-040/MG;Sul;Abalroamento - Longitudinal;2;0;0;0;0;0;0;0;0;0;2;0;0;0;0
30/01/2016;17:23:00;261;Acidente sem Vítima;503,3;BR-040/MG;Sul;Colisão traseira;2;0;0;0;0;0;0;0;0;0;2;0;0;0;0
30/01/2016;05:33:00;44;Acidente com Vítima;546,1;BR-040/MG;Norte;Capotamento;1;0;0;0;0;0;0;0;0;0;0;1;0;0;0
30/01/2016;14:44:00;204;Acidente sem Vítima;552,8;BR-040/MG;Sul;Colisão traseira;1;0;0;1;0;0;0;0;0;0;2;0;0;0;0
30/01/2016;17:51:00;268;Acidente sem Vítima;618,565;BR-040/MG;Norte;Capotamento;1;0;0;0;0;0;0;0;0;0;1;0;0;0;0
30/01/2016;01:38:00;18;Acidente sem Vítima;623,9;BR-040/MG;Sul;Abalroamento - Longitudinal;2;0;0;0;0;0;0;0;0;0;3;0;0;0;0
30/01/2016;22:54:00;346;Acidente sem Vítima;760,533;BR-040/MG;Sul;Outros;1;0;0;0;0;0;0;0;0;0;1;0;0;0;0
31/01/2016;14:59:00;125;Acidente com Vítima;4,15;BR-040/GO;Norte;Abalroamento - Longitudinal;1;0;0;1;0;0;0;0;0;0;1;0;1;0;0
31/01/2016;18:01:00;172;Acidente sem Vítima;5,3;BR-040/GO;Sul;Abalroamento - Longitudinal;2;0;0;0;0;0;0;0;0;0;5;0;0;0;0
31/01/2016;15:24:00;131;Acidente com Vítima;25,001;BR-040/GO;Sul;Abalroamento - Longitudinal;1;0;0;1;0;0;0;0;0;0;1;0;0;0;0
31/01/2016;20:23:00;224;Atropelamento sem Morte;442;BR-040/MG;Norte;Atropelamento - Ciclista;1;0;0;0;0;0;0;0;0;0;1;1;0;0;0
31/01/2016;10:05:00;63;Acidente sem Vítima;485,2;BR-040/MG;Sul;Capotamento;1;0;1;0;0;0;0;0;0;0;2;0;0;0;0
31/01/2016;17:46:00;165;Acidente com Vítima;510,26;BR-040/MG;Sul;Colisão traseira;1;0;1;0;0;0;0;0;0;0;36;3;4;0;0
31/01/2016;13:33:00;104;Acidente sem Vítima;522,5;BR-040/MG;Sul;Choque em defensa;1;0;0;0;0;0;0;0;0;0;1;0;0;0;0
31/01/2016;17:52:00;169;Acidente sem Vítima;550,1;BR-040/MG;Sul;Capotamento;1;0;0;0;0;0;0;0;0;0;1;0;0;0;0
31/01/2016;19:27:00;204;Acidente com Vítima;566,653;BR-040/MG;Sul;Choque com objeto fixo;1;0;0;0;0;0;0;0;0;0;1;1;0;0;0
31/01/2016;16:58:00;149;Acidente sem Vítima;591,1;BR-040/MG;Sul;Queda de Carga;1;0;0;0;0;0;0;0;0;0;5;0;0;0;0
31/01/2016;06:57:00;27;Acidente sem Vítima;598,9;BR-040/MG;Sul;Choque com objeto fixo;1;0;0;0;0;0;0;0;0;0;4;0;0;0;0
31/01/2016;14:22:00;117;Acidente sem Vítima;608,2;BR-040/MG;Norte;Abalroamento - Transversal;2;0;0;0;0;0;0;0;0;0;4;0;0;0;0
31/01/2016;16:12:00;140;Acidente com Vítima;643,5;BR-040/MG;Norte;Capotamento;2;0;0;0;0;0;0;0;0;0;1;0;1;1;0
31/01/2016;17:00:00;150;Acidente com Vítima;93,9;BR-040/GO;Sul;Abalroamento - Longitudinal;2;0;0;0;0;0;0;0;0;0;3;1;0;0;0
31/01/2016;23:35:00;278;Acidente sem Vítima;712,7;BR-040/MG;Sul;Capotamento;1;0;0;0;0;0;0;0;0;0;2;0;0;0;0
01/02/2016;07:57:00;70;Acidente sem Vítima;5,3;BR-040/DF;Sul;Colisão traseira;1;0;0;1;0;0;0;0;0;0;2;0;0;0;0
01/02/2016;21:07:00;314;Atropelamento sem Morte;12,9;BR-040/GO;Sul;Atropelamento - Ciclista;0;0;0;1;0;0;0;0;0;0;1;1;0;0;0
01/02/2016;19:57:00;296;Acidente com Vítima;134,8;BR-040/MG;Sul;Abalroamento - Longitudinal;1;0;1;0;0;0;0;0;0;0;1;0;1;0;0
01/02/2016;12:52:00;169;Acidente com Vítima;346,7;BR-040/MG;Norte;Outros;0;0;0;1;0;0;0;0;0;0;0;0;2;0;0
01/02/2016;07:38:00;58;Acidente sem Vítima;446,08;BR-040/MG;Norte;Capotamento;1;0;0;0;0;0;0;0;0;0;1;0;0;0;0
01/02/2016;09:35:00;115;Acidente com Vítima;509,8;BR-040/MG;Sul;Outros;1;0;0;0;0;0;0;0;0;0;1;0;1;0;0
01/02/2016;14:05:00;190;Acidente sem Vítima;541,1;BR-040/MG;Norte;Colisão traseira;2;0;0;0;0;0;0;0;0;0;2;0;0;0;0
01/02/2016;17:57:00;256;Acidente sem Vítima;549,3;BR-040/MG;Sul;Outros;1;0;0;0;0;0;0;0;0;0;1;0;0;0;0
01/02/2016;08:12:00;87;Acidente com Vítima;581,1;BR-040/MG;Sul;Colisão traseira;1;0;0;1;0;0;0;0;0;0;1;1;0;0;0
01/02/2016;14:33:00;200;Acidente sem Vítima;612,1;BR-040/MG;Norte;Abalroamento - Longitudinal;1;0;1;0;0;0;0;0;0;0;2;0;0;0;0
01/02/2016;08:07:00;85;Acidente sem Vítima;624,4;BR-040/MG;Sul;Abalroamento - Longitudinal;2;0;0;0;0;0;0;0;0;0;2;0;0;0;0
01/02/2016;17:02:00;243;Acidente com Vítima;697,7;BR-040/MG;Norte;Outros;0;0;0;1;0;0;0;0;0;0;0;1;0;0;0
01/02/2016;14:03:00;188;Acidente com Vítima;113,1;BR-040/GO;Norte;Capotamento;1;0;0;0;0;0;0;0;0;0;1;0;1;0;0
02/02/2016;18:41:00;276;Atropelamento sem Morte;1,2;BR-040/GO;Sul;Atropelamento - Pedestre atravessando;0;0;0;1;0;0;0;0;0;0;1;0;2;0;0
02/02/2016;17:55:00;263;Acidente com Vítima;2,08;BR-040/DF;Sul;Abalroamento - Transversal;1;0;0;1;0;0;0;0;0;0;1;0;1;0;0
02/02/2016;19:05:00;285;Acidente sem Vítima;5,5;BR-040/DF;Sul;Outros;0;0;0;1;0;0;0;0;0;0;1;0;0;0;0
02/02/2016;16:10:00;238;Acidente sem Vítima;5,6;BR-040/DF;Norte;Outros;0;0;0;1;0;0;0;0;0;0;1;0;0;0;0
02/02/2016;17:33:00;258;Atropelamento sem Morte;5,1;BR-040/GO;Norte;Atropelamento - Ciclista;1;0;0;0;0;0;0;0;0;0;2;1;0;0;0
02/02/2016;23:14:00;352;Acidente com Vítima;10,95;BR-040/GO;Sul;Colisão frontal;1;0;0;1;0;0;0;0;0;0;2;2;0;0;0
02/02/2016;02:33:00;18;Acidente sem Vítima;427,2;BR-040/MG;Norte;Atropelamento - Animal;1;0;0;0;0;0;0;0;0;0;2;0;0;0;0
02/02/2016;18:18:00;269;Acidente sem Vítima;440,4;BR-040/MG;Sul;Capotamento;1;0;0;0;0;0;0;0;0;0;1;0;0;0;0
02/02/2016;09:06:00;117;Acidente com Vítima;511,2;BR-040/MG;Norte;Colisão traseira;2;0;0;0;0;0;0;0;0;0;2;1;0;0;0
02/02/2016;06:50:00;41;Acidente sem Vítima;515,8;BR-040/MG;Sul;Colisão traseira;3;0;0;0;0;0;0;0;0;0;3;0;0;0;0
02/02/2016;08:04:00;96;Acidente com Vítima;543,02;BR-040/MG;Sul;Colisão traseira;1;0;0;1;0;0;0;0;0;0;1;1;0;0;0
02/02/2016;14:48:00;216;Acidente com Vítima;552,5;BR-040/MG;Sul;Abalroamento - Longitudinal;1;0;1;0;0;0;0;0;0;0;2;1;0;0;0
02/02/2016;15:25:00;230;Acidente com Vítima;572,89;BR-040/MG;Norte;Abalroamento - Transversal;2;0;0;0;0;0;0;0;0;0;2;1;0;0;0
02/02/2016;16:33:00;242;Acidente sem Vítima;587,9;BR-040/MG;Norte;Colisão traseira;0;0;2;0;0;0;0;0;0;0;2;0;0;0;0
02/02/2016;07:08:00;51;Acidente sem Vítima;618,1;BR-040/MG;Norte;Colisão traseira;2;0;0;0;0;0;0;0;0;0;2;0;0;0;0
02/02/2016;15:02:00;221;Acidente com Vítima;632,204;BR-040/MG;Norte;Colisão traseira;1;0;0;1;0;0;0;0;0;0;1;0;1;0;0
02/02/2016;00:59:00;9;Acidente com Vítima;152,5;BR-040/GO;Sul;Abalroamento - Longitudinal;2;0;0;0;0;0;0;0;0;0;3;1;0;0;0
03/02/2016;17:18:00;305;Acidente sem Vítima;1,001;BR-040/GO;Sul;Colisão traseira;1;0;1;0;0;0;0;0;0;0;2;0;0;0;0
03/02/2016;07:16:00;59;Acidente sem Vítima;2,4;BR-040/DF;Norte;Colisão traseira;1;0;0;0;1;0;0;0;0;0;2;0;0;0;0
03/02/2016;08:11:00;106;Acidente sem Vítima;3,5;BR-040/GO;Norte;Colisão traseira;1;0;0;1;0;0;0;0;0;0;2;0;0;0;0
03/02/2016;19:14:00;338;Acidente sem Vítima;4,7;BR-040/DF;Sul;Colisão traseira;2;0;0;0;0;0;0;0;0;0;4;0;0;0;0
03/02/2016;06:14:00;45;Acidente sem Vítima;16,2;BR-040/MG;Norte;Colisão traseira;1;0;1;0;0;0;0;0;0;0;3;0;0;0;0
03/02/2016;10:08:00;164;Acidente com Vítima;11;BR-040/GO;Sul;Abalroamento - Longitudinal;1;0;0;1;0;0;0;0;0;0;1;2;0;0;0
03/02/2016;16:38:00;294;Acidente sem Vítima;439,02;BR-040/MG;Sul;Colisão traseira;2;0;0;0;0;0;0;0;0;0;2;0;0;0;0
03/02/2016;23:30:00;428;Acidente sem Vítima;480,5;BR-040/MG;Norte;Outros;1;0;1;0;0;0;0;0;0;0;2;0;0;0;0
03/02/2016;15:51:00;278;Acidente sem Vítima;511,001;BR-040/MG;Norte;Colisão traseira;3;0;0;0;0;0;0;0;0;0;3;0;0;0;0
03/02/2016;11:06:00;179;Acidente sem Vítima;511,1;BR-040/MG;Sul;Colisão traseira;0;0;2;0;0;0;0;0;0;0;3;0;0;0;0
03/02/2016;10:21:00;167;Acidente sem Vítima;522,096;BR-040/MG;Sul;Outros;0;0;0;1;0;0;0;0;0;0;1;0;0;0;0
03/02/2016;14:45:00;251;Acidente sem Vítima;523,001;BR-040/MG;Norte;Colisão traseira;2;0;0;0;0;0;0;0;0;0;2;0;0;0;0
03/02/2016;12:20:00;203;Acidente com Vítima;524,03;BR-040/MG;Norte;Outros;0;0;0;1;0;0;0;0;0;0;0;1;0;0;0
03/02/2016;18:56:00;332;Acidente sem Vítima;524,212;BR-040/MG;Norte;Outros;0;0;1;1;0;0;0;0;0;0;2;0;0;0;0
03/02/2016;17:02:00;298;Acidente com Vítima;524,6;BR-040/MG;Norte;Colisão traseira;0;0;0;1;1;0;0;0;0;0;2;0;1;0;0
03/02/2016;18:25:00;319;Acidente sem Vítima;525,858;BR-040/MG;Sul;Colisão traseira;2;0;0;0;0;0;0;0;0;0;2;0;0;0;0
03/02/2016;12:33:00;210;Acidente sem Vítima;602,671;BR-040/MG;Sul;Abalroamento - Longitudinal;1;0;2;0;0;0;0;0;0;0;3;0;0;0;0