data;horario;n_da_ocorrencia;tipo_de_ocorrencia;km;trecho;sentido;tipo_de_acidente;automovel;bicicleta;caminhao;moto;onibus;outros;tracao_animal;transporte_de_cargas_especiais;trator_maquinas;utilitarios;ilesos;levemente_feridos;moderadamente_feridos;gravemente_feridos;mortos
13/02/2016;10:48:00;144;Acidente com Vítima;451,45;BR-040/MG;Sul;Capotamento;1;0;0;0;0;0;0;0;0;0;0;0;2;0;0
13/02/2016;13:44:00;186;Acidente sem Vítima;483,53;BR-040/MG;Sul;Choque com objeto fixo;1;0;0;0;0;0;0;0;0;0;1;0;0;0;0
13/02/2016;02:32:00;17;Acidente sem Vítima;487,02;BR-040/MG;Norte;Colisão traseira;0;0;2;0;0;0;0;0;0;0;47;0;0;0;0
13/02/2016;15:06:00;203;Acidente sem Vítima;496,3;BR-040/MG;Norte;Outros;0;0;0;1;0;0;0;0;0;0;1;0;0;0;0
13/02/2016;15:33:00;209;Acidente sem Vítima;505,8;BR-040/MG;Sul;Colisão traseira;2;0;0;0;0;0;0;0;0;0;2;0;0;0;0
13/02/2016;18:34:00;260;Acidente sem Vítima;506,1;BR-040/MG;Norte;Choque com objeto fixo;0;0;1;0;0;0;0;0;0;0;1;0;0;0;0
13/02/2016;18:56:00;268;Acidente sem Vítima;531,95;BR-040/MG;Norte;Choque com objeto fixo;1;0;0;0;0;0;0;0;0;0;1;0;0;0;0
13/02/2016;15:58:00;216;Acidente sem Vítima;557,3;BR-040/MG;Sul;Outros;1;0;0;0;0;0;0;0;0;0;2;0;0;0;0
13/02/2016;22:37:00;332;Acidente sem Vítima;566,4;BR-040/MG;Sul;Choque com objeto fixo;1;0;0;0;0;0;0;0;0;0;2;0;0;0;0
13/02/2016;19:40:00;285;Acidente sem Vítima;622,73;BR-040/MG;Norte;Colisão traseira;2;0;0;0;0;0;0;0;0;0;3;0;0;0;0
13/02/2016;16:25:00;224;Acidente sem Vítima;714,1;BR-040/MG;Norte;Colisão traseira;1;0;1;0;0;0;0;0;0;0;2;0;0;0;0
13/02/2016;18:08:00;249;Acidente sem Vítima;752,9;BR-040/MG;Sul;Outros;0;0;0;1;0;0;0;0;0;0;1;0;0;0;0
14/02/2016;01:42:00;8;Acidente sem Vítima;5,01;BR-040/GO;Norte;Outros;1;0;0;0;0;0;0;0;0;0;1;0;0;0;0
14/02/2016;22:36:00;287;Acidente com Vítima;6,1;BR-040/DF;Norte;Choque com objeto fixo;1;0;0;0;0;0;0;0;0;0;1;1;0;0;0
14/02/2016;05:46:00;23;Acidente sem Vítima;7,05;BR-040/GO;Sul;Colisão traseira;2;0;0;0;0;0;0;0;0;0;3;0;0;0;0
14/02/2016;19:52:00;236;Acidente sem Vítima;9,9;BR-040/GO;Norte;Abalroamento - Transversal;2;0;0;0;0;0;0;0;0;0;3;0;0;0;0
14/02/2016;20:51:00;263;Acidente sem Vítima;118,05;BR-040/MG;Sul;Capotamento;1;0;0;0;0;0;0;0;0;0;4;0;0;0;0
14/02/2016;18:22:00;201;Acidente sem Vítima;508,9;BR-040/MG;Sul;Colisão traseira;1;0;0;1;0;0;0;0;0;0;5;0;0;0;0
14/02/2016;01:10:00;5;Acidente sem Vítima;517,2;BR-040/MG;Norte;Capotamento;1;0;0;0;0;0;0;0;0;0;1;0;0;0;0
14/02/2016;12:13:00;104;Acidente com Vítima;527,02;BR-040/MG;Norte;Queda de Carga;1;0;1;0;0;0;0;0;0;0;1;1;0;0;0
14/02/2016;17:32:00;182;Acidente sem Vítima;527,2;BR-040/MG;Norte;Capotamento;1;0;0;0;0;0;0;0;0;0;1;0;0;0;0
14/02/2016;18:53:00;211;Acidente sem Vítima;546,3;BR-040/MG;Sul;Capotamento;1;0;0;0;0;0;0;0;0;0;1;0;0;0;0
14/02/2016;17:12:00;174;Acidente com Vítima;638,4;BR-040/MG;Norte;Outros;1;0;0;0;0;0;0;0;0;0;0;3;1;0;0
14/02/2016;06:45:00;27;Acidente sem Vítima;648,8;BR-040/MG;Norte;Capotamento;1;0;0;0;0;0;0;0;0;0;2;0;0;0;0
14/02/2016;10:13:00;71;Acidente com Vítima;97,2;BR-040/GO;Sul;Outros;0;0;0;1;0;0;0;0;0;0;0;1;0;0;0
15/02/2016;20:18:00;324;Acidente sem Vítima;2,468;BR-040/GO;Sul;Colisão traseira;4;0;0;0;0;0;0;0;0;0;9;0;0;0;0
15/02/2016;07:19:00;53;Acidente sem Vítima;3,1;BR-040/GO;Norte;Colisão traseira;1;0;1;0;0;0;0;0;0;0;2;0;0;0;0
15/02/2016;06:46:00;45;Acidente com Vítima;3,3;BR-040/GO;Norte;Colisão traseira;3;0;0;1;0;0;0;0;0;0;3;1;0;0;0
15/02/2016;02:35:00;18;Acidente sem Vítima;5,9;BR-040/GO;Norte;Choque com objeto fixo;1;0;0;0;0;0;0;0;0;0;1;0;0;0;0
15/02/2016;00:14:00;6;Acidente sem Vítima;24,9;BR-040/GO;Sul;Choque com objeto fixo;1;0;0;0;0;0;0;0;0;0;2;0;0;0;0
15/02/2016;09:00:00;118;Acidente sem Vítima;224,102;BR-040/MG;Sul;Queda de Carga;0;0;1;0;0;0;0;0;0;0;1;0;0;0;0
15/02/2016;16:23:00;239;Atropelamento sem Morte;500,02;BR-040/MG;Sul;Atropelamento - Pedestre caminhando;1;0;0;0;0;0;0;0;0;0;1;1;0;0;0
15/02/2016;05:33:00;37;Acidente sem Vítima;523,5;BR-040/MG;Norte;Capotamento;1;0;1;0;0;0;0;0;0;0;2;0;0;0;0
15/02/2016;16:08:00;231;Acidente sem Vítima;528,1;BR-040/MG;Sul;Colisão traseira;1;0;1;0;0;0;0;0;0;0;2;0;0;0;0
15/02/2016;07:46:00;64;Acidente com Vítima;532,8;BR-040/MG;Sul;Abalroamento - Longitudinal;1;0;0;1;0;0;0;0;0;0;1;1;0;0;0
16/02/2016;23:02:00;414;Acidente sem Vítima;26,398;BR-040/MG;Sul;Colisão traseira;1;0;1;0;0;0;0;0;0;0;2;0;0;0;0
16/02/2016;18:04:00;321;Acidente com Vítima;462,7;BR-040/MG;Norte;Colisão traseira;2;0;0;0;0;0;0;0;0;0;4;2;0;0;0
16/02/2016;16:40:00;298;Acidente sem Vítima;487,001;BR-040/MG;Norte;Colisão traseira;1;0;1;0;0;0;0;0;0;0;2;0;0;0;0
16/02/2016;19:21:00;350;Acidente sem Vítima;487,5;BR-040/MG;Norte;Colisão traseira;1;0;1;0;0;0;0;0;0;0;2;0;0;0;0
16/02/2016;09:04:00;133;Acidente sem Vítima;499,8;BR-040/MG;Sul;Colisão traseira;1;0;0;1;0;0;0;0;0;0;2;0;0;0;0
16/02/2016;14:26:00;248;Acidente sem Vítima;523,001;BR-040/MG;Sul;Colisão traseira;1;0;0;0;0;1;0;0;0;0;2;0;0;0;0
16/02/2016;14:12:00;245;Acidente sem Vítima;524,3;BR-040/MG;Norte;Colisão traseira;0;0;1;0;0;1;0;0;0;0;2;0;0;0;0
16/02/2016;21:33:00;386;Acidente sem Vítima;524,8;BR-040/MG;Norte;Choque com objeto fixo;1;0;0;0;0;0;0;0;0;0;1;0;0;0;0
16/02/2016;18:11:00;323;Acidente sem Vítima;533,8;BR-040/MG;Norte;Colisão traseira;2;0;0;0;0;0;0;0;0;0;2;0;0;0;0
16/02/2016;13:39:00;232;Acidente com Vítima;547,15;BR-040/MG;Norte;Capotamento;2;0;0;0;0;0;0;0;0;0;1;1;0;0;0
17/02/2016;19:15:00;300;Acidente sem Vítima;1,1;BR-040/GO;Sul;Capotamento;1;0;0;0;0;0;0;0;0;0;1;0;0;0;0
17/02/2016;08:20:00;99;Acidente sem Vítima;4,5;BR-040/GO;Norte;Colisão traseira;2;0;0;0;0;0;0;0;0;0;2;0;0;0;0
17/02/2016;11:47:00;162;Acidente sem Vítima;175,01;BR-040/MG;Norte;Choque com objeto fixo;1;0;0;0;0;0;0;0;0;0;2;0;0;0;0
17/02/2016;17:26:00;264;Acidente sem Vítima;487,01;BR-040/MG;Sul;Colisão traseira;1;0;0;1;0;0;0;0;0;0;2;0;0;0;0
17/02/2016;07:26:00;64;Acidente sem Vítima;496,6;BR-040/MG;Norte;Abalroamento - Longitudinal;0;0;1;0;0;1;0;0;0;0;2;0;0;0;0
17/02/2016;09:26:00;129;Acidente com Vítima;524,2;BR-040/MG;Sul;Colisão traseira;2;0;0;1;0;0;0;0;0;0;2;1;0;0;0
17/02/2016;09:20:00;125;Acidente sem Vítima;529,1;BR-040/MG;Norte;Choque em defensa;1;0;0;0;0;0;0;0;0;0;1;0;0;0;0
17/02/2016;12:57:00;178;Acidente com Vítima;532,3;BR-040/MG;Sul;Abalroamento - Longitudinal;0;0;0;2;0;0;0;0;0;0;1;1;0;0;0
17/02/2016;12:14:00;169;Acidente sem Vítima;533,2;BR-040/MG;Norte;Abalroamento - Longitudinal;1;0;1;0;0;0;0;0;0;0;2;0;0;0;0
17/02/2016;08:45:00;115;Acidente sem Vítima;535,2;BR-040/MG;Norte;Abalroamento - Transversal;1;0;1;0;0;0;0;0;0;0;2;0;0;0;0
17/02/2016;20:28:00;319;Acidente sem Vítima;540,4;BR-040/MG;Norte;Capotamento;1;0;0;0;0;0;0;0;0;0;1;0;0;0;0
17/02/2016;16:23:00;239;Acidente sem Vítima;598,8;BR-040/MG;Norte;Outros;1;0;1;0;0;1;0;0;0;0;3;0;0;0;0
17/02/2016;09:02:00;120;Acidente com Vítima;621,29;BR-040/MG;Norte;Outros;0;0;0;1;0;0;0;0;0;0;0;0;0;0;0
17/02/2016;22:18:00;343;Acidente sem Vítima;692,02;BR-040/MG;Norte;Choque com objeto fixo;0;0;1;0;0;0;0;0;0;0;1;0;0;0;0
17/02/2016;15:45:00;228;Acidente com Vítima;751,3;BR-040/MG;Sul;Colisão traseira;2;0;1;0;0;0;0;0;0;0;4;0;1;0;0
17/02/2016;16:26:00;240;Acidente sem Vítima;752,3;BR-040/MG;Norte;Capotamento;2;0;0;0;0;0;0;0;0;0;2;0;0;0;0
18/02/2016;17:24:00;230;Acidente com Vítima;4,05;BR-040/DF;Norte;Abalroamento - Longitudinal;1;0;0;1;0;0;0;0;0;0;1;1;0;0;0
18/02/2016;06:50:00;38;Acidente sem Vítima;6,3;BR-040/GO;Norte;Colisão traseira;2;0;1;0;0;0;0;0;0;0;3;0;0;0;0
18/02/2016;16:56:00;219;Acidente sem Vítima;438,1;BR-040/MG;Sul;Colisão traseira;0;0;1;0;0;0;0;0;0;1;3;0;0;0;0
18/02/2016;19:07:00;259;Acidente sem Vítima;449,2;BR-040/MG;Sul;Outros;2;0;0;0;0;0;0;0;0;0;2;0;0;0;0
18/02/2016;07:04:00;44;Acidente sem Vítima;506,2;BR-040/MG;Sul;Colisão traseira;3;0;0;0;0;0;0;0;0;0;3;0;0;0;0
18/02/2016;06:55:00;40;Acidente sem Vítima;515,1;BR-040/MG;Norte;Colisão traseira;2;0;1;1;0;0;0;0;0;0;4;0;0;0;0
18/02/2016;17:14:00;226;Acidente com Vítima;515,2;BR-040/MG;Norte;Choque com objeto fixo;1;0;0;0;0;0;0;0;0;0;1;2;0;0;0
18/02/2016;17:41:00;235;Acidente sem Vítima;515,5;BR-040/MG;Norte;Colisão traseira;3;0;0;0;0;0;0;0;0;0;5;0;0;0;0
18/02/2016;07:31:00;53;Acidente com Vítima;517,2;BR-040/MG;Norte;Colisão traseira;1;0;0;0;1;0;0;0;0;0;1;0;1;0;0
18/02/2016;22:19:00;314;Acidente sem Vítima;522,8;BR-040/MG;Sul;Colisão traseira;2;0;0;0;0;0;0;0;0;0;2;0;0;0;0
18/02/2016;18:09:00;244;Acidente com Vítima;529,07;BR-040/MG;Sul;Abalroamento - Longitudinal;1;0;0;1;0;0;0;0;0;0;3;1;0;0;0
18/02/2016;16:34:00;212;Acidente sem Vítima;610,8;BR-040/MG;Sul;Colisão frontal;0;0;2;0;0;1;0;0;0;0;3;0;0;0;0
18/02/2016;18:10:00;245;Acidente sem Vítima;611,1;BR-040/MG;Norte;Abalroamento - Longitudinal;1;0;1;0;0;0;0;0;0;0;2;0;0;0;0
18/02/2016;19:38:00;272;Acidente sem Vítima;615,1;BR-040/MG;Sul;Abalroamento - Longitudinal;1;0;1;0;0;0;0;0;0;0;2;0;0;0;0
18/02/2016;12:49:00;160;Acidente com Vítima;717,7;BR-040/MG;Sul;Capotamento;1;0;0;0;0;0;0;0;0;0;0;1;0;0;0
18/02/2016;16:46:00;217;Acidente sem Vítima;729,1;BR-040/MG;Norte;Choque com objeto fixo;1;0;0;0;0;0;0;0;0;0;2;0;0;0;0
18/02/2016;17:22:00;229;Acidente sem Vítima;739,8;BR-040/MG;Norte;Capotamento;1;0;0;0;0;0;0;0;0;0;3;0;0;0;0
19/02/2016;18:47:00;316;Acidente sem Vítima;2,15;BR-040/GO;Norte;Outros;0;0;0;1;0;0;0;0;0;0;1;0;0;0;0
19/02/2016;07:15:00;55;Acidente sem Vítima;2,5;BR-040/GO;Norte;Outros;0;0;0;1;0;0;0;0;0;0;1;0;0;0;0
19/02/2016;18:36:00;309;Acidente sem Vítima;5,115;BR-040/DF;Sul;Abalroamento - Transversal;1;0;1;0;0;0;0;0;0;0;2;0;0;0;0
19/02/2016;08:00:00;84;Acidente sem Vítima;5;BR-040/GO;Norte;Colisão traseira;5;0;0;0;0;0;0;0;0;0;5;0;0;0;0
19/02/2016;06:38:00;41;Acidente sem Vítima;101;BR-040/MG;Norte;Queda de Carga;0;0;1;0;0;0;0;0;0;0;1;0;0;0;0
19/02/2016;17:36:00;285;Acidente sem Vítima;462,2;BR-040/MG;Sul;Colisão traseira;1;0;0;0;0;1;0;0;0;0;2;0;0;0;0
19/02/2016;17:04:00;269;Acidente sem Vítima;464,921;BR-040/MG;Norte;Capotamento;1;0;0;0;0;0;0;0;0;0;1;0;0;0;0
19/02/2016;17:41:00;287;Acidente sem Vítima;465,001;BR-040/MG;Norte;Colisão traseira;0;0;1;0;0;1;0;0;0;0;2;0;0;0;0
19/02/2016;17:50:00;289;Acidente sem Vítima;465,9;BR-040/MG;Norte;Queda de Carga;0;0;1;0;0;0;0;0;0;0;1;0;0;0;0
19/02/2016;22:27:00;391;Acidente com Morte;505,395;BR-040/MG;Norte;Colisão traseira;1;0;0;1;0;0;0;0;0;0;1;0;0;0;1
19/02/2016;23:39:00;411;Acidente sem Vítima;535,5;BR-040/MG;Sul;Capotamento;1;0;0;0;0;0;0;0;0;0;2;0;0;0;0
19/02/2016;21:02:00;367;Atropelamento sem Morte;540,73;BR-040/MG;Sul;Atropelamento - Pedestre caminhando;1;0;0;0;0;0;0;0;0;0;1;0;0;1;0
19/02/2016;07:11:00;52;Acidente sem Vítima;542,5;BR-040/MG;Sul;Colisão traseira;5;0;0;0;0;0;0;0;0;0;5;0;0;0;0
19/02/2016;14:09:00;204;Acidente sem Vítima;587,6;BR-040/MG;Norte;Colisão traseira;1;0;0;0;1;0;0;0;0;0;2;0;0;0;0
19/02/2016;22:30:00;392;Atropelamento com Morte;618,122;BR-040/MG;Norte;Atropelamento - Ciclista;1;1;0;0;0;0;0;0;0;0;1;0;0;0;1
20/02/2016;19:18:00;302;Acidente sem Vítima;1,05;BR-040/GO;Norte;Abalroamento - Transversal;1;0;1;0;0;0;0;0;0;0;4;0;0;0;0
20/02/2016;18:26:00;279;Acidente com Vítima;1,19;BR-040/GO;Norte;Colisão traseira;3;0;0;0;0;0;0;0;0;0;6;0;2;0;0
20/02/2016;04:12:00;40;Acidente com Vítima;41,097;BR-040/MG;Norte;Colisão frontal;1;0;0;1;0;0;0;0;0;0;2;0;1;0;0
20/02/2016;23:05:00;365;Acidente com Vítima;429,5;BR-040/MG;Norte;Colisão traseira;1;0;0;0;0;1;0;0;0;0;2;1;0;0;0
20/02/2016;21:54:00;348;Acidente sem Vítima;497,3;BR-040/MG;Sul;Colisão traseira;1;0;1;0;0;0;0;0;0;0;2;0;0;0;0
20/02/2016;10:32:00;142;Acidente sem Vítima;507,6;BR-040/MG;Norte;Colisão traseira;2;0;0;0;0;0;0;0;0;0;2;0;0;0;0
20/02/2016;22:41:00;363;Acidente com Vítima;515,535;BR-040/MG;Sul;Capotamento;2;0;0;0;0;0;0;0;0;0;2;0;1;0;0
20/02/2016;06:23:00;55;Acidente sem Vítima;528,377;BR-040/MG;Norte;Capotamento;1;0;0;0;0;0;0;0;0;0;2;0;0;0;0
20/02/2016;23:16:00;368;Acidente sem Vítima;533,567;BR-040/MG;Norte;Capotamento;2;0;0;0;0;0;0;0;0;0;2;0;0;0;0
20/02/2016;10:06:00;134;Acidente com Morte;565,5;BR-040/MG;Norte;Abalroamento - Longitudinal;2;0;0;0;0;0;0;0;0;0;0;0;1;0;1
20/02/2016;17:17:00;251;Acidente sem Vítima;735,02;BR-040/MG;Norte;Queda de Carga;1;0;0;0;0;0;0;0;0;0;1;0;0;0;0
20/02/2016;02:39:00;29;Acidente com Vítima;741,95;BR-040/MG;Norte;Capotamento;1;0;0;0;0;0;0;0;0;0;2;0;1;0;0
21/02/2016;17:56:00;233;Acidente sem Vítima;1,3;BR-040/GO;Norte;Abalroamento - Transversal;1;0;0;1;0;0;0;0;0;0;4;0;0;0;0
21/02/2016;16:32:00;212;Acidente sem Vítima;1,4;BR-040/DF;Sul;Capotamento;1;0;0;0;0;0;0;0;0;0;1;0;0;0;0
21/02/2016;21:07:00;300;Acidente sem Vítima;3,85;BR-040/GO;Sul;Choque com objeto fixo;1;0;0;0;0;0;0;0;0;0;4;0;0;0;0
21/02/2016;19:12:00;268;Atropelamento sem Morte;4,5;BR-040/GO;Norte;Atropelamento - Pedestre atravessando;1;0;0;0;0;0;0;0;0;0;1;0;1;0;0
21/02/2016;19:58:00;281;Acidente com Vítima;8,05;BR-040/GO;Sul;Colisão traseira;2;0;0;0;0;0;0;0;0;0;4;1;1;0;0
21/02/2016;06:02:00;47;Acidente sem Vítima;10,5;BR-040/GO;Norte;Atropelamento - Animal;1;0;0;0;0;0;0;0;0;0;1;0;0;0;0
21/02/2016;14:41:00;186;Acidente sem Vítima;11,12;BR-040/GO;Norte;Colisão traseira;2;0;0;0;0;0;0;0;0;0;5;0;0;0;0
21/02/2016;21:00:00;296;Acidente sem Vítima;212,3;BR-040/MG;Norte;Atropelamento - Animal;1;0;0;0;0;0;0;0;0;0;2;0;0;0;0
21/02/2016;10:14:00;110;Acidente com Vítima;544,1;BR-040/MG;Sul;Colisão traseira;1;0;0;1;0;0;0;0;0;0;1;0;1;0;0
21/02/2016;17:52:00;232;Acidente com Vítima;570,02;BR-040/MG;Norte;Abalroamento - Transversal;2;0;1;0;0;0;0;0;0;0;0;0;4;1;0
21/02/2016;06:09:00;48;Acidente com Vítima;578,866;BR-040/MG;Sul;Choque com objeto fixo;1;0;0;0;0;0;0;0;0;0;1;1;1;0;0
21/02/2016;16:24:00;210;Acidente sem Vítima;585,2;BR-040/MG;Sul;Colisão traseira;2;0;0;0;0;0;0;0;0;0;3;0;0;0;0
21/02/2016;10:56:00;123;Acidente sem Vítima;617,2;BR-040/MG;Norte;Colisão traseira;1;0;1;0;0;0;0;0;0;0;4;0;0;0;0
21/02/2016;22:57:00;331;Acidente com Vítima;680,5;BR-040/MG;Sul;Queda de Carga;0;0;1;0;0;0;0;0;0;0;0;0;1;0;0
21/02/2016;08:53:00;83;Acidente sem Vítima;705,043;BR-040/MG;Sul;Capotamento;1;0;0;0;0;0;0;0;0;0;3;0;0;0;0
21/02/2016;22:16:00;319;Acidente sem Vítima;705,3;BR-040/MG;Sul;Capotamento;1;0;0;0;0;0;0;0;0;0;1;0;0;0;0
21/02/2016;16:08:00;202;Acidente com Vítima;727,7;BR-040/MG;Sul;Choque em barreira New Jersey;1;0;0;0;0;0;0;0;0;0;1;0;0;0;0
21/02/2016;19:53:00;278;Acidente com Vítima;729,7;BR-040/MG;Sul;Colisão traseira;0;0;2;0;0;0;0;0;0;0;1;0;1;0;0
21/02/2016;19:03:00;264;Acidente com Vítima;100,3;BR-040/GO;Sul;Outros;1;0;0;0;0;0;0;0;0;0;0;0;2;0;0
22/02/2016;06:10:00;36;Acidente sem Vítima;1,8;BR-040/GO;Norte;Colisão traseira;2;0;0;0;0;0;0;0;0;0;2;0;0;0;0
22/02/2016;07:57:00;88;Atropelamento sem Morte;4,3;BR-040/GO;Norte;Atropelamento - Pedestre atravessando;0;0;0;1;0;0;0;0;0;0;1;1;0;0;0
22/02/2016;02:57:00;16;Acidente sem Vítima;25,8;BR-040/GO;Norte;Atropelamento - Animal;0;0;0;0;0;0;0;0;0;0;0;0;0;0;0
22/02/2016;16:27:00;256;Acidente com Vítima;26,5;BR-040/GO;Sul;Colisão traseira;1;0;0;1;0;0;0;0;0;0;1;0;2;0;0
22/02/2016;05:52:00;32;Acidente com Morte;26,52;BR-040/GO;Norte;Outros;0;0;1;0;0;0;0;0;0;0;0;0;0;0;1
22/02/2016;06:56:00;54;Acidente com Morte;432,85;BR-040/MG;Norte;Choque com objeto fixo;1;0;0;0;0;0;0;0;0;0;0;0;1;2;1
22/02/2016;07:47:00;81;Acidente com Vítima;517,1;BR-040/MG;Sul;Colisão traseira;2;0;0;0;0;0;0;0;0;0;2;1;0;0;0
22/02/2016;21:50:00;350;Acidente sem Vítima;525,35;BR-040/MG;Sul;Capotamento;1;0;0;0;0;0;0;0;0;0;1;0;0;0;0
22/02/2016;07:02:00;58;Acidente sem Vítima;576,4;BR-040/MG;Sul;Abalroamento - Transversal;2;0;0;0;0;0;0;0;0;0;2;0;0;0;0
22/02/2016;09:19:00;135;Acidente sem Vítima;591,2;BR-040/MG;Sul;Abalroamento - Longitudinal;1;0;1;0;0;0;0;0;0;0;2;0;0;0;0
22/02/2016;09:54:00;149;Acidente sem Vítima;684,2;BR-040/MG;Norte;Choque em barreira New Jersey;1;0;0;0;0;0;0;0;0;0;5;0;0;0;0
23/02/2016;14:08:00;243;Acidente sem Vítima;29,01;BR-040/GO;Norte;Capotamento;0;0;1;0;0;0;0;0;0;0;1;0;0;0;0
23/02/2016;06:09:00;43;Acidente sem Vítima;509;BR-040/MG;Sul;Colisão traseira;3;0;2;0;0;0;0;0;0;0;49;0;0;0;0
23/02/2016;07:58:00;86;Acidente sem Vítima;532,4;BR-040/MG;Sul;Outros;0;0;0;1;0;0;0;0;0;0;1;0;0;0;0
23/02/2016;17:20:00;285;Acidente sem Vítima;602,38;BR-040/MG;Sul;Abalroamento - Transversal;2;0;0;0;0;0;0;0;0;0;2;0;0;0;0
23/02/2016;19:30:00;327;Acidente com Morte;629,5;BR-040/MG;Sul;Colisão frontal;1;0;0;0;0;0;0;0;0;1;8;2;1;0;1
23/02/2016;03:16:00;24;Acidente sem Vítima;637,4;BR-040/MG;Norte;Outros;1;0;0;0;0;0;0;0;0;0;5;0;0;0;0
23/02/2016;13:11:00;232;Acidente sem Vítima;768,5;BR-040/MG;Sul;Capotamento;0;0;1;0;0;0;0;0;0;0;1;0;0;0;0
24/02/2016;07:01:00;62;Acidente com Vítima;0,2;BR-040/GO;Norte;Abalroamento - Longitudinal;0;0;0;1;1;0;0;0;0;0;1;0;0;0;0
24/02/2016;16:43:00;278;Acidente sem Vítima;2,6;BR-040/GO;Sul;Abalroamento - Longitudinal;1;0;0;1;0;0;0;0;0;0;2;0;0;0;0
24/02/2016;16:28:00;273;Acidente sem Vítima;2,8;BR-040/GO;Sul;Abalroamento - Longitudinal;2;0;0;0;0;0;0;0;0;0;2;0;0;0;0
24/02/2016;06:53:00;59;Acidente com Vítima;3,25;BR-040/GO;Norte;Abalroamento - Longitudinal;1;0;0;1;0;0;0;0;0;0;1;2;0;0;0
24/02/2016;01:46:00;14;Acidente com Vítima;25,298;BR-040/GO;Sul;Outros;1;0;0;0;0;0;0;0;0;0;1;0;0;0;0
24/02/2016;14:51:00;248;Acidente sem Vítima;230,001;BR-040/MG;Norte;Atropelamento - Animal;0;0;1;0;0;0;0;0;0;0;1;0;0;0;0
24/02/2016;21:27:00;353;Acidente sem Vítima;447,116;BR-040/MG;Norte;Atropelamento - Animal;1;0;0;0;0;0;0;0;0;0;3;0;0;0;0
24/02/2016;10:12:00;157;Acidente sem Vítima;454,4;BR-040/MG;Sul;Colisão traseira;2;0;0;0;0;0;0;0;0;0;18;0;0;0;0
24/02/2016;12:06:00;203;Acidente com Vítima;499;BR-040/MG;Norte;Abalroamento - Longitudinal;0;0;1;1;0;0;0;0;0;0;1;1;0;0;0
24/02/2016;20:30:00;338;Acidente com Vítima;522,8;BR-040/MG;Sul;Outros;0;0;0;1;0;0;0;0;0;0;0;0;1;0;0
24/02/2016;06:30:00;47;Acidente com Vítima;538;BR-040/MG;Sul;Colisão traseira;1;0;0;1;0;0;0;0;0;0;1;0;1;0;0
24/02/2016;13:55:00;235;Acidente com Vítima;656,5;BR-040/MG;Norte;Capotamento;1;0;0;0;0;0;0;0;0;0;0;2;1;0;0
24/02/2016;14:14:00;242;Acidente sem Vítima;686,2;BR-040/MG;Sul;Capotamento;1;0;0;0;0;0;0;0;0;0;2;0;0;0;0
24/02/2016;01:40:00;12;Acidente sem Vítima;697,8;BR-040/MG;Norte;Queda de Carga;1;0;0;0;0;0;0;0;0;0;1;0;0;0;0
24/02/2016;16:20:00;269;Acidente sem Vítima;700,2;BR-040/MG;Sul;Choque com objeto fixo;1;0;0;0;0;0;0;0;0;0;3;0;0;0;0
24/02/2016;15:29:00;254;Acidente sem Vítima;706,543;BR-040/MG;Sul;Colisão traseira;0;0;1;1;0;0;0;0;0;0;3;0;0;0;0
25/02/2016;10:49:00;136;Acidente com Vítima;0,2;BR-040/GO;Norte;Outros;2;0;0;1;0;0;0;0;0;1;3;1;0;0;0
25/02/2016;17:15:00;241;Acidente sem Vítima;4,6;BR-040/GO;Norte;Outros;0;0;0;1;0;0;0;0;0;0;1;0;0;0;0
25/02/2016;23:59:00;370;Acidente sem Vítima;6,9;BR-040/DF;Sul;Abalroamento - Longitudinal;2;0;0;0;0;0;0;0;0;0;5;0;0;0;0
25/02/2016;22:16:00;346;Acidente sem Vítima;22,1;BR-040/GO;Sul;Capotamento;1;0;0;0;0;0;0;0;0;0;1;0;0;0;0
25/02/2016;12:01:00;157;Acidente sem Vítima;24,2;BR-040/GO;Norte;Abalroamento - Longitudinal;2;0;0;0;0;0;0;0;0;0;2;0;0;0;0
25/02/2016;13:49:00;189;Acidente com Vítima;444,6;BR-040/MG;Sul;Choque em defensa;0;0;1;0;0;0;0;0;0;0;1;0;1;0;0
25/02/2016;12:39:00;168;Acidente com Vítima;452,1;BR-040/MG;Norte;Outros;0;0;0;1;0;0;0;0;0;0;0;1;0;0;0
25/02/2016;02:06:00;13;Acidente sem Vítima;477,442;BR-040/MG;Norte;Colisão traseira;1;0;1;0;0;0;0;0;0;0;2;0;0;0;0
25/02/2016;19:47:00;309;Acidente sem Vítima;485,3;BR-040/MG;Norte;Abalroamento - Longitudinal;1;0;1;0;0;0;0;0;0;0;2;0;0;0;0
25/02/2016;21:30:00;336;Acidente com Vítima;509,4;BR-040/MG;Sul;Outros;0;0;0;1;0;0;0;0;0;0;0;1;0;0;0
25/02/2016;18:57:00;283;Acidente com Vítima;510,3;BR-040/MG;Norte;Colisão traseira;1;0;0;1;0;0;0;0;0;0;2;0;1;0;0
25/02/2016;13:47:00;186;Acidente sem Vítima;515,1;BR-040/MG;Sul;Colisão traseira;1;0;1;0;0;0;0;0;0;0;2;0;0;0;0
25/02/2016;10:15:00;122;Acidente sem Vítima;534,8;BR-040/MG;Norte;Colisão traseira;1;0;1;0;0;0;0;0;0;0;2;0;0;0;0
25/02/2016;07:57:00;76;Acidente sem Vítima;536,1;BR-040/MG;Norte;Colisão traseira;2;0;0;0;0;0;0;0;0;0;2;0;0;0;0