data;horario;n_da_ocorrencia;tipo_de_ocorrencia;km;trecho;sentido;tipo_de_acidente;automovel;bicicleta;caminhao;moto;onibus;outros;tracao_animal;transporte_de_cargas_especiais;trator_maquinas;utilitarios;ilesos;levemente_feridos;moderadamente_feridos;gravemente_feridos;mortos
19/03/2016;04:36:00;26;Acidente com Vítima;104,9;BR-040/MG;Sul;Outros;1;0;0;0;0;0;0;0;0;0;1;3;0;0;0
19/03/2016;20:33:00;282;Acidente sem Vítima;31;BR-040/GO;Norte;Colisão traseira;0;0;0;1;1;0;0;0;0;0;20;0;0;0;0
19/03/2016;14:29:00;184;Acidente sem Vítima;462,914;BR-040/MG;Norte;Colisão traseira;0;0;1;0;0;1;0;0;0;0;2;0;0;0;0
19/03/2016;15:10:00;196;Acidente com Vítima;518,5;BR-040/MG;Norte;Abalroamento - Longitudinal;1;0;0;1;0;0;0;0;0;0;1;1;1;0;0
19/03/2016;08:34:00;86;Acidente com Vítima;536,5;BR-040/MG;Norte;Colisão traseira;0;0;1;1;0;0;0;0;0;0;1;1;1;0;0
19/03/2016;08:59:00;96;Acidente com Vítima;540;BR-040/MG;Sul;Outros;0;0;0;1;0;0;0;0;0;0;0;1;0;0;0
19/03/2016;00:16:00;4;Acidente sem Vítima;544,94;BR-040/MG;Norte;Abalroamento - Longitudinal;3;0;0;0;0;0;0;0;0;0;4;0;0;0;0
19/03/2016;10:13:00;114;Acidente sem Vítima;552,077;BR-040/MG;Norte;Colisão traseira;3;0;0;0;0;0;0;0;0;0;3;0;0;0;0
19/03/2016;05:35:00;37;Acidente sem Vítima;553;BR-040/MG;Sul;Colisão traseira;1;0;1;0;0;0;0;0;0;0;2;0;0;0;0
19/03/2016;00:49:00;8;Atropelamento sem Morte;682,28;BR-040/MG;Sul;Atropelamento - Pedestre caminhando;0;0;1;0;0;0;0;0;0;0;1;0;0;1;0
19/03/2016;16:07:00;214;Acidente com Vítima;702,721;BR-040/MG;Norte;Outros;0;0;0;1;0;0;0;0;0;0;0;1;0;0;0
19/03/2016;17:33:00;242;Acidente com Vítima;747,5;BR-040/MG;Sul;Choque com objeto fixo;0;0;0;1;0;0;0;0;0;0;0;0;1;0;0
20/03/2016;22:51:00;256;Acidente sem Vítima;3,7;BR-040/GO;Norte;Choque com objeto fixo;1;0;0;0;0;0;0;0;0;0;2;0;0;0;0
20/03/2016;04:53:00;29;Acidente com Vítima;4;BR-040/GO;Norte;Colisão traseira;2;0;0;0;0;0;0;0;0;0;1;1;0;0;0
20/03/2016;18:00:00;173;Acidente com Vítima;5,8;BR-040/DF;Norte;Outros;0;0;0;1;0;0;0;0;0;0;0;1;0;0;0
20/03/2016;15:47:00;133;Acidente com Vítima;14,01;BR-040/GO;Norte;Abalroamento - Longitudinal;1;0;0;1;0;0;0;0;0;0;1;0;1;0;0
20/03/2016;19:13:00;206;Acidente com Vítima;46,1;BR-040/MG;Norte;Colisão traseira;1;0;0;1;0;0;0;0;0;0;1;1;0;0;0
20/03/2016;18:32:00;187;Acidente com Vítima;19,05;BR-040/GO;Sul;Colisão traseira;4;0;0;1;0;0;0;0;0;0;12;3;1;0;0
20/03/2016;01:21:00;4;Acidente sem Vítima;35,5;BR-040/GO;Norte;Capotamento;1;0;0;0;0;0;0;0;0;0;2;0;0;0;0
20/03/2016;18:45:00;194;Acidente sem Vítima;464,1;BR-040/MG;Sul;Colisão traseira;2;0;0;0;0;0;0;0;0;0;5;0;0;0;0
20/03/2016;19:24:00;210;Acidente sem Vítima;510,83;BR-040/MG;Sul;Colisão traseira;1;0;0;1;0;0;0;0;0;0;3;0;0;0;0
20/03/2016;19:03:00;202;Acidente com Vítima;514,6;BR-040/MG;Norte;Capotamento;1;0;1;0;0;0;0;0;0;0;2;1;0;0;0
20/03/2016;14:05:00;113;Acidente sem Vítima;524,4;BR-040/MG;Sul;Colisão traseira;1;0;0;1;0;0;0;0;0;0;6;0;0;0;0
20/03/2016;19:10:00;204;Acidente sem Vítima;528,5;BR-040/MG;Sul;Choque com objeto fixo;1;0;0;0;0;0;0;0;0;0;3;0;0;0;0
20/03/2016;17:59:00;172;Acidente com Vítima;536,7;BR-040/MG;Sul;Outros;0;0;0;1;0;0;0;0;0;0;0;1;0;0;0
20/03/2016;02:24:00;12;Acidente com Vítima;545,11;BR-040/MG;Norte;Colisão traseira;2;0;0;0;0;0;0;0;0;0;3;1;0;0;0
20/03/2016;18:41:00;192;Acidente sem Vítima;106,4;BR-040/GO;Norte;Capotamento;1;0;0;0;0;0;0;0;0;0;1;0;0;0;0
21/03/2016;19:26:00;287;Acidente sem Vítima;4,2;BR-040/GO;Norte;Colisão traseira;2;0;0;0;0;0;0;0;0;0;2;0;0;0;0
21/03/2016;06:32:00;30;Acidente sem Vítima;5,8;BR-040/DF;Norte;Abalroamento - Longitudinal;1;0;1;0;0;0;0;0;0;0;2;0;0;0;0
21/03/2016;20:30:00;299;Acidente sem Vítima;74,2;BR-040/MG;Norte;Colisão frontal;2;0;0;0;0;0;0;0;0;0;5;0;0;0;0
22/03/2016;19:03:00;280;Atropelamento com Morte;3,748;BR-040/GO;Sul;Atropelamento - Ciclista;0;1;1;0;0;0;0;0;0;0;1;0;0;0;1
22/03/2016;06:04:00;23;Acidente sem Vítima;22,1;BR-040/GO;Sul;Outros;0;0;0;1;0;0;0;0;0;0;1;0;0;0;0
22/03/2016;03:09:00;11;Acidente com Vítima;560,5;BR-040/MG;Sul;Outros;0;0;0;1;0;0;0;0;0;0;0;1;0;0;0
22/03/2016;05:29:00;17;Acidente sem Vítima;572,8;BR-040/MG;Norte;Abalroamento - Longitudinal;2;0;0;0;0;0;0;0;0;0;2;0;0;0;0
23/03/2016;07:31:00;78;Acidente com Vítima;2,005;BR-040/GO;Norte;Abalroamento - Longitudinal;1;0;0;1;0;0;0;0;0;0;1;1;0;0;0
23/03/2016;06:54:00;56;Acidente com Vítima;6,001;BR-040/DF;Sul;Abalroamento - Longitudinal;1;0;0;1;0;0;0;0;0;0;1;0;1;0;0
23/03/2016;20:19:00;373;Acidente com Vítima;9,74;BR-040/GO;Sul;Abalroamento - Longitudinal;1;0;0;1;0;0;0;0;0;0;5;0;1;0;0
23/03/2016;20:36:00;379;Acidente com Vítima;10,8;BR-040/GO;Norte;Abalroamento - Longitudinal;1;0;0;1;0;0;0;0;0;0;1;0;0;1;0
23/03/2016;00:07:00;1;Acidente sem Vítima;69,6;BR-040/MG;Norte;Colisão traseira;0;0;1;0;0;1;0;0;0;0;3;0;0;0;0
23/03/2016;10:31:00;158;Acidente sem Vítima;299,8;BR-040/MG;Norte;Capotamento;1;0;0;0;0;0;0;0;0;0;1;0;0;0;0
23/03/2016;18:35:00;337;Acidente sem Vítima;493,8;BR-040/MG;Norte;Choque em barreira New Jersey;1;0;0;0;0;0;0;0;0;0;2;0;0;0;0
23/03/2016;15:43:00;253;Acidente sem Vítima;511,01;BR-040/MG;Norte;Outros;1;0;0;1;0;0;0;0;0;0;2;0;0;0;0
23/03/2016;16:44:00;290;Acidente sem Vítima;523,001;BR-040/MG;Norte;Colisão traseira;2;0;0;0;0;0;0;0;0;0;2;0;0;0;0
23/03/2016;17:06:00;301;Acidente sem Vítima;533,03;BR-040/MG;Norte;Abalroamento - Longitudinal;1;0;1;0;0;0;0;0;0;0;2;0;0;0;0
23/03/2016;06:53:00;54;Acidente sem Vítima;542,6;BR-040/MG;Sul;Colisão traseira;4;0;0;0;0;0;0;0;0;0;4;0;0;0;0
23/03/2016;06:29:00;41;Acidente sem Vítima;618;BR-040/MG;Norte;Colisão traseira;3;0;0;0;0;0;0;0;0;0;12;0;0;0;0
23/03/2016;22:12:00;401;Acidente sem Vítima;665,7;BR-040/MG;Sul;Colisão traseira;1;0;1;0;0;0;0;0;0;0;5;0;0;0;0
23/03/2016;07:49:00;90;Acidente com Vítima;671,033;BR-040/MG;Norte;Abalroamento - Longitudinal;2;0;0;0;0;0;0;0;0;0;1;2;0;0;0
23/03/2016;17:24:00;311;Acidente sem Vítima;739,05;BR-040/MG;Norte;Choque com objeto fixo;1;0;0;0;0;0;0;0;0;0;4;0;0;0;0
23/03/2016;23:25:00;420;Acidente com Vítima;741,06;BR-040/MG;Norte;Abalroamento - Transversal;1;0;2;0;0;0;0;0;0;0;2;1;1;1;0
24/03/2016;20:00:00;327;Acidente sem Vítima;0,6;BR-040/GO;Sul;Abalroamento - Longitudinal;1;0;1;0;0;0;0;0;0;0;3;0;0;0;0
24/03/2016;07:15:00;84;Acidente com Vítima;1,8;BR-040/GO;Norte;Colisão traseira;1;0;0;1;0;0;0;0;0;0;1;1;0;0;0
24/03/2016;19:55:00;324;Acidente sem Vítima;3,9;BR-040/GO;Sul;Colisão traseira;2;0;0;0;0;0;0;0;0;1;39;0;0;0;0
24/03/2016;18:22:00;293;Acidente sem Vítima;4,1;BR-040/GO;Sul;Colisão traseira;2;0;0;0;1;0;0;0;0;0;73;0;0;0;0
24/03/2016;07:46:00;104;Acidente sem Vítima;11,846;BR-040/MG;Sul;Colisão traseira;2;0;0;0;0;0;0;0;0;0;2;0;0;0;0
24/03/2016;17:04:00;273;Acidente sem Vítima;44,516;BR-040/MG;Norte;Abalroamento - Longitudinal;2;0;0;0;0;0;0;0;0;0;2;0;0;0;0
24/03/2016;00:11:00;4;Acidente sem Vítima;48,6;BR-040/MG;Norte;Choque com objeto fixo;1;0;0;0;0;0;0;0;0;0;1;0;0;0;0
24/03/2016;10:01:00;157;Acidente com Vítima;148,655;BR-040/MG;Norte;Abalroamento - Longitudinal;1;0;1;0;0;0;0;0;0;0;1;1;0;0;0
24/03/2016;10:49:00;177;Acidente sem Vítima;269,8;BR-040/MG;Sul;Colisão traseira;1;0;1;0;0;0;0;0;0;0;2;0;0;0;0
24/03/2016;19:09:00;310;Acidente com Vítima;275,4;BR-040/MG;Sul;Abalroamento - Longitudinal;2;0;0;0;0;0;0;0;0;0;6;2;0;0;0
24/03/2016;19:43:00;321;Acidente sem Vítima;396,1;BR-040/MG;Sul;Abalroamento - Longitudinal;2;0;0;0;0;0;0;0;0;0;9;0;0;0;0
24/03/2016;10:38:00;169;Acidente sem Vítima;469,9;BR-040/MG;Sul;Colisão traseira;2;0;1;0;0;0;0;0;0;0;3;0;0;0;0
24/03/2016;13:11:00;219;Acidente com Vítima;510,26;BR-040/MG;Norte;Colisão traseira;2;0;0;2;0;0;0;0;0;1;4;0;1;0;0
24/03/2016;15:23:00;246;Acidente com Vítima;515,4;BR-040/MG;Norte;Colisão traseira;1;0;0;1;0;0;0;0;0;0;1;0;1;0;0
24/03/2016;16:21:00;260;Acidente sem Vítima;515,6;BR-040/MG;Norte;Colisão traseira;1;0;0;0;0;1;0;0;0;0;2;0;0;0;0
24/03/2016;08:01:00;114;Acidente com Vítima;583,2;BR-040/MG;Norte;Outros;1;0;0;0;0;0;0;0;0;0;0;0;1;0;0
24/03/2016;13:46:00;224;Acidente sem Vítima;614,969;BR-040/MG;Sul;Colisão traseira;5;0;0;0;0;0;0;0;0;0;10;0;0;0;0
24/03/2016;15:19:00;245;Acidente com Vítima;655,7;BR-040/MG;Norte;Choque com objeto fixo;1;0;0;0;0;0;0;0;0;0;0;0;3;0;0
24/03/2016;05:27:00;47;Acidente com Vítima;725,27;BR-040/MG;Sul;Colisão traseira;0;0;2;0;0;0;0;0;0;0;2;0;0;1;0
25/03/2016;08:06:00;75;Acidente sem Vítima;3,6;BR-040/GO;Sul;Choque em barreira New Jersey;1;0;0;0;0;0;0;0;0;0;1;0;0;0;0
25/03/2016;15:40:00;172;Acidente sem Vítima;10,14;BR-040/GO;Norte;Outros;1;0;0;0;0;0;0;0;0;0;1;0;0;0;0
25/03/2016;22:53:00;256;Atropelamento sem Morte;257,3;BR-040/MG;Sul;Atropelamento - Pedestre caminhando;1;0;0;0;0;0;0;0;0;0;5;0;1;0;0
25/03/2016;10:52:00;119;Acidente sem Vítima;302,5;BR-040/MG;Sul;Colisão traseira;2;0;0;0;0;0;0;0;0;0;8;0;0;0;0
25/03/2016;23:30:00;262;Acidente sem Vítima;471,03;BR-040/MG;Sul;Choque em defensa;0;0;1;0;0;0;0;0;0;0;2;0;0;0;0
25/03/2016;18:30:00;204;Acidente com Vítima;517,5;BR-040/MG;Sul;Colisão traseira;1;0;0;1;0;0;0;0;0;0;3;1;0;0;0
25/03/2016;15:55:00;177;Acidente sem Vítima;520,11;BR-040/MG;Norte;Abalroamento - Longitudinal;2;0;0;0;0;0;0;0;0;0;2;0;0;0;0
25/03/2016;01:10:00;20;Acidente sem Vítima;538,2;BR-040/MG;Sul;Choque em defensa;1;0;0;0;0;0;0;0;0;0;1;0;0;0;0
25/03/2016;11:29:00;134;Acidente com Morte;566,77;BR-040/MG;Sul;Colisão frontal;4;0;0;0;0;0;0;0;0;0;6;0;0;2;2
25/03/2016;09:27:00;97;Acidente sem Vítima;726,31;BR-040/MG;Sul;Choque em barreira New Jersey;1;0;0;0;0;0;0;0;0;0;5;0;0;0;0
25/03/2016;03:53:00;39;Acidente com Vítima;764,03;BR-040/MG;Sul;Capotamento;1;0;0;0;0;0;0;0;0;0;0;2;0;0;0
26/03/2016;16:33:00;202;Acidente com Vítima;7;BR-040/GO;Sul;Colisão traseira;1;0;0;1;0;0;0;0;0;0;2;1;0;0;0
26/03/2016;15:07:00;163;Acidente sem Vítima;34,5;BR-040/MG;Norte;Capotamento;1;0;0;0;0;0;0;0;0;0;4;0;0;0;0
26/03/2016;06:30:00;26;Acidente com Morte;82,104;BR-040/MG;Norte;Capotamento;1;0;0;0;0;0;0;0;0;0;0;1;0;0;2
26/03/2016;19:27:00;254;Acidente sem Vítima;32,25;BR-040/GO;Norte;Choque com objeto fixo;1;0;0;0;0;0;0;0;0;0;1;0;0;0;0
26/03/2016;20:20:00;272;Acidente sem Vítima;127,8;BR-040/MG;Norte;Atropelamento - Animal;1;0;0;0;0;0;0;0;0;0;1;0;0;0;0
26/03/2016;01:15:00;8;Acidente com Vítima;137,8;BR-040/MG;Sul;Outros;0;0;0;0;0;1;0;0;0;0;1;0;0;0;0
26/03/2016;13:56:00;136;Acidente com Vítima;460,5;BR-040/MG;Sul;Capotamento;1;0;0;0;0;0;0;0;0;1;6;0;1;0;0
26/03/2016;07:29:00;39;Acidente sem Vítima;507,088;BR-040/MG;Norte;Colisão traseira;2;0;0;0;0;0;0;0;0;0;4;0;0;0;0
26/03/2016;19:03:00;246;Atropelamento sem Morte;513,95;BR-040/MG;Norte;Atropelamento - Pedestre atravessando;1;0;0;0;0;0;0;0;0;0;2;0;0;1;0
26/03/2016;15:11:00;164;Acidente sem Vítima;514,3;BR-040/MG;Sul;Capotamento;1;0;0;0;0;0;0;0;0;0;1;0;0;0;0
26/03/2016;22:12:00;299;Acidente com Vítima;516,47;BR-040/MG;Norte;Abalroamento - Longitudinal;1;0;0;1;0;0;0;0;0;0;3;1;0;0;0
26/03/2016;12:56:00;119;Acidente com Vítima;521,7;BR-040/MG;Norte;Capotamento;1;0;0;0;0;0;0;0;0;0;0;0;1;1;0
26/03/2016;09:46:00;68;Acidente com Vítima;523,1;BR-040/MG;Norte;Colisão frontal;3;0;0;0;0;0;0;0;0;0;2;1;0;0;0
26/03/2016;11:49:00;104;Acidente sem Vítima;524,1;BR-040/MG;Norte;Abalroamento - Longitudinal;1;0;0;1;0;0;0;0;0;0;2;0;0;0;0
26/03/2016;17:13:00;220;Acidente sem Vítima;525,744;BR-040/MG;Sul;Abalroamento - Longitudinal;3;0;0;0;0;0;0;0;0;0;3;0;0;0;0
26/03/2016;14:03:00;139;Acidente com Vítima;530,01;BR-040/MG;Norte;Choque com objeto fixo;1;0;0;0;0;0;0;0;0;0;0;0;1;0;0
26/03/2016;17:04:00;215;Acidente sem Vítima;566;BR-040/MG;Sul;Outros;1;0;0;0;0;0;0;0;0;0;1;0;0;0;0
26/03/2016;22:15:00;300;Acidente sem Vítima;583,5;BR-040/MG;Norte;Choque com objeto fixo;1;0;0;0;0;0;0;0;0;0;3;0;0;0;0
26/03/2016;05:07:00;22;Acidente sem Vítima;591,4;BR-040/MG;Sul;Choque com objeto fixo;1;0;0;0;0;0;0;0;0;0;2;0;0;0;0
26/03/2016;15:39:00;178;Acidente sem Vítima;42,756;BR-040/GO;Sul;Choque com objeto fixo;1;0;0;0;0;0;0;0;0;0;1;0;0;0;0
26/03/2016;17:32:00;225;Acidente com Vítima;690,8;BR-040/MG;Sul;Outros;1;0;0;0;0;0;0;0;0;0;0;0;1;0;0
26/03/2016;15:35:00;171;Acidente com Vítima;725,01;BR-040/MG;Sul;Capotamento;1;0;0;0;0;0;0;0;0;0;1;2;1;0;0
27/03/2016;19:24:00;316;Acidente sem Vítima;2,75;BR-040/GO;Sul;Colisão traseira;1;0;0;1;0;0;0;0;0;0;2;0;0;0;0
27/03/2016;01:34:00;15;Acidente com Vítima;5,43;BR-040/GO;Sul;Colisão traseira;2;0;0;0;0;0;0;0;0;0;1;1;1;0;0
27/03/2016;18:35:00;295;Atropelamento sem Morte;8,3;BR-040/GO;Norte;Atropelamento - Pedestre atravessando;0;0;0;0;0;0;0;0;0;0;0;0;0;1;0
27/03/2016;18:34:00;291;Acidente sem Vítima;9,6;BR-040/GO;Norte;Colisão traseira;2;0;0;0;0;0;0;0;0;0;2;0;0;0;0
27/03/2016;02:52:00;19;Acidente com Vítima;280,338;BR-040/MG;Norte;Colisão traseira;2;0;0;1;0;0;0;0;0;0;2;0;1;0;0
27/03/2016;17:31:00;262;Acidente sem Vítima;379,4;BR-040/MG;Sul;Atropelamento - Animal;1;0;0;0;0;0;0;0;0;0;5;0;0;0;0
27/03/2016;22:41:00;410;Acidente com Vítima;417,701;BR-040/MG;Sul;Abalroamento - Longitudinal;2;0;0;0;0;0;0;0;0;0;3;3;0;0;0
27/03/2016;16:25:00;230;Acidente sem Vítima;436;BR-040/MG;Sul;Outros;1;0;0;0;0;0;0;0;0;0;1;0;0;0;0
27/03/2016;21:29:00;383;Acidente sem Vítima;454,6;BR-040/MG;Sul;Colisão traseira;2;0;1;0;0;0;0;0;0;0;9;0;0;0;0
27/03/2016;15:25:00;201;Acidente com Vítima;463,1;BR-040/MG;Sul;Colisão traseira;3;0;0;0;0;0;0;0;0;0;3;1;1;0;0
27/03/2016;20:07:00;343;Acidente sem Vítima;486,95;BR-040/MG;Sul;Abalroamento - Longitudinal;1;0;0;1;0;0;0;0;0;0;2;0;0;0;0
27/03/2016;16:33:00;236;Acidente sem Vítima;494,001;BR-040/MG;Sul;Colisão traseira;1;0;0;1;0;0;0;0;0;0;4;0;0;0;0
27/03/2016;19:44:00;330;Acidente sem Vítima;506,5;BR-040/MG;Sul;Colisão traseira;2;0;0;0;0;0;0;0;0;0;2;0;0;0;0
27/03/2016;15:08:00;196;Acidente sem Vítima;507,21;BR-040/MG;Sul;Colisão traseira;1;0;2;0;0;0;0;0;0;0;7;0;0;0;0
27/03/2016;15:20:00;200;Acidente sem Vítima;509,1;BR-040/MG;Sul;Colisão traseira;2;0;0;0;0;0;0;0;0;0;4;0;0;0;0
27/03/2016;21:57:00;395;Acidente sem Vítima;509,9;BR-040/MG;Sul;Colisão traseira;3;0;0;0;0;0;0;0;0;0;11;0;0;0;0
27/03/2016;14:20:00;175;Acidente sem Vítima;553,2;BR-040/MG;Sul;Outros;1;0;0;0;0;0;0;0;0;0;4;0;0;0;0
27/03/2016;21:02:00;370;Acidente com Vítima;563,9;BR-040/MG;Norte;Colisão traseira;3;0;0;0;0;0;0;0;0;0;4;3;0;0;0
27/03/2016;13:27:00;153;Acidente sem Vítima;565;BR-040/MG;Norte;Colisão traseira;4;0;0;0;0;0;0;0;0;0;11;0;0;0;0
27/03/2016;11:17:00;105;Acidente com Vítima;565,4;BR-040/MG;Sul;Abalroamento - Longitudinal;2;0;0;0;0;0;0;0;0;0;0;0;3;0;0
27/03/2016;20:26:00;356;Acidente com Vítima;566,5;BR-040/MG;Norte;Colisão traseira;2;0;0;0;0;0;0;0;0;0;2;0;1;0;0
27/03/2016;12:37:00;136;Acidente sem Vítima;567,1;BR-040/MG;Norte;Abalroamento - Longitudinal;1;0;1;0;0;0;0;0;0;0;2;0;0;0;0
27/03/2016;18:31:00;289;Acidente sem Vítima;572,6;BR-040/MG;Norte;Colisão traseira;2;0;0;0;0;0;0;0;0;0;2;0;0;0;0
27/03/2016;05:36:00;31;Acidente com Vítima;596,619;BR-040/MG;Norte;Choque com objeto fixo;1;0;0;0;0;0;0;0;0;0;0;2;0;0;0
27/03/2016;11:56:00;121;Acidente sem Vítima;629,01;BR-040/MG;Sul;Abalroamento - Longitudinal;2;0;0;0;0;0;0;0;0;0;2;0;0;0;0
27/03/2016;07:23:00;48;Acidente com Vítima;657,01;BR-040/MG;Norte;Outros;0;0;0;1;0;0;0;0;0;0;0;1;0;0;0
27/03/2016;07:13:00;46;Acidente com Vítima;49;BR-040/GO;Norte;Colisão frontal;0;0;2;0;0;0;0;0;0;0;2;1;0;0;0
27/03/2016;19:30:00;323;Acidente sem Vítima;714,01;BR-040/MG;Norte;Colisão traseira;2;0;0;0;0;0;0;0;0;0;2;0;0;0;0
27/03/2016;17:16:00;257;Acidente com Vítima;717,001;BR-040/MG;Norte;Choque em barreira New Jersey;1;0;0;0;0;0;0;0;0;0;0;3;0;0;0
27/03/2016;21:30:00;385;Acidente com Vítima;733,133;BR-040/MG;Norte;Abalroamento - Transversal;2;0;0;0;0;0;0;0;0;0;0;0;4;0;0
27/03/2016;15:36:00;212;Acidente sem Vítima;755,001;BR-040/MG;Sul;Queda de Carga;0;0;1;0;0;0;0;0;0;0;1;0;0;0;0
27/03/2016;12:35:00;134;Acidente sem Vítima;758,85;BR-040/MG;Sul;Abalroamento - Longitudinal;1;0;1;0;0;0;0;0;0;0;2;0;0;0;0
28/03/2016;05:07:00;46;Acidente sem Vítima;482,428;BR-040/MG;Sul;Colisão traseira;1;0;1;0;0;0;0;0;0;0;5;0;0;0;0
28/03/2016;18:45:00;273;Acidente com Vítima;511,2;BR-040/MG;Norte;Outros;0;0;0;2;0;0;0;0;0;0;2;0;1;0;0
28/03/2016;06:24:00;61;Acidente com Vítima;528,1;BR-040/MG;Sul;Colisão traseira;1;0;0;1;1;0;0;0;0;0;1;2;1;0;0
29/03/2016;19:10:00;243;Acidente sem Vítima;0,08;BR-040/DF;Norte;Abalroamento - Longitudinal;2;0;0;0;0;0;0;0;0;0;2;0;0;0;0
29/03/2016;22:50:00;291;Acidente sem Vítima;2,5;BR-040/DF;Sul;Outros;0;0;0;1;0;0;0;0;0;0;1;0;0;0;0
29/03/2016;19:24:00;252;Acidente sem Vítima;3,5;BR-040/DF;Sul;Colisão traseira;2;0;0;0;0;0;0;0;0;0;5;0;0;0;0
29/03/2016;12:21:00;150;Acidente com Vítima;452,6;BR-040/MG;Norte;Outros;1;0;0;0;0;0;0;0;0;0;2;1;0;0;0
29/03/2016;03:17:00;16;Acidente sem Vítima;520,6;BR-040/MG;Sul;Colisão traseira;2;0;1;0;0;0;0;0;0;0;8;0;0;0;0
30/03/2016;22:37:00;365;Acidente sem Vítima;2,3;BR-040/GO;Sul;Colisão traseira;2;0;0;0;0;0;0;0;0;0;3;0;0;0;0
30/03/2016;08:08:00;88;Acidente com Vítima;16,2;BR-040/GO;Norte;Choque com objeto fixo;2;0;0;0;0;0;0;0;0;0;1;3;0;0;0
30/03/2016;19:12:00;313;Acidente com Vítima;518,805;BR-040/MG;Norte;Outros;0;0;0;1;0;0;0;0;0;0;1;0;2;0;0
30/03/2016;09:28:00;121;Acidente sem Vítima;541;BR-040/MG;Sul;Colisão traseira;3;0;0;1;0;0;0;0;0;0;4;0;0;0;0
30/03/2016;08:16:00;94;Acidente com Vítima;544,4;BR-040/MG;Sul;Colisão traseira;3;0;0;1;0;0;0;0;0;0;8;1;0;0;0
30/03/2016;21:07:00;347;Acidente com Morte;554,715;BR-040/MG;Sul;Colisão traseira;1;0;1;1;0;0;0;0;0;0;2;0;0;0;1
30/03/2016;16:13:00;260;Acidente com Vítima;631,33;BR-040/MG;Sul;Colisão traseira;1;0;0;1;0;0;0;0;0;0;1;0;0;0;0
30/03/2016;09:28:00;122;Acidente sem Vítima;714,001;BR-040/MG;Norte;Colisão traseira;0;0;0;0;0;2;0;0;0;0;2;0;0;0;0
30/03/2016;11:34:00;161;Acidente sem Vítima;717,7;BR-040/MG;Norte;Choque em defensa;1;0;0;0;0;0;0;0;0;0;2;0;0;0;0
31/03/2016;15:18:00;205;Acidente sem Vítima;2,9;BR-040/GO;Sul;Colisão traseira;2;0;0;0;0;0;0;0;0;0;6;0;0;0;0
31/03/2016;07:45:00;73;Acidente com Vítima;413,18;BR-040/MG;Norte;Abalroamento - Longitudinal;2;0;0;0;0;0;0;0;0;0;2;0;1;0;0
31/03/2016;11:02:00;145;Acidente sem Vítima;530,1;BR-040/MG;Sul;Colisão traseira;1;0;1;0;0;0;0;0;0;0;2;0;0;0;0
31/03/2016;17:16:00;234;Acidente sem Vítima;587,7;BR-040/MG;Norte;Outros;1;0;0;0;0;0;0;0;0;0;1;0;0;0;0
31/03/2016;12:42:00;173;Acidente sem Vítima;589,418;BR-040/MG;Sul;Colisão traseira;0;0;2;0;0;0;0;0;0;0;2;0;0;0;0
31/03/2016;03:49:00;21;Acidente sem Vítima;598,8;BR-040/MG;Sul;Abalroamento - Longitudinal;0;0;1;0;0;1;0;0;0;0;2;0;0;0;0
31/03/2016;02:59:00;19;Acidente com Vítima;47,383;BR-040/GO;Norte;Atropelamento - Animal;0;0;0;1;0;0;0;0;0;0;0;1;1;0;0
31/03/2016;11:59:00;160;Acidente com Vítima;693,1;BR-040/MG;Norte;Abalroamento - Longitudinal;1;0;0;1;0;0;0;0;0;0;1;2;0;0;0
31/03/2016;09:48:00;126;Acidente sem Vítima;729,001;BR-040/MG;Sul;Colisão traseira;3;0;1;0;0;0;0;0;0;0;4;0;0;0;0
31/03/2016;11:26:00;151;Acidente com Vítima;736;BR-040/MG;Sul;Outros;0;0;0;1;0;0;0;0;0;0;0;1;0;0;0
31/03/2016;13:55:00;187;Atropelamento sem Morte;736,2;BR-040/MG;Sul;;1;0;0;0;0;0;0;0;0;0;6;1;2;0;0
01/04/2016;23:26:00;350;Acidente com Vítima;537,2;BR-040/MG;Norte;Abalroamento longitudinal;2;0;0;0;0;0;0;0;0;0;1;1;0;0;0
01/04/2016;23:11:00;346;Acidente com Vítima;514,5;BR-040/MG;Sul;Outros;1;0;0;0;0;0;0;0;0;0;4;1;0;0;0
01/04/2016;20:48:00;310;Acidente sem Vítima;0,5;BR-040/DF;Sul;Colisão traseira;2;0;0;0;1;0;0;0;0;0;13;0;0;0;0
01/04/2016;20:18:00;303;Acidente com Vítima;510,2;BR-040/MG;Norte;Outros;0;0;0;1;0;0;0;0;0;0;0;2;0;0;0
01/04/2016;19:15:00;282;Acidente sem Vítima;0,5;BR-040/DF;Norte;Colisão traseira;2;0;0;0;0;0;0;0;0;0;2;0;0;0;0
01/04/2016;19:13:00;281;Acidente com Vítima;721,8;BR-040/MG;Sul;Choque com objeto fixo;1;0;0;0;0;0;0;0;0;0;1;3;0;0;0
01/04/2016;18:31:00;265;Acidente com Vítima;760,4;BR-040/MG;Sul;Abalroamento transversal;2;0;0;0;0;0;0;0;0;0;1;2;1;1;0
01/04/2016;18:14:00;254;Atropelamento sem Morte;652,2;BR-040/MG;Sul;Atropelamento de pedestre caminhando;1;0;0;0;0;0;0;0;0;0;2;0;0;1;0