data;horario;n_da_ocorrencia;tipo_de_ocorrencia;km;trecho;sentido;tipo_de_acidente;automovel;bicicleta;caminhao;moto;onibus;outros;tracao_animal;transporte_de_cargas_especiais;trator_maquinas;utilitarios;ilesos;levemente_feridos;moderadamente_feridos;gravemente_feridos;mortos
01/04/2016;16:15:00;221;Acidente sem Vítima;533,45;BR-040/MG;Sul;Colisão traseira;2;0;0;0;0;0;0;0;0;0;2;0;0;0;0
01/04/2016;15:38:00;212;Acidente sem Vítima;533,5;BR-040/MG;Sul;Colisão traseira;2;0;1;0;0;0;0;0;0;0;3;0;0;0;0
01/04/2016;15:00:00;200;Acidente sem Vítima;589,75;BR-040/MG;Norte;Colisão frontal;2;0;0;0;0;0;0;0;0;0;2;0;0;0;0
01/04/2016;11:35:00;164;Acidente sem Vítima;131,5;BR-040/MG;Norte;Colisão traseira;2;0;0;0;0;0;0;0;0;0;4;0;0;0;0
01/04/2016;08:39:00;125;Acidente com Vítima;768,1;BR-040/MG;Sul;Outros;1;0;0;0;0;0;0;0;0;0;1;1;0;0;0
01/04/2016;07:48:00;99;Acidente com Vítima;524,1;BR-040/MG;Sul;Colisão traseira;1;0;0;1;0;0;0;0;0;0;4;1;0;0;0
01/04/2016;07:16:00;79;Acidente sem Vítima;522,75;BR-040/MG;Sul;Colisão traseira;2;0;0;0;0;0;0;0;0;0;5;0;0;0;0
01/04/2016;05:35:00;41;Acidente sem Vítima;730,15;BR-040/MG;Sul;Colisão traseira;0;0;1;0;0;0;0;0;0;1;2;0;0;0;0
01/04/2016;05:00:00;36;Acidente sem Vítima;2,6;BR-040/GO;Sul;Abalroamento longitudinal;2;0;0;0;0;0;0;0;0;0;5;0;0;0;0
01/04/2016;04:42:00;34;Acidente sem Vítima;709,9;BR-040/MG;Norte;Choque em barreira New Jersey;1;0;0;0;0;0;0;0;0;0;1;0;0;0;0
02/04/2016;23:02:00;275;Acidente com Vítima;133,9;BR-040/GO;Norte;Abalroamento longitudinal;0;0;0;2;0;0;0;0;0;0;1;1;2;0;0
02/04/2016;22:04:00;263;Atropelamento sem Morte;612,05;BR-040/MG;Sul;Atropelamento de pedestre atravessando;0;0;0;1;0;0;0;0;0;0;1;1;1;0;0
02/04/2016;20:11:00;232;Acidente sem Vítima;599,07;BR-040/MG;Sul;Outros;1;0;0;0;0;0;0;0;0;0;3;0;0;0;0
02/04/2016;20:09:00;231;Acidente sem Vítima;514,7;BR-040/MG;Sul;Colisão traseira;2;0;0;0;0;0;0;0;0;0;4;0;0;0;0
02/04/2016;19:55:00;225;Acidente sem Vítima;516,3;BR-040/MG;Norte;Outros;1;0;0;0;0;0;0;0;0;0;1;0;0;0;0
02/04/2016;19:52:00;224;Acidente sem Vítima;618,5;BR-040/MG;Sul;Colisão traseira;2;0;0;0;0;0;0;0;0;0;3;0;0;0;0
02/04/2016;19:15:00;211;Acidente com Vítima;131,5;BR-040/MG;Sul;Abalroamento longitudinal;2;0;0;0;0;0;0;0;0;0;0;0;0;1;0
02/04/2016;18:14:00;186;Acidente com Vítima;608,1;BR-040/MG;Sul;Abalroamento transversal;2;0;0;0;0;0;0;0;0;0;5;1;0;0;0
02/04/2016;17:47:00;174;Acidente sem Vítima;461,5;BR-040/MG;Sul;Capotamento;1;0;0;0;0;0;0;0;0;0;3;0;0;0;0
02/04/2016;16:20:00;158;Acidente sem Vítima;566,4;BR-040/MG;Sul;Colisão traseira;2;0;0;0;0;0;0;0;0;0;2;0;0;0;0
02/04/2016;16:17:00;157;Acidente com Vítima;516,94;BR-040/MG;Norte;Capotamento;1;0;0;0;0;0;0;0;0;0;0;1;2;0;0
02/04/2016;14:42:00;142;Acidente com Vítima;631,01;BR-040/MG;Sul;Abalroamento transversal;1;0;0;1;0;0;0;0;0;0;1;1;0;0;0
02/04/2016;12:35:00;116;Acidente sem Vítima;592,5;BR-040/MG;Norte;Capotamento;2;0;0;0;0;0;0;0;0;0;2;0;0;0;0
02/04/2016;12:12:00;112;Acidente com Vítima;17,2;BR-040/GO;Norte;Colisão traseira;3;0;1;0;0;0;0;0;0;0;3;1;0;0;0
02/04/2016;12:12:00;113;Acidente sem Vítima;593,33;BR-040/MG;Norte;Outros;2;0;1;0;0;0;0;0;0;0;3;0;0;0;0
02/04/2016;10:59:00;102;Acidente com Vítima;496,15;BR-040/MG;Norte;Colisão traseira;0;0;1;1;0;0;0;0;0;0;1;1;0;0;0
02/04/2016;10:32:00;98;Acidente sem Vítima;11,027;BR-040/GO;Norte;Abalroamento transversal;1;0;0;0;0;1;0;0;0;0;3;0;0;0;0
02/04/2016;06:17:00;35;Acidente sem Vítima;0,1;BR-040/GO;Norte;Colisão traseira;2;0;0;0;0;0;0;0;0;0;4;0;0;0;0
02/04/2016;05:52:00;31;Acidente sem Vítima;538,5;BR-040/MG;Norte;Choque em barreira New Jersey;1;0;0;0;0;0;0;0;0;0;1;0;0;0;0
02/04/2016;05:28:00;29;Acidente com Vítima;598,7;BR-040/MG;Sul;Outros;0;0;0;1;0;0;0;0;0;0;0;0;1;0;0
02/04/2016;02:58:00;24;Acidente com Vítima;507,3;BR-040/MG;Norte;Capotamento;1;0;0;0;0;0;0;0;0;0;0;0;1;0;0
03/04/2016;21:07:00;208;Acidente sem Vítima;1,01;BR-040/GO;Sul;Choque com objeto fixo;0;0;0;1;0;0;0;0;0;0;1;0;0;0;0
03/04/2016;21:07:00;209;Acidente sem Vítima;660,8;BR-040/MG;Norte;Colisão traseira;2;0;0;0;0;0;0;0;0;0;2;0;0;0;0
03/04/2016;21:00:00;206;Acidente sem Vítima;0,3;BR-040/DF;Norte;Colisão traseira;2;0;0;0;0;0;0;0;0;0;2;0;0;0;0
03/04/2016;20:58:00;205;Acidente sem Vítima;508,95;BR-040/MG;Sul;Colisão traseira;2;0;0;0;0;0;0;0;0;0;2;0;0;0;0
03/04/2016;20:38:00;194;Acidente com Vítima;695,01;BR-040/MG;Norte;Outros;1;0;0;1;0;0;0;0;0;0;1;0;2;0;0
03/04/2016;19:42:00;181;Acidente com Vítima;520,8;BR-040/MG;Sul;Queda de Carga;0;0;1;0;0;0;0;0;0;0;1;0;0;0;0
03/04/2016;19:42:00;182;Acidente com Vítima;130,3;BR-040/MG;Sul;Colisão traseira;2;0;0;0;0;0;0;0;0;0;1;3;0;0;0
03/04/2016;19:23:00;177;Atropelamento sem Morte;0,3;BR-040/DF;Norte;Atropelamento de pedestre atravessando;1;0;0;0;0;0;0;0;0;0;1;0;1;0;0
03/04/2016;19:21:00;176;Atropelamento sem Morte;550;BR-040/MG;Sul;Atropelamento de pedestre caminhando;0;0;1;0;0;0;0;0;0;0;1;0;0;1;0
03/04/2016;19:11:00;174;Acidente com Vítima;0;Fora_Rota;Norte;Abalroamento transversal;1;0;1;0;0;0;0;0;0;0;0;1;3;1;0
03/04/2016;18:14:00;154;Acidente com Vítima;0,2;BR-040/DF;Norte;Outros;0;0;0;1;0;0;0;0;0;0;0;1;0;0;0
03/04/2016;17:46:00;143;Acidente sem Vítima;1,1;BR-040/DF;Norte;Colisão traseira;2;0;0;0;0;0;0;0;0;0;2;0;0;0;0
03/04/2016;15:54:00;117;Acidente sem Vítima;10,9;BR-040/GO;Norte;Abalroamento longitudinal;2;0;0;0;0;0;0;0;0;0;2;0;0;0;0
03/04/2016;14:18:00;94;Acidente sem Vítima;652,1;BR-040/MG;Sul;Capotamento;1;0;0;0;0;0;0;0;0;0;1;0;0;0;0
03/04/2016;12:59:00;79;Acidente com Vítima;695,1;BR-040/MG;Sul;Capotamento;1;0;0;0;0;0;0;0;0;0;3;1;0;0;0
03/04/2016;09:34:00;51;Acidente com Vítima;467,1;BR-040/MG;Norte;Outros;0;1;0;0;0;0;0;0;0;0;0;1;0;0;0
03/04/2016;09:18:00;48;Acidente com Vítima;455,95;BR-040/MG;Sul;Abalroamento longitudinal;1;0;0;1;0;0;0;0;0;0;1;0;0;1;0
03/04/2016;07:38:00;38;Acidente sem Vítima;91,7;BR-040/GO;Norte;Abalroamento longitudinal;2;0;0;0;0;0;0;0;0;0;2;0;0;0;0
03/04/2016;06:55:00;33;Acidente com Vítima;535,5;BR-040/MG;Norte;Capotamento;1;0;0;0;0;0;0;0;0;0;1;0;0;0;0
03/04/2016;00:56:00;9;Acidente sem Vítima;504,5;BR-040/MG;Sul;Queda de Carga;0;0;1;0;0;0;0;0;0;0;1;0;0;0;0
03/04/2016;00:49:00;8;Acidente com Vítima;7,2;BR-040/GO;Sul;Outros;0;0;0;1;0;0;0;0;0;0;0;0;1;0;0
04/04/2016;19:49:00;318;Acidente sem Vítima;721,426;BR-040/MG;Norte;Atropelamento de animal;0;0;1;0;0;0;0;0;0;0;1;0;0;0;0
04/04/2016;19:23:00;308;Acidente com Vítima;513,5;BR-040/MG;Sul;Choque com objeto fixo;3;0;0;0;0;0;0;0;0;0;3;1;0;0;0
04/04/2016;18:41:00;299;Acidente com Vítima;5;BR-040/GO;Sul;Abalroamento longitudinal;0;0;0;1;0;1;0;0;0;0;1;1;0;0;0
04/04/2016;18:11:00;292;Acidente com Vítima;519,617;BR-040/MG;Norte;Abalroamento longitudinal;1;0;0;1;0;0;0;0;0;0;1;1;0;0;0
04/04/2016;17:05:00;275;Acidente sem Vítima;3;BR-040/GO;Norte;Colisão traseira;2;0;0;0;0;0;0;0;0;0;9;0;0;0;0
04/04/2016;13:29:00;222;Acidente com Vítima;9,3;BR-040/GO;Norte;Outros;0;0;0;1;0;0;0;0;0;0;0;1;0;0;0
04/04/2016;11:36:00;188;Acidente com Vítima;699,1;BR-040/MG;Norte;Colisão traseira;2;0;0;0;0;0;0;0;0;0;1;0;1;0;0
04/04/2016;08:35:00;130;Acidente sem Vítima;560,9;BR-040/MG;Norte;Outros;0;0;0;1;0;0;0;0;0;0;2;0;0;0;0
04/04/2016;08:16:00;121;Acidente sem Vítima;516,01;BR-040/MG;Norte;Colisão traseira;3;0;0;0;0;0;0;0;0;0;3;0;0;0;0
04/04/2016;07:28:00;86;Acidente sem Vítima;5,98;BR-040/GO;Norte;Abalroamento transversal;1;0;0;1;0;0;0;0;0;0;2;0;0;0;0
04/04/2016;05:32:00;32;Acidente com Vítima;10;BR-040/GO;Norte;Abalroamento longitudinal;3;0;0;2;0;0;0;0;0;0;4;0;1;0;0
04/04/2016;00:39:00;5;Acidente com Vítima;1,8;BR-040/GO;Norte;Abalroamento longitudinal;2;0;0;0;0;0;0;0;0;0;1;1;0;0;0
05/04/2016;18:27:00;254;Acidente com Vítima;523,977;BR-040/MG;Norte;Abalroamento longitudinal;0;0;0;1;0;1;0;0;0;0;0;2;0;0;0
05/04/2016;15:01:00;209;Acidente com Vítima;10,01;BR-040/GO;Norte;Abalroamento longitudinal;1;0;0;1;0;0;0;0;0;0;1;0;1;0;0
05/04/2016;14:26:00;199;Acidente sem Vítima;4,7;BR-040/GO;Norte;Colisão traseira;3;0;0;0;0;0;0;0;0;0;3;0;0;0;0
05/04/2016;12:20:00;176;Acidente com Vítima;516,8;BR-040/MG;Sul;Capotamento;1;0;0;1;0;0;0;0;0;0;1;0;1;0;0
05/04/2016;10:36:00;144;Atropelamento sem Morte;11,9;BR-040/GO;Norte;Atropelamento de ciclista;1;0;0;0;0;0;0;0;0;0;1;0;0;0;0
05/04/2016;09:46:00;118;Acidente sem Vítima;545,1;BR-040/MG;Norte;Colisão traseira;2;0;0;0;0;0;0;0;0;0;3;0;0;0;0
05/04/2016;08:26:00;95;Acidente com Vítima;544,2;BR-040/MG;Norte;Colisão traseira;1;0;0;1;0;0;0;0;0;0;1;1;0;0;0
05/04/2016;07:39:00;68;Acidente sem Vítima;1,8;BR-040/DF;Sul;Abalroamento longitudinal;2;0;0;0;0;0;0;0;0;0;2;0;0;0;0
05/04/2016;07:17:00;63;Acidente com Vítima;1,35;BR-040/GO;Norte;Abalroamento longitudinal;1;0;0;1;0;0;0;0;0;0;2;0;1;0;0
05/04/2016;06:25:00;23;Acidente sem Vítima;2,7;BR-040/DF;Norte;Abalroamento longitudinal;1;0;0;1;0;0;0;0;0;0;2;0;0;0;0
05/04/2016;00:05:00;1;Acidente sem Vítima;425,11;BR-040/MG;Norte;Abalroamento longitudinal;1;0;1;0;0;0;0;0;0;0;2;0;0;0;0
06/04/2016;23:41:00;323;Acidente sem Vítima;551,761;BR-040/MG;Sul;Colisão traseira;2;0;0;0;0;0;0;0;0;0;2;0;0;0;0
06/04/2016;21:29:00;300;Acidente sem Vítima;235,5;BR-040/MG;Norte;Choque com objeto fixo;1;0;0;0;0;0;0;0;0;0;3;0;0;0;0
06/04/2016;21:28:00;299;Acidente com Vítima;175,5;BR-040/MG;Sul;Choque com objeto fixo;0;0;1;0;0;0;0;0;0;0;0;0;1;0;0
06/04/2016;20:42:00;283;Acidente com Vítima;5,95;BR-040/GO;Sul;Colisão traseira;1;0;0;1;0;0;0;0;0;0;2;1;0;0;0
06/04/2016;19:27:00;252;Acidente sem Vítima;0,3;BR-040/DF;Norte;Abalroamento longitudinal;2;0;0;0;0;0;0;0;0;0;2;0;0;0;0
06/04/2016;19:17:00;249;Acidente com Vítima;13,7;BR-040/GO;Sul;Outros;0;0;0;1;0;0;0;0;0;0;0;1;0;0;0
06/04/2016;18:17:00;230;Acidente sem Vítima;532,608;BR-040/MG;Sul;Colisão traseira;1;0;0;0;0;1;0;0;0;0;2;0;0;0;0
06/04/2016;15:36:00;191;Acidente sem Vítima;1,2;BR-040/GO;Sul;Outros;0;0;0;1;0;0;0;0;0;0;1;0;0;0;0
06/04/2016;11:49:00;155;Acidente sem Vítima;531,2;BR-040/MG;Norte;Colisão traseira;3;0;0;0;0;0;0;0;0;0;3;0;0;0;0
06/04/2016;11:20:00;150;Acidente sem Vítima;509,3;BR-040/MG;Sul;Queda de Carga;0;0;1;0;0;0;0;0;0;0;1;0;0;0;0
06/04/2016;11:19:00;149;Acidente sem Vítima;541,5;BR-040/MG;Sul;Colisão traseira;3;0;0;0;0;0;0;0;0;0;3;0;0;0;0
06/04/2016;10:04:00;129;Acidente com Vítima;537,8;BR-040/MG;Sul;Colisão traseira;0;0;3;0;0;0;0;0;0;0;4;3;0;0;0
06/04/2016;09:35:00;117;Acidente sem Vítima;2,5;BR-040/DF;Norte;Colisão traseira;1;0;0;0;0;1;0;0;0;0;2;0;0;0;0
06/04/2016;09:18:00;109;Acidente sem Vítima;2,015;BR-040/GO;Norte;Colisão traseira;1;0;1;0;0;1;0;0;0;0;3;0;0;0;0
06/04/2016;08:12:00;86;Atropelamento sem Morte;2,01;BR-040/GO;Norte;Atropelamento de pedestre caminhando;1;0;0;0;0;0;0;0;0;0;1;0;0;0;0
06/04/2016;07:45:00;63;Acidente com Vítima;96,01;BR-040/GO;Sul;Outros;0;0;0;0;0;0;0;0;0;0;0;2;0;0;0
06/04/2016;06:20:00;18;Acidente sem Vítima;464,36;BR-040/MG;Sul;Queda de Carga;0;0;1;0;0;0;0;0;0;0;1;0;0;0;0
06/04/2016;06:16:00;17;Acidente sem Vítima;8,01;BR-040/DF;Norte;Abalroamento transversal;2;0;0;0;0;0;0;0;0;0;2;0;0;0;0
07/04/2016;19:50:00;300;Acidente sem Vítima;5,015;BR-040/GO;Sul;Colisão traseira;3;0;0;0;0;0;0;0;0;0;6;0;0;0;0
07/04/2016;18:32:00;280;Acidente com Vítima;588,518;BR-040/MG;Sul;Abalroamento transversal;1;0;1;0;0;0;0;0;0;0;1;0;2;0;0
07/04/2016;18:11:00;270;Atropelamento sem Morte;7,2;BR-040/GO;Sul;Atropelamento de pedestre atravessando;0;0;0;1;0;0;0;0;0;0;1;0;1;0;0
07/04/2016;17:27:00;262;Acidente sem Vítima;10,2;BR-040/GO;Norte;Outros;0;0;0;1;1;0;0;0;0;0;6;0;0;0;0
07/04/2016;16:38:00;251;Acidente com Vítima;664,001;BR-040/MG;Norte;Capotamento;1;0;0;0;0;0;0;0;0;0;0;1;0;0;0
07/04/2016;16:07:00;245;Acidente com Vítima;557,9;BR-040/MG;Norte;Abalroamento longitudinal;0;0;1;1;0;0;0;0;0;0;1;0;1;0;0
07/04/2016;15:50:00;236;Acidente com Vítima;526,136;BR-040/MG;Sul;Capotamento;1;0;0;0;0;0;0;0;0;0;1;1;0;0;0
07/04/2016;15:32:00;234;Acidente sem Vítima;552,42;BR-040/MG;Norte;Colisão traseira;0;0;2;0;0;0;0;0;0;0;2;0;0;0;0
07/04/2016;15:14:00;231;Atropelamento sem Morte;632,5;BR-040/MG;Norte;Atropelamento de pedestre atravessando;0;0;1;0;0;0;0;0;0;0;1;0;0;1;0
07/04/2016;12:38:00;193;Acidente com Vítima;474,7;BR-040/MG;Sul;Choque com objeto fixo;1;0;1;0;0;0;0;0;0;0;1;0;0;1;0
07/04/2016;10:46:00;163;Acidente com Vítima;688,768;BR-040/MG;Norte;Abalroamento longitudinal;2;0;0;0;0;0;0;0;0;0;4;1;0;0;0
07/04/2016;09:23:00;130;Acidente com Vítima;356,1;BR-040/MG;Norte;Abalroamento longitudinal;2;0;0;0;0;0;0;0;0;0;1;0;1;0;0
07/04/2016;05:17:00;21;Acidente sem Vítima;1,8;BR-040/DF;Sul;Atropelamento de animal;1;0;0;0;0;0;0;0;0;0;1;0;0;0;0
07/04/2016;02:04:00;11;Acidente sem Vítima;533,306;BR-040/MG;Norte;Choque com objeto fixo;1;0;0;0;0;0;0;0;0;0;2;0;0;0;0
07/04/2016;01:24:00;9;Acidente sem Vítima;77,9;BR-040/GO;Sul;Outros;0;0;2;0;0;0;0;0;0;0;2;0;0;0;0
08/04/2016;22:08:00;411;Acidente com Vítima;510,6;BR-040/MG;Sul;Atropelamento de animal;0;0;0;1;0;0;0;0;0;0;0;1;0;0;0
08/04/2016;21:42:00;403;Acidente sem Vítima;0,2;BR-040/GO;Sul;Outros;1;0;0;2;0;0;0;0;0;0;3;0;0;0;0
08/04/2016;21:00:00;389;Acidente sem Vítima;328,5;BR-040/MG;Sul;Choque com objeto fixo;2;0;0;0;0;0;0;0;0;0;2;0;0;0;0
08/04/2016;19:48:00;368;Acidente com Vítima;538,14;BR-040/MG;Norte;Colisão traseira;3;0;0;0;0;0;0;0;0;0;3;1;0;0;0
08/04/2016;19:04:00;349;Acidente sem Vítima;728,138;BR-040/MG;Sul;Abalroamento longitudinal;2;0;0;0;0;0;0;0;0;0;3;0;0;0;0
08/04/2016;18:43:00;341;Acidente com Vítima;537,124;BR-040/MG;Norte;Colisão traseira;1;0;0;1;0;0;0;0;0;0;2;0;2;0;0
08/04/2016;18:35:00;339;Acidente com Vítima;531;BR-040/MG;Norte;Abalroamento longitudinal;1;0;0;1;0;0;0;0;0;0;1;1;2;0;0
08/04/2016;17:33:00;316;Acidente sem Vítima;511,5;BR-040/MG;Norte;Colisão traseira;2;0;0;0;0;0;0;0;0;0;2;0;0;0;0
08/04/2016;17:26:00;312;Acidente sem Vítima;18,37;BR-040/GO;Sul;Colisão traseira;2;0;0;0;0;0;0;0;0;0;2;0;0;0;0
08/04/2016;15:17:00;277;Acidente com Vítima;232,5;BR-040/MG;Norte;Capotamento;1;0;1;0;0;0;0;0;0;0;1;1;3;0;0
08/04/2016;15:15:00;276;Acidente sem Vítima;595,13;BR-040/MG;Norte;Colisão traseira;1;0;0;1;0;0;0;0;0;0;3;0;0;0;0
08/04/2016;14:58:00;271;Acidente sem Vítima;632,083;BR-040/MG;Norte;Colisão traseira;0;0;0;2;0;0;0;0;0;0;2;0;0;0;0
08/04/2016;10:17:00;169;Acidente sem Vítima;517,1;BR-040/MG;Sul;Colisão traseira;3;0;0;0;0;0;0;0;0;0;6;0;0;0;0
08/04/2016;09:07:00;149;Acidente sem Vítima;510,5;BR-040/MG;Sul;Colisão traseira;2;0;0;0;0;0;0;0;0;0;2;0;0;0;0
08/04/2016;07:49:00;114;Acidente sem Vítima;686,01;BR-040/MG;Sul;Abalroamento longitudinal;1;0;1;0;0;0;0;0;0;0;2;0;0;0;0
08/04/2016;07:43:00;110;Acidente com Vítima;517,3;BR-040/MG;Sul;Abalroamento longitudinal;1;0;0;1;0;0;0;0;0;0;2;1;0;0;0
08/04/2016;07:18:00;88;Acidente com Morte;517,8;BR-040/MG;Sul;Colisão traseira;2;0;1;1;0;0;0;0;0;0;3;0;0;0;1
08/04/2016;04:46:00;31;Acidente com Vítima;746,77;BR-040/MG;Sul;Queda de Carga;0;0;1;0;0;0;0;0;0;0;0;1;0;0;0
08/04/2016;00:19:00;4;Acidente sem Vítima;534,4;BR-040/MG;Norte;Colisão traseira;2;0;0;0;0;0;0;0;0;0;5;0;0;0;0
09/04/2016;20:52:00;235;Acidente sem Vítima;17,9;BR-040/GO;Sul;Colisão traseira;3;0;0;0;0;0;0;0;0;0;3;0;0;0;0
09/04/2016;20:21:00;228;Acidente sem Vítima;3,3;BR-040/GO;Sul;Choque em barreira New Jersey;2;0;0;0;0;0;0;0;0;0;3;0;0;0;0
09/04/2016;19:56:00;224;Acidente com Vítima;4,3;BR-040/DF;Sul;Abalroamento longitudinal;1;0;0;1;0;0;0;0;0;0;1;1;0;0;0
09/04/2016;19:19:00;215;Acidente sem Vítima;520,9;BR-040/MG;Sul;Outros;0;0;0;1;0;0;0;0;0;0;1;0;0;0;0
09/04/2016;18:59:00;209;Atropelamento sem Morte;5,7;BR-040/DF;Norte;Atropelamento de pedestre atravessando;0;0;0;1;0;0;0;0;0;0;1;0;1;0;0
09/04/2016;16:43:00;180;Acidente sem Vítima;533,16;BR-040/MG;Norte;Colisão traseira;2;0;0;0;0;0;0;0;0;0;2;0;0;0;0
09/04/2016;16:27:00;174;Acidente sem Vítima;5,3;BR-040/GO;Sul;Colisão traseira;2;0;0;0;0;0;0;0;0;0;2;0;0;0;0
09/04/2016;15:50:00;165;Acidente sem Vítima;483,45;BR-040/MG;Norte;Outros;0;0;0;1;0;0;0;0;0;0;1;0;0;0;0
09/04/2016;15:07:00;151;Acidente sem Vítima;516,6;BR-040/MG;Sul;Capotamento;1;0;0;0;0;0;0;0;0;0;1;0;0;0;0
09/04/2016;14:40:00;148;Acidente com Morte;9,8;BR-040/GO;Sul;Abalroamento longitudinal;1;0;0;1;0;0;0;0;0;0;1;0;1;0;1
09/04/2016;13:45:00;138;Acidente sem Vítima;95,5;BR-040/GO;Sul;Colisão traseira;1;0;0;0;0;1;0;0;0;0;2;0;0;0;0
09/04/2016;12:13:00;116;Acidente com Vítima;7,134;BR-040/GO;Sul;Colisão traseira;2;0;0;0;0;0;0;0;0;0;1;1;0;0;0
09/04/2016;10:37:00;100;Acidente com Vítima;660,1;BR-040/MG;Norte;Abalroamento transversal;2;0;0;0;0;0;0;0;0;0;1;0;1;0;0
09/04/2016;10:03:00;93;Acidente com Vítima;609,1;BR-040/MG;Sul;Outros;0;0;0;1;0;0;0;0;0;0;0;0;2;0;0
09/04/2016;07:18:00;49;Atropelamento sem Morte;8,5;BR-040/GO;Sul;Atropelamento de ciclista;1;1;0;0;0;0;0;0;0;0;1;0;0;0;0
09/04/2016;06:34:00;39;Acidente com Vítima;9,5;BR-040/GO;Norte;Abalroamento transversal;1;0;0;1;0;0;0;0;0;0;1;1;0;0;0
09/04/2016;04:00:00;29;Acidente sem Vítima;514,2;BR-040/MG;Norte;Capotamento;1;0;0;0;0;0;0;0;0;0;2;0;0;0;0
09/04/2016;03:07:00;25;Acidente sem Vítima;540,867;BR-040/MG;Norte;Colisão traseira;2;0;0;0;0;0;0;0;0;0;2;0;0;0;0
09/04/2016;02:30:00;21;Acidente com Vítima;0,05;BR-040/GO;Sul;Outros;0;0;0;1;0;0;0;0;0;0;1;1;0;0;0
10/04/2016;23:16:00;201;Acidente com Vítima;8,3;BR-040/GO;Sul;Colisão traseira;1;0;0;1;0;0;0;0;0;0;2;0;1;0;0
10/04/2016;23:06:00;199;Acidente com Vítima;693,2;BR-040/MG;Norte;Choque com objeto fixo;1;0;0;0;0;0;0;0;0;0;0;2;0;0;0
10/04/2016;20:45:00;176;Acidente com Vítima;6,9;BR-040/DF;Sul;Colisão traseira;2;0;0;0;0;0;0;0;0;0;2;4;0;0;0
10/04/2016;17:51:00;137;Acidente sem Vítima;550,15;BR-040/MG;Norte;Colisão traseira;2;0;0;0;0;1;0;0;0;0;6;0;0;0;0
10/04/2016;13:31:00;102;Acidente com Vítima;709,6;BR-040/MG;Norte;Capotamento;1;0;0;0;0;0;0;0;0;0;0;1;0;0;0
10/04/2016;11:22:00;93;Acidente com Vítima;553,01;BR-040/MG;Sul;Choque com objeto fixo;1;0;0;0;0;0;0;0;0;0;1;1;0;0;0
10/04/2016;07:54:00;63;Acidente com Vítima;530,5;BR-040/MG;Sul;Outros;0;0;0;1;0;0;0;0;0;0;0;0;1;0;0
10/04/2016;05:30:00;37;Acidente sem Vítima;534,2;BR-040/MG;Sul;Choque em barreira New Jersey;1;0;0;0;0;0;0;0;0;0;1;0;0;0;0
10/04/2016;03:20:00;34;Acidente com Vítima;14,5;BR-040/GO;Norte;Capotamento;1;0;0;0;0;0;0;0;0;0;0;1;1;0;0
10/04/2016;03:13:00;33;Acidente sem Vítima;641,5;BR-040/MG;Norte;Choque com objeto fixo;1;0;0;0;0;0;0;0;0;0;2;0;0;0;0
10/04/2016;03:06:00;31;Acidente com Vítima;655,3;BR-040/MG;Sul;Capotamento;1;0;0;0;0;0;0;0;0;0;0;1;1;0;0
10/04/2016;02:47:00;29;Atropelamento com Morte;8,9;BR-040/GO;Norte;Atropelamento de pedestre atravessando;2;0;0;0;0;0;0;0;0;0;3;0;0;0;1
10/04/2016;01:42:00;22;Acidente com Vítima;550,3;BR-040/MG;Sul;Colisão traseira;3;0;0;0;0;0;0;0;0;0;4;1;0;0;0
10/04/2016;01:19:00;16;Acidente sem Vítima;514,4;BR-040/MG;Sul;Choque com objeto fixo;1;0;0;0;0;0;0;0;0;0;1;0;0;0;0
10/04/2016;00:42:00;8;Acidente sem Vítima;531,048;BR-040/MG;Sul;Outros;1;0;0;0;0;0;0;0;0;0;1;0;0;0;0
11/04/2016;20:40:00;348;Atropelamento sem Morte;1,393;BR-040/GO;Norte;Atropelamento de ciclista;1;1;0;0;0;0;0;0;0;0;1;0;1;0;0
11/04/2016;20:14:00;337;Acidente sem Vítima;532,5;BR-040/MG;Sul;Capotamento;2;0;0;0;0;0;0;0;0;0;2;0;0;0;0
11/04/2016;19:14:00;320;Atropelamento sem Morte;528,5;BR-040/MG;Norte;Atropelamento de pedestre atravessando;1;0;0;0;0;0;0;0;0;0;1;1;0;0;0
11/04/2016;17:43:00;296;Acidente sem Vítima;7,1;BR-040/GO;Sul;Colisão traseira;3;0;0;0;0;0;0;0;0;0;10;0;0;0;0
11/04/2016;17:13:00;286;Acidente com Vítima;520,1;BR-040/MG;Norte;Outros;1;0;0;0;0;0;0;0;0;0;1;1;0;0;0
11/04/2016;09:53:00;147;Acidente com Morte;513,7;BR-040/MG;Sul;Capotamento;1;0;0;0;0;0;0;0;0;0;0;0;0;0;1
11/04/2016;09:33:00;135;Acidente sem Vítima;770,09;BR-040/MG;Sul;Capotamento;1;0;0;0;0;0;0;0;0;0;1;0;0;0;0
11/04/2016;09:30:00;134;Acidente com Vítima;697;BR-040/MG;Norte;Abalroamento transversal;2;0;0;0;0;0;0;0;0;0;5;0;1;0;0
11/04/2016;08:51:00;118;Acidente com Vítima;754,1;BR-040/MG;Norte;Capotamento;0;0;1;0;0;0;0;0;0;0;1;1;0;0;0
11/04/2016;08:28:00;111;Acidente sem Vítima;525,1;BR-040/MG;Norte;Colisão traseira;2;0;0;0;0;0;0;0;0;0;2;0;0;0;0