data;horario;n_da_ocorrencia;tipo_de_ocorrencia;km;trecho;sentido;tipo_de_acidente;automovel;bicicleta;caminhao;moto;onibus;outros;tracao_animal;transporte_de_cargas_especiais;trator_maquinas;utilitarios;ilesos;levemente_feridos;moderadamente_feridos;gravemente_feridos;mortos
11/04/2016;07:02:00;64;Acidente sem Vítima;512,1;BR-040/MG;Sul;Colisão traseira;3;0;0;0;0;0;0;0;0;0;3;0;0;0;0
11/04/2016;06:37:00;48;Acidente com Vítima;514,5;BR-040/MG;Sul;Abalroamento longitudinal;1;0;0;1;0;0;0;0;0;0;1;1;0;0;0
11/04/2016;05:52:00;34;Acidente sem Vítima;610,024;BR-040/MG;Sul;Choque em defensa;0;0;1;0;0;0;0;0;0;0;1;0;0;0;0
11/04/2016;01:32:00;12;Acidente sem Vítima;484,55;BR-040/MG;Sul;Abalroamento longitudinal;2;0;0;0;0;0;0;0;0;0;5;0;0;0;0
12/04/2016;21:02:00;346;Acidente sem Vítima;466,025;BR-040/MG;Norte;Atropelamento de animal;1;0;0;0;0;0;0;0;0;0;1;0;0;0;0
12/04/2016;19:44:00;330;Acidente com Vítima;527,295;BR-040/MG;Sul;Queda de Carga;1;0;0;0;0;0;0;0;0;0;0;2;0;0;0
12/04/2016;18:09:00;305;Acidente sem Vítima;68,297;BR-040/GO;Sul;Choque com objeto fixo;1;0;0;0;0;0;0;0;0;0;3;0;0;0;0
12/04/2016;17:34:00;297;Acidente sem Vítima;618,569;BR-040/MG;Sul;Queda de Carga;0;0;1;0;0;0;0;0;0;0;2;0;0;0;0
12/04/2016;17:28:00;295;Acidente com Vítima;538,15;BR-040/MG;Norte;Colisão traseira;0;0;1;0;1;0;0;0;0;0;3;2;0;0;0
12/04/2016;14:46:00;253;Acidente sem Vítima;772,44;BR-040/MG;Norte;Abalroamento longitudinal;2;0;0;0;0;0;0;0;0;0;2;0;0;0;0
12/04/2016;14:25:00;249;Acidente com Vítima;606,919;BR-040/MG;Norte;Abalroamento longitudinal;2;0;0;0;0;0;0;0;0;0;1;0;1;0;0
12/04/2016;13:09:00;218;Acidente sem Vítima;487,369;BR-040/MG;Sul;Colisão traseira;1;0;1;0;0;0;0;0;0;0;2;0;0;0;0
12/04/2016;11:08:00;178;Acidente sem Vítima;532,8;BR-040/MG;Norte;Colisão traseira;1;0;1;0;0;0;0;0;0;0;2;0;0;0;0
12/04/2016;10:17:00;157;Acidente sem Vítima;2,3;BR-040/GO;Sul;Outros;0;0;0;2;0;0;0;0;0;0;2;0;0;0;0
12/04/2016;10:07:00;152;Acidente sem Vítima;464,1;BR-040/MG;Norte;Outros;0;0;0;1;0;0;0;0;0;0;1;0;0;0;0
12/04/2016;09:19:00;137;Acidente sem Vítima;756,5;BR-040/MG;Sul;Capotamento;1;0;0;0;0;0;0;0;0;0;2;0;0;0;0
12/04/2016;08:59:00;128;Acidente sem Vítima;552,6;BR-040/MG;Norte;Colisão traseira;2;0;0;0;0;0;0;0;0;0;2;0;0;0;0
12/04/2016;07:20:00;77;Atropelamento sem Morte;553,5;BR-040/MG;Sul;Atropelamento de ciclista;1;1;0;0;0;0;0;0;0;0;1;0;1;0;0
13/04/2016;19:48:00;254;Acidente com Vítima;536,9;BR-040/MG;Norte;Colisão traseira;4;0;0;1;0;0;0;0;0;0;6;0;1;0;0
13/04/2016;18:46:00;238;Acidente sem Vítima;3,5;BR-040/DF;Sul;Colisão traseira;2;0;0;0;0;0;0;0;0;0;2;0;0;0;0
13/04/2016;17:47:00;216;Acidente sem Vítima;748,945;BR-040/MG;Norte;Choque em defensa;1;0;0;0;0;0;0;0;0;0;1;0;0;0;0
13/04/2016;15:37:00;196;Acidente com Vítima;533,2;BR-040/MG;Norte;Colisão traseira;1;0;0;1;0;0;0;0;0;0;1;0;0;0;0
13/04/2016;09:31:00;122;Acidente sem Vítima;11,15;BR-040/GO;Norte;Capotamento;1;0;1;0;0;0;0;0;0;0;3;0;0;0;0
13/04/2016;07:58:00;88;Atropelamento sem Morte;143,15;BR-040/MG;Sul;Atropelamento de ciclista;1;1;0;0;0;0;0;0;0;0;1;0;1;0;0
13/04/2016;07:16:00;69;Acidente com Vítima;6,4;BR-040/DF;Norte;Colisão traseira;3;0;0;0;0;0;0;0;0;0;2;1;0;0;0
13/04/2016;06:51:00;50;Acidente com Vítima;6,2;BR-040/DF;Norte;Outros;1;0;0;1;0;0;0;0;0;0;1;1;0;0;0
13/04/2016;06:16:00;35;Acidente com Vítima;525,5;BR-040/MG;Sul;Colisão traseira;0;0;0;2;0;0;0;0;0;0;1;1;0;0;0
13/04/2016;00:46:00;6;Acidente sem Vítima;526,95;BR-040/MG;Norte;Choque com objeto fixo;2;0;0;0;0;0;0;0;0;0;2;0;0;0;0
13/04/2016;00:37:00;5;Acidente sem Vítima;661,018;BR-040/MG;Norte;Queda de Carga;0;0;1;0;0;0;0;0;0;0;1;0;0;0;0
14/04/2016;20:10:00;265;Acidente com Vítima;535,5;BR-040/MG;Norte;Colisão traseira;4;0;0;0;0;0;0;0;0;0;3;1;0;0;0
14/04/2016;18:27:00;231;Acidente com Vítima;616,06;BR-040/MG;Sul;Abalroamento longitudinal;1;0;1;0;0;0;0;0;0;0;5;0;0;1;0
14/04/2016;18:07:00;220;Acidente sem Vítima;509;BR-040/MG;Norte;Abalroamento longitudinal;2;0;0;0;0;0;0;0;0;0;2;0;0;0;0
14/04/2016;17:22:00;210;Acidente com Vítima;526,5;BR-040/MG;Norte;Outros;0;0;1;2;0;0;0;0;0;0;2;0;1;0;0
14/04/2016;13:47:00;159;Acidente sem Vítima;614,8;BR-040/MG;Sul;Colisão traseira;1;0;0;0;0;1;0;0;0;0;2;0;0;0;0
14/04/2016;13:29:00;156;Acidente com Vítima;694,1;BR-040/MG;Norte;Outros;0;0;0;1;0;0;0;0;0;0;0;0;1;0;0
14/04/2016;09:49:00;115;Acidente sem Vítima;532,654;BR-040/MG;Sul;Colisão traseira;1;0;1;0;0;0;0;0;0;0;2;0;0;0;0
14/04/2016;08:48:00;104;Acidente sem Vítima;541,6;BR-040/MG;Sul;Colisão traseira;1;0;0;1;0;0;0;0;0;0;2;0;0;0;0
14/04/2016;07:58:00;88;Acidente sem Vítima;523,8;BR-040/MG;Norte;Colisão traseira;2;0;0;0;0;0;0;0;0;0;4;0;0;0;0
14/04/2016;04:58:00;28;Acidente sem Vítima;551,2;BR-040/MG;Sul;Choque em defensa;1;0;0;0;0;0;0;0;0;0;1;0;0;0;0
15/04/2016;23:54:00;421;Atropelamento sem Morte;537,037;BR-040/MG;Sul;Atropelamento de ciclista;0;1;0;0;0;0;0;0;0;0;0;0;1;0;0
15/04/2016;23:53:00;420;Acidente sem Vítima;0;Fora_Rota;Sul;Choque com objeto fixo;1;0;0;0;0;0;0;0;0;0;1;0;0;0;0
15/04/2016;18:46:00;333;Acidente sem Vítima;591,2;BR-040/MG;Sul;Colisão traseira;0;0;2;0;0;0;0;0;0;0;2;0;0;0;0
15/04/2016;18:44:00;332;Acidente sem Vítima;696,48;BR-040/MG;Norte;Colisão traseira;2;0;0;0;0;0;0;0;0;0;3;0;0;0;0
15/04/2016;18:18:00;320;Acidente sem Vítima;16,335;BR-040/GO;Norte;Colisão traseira;2;0;0;0;0;0;0;0;0;0;4;0;0;0;0
15/04/2016;17:06:00;293;Acidente com Vítima;532,1;BR-040/MG;Sul;Colisão traseira;1;0;0;1;0;0;0;0;0;0;1;0;1;0;0
15/04/2016;16:55:00;291;Acidente sem Vítima;554;BR-040/MG;Sul;Outros;1;0;0;0;0;0;0;0;0;0;1;0;0;0;0
15/04/2016;16:17:00;281;Acidente sem Vítima;733,6;BR-040/MG;Norte;Choque com objeto fixo;1;0;0;0;0;0;0;0;0;0;1;0;0;0;0
15/04/2016;15:49:00;268;Acidente sem Vítima;541,5;BR-040/MG;Sul;Capotamento;1;0;0;0;0;0;0;0;0;0;1;0;0;0;0
15/04/2016;15:29:00;259;Acidente com Vítima;542,3;BR-040/MG;Sul;Colisão traseira;3;0;0;0;0;0;0;0;0;0;5;1;0;0;0
15/04/2016;15:16:00;254;Acidente com Vítima;543,1;BR-040/MG;Sul;Colisão traseira;0;0;2;0;0;0;0;0;0;0;2;0;1;0;0
15/04/2016;10:24:00;158;Acidente sem Vítima;666,001;BR-040/MG;Norte;Capotamento;2;0;0;0;0;0;0;0;0;0;2;0;0;0;0
15/04/2016;09:06:00;134;Acidente com Vítima;6,4;BR-040/DF;Norte;Capotamento;2;0;0;0;0;0;0;0;0;0;1;0;0;0;0
15/04/2016;08:54:00;126;Acidente sem Vítima;532,01;BR-040/MG;Sul;Colisão traseira;2;0;0;0;0;0;0;0;0;0;2;0;0;0;0
15/04/2016;08:34:00;121;Acidente com Vítima;533,01;BR-040/MG;Sul;Abalroamento longitudinal;1;0;0;1;0;0;0;0;0;0;1;1;0;0;0
15/04/2016;07:42:00;88;Acidente sem Vítima;274,001;BR-040/MG;Norte;Colisão traseira;2;0;0;0;0;0;0;0;0;0;2;0;0;0;0
15/04/2016;07:35:00;80;Acidente com Vítima;534,618;BR-040/MG;Norte;Abalroamento longitudinal;1;0;0;1;0;0;0;0;0;0;1;1;0;0;0
16/04/2016;20:30:00;315;Acidente com Vítima;41,029;BR-040/MG;Norte;Abalroamento transversal;1;0;0;1;0;0;0;0;0;0;0;1;1;0;0
16/04/2016;18:24:00;277;Atropelamento com Morte;738,6;BR-040/MG;Sul;Atropelamento de pedestre atravessando;1;0;0;0;0;0;0;0;0;0;1;0;0;0;1
16/04/2016;17:00:00;258;Acidente com Vítima;544,88;BR-040/MG;Sul;Capotamento;2;0;0;0;0;0;0;0;0;0;3;0;1;0;0
16/04/2016;13:59:00;214;Acidente com Vítima;1,5;BR-040/GO;Norte;Colisão traseira;2;0;0;1;0;0;0;0;0;0;2;1;0;0;0
16/04/2016;13:42:00;210;Acidente sem Vítima;7,2;BR-040/GO;Sul;Abalroamento transversal;2;0;0;0;0;0;0;0;0;0;6;0;0;0;0
16/04/2016;12:45:00;198;Acidente sem Vítima;4,08;BR-040/GO;Norte;Colisão traseira;1;0;0;1;0;0;0;0;0;0;3;0;0;0;0
16/04/2016;12:27:00;194;Acidente sem Vítima;529,5;BR-040/MG;Norte;Abalroamento longitudinal;1;0;0;1;0;0;0;0;0;0;2;0;0;0;0
16/04/2016;11:50:00;181;Acidente sem Vítima;3;BR-040/GO;Norte;Colisão traseira;2;0;0;0;0;0;0;0;0;0;2;0;0;0;0
16/04/2016;09:53:00;132;Acidente sem Vítima;2,5;BR-040/GO;Sul;Colisão traseira;2;0;0;0;0;0;0;0;0;0;6;0;0;0;0
16/04/2016;09:11:00;115;Acidente sem Vítima;549,001;BR-040/MG;Sul;Abalroamento longitudinal;1;0;1;0;0;0;0;0;0;0;2;0;0;0;0
16/04/2016;06:36:00;46;Acidente com Vítima;537,5;BR-040/MG;Norte;Outros;1;0;0;0;0;0;0;0;0;0;0;0;4;0;0
16/04/2016;04:34:00;27;Acidente sem Vítima;73,03;BR-040/GO;Norte;Choque em defensa;1;0;0;0;0;0;0;0;0;0;4;0;0;0;0
16/04/2016;04:14:00;24;Acidente com Vítima;346,35;BR-040/MG;Sul;Capotamento;1;0;0;0;0;0;0;0;0;0;0;1;0;0;0
16/04/2016;04:12:00;23;Acidente com Vítima;528,045;BR-040/MG;Sul;Capotamento;1;0;0;0;0;0;0;0;0;0;0;0;1;0;0
16/04/2016;03:04:00;18;Acidente com Vítima;322,193;BR-040/MG;Norte;Capotamento;2;0;0;1;0;0;0;0;0;0;2;0;1;0;0
16/04/2016;00:37:00;5;Acidente com Vítima;9,4;BR-040/GO;Sul;Colisão traseira;2;0;0;0;0;0;0;0;0;0;0;1;1;0;0
17/04/2016;21:29:00;247;Acidente com Vítima;17,6;BR-040/GO;Sul;Capotamento;1;0;0;0;0;0;0;0;0;0;0;0;1;0;0
17/04/2016;19:15:00;209;Atropelamento sem Morte;667,104;BR-040/MG;Sul;Atropelamento de pedestre atravessando;1;0;0;0;0;0;0;0;0;0;3;1;0;0;0
17/04/2016;19:14:00;207;Acidente sem Vítima;2,6;BR-040/GO;Sul;Colisão traseira;2;0;0;0;0;0;0;0;0;0;6;0;0;0;0
17/04/2016;17:24:00;168;Acidente sem Vítima;551,593;BR-040/MG;Sul;Colisão traseira;2;0;0;0;0;0;0;0;0;0;4;0;0;0;0
17/04/2016;17:19:00;167;Acidente com Vítima;26,2;BR-040/GO;Sul;Choque com objeto fixo;0;0;0;1;0;0;0;0;0;0;0;0;1;0;0
17/04/2016;16:16:00;159;Acidente sem Vítima;524,6;BR-040/MG;Sul;Capotamento;1;0;0;0;0;0;0;0;0;0;2;0;0;0;0
17/04/2016;12:38:00;107;Acidente com Morte;512,62;BR-040/MG;Sul;Abalroamento longitudinal;0;0;1;1;0;0;0;0;0;0;1;0;0;0;1
17/04/2016;11:11:00;91;Acidente com Vítima;633,649;BR-040/MG;Sul;Abalroamento longitudinal;1;0;0;1;0;0;0;0;0;0;2;1;0;0;0
17/04/2016;08:49:00;63;Acidente sem Vítima;683,5;BR-040/MG;Norte;Colisão traseira;2;0;0;0;0;0;0;0;0;0;2;0;0;0;0
17/04/2016;04:02:00;31;Atropelamento sem Morte;697,8;BR-040/MG;Norte;Atropelamento de pedestre caminhando;1;0;0;0;0;0;0;0;0;0;1;0;1;0;0
17/04/2016;03:08:00;24;Acidente sem Vítima;2,7;BR-040/GO;Sul;Abalroamento longitudinal;2;0;0;0;0;0;0;0;0;0;4;0;0;0;0
17/04/2016;02:45:00;22;Acidente sem Vítima;552,825;BR-040/MG;Sul;Colisão frontal;2;0;0;0;0;0;0;0;0;0;2;0;0;0;0
17/04/2016;00:46:00;5;Acidente com Vítima;554,84;BR-040/MG;Sul;Choque em barreira New Jersey;1;0;0;0;0;0;0;0;0;0;0;0;1;0;0
18/04/2016;22:48:00;305;Acidente com Vítima;532,7;BR-040/MG;Sul;Colisão traseira;1;0;0;1;0;0;0;0;0;0;4;1;0;0;0
18/04/2016;20:35:00;280;Acidente sem Vítima;755,234;BR-040/MG;Norte;Capotamento;1;0;0;0;0;0;0;0;0;0;1;0;0;0;0
18/04/2016;18:30:00;230;Atropelamento sem Morte;531,5;BR-040/MG;Norte;Atropelamento de pedestre atravessando;0;0;0;1;0;0;0;0;0;0;0;0;2;0;0
18/04/2016;17:08:00;208;Acidente sem Vítima;396,5;BR-040/MG;Norte;Abalroamento longitudinal;1;0;1;0;0;0;0;0;0;0;2;0;0;0;0
18/04/2016;16:17:00;196;Acidente sem Vítima;461,79;BR-040/MG;Norte;Colisão traseira;0;0;0;0;0;1;0;0;0;1;2;0;0;0;0
18/04/2016;12:33:00;155;Acidente sem Vítima;574,5;BR-040/MG;Sul;Choque com objeto fixo;1;0;0;0;0;0;0;0;0;0;1;0;0;0;0
18/04/2016;12:33:00;156;Acidente sem Vítima;436,052;BR-040/MG;Sul;Choque com objeto fixo;1;0;0;0;0;0;0;0;0;0;4;0;0;0;0
18/04/2016;12:09:00;147;Acidente com Vítima;629,281;BR-040/MG;Norte;Abalroamento longitudinal;1;0;1;0;0;0;0;0;0;0;1;0;0;0;0
18/04/2016;12:04:00;145;Acidente sem Vítima;509,1;BR-040/MG;Sul;Abalroamento transversal;2;0;0;0;0;0;0;0;0;0;3;0;0;0;0
18/04/2016;11:38:00;141;Acidente sem Vítima;529,2;BR-040/MG;Sul;Colisão traseira;1;0;1;0;0;0;0;0;0;0;2;0;0;0;0
18/04/2016;07:13:00;51;Acidente com Vítima;3,2;BR-040/DF;Norte;Colisão traseira;3;0;0;1;0;0;0;0;0;0;4;1;0;0;0
18/04/2016;06:17:00;26;Acidente sem Vítima;700,319;BR-040/MG;Norte;Capotamento;1;0;0;0;0;0;0;0;0;0;1;0;0;0;0
18/04/2016;00:39:00;3;Acidente sem Vítima;53,5;BR-040/GO;Sul;Atropelamento de animal;1;0;0;0;0;0;0;0;0;0;5;0;0;0;0
19/04/2016;22:54:00;379;Acidente sem Vítima;565,1;BR-040/MG;Sul;Choque em defensa;1;0;0;0;0;0;0;0;0;0;1;0;0;0;0
19/04/2016;20:04:00;340;Acidente com Vítima;696,01;BR-040/MG;Sul;Abalroamento transversal;1;0;0;1;0;0;0;0;0;0;1;0;1;0;0
19/04/2016;19:35:00;333;Acidente com Vítima;8,3;BR-040/GO;Sul;Abalroamento longitudinal;2;0;0;0;0;0;0;0;0;0;2;2;0;0;0
19/04/2016;18:36:00;303;Acidente sem Vítima;730,3;BR-040/MG;Sul;Choque em barreira New Jersey;0;0;0;1;0;0;0;0;0;0;1;0;0;0;0
19/04/2016;18:22:00;289;Acidente sem Vítima;727,1;BR-040/MG;Sul;Capotamento;1;0;0;0;0;0;0;0;0;0;2;0;0;0;0
19/04/2016;17:34:00;280;Acidente sem Vítima;714,2;BR-040/MG;Norte;Colisão traseira;1;0;1;0;0;0;0;0;0;0;2;0;0;0;0
19/04/2016;16:04:00;255;Acidente sem Vítima;612,23;BR-040/MG;Sul;Colisão traseira;2;0;0;0;0;0;0;0;0;0;3;0;0;0;0
19/04/2016;15:23:00;244;Acidente sem Vítima;466,341;BR-040/MG;Norte;Colisão traseira;1;0;2;0;0;0;0;0;0;0;4;0;0;0;0
19/04/2016;14:50:00;232;Acidente sem Vítima;3,1;BR-040/DF;Sul;Abalroamento transversal;2;0;0;0;0;0;0;0;0;0;2;0;0;0;0
19/04/2016;11:46:00;182;Acidente sem Vítima;446,11;BR-040/MG;Sul;Abalroamento longitudinal;2;0;0;0;0;0;0;0;0;0;3;0;0;0;0
19/04/2016;11:18:00;168;Acidente com Vítima;29,1;BR-040/GO;Norte;Capotamento;2;0;0;0;0;0;0;0;0;0;1;2;1;0;0
19/04/2016;11:07:00;161;Acidente sem Vítima;752,2;BR-040/MG;Norte;Outros;1;0;0;0;0;0;0;0;0;0;1;0;0;0;0
19/04/2016;10:02:00;142;Acidente com Vítima;142,9;BR-040/MG;Sul;Abalroamento longitudinal;1;0;0;1;0;0;0;0;0;0;1;0;0;0;0
19/04/2016;06:59:00;41;Acidente com Vítima;563,277;BR-040/MG;Norte;Outros;0;1;0;0;0;0;0;0;0;0;0;1;0;0;0
20/04/2016;20:28:00;421;Acidente sem Vítima;5,5;BR-040/DF;Norte;Choque com objeto fixo;1;0;0;0;0;0;0;0;0;0;1;0;0;0;0
20/04/2016;19:46:00;405;Acidente com Vítima;507,386;BR-040/MG;Sul;Colisão frontal;1;0;0;1;0;0;0;0;0;0;1;1;0;0;0
20/04/2016;19:43:00;404;Acidente sem Vítima;41,5;BR-040/MG;Sul;Colisão traseira;2;0;0;0;0;0;0;0;0;0;4;0;0;0;0
20/04/2016;19:30:00;398;Acidente sem Vítima;768,32;BR-040/MG;Sul;Atropelamento de animal;1;0;0;0;0;0;0;0;0;0;3;0;0;0;0
20/04/2016;19:22:00;395;Acidente sem Vítima;768,32;BR-040/MG;Sul;Atropelamento de animal;1;0;0;0;0;0;0;0;0;0;1;0;0;0;0
20/04/2016;19:18:00;393;Acidente sem Vítima;543,8;BR-040/MG;Sul;Abalroamento longitudinal;2;0;0;0;0;0;0;0;0;0;3;0;0;0;0
20/04/2016;18:37:00;371;Acidente com Vítima;692,655;BR-040/MG;Norte;Atropelamento de animal;0;0;0;1;0;0;0;0;0;0;0;1;0;0;0
20/04/2016;16:48:00;334;Acidente sem Vítima;605,001;BR-040/MG;Sul;Colisão traseira;6;0;0;0;0;0;0;0;0;0;16;0;0;0;0
20/04/2016;15:37:00;310;Acidente sem Vítima;509,6;BR-040/MG;Norte;Colisão traseira;3;0;0;0;0;0;0;0;0;0;4;0;0;0;0
20/04/2016;14:40:00;281;Acidente com Vítima;508,065;BR-040/MG;Norte;Colisão traseira;1;0;0;1;0;0;0;0;0;0;2;0;1;1;0
20/04/2016;13:56:00;267;Acidente sem Vítima;533,001;BR-040/MG;Sul;Colisão traseira;1;0;1;0;0;0;0;0;0;0;2;0;0;0;0
20/04/2016;12:54:00;249;Acidente sem Vítima;3,8;BR-040/GO;Norte;Colisão traseira;2;0;2;0;0;0;0;0;0;0;39;0;0;0;0
20/04/2016;12:53:00;248;Acidente sem Vítima;531,1;BR-040/MG;Sul;Abalroamento longitudinal;1;0;1;0;0;0;0;0;0;0;2;0;0;0;0
20/04/2016;12:17:00;232;Acidente sem Vítima;552,4;BR-040/MG;Norte;Choque com objeto fixo;1;0;0;0;0;0;0;0;0;0;1;0;0;0;0
20/04/2016;10:14:00;187;Acidente sem Vítima;682;BR-040/MG;Sul;Colisão traseira;2;0;0;0;0;0;0;0;0;0;4;0;0;0;0
20/04/2016;09:33:00;169;Acidente sem Vítima;3,8;BR-040/DF;Norte;Colisão traseira;1;0;0;1;0;0;0;0;0;0;2;0;0;0;0
20/04/2016;08:43:00;149;Acidente sem Vítima;1,3;BR-040/DF;Sul;Outros;0;0;0;1;0;0;0;0;0;0;1;0;0;0;0
20/04/2016;07:15:00;92;Acidente com Vítima;524,1;BR-040/MG;Norte;Colisão traseira;1;0;2;0;0;0;0;0;0;0;4;3;1;0;0
20/04/2016;07:06:00;88;Acidente com Vítima;544,057;BR-040/MG;Norte;Abalroamento longitudinal;1;0;0;1;0;0;0;0;0;0;1;1;0;0;0
20/04/2016;06:38:00;63;Acidente sem Vítima;5,1;BR-040/DF;Norte;Colisão traseira;1;0;0;0;1;0;0;0;0;0;2;0;0;0;0
21/04/2016;22:26:00;313;Acidente sem Vítima;3,4;BR-040/GO;Norte;Capotamento;1;0;0;0;0;0;0;0;0;0;2;0;0;0;0
21/04/2016;21:08:00;304;Acidente sem Vítima;534,3;BR-040/MG;Norte;Abalroamento longitudinal;2;0;0;0;0;0;0;0;0;0;2;0;0;0;0
21/04/2016;20:08:00;286;Acidente sem Vítima;364,6;BR-040/MG;Sul;Colisão traseira;2;0;0;0;0;0;0;0;0;0;2;0;0;0;0
21/04/2016;17:08:00;232;Acidente sem Vítima;0,2;BR-040/DF;Norte;Capotamento;1;0;0;0;0;0;0;0;0;0;1;0;0;0;0
21/04/2016;16:08:00;219;Acidente com Vítima;529,2;BR-040/MG;Sul;Outros;0;0;0;1;0;0;0;0;0;0;0;2;0;0;0
21/04/2016;16:05:00;217;Acidente com Vítima;551,1;BR-040/MG;Sul;Capotamento;1;0;0;0;0;0;0;0;0;0;0;0;2;0;0
21/04/2016;11:48:00;155;Acidente com Vítima;0,1;BR-040/GO;Norte;Colisão traseira;1;0;0;1;0;0;0;0;0;0;1;1;1;0;0
21/04/2016;11:04:00;140;Acidente sem Vítima;511,2;BR-040/MG;Norte;Colisão traseira;3;0;0;0;0;0;0;0;0;0;3;0;0;0;0
21/04/2016;10:38:00;132;Acidente sem Vítima;603,2;BR-040/MG;Sul;Colisão traseira;1;0;1;0;0;0;0;0;0;0;2;0;0;0;0
21/04/2016;10:34:00;131;Acidente sem Vítima;378,6;BR-040/MG;Norte;Colisão traseira;2;0;0;0;0;0;0;0;0;0;2;0;0;0;0
21/04/2016;09:56:00;124;Atropelamento sem Morte;513,02;BR-040/MG;Sul;Atropelamento de pedestre atravessando;1;0;0;0;0;0;0;0;0;0;1;1;0;0;0
21/04/2016;08:59:00;105;Acidente sem Vítima;331,15;BR-040/MG;Sul;Colisão traseira;2;0;0;0;0;0;0;0;0;0;2;0;0;0;0
21/04/2016;04:57:00;53;Acidente com Vítima;695,076;BR-040/MG;Norte;Capotamento;1;0;0;0;0;0;0;0;0;0;0;2;1;1;0
21/04/2016;02:22:00;30;Acidente sem Vítima;592,18;BR-040/MG;Norte;Choque em defensa;1;0;0;0;0;0;0;0;0;0;1;0;0;0;0
22/04/2016;20:03:00;258;Acidente sem Vítima;1,5;BR-040/GO;Sul;Colisão traseira;2;0;0;0;0;0;0;0;0;0;3;0;0;0;0
22/04/2016;16:03:00;177;Acidente sem Vítima;519,2;BR-040/MG;Norte;Colisão traseira;5;0;0;0;0;1;0;0;0;0;7;0;0;0;0
22/04/2016;15:36:00;170;Acidente sem Vítima;486,6;BR-040/MG;Norte;Colisão traseira;2;0;0;0;0;0;0;0;0;0;2;0;0;0;0
22/04/2016;15:36:00;172;Acidente sem Vítima;527,2;BR-040/MG;Sul;Capotamento;1;0;0;0;0;0;0;0;0;0;2;0;0;0;0
22/04/2016;15:33:00;168;Acidente sem Vítima;550,4;BR-040/MG;Norte;Choque com objeto fixo;1;0;0;0;0;0;0;0;0;0;1;0;0;0;0
22/04/2016;15:20:00;161;Acidente sem Vítima;548,1;BR-040/MG;Norte;Choque em defensa;1;0;0;0;0;0;0;0;0;0;2;0;0;0;0
22/04/2016;15:07:00;157;Acidente sem Vítima;559,54;BR-040/MG;Sul;Capotamento;1;0;0;0;0;0;0;0;0;0;1;0;0;0;0
22/04/2016;13:58:00;142;Acidente com Vítima;557,1;BR-040/MG;Sul;Outros;0;0;0;1;0;0;0;0;0;0;0;2;0;0;0
22/04/2016;07:50:00;58;Acidente sem Vítima;533,2;BR-040/MG;Sul;Abalroamento longitudinal;1;0;1;0;0;0;0;0;0;0;2;0;0;0;0
22/04/2016;03:05:00;24;Acidente com Vítima;517,117;BR-040/MG;Norte;Choque com objeto fixo;1;0;0;0;0;0;0;0;0;0;1;1;0;0;0
23/04/2016;23:08:00;291;Acidente sem Vítima;525,9;BR-040/MG;Sul;Outros;0;0;0;1;0;0;0;0;0;0;1;0;0;0;0
23/04/2016;18:50:00;237;Acidente sem Vítima;8,405;BR-040/GO;Sul;Abalroamento longitudinal;1;0;0;1;0;0;0;0;0;0;2;0;0;0;0
23/04/2016;17:55:00;217;Acidente com Vítima;2,001;BR-040/GO;Sul;Outros;0;0;0;1;0;0;0;0;0;0;0;0;1;0;0
23/04/2016;17:47:00;212;Acidente com Vítima;512,3;BR-040/MG;Norte;Abalroamento longitudinal;1;0;0;1;0;0;0;0;0;0;1;1;0;0;0
23/04/2016;15:37:00;183;Acidente sem Vítima;566,35;BR-040/MG;Norte;Capotamento;1;0;0;0;0;0;0;0;0;0;1;0;0;0;0
23/04/2016;14:24:00;163;Acidente sem Vítima;4,3;BR-040/DF;Sul;Colisão traseira;2;0;0;0;0;0;0;0;0;0;2;0;0;0;0
23/04/2016;13:56:00;155;Acidente sem Vítima;498,461;BR-040/MG;Sul;Capotamento;1;0;0;0;0;0;0;0;0;0;4;0;0;0;0
23/04/2016;12:47:00;136;Acidente sem Vítima;2;BR-040/GO;Sul;Colisão traseira;5;0;0;0;0;0;0;0;0;0;5;0;0;0;0
23/04/2016;11:27:00;120;Acidente com Vítima;541,83;BR-040/MG;Sul;Outros;0;0;0;1;0;0;0;0;0;0;0;1;0;0;0
23/04/2016;11:26:00;118;Acidente com Vítima;541,9;BR-040/MG;Sul;Outros;1;1;0;0;0;0;0;0;0;0;1;1;0;0;0
23/04/2016;11:23:00;115;Acidente com Vítima;5,2;BR-040/GO;Sul;Outros;0;0;0;1;0;0;0;0;0;0;1;1;0;0;0
23/04/2016;09:27:00;87;Acidente sem Vítima;758;BR-040/MG;Sul;Abalroamento longitudinal;1;0;0;1;0;0;0;0;0;0;4;0;0;0;0
23/04/2016;08:45:00;74;Acidente sem Vítima;597,594;BR-040/MG;Sul;Colisão traseira;1;0;0;1;0;0;0;0;0;0;4;0;0;0;0
23/04/2016;03:58:00;25;Acidente sem Vítima;765,95;BR-040/MG;Norte;Choque com objeto fixo;0;0;1;0;0;0;0;0;0;0;1;0;0;0;0
23/04/2016;00:17:00;5;Acidente sem Vítima;475,976;BR-040/MG;Sul;Colisão traseira;0;0;2;0;0;0;0;0;0;0;3;0;0;0;0
24/04/2016;19:30:00;313;Acidente sem Vítima;47,268;BR-040/GO;Norte;Capotamento;1;0;1;0;0;0;0;0;0;0;3;0;0;0;0