data;horario;n_da_ocorrencia;tipo_de_ocorrencia;km;trecho;sentido;tipo_de_acidente;automovel;bicicleta;caminhao;moto;onibus;outros;tracao_animal;transporte_de_cargas_especiais;trator_maquinas;utilitarios;ilesos;levemente_feridos;moderadamente_feridos;gravemente_feridos;mortos
24/04/2016;19:05:00;294;Acidente sem Vítima;2,3;BR-040/GO;Sul;Abalroamento longitudinal;2;0;0;0;0;0;0;0;0;0;7;0;0;0;0
24/04/2016;18:34:00;278;Acidente sem Vítima;507,897;BR-040/MG;Sul;Colisão traseira;1;0;1;0;0;0;0;0;0;0;2;0;0;0;0
24/04/2016;18:20:00;272;Acidente com Vítima;442,6;BR-040/MG;Sul;Colisão traseira;2;0;0;0;0;0;0;0;0;0;2;1;0;0;0
24/04/2016;17:43:00;258;Acidente com Vítima;501,02;BR-040/MG;Norte;Colisão traseira;1;0;0;2;0;0;0;0;0;0;3;1;0;0;0
24/04/2016;17:39:00;257;Acidente sem Vítima;577,58;BR-040/MG;Norte;Capotamento;1;0;0;0;0;0;0;0;0;0;4;0;0;0;0
24/04/2016;16:45:00;238;Acidente com Vítima;502,7;BR-040/MG;Norte;Capotamento;2;0;0;0;0;0;0;0;0;0;1;0;5;0;0
24/04/2016;15:53:00;212;Acidente sem Vítima;772,7;BR-040/MG;Norte;Colisão traseira;2;0;0;0;0;0;0;0;0;0;3;0;0;0;0
24/04/2016;15:48:00;209;Acidente com Morte;446,458;BR-040/MG;Sul;Capotamento;1;0;0;0;0;0;0;0;0;0;0;0;3;1;1
24/04/2016;15:04:00;192;Acidente sem Vítima;510,3;BR-040/MG;Sul;Colisão traseira;3;0;0;0;0;0;0;0;0;0;9;0;0;0;0
24/04/2016;15:04:00;194;Acidente sem Vítima;2,3;BR-040/GO;Sul;Outros;2;0;0;0;0;0;0;0;0;0;2;0;0;0;0
24/04/2016;14:52:00;187;Acidente sem Vítima;763,75;BR-040/MG;Sul;Outros;1;0;0;1;0;0;0;0;0;0;2;0;0;0;0
24/04/2016;13:39:00;157;Acidente sem Vítima;632,9;BR-040/MG;Norte;Outros;1;0;0;1;0;0;0;0;0;0;2;0;0;0;0
24/04/2016;10:58:00;105;Acidente com Vítima;413,3;BR-040/MG;Sul;Abalroamento transversal;2;0;0;0;0;0;0;0;0;0;4;1;1;0;0
24/04/2016;10:08:00;88;Acidente com Vítima;42,253;BR-040/MG;Norte;Outros;0;0;0;1;0;0;0;0;0;0;0;1;1;0;0
24/04/2016;07:09:00;50;Acidente com Vítima;334,8;BR-040/MG;Sul;Capotamento;1;0;0;1;0;0;0;0;0;0;0;3;2;0;0
24/04/2016;05:15:00;36;Acidente sem Vítima;7,8;BR-040/GO;Norte;Capotamento;1;0;0;0;0;0;0;0;0;0;1;0;0;0;0
24/04/2016;01:48:00;13;Acidente com Vítima;678,39;BR-040/MG;Sul;Capotamento;1;0;0;0;0;0;0;0;0;0;0;1;0;0;0
24/04/2016;01:42:00;12;Acidente com Vítima;616,01;BR-040/MG;Sul;Colisão traseira;3;0;0;1;0;0;0;0;0;0;6;0;1;0;0
24/04/2016;00:47:00;5;Acidente sem Vítima;522,907;BR-040/MG;Norte;Choque com objeto fixo;1;0;0;0;0;0;0;0;0;0;1;0;0;0;0
25/04/2016;22:47:00;309;Acidente sem Vítima;611,5;BR-040/MG;Norte;Choque com objeto fixo;1;0;0;0;0;0;0;0;0;0;3;0;0;0;0
25/04/2016;22:03:00;303;Acidente sem Vítima;611,5;BR-040/MG;Norte;Choque com objeto fixo;1;0;0;0;0;0;0;0;0;0;5;0;0;0;0
25/04/2016;21:14:00;295;Acidente sem Vítima;18,3;BR-040/GO;Sul;Colisão traseira;1;0;1;0;0;0;0;0;0;0;3;0;0;0;0
25/04/2016;17:02:00;219;Acidente sem Vítima;3,5;BR-040/GO;Sul;Colisão traseira;2;0;0;0;0;0;0;0;0;0;2;0;0;0;0
25/04/2016;13:50:00;181;Atropelamento sem Morte;423,25;BR-040/MG;Norte;Atropelamento de pedestre atravessando;1;0;0;0;0;0;0;0;0;0;1;0;0;1;0
25/04/2016;10:58:00;152;Acidente sem Vítima;544;BR-040/MG;Norte;Colisão traseira;2;0;0;0;0;0;0;0;0;0;2;0;0;0;0
25/04/2016;10:09:00;136;Acidente sem Vítima;126,9;BR-040/MG;Norte;Colisão traseira;2;0;0;0;0;0;0;0;0;0;2;0;0;0;0
25/04/2016;10:02:00;134;Acidente sem Vítima;525,12;BR-040/MG;Norte;Colisão traseira;0;0;1;1;0;0;0;0;0;0;2;0;0;0;0
25/04/2016;08:53:00;116;Acidente sem Vítima;533,15;BR-040/MG;Norte;Outros;0;0;0;1;0;0;0;0;0;0;1;0;0;0;0
25/04/2016;08:32:00;110;Acidente com Vítima;661,9;BR-040/MG;Sul;Abalroamento transversal;2;0;0;0;0;0;0;0;0;0;1;1;0;0;0
25/04/2016;07:41:00;84;Acidente sem Vítima;3,1;BR-040/GO;Norte;Colisão traseira;2;0;0;0;0;0;0;0;0;0;2;0;0;0;0
25/04/2016;07:39:00;83;Acidente com Vítima;7,561;BR-040/GO;Norte;Colisão traseira;1;0;0;1;0;0;0;0;0;0;1;1;0;0;0
25/04/2016;06:17:00;42;Acidente com Vítima;2,15;BR-040/GO;Norte;Colisão traseira;1;0;0;1;0;0;0;0;0;0;1;1;0;0;0
25/04/2016;06:15:00;41;Acidente sem Vítima;526,15;BR-040/MG;Sul;Colisão traseira;1;0;0;1;0;0;0;0;0;0;2;0;0;0;0
25/04/2016;01:43:00;20;Acidente sem Vítima;197,6;BR-040/MG;Sul;Atropelamento de animal;1;0;0;0;0;0;0;0;0;0;2;0;0;0;0
25/04/2016;01:39:00;17;Acidente com Vítima;586,64;BR-040/MG;Norte;Choque com objeto fixo;1;0;0;0;0;0;0;0;0;0;4;1;0;0;0
26/04/2016;20:23:00;245;Acidente sem Vítima;509,1;BR-040/MG;Norte;Colisão traseira;2;0;0;0;0;0;0;0;0;0;2;0;0;0;0
26/04/2016;19:38:00;228;Acidente sem Vítima;696,157;BR-040/MG;Sul;Colisão traseira;1;0;1;0;0;0;0;0;0;0;2;0;0;0;0
26/04/2016;17:38:00;188;Acidente com Vítima;332,8;BR-040/MG;Sul;Outros;0;0;0;1;0;0;0;0;0;0;0;2;0;0;0
26/04/2016;15:53:00;171;Acidente sem Vítima;10,9;BR-040/GO;Norte;Colisão traseira;2;0;0;0;0;0;0;0;0;0;2;0;0;0;0
26/04/2016;15:10:00;161;Acidente sem Vítima;603;BR-040/MG;Sul;Colisão traseira;0;0;2;0;0;0;0;0;0;0;2;0;0;0;0
26/04/2016;14:57:00;158;Acidente sem Vítima;536,15;BR-040/MG;Norte;Colisão traseira;2;0;1;0;0;0;0;0;0;0;3;0;0;0;0
26/04/2016;08:01:00;73;Acidente com Vítima;0,5;BR-040/DF;Norte;Outros;0;0;0;1;0;0;0;0;0;0;0;0;1;0;0
26/04/2016;04:21:00;23;Acidente sem Vítima;696,5;BR-040/MG;Norte;Choque com objeto fixo;1;0;0;0;0;0;0;0;0;0;1;0;0;0;0
27/04/2016;23:37:00;372;Acidente com Vítima;42,5;BR-040/MG;Norte;Outros;1;0;0;1;0;0;0;0;0;0;2;0;1;0;0
27/04/2016;20:23:00;336;Acidente sem Vítima;548,408;BR-040/MG;Norte;Abalroamento transversal;2;0;0;0;0;0;0;0;0;0;2;0;0;0;0
27/04/2016;20:11:00;332;Acidente com Vítima;40,05;BR-040/MG;Norte;Abalroamento longitudinal;1;0;0;1;0;0;0;0;0;0;0;1;1;0;0
27/04/2016;15:01:00;237;Acidente sem Vítima;716,1;BR-040/MG;Sul;Outros;1;0;0;0;0;0;0;0;0;0;1;0;0;0;0
27/04/2016;14:16:00;218;Acidente com Vítima;543,499;BR-040/MG;Sul;Outros;0;0;0;1;0;0;0;0;0;0;0;0;0;0;0
27/04/2016;13:47:00;200;Acidente com Morte;750,38;BR-040/MG;Sul;Colisão frontal;1;0;2;0;1;0;0;0;0;0;15;1;0;2;3
27/04/2016;12:49:00;180;Acidente sem Vítima;533,001;BR-040/MG;Norte;Colisão traseira;2;0;1;0;0;0;0;0;0;0;3;0;0;0;0
27/04/2016;02:44:00;14;Acidente sem Vítima;521,04;BR-040/MG;Norte;Choque com objeto fixo;0;0;1;0;0;0;0;0;0;0;1;0;0;0;0
27/04/2016;01:55:00;11;Acidente com Vítima;47,1;BR-040/GO;Norte;Queda de Carga;0;0;1;0;0;0;0;0;0;0;0;1;1;0;0
28/04/2016;23:45:00;398;Acidente sem Vítima;25,5;BR-040/MG;Sul;Atropelamento de animal;0;0;1;0;0;0;0;0;0;0;1;0;0;0;0
28/04/2016;21:57:00;382;Acidente com Vítima;41,5;BR-040/MG;Sul;Outros;1;0;0;1;0;0;0;0;0;0;1;0;1;0;0
28/04/2016;21:20:00;375;Acidente sem Vítima;621,1;BR-040/MG;Norte;Outros;0;0;0;1;0;0;0;0;0;0;1;0;0;0;0
28/04/2016;20:57:00;365;Acidente com Vítima;116,512;BR-040/MG;Sul;Choque com objeto fixo;1;0;0;0;0;0;0;0;0;0;0;0;1;0;0
28/04/2016;19:50:00;351;Acidente com Vítima;8,5;BR-040/GO;Sul;Abalroamento longitudinal;1;0;0;1;0;0;0;0;0;0;2;1;0;0;0
28/04/2016;19:20:00;338;Acidente sem Vítima;524,9;BR-040/MG;Norte;Outros;0;0;0;0;0;0;0;0;0;0;0;0;0;0;0
28/04/2016;18:16:00;311;Acidente sem Vítima;97,518;BR-040/GO;Sul;Outros;1;0;0;0;0;0;0;0;0;0;1;0;0;0;0
28/04/2016;17:47:00;305;Acidente sem Vítima;1,7;BR-040/GO;Norte;Colisão traseira;1;0;0;0;0;0;0;0;0;1;12;0;0;0;0
28/04/2016;17:33:00;298;Acidente com Vítima;510,9;BR-040/MG;Sul;Colisão traseira;1;0;1;0;0;0;0;0;0;0;2;1;0;0;0
28/04/2016;17:29:00;297;Acidente sem Vítima;511,2;BR-040/MG;Sul;Outros;1;0;0;0;0;0;0;0;0;0;1;0;0;0;0
28/04/2016;17:28:00;296;Acidente sem Vítima;8,5;BR-040/GO;Norte;Abalroamento longitudinal;1;0;0;1;0;0;0;0;0;0;2;0;0;0;0
28/04/2016;17:04:00;285;Acidente sem Vítima;511,6;BR-040/MG;Norte;Colisão traseira;5;0;0;0;0;0;0;0;0;0;5;0;0;0;0
28/04/2016;16:13:00;271;Acidente sem Vítima;434,5;BR-040/MG;Sul;Capotamento;1;0;0;0;0;0;0;0;0;0;2;0;0;0;0
28/04/2016;16:02:00;268;Acidente sem Vítima;695,1;BR-040/MG;Sul;Choque com objeto fixo;1;0;0;0;0;0;0;0;0;0;1;0;0;0;0
28/04/2016;14:30:00;245;Acidente sem Vítima;51,001;BR-040/GO;Norte;Colisão traseira;1;0;1;0;0;0;0;0;0;0;2;0;0;0;0
28/04/2016;14:01:00;236;Acidente sem Vítima;520;BR-040/MG;Norte;Capotamento;1;0;0;0;0;0;0;0;0;0;1;0;0;0;0
28/04/2016;13:16:00;224;Acidente com Vítima;656,461;BR-040/MG;Norte;Choque em barreira New Jersey;2;0;0;0;0;0;0;0;0;0;1;1;0;0;0
28/04/2016;11:45:00;187;Acidente com Vítima;300,001;BR-040/MG;Norte;Outros;2;0;0;0;0;0;0;0;0;0;1;1;0;0;0
28/04/2016;10:56:00;167;Acidente sem Vítima;481,9;BR-040/MG;Norte;Outros;1;0;0;0;0;0;0;0;0;0;1;0;0;0;0
28/04/2016;10:29:00;153;Acidente com Vítima;553,105;BR-040/MG;Sul;Outros;0;0;0;1;0;0;0;0;0;0;0;2;0;0;0
28/04/2016;09:20:00;132;Acidente com Vítima;551;BR-040/MG;Norte;Outros;0;0;0;1;0;0;0;0;0;0;0;0;1;0;0
29/04/2016;23:38:00;431;Acidente com Vítima;74,001;BR-040/GO;Norte;Outros;2;0;0;1;0;0;0;0;0;0;5;0;2;0;0
29/04/2016;21:11:00;408;Acidente sem Vítima;536,3;BR-040/MG;Sul;Choque com objeto fixo;2;0;0;0;0;0;0;0;0;0;2;0;0;0;0
29/04/2016;21:03:00;404;Acidente sem Vítima;521,3;BR-040/MG;Norte;Colisão traseira;3;0;0;0;0;0;0;0;0;0;5;0;0;0;0
29/04/2016;20:43:00;395;Atropelamento sem Morte;612,02;BR-040/MG;Sul;Atropelamento de pedestre atravessando;1;0;0;0;0;0;0;0;0;0;4;1;0;0;0
29/04/2016;20:27:00;388;Acidente sem Vítima;514,2;BR-040/MG;Norte;Outros;0;0;0;1;0;0;0;0;0;0;2;0;0;0;0
29/04/2016;20:09:00;377;Acidente com Vítima;553,3;BR-040/MG;Sul;Abalroamento longitudinal;1;0;0;1;0;0;0;0;0;0;3;1;0;0;0
29/04/2016;20:06:00;375;Acidente sem Vítima;510,1;BR-040/MG;Norte;Colisão traseira;3;0;0;0;0;0;0;0;0;0;5;0;0;0;0
29/04/2016;19:09:00;352;Acidente sem Vítima;474,2;BR-040/MG;Norte;Choque com objeto fixo;1;0;0;0;0;0;0;0;0;0;4;0;0;0;0
29/04/2016;18:49:00;345;Acidente sem Vítima;546,3;BR-040/MG;Sul;Capotamento;1;0;0;0;0;0;0;0;0;0;1;0;0;0;0
29/04/2016;18:20:00;329;Acidente sem Vítima;534,5;BR-040/MG;Sul;Colisão traseira;5;0;0;0;0;0;0;0;0;0;5;0;0;0;0
29/04/2016;18:16:00;327;Atropelamento sem Morte;6,8;BR-040/GO;Sul;Atropelamento de pedestre atravessando;0;0;0;1;0;0;0;0;0;0;1;1;0;0;0
29/04/2016;16:42:00;292;Acidente sem Vítima;1,8;BR-040/DF;Norte;Colisão traseira;3;0;0;1;0;0;0;0;0;0;5;0;0;0;0
29/04/2016;16:24:00;287;Acidente com Vítima;532,5;BR-040/MG;Sul;Abalroamento longitudinal;1;0;0;1;0;0;0;0;0;0;1;0;2;0;0
29/04/2016;14:55:00;264;Acidente sem Vítima;505,2;BR-040/MG;Norte;Colisão traseira;1;0;1;0;0;0;0;0;0;0;3;0;0;0;0
29/04/2016;14:42:00;259;Acidente com Vítima;534,7;BR-040/MG;Norte;Abalroamento longitudinal;2;0;0;0;0;0;0;0;0;0;2;0;0;0;0
29/04/2016;13:15:00;233;Acidente com Vítima;1,2;BR-040/GO;Norte;Abalroamento longitudinal;1;0;0;1;0;0;0;0;0;0;1;2;0;0;0
29/04/2016;12:52:00;222;Acidente com Vítima;43,2;BR-040/MG;Sul;Abalroamento longitudinal;0;0;0;1;0;1;0;0;0;0;1;0;1;0;0
29/04/2016;11:34:00;201;Acidente com Vítima;451,1;BR-040/MG;Norte;Colisão traseira;1;0;0;0;0;0;0;1;0;0;1;1;0;0;0
29/04/2016;11:18:00;192;Acidente com Vítima;457,5;BR-040/MG;Norte;Capotamento;1;0;0;0;0;0;0;0;0;0;0;1;0;0;0
29/04/2016;10:50:00;184;Acidente sem Vítima;535,5;BR-040/MG;Norte;Colisão traseira;1;0;1;0;0;0;0;0;0;0;2;0;0;0;0
29/04/2016;10:50:00;185;Acidente com Vítima;444,5;BR-040/MG;Sul;Choque com objeto fixo;1;0;0;0;0;0;0;0;0;1;1;1;0;0;0
29/04/2016;10:42:00;180;Acidente com Vítima;505,5;BR-040/MG;Sul;Capotamento;0;0;1;0;0;0;0;0;0;0;0;1;0;0;0
29/04/2016;10:06:00;171;Acidente sem Vítima;526,1;BR-040/MG;Norte;Colisão traseira;1;0;1;0;0;0;0;0;0;0;2;0;0;0;0
29/04/2016;09:18:00;155;Acidente sem Vítima;748,8;BR-040/MG;Norte;Abalroamento longitudinal;2;0;0;0;0;0;0;0;0;0;2;0;0;0;0
29/04/2016;06:21:00;49;Acidente sem Vítima;577,835;BR-040/MG;Sul;Abalroamento longitudinal;1;0;1;0;0;0;0;0;0;0;2;0;0;0;0
29/04/2016;06:12:00;46;Acidente com Vítima;716,9;BR-040/MG;Norte;Capotamento;1;0;0;0;0;0;0;0;0;0;0;1;1;0;0
29/04/2016;02:08:00;15;Acidente com Vítima;647,138;BR-040/MG;Norte;Choque com objeto fixo;1;0;0;0;0;0;0;0;0;0;0;1;0;0;0
30/04/2016;22:28:00;274;Acidente sem Vítima;5,4;BR-040/GO;Norte;Capotamento;1;0;0;0;0;0;0;0;0;0;2;0;0;0;0
30/04/2016;20:12:00;247;Acidente sem Vítima;2,9;BR-040/GO;Sul;Colisão traseira;1;0;0;1;0;0;0;0;0;0;3;0;0;0;0
30/04/2016;19:12:00;233;Acidente com Vítima;1,9;BR-040/GO;Sul;Abalroamento longitudinal;1;0;0;1;0;0;0;0;0;0;2;2;0;0;0
30/04/2016;18:56:00;228;Acidente sem Vítima;7,3;BR-040/GO;Norte;Colisão traseira;2;0;0;0;0;0;0;0;0;0;2;0;0;0;0
30/04/2016;18:32:00;223;Acidente sem Vítima;7,01;BR-040/GO;Norte;Colisão traseira;2;0;0;0;0;0;0;0;0;0;5;0;0;0;0
30/04/2016;18:06:00;213;Acidente sem Vítima;448,1;BR-040/MG;Norte;Choque com objeto fixo;1;0;0;0;0;0;0;0;0;0;1;0;0;0;0
30/04/2016;17:30:00;206;Acidente sem Vítima;10,005;BR-040/GO;Norte;Abalroamento transversal;1;0;0;1;0;0;0;0;0;0;2;0;0;0;0
30/04/2016;17:19:00;202;Acidente com Vítima;589,8;BR-040/MG;Sul;Colisão frontal;2;0;0;0;0;0;0;0;0;0;2;3;1;1;0
30/04/2016;16:49:00;189;Acidente sem Vítima;5,7;BR-040/DF;Norte;Capotamento;1;0;0;0;0;0;0;0;0;0;2;0;0;0;0
30/04/2016;14:10:00;154;Acidente sem Vítima;496,5;BR-040/MG;Sul;Choque com objeto fixo;1;0;0;0;0;0;0;0;0;0;1;0;0;0;0
30/04/2016;13:18:00;140;Acidente sem Vítima;511,3;BR-040/MG;Sul;Colisão traseira;2;0;0;0;0;0;0;0;0;0;2;0;0;0;0
30/04/2016;11:04:00;119;Acidente sem Vítima;0,2;BR-040/DF;Norte;Colisão traseira;3;0;1;0;0;0;0;0;0;0;5;0;0;0;0
30/04/2016;10:10:00;111;Acidente com Vítima;730,8;BR-040/MG;Norte;Queda de Carga;0;0;0;0;0;1;0;0;0;0;1;0;1;0;0
30/04/2016;10:05:00;110;Acidente sem Vítima;540,1;BR-040/MG;Sul;Abalroamento longitudinal;2;0;1;0;0;0;0;0;0;0;3;0;0;0;0
30/04/2016;07:40:00;62;Acidente sem Vítima;618,15;BR-040/MG;Norte;Choque com objeto fixo;1;0;0;0;0;0;0;0;0;0;1;0;0;0;0
30/04/2016;07:23:00;55;Acidente sem Vítima;473,03;BR-040/MG;Sul;Colisão traseira;1;0;1;0;0;0;0;0;0;0;2;0;0;0;0
30/04/2016;06:05:00;32;Acidente com Vítima;653,152;BR-040/MG;Norte;Choque com objeto fixo;1;0;0;0;0;0;0;0;0;0;0;1;0;0;0
30/04/2016;05:53:00;31;Acidente sem Vítima;3,1;BR-040/DF;Sul;Choque com objeto fixo;1;0;0;0;0;0;0;0;0;0;1;0;0;0;0
30/04/2016;05:41:00;30;Acidente sem Vítima;500,3;BR-040/MG;Sul;Outros;0;0;0;1;0;0;0;0;0;0;1;0;0;0;0
30/04/2016;02:26:00;17;Atropelamento com Morte;738,7;BR-040/MG;Norte;Atropelamento de pedestre atravessando;0;0;0;0;0;0;0;0;0;0;0;0;0;0;1
30/04/2016;01:31:00;8;Acidente sem Vítima;559,2;BR-040/MG;Norte;Colisão traseira;2;0;0;0;0;0;0;0;0;0;4;0;0;0;0
30/04/2016;00:11:00;1;Acidente com Vítima;7,8;BR-040/GO;Norte;Abalroamento longitudinal;2;0;0;0;0;0;0;0;0;0;3;0;1;0;0
01/05/2016;17:42:00;180;Atropelamento sem Morte;1,4;BR-040/GO;Norte;Atropelamento - Ciclista;0;0;0;1;0;0;0;0;0;0;1;1;0;0;0
01/05/2016;23:43:00;271;Acidente sem Vítima;4,034;BR-040/GO;Sul;Capotamento;1;0;0;0;0;0;0;0;0;0;2;0;0;0;0
01/05/2016;02:36:00;15;Acidente com Vítima;5,95;BR-040/GO;Sul;Outros;1;0;0;0;0;0;0;0;0;0;0;1;0;0;0
01/05/2016;11:55:00;96;Atropelamento sem Morte;7,01;BR-040/GO;Sul;Atropelamento - Pedestre atravessando;1;0;0;0;0;0;0;0;0;0;1;0;1;0;0
01/05/2016;10:05:00;73;Acidente com Vítima;11,9;BR-040/GO;Sul;Abalroamento - Longitudinal;1;0;0;1;0;0;0;0;0;0;1;0;2;0;0
01/05/2016;23:56:00;276;Acidente com Vítima;12,16;BR-040/GO;Norte;Abalroamento - Longitudinal;2;0;0;0;0;0;0;0;0;0;4;0;1;0;0
01/05/2016;16:15:00;160;Acidente sem Vítima;64,5;BR-040/MG;Sul;Abalroamento - Longitudinal;1;0;1;0;0;0;0;0;0;0;2;0;0;0;0
01/05/2016;01:47:00;9;Acidente sem Vítima;19,2;BR-040/GO;Norte;Colisão traseira;1;0;1;0;0;0;0;0;0;0;3;0;0;0;0
01/05/2016;22:34:00;261;Acidente com Vítima;70,615;BR-040/MG;Norte;Colisão traseira;0;0;2;0;0;0;0;0;0;0;3;1;0;0;0
01/05/2016;17:23:00;176;Acidente com Vítima;491,01;BR-040/MG;Sul;Abalroamento - Longitudinal;0;0;0;2;0;0;0;0;0;0;0;0;3;0;0
01/05/2016;20:27:00;237;Atropelamento sem Morte;508,376;BR-040/MG;Sul;Atropelamento - Pedestre caminhando;0;0;0;0;0;1;0;0;0;0;1;0;2;0;0
01/05/2016;19:08:00;211;Acidente com Vítima;512,26;BR-040/MG;Sul;Colisão traseira;3;0;0;0;0;0;0;0;0;0;2;0;1;0;0
01/05/2016;17:21:00;175;Acidente sem Vítima;513,19;BR-040/MG;Sul;Colisão traseira;2;0;0;0;0;0;0;0;0;0;2;0;0;0;0
01/05/2016;11:08:00;86;Acidente sem Vítima;534;BR-040/MG;Sul;Abalroamento - Longitudinal;2;0;0;0;0;0;0;0;0;0;2;0;0;0;0
01/05/2016;10:21:00;75;Acidente sem Vítima;534,3;BR-040/MG;Norte;Abalroamento - Longitudinal;3;0;0;0;0;0;0;0;0;0;6;0;0;0;0
01/05/2016;15:27:00;141;Acidente com Vítima;549,599;BR-040/MG;Norte;Abalroamento - Longitudinal;1;0;0;1;0;0;0;0;0;0;3;1;0;0;0
01/05/2016;05:01:00;23;Acidente sem Vítima;549,4;BR-040/MG;Sul;Choque com objeto fixo;1;0;0;0;0;0;0;0;0;0;2;0;0;0;0
01/05/2016;15:19:00;140;Acidente com Vítima;611,001;BR-040/MG;Sul;Colisão traseira;1;0;1;0;0;0;0;0;0;0;2;2;1;0;0
01/05/2016;19:58:00;228;Acidente com Vítima;616,88;BR-040/MG;Norte;Colisão frontal;2;0;0;1;0;0;0;0;0;0;2;1;3;0;0
01/05/2016;08:34:00;57;Acidente sem Vítima;628;BR-040/MG;Sul;Colisão traseira;2;0;0;0;0;0;0;0;0;0;2;0;0;0;0
02/05/2016;18:53:00;325;Acidente sem Vítima;2,8;BR-040/GO;Norte;Colisão traseira;2;0;0;0;0;0;0;0;0;0;2;0;0;0;0
02/05/2016;20:23:00;349;Acidente sem Vítima;479,455;BR-040/MG;Norte;Capotamento;2;0;0;0;0;0;0;0;0;0;2;0;0;0;0
02/05/2016;17:09:00;289;Acidente sem Vítima;509,5;BR-040/MG;Norte;Outros;0;0;0;1;0;0;0;0;0;0;1;0;0;0;0
02/05/2016;17:08:00;288;Acidente com Vítima;509,1;BR-040/MG;Norte;Colisão traseira;1;0;0;1;0;0;0;0;0;0;2;1;0;0;0
02/05/2016;16:56:00;283;Acidente com Vítima;509,5;BR-040/MG;Norte;Colisão traseira;2;0;0;1;0;0;0;0;0;0;3;1;1;0;0
02/05/2016;16:38:00;272;Acidente com Vítima;515,6;BR-040/MG;Sul;Colisão traseira;2;0;0;1;0;0;0;0;0;0;2;0;1;0;0
02/05/2016;15:30:00;256;Acidente com Vítima;525,429;BR-040/MG;Norte;Colisão traseira;1;0;0;1;0;0;0;0;0;0;1;1;0;0;0
02/05/2016;11:04:00;184;Acidente sem Vítima;532,001;BR-040/MG;Norte;Colisão traseira;2;0;0;0;0;0;0;0;0;0;8;0;0;0;0
02/05/2016;08:55:00;129;Acidente sem Vítima;540,7;BR-040/MG;Sul;Colisão traseira;2;0;0;0;0;0;0;0;0;0;2;0;0;0;0
02/05/2016;12:58:00;215;Acidente sem Vítima;716,001;BR-040/MG;Norte;Abalroamento - Longitudinal;2;0;0;0;0;0;0;0;0;0;2;0;0;0;0
02/05/2016;12:57:00;213;Acidente com Vítima;749,5;BR-040/MG;Norte;Outros;0;0;0;1;0;0;0;0;0;0;0;1;0;0;0
02/05/2016;18:30:00;314;Acidente com Vítima;4,5;BR-040/DF;Sul;Queda de Carga;1;0;0;0;0;0;0;0;0;0;0;0;0;0;0
03/05/2016;15:58:00;204;Acidente com Vítima;4,7;BR-040/GO;Norte;Abalroamento - Transversal;1;0;0;1;0;0;0;0;0;0;2;0;0;0;0
03/05/2016;15:12:00;197;Acidente sem Vítima;6,034;BR-040/GO;Sul;Colisão traseira;1;0;1;0;0;0;0;0;0;0;2;0;0;0;0
03/05/2016;09:20:00;136;Acidente sem Vítima;17,02;BR-040/MG;Sul;Colisão traseira;0;0;2;0;0;0;0;0;0;0;2;0;0;0;0
03/05/2016;00:49:00;8;Acidente sem Vítima;15,247;BR-040/GO;Norte;Abalroamento - Longitudinal;2;0;0;0;0;0;0;0;0;0;2;0;0;0;0
03/05/2016;23:11:00;308;Acidente sem Vítima;341,5;BR-040/MG;Sul;Atropelamento - Animal;0;0;1;0;0;0;0;0;0;0;2;0;0;0;0
03/05/2016;04:25:00;21;Acidente com Vítima;413,216;BR-040/MG;Sul;Choque com objeto fixo;1;0;0;0;0;0;0;0;0;0;0;1;0;0;0
03/05/2016;22:13:00;295;Acidente sem Vítima;501,3;BR-040/MG;Sul;Colisão traseira;0;0;2;0;0;0;0;0;0;0;3;0;0;0;0
03/05/2016;09:38:00;137;Acidente sem Vítima;527,5;BR-040/MG;Norte;Outros;1;0;0;0;0;0;0;0;0;1;2;0;0;0;0
03/05/2016;15:10:00;196;Acidente sem Vítima;577,15;BR-040/MG;Norte;Colisão traseira;0;0;2;0;0;0;0;0;0;0;2;0;0;0;0
03/05/2016;20:10:00;265;Acidente com Vítima;593,55;BR-040/MG;Norte;Outros;0;0;0;1;0;0;0;0;0;0;0;1;0;0;0
03/05/2016;12:52:00;170;Acidente com Morte;613,876;BR-040/MG;Sul;Colisão frontal;1;0;0;1;0;0;0;0;0;0;1;0;0;0;1
03/05/2016;12:30:00;166;Acidente com Vítima;96,02;BR-040/GO;Sul;Colisão traseira;1;0;0;1;0;0;0;0;0;0;2;1;0;0;0
03/05/2016;13:32:00;173;Acidente com Vítima;662,5;BR-040/MG;Sul;Colisão traseira;2;0;0;0;0;0;0;0;0;0;2;1;1;0;0
04/05/2016;17:50:00;211;Acidente sem Vítima;41,2;BR-040/MG;Norte;Abalroamento - Longitudinal;2;0;0;0;0;0;0;0;0;0;2;0;0;0;0
04/05/2016;21:05:00;264;Acidente com Vítima;18,7;BR-040/GO;Sul;Colisão traseira;2;0;0;0;0;0;0;0;0;0;4;1;0;0;0
04/05/2016;11:52:00;151;Acidente sem Vítima;297,65;BR-040/MG;Norte;Colisão traseira;1;0;0;0;0;1;0;0;0;0;2;0;0;0;0
04/05/2016;19:34:00;245;Acidente com Vítima;425,5;BR-040/MG;Sul;Queda de Carga;0;0;0;0;0;1;0;0;0;0;0;1;0;0;0