data;horario;n_da_ocorrencia;tipo_de_ocorrencia;km;trecho;sentido;tipo_de_acidente;automovel;bicicleta;caminhao;moto;onibus;outros;tracao_animal;transporte_de_cargas_especiais;trator_maquinas;utilitarios;ilesos;levemente_feridos;moderadamente_feridos;gravemente_feridos;mortos
04/05/2016;07:01:00;41;Acidente sem Vítima;461,05;BR-040/MG;Norte;Colisão traseira;1;0;1;0;0;0;0;0;0;0;2;0;0;0;0
04/05/2016;13:41:00;172;Acidente com Vítima;523,4;BR-040/MG;Norte;Capotamento;1;0;1;0;0;0;0;0;0;0;2;0;1;0;0
04/05/2016;02:24:00;13;Acidente com Vítima;537,1;BR-040/MG;Norte;Choque em barreira New Jersey;1;0;0;0;0;0;0;0;0;0;0;1;0;1;0
04/05/2016;07:58:00;91;Acidente sem Vítima;594,179;BR-040/MG;Sul;Colisão traseira;0;0;2;0;0;1;0;0;0;0;3;0;0;0;0
04/05/2016;16:46:00;196;Acidente sem Vítima;69,6;BR-040/GO;Norte;Choque com objeto fixo;0;0;0;1;0;0;0;0;0;0;1;0;0;0;0
04/05/2016;06:56:00;40;Acidente com Vítima;2,4;BR-040/DF;Norte;Colisão traseira;1;0;0;1;0;0;0;0;0;0;1;2;0;0;0
05/05/2016;18:43:00;288;Acidente com Vítima;5;BR-040/GO;Sul;Abalroamento - Longitudinal;0;0;1;1;0;0;0;0;0;0;1;1;0;0;0
05/05/2016;18:02:00;270;Acidente com Vítima;7;BR-040/GO;Sul;Abalroamento - Transversal;1;0;0;1;0;0;0;0;0;0;1;1;0;0;0
05/05/2016;04:16:00;21;Acidente sem Vítima;17,5;BR-040/MG;Norte;Colisão traseira;0;0;2;0;0;0;0;0;0;0;2;0;0;0;0
05/05/2016;09:01:00;122;Acidente com Vítima;9,9;BR-040/GO;Sul;Outros;0;0;0;1;0;0;0;0;0;0;2;1;0;0;0
05/05/2016;08:26:00;113;Acidente sem Vítima;235,1;BR-040/MG;Norte;Choque com objeto fixo;1;0;0;0;0;0;0;0;0;0;1;0;0;0;0
05/05/2016;08:43:00;116;Acidente com Vítima;513,9;BR-040/MG;Sul;Outros;0;0;1;2;0;0;0;0;0;0;2;1;0;0;0
05/05/2016;07:09:00;52;Acidente sem Vítima;542,852;BR-040/MG;Norte;Abalroamento - Longitudinal;1;0;1;0;0;0;0;0;0;0;2;0;0;0;0
05/05/2016;07:01:00;49;Acidente sem Vítima;577;BR-040/MG;Sul;Colisão traseira;0;0;1;0;1;0;0;0;0;0;2;0;0;0;0
05/05/2016;09:13:00;128;Acidente com Vítima;624,946;BR-040/MG;Sul;Colisão frontal;2;0;0;0;0;0;0;0;0;0;2;0;1;0;0
05/05/2016;09:50:00;145;Acidente sem Vítima;714,1;BR-040/MG;Norte;Colisão traseira;0;0;2;0;0;0;0;0;0;0;3;0;0;0;0
05/05/2016;20:23:00;332;Acidente sem Vítima;732,33;BR-040/MG;Sul;Choque em barreira New Jersey;1;0;0;0;0;0;0;0;0;0;2;0;0;0;0
05/05/2016;13:38:00;202;Acidente com Vítima;739;BR-040/MG;Sul;Colisão traseira;0;1;1;0;0;0;0;0;0;0;2;1;0;0;0
05/05/2016;07:05:00;51;Acidente sem Vítima;3,001;BR-040/DF;Sul;Colisão traseira;1;0;0;1;0;0;0;0;0;0;2;0;0;0;0
05/05/2016;22:01:00;357;Acidente sem Vítima;139,2;BR-040/GO;Sul;Outros;2;0;0;0;0;0;0;0;0;0;3;0;0;0;0
05/05/2016;07:13:00;56;Acidente com Vítima;5,2;BR-040/DF;Norte;Queda de Carga;1;0;0;0;0;0;0;0;0;0;1;1;0;0;0
05/05/2016;17:20:00;255;Acidente com Vítima;0;Fora_Rota;Sul;Outros;0;0;0;1;0;0;0;0;0;0;0;1;0;0;0
06/05/2016;08:11:00;112;Acidente com Vítima;4,1;BR-040/GO;Norte;Abalroamento - Longitudinal;1;0;0;1;0;0;0;0;0;0;1;1;0;0;0
06/05/2016;17:59:00;302;Acidente com Vítima;6,3;BR-040/GO;Sul;Colisão traseira;2;0;0;0;0;0;0;0;0;0;2;1;0;0;0
06/05/2016;18:54:00;320;Acidente com Vítima;7,2;BR-040/GO;Sul;Colisão traseira;1;0;0;1;0;0;0;0;0;0;2;1;0;0;0
06/05/2016;20:01:00;347;Acidente com Vítima;13,215;BR-040/GO;Norte;Abalroamento - Longitudinal;1;0;0;1;0;0;0;0;0;0;1;1;0;0;0
06/05/2016;07:39:00;95;Acidente sem Vítima;144,001;BR-040/MG;Sul;Abalroamento - Longitudinal;2;0;0;0;0;0;0;0;0;0;2;0;0;0;0
06/05/2016;20:40:00;361;Atropelamento com Morte;472,163;BR-040/MG;Norte;Atropelamento - Pedestre atravessando;1;0;0;0;0;0;0;0;0;0;2;0;0;0;1
06/05/2016;17:55:00;300;Acidente sem Vítima;521,869;BR-040/MG;Norte;Choque com objeto fixo;1;0;0;0;0;0;0;0;0;0;1;0;0;0;0
06/05/2016;16:41:00;280;Acidente com Vítima;523,1;BR-040/MG;Sul;Capotamento;1;0;0;0;0;0;0;0;0;0;1;1;1;0;0
06/05/2016;10:35:00;163;Acidente sem Vítima;523,1;BR-040/MG;Norte;Colisão traseira;1;0;0;1;0;0;0;0;0;0;2;0;0;0;0
06/05/2016;07:57:00;103;Acidente sem Vítima;523,5;BR-040/MG;Sul;Outros;0;0;0;1;0;0;0;0;0;0;1;0;0;0;0
06/05/2016;07:22:00;78;Acidente sem Vítima;524,5;BR-040/MG;Norte;Colisão traseira;2;0;0;0;0;0;0;0;0;0;2;0;0;0;0
06/05/2016;07:11:00;71;Acidente sem Vítima;524;BR-040/MG;Norte;Colisão traseira;2;0;0;0;0;0;0;0;0;0;2;0;0;0;0
06/05/2016;19:51:00;344;Acidente com Vítima;530,141;BR-040/MG;Norte;Colisão traseira;0;0;1;0;0;0;0;0;0;1;2;1;0;0;0
06/05/2016;09:40:00;147;Acidente sem Vítima;530,5;BR-040/MG;Norte;Colisão traseira;2;0;0;0;0;0;0;0;0;0;2;0;0;0;0
06/05/2016;17:03:00;285;Acidente sem Vítima;533,6;BR-040/MG;Norte;Abalroamento - Longitudinal;1;0;1;0;0;0;0;0;0;0;6;0;0;0;0
06/05/2016;13:27:00;219;Acidente com Vítima;584,6;BR-040/MG;Sul;Outros;0;0;0;1;0;0;0;0;0;0;0;1;1;0;0
06/05/2016;16:46:00;281;Acidente sem Vítima;594,1;BR-040/MG;Sul;Colisão traseira;5;0;0;0;0;0;0;0;0;0;5;0;0;0;0
06/05/2016;08:05:00;110;Acidente sem Vítima;625,7;BR-040/MG;Norte;Abalroamento - Longitudinal;1;0;0;0;0;1;0;0;0;0;2;0;0;0;0
06/05/2016;20:32:00;358;Acidente com Vítima;632,387;BR-040/MG;Norte;Abalroamento - Transversal;1;0;0;1;0;0;0;0;0;0;1;0;0;1;0
06/05/2016;17:32:00;295;Acidente sem Vítima;103,001;BR-040/GO;Sul;Atropelamento - Animal;1;0;0;0;0;0;0;0;0;0;1;0;0;0;0
06/05/2016;06:35:00;41;Acidente com Vítima;5,9;BR-040/DF;Norte;Colisão traseira;1;0;0;1;0;0;0;0;0;0;1;0;1;0;0
07/05/2016;15:58:00;206;Acidente sem Vítima;1,2;BR-040/GO;Norte;Colisão traseira;3;0;0;0;0;0;0;0;0;0;3;0;0;0;0
07/05/2016;04:54:00;44;Acidente sem Vítima;273;BR-040/MG;Norte;Choque com objeto fixo;1;0;0;0;0;0;0;0;0;0;1;0;0;0;0
07/05/2016;13:21:00;167;Acidente sem Vítima;384,3;BR-040/MG;Sul;Queda de Carga;0;0;1;0;0;0;0;0;0;0;1;0;0;0;0
07/05/2016;10:33:00;125;Acidente sem Vítima;413,5;BR-040/MG;Sul;Abalroamento - Transversal;3;0;0;0;0;0;0;0;0;0;6;0;0;0;0
07/05/2016;08:11:00;85;Acidente sem Vítima;426,5;BR-040/MG;Norte;Choque com objeto fixo;1;0;0;0;0;0;0;0;0;0;4;0;0;0;0
07/05/2016;01:32:00;17;Acidente com Vítima;446,1;BR-040/MG;Sul;Capotamento;1;0;0;0;0;0;0;0;0;0;0;1;0;0;0
07/05/2016;22:46:00;321;Acidente sem Vítima;470,599;BR-040/MG;Sul;Choque com objeto fixo;1;0;0;0;0;0;0;0;0;0;2;0;0;0;0
07/05/2016;23:22:00;326;Acidente sem Vítima;513,5;BR-040/MG;Norte;Outros;0;0;0;1;0;0;0;0;0;0;2;0;0;0;0
07/05/2016;16:49:00;226;Atropelamento sem Morte;517;BR-040/MG;Norte;Atropelamento - Pedestre atravessando;2;0;0;0;0;0;0;0;0;0;3;0;1;0;0
07/05/2016;05:35:00;48;Acidente com Vítima;518,459;BR-040/MG;Sul;Colisão traseira;1;0;0;1;0;0;0;0;0;0;1;1;0;0;0
07/05/2016;16:26:00;215;Acidente com Vítima;519,42;BR-040/MG;Norte;Colisão traseira;2;0;0;0;0;0;0;0;0;0;3;1;0;0;0
07/05/2016;19:03:00;278;Acidente sem Vítima;533,1;BR-040/MG;Sul;Colisão traseira;1;0;0;0;0;1;0;0;0;0;3;0;0;0;0
07/05/2016;18:12:00;251;Acidente com Vítima;535,32;BR-040/MG;Sul;Outros;0;0;0;1;0;1;0;0;0;0;1;1;0;0;0
07/05/2016;09:36:00;108;Acidente com Vítima;580,7;BR-040/MG;Sul;Colisão traseira;0;0;3;0;0;0;0;0;0;0;4;0;0;1;0
07/05/2016;08:09:00;83;Acidente sem Vítima;622,1;BR-040/MG;Norte;Abalroamento - Longitudinal;2;0;0;0;0;0;0;0;0;0;3;0;0;0;0
07/05/2016;16:11:00;209;Acidente sem Vítima;667,1;BR-040/MG;Norte;Abalroamento - Longitudinal;2;0;0;0;0;0;0;0;0;0;2;0;0;0;0
07/05/2016;17:25:00;234;Acidente com Vítima;100;BR-040/GO;Norte;Colisão traseira;0;0;1;1;0;0;0;0;0;0;1;1;0;0;0
07/05/2016;15:50:00;204;Acidente sem Vítima;0,6;BR-040/DF;Norte;Colisão traseira;3;0;0;0;0;0;0;0;0;0;3;0;0;0;0
07/05/2016;05:18:00;47;Acidente sem Vítima;2,15;BR-040/DF;Sul;Choque com objeto fixo;1;0;0;0;0;0;0;0;0;0;1;0;0;0;0
07/05/2016;08:21:00;87;Acidente sem Vítima;5,95;BR-040/DF;Sul;Colisão traseira;2;0;0;0;0;0;0;0;0;0;2;0;0;0;0
07/05/2016;19:50:00;296;Acidente sem Vítima;7,4;BR-040/DF;Sul;Colisão traseira;5;0;0;0;0;0;0;0;0;0;12;0;0;0;0
07/05/2016;06:10:00;52;Acidente sem Vítima;8,1;BR-040/DF;Sul;Colisão traseira;2;0;0;0;0;0;0;0;0;0;2;0;0;0;0
08/05/2016;02:48:00;7;Acidente sem Vítima;0,1;BR-040/GO;Sul;Choque com objeto fixo;1;0;0;0;0;0;0;0;0;0;1;0;0;0;0
08/05/2016;11:41:00;101;Acidente sem Vítima;1,6;BR-040/GO;Sul;Colisão traseira;3;0;0;0;0;0;0;0;0;0;8;0;0;0;0
08/05/2016;08:23:00;62;Acidente sem Vítima;2,8;BR-040/GO;Sul;Colisão traseira;2;0;0;0;0;0;0;0;0;0;2;0;0;0;0
08/05/2016;21:08:00;276;Acidente sem Vítima;7,02;BR-040/GO;Norte;Colisão traseira;1;0;0;1;0;0;0;0;0;0;4;0;0;0;0
08/05/2016;18:10:00;201;Acidente sem Vítima;8,2;BR-040/GO;Norte;Colisão traseira;3;0;0;0;0;0;0;0;0;0;4;0;0;0;0
08/05/2016;10:21:00;85;Acidente com Vítima;15,5;BR-040/GO;Sul;Outros;0;0;0;1;0;0;0;0;0;0;0;1;0;0;0
08/05/2016;03:07:00;10;Acidente sem Vítima;31,3;BR-040/GO;Norte;Choque com objeto fixo;1;0;0;0;0;0;0;0;0;0;2;0;0;0;0
08/05/2016;14:00:00;125;Acidente com Vítima;276,4;BR-040/MG;Norte;Choque em defensa;1;0;0;0;0;0;0;0;0;0;0;0;1;0;0
08/05/2016;08:13:00;57;Acidente com Vítima;360,5;BR-040/MG;Norte;Outros;0;0;0;1;0;0;0;0;0;0;0;0;2;0;0
08/05/2016;14:18:00;131;Acidente com Vítima;462,5;BR-040/MG;Norte;Colisão traseira;0;0;2;0;0;0;0;0;0;0;1;1;0;0;0
08/05/2016;11:00:00;90;Acidente sem Vítima;483,5;BR-040/MG;Norte;Colisão traseira;3;0;0;0;0;0;0;0;0;0;7;0;0;0;0
08/05/2016;13:56:00;124;Acidente sem Vítima;507,5;BR-040/MG;Sul;Colisão frontal;1;0;0;1;0;0;0;0;0;0;4;0;0;0;0
08/05/2016;16:52:00;172;Acidente sem Vítima;508,7;BR-040/MG;Sul;Colisão traseira;2;0;0;0;0;1;0;0;0;0;3;0;0;0;0
08/05/2016;19:32:00;238;Acidente sem Vítima;509,5;BR-040/MG;Sul;Colisão traseira;3;0;0;0;0;0;0;0;0;0;5;0;0;0;0
08/05/2016;18:42:00;211;Acidente sem Vítima;510,5;BR-040/MG;Sul;Colisão traseira;4;0;0;0;0;0;0;0;0;0;8;0;0;0;0
08/05/2016;18:41:00;209;Acidente sem Vítima;510,5;BR-040/MG;Norte;Colisão traseira;2;0;0;0;0;0;0;0;0;0;5;0;0;0;0
08/05/2016;08:21:00;60;Acidente sem Vítima;510,5;BR-040/MG;Sul;Capotamento;2;0;0;0;0;0;0;0;0;0;7;0;0;0;0
08/05/2016;20:23:00;259;Acidente com Vítima;519,36;BR-040/MG;Norte;Colisão traseira;1;0;0;1;0;0;0;0;0;0;4;1;0;0;0
08/05/2016;13:43:00;123;Acidente sem Vítima;528,2;BR-040/MG;Sul;Colisão traseira;2;0;0;1;0;0;0;0;0;0;7;0;0;0;0
08/05/2016;10:24:00;86;Acidente sem Vítima;534,3;BR-040/MG;Norte;Colisão traseira;1;0;0;1;0;0;0;0;0;0;3;0;0;0;0
08/05/2016;06:52:00;40;Acidente sem Vítima;562,2;BR-040/MG;Norte;Capotamento;0;0;1;0;0;0;0;0;0;0;2;0;0;0;0
08/05/2016;17:11:00;176;Acidente sem Vítima;577,5;BR-040/MG;Norte;Colisão traseira;2;0;0;0;0;0;0;0;0;0;2;0;0;0;0
08/05/2016;06:15:00;34;Acidente sem Vítima;620,5;BR-040/MG;Norte;Capotamento;1;0;0;0;0;0;0;0;0;0;1;0;0;0;0
08/05/2016;18:08:00;198;Acidente sem Vítima;649,7;BR-040/MG;Norte;Abalroamento - Longitudinal;2;0;0;0;0;0;0;0;0;0;5;0;0;0;0
08/05/2016;20:11:00;255;Acidente com Vítima;43,3;BR-040/GO;Norte;Choque com objeto fixo;1;0;0;0;0;0;0;0;0;0;2;1;0;0;0
08/05/2016;18:42:00;210;Atropelamento com Morte;699,1;BR-040/MG;Sul;Atropelamento - Pedestre atravessando;1;0;0;0;0;0;0;0;0;0;1;0;0;0;1
08/05/2016;00:52:00;11;Atropelamento com Morte;700,1;BR-040/MG;Sul;Atropelamento - Ciclista;1;0;0;0;0;0;0;0;0;0;3;0;0;0;1
08/05/2016;15:44:00;154;Acidente com Vítima;718,8;BR-040/MG;Sul;Capotamento;1;0;0;0;0;0;0;0;0;0;3;1;0;0;0
08/05/2016;15:44:00;170;Acidente sem Vítima;718,85;BR-040/MG;Sul;Capotamento;1;0;0;0;0;0;0;0;0;0;1;0;0;0;0
08/05/2016;04:25:00;21;Acidente sem Vítima;0,3;BR-040/DF;Norte;Colisão traseira;2;0;0;0;0;0;0;0;0;0;3;0;0;0;0
08/05/2016;15:48:00;156;Acidente sem Vítima;753,9;BR-040/MG;Sul;Capotamento;1;0;0;0;0;0;0;0;0;0;1;0;0;0;0
08/05/2016;06:22:00;36;Acidente com Vítima;6,6;BR-040/DF;Sul;Outros;0;0;0;1;0;0;0;0;0;0;0;1;0;0;0
09/05/2016;14:53:00;242;Acidente com Vítima;1,6;BR-040/GO;Norte;Abalroamento - Longitudinal;1;0;0;1;0;0;0;0;0;0;1;1;0;0;0
09/05/2016;01:23:00;18;Acidente com Vítima;2,8;BR-040/GO;Sul;Colisão traseira;1;0;0;1;0;0;0;0;0;0;1;0;1;0;0
09/05/2016;02:36:00;29;Acidente com Vítima;410,001;BR-040/MG;Norte;Capotamento;1;0;0;0;0;0;0;0;0;0;1;1;0;0;0
09/05/2016;00:24:00;7;Acidente com Vítima;467,89;BR-040/MG;Sul;Colisão traseira;0;0;2;0;0;0;0;0;0;0;3;2;1;0;0
09/05/2016;19:32:00;325;Acidente sem Vítima;476,039;BR-040/MG;Sul;Choque com objeto fixo;1;0;0;0;0;0;0;0;0;0;3;0;0;0;0
09/05/2016;10:20:00;159;Acidente sem Vítima;533,001;BR-040/MG;Sul;Abalroamento - Longitudinal;0;0;1;0;1;1;0;0;0;0;3;0;0;0;0
09/05/2016;05:46:00;43;Acidente com Vítima;583,1;BR-040/MG;Sul;Outros;0;0;0;1;0;0;0;0;0;0;1;1;0;0;0
09/05/2016;01:43:00;23;Acidente com Vítima;632,1;BR-040/MG;Norte;Capotamento;1;0;0;0;0;0;0;0;0;0;1;0;4;0;0
09/05/2016;05:39:00;42;Acidente com Morte;647,4;BR-040/MG;Sul;Colisão frontal;0;0;0;1;1;0;0;0;0;0;27;3;0;0;3
09/05/2016;06:49:00;52;Acidente sem Vítima;686,1;BR-040/MG;Sul;Capotamento;1;0;0;0;0;0;0;0;0;0;2;0;0;0;0
09/05/2016;22:52:00;362;Acidente sem Vítima;706,9;BR-040/MG;Sul;Colisão traseira;1;0;1;0;0;0;0;0;0;0;2;0;0;0;0
09/05/2016;07:05:00;62;Acidente sem Vítima;112,5;BR-040/GO;Sul;Outros;1;0;0;0;0;0;0;0;0;0;3;0;0;0;0
10/05/2016;19:25:00;306;Acidente sem Vítima;1,277;BR-040/GO;Sul;Colisão traseira;1;0;0;0;1;0;0;0;0;0;4;0;0;0;0
10/05/2016;22:18:00;346;Acidente sem Vítima;2,9;BR-040/GO;Norte;Abalroamento - Transversal;1;0;0;1;0;0;0;0;0;0;4;0;0;0;0
10/05/2016;05:28:00;30;Acidente com Vítima;4,47;BR-040/GO;Sul;Abalroamento - Longitudinal;1;0;1;0;0;0;0;0;0;0;5;0;1;0;0
10/05/2016;12:34:00;198;Atropelamento sem Morte;272,8;BR-040/MG;Sul;Atropelamento - Pedestre atravessando;1;0;0;0;0;0;0;0;0;0;4;0;1;0;0
10/05/2016;21:08:00;330;Acidente com Vítima;473,3;BR-040/MG;Sul;Choque com objeto fixo;1;0;0;0;0;0;0;0;0;0;1;1;0;0;0
10/05/2016;13:48:00;214;Acidente com Vítima;496,05;BR-040/MG;Sul;Abalroamento - Longitudinal;1;0;1;0;0;0;0;0;0;0;1;1;0;0;0
10/05/2016;12:00:00;188;Acidente sem Vítima;511,8;BR-040/MG;Sul;Colisão traseira;3;0;0;0;0;0;0;0;0;0;3;0;0;0;0
10/05/2016;06:12:00;35;Acidente com Morte;524,001;BR-040/MG;Sul;Colisão traseira;4;0;1;0;0;0;0;0;0;0;82;1;3;1;1
10/05/2016;12:13:00;192;Acidente com Vítima;530,8;BR-040/MG;Norte;Colisão traseira;0;0;1;1;1;0;0;0;0;0;3;2;1;0;0
10/05/2016;12:46:00;199;Acidente sem Vítima;592,831;BR-040/MG;Sul;Outros;0;0;2;0;0;0;0;0;0;0;2;0;0;0;0
11/05/2016;19:40:00;314;Acidente sem Vítima;3,8;BR-040/GO;Norte;Colisão traseira;2;0;0;0;0;0;0;0;0;0;2;0;0;0;0
11/05/2016;20:47:00;330;Acidente com Vítima;17,5;BR-040/GO;Sul;Outros;0;0;0;1;0;0;0;0;0;0;0;2;0;0;0
11/05/2016;18:45:00;295;Acidente sem Vítima;259,8;BR-040/MG;Sul;Outros;1;0;1;0;0;0;0;0;0;0;3;0;0;0;0
11/05/2016;20:06:00;319;Acidente sem Vítima;361,5;BR-040/MG;Sul;Atropelamento - Animal;0;0;0;1;0;0;0;0;0;0;14;0;0;0;0
11/05/2016;15:39:00;247;Atropelamento com Morte;467,12;BR-040/MG;Sul;Atropelamento - Pedestre atravessando;1;0;0;0;0;0;0;0;0;0;1;0;0;0;1
11/05/2016;18:59:00;302;Acidente sem Vítima;487,5;BR-040/MG;Sul;Colisão traseira;1;0;0;1;0;0;0;0;0;0;3;0;0;0;0
11/05/2016;18:03:00;277;Acidente sem Vítima;528,4;BR-040/MG;Sul;Outros;0;0;0;1;0;0;0;0;0;0;1;0;0;0;0
11/05/2016;22:46:00;359;Acidente sem Vítima;535,01;BR-040/MG;Norte;Outros;0;0;0;1;0;0;0;0;0;0;1;0;0;0;0
11/05/2016;06:50:00;47;Acidente com Vítima;542,8;BR-040/MG;Sul;Abalroamento - Longitudinal;0;0;0;1;0;1;0;0;0;0;1;0;1;0;0
11/05/2016;12:14:00;198;Acidente sem Vítima;603,1;BR-040/MG;Norte;Colisão traseira;2;0;0;0;0;0;0;0;0;0;2;0;0;0;0
11/05/2016;19:38:00;313;Acidente com Vítima;78,5;BR-040/GO;Norte;Atropelamento - Animal;1;0;0;0;0;0;0;0;0;0;5;1;0;0;0
12/05/2016;11:46:00;163;Acidente com Vítima;12,4;BR-040/GO;Sul;Abalroamento - Longitudinal;1;0;0;1;0;0;0;0;0;0;1;1;0;0;0
12/05/2016;18:37:00;273;Acidente com Vítima;35,2;BR-040/GO;Sul;Colisão traseira;1;0;0;1;0;0;0;0;0;0;3;1;0;0;0
12/05/2016;22:44:00;343;Acidente sem Vítima;222,3;BR-040/MG;Sul;Capotamento;1;0;0;0;0;0;0;0;0;0;2;0;0;0;0
12/05/2016;23:33:00;352;Acidente com Vítima;370,95;BR-040/MG;Norte;Colisão traseira;0;0;2;0;0;0;0;0;0;0;1;0;1;0;0
12/05/2016;09:15:00;116;Acidente com Vítima;443,3;BR-040/MG;Norte;Colisão traseira;2;0;0;0;0;0;0;0;0;0;2;0;1;0;0
12/05/2016;06:31:00;32;Acidente sem Vítima;510,75;BR-040/MG;Sul;Choque com objeto fixo;1;0;0;0;0;0;0;0;0;0;1;0;0;0;0
12/05/2016;15:59:00;235;Acidente com Vítima;532,9;BR-040/MG;Sul;Colisão traseira;0;0;1;1;0;0;0;0;0;0;1;0;1;0;0
12/05/2016;07:04:00;57;Acidente com Vítima;534,01;BR-040/MG;Norte;Abalroamento - Longitudinal;1;0;0;1;0;0;0;0;0;0;1;0;1;0;0
12/05/2016;14:42:00;214;Acidente sem Vítima;742,01;BR-040/MG;Norte;Choque com objeto fixo;2;0;0;0;0;0;0;0;0;0;3;0;0;0;0
12/05/2016;05:11:00;17;Acidente sem Vítima;0,4;BR-040/DF;Sul;Choque com objeto fixo;1;0;0;0;0;0;0;0;0;0;1;0;0;0;0
12/05/2016;14:14:00;208;Acidente sem Vítima;748,35;BR-040/MG;Sul;Choque em defensa;1;0;0;0;0;0;0;0;0;0;2;0;0;0;0
13/05/2016;07:16:00;62;Acidente com Vítima;0,8;BR-040/GO;Norte;Colisão traseira;3;0;0;0;0;0;0;0;0;0;6;2;0;0;0
13/05/2016;14:49:00;234;Acidente com Vítima;2,2;BR-040/GO;Norte;Abalroamento - Transversal;0;0;1;1;0;0;0;0;0;0;1;1;0;0;0
13/05/2016;01:06:00;7;Acidente sem Vítima;10,1;BR-040/GO;Norte;Choque com objeto fixo;1;0;0;0;0;0;0;0;0;0;1;0;0;0;0
13/05/2016;14:29:00;229;Acidente sem Vítima;20,3;BR-040/GO;Norte;Colisão traseira;2;0;0;0;0;0;0;0;0;0;2;0;0;0;0
13/05/2016;07:54:00;76;Acidente com Vítima;348,5;BR-040/MG;Sul;Capotamento;0;0;1;0;0;0;0;0;0;0;0;0;1;0;0
13/05/2016;21:28:00;354;Acidente com Vítima;530,18;BR-040/MG;Sul;Colisão traseira;1;0;0;1;0;0;0;0;0;0;1;0;1;0;0
13/05/2016;19:44:00;325;Acidente sem Vítima;530,1;BR-040/MG;Sul;Colisão traseira;1;0;0;1;0;0;0;0;0;0;2;0;0;0;0
13/05/2016;20:37:00;341;Acidente sem Vítima;533,2;BR-040/MG;Sul;Colisão traseira;1;0;1;0;0;0;0;0;0;0;5;0;0;0;0
13/05/2016;19:37:00;321;Acidente sem Vítima;559,87;BR-040/MG;Sul;Colisão traseira;2;0;0;0;0;0;0;0;0;0;3;0;0;0;0
13/05/2016;00:14:00;1;Acidente sem Vítima;560,402;BR-040/MG;Norte;Choque em defensa;1;0;0;0;0;0;0;0;0;0;2;0;0;0;0
14/05/2016;08:04:00;81;Acidente com Vítima;0,4;BR-040/GO;Norte;Colisão traseira;1;0;0;1;0;0;0;0;0;0;1;2;0;0;0
14/05/2016;07:05:00;63;Acidente sem Vítima;2,8;BR-040/GO;Norte;Colisão traseira;4;0;0;0;0;0;0;0;0;0;4;0;0;0;0
14/05/2016;19:10:00;267;Acidente com Vítima;8,393;BR-040/GO;Sul;Colisão traseira;2;0;0;0;0;0;0;0;0;0;2;1;0;0;0
14/05/2016;11:31:00;156;Acidente com Vítima;41,5;BR-040/MG;Sul;Abalroamento - Longitudinal;1;0;0;1;0;0;0;0;0;0;1;0;1;0;0
14/05/2016;18:25:00;252;Acidente sem Vítima;81,473;BR-040/MG;Norte;Choque com objeto fixo;1;0;0;0;0;0;0;0;0;0;2;0;0;0;0
14/05/2016;11:18:00;151;Acidente com Vítima;193,05;BR-040/MG;Norte;Capotamento;1;0;0;0;0;0;0;0;0;0;3;2;0;0;0
14/05/2016;06:32:00;52;Acidente com Vítima;481,1;BR-040/MG;Norte;Outros;1;0;0;0;0;0;0;0;0;0;1;0;1;0;0
14/05/2016;14:32:00;193;Acidente sem Vítima;509,1;BR-040/MG;Sul;Abalroamento - Longitudinal;1;0;1;0;0;0;0;0;0;0;2;0;0;0;0
14/05/2016;18:49:00;258;Acidente sem Vítima;512,5;BR-040/MG;Norte;Choque em defensa;1;0;0;0;0;0;0;0;0;0;3;0;0;0;0
14/05/2016;15:01:00;200;Acidente sem Vítima;512,1;BR-040/MG;Norte;Outros;0;0;0;1;0;0;0;0;0;0;1;0;0;0;0
14/05/2016;22:57:00;327;Acidente com Vítima;527,522;BR-040/MG;Norte;Abalroamento - Longitudinal;2;0;0;0;0;0;0;0;0;0;2;0;2;0;0
14/05/2016;11:24:00;154;Acidente sem Vítima;533,65;BR-040/MG;Norte;Colisão traseira;2;0;0;0;0;0;0;0;0;1;4;0;0;0;0
14/05/2016;06:21:00;48;Acidente com Vítima;534,1;BR-040/MG;Norte;Colisão traseira;2;0;0;0;0;0;0;0;0;0;1;1;0;0;0
14/05/2016;05:20:00;45;Acidente sem Vítima;561,09;BR-040/MG;Norte;Choque com objeto fixo;1;0;0;0;0;0;0;0;0;0;1;0;0;0;0
14/05/2016;19:05:00;263;Acidente sem Vítima;567,31;BR-040/MG;Sul;Choque com objeto fixo;1;0;0;0;0;0;0;0;0;0;1;0;0;0;0
14/05/2016;11:56:00;162;Acidente sem Vítima;650,1;BR-040/MG;Sul;Colisão traseira;1;0;1;0;0;0;0;0;0;0;2;0;0;0;0
14/05/2016;17:00:00;231;Acidente sem Vítima;54,1;BR-040/GO;Sul;Outros;0;0;1;0;0;0;0;0;0;0;1;0;0;0;0
14/05/2016;04:10:00;34;Atropelamento com Morte;668,023;BR-040/MG;Norte;Atropelamento - Pedestre atravessando;1;0;0;0;0;0;0;0;0;0;1;0;0;0;1
15/05/2016;18:02:00;171;Acidente sem Vítima;8,2;BR-040/GO;Sul;Choque com objeto fixo;1;0;0;0;0;0;0;0;0;0;1;0;0;0;0
15/05/2016;04:36:00;37;Acidente sem Vítima;19,2;BR-040/GO;Norte;Colisão traseira;2;0;0;0;0;0;0;0;0;0;2;0;0;0;0
15/05/2016;21:19:00;231;Acidente com Vítima;517,098;BR-040/MG;Sul;Colisão traseira;1;0;0;1;0;0;0;0;0;0;2;0;1;1;0