data;horario;n_da_ocorrencia;tipo_de_ocorrencia;km;trecho;sentido;tipo_de_acidente;automovel;bicicleta;caminhao;moto;onibus;outros;tracao_animal;transporte_de_cargas_especiais;trator_maquinas;utilitarios;ilesos;levemente_feridos;moderadamente_feridos;gravemente_feridos;mortos
27/05/2016;07:28:00;68;Acidente com Vítima;516,77;BR-040/MG;Norte;Capotamento;1;0;0;0;0;0;0;0;0;0;2;0;0;0;0
27/05/2016;08:01:00;78;Acidente sem Vítima;517,1;BR-040/MG;Sul;Colisão traseira;2;0;0;0;0;0;0;0;0;0;2;0;0;0;0
27/05/2016;18:21:00;218;Acidente sem Vítima;528,5;BR-040/MG;Sul;Abalroamento - Longitudinal;1;0;0;0;0;1;0;0;0;0;4;0;0;0;0
27/05/2016;19:51:00;250;Acidente sem Vítima;587,03;BR-040/MG;Sul;Outros;2;0;0;0;0;0;0;0;0;0;5;0;0;0;0
27/05/2016;06:23:00;54;Acidente com Vítima;629,15;BR-040/MG;Norte;Atropelamento - Animal;0;0;0;1;0;0;0;0;0;0;0;0;0;1;0
27/05/2016;09:04:00;87;Acidente com Vítima;700,5;BR-040/MG;Norte;Outros;0;0;0;1;0;0;0;0;0;0;0;0;1;0;0
27/05/2016;17:47:00;208;Acidente sem Vítima;1,8;BR-040/DF;Sul;Choque em barreira New Jersey;0;0;0;0;0;1;0;0;0;0;1;0;0;0;0
28/05/2016;07:18:00;30;Acidente com Vítima;40,06;BR-040/MG;Sul;Abalroamento - Transversal;1;0;0;1;0;0;0;0;0;0;1;1;0;0;0
28/05/2016;22:09:00;215;Acidente sem Vítima;23,92;BR-040/GO;Norte;Abalroamento - Transversal;1;0;0;1;0;0;0;0;0;0;3;0;0;0;0
28/05/2016;08:49:00;46;Acidente sem Vítima;509,8;BR-040/MG;Norte;Capotamento;1;0;0;0;0;0;0;0;0;0;1;0;0;0;0
28/05/2016;18:47:00;171;Acidente com Vítima;511,1;BR-040/MG;Norte;Abalroamento - Longitudinal;3;0;0;0;0;0;0;0;0;0;5;2;0;0;0
28/05/2016;11:44:00;79;Acidente sem Vítima;541,7;BR-040/MG;Norte;Abalroamento - Longitudinal;1;0;1;0;0;0;0;0;0;0;2;0;0;0;0
28/05/2016;11:56:00;86;Acidente com Vítima;605,3;BR-040/MG;Norte;Capotamento;1;0;0;0;0;0;0;0;0;0;0;2;0;0;0
28/05/2016;06:22:00;22;Acidente sem Vítima;739,05;BR-040/MG;Sul;Choque com objeto fixo;0;0;0;1;0;0;0;0;0;0;1;0;0;0;0
28/05/2016;06:12:00;21;Acidente sem Vítima;0;Fora_Rota;Sul;Outros;0;0;0;0;0;0;0;0;0;0;0;0;0;0;0
28/05/2016;18:17:00;157;Acidente sem Vítima;2,5;BR-040/DF;Sul;Colisão traseira;2;0;0;0;0;0;0;0;0;0;3;0;0;0;0
29/05/2016;04:11:00;28;Acidente sem Vítima;1,026;BR-040/GO;Norte;Choque com objeto fixo;2;0;0;0;0;0;0;0;0;0;5;0;0;0;0
29/05/2016;15:54:00;192;Acidente sem Vítima;4,8;BR-040/GO;Norte;Colisão traseira;2;0;0;0;0;0;0;0;0;0;2;0;0;0;0
29/05/2016;16:05:00;197;Acidente com Vítima;5,1;BR-040/GO;Norte;Colisão traseira;2;0;0;0;0;0;0;0;0;0;4;2;0;0;0
29/05/2016;06:02:00;34;Acidente sem Vítima;71;BR-040/MG;Norte;Colisão traseira;2;0;0;0;0;0;0;0;0;0;2;0;0;0;0
29/05/2016;14:33:00;164;Acidente sem Vítima;172,001;BR-040/MG;Sul;Colisão traseira;3;0;1;0;0;0;0;0;0;0;4;0;0;0;0
29/05/2016;16:50:00;220;Acidente sem Vítima;457,8;BR-040/MG;Sul;Colisão traseira;2;0;0;0;0;0;0;0;0;0;2;0;0;0;0
29/05/2016;10:05:00;63;Acidente sem Vítima;477,8;BR-040/MG;Norte;Abalroamento - Longitudinal;1;0;1;0;0;0;0;0;0;0;2;0;0;0;0
29/05/2016;16:39:00;215;Acidente sem Vítima;505,2;BR-040/MG;Sul;Colisão traseira;2;0;0;0;0;0;0;0;0;0;4;0;0;0;0
29/05/2016;17:37:00;249;Acidente sem Vítima;506,1;BR-040/MG;Sul;Colisão traseira;2;0;0;0;0;0;0;0;0;0;8;0;0;0;0
29/05/2016;16:05:00;196;Acidente sem Vítima;507,16;BR-040/MG;Sul;Colisão traseira;3;0;0;0;0;0;0;0;0;0;8;0;0;0;0
29/05/2016;19:55:00;320;Acidente com Vítima;509,5;BR-040/MG;Sul;Colisão traseira;5;0;0;0;0;0;0;0;0;0;9;1;0;0;0
29/05/2016;16:23:00;205;Acidente sem Vítima;510,4;BR-040/MG;Sul;Colisão traseira;3;0;0;0;0;0;0;0;0;0;4;0;0;0;0
29/05/2016;18:47:00;282;Acidente sem Vítima;550,9;BR-040/MG;Norte;Colisão traseira;3;0;0;0;0;0;0;0;0;0;4;0;0;0;0
29/05/2016;20:19:00;328;Acidente sem Vítima;557,686;BR-040/MG;Norte;Colisão traseira;4;0;0;0;0;0;0;0;0;0;6;0;0;0;0
29/05/2016;17:27:00;240;Acidente sem Vítima;560,2;BR-040/MG;Norte;Colisão traseira;2;0;0;0;0;0;0;0;0;0;5;0;0;0;0
29/05/2016;12:50:00;127;Acidente sem Vítima;660,17;BR-040/MG;Sul;Choque com objeto fixo;0;0;1;0;0;0;0;0;0;0;23;0;0;0;0
29/05/2016;13:21:00;136;Acidente com Vítima;731,43;BR-040/MG;Sul;Outros;0;0;0;0;0;0;0;1;0;0;0;0;1;0;0
30/05/2016;19:21:00;349;Acidente sem Vítima;24,2;BR-040/GO;Sul;Abalroamento - Transversal;2;0;0;0;0;0;0;0;0;0;5;0;0;0;0
30/05/2016;00:18:00;3;Acidente sem Vítima;215,2;BR-040/MG;Norte;Abalroamento - Longitudinal;2;0;1;0;0;0;0;0;0;0;3;0;0;0;0
30/05/2016;08:37:00;122;Acidente sem Vítima;534;BR-040/MG;Norte;Colisão traseira;1;0;1;0;0;0;0;0;0;0;5;0;0;0;0
30/05/2016;17:59:00;319;Acidente com Vítima;541,5;BR-040/MG;Norte;Abalroamento - Longitudinal;1;0;0;1;0;0;0;0;0;0;3;0;0;0;0
30/05/2016;04:07:00;23;Acidente sem Vítima;95,1;BR-040/GO;Norte;Choque em defensa;0;0;1;0;0;0;0;0;0;0;1;0;0;0;0
30/05/2016;13:15:00;222;Acidente com Vítima;716,1;BR-040/MG;Norte;Outros;2;0;0;0;0;0;0;0;0;0;2;1;0;0;0
30/05/2016;15:04:00;259;Acidente com Vítima;748,903;BR-040/MG;Sul;Capotamento;1;0;0;0;0;0;0;0;0;0;0;1;0;0;0
30/05/2016;06:34:00;41;Acidente com Vítima;1,001;BR-040/DF;Norte;Outros;0;0;0;1;0;0;0;0;0;0;1;0;1;0;0
31/05/2016;06:31:00;39;Acidente com Vítima;2,15;BR-040/GO;Norte;Colisão traseira;2;0;0;0;0;0;0;0;0;0;2;0;0;0;0
31/05/2016;18:18:00;281;Acidente sem Vítima;3,5;BR-040/GO;Sul;Colisão traseira;3;0;0;0;0;0;0;0;0;0;3;0;0;0;0
31/05/2016;19:06:00;290;Acidente com Vítima;3,8;BR-040/GO;Sul;Colisão traseira;5;0;0;0;0;0;0;0;0;0;9;1;0;0;0
31/05/2016;19:14:00;292;Acidente com Vítima;10,85;BR-040/GO;Sul;Abalroamento - Transversal;2;0;0;0;0;0;0;0;0;0;3;1;0;0;0
31/05/2016;01:55:00;18;Acidente com Vítima;439,002;BR-040/MG;Sul;Capotamento;1;0;0;0;0;0;0;0;0;0;0;1;0;0;0
31/05/2016;21:11:00;319;Acidente com Vítima;505,087;BR-040/MG;Norte;Colisão traseira;2;0;0;0;0;0;0;0;0;0;3;0;0;0;0
31/05/2016;20:42:00;313;Acidente sem Vítima;524,3;BR-040/MG;Norte;Outros;0;0;0;1;0;0;0;0;0;0;2;0;0;0;0
31/05/2016;23:21:00;342;Acidente com Vítima;533,8;BR-040/MG;Sul;Colisão traseira;1;0;0;1;0;0;0;0;0;0;1;0;1;0;0
31/05/2016;14:59:00;200;Acidente sem Vítima;543,1;BR-040/MG;Norte;Colisão traseira;0;0;1;0;0;1;0;0;0;0;2;0;0;0;0
31/05/2016;18:05:00;274;Acidente sem Vítima;577,1;BR-040/MG;Norte;Colisão traseira;0;0;1;0;0;0;0;0;0;1;4;0;0;0;0
31/05/2016;09:18:00;119;Acidente sem Vítima;588,5;BR-040/MG;Sul;Queda de Carga;0;0;1;0;0;0;0;0;0;0;1;0;0;0;0
31/05/2016;18:51:00;285;Atropelamento sem Morte;662,3;BR-040/MG;Sul;Atropelamento - Pedestre caminhando;0;0;0;0;0;0;0;0;0;0;0;1;0;0;0
31/05/2016;18:34:00;284;Acidente sem Vítima;708,3;BR-040/MG;Sul;Outros;2;0;0;0;0;0;0;0;0;0;2;0;0;0;0
01/06/2016;19:19:00;258;Acidente sem Vítima;530,001;BR-040/MG;Sul;Abalroamento - Longitudinal;0;0;0;0;1;1;0;0;0;0;4;0;0;0;0
01/06/2016;18:05:00;239;Acidente sem Vítima;539,5;BR-040/MG;Sul;Choque em barreira New Jersey;1;0;0;0;0;1;0;0;0;0;3;0;0;0;0
01/06/2016;17:28:00;229;Acidente com Vítima;1,15;BR-040/GO;Norte;Colisão traseira;1;0;0;1;0;0;0;0;0;0;2;1;0;0;0
01/06/2016;16:16:00;213;Acidente com Vítima;528,9;BR-040/MG;Norte;Capotamento;0;0;1;1;0;0;0;0;0;0;1;0;1;0;0
01/06/2016;14:23:00;188;Acidente sem Vítima;530,1;BR-040/MG;Sul;Colisão traseira;2;0;0;0;0;0;0;0;0;0;2;0;0;0;0
01/06/2016;14:19:00;187;Acidente sem Vítima;748,2;BR-040/MG;Sul;Queda de Carga;1;0;0;0;0;0;0;0;0;0;1;0;0;0;0
01/06/2016;14:05:00;181;Acidente sem Vítima;473,1;BR-040/MG;Norte;Colisão traseira;0;0;2;0;0;0;0;0;0;0;4;0;0;0;0
01/06/2016;13:44:00;178;Acidente sem Vítima;516,1;BR-040/MG;Sul;Capotamento;1;0;0;0;0;0;0;0;0;0;1;0;0;0;0
01/06/2016;13:19:00;172;Acidente com Vítima;533,93;BR-040/MG;Norte;Colisão traseira;0;0;1;1;0;0;0;0;0;0;1;0;1;0;0
01/06/2016;13:04:00;168;Acidente sem Vítima;661;BR-040/MG;Norte;Capotamento;1;0;0;0;0;0;0;0;0;0;1;0;0;0;0
01/06/2016;11:58:00;155;Acidente sem Vítima;44,25;BR-040/MG;Sul;Capotamento;1;0;0;0;0;0;0;0;0;0;1;0;0;0;0
01/06/2016;11:38:00;150;Acidente com Vítima;63,05;BR-040/GO;Sul;Abalroamento - Longitudinal;1;0;2;0;0;0;0;0;0;0;3;0;2;0;0
01/06/2016;11:29:00;145;Acidente sem Vítima;527,594;BR-040/MG;Norte;Colisão traseira;1;0;1;0;0;0;0;0;0;0;2;0;0;0;0
01/06/2016;07:24:00;68;Acidente com Vítima;534,7;BR-040/MG;Norte;Colisão traseira;1;0;0;1;0;0;0;0;0;0;1;1;0;0;0
01/06/2016;06:48:00;39;Acidente com Vítima;528,145;BR-040/MG;Norte;Outros;0;0;0;1;0;0;0;0;0;0;0;1;0;0;0
02/06/2016;22:07:00;346;Acidente com Vítima;3,1;BR-040/GO;Sul;Colisão traseira;1;0;1;0;0;0;0;0;0;0;68;0;2;0;0
02/06/2016;21:59:00;343;Acidente sem Vítima;474,1;BR-040/MG;Norte;Abalroamento - Longitudinal;2;0;0;0;0;0;0;0;0;0;2;0;0;0;0
02/06/2016;19:34:00;311;Acidente sem Vítima;542,2;BR-040/MG;Norte;Colisão traseira;0;0;3;0;0;0;0;0;0;0;3;0;0;0;0
02/06/2016;11:32:00;171;Acidente sem Vítima;464,037;BR-040/MG;Norte;Queda de Carga;1;0;0;0;0;0;0;0;0;0;2;0;0;0;0
02/06/2016;10:34:00;150;Acidente sem Vítima;616,477;BR-040/MG;Sul;Colisão traseira;2;0;0;0;0;0;0;0;0;0;3;0;0;0;0
02/06/2016;10:32:00;148;Acidente sem Vítima;717,54;BR-040/MG;Sul;Capotamento;1;0;0;0;0;0;0;0;0;0;2;0;0;0;0
02/06/2016;09:40:00;128;Acidente com Vítima;758;BR-040/MG;Sul;Outros;0;0;0;0;0;1;0;0;0;0;0;1;0;0;0
02/06/2016;08:51:00;112;Acidente sem Vítima;730;BR-040/MG;Norte;Choque em barreira New Jersey;1;0;0;0;0;0;0;0;0;0;1;0;0;0;0
02/06/2016;08:19:00;98;Acidente sem Vítima;640,551;BR-040/MG;Norte;Colisão frontal;2;0;0;0;0;0;0;0;0;0;3;0;0;0;0
02/06/2016;07:23:00;60;Acidente sem Vítima;717,37;BR-040/MG;Norte;Choque em barreira New Jersey;1;0;0;0;0;0;0;0;0;0;1;0;0;0;0
02/06/2016;06:53:00;40;Acidente sem Vítima;590,975;BR-040/MG;Norte;Choque em defensa;0;0;1;0;0;0;0;0;0;0;6;0;0;0;0
02/06/2016;04:03:00;17;Acidente com Morte;571,25;BR-040/MG;Norte;Capotamento;1;0;0;0;0;0;0;0;0;0;0;0;0;0;1
03/06/2016;23:53:00;434;Acidente sem Vítima;14,3;BR-040/GO;Sul;Choque com objeto fixo;1;0;0;1;0;0;0;0;0;0;2;0;0;0;0
03/06/2016;23:23:00;431;Acidente sem Vítima;706,8;BR-040/MG;Norte;Queda de Carga;1;0;0;0;0;0;0;0;0;0;2;0;0;0;0
03/06/2016;23:15:00;427;Acidente sem Vítima;520,8;BR-040/MG;Norte;Capotamento;1;0;0;0;0;0;0;0;0;0;2;0;0;0;0
03/06/2016;23:13:00;425;Acidente com Vítima;350,2;BR-040/MG;Norte;Capotamento;1;0;0;0;0;0;0;0;0;0;0;0;4;0;0
03/06/2016;23:04:00;423;Acidente sem Vítima;531,95;BR-040/MG;Norte;Choque com objeto fixo;1;0;0;0;0;0;0;0;0;0;1;0;0;0;0
03/06/2016;22:06:00;406;Acidente com Vítima;621,683;BR-040/MG;Norte;Colisão traseira;2;0;0;0;0;0;0;0;0;0;2;1;0;0;0
03/06/2016;20:05:00;369;Atropelamento sem Morte;714,462;BR-040/MG;Sul;Atropelamento - Pedestre atravessando;0;0;0;0;0;0;0;0;0;0;0;1;0;0;0
03/06/2016;20:01:00;367;Acidente sem Vítima;4,6;BR-040/GO;Norte;Colisão traseira;2;0;0;0;0;0;0;0;0;0;2;0;0;0;0
03/06/2016;19:43:00;358;Acidente sem Vítima;3,8;BR-040/GO;Sul;Colisão traseira;6;0;0;0;0;0;0;0;0;0;6;0;0;0;0
03/06/2016;19:15:00;353;Acidente sem Vítima;24,062;BR-040/MG;Norte;Atropelamento - Animal;1;0;0;0;0;0;0;0;0;0;1;0;0;0;0
03/06/2016;19:06:00;348;Atropelamento sem Morte;3,596;BR-040/GO;Norte;Atropelamento - Pedestre atravessando;1;0;0;0;0;0;0;0;0;0;1;0;0;1;0
03/06/2016;19:02:00;345;Acidente sem Vítima;714,05;BR-040/MG;Sul;Abalroamento - Transversal;2;0;0;0;0;0;0;0;0;0;2;0;0;0;0
03/06/2016;18:29:00;328;Acidente sem Vítima;3,03;BR-040/GO;Sul;Abalroamento - Longitudinal;2;0;0;1;0;0;0;0;0;0;4;0;0;0;0
03/06/2016;18:17:00;324;Acidente sem Vítima;615,5;BR-040/MG;Sul;Colisão traseira;2;0;0;0;0;0;0;0;0;0;5;0;0;0;0
03/06/2016;17:00:00;299;Atropelamento sem Morte;525;BR-040/MG;Sul;Atropelamento - Pedestre caminhando;1;0;0;0;0;0;0;0;0;0;4;0;1;0;0
03/06/2016;16:26:00;280;Acidente sem Vítima;649;BR-040/MG;Sul;Colisão traseira;1;0;0;1;0;0;0;0;0;0;2;0;0;0;0
03/06/2016;15:45:00;263;Acidente com Vítima;705,5;BR-040/MG;Sul;Abalroamento - Longitudinal;2;0;0;0;0;0;0;0;0;0;1;1;0;0;0
03/06/2016;13:03:00;215;Acidente com Vítima;716,896;BR-040/MG;Sul;Choque em barreira New Jersey;1;0;0;0;0;0;0;0;0;0;0;1;0;0;0
03/06/2016;12:24:00;207;Acidente com Vítima;469,7;BR-040/MG;Norte;Queda de Carga;1;0;0;0;0;0;0;0;0;0;0;1;0;0;0
03/06/2016;11:53:00;198;Acidente sem Vítima;546,837;BR-040/MG;Norte;Choque com objeto fixo;1;0;0;0;0;0;0;0;0;0;1;0;0;0;0
03/06/2016;11:16:00;182;Acidente sem Vítima;459,1;BR-040/MG;Sul;Choque com objeto fixo;0;0;1;0;0;0;0;0;0;0;2;0;0;0;0
03/06/2016;10:03:00;143;Acidente sem Vítima;635,019;BR-040/MG;Sul;Choque em defensa;1;0;0;0;0;0;0;0;0;0;2;0;0;0;0
03/06/2016;09:31:00;128;Acidente com Vítima;529,104;BR-040/MG;Sul;Outros;0;0;0;1;0;0;0;0;0;0;0;1;0;0;0
03/06/2016;07:19:00;62;Acidente sem Vítima;527;BR-040/MG;Sul;Outros;0;0;0;1;0;0;0;0;0;0;1;0;0;0;0
03/06/2016;06:29:00;42;Acidente com Vítima;519,109;BR-040/MG;Sul;Colisão traseira;2;0;0;0;0;1;0;0;0;0;3;2;0;0;0
03/06/2016;05:41:00;32;Acidente com Vítima;6,436;BR-040/DF;Norte;Abalroamento - Transversal;1;0;0;1;0;0;0;0;0;0;1;0;1;0;0
03/06/2016;05:30:00;27;Acidente sem Vítima;527;BR-040/MG;Sul;Colisão traseira;2;0;0;0;0;0;0;0;0;0;2;0;0;0;0
03/06/2016;04:14:00;14;Acidente sem Vítima;591,7;BR-040/MG;Norte;Choque em defensa;2;0;0;0;0;0;0;0;0;0;2;0;0;0;0
04/06/2016;22:44:00;266;Acidente com Vítima;4,5;BR-040/GO;Norte;Colisão traseira;1;0;0;1;0;0;0;0;0;0;2;0;1;0;0
04/06/2016;21:41:00;261;Acidente com Vítima;36,25;BR-040/GO;Sul;Colisão frontal;2;0;0;0;0;0;0;0;0;0;2;0;1;0;0
04/06/2016;19:45:00;244;Atropelamento sem Morte;607,1;BR-040/MG;Sul;Atropelamento - Pedestre atravessando;1;0;0;0;0;0;0;0;0;0;1;0;1;0;0
04/06/2016;18:56:00;235;Acidente com Vítima;700,2;BR-040/MG;Norte;Colisão traseira;3;0;0;0;0;0;0;0;0;0;4;1;0;0;0
04/06/2016;17:56:00;217;Atropelamento sem Morte;699,2;BR-040/MG;Norte;Atropelamento - Pedestre atravessando;1;0;0;0;0;0;0;0;0;0;1;0;1;0;0
04/06/2016;16:47:00;204;Acidente com Morte;604,308;BR-040/MG;Norte;Colisão frontal;1;0;1;0;0;0;0;0;0;0;17;0;1;0;3
04/06/2016;16:29:00;200;Atropelamento sem Morte;25,1;BR-040/GO;Sul;Atropelamento - Ciclista;0;0;0;1;0;0;0;0;0;0;1;0;1;0;0
04/06/2016;16:11:00;194;Acidente sem Vítima;361,15;BR-040/MG;Norte;Capotamento;1;0;0;0;0;0;0;0;0;0;1;0;0;0;0
04/06/2016;12:47:00;141;Acidente sem Vítima;1,1;BR-040/DF;Norte;Colisão traseira;2;0;0;0;0;0;0;0;0;0;2;0;0;0;0
04/06/2016;09:49:00;104;Acidente sem Vítima;542,8;BR-040/MG;Sul;Abalroamento - Longitudinal;2;0;0;0;0;0;0;0;0;0;5;0;0;0;0
04/06/2016;08:55:00;88;Acidente com Vítima;762,891;BR-040/MG;Sul;Choque com objeto fixo;1;0;0;0;0;0;0;0;0;0;1;1;0;0;0
04/06/2016;05:21:00;46;Acidente com Vítima;562,05;BR-040/MG;Sul;Capotamento;1;0;0;0;0;0;0;0;0;0;0;1;0;0;0
05/06/2016;22:08:00;248;Acidente com Vítima;584,95;BR-040/MG;Sul;Colisão traseira;2;0;0;0;0;0;0;0;0;0;1;3;0;0;0
05/06/2016;21:08:00;233;Acidente sem Vítima;113,7;BR-040/MG;Sul;Choque com objeto fixo;2;0;0;0;0;0;0;0;0;0;5;0;0;0;0
05/06/2016;19:29:00;211;Acidente com Vítima;5,5;BR-040/GO;Norte;Outros;1;0;0;1;0;0;0;0;0;0;1;0;1;0;0
05/06/2016;19:23:00;210;Acidente sem Vítima;1,9;BR-040/GO;Sul;Abalroamento - Longitudinal;2;0;0;0;0;0;0;0;0;0;3;0;0;0;0
05/06/2016;16:39:00;175;Acidente sem Vítima;5,1;BR-040/GO;Norte;Colisão traseira;2;0;0;1;0;0;0;0;0;0;3;0;0;0;0
05/06/2016;14:04:00;143;Acidente com Morte;268,47;BR-040/MG;Norte;Colisão frontal;0;0;2;0;0;0;0;0;0;0;0;0;1;0;1
05/06/2016;12:54:00;126;Acidente sem Vítima;0,95;BR-040/GO;Norte;Outros;0;0;0;1;0;0;0;0;0;0;1;0;0;0;0
05/06/2016;08:07:00;68;Acidente sem Vítima;7,85;BR-040/GO;Sul;Choque com objeto fixo;2;0;0;0;0;0;0;0;0;0;2;0;0;0;0
05/06/2016;06:59:00;45;Acidente com Vítima;6,1;BR-040/GO;Sul;Abalroamento - Longitudinal;0;0;0;1;0;0;0;0;0;1;1;1;0;0;0
05/06/2016;05:51:00;36;Acidente sem Vítima;0,2;BR-040/DF;Norte;Choque com objeto fixo;1;0;0;0;0;0;0;0;0;0;1;0;0;0;0
05/06/2016;05:37:00;33;Acidente sem Vítima;3,5;BR-040/DF;Sul;Capotamento;1;0;0;0;0;0;0;0;0;0;1;0;0;0;0
05/06/2016;04:58:00;30;Acidente com Vítima;329,5;BR-040/MG;Norte;Colisão frontal;2;0;0;0;0;0;0;0;0;0;4;2;0;0;0
05/06/2016;03:49:00;23;Acidente sem Vítima;514,714;BR-040/MG;Norte;Capotamento;1;0;0;0;0;0;0;0;0;0;1;0;0;0;0
05/06/2016;02:47:00;20;Acidente sem Vítima;629,5;BR-040/MG;Norte;Choque em defensa;1;0;0;0;0;0;0;0;0;0;2;0;0;0;0
06/06/2016;22:53:00;360;Acidente sem Vítima;617;BR-040/MG;Norte;Abalroamento - Transversal;1;0;0;0;0;0;0;0;0;1;12;0;0;0;0
06/06/2016;19:38:00;306;Acidente com Vítima;9,726;BR-040/GO;Norte;Colisão traseira;2;0;0;0;0;0;0;0;0;0;3;0;0;0;0
06/06/2016;18:30:00;288;Acidente com Vítima;648,8;BR-040/MG;Norte;Abalroamento - Longitudinal;1;0;0;1;0;0;0;0;0;0;1;0;1;0;0
06/06/2016;18:16:00;281;Acidente com Vítima;61,062;BR-040/MG;Norte;Abalroamento - Longitudinal;1;0;1;0;0;0;0;0;0;0;2;2;0;0;0
06/06/2016;16:08:00;248;Acidente sem Vítima;520,5;BR-040/MG;Sul;Colisão traseira;2;0;0;0;0;0;0;0;0;0;4;0;0;0;0
06/06/2016;15:24:00;234;Acidente com Vítima;520,1;BR-040/MG;Sul;Abalroamento - Longitudinal;1;0;0;1;0;0;0;0;0;0;1;0;1;1;0
06/06/2016;12:40:00;191;Acidente com Vítima;21,3;BR-040/GO;Norte;Abalroamento - Longitudinal;1;0;0;1;0;0;0;0;0;0;1;0;0;1;0
06/06/2016;11:48:00;180;Acidente sem Vítima;14,9;BR-040/GO;Sul;Colisão traseira;1;0;0;1;0;0;0;0;0;0;2;0;0;0;0
06/06/2016;10:42:00;156;Acidente sem Vítima;532,1;BR-040/MG;Sul;Colisão traseira;3;0;0;0;0;0;0;0;0;0;6;0;0;0;0
06/06/2016;10:40:00;153;Acidente sem Vítima;541,5;BR-040/MG;Sul;Colisão traseira;2;0;0;0;0;0;0;0;0;0;3;0;0;0;0
06/06/2016;07:32:00;61;Atropelamento sem Morte;1,224;BR-040/GO;Norte;Atropelamento - Pedestre atravessando;0;0;0;1;0;0;0;0;0;0;0;1;0;0;0
06/06/2016;07:15:00;52;Acidente com Vítima;513,5;BR-040/MG;Sul;Outros;0;0;0;1;0;0;0;0;0;0;0;1;0;0;0
06/06/2016;06:57:00;41;Acidente sem Vítima;0;BR-040/GO;Norte;Choque com objeto fixo;1;0;0;0;0;0;0;0;0;0;1;0;0;0;0
06/06/2016;05:54:00;25;Acidente com Vítima;513,5;BR-040/MG;Sul;Colisão traseira;3;0;0;0;0;0;0;0;0;0;3;1;0;0;0
06/06/2016;05:13:00;20;Acidente com Vítima;541,82;BR-040/MG;Sul;Outros;0;0;0;1;0;0;0;0;0;0;0;1;0;0;0
06/06/2016;00:39:00;4;Acidente com Vítima;674,5;BR-040/MG;Sul;Queda de Carga;0;0;0;0;1;0;0;0;0;0;37;3;1;0;0
06/06/2016;00:16:00;1;Acidente sem Vítima;181,4;BR-040/MG;Norte;Abalroamento - Longitudinal;2;0;0;0;0;0;0;0;0;0;3;0;0;0;0
07/06/2016;23:52:00;418;Acidente com Vítima;248,5;BR-040/MG;Norte;Outros;0;0;0;1;0;0;0;0;0;0;0;1;0;0;0
07/06/2016;23:15:00;409;Acidente com Vítima;524,108;BR-040/MG;Norte;Capotamento;2;0;0;0;0;0;0;0;0;0;2;0;1;0;0
07/06/2016;19:17:00;345;Atropelamento com Morte;756,5;BR-040/MG;Norte;Atropelamento - Pedestre caminhando;1;0;0;0;0;0;0;0;0;0;3;0;0;0;1
07/06/2016;18:47:00;339;Acidente sem Vítima;584,25;BR-040/MG;Sul;Abalroamento - Longitudinal;0;0;2;0;0;0;0;0;0;0;2;0;0;0;0
07/06/2016;18:25:00;326;Acidente sem Vítima;1,1;BR-040/DF;Sul;Abalroamento - Longitudinal;1;0;0;1;0;0;0;0;0;0;2;0;0;0;0
07/06/2016;18:16:00;322;Acidente sem Vítima;606,4;BR-040/MG;Norte;Abalroamento - Longitudinal;1;0;2;0;0;0;0;0;0;0;4;0;0;0;0
07/06/2016;18:00:00;315;Acidente sem Vítima;561,714;BR-040/MG;Norte;Choque com objeto fixo;1;0;0;0;0;0;0;0;0;0;1;0;0;0;0
07/06/2016;18:00:00;316;Acidente sem Vítima;574,4;BR-040/MG;Norte;Colisão traseira;1;0;1;0;0;0;0;0;0;0;2;0;0;0;0
07/06/2016;17:29:00;303;Atropelamento sem Morte;531;BR-040/MG;Sul;Atropelamento - Pedestre atravessando;0;0;0;1;0;0;0;0;0;0;1;0;1;0;0
07/06/2016;16:05:00;271;Acidente com Vítima;531,62;BR-040/MG;Norte;Outros;1;0;0;1;0;0;0;0;0;0;1;1;0;0;0
07/06/2016;11:52:00;198;Acidente sem Vítima;522,8;BR-040/MG;Norte;Capotamento;2;0;0;0;0;0;0;0;0;0;2;0;0;0;0
07/06/2016;10:40:00;174;Acidente com Vítima;517,5;BR-040/MG;Norte;Colisão traseira;2;0;0;0;0;0;0;0;0;0;2;1;0;0;0
07/06/2016;10:34:00;173;Acidente sem Vítima;741,129;BR-040/MG;Norte;Capotamento;1;0;0;0;0;0;0;0;0;0;1;0;0;0;0
07/06/2016;09:40:00;152;Acidente com Vítima;127,85;BR-040/GO;Sul;Atropelamento - Animal;1;0;0;0;0;0;0;0;0;0;0;2;1;0;0
07/06/2016;09:14:00;131;Acidente com Vítima;5;BR-040/DF;Sul;Outros;0;0;0;1;0;0;0;0;0;0;1;1;0;0;0
07/06/2016;08:26:00;107;Acidente sem Vítima;536,1;BR-040/MG;Norte;Colisão traseira;1;0;1;0;0;0;0;0;0;0;2;0;0;0;0
07/06/2016;04:34:00;28;Acidente com Vítima;113,036;BR-040/GO;Norte;Capotamento;1;0;0;0;0;0;0;0;0;0;0;0;1;0;0
07/06/2016;00:44:00;6;Acidente com Vítima;428,7;BR-040/MG;Norte;Choque com objeto fixo;1;0;0;0;0;0;0;0;0;0;0;1;0;0;0