data;horario;n_da_ocorrencia;tipo_de_ocorrencia;km;trecho;sentido;tipo_de_acidente;automovel;bicicleta;caminhao;moto;onibus;outros;tracao_animal;transporte_de_cargas_especiais;trator_maquinas;utilitarios;ilesos;levemente_feridos;moderadamente_feridos;gravemente_feridos;mortos
08/06/2016;23:43:00;329;Acidente sem Vítima;692,1;BR-040/MG;Norte;Atropelamento - Animal;1;0;0;0;0;0;0;0;0;0;2;0;0;0;0
08/06/2016;22:57:00;323;Acidente sem Vítima;605,929;BR-040/MG;Norte;Choque em defensa;1;0;0;0;0;0;0;0;0;0;1;0;0;0;0
08/06/2016;18:42:00;278;Acidente com Vítima;5,2;BR-040/GO;Norte;Colisão traseira;1;0;0;1;0;0;0;0;0;0;1;0;1;0;0
08/06/2016;16:29:00;241;Acidente sem Vítima;474,1;BR-040/MG;Norte;Abalroamento - Longitudinal;1;0;1;0;0;0;0;0;0;0;2;0;0;0;0
08/06/2016;11:12:00;156;Acidente sem Vítima;5,4;BR-040/GO;Sul;Colisão traseira;1;0;0;1;0;0;0;0;0;0;2;0;0;0;0
08/06/2016;07:13:00;49;Acidente com Vítima;517,1;BR-040/MG;Sul;Abalroamento - Longitudinal;1;0;0;1;0;0;0;0;0;0;1;1;0;0;0
08/06/2016;06:05:00;28;Acidente sem Vítima;568,1;BR-040/MG;Sul;Outros;0;0;1;1;0;0;0;0;0;0;2;0;0;0;0
08/06/2016;06:01:00;27;Acidente com Morte;500,95;BR-040/MG;Sul;Colisão traseira;1;0;1;0;0;0;0;0;0;0;1;0;0;0;2
09/06/2016;20:53:00;266;Acidente sem Vítima;618,565;BR-040/MG;Norte;Capotamento;1;0;0;0;0;0;0;0;0;0;5;0;0;0;0
09/06/2016;18:30:00;227;Acidente com Vítima;509,3;BR-040/MG;Sul;Outros;0;0;0;1;0;0;0;0;0;0;0;1;1;0;0
09/06/2016;12:32:00;154;Acidente sem Vítima;510,1;BR-040/MG;Norte;Capotamento;1;0;0;0;0;0;0;0;0;0;1;0;0;0;0
09/06/2016;10:54:00;139;Acidente sem Vítima;524,85;BR-040/MG;Norte;Colisão traseira;2;0;0;0;0;0;0;0;0;0;2;0;0;0;0
09/06/2016;09:45:00;120;Acidente sem Vítima;532,3;BR-040/MG;Sul;Colisão traseira;2;0;0;0;0;0;0;0;0;0;2;0;0;0;0
09/06/2016;08:18:00;93;Acidente sem Vítima;700,97;BR-040/MG;Norte;Colisão traseira;0;0;2;0;0;0;0;0;0;0;2;0;0;0;0
09/06/2016;08:12:00;86;Acidente com Vítima;15,445;BR-040/GO;Norte;Abalroamento - Longitudinal;1;0;0;1;0;0;0;0;0;0;1;0;1;0;0
09/06/2016;08:03:00;78;Acidente sem Vítima;2,3;BR-040/GO;Norte;Colisão traseira;1;0;0;1;0;0;0;0;0;0;2;0;0;0;0
09/06/2016;06:01:00;21;Atropelamento sem Morte;535,1;BR-040/MG;Sul;Atropelamento - Pedestre caminhando;1;0;0;0;0;0;0;0;0;0;1;0;1;0;0
09/06/2016;02:34:00;13;Acidente com Vítima;585,144;BR-040/MG;Sul;Colisão traseira;0;0;3;0;0;0;0;0;0;0;2;1;0;1;0
10/06/2016;23:44:00;405;Acidente com Vítima;11,1;BR-040/GO;Sul;Colisão traseira;2;0;0;0;0;0;0;0;0;0;2;1;0;0;0
10/06/2016;21:41:00;380;Acidente sem Vítima;105,3;BR-040/MG;Sul;Atropelamento - Animal;1;0;0;0;0;0;0;0;0;0;3;0;0;0;0
10/06/2016;21:27:00;377;Acidente sem Vítima;4,01;BR-040/GO;Sul;Abalroamento - Longitudinal;2;0;0;0;0;0;0;0;0;0;2;0;0;0;0
10/06/2016;20:51:00;365;Acidente com Vítima;24,03;BR-040/GO;Sul;Abalroamento - Longitudinal;1;0;0;1;0;0;0;0;0;0;1;1;0;0;0
10/06/2016;20:28:00;352;Acidente com Vítima;10,13;BR-040/GO;Sul;Colisão traseira;0;0;0;1;1;0;0;0;0;0;1;0;1;0;0
10/06/2016;19:42:00;332;Acidente sem Vítima;642,85;BR-040/MG;Norte;Colisão traseira;0;0;2;0;0;0;0;0;0;0;2;0;0;0;0
10/06/2016;18:54:00;315;Acidente com Vítima;22,01;BR-040/GO;Sul;Colisão traseira;1;0;0;1;0;0;0;0;0;0;1;1;0;0;0
10/06/2016;18:43:00;306;Acidente sem Vítima;4,2;BR-040/DF;Norte;Colisão traseira;1;0;0;0;1;0;0;0;0;0;11;0;0;0;0
10/06/2016;18:15:00;298;Acidente sem Vítima;591,226;BR-040/MG;Sul;Outros;0;0;0;1;0;0;0;0;0;0;1;0;0;0;0
10/06/2016;18:08:00;291;Acidente sem Vítima;0,3;BR-040/DF;Sul;Abalroamento - Longitudinal;1;0;1;0;0;0;0;0;0;0;4;0;0;0;0
10/06/2016;17:15:00;271;Acidente com Vítima;41,5;BR-040/MG;Sul;Abalroamento - Transversal;1;0;0;1;0;0;0;0;0;0;1;0;1;0;0
10/06/2016;16:27:00;257;Acidente sem Vítima;17;BR-040/MG;Sul;Abalroamento - Longitudinal;2;0;0;0;0;0;0;0;0;0;5;0;0;0;0
10/06/2016;15:38:00;235;Acidente com Vítima;12,4;BR-040/GO;Norte;Outros;0;0;0;1;0;0;0;0;0;0;0;1;0;0;0
10/06/2016;12:00:00;160;Acidente sem Vítima;557;BR-040/MG;Sul;Capotamento;0;0;0;1;0;0;0;0;0;0;1;0;0;0;0
10/06/2016;11:36:00;152;Acidente sem Vítima;4,5;BR-040/GO;Sul;Abalroamento - Transversal;1;0;0;0;1;0;0;0;0;0;2;0;0;0;0
10/06/2016;10:41:00;133;Acidente com Vítima;638,1;BR-040/MG;Norte;Colisão traseira;2;0;0;0;0;0;0;0;0;0;4;0;0;0;0
10/06/2016;08:28:00;89;Acidente com Vítima;528,5;BR-040/MG;Norte;Capotamento;1;0;1;0;0;0;0;0;0;0;1;1;0;0;0
10/06/2016;08:05:00;78;Acidente sem Vítima;726,941;BR-040/MG;Norte;Choque em defensa;1;0;0;0;0;0;0;0;0;0;1;0;0;0;0
10/06/2016;07:24:00;49;Acidente com Vítima;718,602;BR-040/MG;Sul;Colisão traseira;1;0;1;0;0;0;0;0;0;0;2;0;1;0;0
10/06/2016;00:40:00;2;Acidente sem Vítima;126,7;BR-040/MG;Sul;Colisão traseira;0;0;1;0;0;0;0;0;0;1;3;0;0;0;0
11/06/2016;23:12:00;331;Atropelamento com Morte;520,3;BR-040/MG;Norte;Atropelamento - Pedestre atravessando;1;0;0;0;0;0;0;0;0;0;2;0;0;0;1
11/06/2016;21:53:00;316;Acidente sem Vítima;5,5;BR-040/DF;Norte;Colisão traseira;2;0;0;0;0;0;0;0;0;0;2;0;0;0;0
11/06/2016;19:18:00;268;Acidente sem Vítima;55,5;BR-040/GO;Norte;Colisão traseira;1;0;1;0;0;0;0;0;0;0;2;0;0;0;0
11/06/2016;18:36:00;251;Acidente com Vítima;107,1;BR-040/MG;Sul;Capotamento;1;0;0;0;0;0;0;0;0;0;1;2;0;0;0
11/06/2016;18:05:00;241;Acidente sem Vítima;770,59;BR-040/MG;Sul;Abalroamento - Longitudinal;2;0;0;0;0;0;0;0;0;0;4;0;0;0;0
11/06/2016;17:43:00;237;Acidente sem Vítima;533,004;BR-040/MG;Norte;Colisão traseira;2;0;0;0;0;0;0;0;0;0;3;0;0;0;0
11/06/2016;17:21:00;231;Acidente com Vítima;551,461;BR-040/MG;Norte;Colisão frontal;2;0;0;0;0;0;0;0;0;0;3;0;1;1;0
11/06/2016;16:44:00;221;Acidente com Vítima;51,328;BR-040/MG;Sul;Colisão traseira;2;0;0;0;0;0;0;0;0;0;2;2;1;0;0
11/06/2016;14:24:00;179;Acidente sem Vítima;604,1;BR-040/MG;Sul;Choque em barreira New Jersey;1;0;0;0;0;0;0;0;0;0;1;0;0;0;0
11/06/2016;13:40:00;167;Acidente com Morte;8,3;BR-040/GO;Sul;Choque com objeto fixo;1;0;0;0;0;0;0;0;0;0;0;0;0;0;1
11/06/2016;11:31:00;141;Acidente sem Vítima;1,5;BR-040/GO;Sul;Colisão traseira;4;0;0;0;0;0;0;0;0;0;4;0;0;0;0
11/06/2016;10:56:00;134;Acidente sem Vítima;507;BR-040/MG;Norte;Choque com objeto fixo;0;0;0;1;0;0;0;0;0;0;2;0;0;0;0
11/06/2016;10:05:00;121;Acidente com Vítima;584,949;BR-040/MG;Norte;Colisão traseira;2;0;0;0;0;0;0;0;0;0;3;1;0;0;0
11/06/2016;08:37:00;98;Acidente sem Vítima;530,724;BR-040/MG;Sul;Abalroamento - Longitudinal;1;0;0;1;0;0;0;0;0;0;2;0;0;0;0
11/06/2016;07:01:00;69;Acidente com Vítima;538,141;BR-040/MG;Sul;Choque com objeto fixo;1;0;0;0;0;0;0;0;0;0;1;1;0;0;0
11/06/2016;05:53:00;60;Acidente sem Vítima;533,153;BR-040/MG;Sul;Choque com objeto fixo;1;0;0;0;0;0;0;0;0;0;1;0;0;0;0
11/06/2016;01:20:00;16;Acidente sem Vítima;435,634;BR-040/MG;Sul;Colisão traseira;1;0;1;0;0;0;0;0;0;0;2;0;0;0;0
12/06/2016;22:28:00;279;Acidente com Vítima;1,2;BR-040/GO;Sul;Choque com objeto fixo;1;0;0;0;0;0;0;0;0;0;0;0;1;0;0
12/06/2016;22:14:00;276;Acidente com Vítima;632,4;BR-040/MG;Norte;Abalroamento - Transversal;1;0;0;1;0;0;0;0;0;0;1;0;0;0;0
12/06/2016;21:52:00;272;Acidente sem Vítima;566,5;BR-040/MG;Sul;Choque com objeto fixo;1;0;0;0;0;0;0;0;0;0;2;0;0;0;0
12/06/2016;21:41:00;268;Atropelamento sem Morte;693,015;BR-040/MG;Sul;Atropelamento - Pedestre atravessando;1;0;0;0;0;0;0;0;0;0;1;0;1;1;0
12/06/2016;19:58:00;243;Acidente sem Vítima;13,4;BR-040/MG;Norte;Atropelamento - Animal;1;0;0;0;0;0;0;0;0;0;5;0;0;0;0
12/06/2016;19:34:00;231;Acidente sem Vítima;6,1;BR-040/GO;Norte;Colisão traseira;2;0;0;0;0;0;0;0;0;0;3;0;0;0;0
12/06/2016;19:32:00;230;Acidente com Vítima;6,7;BR-040/DF;Sul;Colisão traseira;1;0;0;1;0;0;0;0;0;0;3;1;0;0;0
12/06/2016;19:30:00;229;Acidente com Vítima;517,7;BR-040/MG;Sul;Colisão traseira;3;0;0;0;0;0;0;0;0;0;8;3;0;0;0
12/06/2016;18:42:00;213;Acidente sem Vítima;339,1;BR-040/MG;Sul;Capotamento;1;0;0;0;0;0;0;0;0;0;4;0;0;0;0
12/06/2016;18:26:00;206;Atropelamento com Morte;102,4;BR-040/GO;Sul;Atropelamento - Pedestre caminhando;1;0;0;0;0;1;0;0;0;0;1;3;0;0;1
12/06/2016;17:49:00;186;Acidente sem Vítima;521,01;BR-040/MG;Norte;Colisão traseira;2;0;0;0;0;0;0;0;0;0;4;0;0;0;0
12/06/2016;17:44:00;184;Acidente sem Vítima;521,85;BR-040/MG;Sul;Colisão traseira;3;0;0;1;0;0;0;0;0;0;8;0;0;0;0
12/06/2016;17:41:00;183;Acidente sem Vítima;447,2;BR-040/MG;Norte;Atropelamento - Animal;1;0;0;0;0;0;0;0;0;0;1;0;0;0;0
12/06/2016;17:09:00;169;Acidente sem Vítima;522,15;BR-040/MG;Sul;Colisão traseira;3;0;0;0;0;0;0;0;0;0;8;0;0;0;0
12/06/2016;17:04:00;167;Acidente sem Vítima;522,6;BR-040/MG;Sul;Colisão traseira;2;0;0;1;0;0;0;0;0;0;8;0;0;0;0
12/06/2016;16:48:00;164;Acidente sem Vítima;726,8;BR-040/MG;Sul;Choque em barreira New Jersey;1;0;0;0;0;0;0;0;0;0;1;0;0;0;0
12/06/2016;16:36:00;163;Atropelamento sem Morte;1,001;BR-040/GO;Norte;Atropelamento - Ciclista;1;1;0;0;0;0;0;0;0;0;1;1;0;0;0
12/06/2016;15:47:00;147;Acidente com Vítima;0;Fora_Rota;Norte;Capotamento;0;0;0;0;0;0;0;0;0;0;0;1;0;0;0
12/06/2016;15:18:00;139;Acidente sem Vítima;6,9;BR-040/GO;Norte;Outros;0;0;0;1;0;0;0;0;0;0;2;0;0;0;0
12/06/2016;14:19:00;122;Acidente com Vítima;522,23;BR-040/MG;Norte;Colisão traseira;2;0;0;0;0;0;0;0;0;0;1;0;1;0;0
12/06/2016;11:39:00;96;Acidente sem Vítima;618,54;BR-040/MG;Norte;Outros;0;0;0;1;0;0;0;0;0;0;1;0;0;0;0
12/06/2016;11:26:00;94;Acidente com Vítima;530,15;BR-040/MG;Sul;Outros;0;0;0;1;0;0;0;0;0;0;0;0;1;0;0
12/06/2016;11:06:00;88;Acidente com Vítima;552,15;BR-040/MG;Sul;Colisão traseira;1;0;0;1;0;0;0;0;0;0;1;1;0;0;0
12/06/2016;10:10:00;77;Acidente sem Vítima;714,2;BR-040/MG;Sul;Colisão traseira;0;0;1;1;0;0;0;0;0;0;2;0;0;0;0
12/06/2016;06:45:00;40;Acidente sem Vítima;525,5;BR-040/MG;Norte;Capotamento;0;0;0;1;0;0;0;0;0;0;1;0;0;0;0
12/06/2016;06:15:00;36;Acidente sem Vítima;762,1;BR-040/MG;Sul;Choque com objeto fixo;1;0;0;0;0;0;0;0;0;0;1;0;0;0;0
12/06/2016;05:19:00;30;Acidente sem Vítima;224,4;BR-040/MG;Sul;Capotamento;1;0;0;0;0;0;0;0;0;0;1;0;0;0;0
12/06/2016;04:24:00;28;Acidente sem Vítima;9,8;BR-040/GO;Sul;Colisão traseira;2;0;0;0;0;0;0;0;0;0;4;0;0;0;0
12/06/2016;01:34:00;15;Acidente sem Vítima;5,9;BR-040/GO;Norte;Choque em defensa;1;0;0;0;0;0;0;0;0;0;1;0;0;0;0
13/06/2016;21:18:00;295;Atropelamento sem Morte;506,6;BR-040/MG;Norte;Atropelamento - Ciclista;0;0;0;1;0;0;0;0;0;0;1;2;1;0;0
13/06/2016;19:05:00;236;Acidente sem Vítima;508,1;BR-040/MG;Norte;Abalroamento - Longitudinal;1;0;1;0;0;0;0;0;0;0;2;0;0;0;0
13/06/2016;16:37:00;190;Acidente sem Vítima;552,455;BR-040/MG;Norte;Colisão traseira;2;0;0;0;0;0;0;0;0;0;2;0;0;0;0
13/06/2016;16:34:00;188;Acidente sem Vítima;526,15;BR-040/MG;Sul;Choque com objeto fixo;0;0;1;0;0;0;0;0;0;0;1;0;0;0;0
13/06/2016;15:32:00;173;Acidente sem Vítima;5,4;BR-040/DF;Norte;Colisão traseira;2;0;0;0;1;0;0;0;0;0;3;0;0;0;0
13/06/2016;14:08:00;153;Acidente sem Vítima;546,3;BR-040/MG;Sul;Outros;0;0;0;1;0;0;0;0;0;0;1;0;0;0;0
13/06/2016;12:40:00;134;Acidente sem Vítima;544,15;BR-040/MG;Sul;Colisão frontal;2;0;0;0;0;0;0;0;0;0;2;0;0;0;0
13/06/2016;12:11:00;128;Acidente sem Vítima;21,3;BR-040/GO;Norte;Abalroamento - Longitudinal;1;0;0;1;0;0;0;0;0;0;2;0;0;0;0
13/06/2016;10:13:00;103;Acidente com Vítima;718,1;BR-040/MG;Norte;Capotamento;1;0;0;0;0;0;0;0;0;0;0;2;0;0;0
13/06/2016;10:09:00;101;Acidente sem Vítima;549,35;BR-040/MG;Norte;Colisão traseira;2;0;0;0;0;0;0;0;0;0;2;0;0;0;0
13/06/2016;09:48:00;97;Acidente com Vítima;543,45;BR-040/MG;Norte;Colisão traseira;2;0;0;0;0;0;0;0;0;0;0;2;0;0;0
13/06/2016;07:03:00;38;Acidente com Vítima;143,8;BR-040/MG;Norte;Abalroamento - Longitudinal;0;0;0;2;0;0;0;0;0;0;1;1;0;0;0
14/06/2016;18:01:00;279;Acidente com Vítima;421,6;BR-040/MG;Norte;Colisão frontal;2;0;0;0;0;0;0;0;0;0;2;1;3;0;0
14/06/2016;17:28:00;268;Acidente sem Vítima;595,01;BR-040/MG;Sul;Abalroamento - Longitudinal;2;0;0;0;0;0;0;0;0;0;2;0;0;0;0
14/06/2016;13:05:00;185;Acidente sem Vítima;566,735;BR-040/MG;Norte;Capotamento;1;0;0;0;0;0;0;0;0;0;1;0;0;0;0
14/06/2016;12:41:00;181;Acidente sem Vítima;362,8;BR-040/MG;Norte;Choque com objeto fixo;1;0;0;0;0;0;0;0;0;0;1;0;0;0;0
14/06/2016;07:54:00;69;Acidente sem Vítima;633,409;BR-040/MG;Norte;Atropelamento - Animal;1;0;0;0;0;0;0;0;0;0;1;0;0;0;0
14/06/2016;07:52:00;66;Acidente sem Vítima;531,047;BR-040/MG;Sul;Colisão traseira;0;0;1;1;0;0;0;0;0;0;3;0;0;0;0
14/06/2016;05:12:00;21;Acidente com Vítima;25,2;BR-040/GO;Sul;Colisão traseira;1;0;1;0;0;0;0;0;0;0;1;1;0;0;0
15/06/2016;21:57:00;328;Acidente com Vítima;0;Fora_Rota;Sul;Choque em veículo parado na pista;1;0;1;0;0;0;0;0;0;0;1;0;0;1;0
15/06/2016;18:26:00;283;Acidente com Vítima;532,5;BR-040/MG;Sul;Colisão traseira;3;0;0;0;0;0;0;0;0;0;3;3;0;0;0
15/06/2016;18:06:00;275;Acidente com Vítima;7,178;BR-040/GO;Sul;Colisão traseira;3;0;0;0;0;0;0;0;0;0;6;0;4;0;0
15/06/2016;16:49:00;254;Acidente com Vítima;589,4;BR-040/MG;Norte;Choque com objeto fixo;1;0;0;0;0;0;0;0;0;0;0;0;1;0;0
15/06/2016;16:36:00;251;Acidente sem Vítima;41;BR-040/MG;Norte;Abalroamento - Transversal;1;0;0;1;0;0;0;0;0;0;2;0;0;0;0
15/06/2016;15:56:00;236;Acidente sem Vítima;407;BR-040/MG;Sul;Colisão traseira;0;0;1;0;0;1;0;0;0;0;2;0;0;0;0
15/06/2016;13:22:00;196;Acidente com Morte;511,05;BR-040/MG;Sul;Abalroamento - Transversal;2;0;0;0;0;1;0;0;0;0;2;0;0;0;1
15/06/2016;12:02:00;171;Acidente com Vítima;716;BR-040/MG;Norte;Capotamento;1;0;0;0;0;0;0;0;0;0;1;1;0;0;0
15/06/2016;10:23:00;149;Acidente com Vítima;521,252;BR-040/MG;Sul;Colisão traseira;1;0;1;0;0;0;0;0;0;0;1;0;1;0;0
15/06/2016;10:17:00;147;Acidente sem Vítima;650;BR-040/MG;Sul;Capotamento;1;0;0;0;0;0;0;0;0;0;1;0;0;0;0
15/06/2016;09:48:00;132;Acidente com Vítima;7,4;BR-040/GO;Norte;Abalroamento - Longitudinal;0;0;2;0;0;0;0;0;0;0;2;1;0;0;0
15/06/2016;08:54:00;108;Acidente sem Vítima;197,1;BR-040/MG;Norte;Queda de Carga;0;0;1;0;0;0;0;0;0;0;1;0;0;0;0
15/06/2016;08:45:00;106;Acidente com Vítima;454,222;BR-040/MG;Norte;Colisão traseira;1;1;0;0;0;0;0;0;0;0;2;1;0;0;0
15/06/2016;07:59:00;91;Acidente sem Vítima;699,022;BR-040/MG;Norte;Colisão traseira;2;0;0;0;0;0;0;0;0;0;2;0;0;0;0
15/06/2016;06:57:00;45;Acidente sem Vítima;670;BR-040/MG;Norte;Outros;1;0;0;0;0;1;0;0;0;0;6;0;0;0;0
15/06/2016;05:58:00;29;Acidente sem Vítima;28,1;BR-040/MG;Sul;Colisão traseira;1;0;1;0;0;0;0;0;0;0;2;0;0;0;0
16/06/2016;23:32:00;359;Acidente sem Vítima;533,5;BR-040/MG;Norte;Colisão traseira;1;0;1;0;0;0;0;0;0;0;4;0;0;0;0
16/06/2016;23:01:00;349;Acidente com Vítima;533,3;BR-040/MG;Norte;Capotamento;1;0;0;0;0;0;0;0;0;0;0;1;0;0;0
16/06/2016;20:34:00;320;Acidente sem Vítima;64,2;BR-040/GO;Norte;Atropelamento - Animal;1;0;0;0;0;0;0;0;0;0;3;0;0;0;0
16/06/2016;19:47:00;302;Acidente sem Vítima;548,7;BR-040/MG;Norte;Outros;2;0;0;0;0;0;0;0;0;0;4;0;0;0;0
16/06/2016;19:14:00;297;Acidente com Vítima;3,155;BR-040/DF;Sul;Outros;1;0;0;1;0;0;0;0;0;0;1;0;1;0;0
16/06/2016;18:44:00;288;Acidente sem Vítima;1,223;BR-040/GO;Sul;Abalroamento - Longitudinal;2;0;0;0;0;0;0;0;0;0;3;0;0;0;0
16/06/2016;17:16:00;262;Acidente sem Vítima;2,4;BR-040/GO;Sul;Abalroamento - Longitudinal;1;0;0;1;0;0;0;0;0;0;2;0;0;0;0
16/06/2016;14:08:00;219;Acidente sem Vítima;169,23;BR-040/MG;Norte;Choque em defensa;1;0;0;0;0;1;0;0;0;0;6;0;0;0;0
16/06/2016;13:12:00;203;Atropelamento com Morte;531,72;BR-040/MG;Norte;Atropelamento - Pedestre atravessando;1;0;0;0;0;0;0;0;0;0;1;0;0;0;1
16/06/2016;09:44:00;143;Acidente sem Vítima;530,1;BR-040/MG;Sul;Colisão traseira;1;0;1;1;0;0;0;0;0;0;3;0;0;0;0
16/06/2016;08:46:00;121;Acidente sem Vítima;543,194;BR-040/MG;Sul;Abalroamento - Longitudinal;1;0;1;0;0;0;0;0;0;0;2;0;0;0;0
16/06/2016;08:06:00;85;Acidente sem Vítima;681,7;BR-040/MG;Sul;Abalroamento - Longitudinal;1;0;1;0;0;0;0;0;0;0;2;0;0;0;0
16/06/2016;07:48:00;78;Acidente sem Vítima;3,3;BR-040/GO;Norte;Colisão traseira;4;0;0;0;0;0;0;0;0;0;4;0;0;0;0
16/06/2016;07:16:00;58;Acidente sem Vítima;7,1;BR-040/DF;Norte;Colisão traseira;2;0;0;0;0;0;0;0;0;0;2;0;0;0;0
17/06/2016;23:15:00;396;Atropelamento sem Morte;618,1;BR-040/MG;Sul;Atropelamento - Pedestre caminhando;1;0;0;0;0;0;0;0;0;0;4;0;0;0;0
17/06/2016;20:56:00;364;Acidente com Vítima;516,2;BR-040/MG;Sul;Capotamento;1;0;0;0;0;0;0;0;0;0;0;1;0;0;0
17/06/2016;18:58:00;317;Atropelamento sem Morte;1,7;BR-040/GO;Sul;Atropelamento - Pedestre atravessando;0;0;0;0;1;0;0;0;0;0;1;1;0;0;0
17/06/2016;17:23:00;282;Atropelamento sem Morte;537,1;BR-040/MG;Norte;Atropelamento - Pedestre atravessando;0;0;0;1;0;0;0;0;0;0;1;0;1;0;0
17/06/2016;17:17:00;280;Acidente com Vítima;0;Fora_Rota;Norte;Abalroamento - Longitudinal;0;0;1;1;0;0;0;0;0;0;1;0;0;1;0
17/06/2016;17:15:00;278;Acidente sem Vítima;610,15;BR-040/MG;Norte;Abalroamento - Longitudinal;1;0;1;0;0;0;0;0;0;0;2;0;0;0;0
17/06/2016;16:49:00;269;Acidente sem Vítima;456,554;BR-040/MG;Norte;Capotamento;1;0;0;0;0;0;0;0;0;0;1;0;0;0;0
17/06/2016;16:19:00;254;Acidente com Vítima;41,051;BR-040/MG;Norte;Abalroamento - Longitudinal;1;0;0;1;0;0;0;0;0;0;1;1;0;0;0
17/06/2016;15:16:00;234;Acidente sem Vítima;566,1;BR-040/MG;Sul;Capotamento;2;0;0;0;0;0;0;0;0;0;2;0;0;0;0
17/06/2016;15:05:00;229;Acidente sem Vítima;586,15;BR-040/MG;Norte;Capotamento;1;0;0;0;0;0;0;0;0;0;1;0;0;0;0
17/06/2016;12:31:00;185;Acidente sem Vítima;12,1;BR-040/GO;Sul;Abalroamento - Longitudinal;2;0;0;0;0;0;0;0;0;0;2;0;0;0;0
17/06/2016;10:48:00;162;Acidente com Vítima;455,178;BR-040/MG;Norte;Abalroamento - Longitudinal;2;0;0;0;0;0;0;0;0;0;4;0;1;0;0
17/06/2016;07:56:00;87;Acidente com Vítima;2,04;BR-040/GO;Sul;Colisão traseira;0;0;1;1;0;0;0;0;0;0;1;0;1;0;0
17/06/2016;07:32:00;68;Acidente sem Vítima;2,4;BR-040/DF;Norte;Colisão traseira;2;0;0;0;0;0;0;0;0;0;4;0;0;0;0
17/06/2016;03:36:00;16;Acidente sem Vítima;534,3;BR-040/MG;Norte;Choque em barreira New Jersey;1;0;0;0;0;0;0;0;0;0;1;0;0;0;0
18/06/2016;23:04:00;310;Atropelamento com Morte;504,01;BR-040/MG;Norte;Atropelamento - Pedestre atravessando;1;0;0;0;0;0;0;0;0;0;1;0;0;0;1
18/06/2016;21:39:00;288;Acidente sem Vítima;447,035;BR-040/MG;Sul;Abalroamento - Longitudinal;1;0;1;0;0;0;0;0;0;0;3;0;0;0;0
18/06/2016;21:08:00;282;Acidente com Vítima;539,3;BR-040/MG;Norte;Choque com objeto fixo;1;0;1;0;0;0;0;0;0;0;1;0;1;0;0
18/06/2016;20:35:00;278;Acidente com Vítima;615,95;BR-040/MG;Norte;Outros;0;0;0;1;0;0;0;0;0;0;1;1;0;0;0
18/06/2016;20:17:00;275;Atropelamento sem Morte;612,3;BR-040/MG;Sul;Atropelamento - Pedestre atravessando;1;0;0;0;0;0;0;0;0;0;2;0;1;0;0
18/06/2016;19:13:00;260;Acidente com Vítima;3,49;BR-040/GO;Sul;Colisão traseira;2;0;0;0;1;0;0;0;0;0;42;2;1;0;0
18/06/2016;19:05:00;256;Acidente com Vítima;502,5;BR-040/MG;Sul;Atropelamento - Animal;4;0;0;0;0;0;0;0;0;0;3;0;3;0;0
18/06/2016;18:08:00;236;Acidente com Vítima;43,054;BR-040/MG;Norte;Outros;0;0;0;1;0;0;0;0;0;0;0;1;0;0;0
18/06/2016;17:58:00;233;Acidente sem Vítima;710,5;BR-040/MG;Norte;Abalroamento - Longitudinal;1;0;1;0;0;0;0;0;0;0;2;0;0;0;0
18/06/2016;17:39:00;230;Atropelamento sem Morte;525,056;BR-040/MG;Norte;Atropelamento - Pedestre atravessando;0;0;0;0;0;0;0;0;0;0;0;0;1;0;0
18/06/2016;16:33:00;204;Acidente sem Vítima;68;BR-040/GO;Norte;Colisão traseira;2;0;0;0;0;0;0;0;0;0;3;0;0;0;0
18/06/2016;15:10:00;177;Acidente sem Vítima;515,7;BR-040/MG;Norte;Colisão traseira;4;0;0;0;0;0;0;0;0;0;6;0;0;0;0
18/06/2016;12:32:00;130;Acidente sem Vítima;510;BR-040/MG;Norte;Colisão traseira;4;0;0;0;0;0;0;0;0;0;5;0;0;0;0
18/06/2016;12:20:00;123;Acidente com Vítima;560;BR-040/MG;Sul;Colisão traseira;1;0;1;0;0;0;0;0;0;0;2;1;0;0;0
18/06/2016;12:01:00;114;Acidente sem Vítima;527,001;BR-040/MG;Norte;Colisão traseira;1;0;1;0;0;0;0;0;0;0;2;0;0;0;0
18/06/2016;11:53:00;111;Acidente com Vítima;682,5;BR-040/MG;Norte;Outros;0;0;0;1;0;0;0;0;0;0;1;1;0;0;0
18/06/2016;09:07:00;68;Acidente sem Vítima;1,071;BR-040/GO;Norte;Colisão traseira;4;0;0;0;0;0;0;0;0;0;6;0;0;0;0
18/06/2016;08:39:00;64;Acidente sem Vítima;691;BR-040/MG;Norte;Colisão frontal;1;0;1;0;0;0;0;0;0;0;2;0;0;0;0
18/06/2016;06:59:00;42;Acidente sem Vítima;608,957;BR-040/MG;Sul;Atropelamento - Animal;0;0;0;0;0;0;0;0;0;0;0;0;0;0;0
18/06/2016;04:55:00;20;Acidente sem Vítima;682,95;BR-040/MG;Sul;Colisão traseira;2;0;0;0;0;0;0;0;0;0;7;0;0;0;0
18/06/2016;03:57:00;18;Acidente sem Vítima;300,4;BR-040/MG;Norte;Choque com objeto fixo;1;0;0;0;0;0;0;0;0;0;4;0;0;0;0