data;horario;n_da_ocorrencia;tipo_de_ocorrencia;km;trecho;sentido;tipo_de_acidente;automovel;bicicleta;caminhao;moto;onibus;outros;tracao_animal;transporte_de_cargas_especiais;trator_maquinas;utilitarios;ilesos;levemente_feridos;moderadamente_feridos;gravemente_feridos;mortos
18/06/2016;01:07:00;11;Acidente sem Vítima;536,3;BR-040/MG;Norte;Choque com objeto fixo;1;0;0;0;0;0;0;0;0;0;1;0;0;0;0
19/06/2016;22:49:00;346;Acidente sem Vítima;413,413;BR-040/MG;Sul;Colisão traseira;2;0;0;0;0;0;0;0;0;0;2;0;0;0;0
19/06/2016;22:33:00;343;Acidente com Vítima;9,25;BR-040/GO;Sul;Colisão traseira;2;0;0;0;0;0;0;0;0;0;1;1;0;0;0
19/06/2016;22:09:00;340;Atropelamento sem Morte;466,33;BR-040/MG;Sul;Atropelamento - Pedestre atravessando;1;0;0;0;0;0;0;0;0;0;1;0;1;0;0
19/06/2016;22:07:00;338;Atropelamento com Morte;524,455;BR-040/MG;Sul;Atropelamento - Pedestre atravessando;1;0;0;0;0;0;0;0;0;0;1;0;0;0;1
19/06/2016;19:46:00;299;Acidente com Vítima;0;Fora_Rota;Norte;Abalroamento - Longitudinal;2;0;0;0;0;0;0;0;0;0;2;0;1;0;0
19/06/2016;19:21:00;291;Acidente com Morte;374,6;BR-040/MG;Sul;Colisão frontal;2;0;1;0;0;0;0;0;0;0;2;0;2;0;2
19/06/2016;18:19:00;260;Atropelamento sem Morte;9,178;BR-040/GO;Norte;Atropelamento - Pedestre atravessando;0;0;0;1;0;0;0;0;0;0;1;1;1;0;0
19/06/2016;17:09:00;234;Acidente sem Vítima;562,853;BR-040/MG;Norte;Capotamento;1;0;0;0;0;0;0;0;0;0;1;0;0;0;0
19/06/2016;15:59:00;206;Acidente com Vítima;533,1;BR-040/MG;Sul;Abalroamento - Longitudinal;1;0;0;1;0;0;0;0;0;0;1;0;1;0;0
19/06/2016;15:35:00;195;Acidente com Vítima;467,8;BR-040/MG;Sul;Outros;1;0;1;0;0;0;0;0;0;0;2;0;3;0;0
19/06/2016;12:57:00;163;Acidente sem Vítima;732,5;BR-040/MG;Norte;Outros;0;0;0;1;0;0;0;0;0;0;1;0;0;0;0
19/06/2016;12:06:00;143;Acidente sem Vítima;565,1;BR-040/MG;Norte;Colisão traseira;3;0;0;0;0;0;0;0;0;0;8;0;0;0;0
19/06/2016;09:07:00;105;Acidente sem Vítima;690,6;BR-040/MG;Sul;Choque com objeto fixo;1;0;0;0;0;0;0;0;0;0;1;0;0;0;0
19/06/2016;08:25:00;91;Acidente com Vítima;88,089;BR-040/MG;Sul;Colisão traseira;1;0;0;1;0;0;0;0;0;0;3;1;0;0;0
19/06/2016;07:13:00;71;Acidente sem Vítima;481,7;BR-040/MG;Sul;Abalroamento - Longitudinal;1;0;0;0;1;0;0;0;0;0;3;0;0;0;0
19/06/2016;06:40:00;62;Acidente sem Vítima;533,3;BR-040/MG;Sul;Colisão traseira;2;0;0;0;0;0;0;0;0;0;2;0;0;0;0
19/06/2016;05:50:00;56;Acidente com Vítima;517,001;BR-040/MG;Norte;Outros;0;0;0;1;0;0;0;0;0;0;1;0;1;0;0
19/06/2016;05:29:00;51;Acidente sem Vítima;1,089;BR-040/DF;Norte;Capotamento;2;0;0;0;0;0;0;0;0;0;4;0;0;0;0
19/06/2016;05:09:00;47;Acidente sem Vítima;663,112;BR-040/MG;Norte;Choque com objeto fixo;1;0;0;0;0;0;0;0;0;0;2;0;0;0;0
19/06/2016;03:37:00;34;Acidente com Morte;241,3;BR-040/MG;Norte;Colisão frontal;1;0;0;1;0;0;0;0;0;0;2;0;0;0;1
19/06/2016;02:35:00;24;Acidente sem Vítima;749,05;BR-040/MG;Norte;Choque com objeto fixo;1;0;0;0;0;0;0;0;0;0;1;0;0;0;0
19/06/2016;02:22:00;23;Acidente com Vítima;4,026;BR-040/GO;Sul;Outros;0;0;0;1;0;0;0;0;0;0;0;1;0;0;0
20/06/2016;22:18:00;359;Acidente com Morte;523,95;BR-040/MG;Sul;Capotamento;1;0;0;0;0;0;0;0;0;0;0;0;1;1;1
20/06/2016;21:50:00;354;Acidente com Vítima;274,081;BR-040/MG;Sul;Choque com objeto fixo;1;0;0;0;0;0;0;0;0;0;0;1;0;0;0
20/06/2016;18:47:00;313;Acidente sem Vítima;644,2;BR-040/MG;Norte;Colisão traseira;3;0;0;0;0;0;0;0;0;0;3;0;0;0;0
20/06/2016;17:36:00;290;Acidente sem Vítima;448,05;BR-040/MG;Sul;Outros;0;0;0;1;0;0;0;0;0;0;2;0;0;0;0
20/06/2016;17:24:00;286;Atropelamento sem Morte;0,4;BR-040/GO;Sul;Atropelamento - Ciclista;1;0;0;0;0;0;0;0;0;0;1;1;0;0;0
20/06/2016;16:44:00;275;Acidente sem Vítima;518,27;BR-040/MG;Sul;Colisão traseira;1;0;0;0;0;0;0;0;0;1;4;0;0;0;0
20/06/2016;12:48:00;211;Acidente sem Vítima;541,1;BR-040/MG;Norte;Colisão traseira;2;0;0;0;0;0;0;0;0;0;2;0;0;0;0
20/06/2016;10:07:00;153;Acidente sem Vítima;523,65;BR-040/MG;Sul;Colisão traseira;3;0;0;0;0;0;0;0;0;0;3;0;0;0;0
20/06/2016;09:12:00;135;Acidente sem Vítima;536,1;BR-040/MG;Norte;Abalroamento - Longitudinal;1;0;0;1;0;0;0;0;0;0;2;0;0;0;0
20/06/2016;09:10:00;134;Acidente sem Vítima;661,256;BR-040/MG;Norte;Colisão traseira;2;0;0;0;0;0;0;0;0;0;2;0;0;0;0
20/06/2016;08:13:00;92;Acidente sem Vítima;535,05;BR-040/MG;Norte;Abalroamento - Longitudinal;1;0;0;1;0;0;0;0;0;0;2;0;0;0;0
20/06/2016;07:57:00;85;Acidente com Vítima;525,5;BR-040/MG;Sul;Colisão traseira;1;0;0;1;0;0;0;0;0;0;1;1;0;0;0
20/06/2016;06:04:00;37;Acidente sem Vítima;529,041;BR-040/MG;Sul;Colisão traseira;1;0;0;0;1;0;0;0;0;0;26;0;0;0;0
21/06/2016;23:34:00;306;Acidente com Vítima;511,4;BR-040/MG;Sul;Abalroamento - Longitudinal;0;0;0;2;0;0;0;0;0;0;1;0;1;0;0
21/06/2016;19:23:00;258;Acidente sem Vítima;590,32;BR-040/MG;Norte;Colisão traseira;1;0;1;0;0;0;0;0;0;0;2;0;0;0;0
21/06/2016;07:47:00;69;Acidente com Vítima;3,1;BR-040/DF;Norte;Abalroamento - Longitudinal;1;0;0;1;0;0;0;0;0;0;1;0;0;0;0
21/06/2016;07:00:00;26;Acidente com Vítima;4,6;BR-040/GO;Norte;Colisão traseira;1;0;0;1;0;0;0;0;0;0;1;0;1;0;0
22/06/2016;23:01:00;367;Acidente sem Vítima;13,2;BR-040/GO;Sul;Choque com objeto fixo;1;0;0;0;0;0;0;0;0;0;1;0;0;0;0
22/06/2016;19:44:00;320;Acidente sem Vítima;129,65;BR-040/GO;Sul;Abalroamento - Transversal;1;0;1;0;0;0;0;0;0;0;2;0;0;0;0
22/06/2016;14:50:00;246;Acidente sem Vítima;539,001;BR-040/MG;Norte;Choque com objeto fixo;1;0;0;0;0;0;0;0;0;0;1;0;0;0;0
22/06/2016;14:11:00;229;Acidente com Vítima;2,146;BR-040/DF;Sul;Outros;1;0;0;1;0;0;0;0;0;0;1;1;0;0;0
22/06/2016;12:02:00;181;Acidente com Vítima;7;BR-040/GO;Norte;Colisão traseira;1;0;0;1;0;0;0;0;0;0;1;1;0;0;0
22/06/2016;08:57:00;122;Acidente com Vítima;4,023;BR-040/DF;Norte;Abalroamento - Longitudinal;1;0;0;1;0;0;0;0;0;0;2;1;0;0;0
22/06/2016;07:33:00;68;Acidente com Vítima;2,7;BR-040/DF;Norte;Colisão traseira;1;0;0;1;0;0;0;0;0;0;1;1;0;0;0
22/06/2016;02:32:00;18;Acidente sem Vítima;727,9;BR-040/MG;Sul;Choque com objeto fixo;1;0;0;0;0;0;0;0;0;0;3;0;0;0;0
23/06/2016;20:54:00;343;Acidente com Vítima;517,423;BR-040/MG;Norte;Abalroamento - Transversal;0;0;1;1;0;0;0;0;0;0;1;0;1;0;0
23/06/2016;19:16:00;306;Acidente com Vítima;345,8;BR-040/MG;Sul;Abalroamento - Longitudinal;0;0;1;1;0;0;0;0;0;0;1;0;0;1;0
23/06/2016;14:39:00;218;Acidente com Vítima;617,1;BR-040/MG;Norte;Outros;0;0;0;1;0;0;0;0;0;0;0;0;1;0;0
23/06/2016;13:59:00;206;Acidente com Vítima;5,244;BR-040/DF;Norte;Abalroamento - Transversal;2;0;0;0;0;0;0;0;0;0;9;0;0;0;0
23/06/2016;11:31:00;166;Acidente com Vítima;14,755;BR-040/GO;Norte;Outros;1;0;0;1;0;0;0;0;0;0;1;1;0;0;0
23/06/2016;09:22:00;127;Acidente com Vítima;632,5;BR-040/MG;Norte;Colisão frontal;2;0;0;0;0;0;0;0;0;0;0;2;0;0;0
23/06/2016;06:20:00;32;Acidente sem Vítima;2,093;BR-040/DF;Norte;Colisão traseira;3;0;0;0;0;0;0;0;0;0;3;0;0;0;0
23/06/2016;00:53:00;4;Acidente sem Vítima;535,002;BR-040/MG;Sul;Capotamento;4;0;0;0;0;0;0;0;0;0;4;0;0;0;0
24/06/2016;21:52:00;370;Acidente sem Vítima;520,308;BR-040/MG;Sul;Capotamento;1;0;0;0;0;0;0;0;0;0;1;0;0;0;0
24/06/2016;21:49:00;369;Atropelamento sem Morte;12,1;BR-040/GO;Sul;Atropelamento - Ciclista;1;0;0;0;0;0;0;0;0;0;1;1;0;0;0
24/06/2016;21:45:00;367;Acidente sem Vítima;89,8;BR-040/MG;Sul;Abalroamento - Longitudinal;3;0;0;0;0;0;0;0;0;0;5;0;0;0;0
24/06/2016;21:40:00;366;Acidente com Vítima;442,787;BR-040/MG;Norte;Choque com objeto fixo;1;0;0;0;0;0;0;0;0;0;1;0;2;0;0
24/06/2016;20:47:00;352;Acidente sem Vítima;481,3;BR-040/MG;Norte;Colisão traseira;2;0;0;0;0;1;0;0;0;0;5;0;0;0;0
24/06/2016;20:43:00;351;Acidente sem Vítima;1,2;BR-040/DF;Sul;Colisão traseira;3;0;0;0;0;0;0;0;0;0;5;0;0;0;0
24/06/2016;20:40:00;348;Acidente sem Vítima;121,05;BR-040/GO;Sul;Atropelamento - Animal;2;0;0;0;0;0;0;0;0;0;6;0;0;0;0
24/06/2016;20:01:00;332;Acidente sem Vítima;664,4;BR-040/MG;Sul;Colisão traseira;3;0;0;0;0;0;0;0;0;0;4;0;0;0;0
24/06/2016;19:42:00;327;Acidente com Vítima;5,6;BR-040/DF;Sul;Abalroamento - Longitudinal;1;0;0;1;0;0;0;0;0;0;3;0;1;0;0
24/06/2016;19:32:00;323;Acidente sem Vítima;577,4;BR-040/MG;Sul;Colisão traseira;2;0;0;0;0;0;0;0;0;0;4;0;0;0;0
24/06/2016;18:47:00;307;Acidente com Vítima;526,941;BR-040/MG;Norte;Outros;0;0;0;1;0;0;0;0;0;0;0;0;1;0;0
24/06/2016;18:15:00;294;Acidente com Morte;479,751;BR-040/MG;Norte;Capotamento;3;0;1;0;0;0;0;0;0;0;4;2;3;0;1
24/06/2016;17:30:00;281;Acidente sem Vítima;526,1;BR-040/MG;Norte;Colisão traseira;5;0;0;0;0;0;0;0;0;0;7;0;0;0;0
24/06/2016;17:12:00;272;Acidente sem Vítima;615,1;BR-040/MG;Sul;Colisão traseira;2;0;0;0;0;0;0;0;0;0;2;0;0;0;0
24/06/2016;17:00:00;269;Acidente sem Vítima;697,1;BR-040/MG;Sul;Abalroamento - Longitudinal;1;0;1;0;0;0;0;0;0;0;11;0;0;0;0
24/06/2016;16:15:00;243;Acidente sem Vítima;551,1;BR-040/MG;Norte;Colisão traseira;3;0;0;0;0;0;0;0;0;0;4;0;0;0;0
24/06/2016;14:46:00;210;Acidente sem Vítima;13,252;BR-040/GO;Sul;Abalroamento - Longitudinal;1;0;0;1;0;0;0;0;0;0;2;0;0;0;0
24/06/2016;12:37:00;181;Acidente sem Vítima;12,165;BR-040/GO;Norte;Colisão traseira;1;0;0;0;1;0;0;0;0;0;2;0;0;0;0
24/06/2016;12:18:00;174;Acidente com Vítima;750,1;BR-040/MG;Norte;Outros;0;0;0;1;0;0;0;0;0;0;0;1;0;0;0
24/06/2016;08:22:00;88;Acidente sem Vítima;535,1;BR-040/MG;Norte;Abalroamento - Longitudinal;1;0;1;0;0;0;0;0;0;0;2;0;0;0;0
24/06/2016;06:33:00;36;Acidente com Vítima;3,01;BR-040/DF;Norte;Abalroamento - Longitudinal;1;0;0;1;0;0;0;0;0;0;1;0;1;0;0
24/06/2016;05:48:00;33;Acidente com Vítima;671,2;BR-040/MG;Norte;Choque com objeto fixo;1;0;0;0;0;0;0;0;0;0;0;1;1;0;0
25/06/2016;22:18:00;302;Atropelamento com Morte;560,7;BR-040/MG;Sul;Atropelamento - Pedestre atravessando;0;0;0;0;0;0;0;0;0;0;0;0;0;0;1
25/06/2016;21:36:00;293;Acidente sem Vítima;246,3;BR-040/MG;Norte;Abalroamento - Longitudinal;2;0;0;0;0;0;0;0;0;0;3;0;0;0;0
25/06/2016;19:17:00;250;Acidente sem Vítima;523,5;BR-040/MG;Sul;Colisão traseira;2;0;0;0;0;0;0;0;0;0;7;0;0;0;0
25/06/2016;19:13:00;246;Acidente sem Vítima;607,3;BR-040/MG;Sul;Atropelamento - Animal;0;0;0;0;1;0;0;0;0;0;14;0;0;0;0
25/06/2016;18:39:00;234;Atropelamento com Morte;88,25;BR-040/MG;Norte;Atropelamento - Pedestre caminhando;1;0;0;0;0;0;0;0;0;0;3;0;0;0;1
25/06/2016;16:57:00;214;Acidente sem Vítima;2,8;BR-040/GO;Sul;Colisão traseira;2;0;0;0;0;0;0;0;0;0;2;0;0;0;0
25/06/2016;16:05:00;204;Acidente sem Vítima;692,17;BR-040/MG;Norte;Colisão traseira;2;0;0;0;0;0;0;0;0;0;2;0;0;0;0
25/06/2016;14:12:00;173;Acidente sem Vítima;429,8;BR-040/MG;Sul;Choque com objeto fixo;2;0;0;0;0;0;0;0;0;0;2;0;0;0;0
25/06/2016;13:28:00;166;Acidente sem Vítima;1,7;BR-040/GO;Norte;Colisão traseira;3;0;0;0;0;0;0;0;0;0;3;0;0;0;0
25/06/2016;13:02:00;159;Acidente sem Vítima;616,9;BR-040/MG;Sul;Capotamento;1;0;0;0;0;0;0;0;0;0;2;0;0;0;0
25/06/2016;11:36:00;139;Acidente sem Vítima;660,46;BR-040/MG;Sul;Abalroamento - Longitudinal;0;0;2;0;0;0;0;0;0;0;2;0;0;0;0
25/06/2016;11:13:00;135;Acidente sem Vítima;131,6;BR-040/MG;Norte;Capotamento;1;0;0;0;0;0;0;0;0;0;1;0;0;0;0
25/06/2016;10:36:00;121;Acidente com Vítima;756,75;BR-040/MG;Norte;Abalroamento - Longitudinal;1;0;0;1;0;0;0;0;0;0;1;0;1;0;0
25/06/2016;08:16:00;79;Acidente sem Vítima;731,9;BR-040/MG;Norte;Choque com objeto fixo;1;0;0;0;0;0;0;0;0;0;2;0;0;0;0
25/06/2016;08:12:00;76;Acidente com Vítima;752,46;BR-040/MG;Sul;Capotamento;1;0;0;0;0;0;0;0;0;0;0;1;0;0;0
25/06/2016;06:47:00;47;Acidente sem Vítima;2,5;BR-040/GO;Sul;Colisão traseira;2;0;0;0;0;0;0;0;0;0;2;0;0;0;0
25/06/2016;05:39:00;40;Acidente sem Vítima;10,4;BR-040/GO;Sul;Capotamento;1;0;0;0;0;0;0;0;0;0;1;0;0;0;0
25/06/2016;03:31:00;25;Acidente com Vítima;676,2;BR-040/MG;Norte;Choque com objeto fixo;1;0;0;0;0;0;0;0;0;0;3;1;0;0;0
26/06/2016;22:10:00;253;Acidente com Vítima;0,05;BR-040/DF;Norte;Abalroamento - Longitudinal;1;0;0;1;0;0;0;0;0;0;4;0;1;0;0
26/06/2016;20:15:00;227;Acidente sem Vítima;516,15;BR-040/MG;Sul;Colisão traseira;3;0;0;0;0;0;0;0;0;0;7;0;0;0;0
26/06/2016;20:04:00;223;Acidente sem Vítima;516,6;BR-040/MG;Sul;Choque com objeto fixo;1;0;0;0;0;0;0;0;0;0;3;0;0;0;0
26/06/2016;19:41:00;217;Acidente sem Vítima;529,5;BR-040/MG;Norte;Colisão traseira;2;0;0;0;0;0;0;0;0;0;8;0;0;0;0
26/06/2016;19:32:00;214;Acidente sem Vítima;3,1;BR-040/GO;Norte;Colisão traseira;3;0;0;0;0;0;0;0;0;0;5;0;0;0;0
26/06/2016;19:09:00;205;Acidente com Vítima;25,3;BR-040/GO;Norte;Colisão frontal;2;0;0;0;0;0;0;0;0;0;0;0;4;0;0
26/06/2016;18:42:00;196;Acidente sem Vítima;728,031;BR-040/MG;Sul;Outros;0;0;0;1;0;0;0;0;0;0;1;0;0;0;0
26/06/2016;18:22:00;189;Acidente com Vítima;510,4;BR-040/MG;Sul;Colisão traseira;1;0;0;1;0;0;0;0;0;0;2;1;0;0;0
26/06/2016;17:24:00;171;Acidente com Vítima;435,129;BR-040/MG;Norte;Colisão traseira;2;0;0;0;0;0;0;0;0;0;1;0;4;1;0
26/06/2016;17:08:00;165;Acidente sem Vítima;556,087;BR-040/MG;Norte;Colisão traseira;4;0;0;0;0;0;0;0;0;0;4;0;0;0;0
26/06/2016;15:45:00;149;Acidente sem Vítima;1,5;BR-040/DF;Norte;Choque com objeto fixo;1;0;0;0;0;0;0;0;0;0;3;0;0;0;0
26/06/2016;15:28:00;143;Acidente com Vítima;510,02;BR-040/MG;Sul;Colisão traseira;0;0;0;2;0;0;0;0;0;0;2;0;1;0;0
26/06/2016;14:59:00;138;Acidente com Vítima;705;BR-040/MG;Sul;Outros;0;0;0;1;0;0;0;0;0;0;0;1;0;0;0
26/06/2016;13:22:00;122;Acidente com Vítima;494,212;BR-040/MG;Sul;Abalroamento - Longitudinal;1;0;1;0;0;0;0;0;0;0;3;1;0;0;0
26/06/2016;08:35:00;72;Acidente sem Vítima;543,3;BR-040/MG;Sul;Colisão traseira;3;0;0;0;0;0;0;0;0;0;8;0;0;0;0
26/06/2016;08:18:00;67;Acidente sem Vítima;461,032;BR-040/MG;Sul;Capotamento;1;0;0;0;0;0;0;0;0;0;1;0;0;0;0
26/06/2016;07:12:00;53;Acidente com Vítima;3,4;BR-040/DF;Sul;Abalroamento - Transversal;1;0;0;1;0;0;0;0;0;0;1;0;1;0;0
26/06/2016;06:49:00;47;Acidente sem Vítima;620,9;BR-040/MG;Sul;Capotamento;1;0;0;0;0;0;0;0;0;0;2;0;0;0;0
26/06/2016;05:50:00;42;Acidente com Vítima;659,3;BR-040/MG;Sul;Capotamento;1;0;0;0;0;0;0;0;0;0;0;1;0;0;0
26/06/2016;04:55:00;35;Acidente sem Vítima;547,5;BR-040/MG;Norte;Capotamento;1;0;0;0;0;0;0;0;0;0;2;0;0;0;0
26/06/2016;02:18:00;22;Acidente sem Vítima;700,2;BR-040/MG;Sul;Capotamento;1;0;0;0;0;0;0;0;0;0;1;0;0;0;0
26/06/2016;02:03:00;21;Acidente com Vítima;671,3;BR-040/MG;Norte;Outros;1;0;0;0;0;0;0;0;0;0;0;0;1;0;0
26/06/2016;00:36:00;3;Acidente sem Vítima;736,05;BR-040/MG;Norte;Choque em barreira New Jersey;1;0;0;0;0;0;0;0;0;0;1;0;0;0;0
27/06/2016;22:37:00;360;Acidente sem Vítima;765,5;BR-040/MG;Sul;Choque com objeto fixo;1;0;0;0;0;0;0;0;0;1;2;0;0;0;0
27/06/2016;22:00:00;353;Acidente sem Vítima;6,6;BR-040/GO;Norte;Outros;0;0;0;1;0;0;0;0;0;0;1;0;0;0;0
27/06/2016;12:28:00;204;Acidente sem Vítima;7,4;BR-040/GO;Sul;Colisão traseira;2;0;0;0;0;0;0;0;0;0;2;0;0;0;0
27/06/2016;12:26:00;203;Acidente sem Vítima;545,9;BR-040/MG;Norte;Abalroamento - Longitudinal;2;0;0;0;0;0;0;0;0;0;2;0;0;0;0
27/06/2016;12:12:00;201;Acidente com Vítima;44,1;BR-040/MG;Norte;Abalroamento - Longitudinal;1;0;0;1;0;0;0;0;0;0;1;1;1;0;0
27/06/2016;10:33:00;174;Acidente sem Vítima;5;BR-040/GO;Norte;Outros;0;0;0;1;0;0;0;0;0;0;1;0;0;0;0
27/06/2016;09:52:00;158;Acidente sem Vítima;559,2;BR-040/MG;Norte;Colisão traseira;1;0;0;1;0;0;0;0;0;0;2;0;0;0;0
27/06/2016;08:20:00;110;Acidente com Vítima;530,757;BR-040/MG;Norte;Abalroamento - Longitudinal;1;0;0;1;0;0;0;0;0;0;1;2;0;0;0
27/06/2016;07:38:00;89;Acidente sem Vítima;3,8;BR-040/DF;Norte;Colisão traseira;3;0;0;0;0;0;0;0;0;0;3;0;0;0;0
27/06/2016;06:51:00;59;Acidente com Vítima;541,04;BR-040/MG;Sul;Colisão traseira;1;0;0;1;0;0;0;0;0;0;2;1;0;0;0
27/06/2016;02:55:00;24;Atropelamento sem Morte;4,05;BR-040/GO;Norte;Atropelamento - Pedestre caminhando;2;0;0;0;0;0;0;0;0;0;1;0;0;1;0
27/06/2016;00:48:00;9;Acidente sem Vítima;4,279;BR-040/GO;Sul;Capotamento;2;0;0;0;0;0;0;0;0;0;3;0;0;0;0
27/06/2016;00:34:00;6;Acidente sem Vítima;2,6;BR-040/GO;Sul;Abalroamento - Longitudinal;2;0;0;0;0;0;0;0;0;0;2;0;0;0;0
28/06/2016;23:26:00;312;Acidente sem Vítima;8,37;BR-040/DF;Sul;Abalroamento - Longitudinal;2;0;0;0;0;0;0;0;0;0;2;0;0;0;0
28/06/2016;23:21:00;309;Acidente com Vítima;504,1;BR-040/MG;Norte;Outros;1;0;0;0;0;0;0;0;0;0;1;0;1;0;0
28/06/2016;20:56:00;279;Acidente com Vítima;2,1;BR-040/MG;Sul;Capotamento;2;0;0;0;0;0;0;0;0;0;1;4;0;1;0
28/06/2016;17:55:00;219;Acidente com Vítima;628,2;BR-040/MG;Sul;Colisão traseira;2;0;0;0;0;0;0;0;0;0;3;1;0;0;0
28/06/2016;16:52:00;205;Acidente com Vítima;529,3;BR-040/MG;Norte;Abalroamento - Longitudinal;1;0;0;1;0;0;0;0;0;0;2;1;0;0;0
28/06/2016;15:06:00;187;Acidente com Vítima;27,1;BR-040/GO;Norte;Outros;1;0;0;1;0;0;0;0;0;0;1;1;0;0;0
28/06/2016;11:05:00;132;Acidente sem Vítima;730,1;BR-040/MG;Norte;Choque em barreira New Jersey;1;0;0;0;0;0;0;0;0;0;1;0;0;0;0
28/06/2016;08:56:00;98;Acidente sem Vítima;742,9;BR-040/MG;Norte;Colisão traseira;2;0;0;0;0;0;0;0;0;0;2;0;0;0;0
28/06/2016;07:57:00;76;Acidente com Vítima;529,115;BR-040/MG;Sul;Outros;0;0;0;1;0;0;0;0;0;0;0;1;0;0;0
28/06/2016;06:51:00;41;Atropelamento sem Morte;528,1;BR-040/MG;Sul;Atropelamento - Pedestre caminhando;0;0;1;0;0;0;0;0;0;0;1;1;0;0;0
29/06/2016;22:35:00;290;Acidente sem Vítima;700,2;BR-040/MG;Sul;Colisão traseira;1;0;0;0;0;1;0;0;0;0;3;0;0;0;0
29/06/2016;20:24:00;267;Atropelamento sem Morte;6,8;BR-040/GO;Sul;Atropelamento - Pedestre atravessando;0;0;0;1;0;0;0;0;0;0;2;0;1;0;0
29/06/2016;18:51:00;241;Acidente sem Vítima;649,3;BR-040/MG;Sul;Atropelamento - Animal;0;0;1;0;0;0;0;0;0;0;1;0;0;0;0
29/06/2016;18:25:00;228;Acidente com Vítima;632;BR-040/MG;Norte;Colisão traseira;0;0;1;0;0;0;0;0;0;1;2;3;0;0;0
29/06/2016;18:12:00;224;Acidente sem Vítima;516,022;BR-040/MG;Norte;Colisão traseira;2;0;0;0;0;1;0;0;0;0;4;0;0;0;0
29/06/2016;17:40:00;213;Acidente sem Vítima;1,238;BR-040/GO;Sul;Colisão traseira;0;0;0;3;0;0;0;0;0;0;3;0;0;0;0
29/06/2016;17:16:00;207;Acidente com Vítima;551,3;BR-040/MG;Norte;Abalroamento - Transversal;0;0;0;1;0;1;0;0;0;0;1;1;0;0;0
29/06/2016;15:12:00;178;Atropelamento sem Morte;525,2;BR-040/MG;Norte;Atropelamento - Pedestre atravessando;1;0;0;0;0;0;0;0;0;0;1;1;0;0;0
29/06/2016;14:52:00;172;Acidente com Vítima;683,99;BR-040/MG;Sul;Choque com objeto fixo;2;0;0;0;0;0;0;0;0;0;1;0;1;0;0
29/06/2016;12:18:00;139;Acidente sem Vítima;74,548;BR-040/MG;Norte;Outros;1;0;1;0;0;0;0;0;0;0;2;0;0;0;0
29/06/2016;10:55:00;117;Acidente com Vítima;12,3;BR-040/GO;Norte;Colisão traseira;1;0;1;0;0;0;0;0;0;0;2;1;1;0;0
29/06/2016;09:45:00;103;Acidente com Vítima;539,5;BR-040/MG;Sul;Colisão traseira;3;0;0;0;0;0;0;0;0;0;2;1;0;0;0
29/06/2016;08:34:00;80;Acidente sem Vítima;2,4;BR-040/GO;Sul;Colisão traseira;2;0;0;0;0;0;0;0;0;0;2;0;0;0;0
29/06/2016;08:13:00;72;Acidente sem Vítima;534,12;BR-040/MG;Sul;Colisão traseira;2;0;0;0;0;0;0;0;0;0;2;0;0;0;0
29/06/2016;03:38:00;18;Acidente sem Vítima;477,6;BR-040/MG;Norte;Outros;1;0;0;0;0;0;0;0;0;0;1;0;0;0;0
30/06/2016;22:49:00;362;Acidente sem Vítima;0,8;BR-040/DF;Norte;Capotamento;2;0;0;0;0;0;0;0;0;0;2;0;0;0;0
30/06/2016;20:20:00;327;Acidente sem Vítima;147,995;BR-040/GO;Sul;Outros;0;0;1;0;0;0;0;0;0;0;1;0;0;0;0
30/06/2016;20:16:00;326;Atropelamento sem Morte;2,3;BR-040/GO;Norte;Atropelamento - Pedestre atravessando;1;0;0;0;0;0;0;0;0;0;1;1;0;0;0
30/06/2016;20:15:00;325;Acidente com Vítima;3;BR-040/DF;Sul;Abalroamento - Longitudinal;1;0;0;1;0;0;0;0;0;0;3;0;0;0;0
30/06/2016;19:31:00;311;Acidente sem Vítima;0,3;BR-040/DF;Sul;Abalroamento - Longitudinal;1;0;1;0;0;0;0;0;0;0;5;0;0;0;0
30/06/2016;19:30:00;310;Acidente com Vítima;3,452;BR-040/DF;Norte;Capotamento;1;0;0;0;0;0;0;0;0;0;1;1;0;0;0
30/06/2016;18:18:00;288;Acidente com Vítima;511,95;BR-040/MG;Norte;Colisão traseira;1;0;0;1;0;0;0;0;0;0;1;0;1;0;0
30/06/2016;17:33:00;274;Atropelamento sem Morte;1,5;BR-040/GO;Sul;Atropelamento - Pedestre atravessando;1;0;0;0;0;0;0;0;0;0;1;0;1;0;0
30/06/2016;17:16:00;269;Acidente com Vítima;508,8;BR-040/MG;Norte;Abalroamento - Longitudinal;1;0;0;1;0;0;0;0;0;0;1;0;1;0;0
30/06/2016;17:12:00;267;Atropelamento sem Morte;13,8;BR-040/GO;Sul;Atropelamento - Ciclista;0;1;0;0;1;0;0;0;0;0;30;0;1;0;0
30/06/2016;16:46:00;257;Acidente com Vítima;739,7;BR-040/MG;Norte;Choque em defensa;1;0;0;0;0;0;0;0;0;0;0;1;0;0;0
30/06/2016;14:56:00;229;Acidente sem Vítima;508,8;BR-040/MG;Sul;Queda de Carga;0;0;1;0;0;0;0;0;0;0;1;0;0;0;0