data;horario;n_da_ocorrencia;tipo_de_ocorrencia;km;trecho;sentido;tipo_de_acidente;automovel;bicicleta;caminhao;moto;onibus;outros;tracao_animal;transporte_de_cargas_especiais;trator_maquinas;utilitarios;ilesos;levemente_feridos;moderadamente_feridos;gravemente_feridos;mortos
30/06/2016;14:50:00;224;Acidente sem Vítima;470,001;BR-040/MG;Norte;Capotamento;1;0;0;0;0;0;0;0;0;0;1;0;0;0;0
30/06/2016;11:32:00;154;Acidente sem Vítima;577,224;BR-040/MG;Sul;Colisão traseira;0;0;2;0;0;0;0;0;0;0;3;0;0;0;0
30/06/2016;10:50:00;143;Acidente sem Vítima;536,5;BR-040/MG;Norte;Colisão traseira;1;0;1;0;0;0;0;0;0;0;2;0;0;0;0
30/06/2016;10:17:00;131;Acidente com Vítima;3,001;BR-040/GO;Sul;Abalroamento - Transversal;1;0;0;1;0;0;0;0;0;0;2;1;0;0;0
30/06/2016;09:57:00;122;Acidente com Vítima;541,001;BR-040/MG;Norte;Abalroamento - Longitudinal;1;0;0;1;0;0;0;0;0;0;1;0;1;0;0
30/06/2016;09:25:00;108;Acidente sem Vítima;541;BR-040/MG;Sul;Colisão traseira;3;0;0;1;0;0;0;0;0;0;4;0;0;0;0
30/06/2016;08:10:00;77;Acidente com Vítima;5,1;BR-040/DF;Norte;Abalroamento - Transversal;1;0;0;1;0;0;0;0;0;0;2;1;0;0;0
30/06/2016;07:50:00;65;Acidente sem Vítima;543;BR-040/MG;Sul;Colisão traseira;2;0;0;0;0;0;0;0;0;0;2;0;0;0;0
30/06/2016;07:10:00;39;Acidente sem Vítima;336,5;BR-040/MG;Norte;Capotamento;1;0;0;0;0;0;0;0;0;0;1;0;0;0;0
30/06/2016;06:32:00;32;Acidente com Vítima;3,4;BR-040/GO;Norte;Abalroamento - Transversal;1;1;0;0;0;0;0;0;0;0;1;1;0;0;0
30/06/2016;04:25:00;21;Acidente sem Vítima;529,5;BR-040/MG;Norte;Capotamento;1;0;0;0;0;0;0;0;0;0;1;0;0;0;0
30/06/2016;02:34:00;9;Acidente com Vítima;546,3;BR-040/MG;Sul;Colisão traseira;1;0;2;0;0;0;0;0;0;0;3;2;0;0;0
01/07/2016;20:52:00;352;Acidente sem Vítima;2,137;BR-040/DF;Sul;Colisão traseira;5;0;0;0;0;0;0;0;0;0;6;0;0;0;0
01/07/2016;19:38:00;330;Acidente sem Vítima;42;BR-040/MG;Norte;Abalroamento longitudinal;2;0;0;0;0;0;0;0;0;0;2;0;0;0;0
01/07/2016;16:10:00;246;Acidente sem Vítima;3,9;BR-040/MG;Sul;Abalroamento longitudinal;2;0;0;0;0;0;0;0;0;0;2;0;0;0;0
01/07/2016;14:46:00;223;Acidente com Vítima;8,5;BR-040/GO;Sul;Choque com objeto fixo;1;0;0;0;0;0;0;0;0;0;1;0;1;0;0
01/07/2016;14:16:00;212;Acidente com Vítima;114;BR-040/GO;Norte;Outros;0;0;0;1;0;0;0;0;0;0;1;1;1;0;0
01/07/2016;13:24:00;194;Acidente com Vítima;689,75;BR-040/MG;Sul;Choque com objeto fixo;1;0;0;0;0;0;0;0;0;0;1;1;0;0;0
01/07/2016;12:45:00;177;Acidente sem Vítima;487;BR-040/MG;Norte;Colisão traseira;2;0;0;0;0;0;0;0;0;0;2;0;0;0;0
01/07/2016;10:39:00;144;Acidente sem Vítima;1,5;BR-040/GO;Norte;Outros;0;0;0;1;0;0;0;0;0;0;1;0;0;0;0
01/07/2016;08:50:00;113;Acidente sem Vítima;542,5;BR-040/MG;Sul;Colisão traseira;2;0;0;0;0;0;0;0;0;0;2;0;0;0;0
01/07/2016;07:40:00;75;Acidente sem Vítima;2,5;BR-040/DF;Norte;Colisão traseira;4;0;0;0;0;0;0;0;0;0;4;0;0;0;0
01/07/2016;06:23:00;47;Acidente sem Vítima;285,001;BR-040/MG;Norte;Capotamento;1;0;0;0;0;0;0;0;0;0;3;0;0;0;0
01/07/2016;06:03:00;44;Acidente sem Vítima;7;BR-040/GO;Sul;Outros;0;0;0;1;0;0;0;0;0;0;1;0;0;0;0
01/07/2016;00:09:00;3;Acidente com Vítima;106,056;BR-040/MG;Sul;Queda de Carga;0;0;1;0;0;0;0;0;0;0;0;1;0;0;0
02/07/2016;21:10:00;266;Acidente sem Vítima;524,8;BR-040/MG;Norte;Colisão traseira;2;0;0;0;0;0;0;0;0;0;5;0;0;0;0
02/07/2016;20:06:00;256;Acidente sem Vítima;40,1;BR-040/MG;Norte;Outros;2;0;0;0;0;0;0;0;0;0;2;0;0;0;0
02/07/2016;18:33:00;228;Acidente com Vítima;19,1;BR-040/GO;Norte;Colisão traseira;2;0;0;0;0;0;0;0;0;0;0;0;2;0;0
02/07/2016;18:24:00;226;Acidente com Vítima;509,1;BR-040/MG;Sul;Colisão traseira;2;0;0;0;0;0;0;0;0;0;3;1;0;0;0
02/07/2016;17:31:00;214;Atropelamento sem Morte;13,1;BR-040/GO;Norte;Atropelamento de pedestre atravessando;0;0;1;0;0;0;0;0;0;0;1;0;1;0;0
02/07/2016;15:16:00;185;Acidente com Vítima;33,4;BR-040/GO;Norte;Choque em barreira New Jersey;1;0;0;0;0;0;0;0;0;0;1;0;1;0;0
02/07/2016;14:58:00;180;Acidente com Vítima;517,043;BR-040/MG;Sul;Outros;0;0;0;1;0;0;0;0;0;0;0;1;0;0;0
02/07/2016;12:13:00;139;Acidente sem Vítima;668;BR-040/MG;Norte;Outros;0;0;1;1;0;0;0;0;0;0;2;0;0;0;0
02/07/2016;09:55:00;108;Acidente sem Vítima;552,9;BR-040/MG;Sul;Outros;0;0;0;1;0;0;0;0;0;0;1;0;0;0;0
02/07/2016;09:53:00;106;Acidente com Vítima;486;BR-040/MG;Sul;Capotamento;1;0;0;0;0;0;0;0;0;0;0;0;1;0;0
02/07/2016;09:41:00;100;Acidente com Vítima;15,1;BR-040/GO;Norte;Colisão traseira;1;0;0;1;0;0;0;0;0;0;1;1;0;0;0
02/07/2016;09:03:00;94;Acidente sem Vítima;714,15;BR-040/MG;Norte;Colisão traseira;1;0;1;0;0;0;0;0;0;0;2;0;0;0;0
02/07/2016;07:44:00;66;Acidente sem Vítima;41,2;BR-040/MG;Sul;Choque com objeto fixo;0;0;1;0;0;0;0;0;0;0;1;0;0;0;0
02/07/2016;06:56:00;53;Acidente sem Vítima;536,3;BR-040/MG;Sul;Capotamento;1;0;0;0;0;0;0;0;0;0;1;0;0;0;0
02/07/2016;05:08:00;32;Atropelamento com Morte;517,25;BR-040/MG;Norte;Atropelamento de pedestre atravessando;0;0;1;0;0;0;0;0;0;0;1;0;0;0;1
02/07/2016;02:59:00;24;Acidente sem Vítima;3,7;BR-040/DF;Norte;Choque com objeto fixo;1;0;0;0;0;0;0;0;0;0;1;0;0;0;0
03/07/2016;21:29:00;240;Acidente sem Vítima;15,1;BR-040/GO;Norte;Capotamento;1;0;0;0;0;0;0;0;0;0;1;0;0;0;0
03/07/2016;19:29:00;208;Atropelamento com Morte;67,1;BR-040/GO;Sul;Atropelamento de pedestre atravessando;0;0;0;0;2;0;0;0;0;0;90;0;0;0;1
03/07/2016;19:20:00;203;Atropelamento sem Morte;8,1;BR-040/GO;Sul;Atropelamento de pedestre atravessando;1;0;0;0;0;0;0;0;0;0;1;0;1;0;0
03/07/2016;18:38:00;183;Acidente sem Vítima;551,6;BR-040/MG;Norte;Colisão traseira;2;0;0;0;0;0;0;0;0;0;3;0;0;0;0
03/07/2016;18:32:00;180;Acidente sem Vítima;12,6;BR-040/GO;Sul;Abalroamento longitudinal;2;0;0;0;0;0;0;0;0;0;2;0;0;0;0
03/07/2016;17:30:00;164;Acidente sem Vítima;514,564;BR-040/MG;Sul;Colisão traseira;4;0;0;0;0;0;0;0;0;0;5;0;0;0;0
03/07/2016;17:01:00;158;Acidente sem Vítima;510,35;BR-040/MG;Norte;Colisão traseira;3;0;0;0;0;0;0;0;0;0;6;0;0;0;0
03/07/2016;16:46:00;154;Acidente sem Vítima;510,38;BR-040/MG;Sul;Colisão traseira;3;0;0;0;0;0;0;0;0;0;10;0;0;0;0
03/07/2016;16:36:00;150;Acidente sem Vítima;5,117;BR-040/GO;Norte;Colisão traseira;2;0;0;0;0;0;0;0;0;0;2;0;0;0;0
03/07/2016;16:10:00;143;Acidente sem Vítima;517,59;BR-040/MG;Norte;Colisão traseira;2;0;0;0;0;0;0;0;0;0;8;0;0;0;0
03/07/2016;15:26:00;123;Acidente sem Vítima;515,25;BR-040/MG;Sul;Colisão traseira;3;0;0;0;0;0;0;0;0;0;7;0;0;0;0
03/07/2016;15:16:00;122;Acidente sem Vítima;672,3;BR-040/MG;Sul;Abalroamento transversal;2;0;0;0;0;0;0;0;0;0;2;0;0;0;0
03/07/2016;10:22:00;73;Acidente com Vítima;563,121;BR-040/MG;Sul;Colisão traseira;3;0;0;0;0;0;0;0;0;0;4;0;1;0;0
03/07/2016;09:11:00;54;Acidente sem Vítima;2,3;BR-040/GO;Sul;Abalroamento longitudinal;2;0;0;0;0;0;0;0;0;0;2;0;0;0;0
03/07/2016;07:48:00;43;Acidente sem Vítima;740,15;BR-040/MG;Norte;Outros;0;0;0;1;0;0;0;0;0;0;1;0;0;0;0
03/07/2016;06:06:00;29;Acidente com Vítima;529,1;BR-040/MG;Norte;Capotamento;1;0;0;0;0;0;0;0;0;0;1;1;0;0;0
03/07/2016;03:59:00;21;Acidente sem Vítima;455,5;BR-040/MG;Sul;Choque com objeto fixo;1;0;0;0;0;0;0;0;0;0;2;0;0;0;0
03/07/2016;03:30:00;20;Acidente sem Vítima;524,8;BR-040/MG;Sul;Choque com objeto fixo;1;0;0;0;0;0;0;0;0;0;1;0;0;0;0
03/07/2016;00:33:00;8;Acidente sem Vítima;530,42;BR-040/MG;Sul;Capotamento;1;0;0;0;0;0;0;0;0;0;2;0;0;0;0
04/07/2016;23:35:00;322;Acidente com Vítima;700,1;BR-040/MG;Norte;Outros;1;0;0;1;0;0;0;0;0;0;1;0;2;0;0
04/07/2016;22:53:00;314;Acidente com Vítima;705,5;BR-040/MG;Sul;Choque em barreira New Jersey;1;0;0;0;0;0;0;0;0;0;1;0;1;0;0
04/07/2016;18:42:00;256;Acidente sem Vítima;5;BR-040/DF;Sul;Colisão traseira;2;0;0;0;0;0;0;0;0;0;2;0;0;0;0
04/07/2016;18:26:00;251;Acidente sem Vítima;534,4;BR-040/MG;Norte;Colisão traseira;3;0;0;0;0;0;0;0;0;0;8;0;0;0;0
04/07/2016;15:48:00;218;Acidente sem Vítima;528,5;BR-040/MG;Sul;Colisão traseira;2;0;1;0;0;0;0;0;0;0;3;0;0;0;0
04/07/2016;14:45:00;200;Acidente sem Vítima;692,5;BR-040/MG;Sul;Colisão traseira;2;0;0;0;0;0;0;0;0;0;2;0;0;0;0
04/07/2016;14:14:00;192;Acidente sem Vítima;289,4;BR-040/MG;Norte;Choque com objeto fixo;1;0;0;0;0;0;0;0;0;0;1;0;0;0;0
04/07/2016;13:05:00;167;Acidente sem Vítima;623;BR-040/MG;Sul;Colisão traseira;2;0;0;0;0;0;0;0;0;0;2;0;0;0;0
04/07/2016;12:34:00;157;Acidente sem Vítima;605,7;BR-040/MG;Norte;Outros;2;0;0;0;0;0;0;0;0;0;2;0;0;0;0
04/07/2016;12:16:00;153;Acidente sem Vítima;505,7;BR-040/MG;Norte;Abalroamento longitudinal;1;0;1;0;0;0;0;0;0;0;6;0;0;0;0
04/07/2016;09:28:00;104;Acidente com Vítima;533,454;BR-040/MG;Sul;Colisão traseira;1;0;0;1;0;0;0;0;0;0;2;1;0;0;0
04/07/2016;09:11:00;97;Acidente sem Vítima;599,5;BR-040/MG;Norte;Colisão traseira;4;0;1;0;0;0;0;0;0;0;5;0;0;0;0
04/07/2016;07:11:00;37;Acidente com Vítima;1,9;BR-040/DF;Norte;Colisão traseira;1;0;0;1;0;0;0;0;0;0;1;1;0;0;0
04/07/2016;07:11:00;38;Acidente sem Vítima;552,314;BR-040/MG;Norte;Choque em defensa;1;0;0;0;0;0;0;0;0;0;1;0;0;0;0
05/07/2016;20:52:00;313;Acidente sem Vítima;660,4;BR-040/MG;Norte;Abalroamento transversal;1;0;1;0;0;0;0;0;0;0;2;0;0;0;0
05/07/2016;19:38:00;288;Acidente com Vítima;233,5;BR-040/MG;Sul;Abalroamento longitudinal;1;0;2;0;0;0;0;0;0;0;4;0;1;0;0
05/07/2016;09:40:00;119;Acidente sem Vítima;2,7;BR-040/GO;Sul;Colisão traseira;2;0;0;0;0;0;0;0;0;0;2;0;0;0;0
05/07/2016;08:26:00;87;Acidente com Vítima;0;Fora_Rota;Norte;Abalroamento transversal;1;0;0;1;0;0;0;0;0;0;1;1;0;0;0
06/07/2016;20:39:00;263;Acidente sem Vítima;119,1;BR-040/GO;Sul;Capotamento;2;0;0;0;0;0;0;0;0;0;2;0;0;0;0
06/07/2016;18:41:00;223;Atropelamento sem Morte;565,3;BR-040/MG;Sul;Atropelamento de pedestre caminhando;1;0;0;0;0;0;0;0;0;0;1;0;0;1;0
06/07/2016;18:08:00;214;Acidente sem Vítima;532,1;BR-040/MG;Norte;Colisão traseira;1;0;0;1;0;0;0;0;0;0;2;0;0;0;0
06/07/2016;17:06:00;196;Atropelamento com Morte;530,6;BR-040/MG;Sul;Atropelamento de pedestre atravessando;0;0;1;0;0;0;0;0;0;0;1;0;0;0;1
06/07/2016;08:29:00;81;Acidente sem Vítima;516,36;BR-040/MG;Sul;Colisão traseira;2;0;0;0;0;0;0;0;0;0;2;0;0;0;0
06/07/2016;07:07:00;30;Acidente com Vítima;7,6;BR-040/DF;Norte;Outros;0;0;0;1;0;0;0;0;0;0;0;1;0;0;0
06/07/2016;06:42:00;23;Acidente sem Vítima;523,3;BR-040/MG;Sul;Capotamento;1;0;0;0;1;0;0;0;0;0;2;0;0;0;0
06/07/2016;03:28:00;10;Acidente com Vítima;541,6;BR-040/MG;Norte;Abalroamento longitudinal;1;0;0;0;1;0;0;0;0;0;1;1;0;0;0
07/07/2016;21:25:00;309;Atropelamento sem Morte;12,75;BR-040/GO;Sul;Atropelamento de ciclista;1;0;0;0;0;0;0;0;0;0;1;1;0;0;0
07/07/2016;19:38:00;289;Acidente com Vítima;509,745;BR-040/MG;Norte;Colisão traseira;1;0;0;1;0;0;0;0;0;0;1;2;0;0;0
07/07/2016;19:32:00;287;Acidente com Vítima;19,4;BR-040/GO;Norte;Abalroamento transversal;2;0;0;0;0;0;0;0;0;0;1;1;1;0;0
07/07/2016;19:18:00;282;Acidente sem Vítima;0,4;BR-040/DF;Norte;Capotamento;1;0;0;0;0;0;0;0;0;0;1;0;0;0;0
07/07/2016;17:31:00;252;Acidente sem Vítima;538,15;BR-040/MG;Norte;Colisão traseira;1;0;1;0;0;0;0;0;0;0;2;0;0;0;0
07/07/2016;16:11:00;224;Acidente sem Vítima;518,6;BR-040/MG;Norte;Capotamento;1;0;0;0;0;0;0;0;0;0;2;0;0;0;0
07/07/2016;15:52:00;218;Acidente sem Vítima;3,1;BR-040/GO;Norte;Colisão traseira;3;0;0;0;0;0;0;0;0;0;3;0;0;0;0
07/07/2016;13:53:00;183;Acidente sem Vítima;538,9;BR-040/MG;Sul;Colisão traseira;1;0;1;0;0;0;0;0;0;0;2;0;0;0;0
07/07/2016;13:39:00;180;Acidente sem Vítima;5,8;BR-040/DF;Sul;Abalroamento longitudinal;1;0;1;0;0;0;0;0;0;0;2;0;0;0;0
07/07/2016;12:12:00;159;Acidente sem Vítima;753,661;BR-040/MG;Sul;Capotamento;1;0;0;0;0;0;0;0;0;0;1;0;0;0;0
07/07/2016;12:01:00;158;Acidente sem Vítima;0,1;BR-040/DF;Sul;Colisão traseira;2;0;0;0;0;0;0;0;0;0;2;0;0;0;0
07/07/2016;08:12:00;88;Acidente com Vítima;496,17;BR-040/MG;Sul;Abalroamento longitudinal;1;0;1;0;0;0;0;0;0;0;1;1;0;0;0
07/07/2016;07:30:00;66;Acidente com Vítima;543,99;BR-040/MG;Norte;Outros;1;0;0;1;0;0;0;0;0;0;1;1;0;0;0
07/07/2016;05:09:00;30;Acidente com Vítima;457,65;BR-040/MG;Norte;Choque em veículo parado na pista;2;0;0;0;0;0;0;0;0;0;1;0;1;0;0
07/07/2016;02:28:00;21;Acidente sem Vítima;583,288;BR-040/MG;Sul;Choque com objeto fixo;1;0;0;0;0;0;0;0;0;0;2;0;0;0;0
07/07/2016;02:22:00;20;Acidente sem Vítima;562,75;BR-040/MG;Norte;Atropelamento de animal;1;0;0;0;0;0;0;0;0;0;1;0;0;0;0
08/07/2016;23:46:00;402;Acidente com Vítima;530,089;BR-040/MG;Sul;Colisão traseira;2;0;0;0;0;0;0;0;0;0;2;0;1;0;0
08/07/2016;21:14:00;368;Acidente com Vítima;527,5;BR-040/MG;Sul;Outros;0;0;0;1;0;0;0;0;0;0;0;0;1;0;0
08/07/2016;20:43:00;362;Acidente sem Vítima;456,028;BR-040/MG;Sul;Outros;0;0;0;1;0;0;0;0;0;0;1;0;0;0;0
08/07/2016;20:29:00;357;Acidente com Vítima;11,26;BR-040/GO;Sul;Colisão traseira;1;0;1;1;0;0;0;0;0;0;4;0;1;0;0
08/07/2016;20:19:00;351;Acidente sem Vítima;456,028;BR-040/MG;Sul;Abalroamento longitudinal;0;0;2;0;0;0;0;0;0;0;2;0;0;0;0
08/07/2016;19:29:00;334;Acidente sem Vítima;536;BR-040/MG;Sul;Abalroamento longitudinal;1;0;1;0;0;0;0;0;0;0;2;0;0;0;0
08/07/2016;19:13:00;331;Acidente com Vítima;43,13;BR-040/MG;Sul;Abalroamento longitudinal;0;0;1;1;0;0;0;0;0;0;3;1;0;0;0
08/07/2016;19:11:00;328;Atropelamento sem Morte;12,055;BR-040/GO;Sul;Atropelamento de pedestre atravessando;1;0;0;1;1;0;0;0;0;0;28;0;1;0;0
08/07/2016;18:04:00;295;Acidente com Vítima;608,35;BR-040/MG;Sul;Abalroamento transversal;1;0;1;0;0;0;0;0;0;0;1;5;0;0;0
08/07/2016;17:37:00;285;Acidente com Vítima;0,3;BR-040/GO;Norte;Colisão traseira;1;0;0;1;0;0;0;0;0;0;1;0;1;0;0
08/07/2016;17:13:00;277;Acidente sem Vítima;597,89;BR-040/MG;Norte;Colisão traseira;1;0;1;0;0;0;0;0;0;0;2;0;0;0;0
08/07/2016;17:01:00;271;Acidente com Vítima;538,2;BR-040/MG;Norte;Colisão traseira;1;0;0;2;0;0;0;0;0;0;0;2;1;0;0
08/07/2016;16:24:00;264;Acidente sem Vítima;123;BR-040/MG;Norte;Capotamento;1;0;0;0;0;0;0;0;0;0;1;0;0;0;0
08/07/2016;15:28:00;242;Acidente sem Vítima;595,016;BR-040/MG;Sul;Colisão traseira;4;0;0;0;0;0;0;0;0;0;6;0;0;0;0
08/07/2016;14:37:00;223;Acidente com Vítima;9,9;BR-040/GO;Sul;Colisão traseira;1;0;0;1;0;0;0;0;0;0;1;2;0;0;0
08/07/2016;14:09:00;207;Acidente com Vítima;579,854;BR-040/MG;Sul;Abalroamento longitudinal;1;0;1;0;0;0;0;0;0;0;3;1;0;0;0
08/07/2016;14:04:00;204;Acidente sem Vítima;1,9;BR-040/GO;Sul;Abalroamento transversal;1;0;0;1;0;0;0;0;0;0;2;0;0;0;0
08/07/2016;13:51:00;197;Acidente sem Vítima;5,3;BR-040/GO;Norte;Colisão traseira;2;0;0;0;0;0;0;0;0;0;2;0;0;0;0
08/07/2016;12:09:00;162;Acidente sem Vítima;600,626;BR-040/MG;Sul;Abalroamento longitudinal;1;0;0;0;1;0;0;0;0;0;3;0;0;0;0
08/07/2016;11:51:00;154;Acidente com Vítima;587,104;BR-040/MG;Sul;Colisão traseira;0;0;1;1;0;0;0;0;0;0;1;1;0;0;0
08/07/2016;09:46:00;110;Acidente sem Vítima;2,8;BR-040/GO;Sul;Colisão traseira;2;0;0;0;0;0;0;0;0;0;2;0;0;0;0
08/07/2016;06:13:00;25;Acidente com Vítima;607,968;BR-040/MG;Sul;Capotamento;3;0;0;0;0;0;0;0;0;0;3;1;0;0;0
08/07/2016;05:18:00;20;Acidente sem Vítima;526,4;BR-040/MG;Norte;Choque com objeto fixo;2;0;0;0;0;0;0;0;0;0;2;0;0;0;0
08/07/2016;04:45:00;15;Acidente com Morte;480,5;BR-040/MG;Norte;Capotamento;1;0;0;0;0;1;0;0;0;0;2;1;1;0;1
08/07/2016;00:09:00;1;Acidente com Vítima;558,7;BR-040/MG;Norte;Outros;0;0;0;1;0;0;0;0;0;0;0;0;1;0;0
09/07/2016;19:43:00;294;Acidente sem Vítima;621,857;BR-040/MG;Norte;Capotamento;1;0;0;0;0;0;0;0;0;0;2;0;0;0;0
09/07/2016;18:36:00;272;Acidente sem Vítima;4,3;BR-040/GO;Norte;Colisão traseira;4;0;0;0;0;0;0;0;0;0;4;0;0;0;0
09/07/2016;17:45:00;260;Acidente com Vítima;252,176;BR-040/MG;Norte;Capotamento;1;0;0;0;0;0;0;0;0;0;0;0;2;0;0
09/07/2016;17:35:00;256;Acidente com Vítima;120,272;BR-040/GO;Norte;Outros;0;0;0;1;0;0;0;0;0;0;0;2;0;0;0
09/07/2016;17:28:00;255;Acidente sem Vítima;1,5;BR-040/GO;Sul;Colisão traseira;3;0;0;0;0;0;0;0;0;0;3;0;0;0;0
09/07/2016;16:46:00;245;Acidente com Vítima;496,8;BR-040/MG;Norte;Capotamento;1;0;0;0;0;0;0;0;0;0;0;1;0;0;0
09/07/2016;15:49:00;234;Acidente sem Vítima;474,9;BR-040/MG;Sul;Outros;0;0;0;1;0;0;0;0;0;0;1;0;0;0;0
09/07/2016;15:34:00;231;Acidente com Vítima;358,15;BR-040/MG;Norte;Colisão traseira;2;0;0;0;0;0;0;0;0;0;0;2;0;0;0
09/07/2016;15:28:00;228;Acidente com Vítima;12,1;BR-040/GO;Norte;Capotamento;3;0;1;1;0;0;0;0;0;1;5;3;7;0;0
09/07/2016;13:56:00;211;Acidente sem Vítima;1,8;BR-040/GO;Sul;Colisão traseira;3;0;0;0;0;0;0;0;0;0;3;0;0;0;0
09/07/2016;13:49:00;209;Acidente sem Vítima;1;BR-040/GO;Sul;Colisão traseira;2;0;0;0;0;0;0;0;0;0;2;0;0;0;0
09/07/2016;12:56:00;195;Acidente com Vítima;428,7;BR-040/MG;Norte;Choque com objeto fixo;1;0;0;0;0;0;0;0;0;0;0;1;0;0;0
09/07/2016;11:43:00;164;Acidente com Vítima;553,56;BR-040/MG;Norte;Choque com objeto fixo;1;0;0;0;0;0;0;0;0;0;1;1;0;0;0
09/07/2016;07:52:00;84;Acidente com Vítima;526,6;BR-040/MG;Sul;Abalroamento longitudinal;1;0;0;1;0;0;0;0;0;0;1;1;0;0;0
09/07/2016;07:45:00;81;Acidente com Vítima;473,5;BR-040/MG;Norte;Capotamento;1;0;0;0;0;0;0;0;0;0;0;1;0;0;0
09/07/2016;06:48:00;57;Acidente sem Vítima;530,8;BR-040/MG;Norte;Outros;1;0;0;0;0;0;0;0;0;0;1;0;0;0;0
09/07/2016;05:55:00;48;Acidente com Vítima;12,8;BR-040/GO;Sul;Capotamento;1;0;0;0;0;0;0;0;0;0;1;1;0;0;0
09/07/2016;05:09:00;42;Acidente com Vítima;43;BR-040/MG;Norte;Abalroamento longitudinal;1;0;0;1;0;0;0;0;0;0;2;1;0;0;0
09/07/2016;00:25:00;6;Atropelamento com Morte;23,5;BR-040/GO;Sul;Atropelamento de pedestre atravessando;0;0;1;1;0;0;0;0;0;0;1;0;0;0;1
10/07/2016;23:07:00;294;Acidente sem Vítima;2,5;BR-040/DF;Norte;Colisão traseira;3;0;0;0;0;0;0;0;0;0;5;0;0;0;0
10/07/2016;22:53:00;290;Acidente sem Vítima;2,5;BR-040/DF;Norte;Capotamento;2;0;0;0;0;0;0;0;0;0;7;0;0;0;0
10/07/2016;21:04:00;266;Acidente sem Vítima;562,1;BR-040/MG;Sul;Capotamento;2;0;0;0;0;0;0;0;0;0;2;0;0;0;0
10/07/2016;20:00:00;248;Acidente sem Vítima;618,02;BR-040/MG;Sul;Choque com objeto fixo;0;0;0;1;0;0;0;0;0;0;1;0;0;0;0
10/07/2016;19:39:00;235;Acidente sem Vítima;72,5;BR-040/MG;Sul;Colisão traseira;1;0;0;0;0;1;0;0;0;0;3;0;0;0;0
10/07/2016;17:06:00;177;Acidente sem Vítima;510,5;BR-040/MG;Sul;Colisão traseira;2;0;0;0;0;0;0;0;0;0;2;0;0;0;0
10/07/2016;16:53:00;174;Acidente com Vítima;343,02;BR-040/MG;Sul;Outros;0;0;0;1;0;0;0;0;0;0;0;1;0;0;0
10/07/2016;16:45:00;170;Acidente com Vítima;5,33;BR-040/GO;Norte;Colisão traseira;1;0;0;1;0;0;0;0;0;0;1;1;0;0;0
10/07/2016;16:26:00;166;Acidente com Vítima;480,1;BR-040/MG;Sul;Choque com objeto fixo;1;0;0;0;0;0;0;0;0;0;0;0;1;0;0
10/07/2016;15:14:00;154;Acidente com Vítima;534,5;BR-040/MG;Sul;Queda de Carga;0;0;1;0;0;0;0;0;0;0;0;0;0;0;0
10/07/2016;13:58:00;135;Acidente sem Vítima;656,1;BR-040/MG;Norte;Choque com objeto fixo;1;0;0;0;0;0;0;0;0;0;2;0;0;0;0
10/07/2016;13:52:00;132;Acidente sem Vítima;127,4;BR-040/MG;Sul;Colisão traseira;2;0;0;0;0;0;0;0;0;0;2;0;0;0;0
10/07/2016;12:40:00;120;Acidente com Vítima;133,013;BR-040/MG;Norte;Outros;0;0;0;0;0;1;0;0;0;0;0;1;0;0;0
10/07/2016;11:23:00;103;Acidente com Vítima;34,5;BR-040/MG;Sul;Outros;0;0;0;1;0;0;0;0;0;0;0;1;0;0;0
10/07/2016;07:17:00;65;Acidente sem Vítima;3,547;BR-040/GO;Norte;Outros;0;0;0;1;0;0;0;0;0;0;1;0;0;0;0
10/07/2016;05:14:00;48;Acidente sem Vítima;187,9;BR-040/MG;Sul;Colisão traseira;0;0;2;0;0;0;0;0;0;0;2;0;0;0;0
10/07/2016;01:41:00;10;Acidente sem Vítima;4,177;BR-040/GO;Norte;Outros;1;0;0;0;0;0;0;0;0;0;1;0;0;0;0
11/07/2016;19:05:00;263;Acidente sem Vítima;535,1;BR-040/MG;Norte;Abalroamento longitudinal;1;0;1;0;0;0;0;0;0;0;2;0;0;0;0
11/07/2016;18:47:00;253;Acidente com Vítima;534,1;BR-040/MG;Norte;Outros;0;0;0;1;0;0;0;0;0;0;1;1;0;0;0
11/07/2016;18:38:00;247;Acidente sem Vítima;510,1;BR-040/MG;Norte;Colisão traseira;3;0;0;0;0;0;0;0;0;0;3;0;0;0;0
11/07/2016;15:57:00;207;Acidente sem Vítima;7,1;BR-040/GO;Norte;Abalroamento longitudinal;1;0;0;1;0;0;0;0;0;0;2;0;0;0;0
11/07/2016;15:25:00;201;Acidente sem Vítima;1,7;BR-040/GO;Sul;Colisão traseira;1;0;0;1;0;0;0;0;0;0;2;0;0;0;0
11/07/2016;15:23:00;200;Acidente sem Vítima;2,3;BR-040/GO;Sul;Colisão traseira;1;0;1;0;0;0;0;0;0;0;2;0;0;0;0
11/07/2016;12:24:00;162;Atropelamento sem Morte;4,8;BR-040/GO;Norte;Atropelamento de pedestre caminhando;1;0;0;0;0;0;0;0;0;0;1;1;0;0;0
11/07/2016;12:13:00;159;Acidente com Vítima;504,952;BR-040/MG;Norte;Capotamento;1;0;0;0;0;0;0;0;0;0;3;0;0;1;0
11/07/2016;07:52:00;72;Acidente sem Vítima;753,1;BR-040/MG;Sul;Choque com objeto fixo;1;0;0;0;0;0;0;0;0;0;1;0;0;0;0