data;horario;n_da_ocorrencia;tipo_de_ocorrencia;km;trecho;sentido;tipo_de_acidente;automovel;bicicleta;caminhao;moto;onibus;outros;tracao_animal;transporte_de_cargas_especiais;trator_maquinas;utilitarios;ilesos;levemente_feridos;moderadamente_feridos;gravemente_feridos;mortos
23/07/2016;22:10:00;300;Acidente sem Vítima;473,046;BR-040/MG;Norte;Colisão traseira;1;0;1;0;0;0;0;0;0;0;3;0;0;0;0
23/07/2016;20:19:00;275;Atropelamento sem Morte;43,1;BR-040/MG;Sul;Atropelamento de ciclista;1;0;0;0;0;0;0;0;0;0;1;1;0;0;0
23/07/2016;19:59:00;269;Atropelamento sem Morte;567,5;BR-040/MG;Sul;Atropelamento de pedestre atravessando;1;0;0;0;0;0;0;0;0;0;1;0;1;0;0
23/07/2016;18:57:00;244;Acidente com Vítima;648,8;BR-040/MG;Norte;Colisão traseira;1;0;0;1;0;0;0;0;0;0;1;0;1;0;0
23/07/2016;18:48:00;241;Acidente sem Vítima;509,5;BR-040/MG;Sul;Abalroamento longitudinal;2;0;0;0;0;0;0;0;0;0;5;0;0;0;0
23/07/2016;18:26:00;237;Acidente sem Vítima;509,1;BR-040/MG;Sul;Colisão traseira;3;0;0;0;0;0;0;0;0;0;7;0;0;0;0
23/07/2016;18:11:00;230;Acidente com Vítima;545,5;BR-040/MG;Sul;Abalroamento longitudinal;3;0;0;0;0;0;0;0;0;0;2;1;0;0;0
23/07/2016;18:07:00;228;Acidente com Vítima;413,1;BR-040/MG;Norte;Abalroamento longitudinal;1;0;1;0;0;0;0;0;0;0;4;0;0;0;0
23/07/2016;15:42:00;189;Acidente com Vítima;277,2;BR-040/MG;Sul;Outros;1;0;1;0;0;0;0;0;0;0;1;1;0;0;0
23/07/2016;15:12:00;180;Acidente com Vítima;527,15;BR-040/MG;Norte;Outros;0;0;0;1;0;0;0;0;0;0;0;1;0;0;0
23/07/2016;15:05:00;177;Acidente sem Vítima;507,2;BR-040/MG;Norte;Choque em defensa;0;0;2;0;0;0;0;0;0;0;2;0;0;0;0
23/07/2016;15:05:00;178;Acidente sem Vítima;714,2;BR-040/MG;Norte;Colisão traseira;1;0;1;0;0;0;0;0;0;0;3;0;0;0;0
23/07/2016;13:30:00;159;Acidente sem Vítima;549,15;BR-040/MG;Sul;Abalroamento longitudinal;2;0;0;0;0;0;0;0;0;0;4;0;0;0;0
23/07/2016;10:52:00;130;Acidente sem Vítima;727,05;BR-040/MG;Sul;Choque em barreira New Jersey;1;0;0;0;0;0;0;0;0;0;4;0;0;0;0
23/07/2016;10:06:00;116;Acidente com Vítima;465,2;BR-040/MG;Norte;Outros;0;0;0;1;0;0;0;0;0;0;0;0;1;0;0
23/07/2016;09:56:00;110;Acidente sem Vítima;730,05;BR-040/MG;Norte;Outros;2;0;0;0;0;0;0;0;0;0;2;0;0;0;0
23/07/2016;09:52:00;108;Acidente sem Vítima;661,02;BR-040/MG;Norte;Choque em defensa;1;0;0;0;0;0;0;0;0;0;2;0;0;0;0
23/07/2016;08:32:00;86;Acidente com Vítima;1,155;BR-040/GO;Norte;Colisão traseira;0;0;0;2;0;0;0;0;0;0;1;1;0;0;0
23/07/2016;05:54:00;49;Acidente sem Vítima;744,5;BR-040/MG;Norte;Outros;0;0;1;0;0;0;0;0;0;0;1;0;0;0;0
23/07/2016;03:49:00;39;Acidente sem Vítima;1,15;BR-040/DF;Sul;Capotamento;1;0;0;0;0;0;0;0;0;0;1;0;0;0;0
23/07/2016;01:44:00;22;Acidente sem Vítima;692,1;BR-040/MG;Sul;Colisão traseira;1;0;0;0;1;0;0;0;0;0;5;0;0;0;0
24/07/2016;22:03:00;266;Acidente sem Vítima;97,543;BR-040/GO;Norte;Atropelamento de animal;1;0;0;0;0;0;0;0;0;0;2;0;0;0;0
24/07/2016;21:28:00;260;Acidente sem Vítima;27,5;BR-040/GO;Sul;Abalroamento transversal;1;0;1;0;0;0;0;0;0;0;4;0;0;0;0
24/07/2016;20:42:00;250;Acidente sem Vítima;10,018;BR-040/GO;Norte;Colisão traseira;1;0;0;0;0;0;0;0;0;1;2;0;0;0;0
24/07/2016;20:38:00;248;Acidente sem Vítima;51,015;BR-040/GO;Norte;Colisão traseira;2;0;0;0;0;0;0;0;0;0;2;0;0;0;0
24/07/2016;20:25:00;241;Acidente sem Vítima;501,492;BR-040/MG;Sul;Colisão traseira;3;0;0;0;0;0;0;0;0;0;13;0;0;0;0
24/07/2016;19:50:00;230;Acidente sem Vítima;618,576;BR-040/MG;Sul;Capotamento;1;0;0;0;0;0;0;0;0;0;5;0;0;0;0
24/07/2016;19:41:00;226;Acidente sem Vítima;4,028;BR-040/GO;Norte;Abalroamento longitudinal;1;0;0;1;0;0;0;0;0;0;6;0;0;0;0
24/07/2016;18:18:00;206;Acidente sem Vítima;4,9;BR-040/GO;Norte;Colisão traseira;2;0;0;0;0;0;0;0;0;0;4;0;0;0;0
24/07/2016;17:31:00;186;Acidente sem Vítima;494,2;BR-040/MG;Sul;Colisão traseira;3;0;0;0;0;0;0;0;0;0;3;0;0;0;0
24/07/2016;17:29:00;184;Acidente com Vítima;10;BR-040/GO;Norte;Colisão traseira;1;0;0;1;0;0;0;0;0;0;2;1;0;0;0
24/07/2016;17:29:00;185;Acidente com Vítima;510,3;BR-040/MG;Sul;Outros;1;0;0;1;0;0;0;0;0;0;1;1;1;0;0
24/07/2016;17:08:00;176;Acidente sem Vítima;493,2;BR-040/MG;Sul;Outros;1;0;0;1;0;0;0;0;0;0;2;0;0;0;0
24/07/2016;17:01:00;173;Acidente com Morte;614,8;BR-040/MG;Sul;Abalroamento transversal;3;0;0;0;0;0;0;0;0;0;3;1;0;0;1
24/07/2016;16:57:00;171;Acidente com Vítima;510,5;BR-040/MG;Sul;Choque com objeto fixo;2;0;0;0;0;0;0;0;0;0;4;2;1;0;0
24/07/2016;15:48:00;145;Acidente sem Vítima;378;BR-040/MG;Sul;Outros;0;0;0;1;0;0;0;0;0;0;4;0;0;0;0
24/07/2016;15:43:00;143;Acidente com Vítima;534,6;BR-040/MG;Norte;Outros;0;0;0;1;0;0;0;0;0;0;0;2;0;0;0
24/07/2016;15:41:00;142;Acidente sem Vítima;556,19;BR-040/MG;Norte;Colisão traseira;4;0;0;1;0;0;0;0;0;0;5;0;0;0;0
24/07/2016;15:22:00;138;Acidente com Vítima;598;BR-040/MG;Norte;Colisão traseira;2;0;0;0;0;0;0;0;0;0;7;0;1;0;0
24/07/2016;13:09:00;110;Acidente com Vítima;605;BR-040/MG;Sul;Colisão traseira;1;0;0;1;0;0;0;0;0;0;3;0;1;0;0
24/07/2016;06:46:00;38;Acidente sem Vítima;164,8;BR-040/MG;Sul;Outros;1;0;0;0;0;0;0;0;0;0;2;0;0;0;0
24/07/2016;06:01:00;33;Acidente sem Vítima;730,8;BR-040/MG;Norte;Capotamento;1;0;0;0;0;0;0;0;0;0;1;0;0;0;0
24/07/2016;04:05:00;23;Acidente sem Vítima;535,15;BR-040/MG;Sul;Choque em barreira New Jersey;1;0;0;0;0;0;0;0;0;0;1;0;0;0;0
25/07/2016;20:37:00;401;Acidente com Vítima;735,5;BR-040/MG;Norte;Abalroamento longitudinal;1;0;1;0;0;0;0;0;0;0;1;1;0;0;0
25/07/2016;18:58:00;368;Acidente sem Vítima;515,5;BR-040/MG;Norte;Outros;1;0;0;0;0;0;0;0;0;0;2;0;0;0;0
25/07/2016;18:55:00;365;Atropelamento sem Morte;7,8;BR-040/GO;Norte;Atropelamento de pedestre atravessando;1;0;0;0;0;0;0;0;0;0;2;0;1;0;0
25/07/2016;18:47:00;361;Acidente com Vítima;27,138;BR-040/GO;Norte;Colisão traseira;2;0;0;0;0;0;0;0;0;0;4;0;1;0;0
25/07/2016;18:30:00;353;Acidente sem Vítima;499,95;BR-040/MG;Norte;Capotamento;1;0;0;0;0;0;0;0;0;0;1;0;0;0;0
25/07/2016;18:08:00;344;Acidente sem Vítima;767;BR-040/MG;Sul;Colisão traseira;2;0;0;0;0;0;0;0;0;0;4;0;0;0;0
25/07/2016;17:52:00;337;Acidente com Vítima;632;BR-040/MG;Norte;Abalroamento transversal;2;0;0;0;0;0;0;0;0;0;0;3;1;0;0
25/07/2016;17:51:00;336;Acidente com Vítima;5,5;BR-040/DF;Sul;Colisão traseira;1;0;0;1;0;0;0;0;0;0;2;0;1;0;0
25/07/2016;14:30:00;248;Acidente com Vítima;346,7;BR-040/MG;Norte;Abalroamento longitudinal;0;0;0;2;0;0;0;0;0;0;0;3;0;0;0
25/07/2016;13:48:00;228;Atropelamento sem Morte;4,438;BR-040/GO;Norte;Atropelamento de pedestre atravessando;0;0;0;1;0;0;0;0;0;0;0;1;1;0;0
25/07/2016;10:38:00;157;Acidente com Vítima;102,05;BR-040/GO;Norte;Capotamento;1;0;0;0;0;0;0;0;0;0;0;5;0;0;0
25/07/2016;10:22:00;148;Atropelamento sem Morte;760,5;BR-040/MG;Norte;Atropelamento de pedestre caminhando;1;0;0;0;0;0;0;0;0;0;1;1;0;0;0
25/07/2016;09:27:00;132;Acidente com Vítima;514;BR-040/MG;Norte;Capotamento;1;0;0;0;0;0;0;0;0;0;1;0;1;0;0
25/07/2016;09:01:00;120;Acidente sem Vítima;0,007;BR-040/GO;Norte;Abalroamento longitudinal;2;0;0;1;0;0;0;0;0;0;3;0;0;0;0
25/07/2016;07:38:00;72;Acidente com Vítima;533,7;BR-040/MG;Sul;Abalroamento longitudinal;1;0;0;1;0;0;0;0;0;0;1;1;0;0;0
25/07/2016;06:28:00;40;Acidente com Vítima;5,5;BR-040/DF;Norte;Abalroamento longitudinal;1;0;0;1;0;0;0;0;0;0;4;0;0;0;0
25/07/2016;06:21:00;38;Acidente com Vítima;541;BR-040/MG;Sul;Outros;0;0;0;1;0;0;0;0;0;0;0;1;0;0;0
25/07/2016;06:07:00;35;Atropelamento sem Morte;10,638;BR-040/GO;Norte;Atropelamento de pedestre caminhando;1;0;0;0;0;0;0;0;0;0;2;1;0;0;0
25/07/2016;00:23:00;3;Acidente com Vítima;2,8;BR-040/GO;Norte;Choque em barreira New Jersey;1;0;0;0;0;0;0;0;0;0;6;1;0;0;0
26/07/2016;19:39:00;290;Acidente sem Vítima;686,7;BR-040/MG;Sul;Outros;1;0;1;0;0;0;0;0;0;0;6;0;0;0;0
26/07/2016;19:35:00;287;Acidente sem Vítima;3,5;BR-040/DF;Sul;Colisão traseira;2;0;0;0;0;0;0;0;0;0;2;0;0;0;0
26/07/2016;15:09:00;206;Acidente com Vítima;627,645;BR-040/MG;Sul;Abalroamento longitudinal;3;0;0;0;0;0;0;0;0;0;2;0;0;0;0
26/07/2016;14:47:00;197;Acidente sem Vítima;433,223;BR-040/MG;Sul;Abalroamento longitudinal;2;0;0;0;0;0;0;0;0;0;2;0;0;0;0
26/07/2016;11:56:00;149;Acidente com Vítima;634,2;BR-040/MG;Sul;Colisão traseira;2;0;0;0;0;0;0;0;0;0;6;0;0;0;0
26/07/2016;09:21:00;97;Acidente sem Vítima;320,64;BR-040/MG;Sul;Capotamento;1;0;0;0;0;0;0;0;0;0;2;0;0;0;0
27/07/2016;23:13:00;359;Acidente sem Vítima;660,337;BR-040/MG;Norte;Colisão traseira;2;0;0;0;0;0;0;0;0;0;3;0;0;0;0
27/07/2016;22:12:00;352;Acidente com Vítima;462,85;BR-040/MG;Norte;Outros;0;0;0;1;0;0;0;0;0;0;0;1;0;0;0
27/07/2016;19:45:00;315;Acidente com Morte;15,03;BR-040/GO;Norte;Abalroamento longitudinal;1;0;0;1;0;0;0;0;0;0;1;0;0;0;1
27/07/2016;13:11:00;189;Acidente sem Vítima;530,3;BR-040/MG;Norte;Abalroamento longitudinal;1;0;0;0;1;0;0;0;0;0;3;0;0;0;0
27/07/2016;11:25:00;154;Acidente sem Vítima;140,6;BR-040/MG;Sul;Queda de Carga;0;0;0;0;0;1;0;0;0;0;1;0;0;0;0
27/07/2016;11:03:00;147;Acidente com Vítima;530,599;BR-040/MG;Sul;Abalroamento longitudinal;1;0;0;1;0;0;0;0;0;0;1;1;0;0;0
27/07/2016;09:10:00;111;Acidente sem Vítima;544,895;BR-040/MG;Sul;Colisão traseira;3;0;0;0;0;0;0;0;0;0;3;0;0;0;0
27/07/2016;08:45:00;104;Acidente sem Vítima;5,85;BR-040/DF;Norte;Abalroamento longitudinal;1;0;0;0;0;0;0;0;0;1;2;0;0;0;0
27/07/2016;08:10:00;87;Acidente sem Vítima;381,15;BR-040/MG;Sul;Atropelamento de animal;1;0;0;0;0;0;0;0;0;0;6;0;0;0;0
27/07/2016;06:39:00;38;Acidente sem Vítima;6,6;BR-040/GO;Norte;Colisão traseira;2;0;0;0;0;0;0;0;0;0;9;0;0;0;0
27/07/2016;06:12:00;33;Acidente sem Vítima;542;BR-040/MG;Sul;Colisão traseira;2;0;0;0;0;0;0;0;0;0;2;0;0;0;0
27/07/2016;05:47:00;29;Acidente com Vítima;7,4;BR-040/GO;Norte;Colisão traseira;1;0;0;1;0;0;0;0;0;0;1;1;0;0;0
27/07/2016;04:36:00;23;Acidente sem Vítima;622,33;BR-040/MG;Sul;Choque com objeto fixo;1;0;0;0;0;0;0;0;0;0;1;0;0;0;0
27/07/2016;00:48:00;6;Acidente com Vítima;728,1;BR-040/MG;Sul;Queda de Carga;1;0;0;0;0;0;0;0;0;0;0;0;0;1;0
28/07/2016;21:13:00;352;Acidente com Vítima;567,15;BR-040/MG;Sul;Colisão frontal;2;0;0;0;0;0;0;0;0;0;0;1;1;1;0
28/07/2016;19:34:00;320;Acidente sem Vítima;530,5;BR-040/MG;Norte;Colisão traseira;1;0;0;1;0;0;0;0;0;0;3;0;0;0;0
28/07/2016;18:48:00;309;Acidente sem Vítima;768,01;BR-040/MG;Sul;Abalroamento transversal;2;0;0;0;0;0;0;0;0;0;2;0;0;0;0
28/07/2016;18:01:00;291;Acidente com Vítima;527,54;BR-040/MG;Sul;Choque com objeto fixo;1;0;0;0;0;0;0;0;0;0;0;1;0;0;0
28/07/2016;17:39:00;287;Acidente sem Vítima;6,5;BR-040/GO;Sul;Colisão traseira;3;0;0;0;0;0;0;0;0;0;3;0;0;0;0
28/07/2016;14:57:00;229;Acidente com Vítima;281;BR-040/MG;Sul;Colisão traseira;0;0;1;1;0;0;0;0;0;0;2;2;0;0;0
28/07/2016;12:58:00;196;Acidente sem Vítima;1;BR-040/DF;Sul;Outros;1;0;0;0;0;0;0;0;0;0;1;0;0;0;0
28/07/2016;11:09:00;169;Acidente com Vítima;569,93;BR-040/MG;Norte;Abalroamento longitudinal;1;0;0;1;0;0;0;0;0;0;0;1;0;1;0
28/07/2016;10:01:00;146;Acidente sem Vítima;703,001;BR-040/MG;Sul;Colisão traseira;1;0;1;0;0;0;0;0;0;0;2;0;0;0;0
28/07/2016;09:58:00;143;Acidente com Vítima;99,9;BR-040/GO;Sul;Capotamento;0;0;0;0;0;1;0;0;0;0;0;1;1;0;0
28/07/2016;08:51:00;120;Acidente sem Vítima;462,146;BR-040/MG;Norte;Outros;0;0;0;1;0;0;0;0;0;0;2;0;0;0;0
28/07/2016;08:05:00;90;Acidente com Vítima;4,9;BR-040/GO;Norte;Abalroamento longitudinal;1;0;0;1;0;0;0;0;0;0;1;1;0;0;0
28/07/2016;07:07:00;52;Acidente com Vítima;538,661;BR-040/MG;Sul;Abalroamento longitudinal;1;0;0;1;0;1;0;0;0;0;2;0;1;0;0
28/07/2016;00:26:00;2;Acidente com Vítima;633,037;BR-040/MG;Sul;Abalroamento transversal;0;0;0;1;1;0;0;0;0;0;1;0;1;0;0
29/07/2016;21:06:00;393;Acidente com Vítima;2,3;BR-040/GO;Sul;Colisão traseira;3;0;0;0;0;0;0;0;0;0;8;1;0;0;0
29/07/2016;20:10:00;375;Acidente sem Vítima;0;Fora_Rota;Norte;Outros;1;0;0;0;0;0;0;0;0;0;2;0;0;0;0
29/07/2016;19:16:00;351;Acidente com Vítima;523,5;BR-040/MG;Norte;Colisão traseira;2;0;0;0;0;0;0;0;0;0;3;0;1;0;0
29/07/2016;18:57:00;342;Acidente com Vítima;704,01;BR-040/MG;Sul;Colisão traseira;2;0;0;0;0;0;0;0;0;0;2;0;3;0;0
29/07/2016;18:38:00;334;Atropelamento sem Morte;682,2;BR-040/MG;Norte;Atropelamento de pedestre caminhando;1;0;0;0;0;0;0;0;0;0;1;0;1;0;0
29/07/2016;17:13:00;302;Acidente sem Vítima;510,4;BR-040/MG;Norte;Colisão traseira;3;0;0;0;0;0;0;0;0;0;10;0;0;0;0
29/07/2016;17:09:00;300;Acidente sem Vítima;45,9;BR-040/GO;Sul;Capotamento;1;0;0;0;0;0;0;0;0;0;1;0;0;0;0
29/07/2016;17:06:00;298;Acidente com Vítima;58,005;BR-040/MG;Norte;Colisão traseira;0;0;2;1;1;0;0;0;0;0;28;0;1;0;0
29/07/2016;17:06:00;299;Acidente sem Vítima;510,8;BR-040/MG;Sul;Colisão traseira;1;0;0;1;0;0;0;0;0;0;2;0;0;0;0
29/07/2016;16:53:00;294;Acidente sem Vítima;509,83;BR-040/MG;Norte;Colisão traseira;3;0;0;0;0;0;0;0;0;0;5;0;0;0;0
29/07/2016;09:48:00;164;Acidente com Vítima;43,4;BR-040/MG;Norte;Abalroamento longitudinal;1;0;0;1;0;0;0;0;0;0;1;1;0;0;0
29/07/2016;09:08:00;144;Acidente com Vítima;549,8;BR-040/MG;Norte;Abalroamento longitudinal;1;0;0;1;0;0;0;0;0;0;2;1;0;0;0
29/07/2016;08:24:00;126;Acidente sem Vítima;717;BR-040/MG;Norte;Choque com objeto fixo;1;0;0;0;0;0;0;0;0;0;1;0;0;0;0
29/07/2016;08:10:00;120;Acidente sem Vítima;542,8;BR-040/MG;Sul;Colisão traseira;1;0;0;0;0;2;0;0;0;0;3;0;0;0;0
29/07/2016;08:09:00;119;Acidente sem Vítima;730;BR-040/MG;Norte;Choque em barreira New Jersey;1;0;0;0;0;0;0;0;0;0;1;0;0;0;0
29/07/2016;07:54:00;116;Acidente sem Vítima;720;BR-040/MG;Norte;Colisão traseira;1;0;1;0;0;0;0;0;0;0;2;0;0;0;0
29/07/2016;07:45:00;104;Acidente com Vítima;2,8;BR-040/DF;Norte;Abalroamento longitudinal;1;0;0;1;0;0;0;0;0;0;2;1;0;0;0
29/07/2016;06:39:00;52;Acidente com Vítima;2,5;BR-040/DF;Norte;Abalroamento longitudinal;1;0;0;1;0;0;0;0;0;0;2;1;0;0;0
29/07/2016;05:44:00;46;Acidente sem Vítima;730,85;BR-040/MG;Sul;Choque em barreira New Jersey;1;0;0;0;0;0;0;0;0;0;1;0;0;0;0
29/07/2016;05:10:00;41;Acidente sem Vítima;764,4;BR-040/MG;Norte;Capotamento;0;0;0;1;0;0;0;0;0;0;1;0;0;0;0
29/07/2016;00:48:00;7;Acidente sem Vítima;544,5;BR-040/MG;Sul;Abalroamento longitudinal;1;0;0;1;0;0;0;0;0;0;2;0;0;0;0
30/07/2016;22:11:00;289;Acidente sem Vítima;299,8;BR-040/MG;Norte;Queda de Carga;0;0;1;0;0;0;0;0;0;0;1;0;0;0;0
30/07/2016;20:35:00;269;Acidente com Vítima;147,1;BR-040/MG;Sul;Colisão traseira;2;0;0;0;0;0;0;0;0;0;2;2;0;0;0
30/07/2016;19:38:00;252;Acidente sem Vítima;533,01;BR-040/MG;Norte;Colisão traseira;2;0;0;0;0;0;0;0;0;0;5;0;0;0;0
30/07/2016;19:22:00;248;Atropelamento sem Morte;611,12;BR-040/MG;Norte;Atropelamento de pedestre caminhando;1;0;0;0;0;0;0;0;0;0;5;0;1;0;0
30/07/2016;16:13:00;191;Acidente sem Vítima;534,28;BR-040/MG;Norte;Outros;2;0;0;0;0;0;0;0;0;0;6;0;0;0;0
30/07/2016;16:11:00;189;Acidente com Vítima;606,662;BR-040/MG;Norte;Outros;0;0;0;1;0;0;0;0;0;0;1;1;0;0;0
30/07/2016;15:24:00;178;Acidente sem Vítima;10,15;BR-040/GO;Norte;Colisão traseira;1;0;1;0;0;0;0;0;0;0;2;0;0;0;0
30/07/2016;09:33:00;92;Acidente sem Vítima;8,5;BR-040/GO;Norte;Capotamento;1;0;0;0;0;0;0;0;0;0;2;0;0;0;0
30/07/2016;08:20:00;77;Acidente sem Vítima;682,447;BR-040/MG;Norte;Colisão traseira;2;0;0;0;0;0;0;0;0;0;7;0;0;0;0
30/07/2016;08:16:00;75;Acidente sem Vítima;515,95;BR-040/MG;Sul;Colisão traseira;3;0;0;0;0;0;0;0;0;0;6;0;0;0;0
30/07/2016;07:09:00;57;Acidente sem Vítima;544,04;BR-040/MG;Sul;Choque com objeto fixo;1;0;0;0;0;0;0;0;0;0;2;0;0;0;0
30/07/2016;02:02:00;18;Acidente com Vítima;0,2;BR-040/DF;Sul;Queda de Carga;1;0;0;0;0;0;0;0;0;0;0;1;0;0;0
31/07/2016;23:31:00;329;Acidente com Vítima;5,1;BR-040/GO;Sul;Outros;1;0;0;1;0;0;0;0;0;0;1;2;0;0;0
31/07/2016;22:57:00;325;Acidente sem Vítima;635,312;BR-040/MG;Sul;Outros;1;0;0;0;0;0;0;0;0;0;1;0;0;0;0
31/07/2016;21:57:00;316;Acidente sem Vítima;524,75;BR-040/MG;Norte;Outros;0;0;1;0;0;0;0;0;0;0;3;0;0;0;0
31/07/2016;21:32:00;310;Acidente sem Vítima;5,4;BR-040/GO;Sul;Outros;1;0;0;0;0;0;0;0;0;0;1;0;0;0;0
31/07/2016;20:13:00;280;Acidente sem Vítima;526,3;BR-040/MG;Norte;Outros;1;0;0;0;0;0;0;0;0;0;1;0;0;0;0
31/07/2016;19:38:00;268;Acidente sem Vítima;513,5;BR-040/MG;Sul;Colisão traseira;0;0;2;0;0;0;0;0;0;0;2;0;0;0;0
31/07/2016;19:29:00;264;Acidente com Vítima;533,7;BR-040/MG;Norte;Outros;0;0;0;1;1;0;0;0;0;0;1;0;2;0;0
31/07/2016;19:22:00;262;Acidente com Vítima;771,9;BR-040/MG;Norte;Capotamento;2;0;0;0;0;0;0;0;0;0;3;0;1;0;0
31/07/2016;19:17:00;259;Atropelamento sem Morte;18,1;BR-040/GO;Sul;Atropelamento de ciclista;1;0;0;0;0;0;0;0;0;0;1;1;0;0;0
31/07/2016;18:26:00;241;Acidente com Vítima;21,1;BR-040/GO;Norte;Choque com objeto fixo;1;0;0;0;0;0;0;0;0;0;0;0;0;0;0
31/07/2016;18:11:00;233;Acidente sem Vítima;4,8;BR-040/GO;Norte;Colisão traseira;2;0;0;0;0;0;0;0;0;0;3;0;0;0;0
31/07/2016;18:11:00;234;Acidente sem Vítima;5,8;BR-040/GO;Norte;Colisão traseira;3;0;0;0;0;0;0;0;0;0;7;0;0;0;0
31/07/2016;18:03:00;230;Acidente sem Vítima;2,2;BR-040/GO;Norte;Outros;1;0;0;1;0;0;0;0;0;0;2;0;0;0;0
31/07/2016;17:03:00;213;Acidente sem Vítima;510,043;BR-040/MG;Sul;Colisão traseira;2;0;0;0;0;0;0;0;0;0;6;0;0;0;0
31/07/2016;16:41:00;201;Acidente com Vítima;443,057;BR-040/MG;Norte;Capotamento;1;0;0;0;0;0;0;0;0;0;1;2;1;0;0
31/07/2016;16:40:00;199;Acidente com Morte;300,15;BR-040/MG;Sul;Queda de Carga;0;0;1;0;0;0;0;0;0;0;0;0;0;0;1
31/07/2016;16:20:00;186;Acidente sem Vítima;4,95;BR-040/GO;Norte;Colisão traseira;2;0;0;0;0;0;0;0;0;0;2;0;0;0;0
31/07/2016;14:09:00;147;Acidente sem Vítima;7,9;BR-040/GO;Sul;Colisão traseira;1;0;0;0;0;1;0;0;0;0;2;0;0;0;0
31/07/2016;11:38:00;120;Acidente com Vítima;91,4;BR-040/GO;Sul;Outros;0;0;0;1;0;0;0;0;0;0;0;1;0;0;0
31/07/2016;10:32:00;104;Acidente sem Vítima;730,09;BR-040/MG;Norte;Choque em barreira New Jersey;1;0;0;0;0;0;0;0;0;0;1;0;0;0;0
31/07/2016;10:21:00;101;Acidente sem Vítima;730;BR-040/MG;Norte;Choque em barreira New Jersey;1;0;0;0;0;0;0;0;0;0;1;0;0;0;0
31/07/2016;09:19:00;84;Acidente sem Vítima;696,001;BR-040/MG;Norte;Outros;1;0;0;0;0;0;0;0;0;0;3;0;0;0;0
31/07/2016;08:56:00;81;Acidente sem Vítima;696,001;BR-040/MG;Norte;Outros;1;0;0;0;0;0;0;0;0;0;1;0;0;0;0
31/07/2016;07:04:00;52;Acidente com Vítima;538,579;BR-040/MG;Norte;Colisão traseira;1;0;0;1;0;0;0;0;0;0;5;0;1;0;0
31/07/2016;06:47:00;47;Acidente com Vítima;768,2;BR-040/MG;Norte;Capotamento;1;0;0;0;0;0;0;0;0;0;0;1;0;0;0
31/07/2016;05:29:00;41;Acidente sem Vítima;3,1;BR-040/GO;Norte;Choque com objeto fixo;1;0;0;0;0;0;0;0;0;0;1;0;0;0;0
31/07/2016;05:24:00;39;Acidente com Vítima;533,8;BR-040/MG;Norte;Choque em barreira New Jersey;0;0;0;1;0;0;0;0;0;0;0;0;1;0;0
31/07/2016;03:37:00;34;Acidente com Vítima;4,7;BR-040/GO;Norte;Colisão traseira;2;0;0;0;0;0;0;0;0;0;1;0;1;0;0
31/07/2016;03:13:00;33;Acidente sem Vítima;433,2;BR-040/MG;Norte;Abalroamento longitudinal;2;0;0;0;0;0;0;0;0;0;4;0;0;0;0
31/07/2016;02:30:00;25;Acidente sem Vítima;470,25;BR-040/MG;Sul;Choque com objeto fixo;1;0;0;0;0;0;0;0;0;0;1;0;0;0;0
01/08/2016;19:34:00;359;Atropelamento sem Morte;2,3;BR-040/GO;Sul;Atropelamento de pedestre caminhando;0;0;0;0;0;1;0;0;0;0;1;0;1;0;0
01/08/2016;16:12:00;290;Atropelamento sem Morte;523;BR-040/MG;Norte;Atropelamento de ciclista;1;1;0;0;0;0;0;0;0;0;1;1;0;0;0
01/08/2016;15:22:00;270;Atropelamento sem Morte;524;BR-040/MG;Sul;Atropelamento de ciclista;0;1;0;0;0;0;0;0;0;0;0;0;1;0;0
01/08/2016;12:41:00;221;Acidente sem Vítima;468;BR-040/MG;Sul;Abalroamento longitudinal;1;0;1;0;0;0;0;0;0;0;3;0;0;0;0
01/08/2016;12:15:00;211;Acidente sem Vítima;7,8;BR-040/GO;Norte;Outros;0;0;0;1;0;0;0;0;0;0;1;0;0;0;0
01/08/2016;11:40:00;201;Acidente sem Vítima;91;BR-040/MG;Sul;Colisão traseira;1;0;1;0;0;0;0;0;0;0;2;0;0;0;0
01/08/2016;09:49:00;159;Acidente com Vítima;6,8;BR-040/GO;Norte;Colisão traseira;2;0;0;0;0;0;0;0;0;0;1;0;0;0;0
01/08/2016;08:46:00;131;Acidente com Vítima;530;BR-040/MG;Sul;Abalroamento longitudinal;1;0;0;1;0;0;0;0;0;0;1;1;0;0;0
01/08/2016;07:53:00;100;Acidente sem Vítima;0,9;BR-040/GO;Norte;Colisão traseira;2;0;0;0;0;0;0;0;0;0;2;0;0;0;0
01/08/2016;07:42:00;90;Acidente sem Vítima;522,95;BR-040/MG;Sul;Colisão traseira;2;0;0;0;0;0;0;0;0;0;2;0;0;0;0
01/08/2016;07:27:00;79;Acidente sem Vítima;488;BR-040/MG;Norte;Capotamento;1;0;0;0;0;0;0;0;0;0;1;0;0;0;0
01/08/2016;07:20:00;74;Acidente com Vítima;29,9;BR-040/GO;Norte;Outros;0;0;0;1;0;0;0;0;0;0;0;0;0;0;0