data;horario;n_da_ocorrencia;tipo_de_ocorrencia;km;trecho;sentido;tipo_de_acidente;automovel;bicicleta;caminhao;moto;onibus;outros;tracao_animal;transporte_de_cargas_especiais;trator_maquinas;utilitarios;ilesos;levemente_feridos;moderadamente_feridos;gravemente_feridos;mortos
13/08/2016;16:38:00;216;Acidente com Vítima;6,001;BR-040/DF;Norte;Abalroamento longitudinal;3;0;0;0;0;0;0;0;0;0;2;0;4;0;0
13/08/2016;16:33:00;214;Acidente sem Vítima;543;BR-040/MG;Sul;Colisão traseira;3;0;0;0;0;0;0;0;0;0;3;0;0;0;0
13/08/2016;16:30:00;213;Acidente com Vítima;2,5;BR-040/GO;Norte;Abalroamento transversal;0;0;0;2;0;0;0;0;0;0;4;1;0;0;0
13/08/2016;16:26:00;211;Acidente sem Vítima;3,8;BR-040/GO;Norte;Abalroamento longitudinal;1;0;0;1;0;0;0;0;0;0;2;0;0;0;0
13/08/2016;15:52:00;205;Acidente sem Vítima;549,1;BR-040/MG;Sul;Outros;0;0;0;1;0;0;0;0;0;0;1;0;0;0;0
13/08/2016;14:56:00;185;Acidente com Vítima;510,15;BR-040/MG;Norte;Colisão traseira;2;0;0;0;0;0;0;0;0;0;2;1;0;0;0
13/08/2016;14:11:00;171;Acidente com Vítima;27,001;BR-040/GO;Norte;Outros;1;0;1;0;0;0;0;0;0;0;1;0;0;0;0
13/08/2016;12:56:00;149;Acidente sem Vítima;17,1;BR-040/MG;Norte;Choque em barreira New Jersey;1;0;0;0;0;0;0;0;0;0;1;0;0;0;0
13/08/2016;12:40:00;145;Acidente com Vítima;56,1;BR-040/GO;Norte;Capotamento;1;0;0;0;0;0;0;0;0;0;0;2;2;0;0
13/08/2016;12:39:00;144;Acidente sem Vítima;6,8;BR-040/GO;Norte;Outros;1;0;0;0;0;0;0;0;0;0;1;0;0;0;0
13/08/2016;12:31:00;141;Acidente sem Vítima;522;BR-040/MG;Norte;Outros;0;0;0;1;0;0;0;0;0;0;2;0;0;0;0
13/08/2016;11:56:00;132;Acidente com Vítima;10,8;BR-040/GO;Sul;Outros;1;0;0;0;0;0;0;0;0;0;3;2;0;0;0
13/08/2016;10:31:00;108;Acidente com Vítima;765,2;BR-040/MG;Norte;Capotamento;1;0;0;0;0;0;0;0;0;0;1;1;1;0;0
13/08/2016;07:08:00;36;Acidente sem Vítima;12,8;BR-040/GO;Sul;Colisão traseira;1;0;0;0;1;0;0;0;0;0;4;0;0;0;0
13/08/2016;07:05:00;35;Acidente sem Vítima;2;BR-040/DF;Norte;Choque em defensa;1;0;0;0;0;0;0;0;0;0;1;0;0;0;0
13/08/2016;06:48:00;25;Acidente sem Vítima;511;BR-040/MG;Sul;Abalroamento longitudinal;2;0;0;0;0;0;0;0;0;0;2;0;0;0;0
13/08/2016;04:16:00;13;Acidente sem Vítima;5,3;BR-040/DF;Sul;Capotamento;1;0;0;0;0;0;0;0;0;0;1;0;0;0;0
14/08/2016;20:40:00;298;Acidente com Vítima;276,8;BR-040/MG;Norte;Abalroamento longitudinal;0;0;0;2;0;0;0;0;0;0;0;2;0;0;0
14/08/2016;20:06:00;289;Acidente sem Vítima;7,553;BR-040/GO;Norte;Abalroamento longitudinal;2;0;0;0;0;0;0;0;0;0;3;0;0;0;0
14/08/2016;19:44:00;283;Acidente com Vítima;533,5;BR-040/MG;Sul;Outros;1;0;0;1;0;0;0;0;0;0;1;0;0;0;0
14/08/2016;19:24:00;274;Acidente sem Vítima;1,4;BR-040/GO;Sul;Colisão traseira;3;0;0;0;0;0;0;0;0;0;3;0;0;0;0
14/08/2016;18:32:00;240;Acidente com Vítima;511,157;BR-040/MG;Sul;Colisão traseira;0;0;0;1;0;1;0;0;0;0;1;1;1;0;0
14/08/2016;18:18:00;232;Acidente sem Vítima;611,5;BR-040/MG;Norte;Outros;0;0;0;1;0;0;0;0;0;0;1;0;0;0;0
14/08/2016;18:11:00;227;Acidente com Vítima;2,5;BR-040/GO;Sul;Abalroamento longitudinal;1;0;0;1;0;0;0;0;0;0;3;0;1;0;0
14/08/2016;17:28:00;206;Acidente com Vítima;548,91;BR-040/MG;Sul;Colisão traseira;1;0;1;0;0;0;0;0;0;0;1;0;1;0;0
14/08/2016;16:27:00;185;Acidente com Vítima;652,534;BR-040/MG;Norte;Colisão frontal;2;0;0;0;0;0;0;0;0;0;0;2;3;0;0
14/08/2016;15:40:00;166;Acidente sem Vítima;21,1;BR-040/GO;Norte;Colisão traseira;3;0;0;0;0;0;0;0;0;0;3;0;0;0;0
14/08/2016;14:35:00;150;Acidente sem Vítima;643,03;BR-040/MG;Norte;Choque com objeto fixo;1;0;0;0;0;0;0;0;0;0;3;0;0;0;0
14/08/2016;13:36:00;140;Acidente sem Vítima;643,02;BR-040/MG;Sul;Choque com objeto fixo;1;0;0;0;0;0;0;0;0;0;1;0;0;0;0
14/08/2016;12:59:00;132;Acidente com Vítima;6,001;BR-040/GO;Norte;Colisão traseira;3;0;0;0;0;0;0;0;0;0;8;0;1;0;0
14/08/2016;12:41:00;127;Acidente sem Vítima;7,15;BR-040/GO;Sul;Colisão traseira;2;0;0;0;0;0;0;0;0;0;2;0;0;0;0
14/08/2016;12:16:00;118;Acidente com Vítima;7,3;BR-040/GO;Norte;Capotamento;1;0;0;0;0;0;0;0;0;0;3;1;0;0;0
14/08/2016;11:56:00;110;Acidente com Vítima;534,8;BR-040/MG;Sul;Colisão traseira;2;0;0;0;0;0;0;0;0;0;3;1;0;1;0
14/08/2016;10:08:00;84;Acidente com Vítima;12,5;BR-040/GO;Sul;Outros;0;0;0;1;0;0;0;0;0;0;0;1;0;0;0
14/08/2016;07:50:00;51;Acidente com Vítima;1,6;BR-040/DF;Norte;Capotamento;1;0;0;0;0;0;0;0;0;0;1;1;0;0;0
14/08/2016;06:20:00;27;Acidente com Vítima;536;BR-040/MG;Norte;Capotamento;1;0;0;0;0;0;0;0;0;0;0;0;1;0;0
14/08/2016;06:15:00;26;Acidente com Vítima;543;BR-040/MG;Norte;Capotamento;1;0;0;0;0;0;0;0;0;0;0;1;0;0;0
14/08/2016;05:34:00;23;Acidente sem Vítima;319,1;BR-040/MG;Norte;Queda de Carga;1;0;0;0;0;0;0;0;0;0;3;0;0;0;0
14/08/2016;00:36:00;8;Acidente sem Vítima;14,1;BR-040/GO;Sul;Choque com objeto fixo;1;0;0;0;0;0;0;0;0;0;1;0;0;0;0
15/08/2016;20:56:00;330;Acidente sem Vítima;225,2;BR-040/MG;Norte;Outros;1;0;0;0;0;0;0;0;0;0;2;0;0;0;0
15/08/2016;19:12:00;291;Acidente sem Vítima;643,8;BR-040/MG;Norte;Choque em defensa;1;0;0;0;0;0;0;0;0;0;4;0;0;0;0
15/08/2016;18:11:00;273;Acidente sem Vítima;147,3;BR-040/GO;Sul;Outros;0;0;1;0;0;0;0;0;0;0;1;0;0;0;0
15/08/2016;17:47:00;261;Acidente sem Vítima;589,89;BR-040/MG;Sul;Colisão traseira;3;0;0;0;0;0;0;0;0;0;3;0;0;0;0
15/08/2016;17:14:00;253;Atropelamento sem Morte;527,9;BR-040/MG;Sul;Atropelamento de pedestre atravessando;1;0;0;0;0;0;0;0;0;0;2;0;1;0;0
15/08/2016;16:34:00;242;Acidente sem Vítima;656,1;BR-040/MG;Norte;Capotamento;1;0;0;0;0;0;0;0;0;0;1;0;0;0;0
15/08/2016;16:23:00;237;Acidente com Vítima;599,1;BR-040/MG;Sul;Colisão traseira;2;0;0;0;0;0;0;0;0;0;2;1;0;0;0
15/08/2016;16:14:00;233;Acidente sem Vítima;517,2;BR-040/MG;Sul;Colisão traseira;3;0;0;0;0;0;0;0;0;0;3;0;0;0;0
15/08/2016;12:50:00;175;Acidente com Vítima;351,5;BR-040/MG;Norte;Queda de Carga;0;0;1;0;0;0;0;0;0;0;0;0;1;0;0
15/08/2016;10:56:00;149;Acidente com Vítima;592,1;BR-040/MG;Norte;Choque em barreira New Jersey;1;0;0;0;0;0;0;0;0;0;1;1;0;0;0
15/08/2016;10:11:00;141;Acidente sem Vítima;544,1;BR-040/MG;Sul;Colisão traseira;2;0;0;0;0;0;0;0;0;0;2;0;0;0;0
15/08/2016;08:21:00;108;Acidente sem Vítima;510,642;BR-040/MG;Sul;Outros;0;0;0;1;0;0;0;0;0;0;1;0;0;0;0
15/08/2016;08:18:00;107;Acidente com Vítima;771,5;BR-040/MG;Sul;Colisão traseira;1;0;1;0;0;0;0;0;0;0;2;1;0;0;0
15/08/2016;08:00:00;91;Acidente sem Vítima;545,95;BR-040/MG;Sul;Outros;0;0;0;1;0;0;0;0;0;0;1;0;0;0;0
15/08/2016;07:03:00;51;Acidente com Morte;771,13;BR-040/MG;Sul;Colisão frontal;2;0;0;0;0;0;0;0;0;0;2;1;0;1;1
15/08/2016;04:43:00;25;Acidente sem Vítima;701,5;BR-040/MG;Norte;Outros;1;0;0;0;0;0;0;0;0;0;1;0;0;0;0
15/08/2016;04:33:00;24;Acidente sem Vítima;532,781;BR-040/MG;Sul;Abalroamento longitudinal;1;0;1;0;0;0;0;0;0;0;2;0;0;0;0
16/08/2016;22:44:00;331;Acidente sem Vítima;714,1;BR-040/MG;Sul;Colisão traseira;1;0;1;0;0;0;0;0;0;0;2;0;0;0;0
16/08/2016;19:56:00;292;Acidente com Vítima;538,3;BR-040/MG;Norte;Colisão traseira;2;0;1;0;0;0;0;0;0;0;2;0;2;0;0
16/08/2016;18:53:00;274;Acidente sem Vítima;588,3;BR-040/MG;Norte;Abalroamento longitudinal;3;0;0;0;0;0;0;0;0;0;3;0;0;0;0
16/08/2016;17:10:00;238;Acidente com Vítima;89,125;BR-040/GO;Norte;Outros;0;0;0;1;0;0;0;0;0;0;0;1;0;0;0
16/08/2016;15:53:00;219;Acidente sem Vítima;531,29;BR-040/MG;Sul;Abalroamento longitudinal;1;0;0;1;0;0;0;0;0;0;2;0;0;0;0
16/08/2016;14:27:00;202;Acidente com Vítima;73,1;BR-040/GO;Sul;Capotamento;1;0;0;0;0;0;0;0;0;0;0;1;0;0;0
16/08/2016;13:07:00;188;Acidente sem Vítima;2,05;BR-040/GO;Norte;Colisão traseira;3;0;0;0;0;0;0;0;0;0;3;0;0;0;0
16/08/2016;13:06:00;187;Acidente sem Vítima;2,15;BR-040/GO;Norte;Colisão traseira;1;0;0;1;0;0;0;0;0;0;2;0;0;0;0
16/08/2016;12:40:00;182;Acidente com Vítima;498,1;BR-040/MG;Norte;Outros;0;0;0;1;0;0;0;0;0;0;0;1;0;0;0
16/08/2016;12:10:00;178;Atropelamento com Morte;526,083;BR-040/MG;Norte;Atropelamento de pedestre atravessando;1;0;0;0;0;0;0;0;0;0;1;0;0;0;1
16/08/2016;10:44:00;161;Acidente sem Vítima;260,3;BR-040/MG;Norte;Choque com objeto fixo;1;0;0;1;0;0;0;0;0;0;2;0;0;0;0
16/08/2016;09:46:00;137;Acidente sem Vítima;510,43;BR-040/MG;Norte;Colisão traseira;1;0;1;0;0;0;0;0;0;0;2;0;0;0;0
16/08/2016;09:37:00;135;Acidente com Vítima;452,46;BR-040/MG;Norte;Choque com objeto fixo;1;0;0;0;0;0;0;0;0;0;1;1;0;0;0
16/08/2016;09:15:00;130;Acidente com Vítima;129,9;BR-040/MG;Norte;Colisão traseira;2;0;0;0;0;0;0;0;0;0;2;2;1;0;0
16/08/2016;08:15:00;114;Acidente com Vítima;462,496;BR-040/MG;Sul;Capotamento;1;0;0;0;0;0;0;0;0;0;0;1;1;0;0
16/08/2016;07:49:00;105;Acidente com Vítima;5,6;BR-040/DF;Norte;Outros;1;0;0;1;0;0;0;0;0;0;2;0;1;0;0
16/08/2016;07:02:00;56;Acidente sem Vítima;509,5;BR-040/MG;Sul;Colisão traseira;3;0;0;0;0;0;0;0;0;0;6;0;0;0;0
16/08/2016;06:19:00;38;Acidente sem Vítima;494,1;BR-040/MG;Norte;Choque em defensa;0;0;1;0;0;0;0;0;0;0;1;0;0;0;0
16/08/2016;04:47:00;30;Acidente sem Vítima;717,57;BR-040/MG;Sul;Choque com objeto fixo;1;0;0;0;0;0;0;0;0;0;1;0;0;0;0
16/08/2016;04:38:00;25;Acidente sem Vítima;500,804;BR-040/MG;Norte;Choque com objeto fixo;0;0;1;0;0;0;0;0;0;0;1;0;0;0;0
16/08/2016;03:38:00;21;Acidente com Vítima;535,8;BR-040/MG;Norte;Choque em barreira New Jersey;0;0;0;0;1;0;0;0;0;0;47;0;2;0;0
16/08/2016;03:09:00;19;Acidente sem Vítima;655;BR-040/MG;Norte;Choque em barreira New Jersey;1;0;0;0;0;0;0;0;0;0;1;0;0;0;0
16/08/2016;00:08:00;2;Acidente sem Vítima;8,5;BR-040/GO;Sul;Outros;0;0;0;1;0;0;0;0;0;0;1;0;0;0;0
17/08/2016;23:52:00;405;Acidente sem Vítima;189,2;BR-040/MG;Norte;Queda de Carga;0;0;1;0;0;0;0;0;0;0;1;0;0;0;0
17/08/2016;23:12:00;396;Acidente sem Vítima;521,6;BR-040/MG;Sul;Choque em defensa;1;0;0;0;0;0;0;0;0;0;1;0;0;0;0
17/08/2016;20:56:00;364;Acidente com Vítima;687,832;BR-040/MG;Sul;Abalroamento longitudinal;1;0;0;1;0;0;0;0;0;0;0;0;1;1;0
17/08/2016;20:09:00;348;Acidente sem Vítima;524,1;BR-040/MG;Sul;Capotamento;1;0;0;0;0;0;0;0;0;0;1;0;0;0;0
17/08/2016;19:31:00;330;Acidente sem Vítima;3,17;BR-040/DF;Sul;Colisão traseira;2;0;0;0;0;0;0;0;0;0;2;0;0;0;0
17/08/2016;16:26:00;278;Acidente sem Vítima;594,7;BR-040/MG;Sul;Colisão traseira;2;0;0;0;0;0;0;0;0;0;2;0;0;0;0
17/08/2016;13:44:00;231;Acidente sem Vítima;623,195;BR-040/MG;Sul;Colisão traseira;2;0;0;1;0;0;0;0;0;0;3;0;0;0;0
17/08/2016;13:05:00;224;Acidente sem Vítima;43,5;BR-040/MG;Norte;Abalroamento longitudinal;1;0;0;1;0;0;0;0;0;0;2;0;0;0;0
17/08/2016;10:40:00;172;Acidente sem Vítima;504,771;BR-040/MG;Sul;Capotamento;1;0;1;0;0;0;0;0;0;0;2;0;0;0;0
17/08/2016;10:19:00;164;Acidente sem Vítima;520,8;BR-040/MG;Norte;Colisão traseira;0;0;2;0;1;0;0;0;0;0;3;0;0;0;0
17/08/2016;09:32:00;141;Acidente sem Vítima;224,6;BR-040/MG;Norte;Choque com objeto fixo;0;0;0;1;0;0;0;0;0;0;1;0;0;0;0
17/08/2016;08:21:00;100;Acidente sem Vítima;145,1;BR-040/MG;Sul;Abalroamento transversal;1;0;0;1;0;0;0;0;0;0;2;0;0;0;0
17/08/2016;08:04:00;82;Acidente com Vítima;683;BR-040/MG;Norte;Colisão traseira;2;0;0;0;0;0;0;0;0;0;5;1;0;0;0
17/08/2016;06:27:00;25;Acidente com Vítima;533,1;BR-040/MG;Norte;Outros;0;0;0;1;0;0;0;0;0;0;0;2;0;0;0
17/08/2016;02:36:00;13;Acidente com Vítima;477,726;BR-040/MG;Sul;Colisão traseira;1;0;1;0;0;0;0;0;0;0;1;0;1;0;0
17/08/2016;00:33:00;5;Acidente com Vítima;751,1;BR-040/MG;Norte;Choque com objeto fixo;1;0;0;0;0;0;0;0;0;0;3;1;0;0;0
18/08/2016;23:56:00;404;Acidente sem Vítima;554,1;BR-040/MG;Norte;Colisão traseira;1;0;0;1;0;0;0;0;0;0;2;0;0;0;0
18/08/2016;23:42:00;398;Acidente com Vítima;6,03;BR-040/GO;Sul;Outros;1;0;0;1;0;0;0;0;0;0;1;0;1;0;0
18/08/2016;19:03:00;329;Acidente sem Vítima;483,1;BR-040/MG;Sul;Atropelamento de animal;1;0;0;0;0;0;0;0;0;0;1;0;0;0;0
18/08/2016;18:15:00;310;Acidente sem Vítima;1,7;BR-040/GO;Sul;Colisão traseira;3;0;0;0;0;0;0;0;0;0;3;0;0;0;0
18/08/2016;17:40:00;299;Acidente sem Vítima;532,72;BR-040/MG;Sul;Colisão traseira;1;0;0;0;1;0;0;0;0;0;41;0;0;0;0
18/08/2016;16:16:00;279;Acidente com Vítima;499,551;BR-040/MG;Norte;Outros;0;0;0;1;0;0;0;0;0;0;1;1;0;0;0
18/08/2016;12:53:00;218;Acidente com Vítima;533,402;BR-040/MG;Norte;Abalroamento longitudinal;1;0;0;1;0;0;0;0;0;0;1;1;1;0;0
18/08/2016;08:49:00;152;Acidente sem Vítima;535,001;BR-040/MG;Norte;Outros;1;0;0;0;0;0;0;0;0;0;1;0;0;0;0
18/08/2016;07:23:00;75;Acidente sem Vítima;46,3;BR-040/GO;Sul;Abalroamento longitudinal;1;0;1;0;0;0;0;0;0;0;2;0;0;0;0
18/08/2016;04:57:00;26;Acidente sem Vítima;610,55;BR-040/MG;Sul;Colisão traseira;1;0;1;0;0;0;0;0;0;0;2;0;0;0;0
18/08/2016;04:12:00;24;Acidente sem Vítima;527,75;BR-040/MG;Norte;Abalroamento longitudinal;1;0;1;0;0;0;0;0;0;0;3;0;0;0;0
19/08/2016;23:09:00;422;Acidente sem Vítima;552,96;BR-040/MG;Sul;Choque em defensa;1;0;0;0;0;0;0;0;0;0;1;0;0;0;0
19/08/2016;20:50:00;395;Acidente com Vítima;514,1;BR-040/MG;Norte;Outros;0;0;0;1;0;0;0;0;0;0;0;1;0;0;0
19/08/2016;16:41:00;310;Acidente sem Vítima;519,15;BR-040/MG;Norte;Outros;1;0;0;1;0;0;0;0;0;0;2;0;0;0;0
19/08/2016;15:17:00;285;Acidente sem Vítima;593,36;BR-040/MG;Sul;Colisão traseira;2;0;0;0;0;0;0;0;0;0;4;0;0;0;0
19/08/2016;14:49:00;274;Acidente com Vítima;2,4;BR-040/GO;Sul;Abalroamento longitudinal;1;0;0;1;0;0;0;0;0;0;1;2;0;0;0
19/08/2016;14:16:00;264;Acidente sem Vítima;526,01;BR-040/MG;Sul;Colisão traseira;1;0;0;1;0;0;0;0;0;0;2;0;0;0;0
19/08/2016;09:14:00;187;Acidente sem Vítima;183,6;BR-040/MG;Sul;Capotamento;0;0;0;0;0;1;0;0;0;0;2;0;0;0;0
19/08/2016;08:02:00;160;Acidente com Vítima;529,5;BR-040/MG;Sul;Colisão traseira;1;0;0;1;0;0;0;0;0;0;1;0;1;0;0
19/08/2016;07:21:00;120;Acidente com Vítima;5,1;BR-040/DF;Norte;Colisão traseira;0;0;0;1;0;1;0;0;0;0;1;1;0;0;0
19/08/2016;07:08:00;113;Acidente sem Vítima;5,95;BR-040/DF;Norte;Colisão traseira;1;0;0;2;0;0;0;0;0;0;3;0;0;0;0
19/08/2016;04:33:00;59;Acidente sem Vítima;7,65;BR-040/DF;Norte;Abalroamento longitudinal;1;0;0;0;0;1;0;0;0;0;2;0;0;0;0
20/08/2016;21:47:00;303;Acidente com Vítima;3,6;BR-040/DF;Norte;Abalroamento longitudinal;1;0;0;1;0;0;0;0;0;0;4;1;0;0;0
20/08/2016;20:42:00;286;Acidente sem Vítima;272,2;BR-040/MG;Sul;Choque com objeto fixo;0;0;0;1;0;0;0;0;0;0;1;0;0;0;0
20/08/2016;19:46:00;270;Acidente com Vítima;506,1;BR-040/MG;Sul;Abalroamento longitudinal;1;0;0;1;0;0;0;0;0;0;5;0;1;0;0
20/08/2016;19:16:00;260;Acidente sem Vítima;16,5;BR-040/GO;Sul;Colisão traseira;2;0;0;0;0;0;0;0;0;0;4;0;0;0;0
20/08/2016;16:51:00;215;Acidente sem Vítima;543,956;BR-040/MG;Sul;Choque com objeto fixo;1;0;0;0;0;0;0;0;0;0;1;0;0;0;0
20/08/2016;16:27:00;213;Acidente sem Vítima;715,72;BR-040/MG;Norte;Choque com objeto fixo;1;0;0;0;0;0;0;0;0;0;3;0;0;0;0
20/08/2016;16:16:00;209;Acidente com Vítima;567,23;BR-040/MG;Sul;Colisão frontal;2;0;0;0;0;0;0;0;0;0;1;0;2;0;0
20/08/2016;16:15:00;207;Acidente sem Vítima;78,1;BR-040/GO;Sul;Colisão frontal;2;0;0;0;0;0;0;0;0;0;2;0;0;0;0
20/08/2016;15:36:00;196;Acidente com Vítima;452,8;BR-040/MG;Sul;Abalroamento longitudinal;0;0;1;1;0;0;0;0;0;0;1;1;0;0;0
20/08/2016;13:45:00;170;Acidente sem Vítima;5,5;BR-040/DF;Norte;Colisão traseira;1;0;1;0;0;0;0;0;0;0;2;0;0;0;0
20/08/2016;11:20:00;130;Acidente sem Vítima;54,01;BR-040/MG;Sul;Atropelamento de animal;0;0;1;0;0;0;0;0;0;0;1;0;0;0;0
20/08/2016;10:35:00;118;Acidente com Vítima;513,15;BR-040/MG;Norte;Colisão traseira;1;0;0;1;0;0;0;0;0;0;1;0;1;0;0
20/08/2016;10:03:00;107;Acidente sem Vítima;0;Fora_Rota;Norte;Outros;0;0;0;1;0;0;0;0;0;0;1;0;0;0;0
20/08/2016;09:52:00;104;Acidente sem Vítima;5,1;BR-040/GO;Sul;Outros;0;0;0;1;0;0;0;0;0;0;1;0;0;0;0
20/08/2016;08:18:00;74;Acidente sem Vítima;632,1;BR-040/MG;Sul;Colisão traseira;1;0;1;0;0;0;0;0;0;0;4;0;0;0;0
20/08/2016;08:00:00;67;Acidente com Vítima;516,775;BR-040/MG;Sul;Outros;0;0;0;1;0;0;0;0;0;0;1;0;1;0;0
20/08/2016;05:53:00;39;Acidente com Vítima;531,15;BR-040/MG;Sul;Abalroamento longitudinal;1;0;0;1;0;0;0;0;0;0;2;0;1;0;0
20/08/2016;05:00:00;35;Acidente sem Vítima;627,253;BR-040/MG;Norte;Colisão traseira;2;0;0;0;0;0;0;0;0;0;5;0;0;0;0
20/08/2016;04:05:00;31;Acidente sem Vítima;538,4;BR-040/MG;Sul;Choque com objeto fixo;2;0;0;0;0;0;0;0;0;0;2;0;0;0;0
20/08/2016;02:30:00;21;Acidente com Vítima;535,3;BR-040/MG;Sul;Outros;0;0;0;1;0;0;0;0;0;0;0;1;0;0;0
21/08/2016;23:43:00;365;Acidente sem Vítima;717,1;BR-040/MG;Norte;Capotamento;1;0;0;0;0;0;0;0;0;0;1;0;0;0;0
21/08/2016;19:01:00;282;Acidente com Morte;27,25;BR-040/GO;Sul;Colisão frontal;1;0;1;0;0;0;0;0;0;0;1;0;0;0;1
21/08/2016;18:38:00;272;Acidente sem Vítima;15,45;BR-040/GO;Sul;Abalroamento transversal;1;0;0;1;0;0;0;0;0;0;2;0;0;0;0
21/08/2016;18:32:00;268;Acidente sem Vítima;577,2;BR-040/MG;Norte;Colisão traseira;1;0;1;0;0;0;0;0;0;0;3;0;0;0;0
21/08/2016;18:21:00;260;Acidente sem Vítima;577,2;BR-040/MG;Norte;Abalroamento longitudinal;1;0;1;0;0;0;0;0;0;0;9;0;0;0;0
21/08/2016;16:02:00;214;Acidente sem Vítima;511,1;BR-040/MG;Sul;Colisão traseira;3;0;0;0;0;0;0;0;0;0;3;0;0;0;0
21/08/2016;14:45:00;189;Acidente sem Vítima;8,7;BR-040/GO;Norte;Colisão traseira;2;0;0;0;0;0;0;0;0;0;2;0;0;0;0
21/08/2016;14:40:00;186;Acidente sem Vítima;704,001;BR-040/MG;Sul;Capotamento;0;0;1;0;0;0;0;0;0;0;1;0;0;0;0
21/08/2016;14:18:00;179;Acidente com Vítima;7,525;BR-040/GO;Norte;Outros;1;0;0;1;0;0;0;0;0;0;3;1;0;0;0
21/08/2016;12:07:00;156;Acidente sem Vítima;750,1;BR-040/MG;Norte;Choque com objeto fixo;1;0;0;0;0;0;0;0;0;0;3;0;0;0;0
21/08/2016;11:57:00;154;Acidente sem Vítima;622,001;BR-040/MG;Sul;Colisão traseira;1;0;0;0;0;1;0;0;0;0;2;0;0;0;0
21/08/2016;11:43:00;149;Acidente com Vítima;705,9;BR-040/MG;Norte;Choque em defensa;1;0;0;0;0;0;0;0;0;0;1;1;0;0;0
21/08/2016;11:35:00;145;Atropelamento sem Morte;735;BR-040/MG;Norte;Atropelamento de pedestre caminhando;1;0;0;0;0;0;0;0;0;0;2;1;0;0;0
21/08/2016;11:14:00;137;Atropelamento sem Morte;735,1;BR-040/MG;Norte;Atropelamento de pedestre caminhando;1;0;0;0;0;0;0;0;0;0;2;1;0;0;0
21/08/2016;11:07:00;132;Acidente sem Vítima;618,1;BR-040/MG;Norte;Outros;0;0;0;1;0;0;0;0;0;0;1;0;0;0;0
21/08/2016;11:03:00;129;Acidente sem Vítima;264,862;BR-040/MG;Norte;Capotamento;1;0;0;0;0;0;0;0;0;0;1;0;0;0;0
21/08/2016;11:03:00;130;Acidente sem Vítima;758;BR-040/MG;Norte;Colisão traseira;2;0;0;0;0;0;0;0;0;0;10;0;0;0;0
21/08/2016;11:03:00;131;Acidente sem Vítima;734,744;BR-040/MG;Sul;Capotamento;0;0;0;0;0;0;0;0;0;1;4;0;0;0;0
21/08/2016;11:00:00;127;Acidente com Vítima;618,9;BR-040/MG;Norte;Outros;1;0;0;0;0;0;0;0;0;0;2;1;0;0;0
21/08/2016;10:26:00;117;Acidente sem Vítima;749,6;BR-040/MG;Norte;Choque com objeto fixo;1;0;0;0;0;0;0;0;0;0;1;0;0;0;0
21/08/2016;09:58:00;107;Acidente sem Vítima;731,9;BR-040/MG;Norte;Choque em defensa;1;0;0;0;0;0;0;0;0;0;2;0;0;0;0
21/08/2016;08:55:00;86;Acidente sem Vítima;20,124;BR-040/GO;Sul;Choque com objeto fixo;1;0;0;0;0;0;0;0;0;0;1;0;0;0;0
21/08/2016;06:49:00;55;Acidente sem Vítima;488,8;BR-040/MG;Norte;Choque em barreira New Jersey;1;0;0;0;0;0;0;0;0;0;1;0;0;0;0
21/08/2016;06:19:00;47;Acidente sem Vítima;527,27;BR-040/MG;Norte;Outros;1;0;0;1;0;0;0;0;0;0;3;0;0;0;0
21/08/2016;03:57:00;35;Acidente com Vítima;522,75;BR-040/MG;Sul;Choque com objeto fixo;1;0;0;0;0;0;0;0;0;0;2;0;1;0;0
21/08/2016;02:13:00;21;Acidente sem Vítima;514,3;BR-040/MG;Sul;Choque com objeto fixo;1;0;0;0;0;0;0;0;0;0;2;0;0;0;0
21/08/2016;02:12:00;20;Acidente sem Vítima;468,5;BR-040/MG;Norte;Atropelamento de animal;0;0;1;0;0;0;0;0;0;0;1;0;0;0;0
21/08/2016;01:48:00;10;Acidente com Vítima;537,4;BR-040/MG;Sul;Choque com objeto fixo;1;0;0;0;0;0;0;0;0;0;0;0;1;0;0
21/08/2016;01:37:00;9;Acidente com Vítima;5,6;BR-040/DF;Sul;Abalroamento longitudinal;0;0;0;1;0;1;0;0;0;0;0;2;0;0;0
21/08/2016;01:36:00;8;Acidente com Vítima;534,8;BR-040/MG;Norte;Outros;1;0;0;1;0;0;0;0;0;0;1;0;1;0;0
21/08/2016;00:48:00;6;Acidente com Vítima;11,8;BR-040/GO;Sul;Colisão traseira;1;0;0;1;0;0;0;0;0;0;4;1;0;0;0
22/08/2016;22:13:00;400;Acidente com Vítima;21,3;BR-040/GO;Sul;Atropelamento de animal;0;0;0;1;0;0;0;0;0;0;0;0;1;0;0
22/08/2016;19:09:00;345;Acidente sem Vítima;667,9;BR-040/MG;Norte;Capotamento;1;0;0;1;0;0;0;0;0;0;2;0;0;0;0
22/08/2016;19:06:00;344;Acidente sem Vítima;533,8;BR-040/MG;Norte;Abalroamento longitudinal;2;0;0;1;0;0;0;0;0;0;3;0;0;0;0
22/08/2016;17:12:00;303;Acidente sem Vítima;763;BR-040/MG;Sul;Abalroamento transversal;2;0;0;0;0;0;0;0;0;0;4;0;0;0;0
22/08/2016;15:41:00;278;Acidente sem Vítima;61,328;BR-040/GO;Sul;Abalroamento longitudinal;3;0;3;0;0;0;0;0;0;0;7;0;0;0;0