data;horario;n_da_ocorrencia;tipo_de_ocorrencia;km;trecho;sentido;tipo_de_acidente;automovel;bicicleta;caminhao;moto;onibus;outros;tracao_animal;transporte_de_cargas_especiais;trator_maquinas;utilitarios;ilesos;levemente_feridos;moderadamente_feridos;gravemente_feridos;mortos
22/08/2016;06:41:00;51;Acidente sem Vítima;1,409;BR-040/GO;Norte;Colisão traseira;1;0;0;1;0;0;0;0;0;0;2;0;0;0;0
22/08/2016;06:14:00;43;Acidente sem Vítima;608;BR-040/MG;Sul;Colisão traseira;0;0;2;0;0;0;0;0;0;0;2;0;0;0;0
22/08/2016;02:02:00;15;Acidente sem Vítima;235,4;BR-040/MG;Norte;Atropelamento de animal;1;0;0;0;0;0;0;0;0;0;1;0;0;0;0
22/08/2016;01:23:00;10;Acidente sem Vítima;699,1;BR-040/MG;Sul;Capotamento;1;0;0;0;0;0;0;0;0;0;1;0;0;0;0
23/08/2016;23:32:00;311;Acidente sem Vítima;540,2;BR-040/MG;Norte;Colisão traseira;3;0;0;0;0;0;0;0;0;0;4;0;0;0;0
23/08/2016;23:31:00;310;Acidente sem Vítima;635,2;BR-040/MG;Sul;Atropelamento de animal;0;0;0;1;0;0;0;0;0;0;1;0;0;0;0
23/08/2016;18:59:00;246;Acidente sem Vítima;24,5;BR-040/GO;Norte;Abalroamento longitudinal;2;0;0;0;0;0;0;0;0;0;2;0;0;0;0
23/08/2016;18:20:00;237;Acidente sem Vítima;71,1;BR-040/GO;Norte;Queda de Carga;0;0;1;0;0;0;0;0;0;0;1;0;0;0;0
23/08/2016;15:49:00;215;Acidente com Vítima;7,2;BR-040/GO;Norte;Abalroamento longitudinal;0;0;1;1;0;0;0;0;0;0;1;1;0;0;0
23/08/2016;15:17:00;206;Acidente com Vítima;462,1;BR-040/MG;Norte;Capotamento;1;0;1;0;0;0;0;0;0;0;1;0;1;0;0
23/08/2016;13:55:00;194;Acidente sem Vítima;510,1;BR-040/MG;Norte;Colisão traseira;2;0;0;0;0;0;0;0;0;0;2;0;0;0;0
23/08/2016;08:55:00;140;Atropelamento sem Morte;43,5;BR-040/MG;Sul;Atropelamento de pedestre atravessando;1;0;0;0;0;0;0;0;0;0;1;0;1;0;0
23/08/2016;08:36:00;135;Acidente sem Vítima;2,588;BR-040/GO;Norte;Colisão traseira;3;0;0;0;0;0;0;0;0;0;3;0;0;0;0
23/08/2016;08:21:00;132;Acidente com Vítima;727,15;BR-040/MG;Sul;Choque em barreira New Jersey;1;0;0;0;0;0;0;0;0;0;3;1;1;0;0
23/08/2016;07:15:00;71;Acidente com Vítima;476,6;BR-040/MG;Norte;Outros;1;0;0;0;0;0;0;0;0;0;0;1;0;0;0
23/08/2016;06:42:00;51;Acidente sem Vítima;510,96;BR-040/MG;Sul;Choque com objeto fixo;1;0;0;0;0;0;0;0;0;0;4;0;0;0;0
23/08/2016;06:38:00;50;Acidente sem Vítima;662,35;BR-040/MG;Sul;Outros;1;0;0;0;0;0;0;0;0;0;1;0;0;0;0
23/08/2016;05:13:00;25;Acidente sem Vítima;510,95;BR-040/MG;Norte;Choque com objeto fixo;1;0;0;0;0;0;0;0;0;0;1;0;0;0;0
23/08/2016;00:48:00;6;Acidente sem Vítima;79,5;BR-040/MG;Norte;Atropelamento de animal;1;0;0;0;0;0;0;0;0;0;1;0;0;0;0
24/08/2016;19:45:00;283;Acidente com Vítima;525,25;BR-040/MG;Sul;Colisão traseira;2;0;1;0;0;0;0;0;0;0;2;2;0;0;0
24/08/2016;18:33:00;268;Acidente com Vítima;448,5;BR-040/MG;Sul;Atropelamento de animal;1;0;0;0;0;0;0;0;0;0;1;1;1;0;0
24/08/2016;18:05:00;260;Acidente com Vítima;538,2;BR-040/MG;Norte;Abalroamento longitudinal;1;0;0;1;0;0;0;0;0;0;2;0;1;0;0
24/08/2016;17:40:00;258;Acidente sem Vítima;3,2;BR-040/GO;Norte;Colisão traseira;0;0;0;0;0;2;0;0;0;0;2;0;0;0;0
24/08/2016;17:22:00;248;Acidente com Vítima;545,1;BR-040/MG;Norte;Colisão traseira;2;0;0;0;0;0;0;0;0;0;2;1;0;0;0
24/08/2016;17:00:00;240;Acidente sem Vítima;611,15;BR-040/MG;Norte;Colisão traseira;1;0;0;0;0;0;0;0;0;1;2;0;0;0;0
24/08/2016;14:41:00;216;Acidente sem Vítima;149,3;BR-040/GO;Norte;Capotamento;1;0;0;0;0;0;0;0;0;0;1;0;0;0;0
24/08/2016;13:46:00;203;Acidente com Vítima;720,5;BR-040/MG;Norte;Outros;0;0;0;1;0;0;0;0;0;0;0;1;0;0;0
24/08/2016;10:12:00;157;Acidente sem Vítima;525,5;BR-040/MG;Norte;Abalroamento longitudinal;1;0;1;0;0;0;0;0;0;0;2;0;0;0;0
24/08/2016;09:52:00;154;Acidente com Vítima;726,38;BR-040/MG;Sul;Queda de Carga;0;0;1;0;0;0;0;0;0;0;0;0;1;0;0
24/08/2016;09:52:00;155;Acidente com Vítima;164,398;BR-040/MG;Sul;Capotamento;1;0;0;0;0;0;0;0;0;0;1;1;0;0;0
24/08/2016;08:27:00;121;Acidente sem Vítima;7,1;BR-040/DF;Norte;Colisão traseira;2;0;0;0;0;0;0;0;0;0;2;0;0;0;0
24/08/2016;08:27:00;207;Acidente sem Vítima;2,7;BR-040/DF;Norte;Colisão traseira;2;0;0;0;0;0;0;0;0;0;2;0;0;0;0
24/08/2016;08:13:00;117;Acidente sem Vítima;5,282;BR-040/DF;Norte;Abalroamento longitudinal;0;0;0;0;0;2;0;0;0;0;2;0;0;0;0
24/08/2016;07:23:00;56;Acidente com Vítima;4,01;BR-040/GO;Norte;Outros;0;0;0;0;0;1;0;0;0;0;1;0;0;0;0
24/08/2016;07:08:00;43;Acidente com Vítima;2,1;BR-040/DF;Norte;Colisão traseira;1;0;0;1;0;0;0;0;0;0;1;0;0;0;0
24/08/2016;06:14:00;29;Acidente com Vítima;530,1;BR-040/MG;Sul;Abalroamento longitudinal;1;0;0;1;0;0;0;0;0;0;3;1;0;0;0
24/08/2016;04:30:00;18;Acidente sem Vítima;530,15;BR-040/MG;Sul;Choque em defensa;1;0;0;0;0;0;0;0;0;0;1;0;0;0;0
25/08/2016;22:51:00;385;Acidente com Vítima;107,5;BR-040/GO;Norte;Choque com objeto fixo;1;0;0;0;0;0;0;0;0;0;5;2;0;0;0
25/08/2016;22:16:00;378;Acidente sem Vítima;467;BR-040/MG;Norte;Outros;1;0;0;0;0;0;0;0;0;0;1;0;0;0;0
25/08/2016;21:07:00;361;Acidente com Vítima;467,001;BR-040/MG;Sul;Colisão traseira;0;0;2;0;0;0;0;0;0;0;1;1;0;0;0
25/08/2016;20:38:00;351;Acidente sem Vítima;244,075;BR-040/MG;Sul;Choque com objeto fixo;1;0;0;0;0;0;0;0;0;0;1;0;0;0;0
25/08/2016;19:36:00;332;Acidente sem Vítima;404,9;BR-040/MG;Norte;Colisão traseira;0;0;2;0;0;0;0;0;0;0;2;0;0;0;0
25/08/2016;18:51:00;317;Acidente sem Vítima;7,3;BR-040/GO;Norte;Colisão traseira;1;0;0;1;0;0;0;0;0;0;4;0;0;0;0
25/08/2016;17:39:00;298;Acidente sem Vítima;534,631;BR-040/MG;Norte;Colisão traseira;1;0;0;0;0;0;0;0;0;1;2;0;0;0;0
25/08/2016;17:20:00;289;Acidente com Vítima;37,2;BR-040/MG;Sul;Atropelamento de animal;0;0;0;1;0;0;0;0;0;0;0;1;1;0;0
25/08/2016;16:50:00;282;Acidente com Vítima;637,11;BR-040/MG;Norte;Abalroamento transversal;1;0;0;1;0;0;0;0;0;0;2;0;1;0;0
25/08/2016;15:34:00;257;Acidente sem Vítima;43,135;BR-040/GO;Norte;Abalroamento transversal;2;0;0;0;0;0;0;0;0;0;2;0;0;0;0
25/08/2016;09:46:00;158;Acidente sem Vítima;540,8;BR-040/MG;Sul;Colisão traseira;3;0;0;0;0;0;0;0;0;0;4;0;0;0;0
25/08/2016;08:25:00;123;Acidente sem Vítima;526,1;BR-040/MG;Norte;Colisão traseira;2;0;0;0;0;0;0;0;0;0;6;0;0;0;0
25/08/2016;08:09:00;117;Acidente sem Vítima;538,05;BR-040/MG;Sul;Outros;0;0;0;1;0;1;0;0;0;0;2;0;0;0;0
25/08/2016;07:40:00;96;Acidente com Vítima;531,802;BR-040/MG;Sul;Abalroamento longitudinal;1;0;0;1;0;0;0;0;0;0;2;1;0;0;0
25/08/2016;06:56:00;52;Acidente sem Vítima;7,3;BR-040/DF;Norte;Colisão traseira;4;0;0;0;0;0;0;0;0;0;4;0;0;0;0
25/08/2016;05:09:00;26;Acidente com Vítima;518,2;BR-040/MG;Sul;Outros;1;0;0;1;0;0;0;0;0;0;1;1;0;0;0
25/08/2016;01:06:00;8;Acidente com Vítima;6,8;BR-040/GO;Sul;Colisão traseira;1;0;0;1;0;1;0;0;0;0;2;2;0;0;0
26/08/2016;22:31:00;367;Acidente com Morte;29,1;BR-040/GO;Norte;Colisão frontal;1;0;1;0;0;0;0;0;0;0;1;0;2;0;1
26/08/2016;21:53:00;362;Acidente sem Vítima;476,416;BR-040/MG;Sul;Choque com objeto fixo;1;0;0;0;0;0;0;0;0;0;1;0;0;0;0
26/08/2016;21:03:00;352;Acidente sem Vítima;507,32;BR-040/MG;Norte;Choque com objeto fixo;1;0;0;0;0;0;0;0;0;0;1;0;0;0;0
26/08/2016;20:20:00;341;Acidente sem Vítima;511,095;BR-040/MG;Sul;Abalroamento longitudinal;2;0;0;0;0;0;0;0;0;0;3;0;0;0;0
26/08/2016;20:12:00;337;Acidente sem Vítima;535,374;BR-040/MG;Norte;Colisão traseira;1;0;0;1;0;0;0;0;0;0;3;0;1;0;0
26/08/2016;19:38:00;325;Acidente sem Vítima;6,651;BR-040/GO;Sul;Abalroamento longitudinal;1;0;0;1;0;0;0;0;0;0;2;0;0;0;0
26/08/2016;18:47:00;299;Acidente sem Vítima;4,3;BR-040/GO;Norte;Colisão traseira;3;0;0;0;0;0;0;0;0;0;6;0;0;0;0
26/08/2016;17:56:00;283;Atropelamento com Morte;640,02;BR-040/MG;Sul;Atropelamento de pedestre atravessando;0;0;1;0;0;0;0;0;0;0;2;0;0;0;1
26/08/2016;16:51:00;260;Acidente sem Vítima;71;BR-040/GO;Norte;Abalroamento transversal;0;0;1;0;1;0;0;0;0;0;2;0;0;0;0
26/08/2016;15:26:00;235;Acidente com Vítima;13,54;BR-040/MG;Norte;Capotamento;1;0;0;0;0;0;0;0;0;0;1;3;1;0;0
26/08/2016;14:12:00;220;Acidente com Vítima;486,8;BR-040/MG;Sul;Capotamento;1;0;0;0;0;0;0;0;0;0;0;1;0;0;0
26/08/2016;12:09:00;185;Acidente sem Vítima;441,4;BR-040/MG;Sul;Abalroamento longitudinal;2;0;0;0;0;0;0;0;0;0;3;0;0;0;0
26/08/2016;10:26:00;153;Acidente sem Vítima;699;BR-040/MG;Sul;Choque com objeto fixo;1;0;0;0;0;0;0;0;0;0;1;0;0;0;0
26/08/2016;10:24:00;151;Acidente sem Vítima;110,4;BR-040/GO;Norte;Outros;1;0;0;0;0;0;0;0;0;0;1;0;0;0;0
26/08/2016;06:36:00;38;Acidente sem Vítima;511,125;BR-040/MG;Norte;Choque em barreira New Jersey;1;0;0;1;0;1;0;0;0;0;4;0;0;0;0
26/08/2016;05:43:00;28;Acidente sem Vítima;533,453;BR-040/MG;Norte;Capotamento;1;0;0;0;0;0;0;0;0;0;1;0;0;0;0
26/08/2016;02:22:00;16;Acidente com Morte;573,9;BR-040/MG;Norte;Colisão frontal;0;0;3;0;0;0;0;0;0;0;36;8;0;0;3
26/08/2016;01:32:00;6;Acidente com Vítima;678,8;BR-040/MG;Norte;Abalroamento longitudinal;2;0;0;0;0;0;0;0;0;0;1;0;0;1;0
27/08/2016;23:40:00;277;Acidente com Vítima;66,9;BR-040/GO;Norte;Capotamento;1;0;0;0;0;0;0;0;0;0;0;2;0;0;0
27/08/2016;19:42:00;235;Acidente com Vítima;519,3;BR-040/MG;Norte;Atropelamento de animal;1;0;0;0;0;0;0;0;0;0;2;1;0;0;0
27/08/2016;19:01:00;222;Acidente sem Vítima;2,9;BR-040/GO;Sul;Colisão traseira;2;0;0;0;0;0;0;0;0;0;2;0;0;0;0
27/08/2016;15:28:00;174;Acidente sem Vítima;17,76;BR-040/GO;Sul;Colisão traseira;1;0;1;0;0;0;0;0;0;0;2;0;0;0;0
27/08/2016;15:22:00;172;Acidente com Vítima;1,25;BR-040/GO;Sul;Abalroamento longitudinal;1;0;0;1;0;0;0;0;0;0;1;1;0;0;0
27/08/2016;14:13:00;152;Acidente com Vítima;494,017;BR-040/MG;Sul;Colisão traseira;1;0;0;0;0;1;0;0;0;0;1;1;0;0;0
27/08/2016;11:52:00;124;Acidente sem Vítima;618,1;BR-040/MG;Norte;Choque com objeto fixo;1;0;0;0;0;0;0;0;0;0;5;0;0;0;0
27/08/2016;10:48:00;112;Acidente sem Vítima;525,164;BR-040/MG;Norte;Colisão traseira;1;0;1;0;0;0;0;0;0;0;2;0;0;0;0
27/08/2016;09:45:00;100;Acidente com Vítima;0,2;BR-040/GO;Sul;Outros;0;0;0;1;0;0;0;0;0;0;0;2;0;0;0
27/08/2016;09:26:00;94;Acidente com Vítima;610,1;BR-040/MG;Norte;Outros;0;0;0;1;0;0;0;0;0;0;0;1;0;0;0
27/08/2016;08:33:00;81;Atropelamento sem Morte;7,1;BR-040/GO;Norte;Atropelamento de pedestre atravessando;1;0;0;0;0;0;0;0;0;0;1;1;0;0;0
27/08/2016;08:11:00;75;Acidente sem Vítima;127,5;BR-040/MG;Norte;Abalroamento longitudinal;1;0;1;0;0;0;0;0;0;0;2;0;0;0;0
27/08/2016;05:45:00;33;Acidente sem Vítima;664,1;BR-040/MG;Norte;Colisão traseira;2;0;0;0;0;0;0;0;0;0;6;0;0;0;0
27/08/2016;05:19:00;29;Acidente sem Vítima;542,025;BR-040/MG;Norte;Choque em barreira New Jersey;1;0;0;0;0;0;0;0;0;0;1;0;0;0;0
27/08/2016;04:18:00;26;Acidente sem Vítima;548,112;BR-040/MG;Sul;Choque com objeto fixo;1;0;0;0;0;0;0;0;0;0;1;0;0;0;0
27/08/2016;04:08:00;25;Acidente sem Vítima;730,447;BR-040/MG;Norte;Choque em barreira New Jersey;1;0;0;0;0;0;0;0;0;0;3;0;0;0;0
28/08/2016;22:54:00;272;Acidente sem Vítima;211;BR-040/MG;Sul;Choque com objeto fixo;1;0;0;0;0;0;0;0;0;0;1;0;0;0;0
28/08/2016;21:57:00;261;Acidente com Vítima;5,05;BR-040/GO;Norte;Colisão traseira;2;0;0;0;0;0;0;0;0;0;1;1;0;0;0
28/08/2016;20:54:00;243;Acidente sem Vítima;9,95;BR-040/GO;Norte;Choque com objeto fixo;1;0;0;0;0;0;0;0;0;0;1;0;0;0;0
28/08/2016;20:24:00;237;Acidente sem Vítima;5,3;BR-040/GO;Norte;Colisão traseira;0;0;0;0;0;2;0;0;0;0;2;0;0;0;0
28/08/2016;20:22:00;236;Acidente com Vítima;4,9;BR-040/GO;Norte;Colisão traseira;2;0;0;0;0;0;0;0;0;0;2;0;2;0;0
28/08/2016;20:00:00;230;Acidente sem Vítima;516,6;BR-040/MG;Norte;Abalroamento longitudinal;2;0;0;0;0;0;0;0;0;0;2;0;0;0;0
28/08/2016;19:52:00;228;Acidente sem Vítima;41,13;BR-040/MG;Sul;Choque com objeto fixo;1;0;0;0;0;0;0;0;0;0;1;0;0;0;0
28/08/2016;19:30:00;219;Acidente com Vítima;5;BR-040/GO;Norte;Colisão traseira;1;0;0;1;0;0;0;0;0;0;1;1;0;0;0
28/08/2016;19:23:00;216;Acidente com Vítima;14;BR-040/GO;Sul;Abalroamento longitudinal;1;0;0;0;0;1;0;0;0;0;2;1;1;0;0
28/08/2016;18:23:00;190;Acidente sem Vítima;272,9;BR-040/MG;Sul;Outros;2;0;1;0;0;0;0;0;0;0;6;0;0;0;0
28/08/2016;18:22:00;189;Acidente sem Vítima;5,2;BR-040/GO;Norte;Colisão traseira;3;0;0;0;0;0;0;0;0;0;6;0;0;0;0
28/08/2016;18:19:00;188;Acidente sem Vítima;7,1;BR-040/DF;Norte;Abalroamento transversal;2;0;0;0;0;0;0;0;0;0;3;0;0;0;0
28/08/2016;18:15:00;183;Acidente com Vítima;8,9;BR-040/GO;Norte;Colisão traseira;1;0;0;0;0;1;0;0;0;0;1;2;1;0;0
28/08/2016;15:34:00;132;Acidente com Vítima;42,5;BR-040/MG;Sul;Choque com objeto fixo;0;0;0;1;0;0;0;0;0;0;0;0;1;1;0
28/08/2016;12:04:00;99;Acidente sem Vítima;485,234;BR-040/MG;Sul;Queda de Carga;0;0;1;0;0;0;0;0;0;0;1;0;0;0;0
28/08/2016;08:18:00;66;Acidente sem Vítima;618,1;BR-040/MG;Norte;Capotamento;1;0;0;0;0;0;0;0;0;0;1;0;0;0;0
28/08/2016;04:17:00;38;Acidente com Vítima;8,1;BR-040/GO;Sul;Choque com objeto fixo;1;0;0;0;0;0;0;0;0;0;0;0;0;1;0
28/08/2016;03:39:00;34;Acidente sem Vítima;511,4;BR-040/MG;Norte;Abalroamento longitudinal;2;0;1;0;0;0;0;0;0;0;6;0;0;0;0
28/08/2016;02:03:00;19;Acidente sem Vítima;17,2;BR-040/GO;Norte;Abalroamento transversal;2;0;0;0;0;0;0;0;0;0;3;0;0;0;0
28/08/2016;01:13:00;13;Acidente sem Vítima;621,5;BR-040/MG;Sul;Choque com objeto fixo;1;0;0;0;0;0;0;0;0;0;1;0;0;0;0
28/08/2016;00:56:00;10;Acidente com Vítima;18;BR-040/GO;Sul;Colisão traseira;1;0;0;1;0;0;0;0;0;0;1;2;0;0;0
29/08/2016;23:00:00;403;Acidente com Vítima;123,124;BR-040/MG;Sul;Atropelamento de animal;1;0;0;0;0;0;0;0;0;0;2;1;0;0;0
29/08/2016;19:05:00;354;Acidente sem Vítima;424,611;BR-040/MG;Sul;Capotamento;0;0;0;1;0;0;0;0;0;0;1;0;0;0;0
29/08/2016;17:54:00;318;Acidente sem Vítima;526,81;BR-040/MG;Norte;Choque em barreira New Jersey;2;0;0;0;0;0;0;0;0;0;2;0;0;0;0
29/08/2016;17:10:00;300;Acidente sem Vítima;62;BR-040/GO;Norte;Colisão traseira;0;0;2;0;0;0;0;0;0;0;2;0;0;0;0
29/08/2016;15:21:00;273;Acidente sem Vítima;536;BR-040/MG;Sul;Colisão traseira;0;0;2;0;0;0;0;0;0;0;2;0;0;0;0
29/08/2016;14:27:00;258;Acidente sem Vítima;643,02;BR-040/MG;Norte;Choque com objeto fixo;0;0;1;0;0;0;0;0;0;0;1;0;0;0;0
29/08/2016;12:26:00;232;Acidente sem Vítima;520;BR-040/MG;Norte;Capotamento;1;0;0;0;0;0;0;0;0;0;1;0;0;0;0
29/08/2016;09:40:00;176;Acidente sem Vítima;544;BR-040/MG;Norte;Colisão traseira;4;0;0;0;0;0;0;0;0;0;4;0;0;0;0
29/08/2016;08:56:00;162;Acidente com Vítima;576,154;BR-040/MG;Norte;Choque com objeto fixo;1;0;0;0;0;0;0;0;0;0;1;1;0;0;0
29/08/2016;08:18:00;144;Acidente com Vítima;544;BR-040/MG;Norte;Colisão traseira;2;0;0;0;0;0;0;0;0;0;1;0;0;0;0
29/08/2016;08:11:00;143;Acidente com Vítima;517;BR-040/MG;Sul;Colisão traseira;2;0;0;0;0;0;0;0;0;0;2;0;1;0;0
29/08/2016;07:55:00;132;Atropelamento sem Morte;1,8;BR-040/GO;Norte;Atropelamento de pedestre atravessando;0;0;0;1;0;0;0;0;0;0;1;0;0;0;0
29/08/2016;06:19:00;46;Acidente sem Vítima;541,063;BR-040/MG;Sul;Colisão traseira;2;0;1;0;0;0;0;0;0;0;3;0;0;0;0
29/08/2016;00:54:00;13;Acidente sem Vítima;10,3;BR-040/GO;Norte;Capotamento;1;0;0;0;0;0;0;0;0;0;1;0;0;0;0
29/08/2016;00:01:00;1;Acidente com Vítima;511,3;BR-040/MG;Norte;Outros;0;0;0;1;0;0;0;0;0;0;0;1;1;0;0
30/08/2016;22:53:00;442;Acidente sem Vítima;701,072;BR-040/MG;Sul;Queda de Carga;0;0;1;0;0;0;0;0;0;0;1;0;0;0;0
30/08/2016;22:52:00;441;Acidente sem Vítima;511,019;BR-040/MG;Norte;Abalroamento longitudinal;1;0;1;0;0;0;0;0;0;0;2;0;0;0;0
30/08/2016;21:05:00;421;Acidente sem Vítima;141,6;BR-040/MG;Sul;Abalroamento longitudinal;1;0;1;0;0;0;0;0;0;0;9;0;0;0;0
30/08/2016;21:00:00;419;Acidente sem Vítima;693,5;BR-040/MG;Sul;Outros;1;0;1;0;0;0;0;0;0;0;3;0;0;0;0
30/08/2016;18:30:00;376;Atropelamento sem Morte;525,6;BR-040/MG;Sul;Atropelamento de pedestre atravessando;0;0;0;1;0;0;0;0;0;0;0;0;2;0;0
30/08/2016;14:27:00;299;Acidente sem Vítima;530,4;BR-040/MG;Sul;Colisão traseira;2;0;0;0;0;0;0;0;0;0;2;0;0;0;0
30/08/2016;12:22:00;269;Acidente sem Vítima;770,7;BR-040/MG;Sul;Abalroamento transversal;1;0;1;0;0;0;0;0;0;0;2;0;0;0;0
30/08/2016;11:53:00;258;Acidente sem Vítima;632,002;BR-040/MG;Sul;Colisão traseira;2;0;0;0;0;0;0;0;0;0;3;0;0;0;0
30/08/2016;11:21:00;245;Acidente sem Vítima;472,07;BR-040/MG;Sul;Colisão traseira;1;0;1;0;0;0;0;0;0;0;2;0;0;0;0
30/08/2016;10:04:00;208;Acidente com Vítima;27,1;BR-040/GO;Sul;Abalroamento transversal;2;0;0;0;0;0;0;0;0;0;2;0;1;0;0
30/08/2016;09:21:00;186;Acidente sem Vítima;542,8;BR-040/MG;Sul;Colisão traseira;4;0;0;0;0;0;0;0;0;0;4;0;0;0;0
30/08/2016;07:51:00;146;Acidente sem Vítima;528;BR-040/MG;Sul;Colisão traseira;2;0;0;0;0;0;0;0;0;0;2;0;0;0;0
30/08/2016;07:06:00;88;Acidente sem Vítima;483,53;BR-040/MG;Norte;Colisão traseira;0;0;2;0;0;0;0;0;0;0;2;0;0;0;0
30/08/2016;01:19:00;14;Acidente sem Vítima;730,75;BR-040/MG;Norte;Choque em barreira New Jersey;1;0;0;0;0;0;0;0;0;0;1;0;0;0;0
31/08/2016;21:13:00;336;Acidente sem Vítima;716,95;BR-040/MG;Sul;Choque em defensa;1;0;0;0;0;0;0;0;0;0;1;0;0;0;0
31/08/2016;21:05:00;335;Acidente com Vítima;506,07;BR-040/MG;Sul;Abalroamento longitudinal;0;0;0;2;0;0;0;0;0;0;0;2;1;0;0
31/08/2016;20:07:00;321;Acidente com Vítima;514,8;BR-040/MG;Norte;Outros;0;0;0;1;0;0;0;0;0;0;0;1;0;0;0
31/08/2016;19:21:00;311;Acidente sem Vítima;615,39;BR-040/MG;Sul;Capotamento;1;0;0;0;0;0;0;0;0;0;1;0;0;0;0
31/08/2016;19:20:00;310;Acidente sem Vítima;29,1;BR-040/MG;Norte;Abalroamento longitudinal;3;0;0;0;0;1;0;0;0;0;6;0;0;0;0
31/08/2016;18:45:00;296;Acidente sem Vítima;728,95;BR-040/MG;Norte;Choque em barreira New Jersey;1;0;0;0;0;0;0;0;0;0;2;0;0;0;0
31/08/2016;17:50:00;285;Acidente com Vítima;701,6;BR-040/MG;Sul;Choque com objeto fixo;1;0;0;0;0;0;0;0;0;0;0;0;1;0;0
31/08/2016;16:01:00;252;Acidente sem Vítima;738,7;BR-040/MG;Sul;Choque com objeto fixo;2;0;0;0;0;0;0;0;0;0;2;0;0;0;0
31/08/2016;15:31:00;245;Acidente sem Vítima;501,7;BR-040/MG;Norte;Colisão traseira;2;0;0;0;0;0;0;0;0;0;2;0;0;0;0
31/08/2016;15:21:00;241;Acidente sem Vítima;592,1;BR-040/MG;Norte;Choque com objeto fixo;1;0;0;0;0;0;0;0;0;0;1;0;0;0;0
31/08/2016;14:51:00;229;Acidente sem Vítima;563,1;BR-040/MG;Sul;Choque em barreira New Jersey;1;0;0;0;0;0;0;0;0;0;4;0;0;0;0
31/08/2016;14:48:00;226;Acidente sem Vítima;608,325;BR-040/MG;Sul;Colisão traseira;2;0;0;0;0;0;0;0;0;0;2;0;0;0;0
31/08/2016;14:47:00;225;Acidente sem Vítima;562,3;BR-040/MG;Sul;Choque em barreira New Jersey;0;0;0;0;0;0;0;0;0;1;1;0;0;0;0
31/08/2016;14:28:00;218;Acidente sem Vítima;562,55;BR-040/MG;Norte;Capotamento;1;0;0;0;0;0;0;0;0;0;1;0;0;0;0
31/08/2016;13:53:00;209;Acidente sem Vítima;509,1;BR-040/MG;Sul;Colisão traseira;1;0;0;0;0;0;0;0;0;1;2;0;0;0;0
31/08/2016;12:36:00;191;Atropelamento sem Morte;534,1;BR-040/MG;Sul;Atropelamento de pedestre atravessando;0;0;0;1;0;0;0;0;0;0;1;0;0;1;0
31/08/2016;10:43:00;158;Acidente sem Vítima;531,2;BR-040/MG;Sul;Abalroamento longitudinal;1;0;0;1;0;0;0;0;0;0;2;0;0;0;0
31/08/2016;09:31:00;138;Acidente sem Vítima;521,8;BR-040/MG;Norte;Outros;0;0;0;1;0;0;0;0;0;0;1;0;0;0;0
31/08/2016;08:36:00;115;Acidente sem Vítima;12,7;BR-040/GO;Sul;Outros;1;0;0;0;0;0;0;0;0;0;1;0;0;0;0
31/08/2016;08:01:00;104;Acidente sem Vítima;531,1;BR-040/MG;Sul;Colisão traseira;3;0;0;0;0;0;0;0;0;0;5;0;0;0;0
31/08/2016;07:05:00;51;Acidente com Morte;751,05;BR-040/MG;Norte;Queda de Carga;0;0;1;0;0;0;0;0;0;0;0;0;0;0;1
31/08/2016;06:34:00;24;Acidente sem Vítima;487,2;BR-040/MG;Sul;Colisão frontal;0;0;2;0;0;0;0;0;0;0;2;0;0;0;0
01/09/2016;23:16:00;345;Acidente sem Vítima;496,4;BR-040/MG;Sul;Choque com objeto fixo;1;0;0;0;0;0;0;0;0;0;1;0;0;0;0
01/09/2016;22:13:00;334;Acidente sem Vítima;611,35;BR-040/MG;Sul;Atropelamento de animal;0;0;0;0;0;1;0;0;0;0;1;0;0;0;0
01/09/2016;21:48:00;330;Acidente com Vítima;7,05;BR-040/GO;Norte;Abalroamento transversal;1;0;0;1;0;0;0;0;0;0;1;0;0;1;0
01/09/2016;21:01:00;315;Atropelamento sem Morte;11,7;BR-040/GO;Sul;Atropelamento de ciclista;0;1;0;1;0;0;0;0;0;0;1;2;0;0;0
01/09/2016;20:29:00;303;Acidente sem Vítima;558,4;BR-040/MG;Norte;Colisão traseira;1;0;0;0;0;1;0;0;0;0;2;0;0;0;0
01/09/2016;17:02:00;258;Acidente sem Vítima;7,1;BR-040/GO;Sul;Abalroamento longitudinal;1;0;1;1;0;0;0;0;0;0;3;0;0;0;0
01/09/2016;16:04:00;248;Acidente sem Vítima;15,6;BR-040/GO;Sul;Abalroamento transversal;2;0;0;0;0;0;0;0;0;0;2;0;0;0;0
01/09/2016;14:10:00;226;Acidente sem Vítima;453,3;BR-040/MG;Norte;Outros;0;0;1;0;0;0;0;0;0;0;1;0;0;0;0
01/09/2016;10:41:00;173;Acidente sem Vítima;454,53;BR-040/MG;Norte;Choque em defensa;2;0;0;0;0;0;0;0;0;0;3;0;0;0;0
01/09/2016;06:26:00;42;Acidente com Vítima;717,847;BR-040/MG;Sul;Capotamento;0;0;0;1;0;0;0;0;0;0;1;1;0;0;0