data;horario;n_da_ocorrencia;tipo_de_ocorrencia;km;trecho;sentido;tipo_de_acidente;automovel;bicicleta;caminhao;moto;onibus;outros;tracao_animal;transporte_de_cargas_especiais;trator_maquinas;utilitarios;ilesos;levemente_feridos;moderadamente_feridos;gravemente_feridos;mortos
12/09/2016;08:07:00;125;Acidente sem Vítima;3,4;BR-040/DF;Norte;Colisão traseira;2;0;0;0;0;0;0;0;0;0;2;0;0;0;0
12/09/2016;07:59:00;121;Acidente sem Vítima;587,1;BR-040/MG;Sul;Queda de Carga;0;0;1;0;0;0;0;0;0;0;1;0;0;0;0
12/09/2016;06:55:00;64;Atropelamento sem Morte;529,5;BR-040/MG;Sul;Atropelamento de pedestre atravessando;0;0;0;1;0;0;0;0;0;0;1;0;1;0;0
12/09/2016;06:48:00;54;Acidente sem Vítima;510,023;BR-040/MG;Sul;Colisão traseira;3;0;0;0;0;0;0;0;0;0;3;0;0;0;0
12/09/2016;05:39:00;34;Acidente sem Vítima;660,3;BR-040/MG;Norte;Colisão traseira;2;0;0;0;0;0;0;0;0;0;2;0;0;0;0
12/09/2016;00:20:00;4;Acidente com Vítima;6,7;BR-040/GO;Norte;Choque com objeto fixo;1;0;0;0;0;0;0;0;0;0;2;1;0;0;0
12/09/2016;00:18:00;2;Acidente com Vítima;308,95;BR-040/MG;Sul;Choque com objeto fixo;1;0;0;0;0;0;0;0;0;0;0;1;0;0;0
12/09/2016;00:00:00;1;Acidente sem Vítima;14,072;BR-040/GO;Sul;Atropelamento de animal;1;0;0;0;0;0;0;0;0;0;3;0;0;0;0
13/09/2016;22:40:00;380;Acidente sem Vítima;7,8;BR-040/GO;Norte;Outros;0;0;0;1;0;0;0;0;0;0;1;0;0;0;0
13/09/2016;17:47:00;291;Acidente sem Vítima;520,2;BR-040/MG;Norte;Colisão traseira;1;0;1;0;0;0;0;0;0;0;2;0;0;0;0
13/09/2016;16:15:00;275;Acidente sem Vítima;543,8;BR-040/MG;Norte;Colisão traseira;4;0;0;0;0;0;0;0;0;0;4;0;0;0;0
13/09/2016;14:22:00;246;Acidente com Morte;20,7;BR-040/GO;Sul;Abalroamento transversal;2;0;0;0;0;0;0;0;0;0;0;0;0;0;1
13/09/2016;08:07:00;120;Acidente com Vítima;529,058;BR-040/MG;Sul;Abalroamento longitudinal;1;0;0;1;0;0;0;0;0;0;2;0;1;0;0
13/09/2016;07:04:00;40;Acidente sem Vítima;303,8;BR-040/MG;Sul;Capotamento;1;0;0;0;0;0;0;0;0;0;1;0;0;0;0
13/09/2016;01:21:00;12;Acidente sem Vítima;439,3;BR-040/MG;Sul;Atropelamento de animal;0;0;1;0;0;0;0;0;0;0;1;0;0;0;0
13/09/2016;00:22:00;6;Acidente sem Vítima;515,82;BR-040/MG;Norte;Atropelamento de animal;0;0;0;0;1;0;0;0;0;0;4;0;0;0;0
14/09/2016;21:50:00;398;Acidente com Vítima;9,3;BR-040/GO;Sul;Abalroamento longitudinal;1;0;0;1;0;0;0;0;0;0;1;2;0;0;0
14/09/2016;19:43:00;371;Acidente sem Vítima;682,375;BR-040/MG;Norte;Abalroamento longitudinal;1;0;1;0;0;0;0;0;0;0;3;0;0;0;0
14/09/2016;18:46:00;352;Acidente com Vítima;584,971;BR-040/MG;Sul;Abalroamento transversal;1;0;0;0;0;1;0;0;0;0;1;1;0;0;0
14/09/2016;16:39:00;311;Acidente com Vítima;1,3;BR-040/GO;Sul;Outros;0;0;0;1;0;0;0;0;0;0;0;1;0;0;0
14/09/2016;14:56:00;276;Acidente sem Vítima;2,5;BR-040/GO;Sul;Colisão traseira;2;0;0;0;0;0;0;0;0;0;3;0;0;0;0
14/09/2016;12:54:00;236;Acidente sem Vítima;476;BR-040/MG;Sul;Outros;0;0;0;1;0;0;0;0;0;0;2;0;0;0;0
14/09/2016;11:27:00;209;Acidente com Morte;546;BR-040/MG;Norte;Choque com objeto fixo;0;0;1;0;0;0;0;0;0;0;0;0;0;0;1
14/09/2016;10:15:00;185;Acidente com Vítima;41;BR-040/MG;Norte;Abalroamento longitudinal;1;0;0;1;0;0;0;0;0;0;2;2;0;0;0
14/09/2016;09:31:00;158;Acidente sem Vítima;539,227;BR-040/MG;Sul;Colisão traseira;4;0;0;0;0;0;0;0;0;0;4;0;0;0;0
14/09/2016;07:57:00;88;Acidente com Vítima;536,5;BR-040/MG;Norte;Abalroamento longitudinal;1;0;0;1;0;0;0;0;0;0;1;0;1;0;0
14/09/2016;07:34:00;79;Acidente sem Vítima;5,9;BR-040/MG;Norte;Colisão traseira;2;0;0;1;0;0;0;0;0;0;6;0;0;0;0
14/09/2016;05:49:00;23;Acidente com Vítima;508,4;BR-040/MG;Sul;Colisão traseira;2;0;0;0;0;0;0;0;0;0;2;1;0;0;0
14/09/2016;04:30:00;16;Acidente com Vítima;51,26;BR-040/MG;Norte;Capotamento;1;0;0;0;0;0;0;0;0;0;0;1;0;0;0
15/09/2016;23:21:00;470;Acidente com Vítima;9,1;BR-040/GO;Norte;Capotamento;1;0;0;0;0;0;0;0;0;0;0;1;0;0;0
15/09/2016;22:37:00;463;Acidente sem Vítima;714,1;BR-040/MG;Norte;Abalroamento longitudinal;1;0;1;0;0;0;0;0;0;0;3;0;0;0;0
15/09/2016;22:25:00;457;Acidente sem Vítima;586,2;BR-040/MG;Norte;Colisão traseira;0;0;2;0;0;0;0;0;0;0;2;0;0;0;0
15/09/2016;20:39:00;423;Acidente com Vítima;693,8;BR-040/MG;Sul;Colisão traseira;2;0;0;0;0;0;0;0;0;0;2;1;0;0;0
15/09/2016;20:13:00;417;Acidente com Vítima;764,467;BR-040/MG;Sul;Colisão traseira;1;0;0;1;0;0;0;0;0;0;2;1;0;0;0
15/09/2016;19:45:00;409;Acidente sem Vítima;706,12;BR-040/MG;Sul;Abalroamento longitudinal;0;0;2;0;0;0;0;0;0;0;2;0;0;0;0
15/09/2016;18:00:00;372;Acidente sem Vítima;611,3;BR-040/MG;Norte;Abalroamento longitudinal;1;0;1;0;0;0;0;0;0;0;3;0;0;0;0
15/09/2016;18:00:00;373;Acidente com Vítima;46,1;BR-040/MG;Norte;Outros;0;0;0;1;0;0;0;0;0;0;0;1;0;0;0
15/09/2016;17:41:00;369;Acidente sem Vítima;727,033;BR-040/MG;Sul;Choque em barreira New Jersey;1;0;0;0;0;0;0;0;0;0;3;0;0;0;0
15/09/2016;14:41:00;291;Acidente sem Vítima;516,43;BR-040/MG;Norte;Abalroamento longitudinal;1;0;1;0;0;0;0;0;0;0;2;0;0;0;0
15/09/2016;13:15:00;254;Acidente sem Vítima;487,3;BR-040/MG;Sul;Abalroamento longitudinal;1;0;1;0;0;0;0;0;0;0;2;0;0;0;0
15/09/2016;09:43:00;181;Acidente sem Vítima;610,144;BR-040/MG;Norte;Abalroamento longitudinal;0;0;1;0;0;1;0;0;0;0;2;0;0;0;0
15/09/2016;07:08:00;60;Acidente sem Vítima;487;BR-040/MG;Norte;Colisão traseira;0;0;1;0;0;1;0;0;0;0;2;0;0;0;0
16/09/2016;21:00:00;440;Acidente com Vítima;624,04;BR-040/MG;Sul;Colisão traseira;1;0;1;1;0;0;0;0;0;0;2;0;1;0;0
16/09/2016;12:57:00;230;Atropelamento sem Morte;10,4;BR-040/GO;Norte;Atropelamento de pedestre atravessando;0;0;0;1;0;0;0;0;0;0;1;1;0;0;0
16/09/2016;12:19:00;214;Acidente sem Vítima;611,8;BR-040/MG;Sul;Choque em defensa;1;0;1;0;0;0;0;0;0;0;2;0;0;0;0
16/09/2016;11:16:00;199;Acidente sem Vítima;7,6;BR-040/DF;Norte;Choque com objeto fixo;0;0;1;0;0;0;0;0;0;0;1;0;0;0;0
16/09/2016;09:31:00;172;Acidente com Vítima;536,6;BR-040/MG;Sul;Colisão traseira;0;0;1;1;0;0;0;0;0;0;1;1;0;0;0
16/09/2016;07:39:00;116;Acidente sem Vítima;5,6;BR-040/DF;Sul;Abalroamento longitudinal;1;0;0;1;0;0;0;0;0;0;2;0;0;0;0
16/09/2016;07:18:00;81;Acidente com Vítima;12,15;BR-040/GO;Norte;Atropelamento de animal;0;0;0;1;0;0;0;0;0;0;0;1;0;0;0
16/09/2016;06:57:00;68;Acidente com Vítima;7,4;BR-040/GO;Sul;Colisão traseira;2;0;0;0;0;0;0;0;0;0;1;1;0;0;0
16/09/2016;04:39:00;44;Acidente sem Vítima;120,3;BR-040/GO;Norte;Choque com objeto fixo;0;0;1;0;0;0;0;0;0;0;1;0;0;0;0
16/09/2016;01:28:00;17;Acidente sem Vítima;579,5;BR-040/MG;Norte;Choque em defensa;0;0;1;0;0;0;0;0;0;0;1;0;0;0;0
16/09/2016;00:59:00;12;Acidente sem Vítima;728,12;BR-040/MG;Norte;Colisão traseira;0;0;2;0;0;0;0;0;0;0;3;0;0;0;0
17/09/2016;21:40:00;344;Acidente sem Vítima;464,1;BR-040/MG;Norte;Queda de Carga;0;0;0;0;0;0;0;0;0;1;6;0;0;0;0
17/09/2016;19:42:00;294;Acidente sem Vítima;672,3;BR-040/MG;Sul;Atropelamento de animal;1;0;0;0;0;0;0;0;0;0;1;0;0;0;0
17/09/2016;15:45:00;214;Acidente sem Vítima;472,73;BR-040/MG;Sul;Outros;0;0;0;1;0;0;0;0;0;0;3;0;0;0;0
17/09/2016;14:35:00;181;Acidente sem Vítima;511,1;BR-040/MG;Norte;Choque com objeto fixo;3;0;0;0;0;0;0;0;0;0;7;0;0;0;0
17/09/2016;13:24:00;163;Acidente com Vítima;7,012;BR-040/DF;Sul;Capotamento;2;0;0;0;0;0;0;0;0;0;1;2;1;0;0
17/09/2016;11:18:00;132;Acidente com Vítima;613,6;BR-040/MG;Sul;Colisão traseira;1;0;0;1;0;0;0;0;0;0;1;0;2;0;0
17/09/2016;10:50:00;125;Acidente sem Vítima;487,2;BR-040/MG;Sul;Colisão traseira;2;0;0;0;0;0;0;0;0;0;3;0;0;0;0
17/09/2016;09:10:00;100;Acidente sem Vítima;1,1;BR-040/GO;Norte;Colisão traseira;4;0;0;0;0;0;0;0;0;0;5;0;0;0;0
17/09/2016;08:04:00;83;Acidente com Vítima;1,115;BR-040/GO;Norte;Capotamento;1;0;0;0;0;0;0;0;0;0;0;1;0;0;0
18/09/2016;20:17:00;327;Acidente com Vítima;0;Fora_Rota;Norte;Choque com objeto fixo;1;0;0;0;0;0;0;0;0;0;1;1;0;0;0
18/09/2016;16:39:00;232;Acidente com Vítima;715,7;BR-040/MG;Sul;Outros;1;0;0;0;0;0;0;0;0;0;1;2;0;0;0
18/09/2016;15:35:00;214;Acidente com Vítima;310,04;BR-040/MG;Norte;Abalroamento longitudinal;1;0;0;1;0;0;0;0;0;0;1;0;1;0;0
18/09/2016;15:27:00;208;Acidente sem Vítima;516,076;BR-040/MG;Norte;Colisão traseira;2;0;0;0;0;0;0;0;0;0;5;0;0;0;0
18/09/2016;15:15:00;203;Acidente sem Vítima;525,1;BR-040/MG;Sul;Outros;0;0;0;1;0;0;0;0;0;0;2;0;0;0;0
18/09/2016;14:01:00;184;Acidente sem Vítima;274,15;BR-040/MG;Sul;Colisão traseira;1;0;0;0;0;0;0;0;0;1;2;0;0;0;0
18/09/2016;11:30:00;128;Acidente com Vítima;771,73;BR-040/MG;Norte;Choque com objeto fixo;0;0;0;1;0;0;0;0;0;0;0;0;2;0;0
18/09/2016;10:25:00;112;Acidente sem Vítima;527,1;BR-040/MG;Sul;Choque com objeto fixo;1;0;0;0;0;0;0;0;0;0;3;0;0;0;0
18/09/2016;09:29:00;97;Acidente com Vítima;8,6;BR-040/GO;Norte;Abalroamento transversal;1;0;0;1;0;0;0;0;0;0;2;1;0;0;0
18/09/2016;07:58:00;64;Acidente com Vítima;386,4;BR-040/MG;Norte;Abalroamento longitudinal;2;0;0;0;0;0;0;0;0;0;2;1;0;0;0
18/09/2016;05:34:00;39;Acidente sem Vítima;612,05;BR-040/MG;Norte;Outros;1;0;0;0;0;0;0;0;0;0;1;0;0;0;0
18/09/2016;02:10:00;17;Acidente com Vítima;2,5;BR-040/GO;Sul;Colisão traseira;1;0;0;1;0;0;0;0;0;0;5;0;1;0;0
19/09/2016;19:59:00;423;Acidente sem Vítima;693,8;BR-040/MG;Sul;Colisão traseira;2;0;0;0;0;0;0;0;0;0;2;0;0;0;0
19/09/2016;18:45:00;402;Atropelamento sem Morte;0,6;BR-040/GO;Norte;Atropelamento de pedestre atravessando;0;0;0;1;0;0;0;0;0;0;2;0;1;0;0
19/09/2016;18:37:00;396;Atropelamento sem Morte;725,078;BR-040/MG;Sul;Atropelamento de pedestre atravessando;1;0;0;0;0;0;0;0;0;0;1;0;1;0;0
19/09/2016;18:31:00;392;Acidente sem Vítima;628,72;BR-040/MG;Sul;Abalroamento longitudinal;2;0;1;0;0;0;0;0;0;0;3;0;0;0;0
19/09/2016;16:38:00;357;Acidente sem Vítima;705,117;BR-040/MG;Norte;Capotamento;1;0;0;0;0;0;0;0;0;0;1;0;0;0;0
19/09/2016;14:54:00;308;Acidente sem Vítima;737;BR-040/MG;Sul;Choque com objeto fixo;1;0;0;0;0;0;0;0;0;0;1;0;0;0;0
19/09/2016;14:44:00;304;Acidente sem Vítima;672,111;BR-040/MG;Sul;Choque com objeto fixo;1;0;0;0;0;0;0;0;0;0;2;0;0;0;0
19/09/2016;13:37:00;281;Acidente sem Vítima;429,1;BR-040/MG;Norte;Choque com objeto fixo;1;0;0;0;0;0;0;0;0;0;1;0;0;0;0
19/09/2016;10:13:00;207;Acidente sem Vítima;596,4;BR-040/MG;Sul;Colisão traseira;1;0;1;0;0;0;0;0;0;0;2;0;0;0;0
19/09/2016;10:01:00;204;Acidente com Vítima;143,001;BR-040/GO;Norte;Abalroamento transversal;1;0;0;1;0;0;0;0;0;0;1;1;0;0;0
19/09/2016;05:54:00;35;Acidente com Vítima;7,08;BR-040/GO;Sul;Abalroamento transversal;0;1;0;1;0;0;0;0;0;0;0;2;0;0;0
20/09/2016;22:03:00;397;Acidente com Vítima;2,5;BR-040/GO;Sul;Outros;1;0;0;1;0;0;0;0;0;0;1;1;0;0;0
20/09/2016;20:45:00;388;Acidente com Vítima;118,12;BR-040/MG;Norte;Abalroamento transversal;1;0;1;0;0;0;0;0;0;0;1;0;0;1;0
20/09/2016;16:29:00;302;Acidente sem Vítima;42,5;BR-040/MG;Norte;Abalroamento longitudinal;1;0;0;1;0;0;0;0;0;0;2;0;0;0;0
20/09/2016;15:30:00;270;Acidente sem Vítima;509,62;BR-040/MG;Norte;Capotamento;1;0;0;0;0;0;0;0;0;0;1;0;0;0;0
20/09/2016;13:25:00;231;Acidente sem Vítima;6,1;BR-040/DF;Sul;Outros;0;0;0;1;0;0;0;0;0;0;1;0;0;0;0
20/09/2016;10:53:00;184;Acidente com Vítima;544,015;BR-040/MG;Norte;Capotamento;1;0;0;0;0;0;0;0;0;0;0;0;0;0;0
20/09/2016;08:39:00;129;Acidente sem Vítima;515,97;BR-040/MG;Norte;Colisão traseira;2;0;0;0;0;0;0;0;0;0;2;0;0;0;0
21/09/2016;21:09:00;363;Acidente sem Vítima;541,95;BR-040/MG;Sul;Choque com objeto fixo;1;0;0;0;0;0;0;0;0;0;1;0;0;0;0
21/09/2016;20:43:00;357;Acidente sem Vítima;607,15;BR-040/MG;Norte;Abalroamento longitudinal;2;0;0;0;0;1;0;0;0;0;6;0;0;0;0
21/09/2016;18:43:00;315;Acidente sem Vítima;525,9;BR-040/MG;Norte;Colisão traseira;3;0;0;0;0;0;0;0;0;0;8;0;0;0;0
21/09/2016;18:23:00;308;Acidente com Vítima;635,5;BR-040/MG;Sul;Capotamento;1;0;0;0;0;0;0;0;0;0;0;0;1;0;0
21/09/2016;18:20:00;306;Acidente sem Vítima;43,3;BR-040/MG;Norte;Colisão traseira;3;0;0;0;0;0;0;0;0;0;3;0;0;0;0
21/09/2016;14:54:00;242;Acidente sem Vítima;32,7;BR-040/MG;Norte;Queda de Carga;2;0;0;0;0;0;0;0;0;0;2;0;0;0;0
21/09/2016;12:28:00;211;Acidente com Vítima;506,15;BR-040/MG;Norte;Colisão traseira;0;0;1;1;0;0;0;0;0;0;1;0;1;0;0
21/09/2016;10:23:00;183;Acidente sem Vítima;468,5;BR-040/MG;Sul;Capotamento;2;0;0;0;0;0;0;0;0;0;2;0;0;0;0
21/09/2016;08:58:00;153;Acidente com Vítima;364,1;BR-040/MG;Sul;Abalroamento longitudinal;1;0;1;0;0;0;0;0;0;0;2;1;0;0;0
21/09/2016;08:13:00;132;Acidente com Vítima;5,1;BR-040/GO;Norte;Abalroamento longitudinal;1;0;0;1;0;0;0;0;0;0;1;1;0;0;0
21/09/2016;07:56:00;122;Acidente com Vítima;3,4;BR-040/GO;Norte;Colisão traseira;1;0;0;1;0;0;0;0;0;0;2;0;0;0;0
21/09/2016;05:43:00;35;Acidente sem Vítima;10,001;BR-040/GO;Norte;Abalroamento longitudinal;2;0;0;0;0;0;0;0;0;0;2;0;0;0;0
22/09/2016;22:28:00;388;Acidente sem Vítima;527,05;BR-040/MG;Norte;Queda de Carga;0;0;0;0;0;0;0;0;0;1;2;0;0;0;0
22/09/2016;19:56:00;350;Acidente com Vítima;7,9;BR-040/GO;Norte;Abalroamento longitudinal;1;0;0;1;0;0;0;0;0;0;1;0;0;1;0
22/09/2016;18:30:00;320;Acidente com Morte;652,64;BR-040/MG;Norte;Colisão traseira;1;0;2;0;0;0;0;0;0;0;2;0;0;0;1
22/09/2016;18:06:00;315;Acidente sem Vítima;410,8;BR-040/MG;Norte;Abalroamento longitudinal;1;0;1;0;0;0;0;0;0;0;2;0;0;0;0
22/09/2016;16:44:00;289;Acidente sem Vítima;1,5;BR-040/GO;Sul;Colisão traseira;3;0;0;0;0;0;0;0;0;0;4;0;0;0;0
22/09/2016;15:46:00;271;Acidente com Vítima;41,871;BR-040/GO;Sul;Outros;1;0;0;1;0;0;0;0;0;0;1;1;0;0;0
22/09/2016;13:30:00;232;Acidente com Vítima;2,5;BR-040/GO;Norte;Abalroamento longitudinal;0;0;0;1;1;0;0;0;0;0;1;0;0;0;0
22/09/2016;13:22:00;230;Acidente sem Vítima;496,75;BR-040/MG;Norte;Atropelamento de animal;1;0;0;0;0;0;0;0;0;0;1;0;0;0;0
22/09/2016;13:21:00;229;Acidente sem Vítima;532;BR-040/MG;Norte;Colisão traseira;2;0;0;0;0;0;0;0;0;0;2;0;0;0;0
22/09/2016;12:03:00;210;Acidente com Vítima;532,2;BR-040/MG;Norte;Abalroamento transversal;1;0;0;1;0;0;0;0;0;0;1;1;0;0;0
22/09/2016;11:45:00;206;Acidente com Vítima;5,037;BR-040/GO;Sul;Abalroamento transversal;0;0;1;1;0;0;0;0;0;0;1;0;1;0;0
22/09/2016;10:40:00;183;Acidente sem Vítima;531,5;BR-040/MG;Sul;Colisão traseira;1;0;1;0;0;0;0;0;0;0;2;0;0;0;0
22/09/2016;10:29:00;178;Acidente sem Vítima;532,8;BR-040/MG;Norte;Colisão traseira;2;0;0;0;0;0;0;0;0;0;2;0;0;0;0
22/09/2016;09:36:00;161;Acidente sem Vítima;757,2;BR-040/MG;Norte;Outros;0;0;0;1;0;0;0;0;0;0;1;0;0;0;0
22/09/2016;06:27:00;29;Acidente sem Vítima;605,5;BR-040/MG;Sul;Abalroamento longitudinal;1;0;0;0;0;1;0;0;0;0;3;0;0;0;0
22/09/2016;06:04:00;28;Acidente com Vítima;446,4;BR-040/MG;Norte;Choque em defensa;0;0;1;0;0;0;0;0;0;0;0;0;0;1;0
23/09/2016;21:27:00;433;Acidente com Vítima;109,588;BR-040/MG;Norte;Colisão frontal;2;0;0;0;0;0;0;0;0;0;0;2;0;1;0
23/09/2016;20:53:00;413;Acidente sem Vítima;3,2;BR-040/GO;Sul;Abalroamento longitudinal;1;0;0;0;0;0;0;0;0;1;4;0;0;0;0
23/09/2016;20:40:00;410;Acidente com Vítima;649,5;BR-040/MG;Norte;Capotamento;1;0;0;0;0;0;0;0;0;0;2;2;0;0;0
23/09/2016;20:00:00;396;Acidente sem Vítima;542,3;BR-040/MG;Sul;Outros;0;0;0;1;0;0;0;0;0;0;1;0;0;0;0
23/09/2016;19:14:00;376;Acidente sem Vítima;71,023;BR-040/GO;Sul;Choque com objeto fixo;0;0;1;0;0;1;0;0;0;0;2;0;0;0;0
23/09/2016;18:24:00;359;Acidente sem Vítima;564,3;BR-040/MG;Sul;Outros;0;0;0;1;0;0;0;0;0;0;2;0;0;0;0
23/09/2016;18:17:00;354;Acidente sem Vítima;525,8;BR-040/MG;Norte;Colisão traseira;4;0;0;0;0;0;0;0;0;0;7;0;0;0;0
23/09/2016;17:45:00;344;Acidente sem Vítima;538,4;BR-040/MG;Norte;Colisão traseira;4;0;0;0;0;0;0;0;0;0;8;0;0;0;0
23/09/2016;17:21:00;336;Acidente com Vítima;71,199;BR-040/GO;Norte;Queda de Carga;0;0;0;0;0;1;0;0;0;0;1;1;0;0;0
23/09/2016;16:53:00;326;Acidente sem Vítima;28,3;BR-040/MG;Norte;Capotamento;1;0;0;0;0;0;0;0;0;0;1;0;0;0;0
23/09/2016;14:58:00;277;Acidente com Vítima;544,001;BR-040/MG;Norte;Abalroamento longitudinal;1;0;0;1;0;0;0;0;0;0;1;1;0;0;0
23/09/2016;14:15:00;266;Acidente sem Vítima;49,161;BR-040/MG;Norte;Colisão traseira;1;0;1;0;0;0;0;0;0;0;3;0;0;0;0
23/09/2016;12:13:00;219;Acidente sem Vítima;12,004;BR-040/GO;Norte;Capotamento;1;0;0;0;0;0;0;0;0;0;1;0;0;0;0
23/09/2016;11:16:00;203;Acidente com Vítima;1,7;BR-040/GO;Sul;Colisão traseira;0;0;1;1;0;0;0;0;0;0;1;1;0;0;0
23/09/2016;10:56:00;192;Acidente sem Vítima;471,356;BR-040/MG;Sul;Capotamento;1;0;0;0;0;0;0;0;0;0;1;0;0;0;0
23/09/2016;06:54:00;61;Acidente sem Vítima;530,037;BR-040/MG;Sul;Abalroamento transversal;1;0;1;0;0;0;0;0;0;0;2;0;0;0;0
24/09/2016;23:39:00;376;Acidente sem Vítima;499,2;BR-040/MG;Norte;Choque em barreira New Jersey;1;0;0;0;0;0;0;0;0;0;2;0;0;0;0
24/09/2016;22:32:00;362;Acidente sem Vítima;510,5;BR-040/MG;Norte;Choque com objeto fixo;1;0;0;0;0;0;0;0;0;0;1;0;0;0;0
24/09/2016;22:23:00;361;Acidente sem Vítima;523,02;BR-040/MG;Sul;Capotamento;1;0;0;0;0;0;0;0;0;0;1;0;0;0;0
24/09/2016;22:01:00;358;Acidente sem Vítima;529,5;BR-040/MG;Norte;Queda de Carga;0;0;0;0;0;0;0;0;0;1;1;0;0;0;0
24/09/2016;21:27:00;341;Acidente sem Vítima;515,1;BR-040/MG;Norte;Choque com objeto fixo;1;0;0;0;0;0;0;0;0;0;1;0;0;0;0
24/09/2016;21:13:00;337;Acidente com Vítima;474,5;BR-040/MG;Norte;Choque com objeto fixo;1;0;0;0;0;0;0;0;0;0;4;1;0;0;0
24/09/2016;20:57:00;335;Acidente sem Vítima;527,5;BR-040/MG;Sul;Capotamento;1;0;0;0;0;0;0;0;0;0;1;0;0;0;0
24/09/2016;20:37:00;332;Acidente sem Vítima;449,67;BR-040/MG;Norte;Outros;0;0;1;1;0;0;0;0;0;0;2;0;0;0;0
24/09/2016;20:28:00;328;Acidente sem Vítima;12,09;BR-040/GO;Sul;Colisão traseira;2;0;0;0;0;0;0;0;0;0;2;0;0;0;0
24/09/2016;20:27:00;330;Acidente sem Vítima;519;BR-040/MG;Sul;Colisão traseira;4;0;0;0;0;0;0;0;0;0;4;0;0;0;0
24/09/2016;20:14:00;321;Acidente sem Vítima;699,05;BR-040/MG;Norte;Abalroamento longitudinal;1;0;0;0;0;1;0;0;0;0;2;0;0;0;0
24/09/2016;19:58:00;316;Acidente com Vítima;517,1;BR-040/MG;Sul;Abalroamento longitudinal;1;0;0;1;0;0;0;0;0;0;1;1;0;0;0
24/09/2016;19:48:00;309;Acidente sem Vítima;552,9;BR-040/MG;Sul;Outros;1;0;0;0;0;0;0;0;0;0;1;0;0;0;0
24/09/2016;19:25:00;301;Acidente sem Vítima;557,3;BR-040/MG;Sul;Choque em defensa;2;0;0;0;0;0;0;0;0;0;3;0;0;0;0
24/09/2016;18:39:00;277;Acidente sem Vítima;546,01;BR-040/MG;Norte;Choque em barreira New Jersey;1;0;0;0;0;0;0;0;0;0;2;0;0;0;0
24/09/2016;18:02:00;268;Acidente sem Vítima;661,2;BR-040/MG;Sul;Queda de Carga;0;0;0;0;0;0;0;0;0;1;1;0;0;0;0
24/09/2016;17:48:00;264;Acidente sem Vítima;462,3;BR-040/MG;Norte;Choque com objeto fixo;1;0;0;0;0;0;0;0;0;0;4;0;0;0;0
24/09/2016;17:42:00;261;Acidente sem Vítima;708,15;BR-040/MG;Sul;Choque com objeto fixo;1;0;0;0;0;0;0;0;0;0;1;0;0;0;0
24/09/2016;17:34:00;259;Acidente sem Vítima;455,8;BR-040/MG;Norte;Capotamento;1;0;0;0;0;0;0;0;0;0;1;0;0;0;0
24/09/2016;16:41:00;242;Acidente sem Vítima;717,8;BR-040/MG;Sul;Choque em defensa;2;0;0;0;0;0;0;0;0;0;6;0;0;0;0
24/09/2016;15:42:00;229;Acidente sem Vítima;726,88;BR-040/MG;Sul;Capotamento;1;0;0;0;0;0;0;0;0;0;1;0;0;0;0
24/09/2016;15:29:00;223;Acidente sem Vítima;715,001;BR-040/MG;Sul;Choque com objeto fixo;1;0;0;0;0;0;0;0;0;0;1;0;0;0;0
24/09/2016;15:02:00;218;Acidente sem Vítima;647,42;BR-040/MG;Sul;Capotamento;1;0;0;0;0;0;0;0;0;0;1;0;0;0;0
24/09/2016;14:39:00;208;Acidente sem Vítima;5,04;BR-040/DF;Norte;Colisão traseira;3;0;0;0;0;0;0;0;0;0;3;0;0;0;0
24/09/2016;13:19:00;185;Acidente com Vítima;5,2;BR-040/GO;Sul;Abalroamento longitudinal;1;0;0;1;0;0;0;0;0;0;1;1;0;0;0
24/09/2016;12:12:00;162;Acidente sem Vítima;492,1;BR-040/MG;Norte;Atropelamento de animal;0;0;1;0;0;0;0;0;0;0;1;0;0;0;0
24/09/2016;12:11:00;160;Acidente sem Vítima;0,5;BR-040/GO;Sul;Outros;0;0;0;1;0;0;0;0;0;0;1;0;0;0;0
24/09/2016;11:50:00;155;Acidente com Vítima;0;Fora_Rota;Sul;Outros;0;0;0;1;1;0;0;0;0;0;1;1;0;0;0
24/09/2016;09:36:00;113;Acidente sem Vítima;524,1;BR-040/MG;Sul;Colisão traseira;3;0;0;0;0;0;0;0;0;0;3;0;0;0;0
24/09/2016;09:31:00;110;Acidente com Vítima;275,7;BR-040/MG;Sul;Abalroamento longitudinal;1;0;1;0;0;0;0;0;0;0;2;0;0;0;0
24/09/2016;03:24:00;19;Acidente sem Vítima;498,8;BR-040/MG;Sul;Choque com objeto fixo;1;0;0;0;0;0;0;0;0;0;2;0;0;0;0
24/09/2016;02:16:00;13;Acidente sem Vítima;625,8;BR-040/MG;Sul;Abalroamento longitudinal;1;0;0;0;1;0;0;0;0;0;4;0;0;0;0
24/09/2016;00:34:00;5;Acidente com Vítima;0,2;BR-040/DF;Sul;Colisão traseira;2;0;0;0;0;0;0;0;0;0;2;0;0;0;0
25/09/2016;23:58:00;315;Acidente com Vítima;3,8;BR-040/GO;Norte;Outros;1;0;0;0;0;0;0;0;0;0;0;0;1;0;0