data;horario;n_da_ocorrencia;tipo_de_ocorrencia;km;trecho;sentido;tipo_de_acidente;automovel;bicicleta;caminhao;moto;onibus;outros;tracao_animal;transporte_de_cargas_especiais;trator_maquinas;utilitarios;ilesos;levemente_feridos;moderadamente_feridos;gravemente_feridos;mortos
14/10/2016;21:25:00;365;Acidente sem Vítima;634,2;BR-040/MG;Sul;Atropelamento de animal;1;0;0;0;0;0;0;0;0;0;1;0;0;0;0
14/10/2016;18:54:00;308;Acidente sem Vítima;559,8;BR-040/MG;Sul;Colisão traseira;2;0;0;0;0;0;0;0;0;0;2;0;0;0;0
14/10/2016;18:01:00;283;Acidente sem Vítima;559,5;BR-040/MG;Sul;Colisão traseira;2;0;0;0;0;0;0;0;0;0;4;0;0;0;0
14/10/2016;17:44:00;277;Acidente com Vítima;559,5;BR-040/MG;Norte;Capotamento;2;0;0;0;0;0;0;0;0;0;5;2;0;0;0
14/10/2016;17:16:00;265;Acidente com Vítima;2,6;BR-040/GO;Sul;Colisão traseira;1;0;0;1;0;0;0;0;0;0;1;1;0;0;0
14/10/2016;17:03:00;263;Acidente sem Vítima;514,2;BR-040/MG;Norte;Choque com objeto fixo;1;0;0;0;0;0;0;0;0;0;1;0;0;0;0
14/10/2016;16:49:00;259;Acidente com Vítima;640,8;BR-040/MG;Norte;Colisão traseira;1;0;0;1;0;0;0;0;0;0;1;1;0;0;0
14/10/2016;15:09:00;234;Acidente com Vítima;43,154;BR-040/GO;Sul;Colisão traseira;1;0;0;1;0;0;0;0;0;0;3;0;1;0;0
14/10/2016;13:30:00;212;Acidente sem Vítima;4,7;BR-040/GO;Norte;Colisão traseira;1;0;0;1;0;0;0;0;0;0;2;0;0;0;0
14/10/2016;11:16:00;177;Acidente sem Vítima;541,3;BR-040/MG;Norte;Capotamento;2;0;0;0;0;0;0;0;0;0;4;0;0;0;0
14/10/2016;09:58:00;158;Acidente sem Vítima;96,1;BR-040/GO;Norte;Abalroamento transversal;2;0;0;0;0;0;0;0;0;0;3;0;0;0;0
14/10/2016;09:08:00;141;Acidente sem Vítima;535,8;BR-040/MG;Norte;Abalroamento longitudinal;1;0;1;0;0;0;0;0;0;0;5;0;0;0;0
14/10/2016;08:29:00;117;Acidente sem Vítima;122,6;BR-040/MG;Norte;Atropelamento de animal;1;0;0;0;0;0;0;0;0;0;1;0;0;0;0
14/10/2016;07:24:00;75;Acidente com Vítima;710,2;BR-040/MG;Sul;Choque em barreira New Jersey;1;0;0;0;0;0;0;0;0;0;0;0;1;0;0
15/10/2016;23:49:00;330;Acidente sem Vítima;532,8;BR-040/MG;Norte;Choque em defensa;1;0;0;0;0;0;0;0;0;0;1;0;0;0;0
15/10/2016;23:24:00;324;Acidente sem Vítima;310,8;BR-040/MG;Sul;Atropelamento de animal;1;0;0;0;0;0;0;0;0;0;3;0;0;0;0
15/10/2016;21:32:00;306;Atropelamento sem Morte;1;BR-040/GO;Norte;Atropelamento de pedestre atravessando;1;0;0;0;0;0;0;0;0;0;1;0;1;0;0
15/10/2016;19:47:00;282;Acidente sem Vítima;13,5;BR-040/MG;Norte;Choque com objeto fixo;1;0;0;0;0;0;0;0;0;0;1;0;0;0;0
15/10/2016;18:13:00;239;Acidente com Vítima;524,5;BR-040/MG;Norte;Colisão traseira;1;0;0;1;0;0;0;0;0;0;4;0;1;0;0
15/10/2016;16:10:00;208;Acidente com Vítima;95,5;BR-040/GO;Norte;Colisão frontal;0;0;0;2;0;0;0;0;0;0;0;2;0;0;0
15/10/2016;14:32:00;175;Acidente sem Vítima;714,1;BR-040/MG;Norte;Colisão traseira;2;0;0;0;0;0;0;0;0;0;2;0;0;0;0
15/10/2016;14:06:00;170;Acidente sem Vítima;597,1;BR-040/MG;Sul;Choque com objeto fixo;1;0;0;0;0;0;0;0;0;0;1;0;0;0;0
15/10/2016;13:20:00;161;Acidente sem Vítima;531,3;BR-040/MG;Sul;Colisão traseira;2;0;0;0;0;0;0;0;0;0;2;0;0;0;0
15/10/2016;11:29:00;133;Acidente sem Vítima;509,3;BR-040/MG;Norte;Colisão traseira;3;0;0;0;0;0;0;0;0;0;3;0;0;0;0
15/10/2016;09:11:00;92;Atropelamento sem Morte;0,6;BR-040/GO;Sul;Atropelamento de ciclista;1;0;0;0;0;1;0;0;0;0;1;0;0;0;0
15/10/2016;08:17:00;74;Acidente sem Vítima;771,1;BR-040/MG;Sul;Abalroamento longitudinal;1;0;1;0;0;0;0;0;0;0;2;0;0;0;0
15/10/2016;02:45:00;23;Acidente sem Vítima;3,6;BR-040/DF;Norte;Colisão traseira;2;0;0;0;0;0;0;0;0;0;3;0;0;0;0
15/10/2016;01:16:00;13;Acidente sem Vítima;714,4;BR-040/MG;Sul;Colisão traseira;1;0;0;0;0;1;0;0;0;0;2;0;0;0;0
16/10/2016;22:56:00;358;Acidente sem Vítima;225,2;BR-040/MG;Norte;Colisão frontal;1;0;1;0;0;0;0;0;0;0;2;0;0;0;0
16/10/2016;21:50:00;344;Acidente sem Vítima;572,05;BR-040/MG;Norte;Choque em defensa;1;0;0;0;0;0;0;0;0;0;2;0;0;0;0
16/10/2016;20:22:00;310;Acidente sem Vítima;529;BR-040/MG;Sul;Outros;0;0;0;1;0;0;0;0;0;0;1;0;0;0;0
16/10/2016;19:55:00;302;Acidente sem Vítima;553,1;BR-040/MG;Norte;Colisão traseira;3;0;0;0;0;0;0;0;0;0;3;0;0;0;0
16/10/2016;19:23:00;285;Acidente sem Vítima;693,9;BR-040/MG;Sul;Colisão traseira;2;0;0;0;0;0;0;0;0;0;6;0;0;0;0
16/10/2016;19:09:00;279;Acidente sem Vítima;469,9;BR-040/MG;Sul;Colisão traseira;3;0;0;0;0;0;0;0;0;0;5;0;0;0;0
16/10/2016;18:49:00;266;Acidente sem Vítima;469,9;BR-040/MG;Sul;Capotamento;1;0;0;0;0;0;0;0;0;0;1;0;0;0;0
16/10/2016;18:10:00;250;Acidente com Morte;51,3;BR-040/MG;Norte;Abalroamento longitudinal;2;0;1;0;0;0;0;0;0;0;5;0;1;0;1
16/10/2016;18:01:00;248;Acidente com Vítima;127,8;BR-040/MG;Sul;Choque com objeto fixo;1;0;0;0;0;0;0;0;0;0;1;1;1;0;0
16/10/2016;18:00:00;247;Acidente com Vítima;462,3;BR-040/MG;Sul;Colisão traseira;3;0;0;0;0;0;0;0;0;0;4;3;0;0;0
16/10/2016;17:51:00;241;Acidente sem Vítima;503;BR-040/MG;Norte;Outros;2;0;0;0;0;0;0;0;0;0;2;0;0;0;0
16/10/2016;17:39:00;237;Acidente com Morte;91,01;BR-040/GO;Sul;Capotamento;1;0;0;0;0;0;0;0;0;0;0;0;0;0;1
16/10/2016;17:37:00;235;Acidente sem Vítima;470,35;BR-040/MG;Sul;Capotamento;1;0;0;0;0;0;0;0;0;0;2;0;0;0;0
16/10/2016;17:31:00;232;Acidente com Vítima;502,4;BR-040/MG;Sul;Colisão traseira;2;0;0;0;0;0;0;0;0;0;2;1;0;0;0
16/10/2016;17:24:00;226;Acidente com Vítima;762,6;BR-040/MG;Sul;Choque com objeto fixo;1;0;0;0;0;0;0;0;0;0;1;0;0;1;0
16/10/2016;17:13:00;218;Acidente sem Vítima;469,3;BR-040/MG;Sul;Capotamento;1;0;0;0;0;0;0;0;0;0;1;0;0;0;0
16/10/2016;16:55:00;214;Acidente com Vítima;525,5;BR-040/MG;Sul;Colisão traseira;1;0;0;1;0;0;0;0;0;0;1;0;0;0;0
16/10/2016;16:42:00;205;Acidente com Vítima;729,542;BR-040/MG;Norte;Colisão traseira;3;0;0;0;0;0;0;0;0;0;5;1;1;0;0
16/10/2016;16:34:00;200;Acidente com Vítima;739,756;BR-040/MG;Sul;Choque com objeto fixo;1;0;0;0;0;0;0;0;0;0;1;1;0;0;0
16/10/2016;16:25:00;193;Acidente sem Vítima;505;BR-040/MG;Sul;Colisão traseira;3;0;0;0;0;0;0;0;0;0;3;0;0;0;0
16/10/2016;15:40:00;177;Acidente com Vítima;5;BR-040/GO;Norte;Abalroamento longitudinal;1;0;0;1;0;0;0;0;0;0;2;0;1;0;0
16/10/2016;13:02:00;125;Acidente sem Vítima;3,15;BR-040/GO;Norte;Abalroamento transversal;1;0;0;1;0;0;0;0;0;0;2;0;0;0;0
16/10/2016;12:45:00;121;Acidente com Vítima;1,3;BR-040/GO;Sul;Abalroamento longitudinal;1;0;0;1;0;0;0;0;0;0;1;1;0;0;0
16/10/2016;06:47:00;36;Acidente com Vítima;6,678;BR-040/DF;Norte;Abalroamento longitudinal;1;0;1;0;0;0;0;0;0;0;1;1;0;0;0
16/10/2016;05:54:00;34;Acidente sem Vítima;538,2;BR-040/MG;Sul;Choque com objeto fixo;1;0;0;0;0;0;0;0;0;0;1;0;0;0;0
16/10/2016;05:38:00;33;Acidente sem Vítima;536,2;BR-040/MG;Norte;Choque com objeto fixo;1;0;0;0;0;0;0;0;0;0;3;0;0;0;0
16/10/2016;02:02:00;10;Acidente sem Vítima;532,5;BR-040/MG;Sul;Choque em defensa;1;0;0;0;0;0;0;0;0;0;1;0;0;0;0
16/10/2016;01:36:00;5;Acidente sem Vítima;530,1;BR-040/MG;Norte;Colisão traseira;2;0;0;0;0;0;0;0;0;0;2;0;0;0;0
17/10/2016;22:48:00;448;Acidente sem Vítima;729,9;BR-040/MG;Sul;Colisão traseira;0;0;0;1;0;1;0;0;0;0;2;0;0;0;0
17/10/2016;22:34:00;447;Atropelamento sem Morte;533,2;BR-040/MG;Norte;Atropelamento de pedestre atravessando;1;0;0;0;0;0;0;0;0;0;1;0;1;0;0
17/10/2016;20:38:00;407;Acidente com Vítima;42,1;BR-040/GO;Norte;Choque com objeto fixo;1;0;0;0;0;0;0;0;0;0;0;0;1;0;0
17/10/2016;19:55:00;385;Acidente sem Vítima;532,5;BR-040/MG;Sul;Capotamento;0;0;0;1;0;0;0;0;0;0;1;0;0;0;0
17/10/2016;19:42:00;382;Acidente sem Vítima;712,95;BR-040/MG;Sul;Abalroamento longitudinal;1;0;1;0;0;0;0;0;0;0;2;0;0;0;0
17/10/2016;17:37:00;319;Acidente sem Vítima;603,05;BR-040/MG;Norte;Abalroamento longitudinal;1;0;1;0;0;1;0;0;0;0;4;0;0;0;0
17/10/2016;15:25:00;282;Acidente sem Vítima;496,6;BR-040/MG;Norte;Abalroamento longitudinal;1;0;1;0;0;0;0;0;0;0;4;0;0;0;0
17/10/2016;12:24:00;224;Acidente sem Vítima;604,413;BR-040/MG;Norte;Queda de Carga;0;0;1;0;0;0;0;0;0;0;1;0;0;0;0
17/10/2016;10:10:00;161;Acidente sem Vítima;513,001;BR-040/MG;Sul;Abalroamento longitudinal;2;0;0;0;0;0;0;0;0;0;2;0;0;0;0
17/10/2016;09:45:00;149;Atropelamento sem Morte;10;BR-040/MG;Sul;Atropelamento de ciclista;0;1;0;1;0;0;0;0;0;0;2;0;0;0;0
17/10/2016;08:05:00;102;Acidente sem Vítima;687,062;BR-040/MG;Norte;Choque em defensa;1;0;0;0;0;0;0;0;0;0;2;0;0;0;0
17/10/2016;08:02:00;100;Acidente com Vítima;343;BR-040/MG;Sul;Capotamento;1;0;0;0;0;0;0;0;0;0;3;1;0;0;0
17/10/2016;07:50:00;86;Acidente sem Vítima;516;BR-040/MG;Sul;Colisão traseira;1;0;0;0;0;1;0;0;0;0;2;0;0;0;0
17/10/2016;07:46:00;81;Acidente sem Vítima;609,061;BR-040/MG;Sul;Choque com objeto fixo;1;0;0;0;0;0;0;0;0;0;3;0;0;0;0
17/10/2016;07:23:00;61;Acidente sem Vítima;577,281;BR-040/MG;Sul;Colisão traseira;0;0;2;0;0;0;0;0;0;0;2;0;0;0;0
17/10/2016;07:08:00;53;Acidente sem Vítima;105;BR-040/MG;Sul;Choque com objeto fixo;1;0;0;0;0;0;0;0;0;0;4;0;0;0;0
18/10/2016;23:30:00;397;Acidente sem Vítima;509,2;BR-040/MG;Norte;Outros;1;0;0;0;0;0;0;0;0;0;3;0;0;0;0
18/10/2016;22:24:00;379;Acidente sem Vítima;544,2;BR-040/MG;Sul;Abalroamento longitudinal;1;0;0;0;0;1;0;0;0;0;2;0;0;0;0
18/10/2016;21:44:00;369;Acidente sem Vítima;523,4;BR-040/MG;Norte;Capotamento;2;0;0;0;0;0;0;0;0;0;2;0;0;0;0
18/10/2016;21:11:00;363;Acidente sem Vítima;501,4;BR-040/MG;Sul;Outros;0;0;0;1;0;0;0;0;0;0;1;0;0;0;0
18/10/2016;21:03:00;359;Acidente com Vítima;751,9;BR-040/MG;Sul;Capotamento;1;0;0;0;0;0;0;0;0;0;0;1;0;0;0
18/10/2016;16:55:00;277;Acidente com Morte;567,045;BR-040/MG;Norte;Colisão frontal;1;0;1;0;0;0;0;0;0;0;1;0;0;0;1
18/10/2016;16:52:00;275;Acidente sem Vítima;577,1;BR-040/MG;Norte;Abalroamento longitudinal;1;0;1;0;0;0;0;0;0;0;2;0;0;0;0
18/10/2016;14:32:00;233;Acidente com Vítima;22,1;BR-040/GO;Norte;Abalroamento longitudinal;0;0;0;2;0;0;0;0;0;0;1;0;0;0;0
18/10/2016;10:00:00;155;Acidente com Vítima;538,15;BR-040/MG;Sul;Colisão traseira;1;0;1;0;0;0;0;0;0;0;1;1;0;0;0
18/10/2016;09:21:00;142;Acidente com Vítima;629,9;BR-040/MG;Sul;Abalroamento transversal;1;0;0;1;0;0;0;0;0;0;2;0;1;0;0
18/10/2016;07:59:00;105;Acidente sem Vítima;525,2;BR-040/MG;Sul;Abalroamento transversal;1;0;0;0;1;0;0;0;0;0;2;0;0;0;0
18/10/2016;07:54:00;99;Acidente sem Vítima;538,8;BR-040/MG;Sul;Colisão traseira;2;0;0;0;0;0;0;0;0;0;2;0;0;0;0
18/10/2016;07:39:00;83;Acidente sem Vítima;532,15;BR-040/MG;Norte;Colisão traseira;4;0;0;0;0;0;0;0;0;0;4;0;0;0;0
18/10/2016;06:50:00;44;Acidente sem Vítima;718,2;BR-040/MG;Sul;Choque com objeto fixo;1;0;0;0;0;0;0;0;0;0;1;0;0;0;0
18/10/2016;06:04:00;28;Atropelamento com Morte;16,1;BR-040/GO;Norte;Atropelamento de pedestre atravessando;1;0;0;0;0;0;0;0;0;0;1;0;0;0;1
19/10/2016;19:44:00;352;Atropelamento sem Morte;628,2;BR-040/MG;Sul;Atropelamento de pedestre atravessando;1;0;0;0;0;0;0;0;0;0;1;0;1;0;0
19/10/2016;19:03:00;337;Acidente sem Vítima;16,9;BR-040/GO;Sul;Capotamento;1;0;0;0;0;0;0;0;0;0;1;0;0;0;0
19/10/2016;16:59:00;291;Acidente sem Vítima;0,9;BR-040/DF;Sul;Abalroamento longitudinal;1;0;0;1;0;0;0;0;0;0;2;0;0;0;0
19/10/2016;10:55:00;180;Acidente com Vítima;617,5;BR-040/MG;Sul;Abalroamento longitudinal;2;0;0;0;0;0;0;0;0;0;2;1;0;0;0
19/10/2016;07:30:00;82;Atropelamento sem Morte;524,52;BR-040/MG;Sul;Atropelamento de pedestre atravessando;0;0;0;1;0;0;0;0;0;0;1;0;1;0;0
19/10/2016;05:57:00;25;Atropelamento sem Morte;13,1;BR-040/GO;Norte;Atropelamento de pedestre atravessando;0;0;0;1;0;0;0;0;0;0;0;0;2;0;0
20/10/2016;18:49:00;338;Acidente sem Vítima;28,4;BR-040/GO;Norte;Abalroamento longitudinal;0;0;1;0;0;0;0;0;0;1;14;0;0;0;0
20/10/2016;18:38:00;335;Acidente sem Vítima;511,1;BR-040/MG;Norte;Colisão traseira;2;0;0;0;0;0;0;0;0;0;3;0;0;0;0
20/10/2016;17:52:00;320;Acidente com Vítima;537,8;BR-040/MG;Sul;Outros;1;0;1;0;0;0;0;0;0;0;2;0;1;0;0
20/10/2016;17:50:00;319;Acidente sem Vítima;515,5;BR-040/MG;Norte;Capotamento;1;0;0;0;0;0;0;0;0;0;1;0;0;0;0
20/10/2016;16:50:00;301;Acidente sem Vítima;492;BR-040/MG;Sul;Choque com objeto fixo;1;0;0;0;0;0;0;0;0;0;1;0;0;0;0
20/10/2016;16:13:00;292;Acidente sem Vítima;671;BR-040/MG;Sul;Abalroamento longitudinal;1;0;1;0;0;0;0;0;0;0;5;0;0;0;0
20/10/2016;14:17:00;250;Acidente sem Vítima;616,083;BR-040/MG;Norte;Colisão traseira;2;0;0;0;0;0;0;0;0;0;6;0;0;0;0
20/10/2016;13:30:00;231;Acidente sem Vítima;48,5;BR-040/MG;Norte;Colisão traseira;0;0;2;0;0;1;0;0;0;0;4;0;0;0;0
20/10/2016;12:13:00;207;Atropelamento sem Morte;6,8;BR-040/GO;Norte;Atropelamento de pedestre atravessando;2;0;0;0;0;0;0;0;0;0;2;0;0;0;0
20/10/2016;10:56:00;176;Acidente com Vítima;534,01;BR-040/MG;Sul;Colisão traseira;1;0;0;1;0;0;0;0;0;0;2;1;0;0;0
20/10/2016;10:03:00;154;Acidente sem Vítima;759;BR-040/MG;Norte;Colisão traseira;2;0;0;0;0;0;0;0;0;0;2;0;0;0;0
20/10/2016;06:44:00;42;Acidente sem Vítima;717;BR-040/MG;Norte;Choque em defensa;1;0;0;0;0;0;0;0;0;0;2;0;0;0;0
20/10/2016;06:18:00;33;Acidente com Vítima;8,23;BR-040/GO;Sul;Choque com objeto fixo;2;0;0;0;0;0;0;0;0;0;2;2;0;0;0
20/10/2016;03:08:00;18;Acidente sem Vítima;592,4;BR-040/MG;Norte;Choque em defensa;1;0;0;0;0;0;0;0;0;0;1;0;0;0;0
20/10/2016;00:27:00;4;Acidente sem Vítima;525,2;BR-040/MG;Norte;Outros;1;0;0;0;0;0;0;0;0;0;3;0;0;0;0
20/10/2016;00:05:00;2;Acidente sem Vítima;591,5;BR-040/MG;Sul;Capotamento;1;0;0;0;0;0;0;0;0;0;1;0;0;0;0
21/10/2016;22:35:00;417;Acidente com Vítima;538,153;BR-040/MG;Sul;Capotamento;1;0;0;0;0;0;0;0;0;0;2;0;2;0;0
21/10/2016;21:26:00;396;Acidente sem Vítima;520;BR-040/MG;Sul;Atropelamento de animal;1;0;0;0;0;0;0;0;0;0;1;0;0;0;0
21/10/2016;21:08:00;393;Acidente sem Vítima;727,6;BR-040/MG;Sul;Choque em barreira New Jersey;1;0;0;0;0;0;0;0;0;0;1;0;0;0;0
21/10/2016;20:50:00;389;Acidente sem Vítima;714,001;BR-040/MG;Norte;Colisão traseira;2;0;0;0;0;0;0;0;0;0;4;0;0;0;0
21/10/2016;20:11:00;381;Acidente sem Vítima;5,9;BR-040/DF;Norte;Outros;1;0;0;0;0;0;0;0;0;0;1;0;0;0;0
21/10/2016;19:18:00;360;Acidente com Vítima;614,5;BR-040/MG;Sul;Abalroamento longitudinal;1;0;0;1;0;0;0;0;0;0;2;0;0;0;0
21/10/2016;18:39:00;343;Acidente com Vítima;568,5;BR-040/MG;Norte;Outros;4;0;1;0;0;0;0;0;0;0;4;0;3;2;0
21/10/2016;17:58:00;328;Acidente com Vítima;466,15;BR-040/MG;Norte;Colisão traseira;0;0;1;0;1;0;0;0;0;0;35;7;0;0;0
21/10/2016;17:42:00;323;Acidente com Vítima;509,5;BR-040/MG;Norte;Colisão traseira;0;0;0;0;1;1;0;0;0;0;68;19;0;0;0
21/10/2016;17:31:00;318;Acidente sem Vítima;660,9;BR-040/MG;Sul;Choque com objeto fixo;0;0;1;0;0;0;0;0;0;0;1;0;0;0;0
21/10/2016;17:09:00;306;Acidente com Vítima;581,1;BR-040/MG;Sul;Choque com objeto fixo;1;0;0;0;0;0;0;0;0;0;1;1;0;0;0
21/10/2016;16:31:00;292;Acidente com Vítima;145,001;BR-040/MG;Sul;Abalroamento transversal;2;0;0;0;0;0;0;0;0;0;2;0;3;0;0
21/10/2016;15:43:00;277;Acidente sem Vítima;721,6;BR-040/MG;Norte;Colisão traseira;2;0;0;0;0;0;0;0;0;0;2;0;0;0;0
21/10/2016;15:37:00;275;Acidente com Vítima;164,6;BR-040/MG;Norte;Outros;0;0;1;0;0;0;0;0;0;0;0;1;0;0;0
21/10/2016;15:36:00;274;Acidente com Vítima;527,877;BR-040/MG;Norte;Abalroamento longitudinal;1;0;0;1;0;0;0;0;0;0;2;1;0;0;0
21/10/2016;12:59:00;229;Acidente com Vítima;521,1;BR-040/MG;Norte;Outros;0;0;0;1;0;0;0;0;0;0;1;1;0;0;0
21/10/2016;12:02:00;211;Acidente sem Vítima;617;BR-040/MG;Sul;Colisão traseira;0;0;2;0;0;0;0;0;0;0;2;0;0;0;0
21/10/2016;09:02:00;143;Acidente sem Vítima;2,5;BR-040/DF;Norte;Colisão traseira;1;0;0;1;0;0;0;0;0;0;3;0;0;0;0
21/10/2016;07:16:00;79;Acidente com Vítima;521,1;BR-040/MG;Sul;Colisão traseira;1;0;0;1;0;0;0;0;0;0;2;2;0;0;0
21/10/2016;07:08:00;69;Acidente com Vítima;533,1;BR-040/MG;Norte;Outros;0;0;0;1;0;0;0;0;0;0;1;1;0;0;0
21/10/2016;05:32:00;32;Acidente com Vítima;611,8;BR-040/MG;Sul;Colisão frontal;2;0;1;0;0;0;0;0;0;0;4;0;3;0;0
22/10/2016;23:12:00;405;Acidente com Vítima;9,036;BR-040/GO;Norte;Choque com objeto fixo;2;0;0;0;0;0;0;0;0;0;1;0;1;0;0
22/10/2016;23:11:00;404;Acidente sem Vítima;689,2;BR-040/MG;Norte;Capotamento;1;0;0;0;0;0;0;0;0;0;1;0;0;0;0
22/10/2016;22:56:00;400;Acidente sem Vítima;537,351;BR-040/MG;Norte;Capotamento;1;0;0;0;0;0;0;0;0;0;1;0;0;0;0
22/10/2016;20:01:00;357;Acidente com Vítima;143,8;BR-040/MG;Norte;Capotamento;1;0;0;0;0;0;0;0;0;0;1;0;1;0;0
22/10/2016;19:36:00;343;Acidente sem Vítima;521,17;BR-040/MG;Sul;Outros;1;0;0;0;0;0;0;0;0;0;1;0;0;0;0
22/10/2016;16:31:00;275;Acidente com Vítima;589,001;BR-040/MG;Sul;Outros;1;0;0;0;0;0;0;0;0;0;0;0;1;0;0
22/10/2016;16:09:00;268;Acidente sem Vítima;727,12;BR-040/MG;Sul;Choque em barreira New Jersey;1;0;0;0;0;0;0;0;0;0;2;0;0;0;0
22/10/2016;15:57:00;265;Acidente sem Vítima;535,37;BR-040/MG;Norte;Colisão traseira;1;0;1;0;0;0;0;0;0;0;2;0;0;0;0
22/10/2016;13:25:00;217;Acidente sem Vítima;555,17;BR-040/MG;Sul;Capotamento;1;0;0;0;0;0;0;0;0;0;1;0;0;0;0
22/10/2016;13:07:00;212;Acidente sem Vítima;22,8;BR-040/GO;Sul;Abalroamento longitudinal;1;0;0;1;0;0;0;0;0;0;2;0;0;0;0
22/10/2016;12:34:00;202;Acidente sem Vítima;553,15;BR-040/MG;Norte;Choque com objeto fixo;1;0;0;0;0;0;0;0;0;0;1;0;0;0;0
22/10/2016;12:14:00;198;Acidente sem Vítima;36,5;BR-040/MG;Norte;Colisão traseira;0;0;0;2;0;0;0;0;0;0;2;0;0;0;0
22/10/2016;11:49:00;192;Acidente sem Vítima;41,2;BR-040/MG;Norte;Colisão traseira;2;0;0;0;0;0;0;0;0;0;2;0;0;0;0
22/10/2016;11:28:00;186;Acidente sem Vítima;566,5;BR-040/MG;Norte;Outros;1;0;0;0;0;0;0;0;0;0;3;0;0;0;0
22/10/2016;10:39:00;172;Acidente com Vítima;712,15;BR-040/MG;Norte;Capotamento;1;0;0;0;0;0;0;0;0;0;1;1;0;0;0
22/10/2016;09:23:00;140;Acidente sem Vítima;552,772;BR-040/MG;Sul;Colisão traseira;3;0;0;0;0;0;0;0;0;0;3;0;0;0;0
22/10/2016;06:42:00;62;Acidente sem Vítima;129,1;BR-040/GO;Sul;Choque com objeto fixo;1;0;0;0;0;0;0;0;0;0;3;0;0;0;0
22/10/2016;06:33:00;60;Acidente sem Vítima;623,8;BR-040/MG;Norte;Abalroamento longitudinal;2;0;0;0;0;1;0;0;0;0;6;0;0;0;0
22/10/2016;06:09:00;55;Acidente com Vítima;527,23;BR-040/MG;Norte;Colisão traseira;2;0;0;0;0;0;0;0;0;0;2;0;1;0;0
22/10/2016;05:59:00;53;Acidente sem Vítima;728,064;BR-040/MG;Sul;Capotamento;1;0;0;0;0;0;0;0;0;0;3;0;0;0;0
22/10/2016;04:03:00;40;Acidente sem Vítima;12,7;BR-040/GO;Sul;Choque com objeto fixo;1;0;0;0;0;0;0;0;0;0;1;0;0;0;0
22/10/2016;03:40:00;37;Acidente com Vítima;1,5;BR-040/DF;Sul;Choque com objeto fixo;1;0;0;0;0;0;0;0;0;0;0;0;1;0;0
22/10/2016;01:02:00;18;Acidente sem Vítima;13,1;BR-040/GO;Sul;Capotamento;1;0;0;0;0;0;0;0;0;0;4;0;0;0;0
23/10/2016;23:58:00;292;Atropelamento sem Morte;44,5;BR-040/MG;Norte;Atropelamento de pedestre caminhando;2;0;0;0;0;0;0;0;0;0;2;0;1;0;0
23/10/2016;23:02:00;283;Acidente com Morte;764,8;BR-040/MG;Sul;Colisão frontal;0;0;2;0;0;0;0;0;0;0;0;6;2;0;6
23/10/2016;19:57:00;234;Acidente com Vítima;728,1;BR-040/MG;Sul;Choque com objeto fixo;0;0;0;1;0;0;0;0;0;0;0;0;1;0;0
23/10/2016;18:50:00;214;Acidente com Morte;58,484;BR-040/MG;Sul;Choque com objeto fixo;1;0;0;0;0;0;0;0;0;0;0;0;2;0;1
23/10/2016;18:39:00;208;Acidente sem Vítima;424,835;BR-040/MG;Norte;Colisão traseira;0;0;2;0;0;0;0;0;0;0;2;0;0;0;0
23/10/2016;18:28:00;200;Acidente com Vítima;611,2;BR-040/MG;Norte;Outros;2;0;0;0;0;0;0;0;0;0;2;0;1;0;0
23/10/2016;17:24:00;181;Acidente sem Vítima;568,5;BR-040/MG;Sul;Colisão traseira;1;0;0;1;0;0;0;0;0;0;4;0;0;0;0
23/10/2016;16:18:00;165;Acidente sem Vítima;18,1;BR-040/GO;Sul;Capotamento;1;0;0;0;0;0;0;0;0;0;1;0;0;0;0
23/10/2016;14:28:00;140;Acidente sem Vítima;545;BR-040/MG;Sul;Choque em barreira New Jersey;1;0;0;0;0;0;0;0;0;0;1;0;0;0;0
23/10/2016;13:51:00;131;Acidente com Vítima;449,9;BR-040/MG;Sul;Abalroamento longitudinal;1;0;1;0;0;0;0;0;0;0;4;1;0;0;0
23/10/2016;10:08:00;83;Acidente sem Vítima;495,1;BR-040/MG;Sul;Colisão traseira;1;0;1;0;0;0;0;0;0;0;2;0;0;0;0
23/10/2016;09:13:00;70;Acidente sem Vítima;734,7;BR-040/MG;Sul;Outros;1;0;0;0;0;0;0;0;0;0;1;0;0;0;0
23/10/2016;04:50:00;33;Acidente sem Vítima;534,9;BR-040/MG;Sul;Colisão traseira;2;0;0;0;0;0;0;0;0;0;6;0;0;0;0
23/10/2016;04:14:00;29;Acidente com Vítima;512,871;BR-040/MG;Norte;Choque com objeto fixo;1;0;0;0;0;0;0;0;0;0;3;1;0;0;0
23/10/2016;04:14:00;30;Acidente sem Vítima;45,5;BR-040/GO;Norte;Atropelamento de animal;1;0;0;0;0;0;0;0;0;0;3;0;0;0;0
23/10/2016;03:54:00;27;Acidente sem Vítima;602,6;BR-040/MG;Sul;Colisão traseira;1;0;1;0;0;0;0;0;0;0;2;0;0;0;0
23/10/2016;03:51:00;26;Acidente sem Vítima;0,06;BR-040/MG;Sul;Choque com objeto fixo;1;0;0;0;0;0;0;0;0;0;1;0;0;0;0