data;horario;n_da_ocorrencia;tipo_de_ocorrencia;km;trecho;sentido;tipo_de_acidente;automovel;bicicleta;caminhao;moto;onibus;outros;tracao_animal;transporte_de_cargas_especiais;trator_maquinas;utilitarios;ilesos;levemente_feridos;moderadamente_feridos;gravemente_feridos;mortos
25/11/2016;20:29:00;418;Acidente sem Vítima;531,35;BR-040/MG;Norte;Colisão traseira;3;0;0;0;0;0;0;0;0;0;5;0;0;0;0
25/11/2016;20:18:00;414;Atropelamento sem Morte;531,3;BR-040/MG;Norte;Atropelamento de pedestre atravessando;1;0;0;0;0;0;0;0;0;0;1;0;1;0;0
25/11/2016;18:58:00;378;Acidente sem Vítima;536,6;BR-040/MG;Norte;Colisão traseira;2;0;0;0;0;0;0;0;0;0;2;0;0;0;0
25/11/2016;17:20:00;339;Acidente com Vítima;452,9;BR-040/MG;Sul;Abalroamento longitudinal;2;0;0;0;0;0;0;0;0;0;0;3;0;0;0
25/11/2016;16:43:00;331;Acidente sem Vítima;561;BR-040/MG;Norte;Colisão traseira;4;0;0;0;0;0;0;0;0;0;4;0;0;0;0
25/11/2016;15:15:00;298;Acidente sem Vítima;629;BR-040/MG;Norte;Abalroamento longitudinal;1;0;1;0;0;0;0;0;0;0;6;0;0;0;0
25/11/2016;11:32:00;232;Acidente com Vítima;73,05;BR-040/MG;Sul;Outros;0;0;0;1;0;0;0;0;0;0;0;0;1;0;0
25/11/2016;08:40:00;169;Acidente sem Vítima;544;BR-040/MG;Sul;Colisão traseira;2;0;0;0;0;0;0;0;0;0;2;0;0;0;0
25/11/2016;07:43:00;144;Acidente sem Vítima;621,8;BR-040/MG;Sul;Colisão traseira;2;0;1;0;0;0;0;0;0;0;4;0;0;0;0
25/11/2016;07:33:00;138;Acidente sem Vítima;535;BR-040/MG;Sul;Colisão traseira;0;0;1;0;0;1;0;0;0;0;2;0;0;0;0
25/11/2016;06:33:00;96;Acidente com Vítima;3,4;BR-040/DF;Norte;Colisão traseira;1;0;0;1;0;0;0;0;0;0;1;2;0;0;0
25/11/2016;01:53:00;42;Acidente sem Vítima;563,15;BR-040/MG;Sul;Colisão traseira;1;0;0;0;0;0;0;0;0;1;3;0;0;0;0
26/11/2016;21:35:00;324;Acidente sem Vítima;98,2;BR-040/GO;Norte;Atropelamento de animal;1;0;0;0;0;0;0;0;0;0;1;0;0;0;0
26/11/2016;20:52:00;311;Acidente com Vítima;551,119;BR-040/MG;Sul;Atropelamento de animal;0;0;0;1;0;0;0;0;0;0;1;1;0;0;0
26/11/2016;18:07:00;268;Acidente sem Vítima;42,5;BR-040/MG;Norte;Abalroamento longitudinal;1;0;0;1;0;0;0;0;0;0;2;0;0;0;0
26/11/2016;09:55:00;131;Acidente sem Vítima;518,5;BR-040/MG;Norte;Colisão traseira;2;0;0;0;0;0;0;0;0;0;2;0;0;0;0
27/11/2016;22:00:00;299;Atropelamento sem Morte;10,5;BR-040/GO;Norte;Atropelamento de ciclista;1;1;0;0;0;0;0;0;0;0;1;0;0;1;0
27/11/2016;21:17:00;280;Acidente com Vítima;2,5;BR-040/GO;Sul;Abalroamento longitudinal;0;0;0;1;1;0;0;0;0;0;2;0;1;0;0
27/11/2016;21:09:00;277;Acidente sem Vítima;2,5;BR-040/GO;Norte;Colisão traseira;2;0;0;0;0;0;0;0;0;0;5;0;0;0;0
27/11/2016;20:12:00;252;Acidente sem Vítima;507,95;BR-040/MG;Sul;Colisão traseira;2;0;0;0;0;0;0;0;0;0;4;0;0;0;0
27/11/2016;18:12:00;202;Acidente sem Vítima;41,1;BR-040/GO;Sul;Choque com objeto fixo;1;0;0;0;0;0;0;0;0;0;3;0;0;0;0
27/11/2016;18:01:00;197;Acidente sem Vítima;562,04;BR-040/MG;Sul;Choque em barreira New Jersey;1;0;0;0;0;0;0;0;0;0;3;0;0;0;0
27/11/2016;17:54:00;194;Acidente com Vítima;510,499;BR-040/MG;Sul;Colisão traseira;3;0;0;0;0;0;0;0;0;0;7;1;0;0;0
27/11/2016;16:47:00;173;Acidente com Vítima;578,65;BR-040/MG;Sul;Choque em defensa;3;0;0;0;0;0;0;0;0;0;3;0;1;0;0
27/11/2016;11:53:00;97;Acidente com Vítima;524,5;BR-040/MG;Norte;Outros;0;0;0;1;0;0;0;0;0;0;0;2;0;0;0
27/11/2016;08:53:00;61;Acidente sem Vítima;529,1;BR-040/MG;Sul;Colisão traseira;1;0;1;0;0;0;0;0;0;0;2;0;0;0;0
27/11/2016;06:08:00;41;Acidente sem Vítima;529,1;BR-040/MG;Sul;Colisão traseira;1;0;1;0;0;0;0;0;0;0;2;0;0;0;0
27/11/2016;05:42:00;37;Acidente sem Vítima;526,9;BR-040/MG;Sul;Atropelamento de animal;1;0;0;0;0;0;0;0;0;0;1;0;0;0;0
27/11/2016;05:41:00;36;Acidente sem Vítima;526,9;BR-040/MG;Norte;Atropelamento de animal;1;0;0;0;0;0;0;0;0;0;1;0;0;0;0
27/11/2016;05:29:00;35;Acidente sem Vítima;446,125;BR-040/MG;Sul;Choque com objeto fixo;1;0;0;0;0;0;0;0;0;0;1;0;0;0;0
27/11/2016;03:06:00;19;Atropelamento com Morte;5,8;BR-040/DF;Sul;Atropelamento de pedestre caminhando;1;0;0;0;0;0;0;0;0;0;1;0;0;0;1
27/11/2016;02:07:00;17;Acidente sem Vítima;5,1;BR-040/GO;Norte;Outros;0;0;0;1;0;0;0;0;0;0;1;0;0;0;0
27/11/2016;00:18:00;2;Acidente sem Vítima;458,7;BR-040/MG;Sul;Colisão traseira;2;0;0;0;0;0;0;0;0;0;2;0;0;0;0
28/11/2016;23:57:00;390;Acidente sem Vítima;580,6;BR-040/MG;Sul;Choque em defensa;1;0;0;0;0;0;0;0;0;0;1;0;0;0;0
28/11/2016;22:04:00;365;Acidente sem Vítima;352,5;BR-040/MG;Norte;Abalroamento longitudinal;1;0;1;0;0;0;0;0;0;0;2;0;0;0;0
28/11/2016;20:30:00;339;Acidente sem Vítima;455,343;BR-040/MG;Norte;Outros;0;0;1;0;0;0;0;0;0;0;1;0;0;0;0
28/11/2016;20:05:00;332;Acidente com Vítima;0,05;BR-040/DF;Sul;Colisão traseira;1;0;0;1;0;0;0;0;0;0;2;0;1;0;0
28/11/2016;20:05:00;333;Acidente sem Vítima;536,5;BR-040/MG;Norte;Colisão traseira;2;0;0;0;0;0;0;0;0;0;2;0;0;0;0
28/11/2016;19:26:00;313;Acidente sem Vítima;2,25;BR-040/GO;Sul;Outros;0;0;0;1;0;0;0;0;0;0;1;0;0;0;0
28/11/2016;18:03:00;282;Acidente sem Vítima;533,5;BR-040/MG;Norte;Colisão traseira;1;0;0;0;0;1;0;0;0;1;6;0;0;0;0
28/11/2016;17:53:00;279;Acidente sem Vítima;589,34;BR-040/MG;Sul;Colisão traseira;0;0;2;0;0;0;0;0;0;0;2;0;0;0;0
28/11/2016;17:16:00;271;Acidente sem Vítima;535,1;BR-040/MG;Norte;Colisão traseira;2;0;0;0;0;0;0;0;0;0;2;0;0;0;0
28/11/2016;14:57:00;245;Acidente com Vítima;751,158;BR-040/MG;Sul;Choque com objeto fixo;1;0;0;0;0;0;0;0;0;0;1;2;0;0;0
28/11/2016;14:56:00;244;Acidente sem Vítima;531,1;BR-040/MG;Sul;Colisão traseira;1;0;1;0;0;0;0;0;0;0;2;0;0;0;0
28/11/2016;11:35:00;198;Acidente sem Vítima;5,5;BR-040/DF;Norte;Capotamento;1;0;0;0;0;0;0;0;0;0;1;0;0;0;0
28/11/2016;08:08:00;134;Acidente sem Vítima;522,1;BR-040/MG;Sul;Colisão traseira;3;0;1;0;0;0;0;0;0;0;4;0;0;0;0
28/11/2016;07:29:00;112;Acidente sem Vítima;602,65;BR-040/MG;Sul;Abalroamento longitudinal;1;0;1;0;0;0;0;0;0;0;2;0;0;0;0
28/11/2016;07:14:00;90;Acidente sem Vítima;5,4;BR-040/DF;Norte;Abalroamento longitudinal;2;0;0;0;0;0;0;0;0;0;2;0;0;0;0
29/11/2016;23:14:00;436;Acidente sem Vítima;545,621;BR-040/MG;Sul;Outros;0;0;0;1;0;0;0;0;0;0;1;0;0;0;0
29/11/2016;21:43:00;412;Acidente sem Vítima;14,8;BR-040/GO;Norte;Capotamento;1;0;0;0;0;0;0;0;0;0;1;0;0;0;0
29/11/2016;21:16:00;408;Acidente com Vítima;366,8;BR-040/MG;Norte;Capotamento;2;0;0;0;0;0;0;0;0;0;1;2;1;0;0
29/11/2016;18:14:00;337;Acidente sem Vítima;557,4;BR-040/MG;Sul;Choque em defensa;1;0;0;0;0;0;0;0;0;0;1;0;0;0;0
29/11/2016;18:11:00;336;Acidente com Vítima;702,5;BR-040/MG;Sul;Abalroamento longitudinal;1;0;0;1;0;0;0;0;0;0;1;0;1;0;0
29/11/2016;18:08:00;334;Acidente sem Vítima;728,95;BR-040/MG;Sul;Choque em barreira New Jersey;1;0;0;0;0;0;0;0;0;0;3;0;0;0;0
29/11/2016;17:31:00;323;Acidente sem Vítima;7,75;BR-040/GO;Norte;Outros;1;0;0;1;0;0;0;0;0;0;2;0;0;0;0
29/11/2016;16:49:00;310;Acidente sem Vítima;562,01;BR-040/MG;Sul;Choque em barreira New Jersey;0;0;0;0;0;1;0;0;0;0;1;0;0;0;0
29/11/2016;16:39:00;305;Acidente sem Vítima;562,1;BR-040/MG;Norte;Colisão traseira;2;0;0;0;0;0;0;0;0;0;2;0;0;0;0
29/11/2016;15:17:00;277;Acidente sem Vítima;732,8;BR-040/MG;Norte;Choque com objeto fixo;0;0;0;0;0;1;0;0;0;0;1;0;0;0;0
29/11/2016;10:39:00;193;Acidente sem Vítima;716,1;BR-040/MG;Norte;Colisão traseira;2;0;0;0;0;0;0;0;0;0;2;0;0;0;0
29/11/2016;09:58:00;178;Acidente sem Vítima;716;BR-040/MG;Norte;Capotamento;1;0;0;0;0;0;0;0;0;0;1;0;0;0;0
29/11/2016;07:17:00;126;Acidente com Vítima;3;BR-040/DF;Norte;Colisão traseira;0;0;1;0;1;0;0;0;0;0;103;1;0;0;0
29/11/2016;07:17:00;127;Acidente sem Vítima;515,1;BR-040/MG;Sul;Colisão traseira;4;0;0;0;0;0;0;0;0;0;4;0;0;0;0
29/11/2016;07:01:00;111;Acidente sem Vítima;617,5;BR-040/MG;Sul;Colisão traseira;2;0;0;0;0;0;0;0;0;0;3;0;0;0;0
29/11/2016;06:48:00;104;Acidente sem Vítima;449,9;BR-040/MG;Norte;Queda de Carga;0;0;1;0;0;0;0;0;0;0;1;0;0;0;0
29/11/2016;05:55:00;89;Acidente sem Vítima;1;BR-040/GO;Norte;Abalroamento transversal;2;0;0;0;0;0;0;0;0;0;4;0;0;0;0
29/11/2016;05:45:00;88;Acidente com Vítima;747,8;BR-040/MG;Sul;Queda de Carga;0;0;1;0;0;1;0;0;0;0;1;0;1;0;0
30/11/2016;22:43:00;395;Acidente sem Vítima;2,6;BR-040/GO;Sul;Outros;1;0;0;0;0;0;0;0;0;0;1;0;0;0;0
30/11/2016;20:12:00;363;Acidente sem Vítima;5,05;BR-040/GO;Sul;Abalroamento transversal;2;0;0;0;0;0;0;0;0;0;5;0;0;0;0
30/11/2016;15:39:00;293;Acidente com Vítima;705;BR-040/MG;Norte;Queda de Carga;0;0;1;0;0;0;0;0;0;0;0;0;1;0;0
30/11/2016;13:59:00;270;Acidente com Vítima;196,6;BR-040/MG;Norte;Choque com objeto fixo;0;0;1;0;0;0;0;0;0;0;0;0;1;0;0
30/11/2016;12:12:00;246;Acidente sem Vítima;631;BR-040/MG;Norte;Abalroamento transversal;1;0;0;1;0;0;0;0;0;0;2;0;0;0;0
30/11/2016;11:09:00;227;Acidente sem Vítima;520,2;BR-040/MG;Norte;Abalroamento transversal;2;0;0;0;0;0;0;0;0;0;2;0;0;0;0
30/11/2016;08:53:00;167;Acidente com Vítima;526,1;BR-040/MG;Norte;Abalroamento longitudinal;0;0;1;1;0;0;0;0;0;0;1;1;0;0;0
30/11/2016;07:19:00;129;Acidente sem Vítima;730,8;BR-040/MG;Norte;Choque em barreira New Jersey;1;0;0;0;0;0;0;0;0;0;1;0;0;0;0
30/11/2016;00:41:00;6;Acidente sem Vítima;496,7;BR-040/MG;Sul;Choque com objeto fixo;1;0;0;0;0;0;0;0;0;0;2;0;0;0;0
01/12/2016;21:58:00;367;Atropelamento sem Morte;7,2;BR-040/GO;Sul;Atropelamento de pedestre atravessando;0;0;0;0;0;0;0;0;0;0;0;0;1;0;0
01/12/2016;19:24:00;313;Acidente sem Vítima;717,285;BR-040/MG;Norte;Choque em barreira New Jersey;1;0;0;0;0;0;0;0;0;0;1;0;0;0;0
01/12/2016;17:33:00;277;Acidente sem Vítima;418,5;BR-040/MG;Sul;Capotamento;1;0;0;0;0;0;0;0;0;0;1;0;0;0;0
01/12/2016;15:26:00;239;Acidente com Vítima;567,3;BR-040/MG;Norte;Capotamento;1;0;0;0;0;0;0;0;0;0;0;2;0;0;0
01/12/2016;09:36:00;158;Atropelamento sem Morte;668,1;BR-040/MG;Norte;Atropelamento de pedestre caminhando;1;0;0;0;0;0;0;0;0;0;1;0;1;0;0
01/12/2016;07:20:00;103;Acidente sem Vítima;524,2;BR-040/MG;Sul;Colisão traseira;1;0;1;0;0;1;0;0;0;0;3;0;0;0;0
01/12/2016;07:00:00;96;Acidente sem Vítima;23;BR-040/GO;Norte;Colisão traseira;2;0;0;0;0;0;0;0;0;0;2;0;0;0;0
02/12/2016;22:40:00;342;Acidente com Vítima;703,235;BR-040/MG;Sul;Abalroamento transversal;3;0;0;0;0;0;0;0;0;0;3;2;0;0;0
02/12/2016;19:28:00;287;Acidente com Vítima;128,5;BR-040/MG;Norte;Abalroamento longitudinal;1;0;0;1;0;0;0;0;0;0;3;0;1;0;0
02/12/2016;19:22:00;283;Acidente sem Vítima;728,492;BR-040/MG;Norte;Choque em barreira New Jersey;1;0;0;0;0;0;0;0;0;0;1;0;0;0;0
02/12/2016;18:26:00;264;Acidente sem Vítima;593,094;BR-040/MG;Norte;Choque em defensa;1;0;0;0;0;0;0;0;0;0;1;0;0;0;0
02/12/2016;17:10:00;246;Acidente com Morte;607,1;BR-040/MG;Sul;Colisão traseira;0;0;1;1;0;0;0;0;0;0;1;0;0;0;1
02/12/2016;16:59:00;243;Acidente com Vítima;538,5;BR-040/MG;Sul;Colisão traseira;3;0;0;0;0;0;0;0;0;0;4;1;0;0;0
02/12/2016;14:58:00;206;Acidente sem Vítima;2,8;BR-040/GO;Sul;Abalroamento longitudinal;1;0;0;1;0;0;0;0;0;0;2;0;0;0;0
02/12/2016;14:18:00;196;Acidente com Vítima;105,2;BR-040/GO;Norte;Outros;0;0;0;1;0;0;0;0;0;0;0;2;0;0;0
02/12/2016;14:06:00;193;Acidente sem Vítima;687,6;BR-040/MG;Norte;Abalroamento longitudinal;2;0;0;0;0;0;0;0;0;0;2;0;0;0;0
02/12/2016;09:44:00;148;Acidente sem Vítima;544,5;BR-040/MG;Norte;Abalroamento transversal;2;0;0;0;0;0;0;0;0;0;2;0;0;0;0
02/12/2016;09:36:00;144;Acidente sem Vítima;624,1;BR-040/MG;Norte;Choque em defensa;0;0;1;0;0;0;0;0;0;0;1;0;0;0;0
02/12/2016;07:39:00;116;Acidente com Vítima;0,5;BR-040/GO;Norte;Colisão traseira;0;0;1;1;0;0;0;0;0;0;1;1;0;0;0
02/12/2016;06:48:00;101;Acidente com Vítima;742,1;BR-040/MG;Norte;Capotamento;1;0;0;0;0;0;0;0;0;0;0;2;0;0;0
02/12/2016;06:45:00;98;Acidente sem Vítima;533,8;BR-040/MG;Norte;Abalroamento longitudinal;1;0;1;0;0;0;0;0;0;0;2;0;0;0;0
02/12/2016;05:02:00;84;Acidente sem Vítima;626,134;BR-040/MG;Sul;Colisão traseira;2;0;0;0;0;0;0;0;0;0;4;0;0;0;0
03/12/2016;21:01:00;322;Acidente com Vítima;452,409;BR-040/MG;Norte;Colisão traseira;3;0;0;0;0;0;0;0;0;0;6;1;0;0;0
03/12/2016;20:53:00;318;Acidente sem Vítima;0,5;BR-040/GO;Sul;Colisão traseira;3;0;0;0;0;0;0;0;0;0;6;0;0;0;0
03/12/2016;20:37:00;314;Acidente sem Vítima;528,1;BR-040/MG;Norte;Capotamento;2;0;0;0;0;0;0;0;0;0;2;0;0;0;0
03/12/2016;18:10:00;275;Acidente com Vítima;522,352;BR-040/MG;Sul;Outros;0;0;0;1;0;0;0;0;0;0;1;1;0;0;0
03/12/2016;17:25:00;263;Acidente sem Vítima;533;BR-040/MG;Sul;Abalroamento longitudinal;1;0;1;0;0;0;0;0;0;0;2;0;0;0;0
03/12/2016;14:08:00;199;Acidente sem Vítima;746,06;BR-040/MG;Norte;Abalroamento longitudinal;1;0;0;1;0;0;0;0;0;0;2;0;0;0;0
03/12/2016;10:42:00;147;Acidente com Vítima;1,5;BR-040/GO;Norte;Outros;0;0;0;1;0;0;0;0;0;0;0;1;0;0;0
03/12/2016;07:47:00;105;Acidente sem Vítima;521;BR-040/MG;Sul;Choque com objeto fixo;2;0;0;0;0;0;0;0;0;0;5;0;0;0;0
03/12/2016;06:08:00;76;Acidente sem Vítima;546,5;BR-040/MG;Sul;Outros;0;0;0;1;0;0;0;0;0;0;1;0;0;0;0
03/12/2016;05:38:00;69;Acidente sem Vítima;517,8;BR-040/MG;Sul;Colisão traseira;2;0;0;1;0;0;0;0;0;0;4;0;0;0;0
03/12/2016;04:49:00;61;Acidente sem Vítima;738,027;BR-040/MG;Sul;Abalroamento transversal;2;0;0;0;0;0;0;0;0;0;2;0;0;0;0
03/12/2016;04:44:00;59;Acidente com Vítima;517,8;BR-040/MG;Norte;Colisão traseira;2;0;0;0;0;0;0;0;0;0;3;0;2;0;0
03/12/2016;00:07:00;1;Acidente sem Vítima;599,289;BR-040/MG;Sul;Choque com objeto fixo;1;0;0;0;0;0;0;0;0;0;3;0;0;0;0
04/12/2016;23:26:00;263;Acidente com Vítima;624,5;BR-040/MG;Norte;Outros;1;0;0;0;0;0;0;0;0;0;0;1;0;1;0
04/12/2016;22:39:00;250;Acidente sem Vítima;523,7;BR-040/MG;Norte;Queda de Carga;1;0;0;0;0;0;0;0;0;0;1;0;0;0;0
04/12/2016;21:33:00;233;Acidente com Vítima;467,76;BR-040/MG;Norte;Abalroamento longitudinal;0;0;0;0;0;1;0;0;0;1;1;0;3;0;0
04/12/2016;20:47:00;225;Acidente sem Vítima;564,517;BR-040/MG;Sul;Queda de Carga;0;0;1;0;0;0;0;0;0;0;1;0;0;0;0
04/12/2016;19:39:00;210;Atropelamento sem Morte;510,01;BR-040/MG;Norte;Atropelamento de pedestre atravessando;1;0;0;0;0;0;0;0;0;0;1;0;1;0;0
04/12/2016;17:49:00;177;Acidente sem Vítima;462,4;BR-040/MG;Sul;Abalroamento longitudinal;2;0;0;0;0;0;0;0;0;0;9;0;0;0;0
04/12/2016;17:31:00;170;Acidente sem Vítima;562,12;BR-040/MG;Sul;Choque com objeto fixo;1;0;0;0;0;0;0;0;0;0;1;0;0;0;0
04/12/2016;17:18:00;168;Acidente com Vítima;516,407;BR-040/MG;Norte;Outros;1;0;0;0;0;0;0;0;0;0;0;2;1;0;0
04/12/2016;15:14:00;129;Acidente com Vítima;636,1;BR-040/MG;Sul;Colisão frontal;2;0;0;0;0;0;0;0;0;0;1;1;0;0;0
04/12/2016;14:16:00;118;Acidente com Vítima;122;BR-040/MG;Norte;Choque com objeto fixo;1;0;0;0;0;0;0;0;0;0;2;1;0;0;0
04/12/2016;13:22:00;107;Acidente sem Vítima;593,3;BR-040/MG;Norte;Abalroamento longitudinal;1;0;1;0;0;0;0;0;0;0;4;0;0;0;0
04/12/2016;05:56:00;35;Acidente sem Vítima;40,2;BR-040/GO;Norte;Choque em defensa;1;0;0;0;0;0;0;0;0;0;1;0;0;0;0
04/12/2016;00:48:00;7;Acidente sem Vítima;3,2;BR-040/GO;Norte;Colisão traseira;1;0;0;1;0;0;0;0;0;0;3;0;0;0;0
05/12/2016;22:19:00;349;Acidente com Vítima;6,02;BR-040/GO;Sul;Abalroamento transversal;1;0;0;1;0;0;0;0;0;0;3;1;0;0;0
05/12/2016;21:28:00;330;Acidente sem Vítima;551,8;BR-040/MG;Sul;Choque com objeto fixo;2;0;0;0;0;1;0;0;0;0;3;0;0;0;0
05/12/2016;20:13:00;318;Acidente sem Vítima;586,243;BR-040/MG;Sul;Choque com objeto fixo;1;0;0;0;0;0;0;0;0;0;1;0;0;0;0
05/12/2016;18:23:00;289;Acidente sem Vítima;643,8;BR-040/MG;Norte;Choque em defensa;1;0;0;0;0;0;0;0;0;0;1;0;0;0;0
05/12/2016;16:48:00;263;Acidente sem Vítima;571,2;BR-040/MG;Norte;Choque com objeto fixo;1;0;0;0;0;0;0;0;0;0;2;0;0;0;0
05/12/2016;16:16:00;259;Acidente sem Vítima;536,94;BR-040/MG;Norte;Colisão traseira;0;0;2;0;0;0;0;0;0;0;2;0;0;0;0
05/12/2016;16:10:00;254;Acidente com Vítima;671,1;BR-040/MG;Norte;Outros;0;0;0;1;0;0;0;0;0;0;0;0;1;0;0
05/12/2016;15:40:00;244;Acidente sem Vítima;0,062;BR-040/GO;Sul;Colisão traseira;0;0;1;1;0;0;0;0;0;0;2;0;0;0;0
05/12/2016;15:38:00;242;Acidente sem Vítima;535,5;BR-040/MG;Norte;Colisão traseira;2;0;0;0;0;0;0;0;0;0;2;0;0;0;0
05/12/2016;15:11:00;230;Acidente sem Vítima;1,8;BR-040/GO;Sul;Colisão traseira;1;0;1;0;0;0;0;0;0;0;2;0;0;0;0
05/12/2016;11:39:00;185;Acidente sem Vítima;626,135;BR-040/MG;Norte;Colisão traseira;2;0;0;0;0;0;0;0;0;0;2;1;0;0;0
05/12/2016;09:56:00;166;Acidente sem Vítima;21,3;BR-040/MG;Norte;Atropelamento de animal;1;0;0;0;0;0;0;0;0;0;1;0;0;0;0
05/12/2016;09:34:00;155;Acidente sem Vítima;690,1;BR-040/MG;Sul;Capotamento;1;0;0;0;0;0;0;0;0;0;1;0;0;0;0
05/12/2016;09:10:00;148;Acidente sem Vítima;718,5;BR-040/MG;Norte;Outros;1;0;0;0;0;0;0;0;0;0;1;0;0;0;0
05/12/2016;08:03:00;125;Acidente sem Vítima;505,8;BR-040/MG;Sul;Colisão traseira;1;0;0;0;0;0;0;0;0;1;4;0;0;0;0
05/12/2016;06:43:00;89;Acidente sem Vítima;571,681;BR-040/MG;Norte;Capotamento;0;0;0;0;0;0;0;0;0;0;0;0;0;0;0
05/12/2016;05:26:00;81;Acidente com Vítima;122,1;BR-040/MG;Norte;Atropelamento de animal;0;0;0;1;0;0;0;0;0;0;0;1;0;0;0
05/12/2016;03:08:00;15;Acidente sem Vítima;464,3;BR-040/MG;Sul;Queda de Carga;0;0;1;0;0;0;0;0;0;0;1;0;0;0;0
06/12/2016;22:10:00;371;Acidente sem Vítima;488,175;BR-040/MG;Norte;Choque em defensa;0;0;2;0;0;0;0;0;0;0;2;0;0;0;0
06/12/2016;19:59:00;343;Acidente com Vítima;514,3;BR-040/MG;Sul;Colisão traseira;1;0;0;1;0;0;0;0;0;0;1;0;1;0;0
06/12/2016;19:12:00;332;Acidente sem Vítima;538,439;BR-040/MG;Norte;Abalroamento longitudinal;0;0;2;0;0;0;0;0;0;0;2;0;0;0;0
06/12/2016;14:51:00;266;Acidente sem Vítima;530,22;BR-040/MG;Norte;Colisão traseira;2;0;0;0;0;0;0;0;0;0;15;0;0;0;0
06/12/2016;14:12:00;253;Acidente com Vítima;13,6;BR-040/GO;Sul;Colisão traseira;2;0;0;0;0;0;0;0;0;0;2;1;0;0;0
06/12/2016;13:20:00;234;Acidente sem Vítima;638,113;BR-040/MG;Sul;Outros;1;0;0;0;0;0;0;0;0;0;1;0;0;0;0
06/12/2016;12:45:00;229;Acidente sem Vítima;479,1;BR-040/MG;Norte;Capotamento;1;0;0;0;0;0;0;0;0;0;1;0;0;0;0
06/12/2016;12:35:00;224;Acidente sem Vítima;517,1;BR-040/MG;Norte;Choque com objeto fixo;1;0;0;0;0;0;0;0;0;0;1;0;0;0;0
06/12/2016;08:40:00;162;Acidente sem Vítima;520,1;BR-040/MG;Norte;Colisão traseira;1;0;1;1;0;0;0;0;0;0;3;0;0;0;0
06/12/2016;05:43:00;97;Atropelamento sem Morte;509,5;BR-040/MG;Sul;Atropelamento de pedestre caminhando;0;0;0;1;0;0;0;0;0;0;2;1;1;0;0
07/12/2016;20:45:00;426;Acidente com Vítima;7,5;BR-040/GO;Norte;Colisão traseira;1;0;0;1;0;0;0;0;0;0;3;1;1;0;0
07/12/2016;18:26:00;372;Acidente sem Vítima;531,3;BR-040/MG;Sul;Abalroamento longitudinal;1;0;1;1;0;0;0;0;0;0;3;0;0;0;0
07/12/2016;17:26:00;348;Acidente sem Vítima;6,95;BR-040/DF;Sul;Colisão traseira;1;0;1;0;0;0;0;0;0;0;2;0;0;0;0
07/12/2016;17:07:00;341;Acidente sem Vítima;3,1;BR-040/DF;Sul;Colisão traseira;2;0;1;0;0;0;0;0;0;0;4;0;0;0;0
07/12/2016;14:13:00;288;Acidente sem Vítima;0;BR-040/DF;Norte;Abalroamento longitudinal;1;0;0;0;0;1;0;0;0;0;2;0;0;0;0
07/12/2016;10:56:00;232;Acidente sem Vítima;544,5;BR-040/MG;Sul;Colisão traseira;2;0;0;0;0;0;0;0;0;0;2;0;0;0;0
07/12/2016;10:30:00;226;Acidente sem Vítima;1,5;BR-040/GO;Sul;Colisão traseira;3;0;0;0;0;0;0;0;0;0;3;0;0;0;0
07/12/2016;09:30:00;208;Acidente sem Vítima;528,3;BR-040/MG;Sul;Colisão traseira;2;0;0;0;0;0;0;0;0;0;2;0;0;0;0
07/12/2016;06:42:00;127;Acidente sem Vítima;522,2;BR-040/MG;Sul;Colisão traseira;3;0;0;0;0;0;0;0;0;0;3;0;0;0;0
07/12/2016;06:16:00;120;Acidente sem Vítima;530,1;BR-040/MG;Norte;Colisão traseira;1;0;0;0;0;1;0;0;0;0;2;0;0;0;0
08/12/2016;22:09:00;381;Acidente sem Vítima;328,1;BR-040/MG;Norte;Colisão traseira;0;0;2;0;0;0;0;0;0;0;2;0;0;0;0
08/12/2016;20:19:00;352;Acidente sem Vítima;532;BR-040/MG;Sul;Choque com objeto fixo;0;0;1;0;0;1;0;0;0;0;2;0;0;0;0
08/12/2016;19:52:00;338;Atropelamento sem Morte;1,5;BR-040/GO;Sul;Atropelamento de pedestre atravessando;1;0;0;0;0;0;0;0;0;0;2;1;0;0;0
08/12/2016;19:29:00;330;Acidente sem Vítima;530,707;BR-040/MG;Sul;Colisão traseira;1;0;0;0;0;1;0;0;0;0;3;0;0;0;0
08/12/2016;18:35:00;305;Acidente sem Vítima;510,12;BR-040/MG;Norte;Choque com objeto fixo;1;0;0;0;0;0;0;0;0;0;1;0;0;0;0
08/12/2016;18:14:00;303;Acidente sem Vítima;500;BR-040/MG;Norte;Colisão traseira;2;0;0;0;0;0;0;0;0;0;4;0;0;0;0
08/12/2016;18:04:00;297;Acidente com Vítima;500,583;BR-040/MG;Norte;Capotamento;1;0;0;1;0;0;0;0;0;0;5;1;0;0;0
08/12/2016;16:43:00;271;Acidente sem Vítima;133;BR-040/GO;Norte;Colisão traseira;1;0;1;0;0;0;0;0;0;0;2;0;1;0;0
08/12/2016;15:14:00;247;Acidente sem Vítima;111,1;BR-040/GO;Sul;Choque em defensa;1;0;0;0;0;0;0;0;0;0;1;0;0;0;0