data;horario;n_da_ocorrencia;tipo_de_ocorrencia;km;trecho;sentido;tipo_de_acidente;automovel;bicicleta;caminhao;moto;onibus;outros;tracao_animal;transporte_de_cargas_especiais;trator_maquinas;utilitarios;ilesos;levemente_feridos;moderadamente_feridos;gravemente_feridos;mortos
17/12/2016;06:28:00;57;Acidente sem Vítima;508,02;BR-040/MG;Norte;Capotamento;1;0;0;1;0;0;0;0;0;0;5;0;0;0;0
17/12/2016;01:22:00;15;Acidente sem Vítima;425,5;BR-040/MG;Norte;Capotamento;1;0;0;0;0;0;0;0;0;0;1;0;0;0;0
18/12/2016;20:57:00;268;Acidente com Vítima;25,02;BR-040/GO;Sul;Abalroamento longitudinal;0;0;0;1;0;1;0;0;0;0;1;0;0;0;0
18/12/2016;20:41:00;264;Acidente com Vítima;505,5;BR-040/MG;Sul;Capotamento;1;0;0;0;0;0;0;0;0;0;1;1;0;0;0
18/12/2016;19:55:00;243;Acidente sem Vítima;685,2;BR-040/MG;Norte;Outros;1;0;0;0;0;0;0;0;0;0;1;0;0;0;0
18/12/2016;19:02:00;227;Acidente com Vítima;728,8;BR-040/MG;Sul;Choque com objeto fixo;1;0;0;0;0;0;0;0;0;0;1;1;0;0;0
18/12/2016;18:49:00;223;Acidente com Vítima;22,1;BR-040/GO;Sul;Outros;0;0;0;1;0;0;0;0;0;0;0;0;0;0;0
18/12/2016;18:20:00;207;Acidente sem Vítima;4,5;BR-040/GO;Norte;Colisão traseira;0;0;0;0;0;2;0;0;0;0;2;0;0;0;0
18/12/2016;18:12:00;199;Acidente sem Vítima;1,5;BR-040/GO;Sul;Colisão traseira;0;0;0;0;0;2;0;0;0;0;2;0;0;0;0
18/12/2016;17:51:00;191;Acidente sem Vítima;1,5;BR-040/GO;Norte;Colisão traseira;1;0;0;1;0;0;0;0;0;0;3;0;0;0;0
18/12/2016;17:43:00;189;Acidente com Vítima;509,2;BR-040/MG;Sul;Colisão traseira;2;0;0;0;0;0;0;0;0;0;2;2;0;0;0
18/12/2016;17:28:00;186;Atropelamento com Morte;126,2;BR-040/MG;Sul;Atropelamento de pedestre atravessando;0;0;1;0;0;0;0;0;0;0;1;0;0;0;1
18/12/2016;15:14:00;148;Acidente com Vítima;712,1;BR-040/MG;Norte;Capotamento;1;0;0;0;0;0;0;0;0;0;1;0;0;1;0
18/12/2016;12:07:00;108;Acidente com Vítima;570,001;BR-040/MG;Norte;Abalroamento transversal;2;0;0;0;0;0;0;0;0;0;2;1;1;0;0
18/12/2016;09:09:00;74;Acidente com Vítima;7,1;BR-040/GO;Sul;Abalroamento transversal;2;0;0;0;0;0;0;0;0;0;4;1;0;0;0
18/12/2016;08:07:00;62;Acidente sem Vítima;5,3;BR-040/GO;Sul;Colisão traseira;4;0;0;0;0;0;0;0;0;0;9;0;0;0;0
18/12/2016;07:43:00;56;Acidente sem Vítima;705,1;BR-040/MG;Norte;Choque com objeto fixo;1;0;0;0;0;0;0;0;0;0;2;0;0;0;0
18/12/2016;07:01:00;48;Acidente sem Vítima;552,2;BR-040/MG;Norte;Abalroamento longitudinal;1;0;1;0;0;0;0;0;0;0;2;0;0;0;0
18/12/2016;01:58:00;20;Acidente com Vítima;447,9;BR-040/MG;Norte;Choque com objeto fixo;0;0;0;1;0;0;0;0;0;0;0;0;1;1;0
19/12/2016;22:52:00;397;Acidente sem Vítima;9,05;BR-040/GO;Sul;Capotamento;1;0;0;0;0;0;0;0;0;0;2;0;0;0;0
19/12/2016;21:33:00;383;Acidente sem Vítima;771,3;BR-040/MG;Sul;Abalroamento longitudinal;0;0;2;0;0;0;0;0;0;0;2;0;0;0;0
19/12/2016;21:29:00;381;Acidente com Vítima;638,87;BR-040/MG;Sul;Abalroamento longitudinal;0;1;1;0;0;0;0;0;0;0;1;0;1;0;0
19/12/2016;20:49:00;364;Acidente com Vítima;503,437;BR-040/MG;Norte;Outros;1;0;0;1;0;0;0;0;0;0;1;1;0;0;0
19/12/2016;20:23:00;356;Acidente com Vítima;43,07;BR-040/MG;Norte;Abalroamento longitudinal;2;0;0;0;0;0;0;0;0;0;5;0;1;0;0
19/12/2016;19:31:00;345;Acidente sem Vítima;509,8;BR-040/MG;Norte;Colisão traseira;2;0;0;0;0;0;0;0;0;0;8;0;0;0;0
19/12/2016;16:43:00;287;Acidente sem Vítima;1,8;BR-040/GO;Sul;Colisão traseira;3;0;0;0;0;0;0;0;0;0;3;0;0;0;0
19/12/2016;14:54:00;261;Acidente sem Vítima;514,5;BR-040/MG;Sul;Abalroamento longitudinal;0;0;2;0;0;0;0;0;0;0;2;0;0;0;0
19/12/2016;12:23:00;212;Acidente com Vítima;468,3;BR-040/MG;Sul;Outros;0;0;1;2;0;0;0;0;0;0;1;0;0;3;0
19/12/2016;07:48:00;114;Acidente com Vítima;512,17;BR-040/MG;Sul;Colisão traseira;0;0;1;1;0;0;0;0;0;0;1;1;0;0;0
19/12/2016;07:44:00;112;Acidente sem Vítima;207,6;BR-040/MG;Norte;Colisão traseira;2;0;0;0;0;0;0;0;0;0;2;0;0;0;0
19/12/2016;07:13:00;102;Acidente com Vítima;2,4;BR-040/GO;Norte;Outros;0;0;0;1;0;0;0;0;0;0;0;0;1;0;0
19/12/2016;06:42:00;94;Acidente com Vítima;748,745;BR-040/MG;Norte;Queda de Carga;0;0;1;0;0;0;0;0;0;0;0;1;0;0;0
19/12/2016;05:31:00;81;Acidente com Vítima;281,338;BR-040/MG;Sul;Atropelamento de animal;1;0;0;0;0;0;0;0;0;1;3;0;3;0;0
20/12/2016;23:46:00;406;Acidente sem Vítima;208,2;BR-040/MG;Norte;Abalroamento longitudinal;0;0;2;0;0;0;0;0;0;0;2;0;0;0;0
20/12/2016;23:42:00;405;Atropelamento sem Morte;12,4;BR-040/GO;Sul;Atropelamento de ciclista;1;1;0;0;0;0;0;0;0;0;1;0;0;1;0
20/12/2016;23:33:00;402;Acidente sem Vítima;509,5;BR-040/MG;Sul;Outros;0;0;0;1;0;0;0;0;0;0;1;0;0;0;0
20/12/2016;19:38:00;348;Acidente com Vítima;155,96;BR-040/MG;Sul;Colisão traseira;0;0;0;2;0;0;0;0;0;0;0;2;0;0;0
20/12/2016;15:17:00;281;Acidente sem Vítima;71,9;BR-040/GO;Norte;Abalroamento transversal;1;0;0;1;0;0;0;0;0;0;2;0;0;0;0
20/12/2016;11:06:00;215;Acidente sem Vítima;664;BR-040/MG;Norte;Choque com objeto fixo;0;0;1;0;0;0;0;0;0;0;1;0;0;0;0
20/12/2016;09:36:00;187;Acidente sem Vítima;489,566;BR-040/MG;Sul;Choque com objeto fixo;1;0;0;0;0;0;0;0;0;0;3;0;0;0;0
20/12/2016;07:51:00;145;Acidente sem Vítima;525,4;BR-040/MG;Norte;Colisão traseira;2;0;0;0;0;0;0;0;0;0;3;0;0;0;0
20/12/2016;06:04:00;119;Acidente sem Vítima;4,7;BR-040/DF;Norte;Abalroamento longitudinal;2;0;0;0;0;0;0;0;0;0;2;0;0;0;0
21/12/2016;22:36:00;456;Acidente sem Vítima;446,2;BR-040/MG;Sul;Choque em barreira New Jersey;1;0;0;0;0;0;0;0;0;0;1;0;0;0;0
21/12/2016;20:39:00;420;Acidente com Vítima;516,85;BR-040/MG;Norte;Capotamento;1;0;0;0;0;0;0;0;0;0;3;0;1;0;0
21/12/2016;19:45:00;400;Acidente com Vítima;2,514;BR-040/GO;Sul;Outros;0;0;0;1;0;0;0;0;0;0;0;0;1;0;0
21/12/2016;19:02:00;373;Acidente sem Vítima;531,1;BR-040/MG;Norte;Colisão traseira;4;0;0;0;0;0;0;0;0;0;7;0;0;0;0
21/12/2016;16:32:00;326;Acidente sem Vítima;21,2;BR-040/GO;Norte;Capotamento;1;0;0;0;0;0;0;0;0;0;1;0;0;0;0
21/12/2016;15:27:00;304;Acidente com Vítima;536,2;BR-040/MG;Norte;Colisão traseira;1;0;1;1;0;0;0;0;0;0;2;0;0;1;0
21/12/2016;14:36:00;292;Acidente sem Vítima;543,2;BR-040/MG;Norte;Colisão traseira;3;0;0;0;0;0;0;0;0;0;4;0;0;0;0
21/12/2016;13:47:00;285;Acidente sem Vítima;697,719;BR-040/MG;Norte;Abalroamento longitudinal;0;0;1;0;1;0;0;0;0;0;2;0;0;0;0
21/12/2016;13:12:00;273;Acidente sem Vítima;648,5;BR-040/MG;Norte;Abalroamento transversal;2;0;0;0;0;0;0;0;0;0;6;0;0;0;0
21/12/2016;12:56:00;264;Acidente sem Vítima;477,1;BR-040/MG;Norte;Outros;1;0;0;1;0;0;0;0;0;0;2;0;0;0;0
21/12/2016;11:33:00;238;Acidente com Vítima;352,1;BR-040/MG;Sul;Choque com objeto fixo;0;0;0;1;0;0;0;0;0;0;0;1;1;0;0
21/12/2016;09:27:00;197;Acidente sem Vítima;522;BR-040/MG;Sul;Colisão traseira;0;0;1;1;0;0;0;0;0;0;2;0;0;0;0
21/12/2016;07:52:00;157;Acidente com Vítima;7,8;BR-040/DF;Norte;Capotamento;1;0;0;0;0;0;0;0;0;0;0;1;0;0;0
21/12/2016;07:43:00;151;Acidente com Vítima;509,8;BR-040/MG;Sul;Colisão traseira;1;0;0;1;0;0;0;0;0;0;2;1;0;0;0
21/12/2016;07:24:00;143;Acidente sem Vítima;513,2;BR-040/MG;Sul;Colisão traseira;1;0;0;0;0;1;0;0;0;0;2;0;0;0;0
21/12/2016;07:02:00;135;Acidente sem Vítima;629,425;BR-040/MG;Sul;Choque com objeto fixo;0;0;0;0;1;0;0;0;0;0;1;0;0;0;0
21/12/2016;06:41:00;128;Acidente com Vítima;469,9;BR-040/MG;Norte;Capotamento;1;0;0;0;0;0;0;0;0;0;3;1;1;0;0
21/12/2016;06:18:00;125;Acidente sem Vítima;517;BR-040/MG;Sul;Colisão traseira;2;0;0;0;0;0;0;0;0;0;3;0;0;0;0
22/12/2016;22:46:00;455;Acidente com Vítima;531,63;BR-040/MG;Norte;Outros;0;0;0;1;0;0;0;0;0;0;0;0;1;0;0
22/12/2016;22:18:00;448;Acidente sem Vítima;528,7;BR-040/MG;Norte;Abalroamento transversal;1;0;1;0;0;0;0;0;0;0;2;0;0;0;0
22/12/2016;21:05:00;432;Atropelamento sem Morte;275,231;BR-040/MG;Norte;Atropelamento de pedestre atravessando;1;0;0;0;0;0;0;0;0;0;1;0;1;0;0
22/12/2016;19:00:00;382;Acidente sem Vítima;5,3;BR-040/DF;Sul;Colisão traseira;1;0;0;0;0;1;0;0;0;0;3;0;0;0;0
22/12/2016;18:59:00;381;Acidente sem Vítima;588,4;BR-040/MG;Norte;Colisão traseira;2;0;0;0;0;0;0;0;0;0;7;0;0;0;0
22/12/2016;18:45:00;374;Acidente sem Vítima;714,1;BR-040/MG;Norte;Abalroamento longitudinal;2;0;0;0;0;0;0;0;0;0;3;0;0;0;0
22/12/2016;18:22:00;362;Acidente sem Vítima;0,155;BR-040/MG;Sul;Outros;0;0;1;0;0;0;0;0;0;0;2;0;0;0;0
22/12/2016;18:16:00;359;Atropelamento sem Morte;428,39;BR-040/MG;Sul;Atropelamento de pedestre atravessando;1;0;0;0;0;0;0;0;0;0;2;0;1;0;0
22/12/2016;17:03:00;338;Acidente com Vítima;521,2;BR-040/MG;Sul;Colisão traseira;3;0;0;1;0;0;0;0;0;0;3;1;0;0;0
22/12/2016;16:51:00;334;Acidente sem Vítima;499,2;BR-040/MG;Norte;Abalroamento longitudinal;2;0;0;0;0;0;0;0;0;0;2;0;0;0;0
22/12/2016;16:20:00;325;Acidente com Morte;559,35;BR-040/MG;Sul;Colisão traseira;1;0;1;0;0;0;0;0;0;0;1;0;0;0;1
22/12/2016;15:40:00;313;Acidente sem Vítima;298,3;BR-040/MG;Sul;Colisão traseira;1;0;1;0;0;0;0;0;0;0;3;0;0;0;0
22/12/2016;15:33:00;308;Atropelamento sem Morte;533;BR-040/MG;Norte;Atropelamento de pedestre atravessando;0;0;0;1;0;0;0;0;0;0;2;0;0;0;0
22/12/2016;14:59:00;300;Acidente com Vítima;523,2;BR-040/MG;Sul;Capotamento;1;0;0;0;0;0;0;0;0;0;0;2;0;0;0
22/12/2016;12:59:00;260;Acidente com Vítima;9,2;BR-040/GO;Sul;Outros;1;0;0;1;0;0;0;0;0;0;1;1;0;0;0
22/12/2016;12:45:00;251;Acidente sem Vítima;9,8;BR-040/GO;Norte;Colisão traseira;1;0;0;1;0;0;0;0;0;0;2;0;0;0;0
22/12/2016;12:32:00;249;Acidente sem Vítima;522,95;BR-040/MG;Sul;Abalroamento longitudinal;0;0;1;0;0;0;0;0;0;1;7;0;0;0;0
22/12/2016;09:37:00;177;Acidente sem Vítima;514,1;BR-040/MG;Sul;Colisão traseira;0;0;1;0;0;1;0;0;0;0;2;0;0;0;0
22/12/2016;07:44:00;140;Acidente sem Vítima;660,45;BR-040/MG;Norte;Colisão traseira;2;0;0;0;0;0;0;0;0;0;10;0;0;0;0
22/12/2016;07:15:00;125;Acidente com Vítima;4,8;BR-040/GO;Norte;Colisão traseira;1;0;0;1;0;0;0;0;0;0;2;1;0;0;0
22/12/2016;06:43:00;120;Acidente com Vítima;40,3;BR-040/GO;Norte;Colisão frontal;2;0;0;0;0;0;0;0;0;0;4;3;0;0;0
22/12/2016;05:11:00;107;Acidente com Vítima;458,95;BR-040/MG;Norte;Outros;0;0;0;1;0;0;0;0;0;0;0;1;0;0;0
22/12/2016;02:48:00;73;Acidente sem Vítima;562,79;BR-040/MG;Sul;Colisão traseira;1;0;2;0;0;0;0;0;0;0;3;0;0;0;0
23/12/2016;23:32:00;439;Acidente com Morte;131,12;BR-040/GO;Norte;Colisão frontal;2;0;0;0;0;0;0;0;0;0;0;3;2;0;1
23/12/2016;20:52:00;398;Acidente com Vítima;736,5;BR-040/MG;Sul;Colisão traseira;2;0;0;0;0;0;0;0;0;0;3;1;0;0;0
23/12/2016;20:13:00;386;Acidente com Vítima;668,2;BR-040/MG;Sul;Abalroamento transversal;1;0;0;1;0;0;0;0;0;0;1;0;1;0;0
23/12/2016;20:08:00;384;Atropelamento sem Morte;7,6;BR-040/DF;Sul;Atropelamento de pedestre atravessando;0;0;0;1;0;0;0;0;0;0;2;0;1;0;0
23/12/2016;19:51:00;379;Acidente sem Vítima;523,5;BR-040/MG;Norte;Colisão traseira;1;0;1;0;0;0;0;0;0;0;2;0;0;0;0
23/12/2016;18:36:00;345;Acidente sem Vítima;515,1;BR-040/MG;Norte;Colisão traseira;1;0;0;1;0;0;0;0;0;0;3;0;0;0;0
23/12/2016;18:33:00;343;Acidente sem Vítima;4,027;BR-040/GO;Sul;Colisão traseira;2;0;0;0;0;0;0;0;0;0;6;0;0;0;0
23/12/2016;18:33:00;344;Acidente sem Vítima;613;BR-040/MG;Norte;Colisão traseira;3;0;0;0;0;0;0;0;0;0;9;0;0;0;0
23/12/2016;18:19:00;339;Acidente com Vítima;36,5;BR-040/GO;Sul;Capotamento;1;0;0;0;0;0;0;0;0;0;1;0;1;0;0
23/12/2016;18:08:00;335;Acidente sem Vítima;510,1;BR-040/MG;Norte;Colisão traseira;4;0;0;0;0;0;0;0;0;0;4;0;0;0;0
23/12/2016;17:41:00;324;Atropelamento sem Morte;612,1;BR-040/MG;Norte;Atropelamento de ciclista;1;0;0;0;0;0;0;0;0;0;1;0;0;0;0
23/12/2016;17:32:00;317;Acidente sem Vítima;462,5;BR-040/MG;Norte;Colisão traseira;2;0;0;0;0;0;0;0;0;0;3;0;0;0;0
23/12/2016;16:43:00;288;Acidente sem Vítima;3,5;BR-040/GO;Norte;Colisão traseira;2;0;0;1;0;0;0;0;0;0;3;0;0;0;0
23/12/2016;16:07:00;272;Acidente sem Vítima;560,1;BR-040/MG;Norte;Colisão traseira;1;0;0;1;1;0;0;0;0;0;3;0;0;0;0
23/12/2016;14:54:00;242;Acidente com Vítima;490,001;BR-040/MG;Sul;Colisão traseira;2;0;1;0;0;0;0;0;0;0;9;2;0;0;0
23/12/2016;14:53:00;241;Acidente sem Vítima;2,9;BR-040/GO;Sul;Colisão traseira;1;0;0;0;1;0;0;0;0;0;2;0;0;0;0
23/12/2016;13:50:00;213;Atropelamento sem Morte;618,1;BR-040/MG;Sul;Atropelamento de pedestre caminhando;1;0;0;0;0;0;0;0;0;0;2;0;0;0;0
23/12/2016;12:10:00;184;Acidente sem Vítima;172;BR-040/MG;Sul;Colisão traseira;2;0;0;0;0;0;0;0;0;0;2;0;0;0;0
23/12/2016;11:37:00;170;Acidente sem Vítima;2,8;BR-040/GO;Sul;Abalroamento longitudinal;1;0;1;0;0;0;0;0;0;0;2;0;0;0;0
23/12/2016;11:37:00;171;Acidente com Vítima;469,45;BR-040/MG;Sul;Abalroamento longitudinal;2;0;0;0;0;0;0;0;0;0;1;1;1;0;0
23/12/2016;10:51:00;152;Acidente sem Vítima;4;BR-040/GO;Norte;Colisão traseira;2;0;0;0;0;0;0;0;0;0;2;0;0;0;0
23/12/2016;10:32:00;145;Acidente sem Vítima;0;Fora_Rota;Norte;Queda de Carga;0;0;0;0;0;0;0;0;0;0;0;0;0;0;0
23/12/2016;08:00:00;102;Acidente com Morte;263,8;BR-040/MG;Sul;Colisão frontal;2;0;0;0;0;0;0;0;0;0;0;0;1;1;1
23/12/2016;07:12:00;79;Acidente com Vítima;0,5;BR-040/DF;Norte;Outros;0;0;0;1;0;0;0;0;0;0;0;0;0;0;0
23/12/2016;06:05:00;64;Acidente com Vítima;74,36;BR-040/GO;Sul;Choque com objeto fixo;0;0;1;0;0;0;0;0;0;0;0;1;0;0;0
23/12/2016;04:56:00;56;Acidente sem Vítima;565,9;BR-040/MG;Sul;Colisão frontal;0;0;2;0;0;0;0;0;0;0;2;0;0;0;0
23/12/2016;04:26:00;50;Atropelamento sem Morte;534,05;BR-040/MG;Norte;Atropelamento de pedestre caminhando;1;0;0;0;0;0;0;0;0;0;1;0;0;1;0
24/12/2016;19:37:00;389;Acidente com Vítima;475,37;BR-040/MG;Norte;Outros;0;0;0;1;0;0;0;0;0;0;0;2;0;0;0
24/12/2016;18:20:00;371;Acidente com Vítima;735;BR-040/MG;Sul;Capotamento;1;0;0;0;0;0;0;0;0;0;1;1;0;0;0
24/12/2016;16:59:00;349;Acidente com Vítima;696,794;BR-040/MG;Sul;Outros;0;0;0;1;0;0;0;0;0;0;0;0;2;0;0
24/12/2016;16:16:00;337;Acidente com Vítima;525;BR-040/MG;Sul;Outros;1;0;0;0;0;0;0;0;0;0;1;1;0;0;0
24/12/2016;16:09:00;335;Acidente com Vítima;4,8;BR-040/GO;Sul;Colisão traseira;3;0;0;0;0;0;0;0;0;0;5;2;0;0;0
24/12/2016;16:08:00;334;Acidente sem Vítima;1,8;BR-040/DF;Norte;Capotamento;1;0;0;0;0;0;0;0;0;0;2;0;0;0;0
24/12/2016;15:40:00;318;Acidente sem Vítima;767;BR-040/MG;Norte;Abalroamento longitudinal;2;0;0;0;0;0;0;0;0;0;6;0;0;0;0
24/12/2016;14:33:00;296;Acidente sem Vítima;526;BR-040/MG;Norte;Outros;0;0;0;1;0;0;0;0;0;0;2;0;0;0;0
24/12/2016;12:49:00;270;Acidente sem Vítima;509,7;BR-040/MG;Norte;Colisão traseira;2;0;0;0;0;0;0;0;0;0;4;0;0;0;0
24/12/2016;12:17:00;261;Acidente sem Vítima;509;BR-040/MG;Norte;Colisão traseira;3;0;0;0;0;0;0;0;0;0;6;0;0;0;0
24/12/2016;11:06:00;236;Acidente sem Vítima;1,8;BR-040/GO;Sul;Colisão traseira;4;0;0;0;0;0;0;0;0;0;10;0;0;0;0
24/12/2016;10:56:00;233;Acidente com Morte;657,1;BR-040/MG;Sul;Capotamento;1;0;0;0;0;0;0;0;0;0;0;0;1;2;1
24/12/2016;10:08:00;213;Acidente sem Vítima;511,9;BR-040/MG;Sul;Choque com objeto fixo;1;0;0;0;0;0;0;0;0;0;1;0;0;0;0
24/12/2016;10:05:00;212;Acidente sem Vítima;535;BR-040/MG;Norte;Colisão traseira;1;0;1;0;0;0;0;0;0;0;2;0;0;0;0
24/12/2016;09:23:00;193;Acidente sem Vítima;59,539;BR-040/GO;Sul;Colisão traseira;2;0;0;0;0;0;0;0;0;0;5;0;0;0;0
24/12/2016;09:13:00;187;Acidente com Vítima;527,001;BR-040/MG;Norte;Outros;0;0;0;1;0;0;0;0;0;0;1;1;0;0;0
24/12/2016;08:41:00;175;Acidente sem Vítima;537;BR-040/MG;Norte;Outros;0;0;0;1;0;0;0;0;0;0;2;0;0;0;0
24/12/2016;08:41:00;176;Acidente sem Vítima;328;BR-040/MG;Norte;Colisão traseira;2;0;0;0;0;0;0;0;0;0;2;0;0;0;0
24/12/2016;08:09:00;159;Acidente com Vítima;534,35;BR-040/MG;Norte;Colisão traseira;2;0;0;3;0;0;0;0;0;0;7;3;0;0;0
24/12/2016;07:21:00;147;Acidente sem Vítima;25,002;BR-040/GO;Sul;Abalroamento longitudinal;1;0;0;0;1;0;0;0;0;0;4;0;0;0;0
24/12/2016;02:51:00;84;Acidente sem Vítima;548,5;BR-040/MG;Sul;Colisão traseira;2;0;0;0;0;0;0;0;0;0;2;0;0;0;0
24/12/2016;02:45:00;80;Acidente com Vítima;508,8;BR-040/MG;Norte;Colisão traseira;2;0;0;0;0;0;0;0;0;0;2;1;0;0;0
24/12/2016;00:32:00;13;Acidente com Vítima;473,17;BR-040/MG;Norte;Capotamento;1;0;0;0;0;0;0;0;0;0;1;3;0;0;0
24/12/2016;00:02:00;2;Acidente sem Vítima;598,025;BR-040/MG;Sul;Capotamento;1;0;0;0;0;0;0;0;0;0;1;0;0;0;0
25/12/2016;21:03:00;298;Acidente sem Vítima;513,3;BR-040/MG;Sul;Abalroamento longitudinal;2;0;0;0;0;0;0;0;0;0;5;0;0;0;0
25/12/2016;20:48:00;292;Acidente sem Vítima;527,5;BR-040/MG;Sul;Choque com objeto fixo;1;0;0;0;0;0;0;0;0;0;1;0;0;0;0
25/12/2016;20:29:00;282;Acidente sem Vítima;528,5;BR-040/MG;Norte;Choque com objeto fixo;0;0;0;0;0;0;0;0;0;1;3;0;0;0;0
25/12/2016;19:54:00;266;Acidente sem Vítima;509,5;BR-040/MG;Norte;Outros;0;0;0;1;0;0;0;0;0;0;2;0;0;0;0
25/12/2016;19:51:00;264;Acidente sem Vítima;517,5;BR-040/MG;Sul;Abalroamento longitudinal;2;0;0;0;0;0;0;0;0;0;2;0;0;0;0
25/12/2016;19:35:00;258;Acidente sem Vítima;617,06;BR-040/MG;Sul;Choque com objeto fixo;1;0;0;0;0;0;0;0;0;0;2;0;0;0;0
25/12/2016;19:33:00;253;Acidente sem Vítima;516,3;BR-040/MG;Norte;Outros;0;0;0;1;0;0;0;0;0;0;2;0;0;0;0
25/12/2016;19:15:00;242;Acidente com Vítima;462,7;BR-040/MG;Sul;Capotamento;1;0;0;0;0;0;0;0;0;0;0;2;3;0;0
25/12/2016;19:09:00;238;Acidente sem Vítima;462,5;BR-040/MG;Sul;Outros;1;0;0;0;0;0;0;0;0;0;5;0;0;0;0
25/12/2016;18:59:00;234;Acidente sem Vítima;460;BR-040/MG;Sul;Capotamento;1;0;0;0;0;0;0;0;0;0;1;0;0;0;0
25/12/2016;18:28:00;226;Acidente com Vítima;520;BR-040/MG;Sul;Colisão traseira;2;0;0;0;0;0;0;0;0;0;2;0;0;0;0
25/12/2016;18:23:00;223;Acidente sem Vítima;513,5;BR-040/MG;Sul;Choque com objeto fixo;1;0;0;0;0;0;0;0;0;0;1;0;0;0;0
25/12/2016;17:39:00;206;Acidente com Vítima;24,5;BR-040/GO;Sul;Colisão frontal;2;0;0;0;0;0;0;0;0;0;1;0;0;0;0
25/12/2016;17:37:00;204;Acidente com Vítima;506,1;BR-040/MG;Sul;Colisão traseira;1;0;0;0;0;1;0;0;0;0;2;1;1;0;0
25/12/2016;17:27:00;203;Acidente sem Vítima;510,1;BR-040/MG;Norte;Colisão traseira;1;0;0;0;0;1;0;0;0;0;3;0;0;0;0
25/12/2016;17:15:00;198;Acidente sem Vítima;566,5;BR-040/MG;Sul;Choque com objeto fixo;1;0;0;0;0;0;0;0;0;0;2;0;0;0;0
25/12/2016;17:10:00;197;Acidente sem Vítima;510,1;BR-040/MG;Sul;Colisão traseira;2;0;0;0;0;0;0;0;0;0;2;0;0;0;0
25/12/2016;16:58:00;192;Acidente com Vítima;526,1;BR-040/MG;Sul;Outros;0;0;0;1;0;0;0;0;0;0;0;1;0;0;0
25/12/2016;16:51:00;188;Acidente com Vítima;638,2;BR-040/MG;Norte;Abalroamento longitudinal;1;0;0;1;0;0;0;0;0;0;1;1;1;0;0
25/12/2016;16:40:00;183;Acidente com Vítima;13,3;BR-040/GO;Norte;Capotamento;1;0;0;0;0;0;0;0;0;0;1;0;0;0;0
25/12/2016;16:04:00;168;Acidente com Vítima;638,2;BR-040/MG;Norte;Colisão traseira;2;0;0;0;0;0;0;0;0;0;2;1;0;0;0
25/12/2016;15:48:00;163;Acidente sem Vítima;638,2;BR-040/MG;Norte;Capotamento;1;0;0;0;0;0;0;0;0;0;2;0;0;0;0
25/12/2016;15:30:00;157;Acidente com Vítima;7,8;BR-040/GO;Norte;Capotamento;2;0;0;0;0;0;0;0;0;0;2;0;1;0;0
25/12/2016;15:28:00;155;Acidente sem Vítima;716,1;BR-040/MG;Norte;Choque em defensa;1;0;0;0;0;0;0;0;0;0;5;0;0;0;0
25/12/2016;14:23:00;139;Acidente sem Vítima;728,1;BR-040/MG;Sul;Choque com objeto fixo;1;0;0;0;0;0;0;0;0;0;4;0;0;0;0
25/12/2016;14:12:00;134;Atropelamento sem Morte;25,5;BR-040/GO;Norte;Atropelamento de ciclista;1;1;0;0;0;0;0;0;0;0;2;0;0;0;0
25/12/2016;11:27:00;104;Acidente com Vítima;530,7;BR-040/MG;Sul;Choque com objeto fixo;0;0;0;1;0;0;0;0;0;0;0;1;0;0;0
25/12/2016;09:53:00;85;Acidente com Vítima;25,3;BR-040/GO;Norte;Colisão frontal;2;0;0;0;0;0;0;0;0;0;0;1;4;1;0
26/12/2016;18:00:00;266;Acidente com Vítima;5,7;BR-040/GO;Sul;Colisão traseira;1;0;0;1;0;0;0;0;0;0;2;1;0;0;0
26/12/2016;16:52:00;245;Acidente com Vítima;659,3;BR-040/MG;Sul;Choque com objeto fixo;0;0;1;0;0;0;0;0;0;0;0;1;0;0;0
26/12/2016;16:06:00;227;Acidente com Vítima;665,2;BR-040/MG;Sul;Abalroamento transversal;1;0;0;1;0;0;0;0;0;0;1;1;1;0;0
26/12/2016;13:56:00;176;Acidente sem Vítima;43,9;BR-040/MG;Norte;Abalroamento longitudinal;1;0;1;0;0;0;0;0;0;0;2;0;0;0;0
26/12/2016;11:33:00;128;Acidente sem Vítima;498,5;BR-040/MG;Sul;Colisão traseira;2;0;0;0;0;0;0;0;0;0;2;0;0;0;0
26/12/2016;06:20:00;18;Acidente sem Vítima;12,5;BR-040/MG;Norte;Atropelamento de animal;1;0;0;0;0;0;0;0;0;0;3;1;0;0;0
26/12/2016;00:52:00;4;Acidente com Morte;535,3;BR-040/MG;Sul;Capotamento;1;0;0;0;0;0;0;0;0;0;1;0;0;0;1
27/12/2016;21:41:00;381;Acidente com Vítima;490,113;BR-040/MG;Sul;Colisão traseira;1;0;1;0;0;0;0;0;0;0;1;0;0;1;0
27/12/2016;18:36:00;337;Acidente com Vítima;614,5;BR-040/MG;Sul;Abalroamento transversal;2;0;0;0;0;0;0;0;0;0;1;0;0;2;0
27/12/2016;17:04:00;314;Acidente com Vítima;8,8;BR-040/GO;Norte;Choque com objeto fixo;2;0;0;0;0;0;0;0;0;0;2;1;0;0;0