data;horario;n_da_ocorrencia;tipo_de_ocorrencia;km;trecho;sentido;tipo_de_acidente;automovel;bicicleta;caminhao;moto;onibus;outros;tracao_animal;transporte_de_cargas_especiais;trator_maquinas;utilitarios;ilesos;levemente_feridos;moderadamente_feridos;gravemente_feridos;mortos
27/12/2016;16:46:00;308;Acidente sem Vítima;516,011;BR-040/MG;Sul;Abalroamento longitudinal;1;0;1;0;0;0;0;0;0;0;2;0;0;0;0
27/12/2016;16:21:00;294;Acidente sem Vítima;686,14;BR-040/MG;Sul;Colisão traseira;2;0;1;0;0;0;0;0;0;0;3;0;0;0;0
27/12/2016;16:07:00;288;Acidente sem Vítima;576;BR-040/MG;Norte;Colisão frontal;2;0;0;0;0;0;0;0;0;0;2;0;0;0;0
27/12/2016;16:06:00;287;Acidente sem Vítima;716,5;BR-040/MG;Norte;Choque em defensa;0;0;1;0;0;0;0;0;0;0;1;0;0;0;0
27/12/2016;15:43:00;279;Acidente sem Vítima;140,043;BR-040/GO;Norte;Capotamento;1;0;0;0;0;0;0;0;0;0;1;0;0;0;0
27/12/2016;15:38:00;275;Acidente sem Vítima;545;BR-040/MG;Sul;Colisão traseira;1;0;1;0;0;0;0;0;0;0;5;0;0;0;0
27/12/2016;12:53:00;220;Acidente sem Vítima;369;BR-040/MG;Norte;Capotamento;1;0;0;0;0;0;0;0;0;0;3;0;0;0;0
27/12/2016;10:53:00;189;Acidente sem Vítima;502;BR-040/MG;Norte;Outros;0;0;0;1;0;0;0;0;0;0;2;0;0;0;0
27/12/2016;10:48:00;187;Atropelamento sem Morte;524;BR-040/MG;Sul;Atropelamento de pedestre atravessando;1;0;0;0;0;0;0;0;0;0;1;1;0;0;0
27/12/2016;09:29:00;166;Acidente com Vítima;113;BR-040/GO;Sul;Capotamento;1;0;0;0;0;0;0;0;0;0;0;2;0;2;0
27/12/2016;09:13:00;158;Acidente sem Vítima;578;BR-040/MG;Sul;Colisão traseira;1;0;0;0;0;1;0;0;0;0;2;0;0;0;0
27/12/2016;09:00:00;143;Acidente com Vítima;544;BR-040/MG;Sul;Outros;0;0;0;1;0;0;0;0;0;0;0;1;0;0;0
27/12/2016;08:16:00;126;Acidente sem Vítima;598;BR-040/MG;Sul;Abalroamento longitudinal;1;0;1;0;0;1;0;0;0;0;3;0;0;0;0
27/12/2016;08:13:00;123;Acidente sem Vítima;614,5;BR-040/MG;Sul;Colisão traseira;0;0;1;0;0;1;0;0;0;0;2;0;0;0;0
28/12/2016;21:52:00;411;Acidente sem Vítima;529,035;BR-040/MG;Sul;Colisão traseira;2;0;0;0;0;0;0;0;0;0;2;0;0;0;0
28/12/2016;21:21:00;403;Acidente com Morte;190,038;BR-040/MG;Sul;Colisão frontal;1;0;1;0;0;0;0;0;0;0;2;0;0;0;2
28/12/2016;20:50:00;392;Acidente com Vítima;533,4;BR-040/MG;Sul;Colisão traseira;4;0;0;0;0;0;0;0;0;0;7;2;0;0;0
28/12/2016;18:40:00;346;Acidente sem Vítima;512,39;BR-040/MG;Norte;Colisão traseira;2;0;0;0;0;0;0;0;0;0;2;0;0;0;0
28/12/2016;18:28:00;342;Acidente com Vítima;560,5;BR-040/MG;Sul;Colisão traseira;1;0;0;1;0;0;0;0;0;0;1;0;1;0;0
28/12/2016;17:50:00;328;Acidente sem Vítima;527,08;BR-040/MG;Norte;Choque com objeto fixo;1;0;0;0;0;0;0;0;0;0;1;0;0;0;0
28/12/2016;16:05:00;299;Acidente sem Vítima;360,5;BR-040/MG;Sul;Colisão traseira;2;0;0;0;0;0;0;0;0;0;7;0;0;0;0
28/12/2016;15:51:00;294;Acidente com Vítima;3,3;BR-040/GO;Norte;Colisão traseira;0;0;1;1;0;0;0;0;0;0;1;0;1;0;0
28/12/2016;13:49:00;263;Acidente sem Vítima;6,9;BR-040/GO;Norte;Choque com objeto fixo;1;0;0;0;0;0;0;0;0;0;3;0;0;0;0
28/12/2016;09:37:00;193;Acidente com Vítima;6,9;BR-040/GO;Norte;Outros;0;0;0;1;0;0;0;0;0;0;0;1;0;0;0
28/12/2016;07:53:00;152;Acidente com Vítima;3,8;BR-040/GO;Norte;Abalroamento longitudinal;1;0;0;1;0;0;0;0;0;0;1;1;0;0;0
29/12/2016;22:20:00;434;Acidente sem Vítima;703,4;BR-040/MG;Sul;Colisão traseira;3;0;0;0;0;0;0;0;0;0;3;0;0;0;0
29/12/2016;19:09:00;376;Acidente sem Vítima;65,2;BR-040/GO;Sul;Queda de Carga;1;0;0;0;0;0;0;0;0;0;1;0;0;0;0
29/12/2016;18:40:00;363;Acidente com Vítima;457,099;BR-040/MG;Norte;Outros;0;0;0;1;0;0;0;0;0;0;0;1;1;0;0
29/12/2016;18:12:00;348;Acidente com Vítima;533,007;BR-040/MG;Norte;Abalroamento longitudinal;1;0;0;1;0;0;0;0;0;0;3;1;0;0;0
29/12/2016;17:20:00;332;Acidente sem Vítima;49,5;BR-040/MG;Norte;Capotamento;1;0;0;0;0;0;0;0;0;0;2;0;0;0;0
29/12/2016;15:14:00;281;Acidente sem Vítima;145,1;BR-040/MG;Sul;Abalroamento longitudinal;1;0;1;0;0;0;0;0;0;0;2;0;0;0;0
29/12/2016;14:29:00;261;Atropelamento sem Morte;44,5;BR-040/MG;Norte;Atropelamento de ciclista;0;1;0;1;0;0;0;0;0;0;1;0;1;0;0
29/12/2016;13:24:00;238;Acidente com Vítima;524,2;BR-040/MG;Norte;Outros;0;0;0;1;0;0;0;0;0;0;0;0;1;0;0
29/12/2016;12:04:00;217;Acidente sem Vítima;466,3;BR-040/MG;Norte;Abalroamento longitudinal;2;0;0;0;0;0;0;0;0;0;2;0;0;0;0
29/12/2016;10:10:00;186;Acidente sem Vítima;463,915;BR-040/MG;Norte;Colisão traseira;0;0;2;0;0;0;0;0;0;0;2;0;0;0;0
29/12/2016;08:40:00;158;Acidente sem Vítima;736,1;BR-040/MG;Sul;Colisão traseira;3;0;0;0;0;0;0;0;0;0;8;0;0;0;0
29/12/2016;07:44:00;141;Acidente com Vítima;5,05;BR-040/GO;Norte;Outros;1;0;0;1;0;0;0;0;0;0;1;0;1;0;0
29/12/2016;06:58:00;127;Acidente com Vítima;441,1;BR-040/MG;Norte;Capotamento;1;0;0;0;0;0;0;0;0;0;2;1;0;0;0
29/12/2016;06:55:00;124;Acidente com Vítima;673,1;BR-040/MG;Sul;Colisão traseira;1;0;0;1;0;0;0;0;0;0;1;0;1;0;0
29/12/2016;04:31:00;100;Acidente sem Vítima;553,5;BR-040/MG;Sul;Abalroamento longitudinal;2;0;0;0;0;0;0;0;0;0;3;0;0;0;0
29/12/2016;00:14:00;5;Acidente sem Vítima;2,4;BR-040/GO;Sul;Colisão traseira;2;0;0;0;0;0;0;0;0;0;2;0;0;0;0
30/12/2016;19:28:00;390;Acidente sem Vítima;566,9;BR-040/MG;Norte;Capotamento;0;0;1;0;0;0;0;0;0;0;1;0;0;0;0
30/12/2016;18:06:00;354;Acidente com Vítima;632,2;BR-040/MG;Sul;Choque com objeto fixo;1;0;0;0;0;0;0;0;0;0;0;0;1;0;0
30/12/2016;17:58:00;352;Acidente sem Vítima;1;BR-040/GO;Norte;Colisão traseira;1;0;1;0;0;0;0;0;0;0;3;0;0;0;0
30/12/2016;17:47:00;349;Acidente com Vítima;734,7;BR-040/MG;Norte;Capotamento;2;0;0;0;0;0;0;0;0;0;3;1;1;0;0
30/12/2016;17:27:00;342;Acidente sem Vítima;743,1;BR-040/MG;Norte;Choque com objeto fixo;1;0;0;0;0;0;0;0;0;0;1;0;0;0;0
30/12/2016;16:22:00;325;Acidente sem Vítima;668,3;BR-040/MG;Sul;Colisão traseira;0;0;2;0;0;0;0;0;0;0;4;0;0;0;0
30/12/2016;15:09:00;296;Acidente sem Vítima;567,3;BR-040/MG;Sul;Abalroamento longitudinal;2;0;0;0;0;0;0;0;0;0;8;0;0;0;0
30/12/2016;14:22:00;269;Atropelamento com Morte;695,1;BR-040/MG;Sul;Atropelamento de ciclista;0;0;0;0;0;1;0;0;0;0;1;0;0;0;1
30/12/2016;13:44:00;259;Acidente sem Vítima;43,3;BR-040/MG;Sul;Abalroamento transversal;1;0;0;1;0;0;0;0;0;0;2;0;0;0;0
30/12/2016;13:44:00;260;Acidente sem Vítima;1,9;BR-040/DF;Norte;Colisão traseira;2;0;0;0;0;0;0;0;0;0;4;0;0;0;0
30/12/2016;12:43:00;247;Acidente sem Vítima;413,41;BR-040/MG;Sul;Colisão traseira;2;0;0;0;0;0;0;0;0;0;9;0;0;0;0
30/12/2016;12:30:00;243;Acidente com Vítima;520,2;BR-040/MG;Sul;Outros;0;0;0;1;0;0;0;0;0;0;0;1;0;0;0
30/12/2016;12:05:00;238;Acidente com Vítima;741,1;BR-040/MG;Norte;Queda de Carga;0;0;1;0;0;0;0;0;0;0;0;0;1;0;0
30/12/2016;11:37:00;234;Acidente sem Vítima;739,2;BR-040/MG;Sul;Choque com objeto fixo;1;0;0;0;0;0;0;0;0;0;1;0;0;0;0
30/12/2016;11:36:00;233;Acidente com Vítima;515,5;BR-040/MG;Norte;Abalroamento longitudinal;1;0;0;1;0;0;0;0;0;0;1;1;0;0;0
30/12/2016;09:11:00;177;Acidente sem Vítima;550,5;BR-040/MG;Sul;Colisão traseira;0;0;0;2;0;0;0;0;0;0;2;0;0;0;0
30/12/2016;08:46:00;164;Acidente sem Vítima;737,1;BR-040/MG;Sul;Colisão traseira;1;0;1;0;0;0;0;0;0;0;2;0;0;0;0
30/12/2016;08:41:00;161;Acidente sem Vítima;464,8;BR-040/MG;Norte;Capotamento;1;0;0;0;0;0;0;0;0;0;4;0;0;0;0
30/12/2016;08:18:00;152;Acidente com Vítima;632,1;BR-040/MG;Norte;Abalroamento transversal;0;0;1;1;0;0;0;0;0;0;1;0;1;0;0
31/12/2016;22:49:00;252;Acidente sem Vítima;124,7;BR-040/MG;Norte;Atropelamento de animal;1;0;0;0;0;0;0;0;0;0;4;0;0;0;0
31/12/2016;20:42:00;227;Acidente sem Vítima;498,05;BR-040/MG;Sul;Outros;0;0;0;1;0;0;0;0;0;0;1;0;0;0;0
31/12/2016;19:07:00;210;Acidente com Vítima;549,6;BR-040/MG;Norte;Choque com objeto fixo;1;0;0;0;0;0;0;0;0;0;0;2;0;0;0
31/12/2016;16:36:00;171;Acidente sem Vítima;524,76;BR-040/MG;Norte;Abalroamento longitudinal;1;0;0;1;0;0;0;0;0;0;2;0;0;0;0
31/12/2016;15:35:00;153;Acidente com Vítima;27,08;BR-040/GO;Norte;Abalroamento transversal;2;0;0;0;0;0;0;0;0;0;0;1;0;0;0
31/12/2016;12:24:00;105;Acidente sem Vítima;25;BR-040/GO;Sul;Capotamento;1;0;0;0;0;0;0;0;0;0;1;0;0;0;0
31/12/2016;11:24:00;93;Acidente sem Vítima;462,1;BR-040/MG;Norte;Outros;0;0;0;1;0;0;0;0;0;0;1;0;0;0;0
31/12/2016;10:00:00;73;Acidente com Vítima;310,5;BR-040/MG;Sul;Capotamento;1;0;0;0;0;0;0;0;0;0;1;2;2;0;0
31/12/2016;08:02:00;50;Acidente com Vítima;587,5;BR-040/MG;Sul;Outros;0;0;0;1;0;0;0;0;0;0;0;2;0;0;0
31/12/2016;08:02:00;52;Acidente sem Vítima;274,2;BR-040/MG;Sul;Colisão traseira;2;0;0;0;0;0;0;0;0;0;2;0;0;0;0
31/12/2016;07:03:00;42;Acidente com Vítima;523;BR-040/MG;Norte;Colisão traseira;1;0;1;0;0;0;0;0;0;0;2;1;0;0;0
31/12/2016;05:14:00;32;Acidente com Vítima;603,5;BR-040/MG;Norte;Abalroamento transversal;1;0;0;1;0;0;0;0;0;0;1;1;1;0;0
31/12/2016;03:51:00;25;Acidente sem Vítima;7,2;BR-040/GO;Norte;Choque com objeto fixo;1;0;0;0;0;0;0;0;0;0;1;0;0;0;0
01/01/2017;20:51:00;261;Acidente sem Vítima;369,2;BR-040/MG;Sul;Atropelamento de animal;1;0;0;0;0;0;0;0;0;0;4;0;0;0;0
01/01/2017;20:49:00;259;Acidente sem Vítima;510,5;BR-040/MG;Sul;Choque com objeto fixo;1;0;0;0;0;0;0;0;0;0;1;0;0;0;0
01/01/2017;18:45:00;213;Acidente sem Vítima;604,8;BR-040/MG;Norte;Abalroamento longitudinal;2;0;0;0;0;0;0;0;0;0;6;0;0;0;0
01/01/2017;18:21:00;200;Acidente sem Vítima;510;BR-040/MG;Sul;Colisão traseira;2;0;0;0;0;0;0;0;0;0;6;0;0;0;0
01/01/2017;17:44:00;184;Acidente sem Vítima;504,5;BR-040/MG;Sul;Colisão traseira;2;0;0;0;0;0;0;0;0;0;4;0;0;0;0
01/01/2017;17:29:00;178;Acidente com Vítima;530,7;BR-040/MG;Sul;Abalroamento longitudinal;1;0;0;1;0;0;0;0;0;0;1;1;0;0;0
01/01/2017;17:27:00;177;Acidente sem Vítima;498,2;BR-040/MG;Sul;Colisão traseira;1;0;0;0;0;0;0;0;0;1;11;0;0;0;0
01/01/2017;16:13:00;153;Acidente sem Vítima;435,9;BR-040/MG;Norte;Choque com objeto fixo;1;0;0;0;0;0;0;0;0;0;1;0;0;0;0
01/01/2017;13:33:00;103;Acidente sem Vítima;44,001;BR-040/GO;Norte;Outros;1;0;0;0;0;0;0;0;0;0;2;0;0;0;0
01/01/2017;12:35:00;97;Acidente com Vítima;613,5;BR-040/MG;Sul;Outros;0;0;0;1;0;0;0;0;0;0;0;1;0;0;0
01/01/2017;09:20:00;62;Acidente sem Vítima;6,5;BR-040/GO;Norte;Choque em barreira New Jersey;1;0;0;0;0;0;0;0;0;0;1;0;0;0;0
01/01/2017;07:24:00;41;Acidente com Vítima;550,1;BR-040/MG;Norte;Capotamento;1;0;0;0;0;0;0;0;0;0;1;0;1;0;0
01/01/2017;06:25:00;32;Acidente com Vítima;2,8;BR-040/GO;Sul;Abalroamento transversal;1;0;0;1;0;0;0;0;0;0;1;1;0;0;0
01/01/2017;05:12:00;24;Acidente sem Vítima;552;BR-040/MG;Sul;Colisão traseira;4;0;0;0;0;0;0;0;0;0;6;0;0;0;0
01/01/2017;00:50:00;2;Acidente sem Vítima;7,14;BR-040/GO;Sul;Colisão traseira;2;0;0;0;0;0;0;0;0;0;3;0;0;0;0
02/01/2017;20:09:00;324;Acidente sem Vítima;714,5;BR-040/MG;Norte;Colisão traseira;1;0;1;0;0;0;0;0;0;0;5;0;0;0;0
02/01/2017;19:20:00;303;Acidente sem Vítima;545,045;BR-040/MG;Sul;Choque com objeto fixo;1;0;0;0;0;0;0;0;0;0;1;0;0;0;0
02/01/2017;18:01:00;269;Acidente com Vítima;606,85;BR-040/MG;Sul;Colisão traseira;1;0;1;0;0;0;0;0;0;0;1;2;1;0;0
02/01/2017;16:21:00;233;Acidente com Vítima;463,3;BR-040/MG;Sul;Outros;0;0;0;1;0;0;0;0;0;0;0;1;0;0;0
02/01/2017;15:04:00;202;Acidente sem Vítima;577,4;BR-040/MG;Norte;Colisão traseira;3;0;0;0;0;0;0;0;0;0;3;0;0;0;0
02/01/2017;11:31:00;137;Acidente com Vítima;721,6;BR-040/MG;Norte;Colisão traseira;1;0;0;0;0;1;0;0;0;0;2;1;0;0;0
02/01/2017;10:37:00;119;Acidente sem Vítima;1,9;BR-040/GO;Sul;Colisão traseira;0;0;1;0;1;0;0;0;0;0;41;0;0;0;0
02/01/2017;08:47:00;79;Acidente com Vítima;744,3;BR-040/MG;Sul;Capotamento;1;0;0;0;0;0;0;0;0;0;0;1;1;0;0
02/01/2017;08:12:00;70;Acidente sem Vítima;527,1;BR-040/MG;Norte;Abalroamento longitudinal;1;0;0;0;0;1;0;0;0;0;2;0;0;0;0
02/01/2017;07:41:00;53;Acidente com Vítima;632,5;BR-040/MG;Norte;Abalroamento transversal;0;0;1;1;0;0;0;0;0;0;1;0;1;0;0
02/01/2017;06:33:00;36;Acidente com Vítima;520,1;BR-040/MG;Sul;Abalroamento longitudinal;1;0;1;0;0;0;0;0;0;0;2;0;2;0;0
02/01/2017;00:51:00;8;Acidente sem Vítima;6,5;BR-040/GO;Sul;Choque com objeto fixo;1;0;0;0;0;0;0;0;0;0;1;0;0;0;0
03/01/2017;23:39:00;474;Acidente sem Vítima;448,115;BR-040/MG;Sul;Choque com objeto fixo;1;0;0;0;0;0;0;0;0;0;1;0;0;0;0
03/01/2017;23:10:00;469;Acidente sem Vítima;634,796;BR-040/MG;Sul;Queda de Carga;0;0;1;0;0;0;0;0;0;0;1;0;0;0;0
03/01/2017;18:53:00;401;Acidente sem Vítima;512,2;BR-040/MG;Sul;Colisão traseira;2;0;0;0;0;0;0;0;0;0;2;0;0;0;0
03/01/2017;14:00:00;283;Acidente sem Vítima;578,2;BR-040/MG;Sul;Choque em barreira New Jersey;1;0;0;0;0;0;0;0;0;0;5;0;0;0;0
03/01/2017;13:24:00;267;Acidente sem Vítima;656,1;BR-040/MG;Norte;Colisão traseira;2;0;1;0;0;0;0;0;0;0;3;0;0;0;0
03/01/2017;13:02:00;261;Acidente sem Vítima;5,5;BR-040/DF;Sul;Abalroamento transversal;0;0;0;2;0;0;0;0;0;0;2;0;0;0;0
03/01/2017;12:39:00;253;Acidente com Vítima;503,4;BR-040/MG;Norte;Outros;0;0;0;1;0;0;0;0;0;0;1;0;1;0;0
03/01/2017;11:19:00;224;Acidente com Vítima;1,6;BR-040/GO;Norte;Abalroamento longitudinal;1;0;0;1;0;0;0;0;0;0;1;1;0;0;0
03/01/2017;10:26:00;207;Acidente sem Vítima;400,1;BR-040/MG;Sul;Atropelamento de animal;1;0;0;0;0;0;0;0;0;0;2;0;0;0;0
03/01/2017;10:05:00;201;Acidente sem Vítima;2,9;BR-040/GO;Sul;Colisão traseira;2;0;0;0;0;0;0;0;0;0;2;0;0;0;0
03/01/2017;09:22:00;187;Acidente sem Vítima;3,5;BR-040/DF;Sul;Choque em barreira New Jersey;1;0;0;0;0;0;0;0;0;0;1;0;0;0;0
03/01/2017;08:17:00;164;Acidente com Vítima;485,15;BR-040/MG;Sul;Abalroamento transversal;1;0;0;1;0;0;0;0;0;0;4;0;0;1;0
03/01/2017;07:36:00;149;Acidente com Vítima;1,3;BR-040/GO;Norte;Colisão traseira;1;0;0;1;0;0;0;0;0;0;1;1;0;0;0
03/01/2017;07:08:00;138;Acidente sem Vítima;5,2;BR-040/DF;Norte;Colisão traseira;1;0;0;1;0;0;0;0;0;0;2;0;0;0;0
03/01/2017;04:32:00;119;Acidente sem Vítima;1,3;BR-040/GO;Norte;Choque com objeto fixo;1;0;0;0;0;0;0;0;0;0;4;0;0;0;0
03/01/2017;01:09:00;46;Acidente sem Vítima;513,5;BR-040/MG;Norte;Choque com objeto fixo;1;0;0;0;0;0;0;0;0;0;1;0;0;0;0
03/01/2017;00:55:00;23;Acidente sem Vítima;507,5;BR-040/MG;Norte;Choque com objeto fixo;1;0;0;0;0;0;0;0;0;0;1;0;0;0;0
04/01/2017;20:22:00;372;Acidente sem Vítima;88,074;BR-040/GO;Norte;Capotamento;2;0;0;0;0;0;0;0;0;0;2;0;0;0;0
04/01/2017;20:08:00;367;Acidente sem Vítima;531,45;BR-040/MG;Sul;Capotamento;1;0;0;0;0;0;0;0;0;0;2;0;0;0;0
04/01/2017;16:25:00;318;Acidente com Vítima;628,11;BR-040/MG;Sul;Outros;0;0;0;1;0;0;0;0;0;0;0;1;0;0;0
04/01/2017;16:01:00;308;Acidente com Vítima;654,4;BR-040/MG;Norte;Outros;1;0;0;0;0;0;0;0;0;0;1;0;1;0;0
04/01/2017;15:51:00;303;Acidente com Vítima;657,5;BR-040/MG;Norte;Capotamento;1;0;0;0;0;0;0;0;0;0;0;0;0;0;0
04/01/2017;15:32:00;297;Acidente com Vítima;476;BR-040/MG;Norte;Abalroamento longitudinal;2;0;0;0;0;0;0;0;0;0;3;1;0;0;0
04/01/2017;14:54:00;283;Acidente sem Vítima;593,546;BR-040/MG;Norte;Choque em barreira New Jersey;1;0;0;0;0;0;0;0;0;0;1;0;0;0;0
04/01/2017;14:46:00;280;Atropelamento sem Morte;526,5;BR-040/MG;Norte;Atropelamento de pedestre atravessando;0;0;1;0;0;0;0;0;0;0;1;0;0;1;0
04/01/2017;11:41:00;225;Acidente sem Vítima;2;BR-040/GO;Norte;Colisão traseira;2;0;0;0;0;0;0;0;0;0;6;0;0;0;0
04/01/2017;11:35:00;221;Acidente com Vítima;7,9;BR-040/GO;Sul;Colisão traseira;1;0;0;1;0;0;0;0;0;0;1;0;0;0;0
04/01/2017;11:08:00;208;Acidente com Vítima;675,6;BR-040/MG;Norte;Abalroamento longitudinal;2;0;0;0;0;0;0;0;0;0;3;1;0;0;0
04/01/2017;07:05:00;105;Acidente com Vítima;746,244;BR-040/MG;Norte;Queda de Carga;0;0;1;0;0;0;0;0;0;0;1;1;0;0;0
04/01/2017;06:41:00;98;Acidente com Vítima;6,9;BR-040/GO;Sul;Colisão traseira;1;0;0;1;0;0;0;0;0;0;1;1;0;0;0
04/01/2017;05:19:00;84;Acidente sem Vítima;527,1;BR-040/MG;Sul;Capotamento;2;0;0;0;0;0;0;0;0;0;2;0;0;0;0
04/01/2017;00:08:00;1;Acidente sem Vítima;717,1;BR-040/MG;Norte;Choque em defensa;1;0;0;0;0;0;0;0;0;0;5;0;0;0;0
05/01/2017;19:11:00;359;Acidente sem Vítima;0,4;BR-040/DF;Sul;Abalroamento longitudinal;1;0;1;0;0;0;0;0;0;0;4;0;0;0;0
05/01/2017;18:19:00;337;Acidente sem Vítima;119,12;BR-040/MG;Sul;Abalroamento longitudinal;2;0;1;0;0;0;0;0;0;0;12;0;0;0;0
05/01/2017;18:17:00;336;Acidente sem Vítima;624,6;BR-040/MG;Sul;Colisão traseira;2;0;0;0;0;0;0;0;0;0;4;0;0;0;0
05/01/2017;17:55:00;329;Acidente sem Vítima;537,04;BR-040/MG;Sul;Outros;1;0;0;1;0;0;0;0;0;0;2;0;0;0;0
05/01/2017;17:27:00;323;Acidente sem Vítima;3;BR-040/GO;Sul;Abalroamento longitudinal;1;0;1;1;0;0;0;0;0;0;3;0;0;0;0
05/01/2017;17:20:00;320;Acidente com Vítima;695,147;BR-040/MG;Sul;Capotamento;1;0;0;0;0;0;0;0;0;0;1;2;0;0;0
05/01/2017;13:52:00;260;Acidente sem Vítima;698;BR-040/MG;Sul;Choque em defensa;1;0;0;0;0;0;0;0;0;0;1;0;0;0;0
05/01/2017;12:19:00;237;Acidente sem Vítima;676,24;BR-040/MG;Sul;Abalroamento longitudinal;0;0;1;1;0;0;0;0;0;0;3;0;0;0;0
05/01/2017;11:16:00;223;Acidente sem Vítima;275;BR-040/MG;Sul;Colisão traseira;1;0;0;1;0;0;0;0;0;0;2;0;0;0;0
05/01/2017;11:11:00;221;Acidente sem Vítima;273,9;BR-040/MG;Sul;Colisão traseira;2;0;0;0;0;0;0;0;0;0;2;0;0;0;0
05/01/2017;08:00:00;159;Acidente com Vítima;517;BR-040/MG;Sul;Abalroamento transversal;1;0;0;1;0;0;0;0;0;0;1;1;0;0;0
05/01/2017;05:31:00;114;Acidente sem Vítima;560,59;BR-040/MG;Sul;Queda de Carga;0;0;1;0;0;0;0;0;0;0;1;0;0;0;0
05/01/2017;04:59:00;109;Acidente com Vítima;664,96;BR-040/MG;Sul;Queda de Carga;0;0;1;0;0;0;0;0;0;0;0;1;0;0;0
06/01/2017;23:56:00;456;Acidente sem Vítima;717,463;BR-040/MG;Sul;Choque com objeto fixo;1;0;0;0;0;0;0;0;0;0;1;0;0;0;0
06/01/2017;23:00:00;448;Acidente sem Vítima;771,001;BR-040/MG;Sul;Queda de Carga;1;0;0;0;0;0;0;0;0;0;4;0;0;0;0
06/01/2017;22:23:00;438;Acidente sem Vítima;139,15;BR-040/MG;Norte;Choque com objeto fixo;1;0;0;0;0;0;0;0;0;0;1;0;0;0;0
06/01/2017;21:17:00;415;Acidente sem Vítima;699,439;BR-040/MG;Norte;Outros;1;0;0;0;0;0;0;0;0;0;1;0;0;0;0
06/01/2017;19:36:00;383;Acidente sem Vítima;682,8;BR-040/MG;Sul;Choque com objeto fixo;1;0;0;0;0;0;0;0;0;0;1;0;0;0;0
06/01/2017;17:08:00;332;Acidente sem Vítima;4,2;BR-040/DF;Sul;Colisão traseira;4;0;0;0;0;0;0;0;0;0;5;0;0;0;0
06/01/2017;16:51:00;328;Acidente com Vítima;143,2;BR-040/MG;Norte;Outros;0;0;0;1;0;0;0;0;0;0;1;2;0;0;0
06/01/2017;16:25:00;322;Atropelamento sem Morte;1,4;BR-040/GO;Sul;Atropelamento de pedestre atravessando;0;0;0;1;0;0;0;0;0;0;1;1;0;0;0
06/01/2017;16:21:00;320;Acidente com Vítima;127,7;BR-040/MG;Norte;Colisão traseira;1;0;1;0;0;0;0;0;0;0;2;0;1;0;0
06/01/2017;15:36:00;305;Acidente com Vítima;757,2;BR-040/MG;Sul;Abalroamento transversal;2;0;0;0;0;0;0;0;0;0;4;0;1;0;0
06/01/2017;15:13:00;298;Acidente com Vítima;770,1;BR-040/MG;Sul;Abalroamento transversal;1;0;1;0;0;0;0;0;0;0;2;2;0;0;0
06/01/2017;15:07:00;295;Acidente sem Vítima;525,1;BR-040/MG;Norte;Choque com objeto fixo;1;0;0;0;0;0;0;0;0;0;14;0;0;0;0
06/01/2017;15:06:00;294;Acidente sem Vítima;732,1;BR-040/MG;Sul;Choque com objeto fixo;1;0;0;0;0;0;0;0;0;0;2;0;0;0;0
06/01/2017;14:51:00;288;Acidente sem Vítima;1,5;BR-040/GO;Norte;Abalroamento longitudinal;1;0;1;0;0;0;0;0;0;0;2;0;0;0;0
06/01/2017;14:33:00;280;Acidente sem Vítima;731,8;BR-040/MG;Sul;Choque em barreira New Jersey;1;0;0;0;0;0;0;0;0;0;2;0;0;0;0
06/01/2017;11:17:00;211;Acidente sem Vítima;426,5;BR-040/MG;Norte;Choque com objeto fixo;1;0;0;0;0;0;0;0;0;0;1;0;0;0;0
06/01/2017;10:43:00;199;Acidente sem Vítima;618,3;BR-040/MG;Norte;Capotamento;1;0;0;0;0;0;0;0;0;0;4;0;0;0;0
06/01/2017;07:38:00;136;Acidente sem Vítima;460,5;BR-040/MG;Sul;Outros;0;0;0;1;0;0;0;0;0;0;1;0;0;0;0
06/01/2017;07:17:00;128;Acidente com Vítima;517,8;BR-040/MG;Sul;Outros;1;0;0;1;0;0;0;0;0;0;1;1;0;0;0
06/01/2017;07:12:00;127;Acidente com Vítima;92,5;BR-040/GO;Norte;Abalroamento transversal;2;0;0;0;0;0;0;0;0;0;5;2;0;0;0
06/01/2017;05:49:00;103;Acidente sem Vítima;329;BR-040/MG;Sul;Atropelamento de animal;1;0;0;0;0;0;0;0;0;0;1;0;0;0;0
06/01/2017;01:58:00;88;Acidente com Vítima;5,5;BR-040/DF;Sul;Atropelamento de animal;0;0;0;1;0;0;0;0;0;0;0;1;0;0;0
07/01/2017;23:18:00;346;Acidente com Vítima;3,3;BR-040/GO;Sul;Abalroamento longitudinal;1;0;0;1;0;0;0;0;0;0;1;1;0;0;0
07/01/2017;23:18:00;347;Acidente sem Vítima;530,3;BR-040/MG;Norte;Capotamento;2;0;0;0;0;0;0;0;0;0;3;0;0;0;0
07/01/2017;21:07:00;310;Acidente com Morte;10,9;BR-040/GO;Sul;Abalroamento transversal;1;0;0;1;0;0;0;0;0;0;1;0;1;0;1
07/01/2017;20:23:00;292;Acidente sem Vítima;621,949;BR-040/MG;Sul;Colisão traseira;1;0;0;1;0;0;0;0;0;0;2;0;0;0;0