data;horario;n_da_ocorrencia;tipo_de_ocorrencia;km;trecho;sentido;tipo_de_acidente;automovel;bicicleta;caminhao;moto;onibus;outros;tracao_animal;transporte_de_cargas_especiais;trator_maquinas;utilitarios;ilesos;levemente_feridos;moderadamente_feridos;gravemente_feridos;mortos
19/01/2017;11:58:00;229;Acidente sem Vítima;599;BR-040/MG;Norte;Colisão traseira;1;0;1;0;0;0;0;0;0;0;3;0;0;0;0
19/01/2017;10:38:00;207;Acidente sem Vítima;557,01;BR-040/MG;Sul;Queda de Carga;1;0;0;0;0;0;0;0;0;0;1;0;0;0;0
19/01/2017;08:35:00;164;Acidente com Vítima;542,15;BR-040/MG;Sul;Abalroamento longitudinal;1;0;0;1;0;0;0;0;0;0;1;1;0;0;0
19/01/2017;07:43:00;149;Acidente sem Vítima;6,25;BR-040/DF;Sul;Abalroamento longitudinal;1;0;0;1;0;0;0;0;0;0;2;0;0;0;0
19/01/2017;07:39:00;146;Acidente sem Vítima;539,15;BR-040/MG;Sul;Colisão traseira;3;0;0;0;0;0;0;0;0;0;3;0;0;0;0
20/01/2017;21:58:00;435;Acidente sem Vítima;669,95;BR-040/MG;Sul;Abalroamento transversal;2;0;0;0;0;0;0;0;0;0;6;0;0;0;0
20/01/2017;21:15:00;419;Acidente com Vítima;439,46;BR-040/MG;Norte;Outros;0;0;0;1;0;1;0;0;0;0;1;1;1;0;0
20/01/2017;20:33:00;405;Acidente sem Vítima;643,2;BR-040/MG;Norte;Choque com objeto fixo;1;0;0;0;0;0;0;0;0;0;4;0;0;0;0
20/01/2017;18:24:00;361;Acidente com Vítima;6,95;BR-040/DF;Sul;Colisão traseira;2;0;0;0;0;0;0;0;0;0;3;1;0;0;0
20/01/2017;18:05:00;351;Acidente com Vítima;16,4;BR-040/GO;Sul;Outros;1;0;0;0;0;0;0;0;0;0;0;1;0;0;0
20/01/2017;17:46:00;347;Atropelamento sem Morte;12,95;BR-040/GO;Sul;Atropelamento de pedestre atravessando;1;0;0;0;0;0;0;0;0;0;1;0;1;0;0
20/01/2017;15:51:00;306;Acidente com Vítima;520;BR-040/MG;Norte;Outros;1;0;0;1;0;0;0;0;0;0;1;1;0;0;0
20/01/2017;15:22:00;295;Acidente sem Vítima;697;BR-040/MG;Sul;Outros;0;0;0;1;0;0;0;0;0;0;1;0;0;0;0
20/01/2017;12:21:00;242;Acidente sem Vítima;25;BR-040/GO;Norte;Capotamento;1;0;0;0;0;0;0;0;0;0;2;0;0;0;0
20/01/2017;11:13:00;221;Acidente sem Vítima;441,8;BR-040/MG;Sul;Capotamento;1;0;0;0;0;0;0;0;0;0;1;0;0;0;0
20/01/2017;09:57:00;181;Acidente sem Vítima;41,6;BR-040/MG;Norte;Outros;0;0;1;0;0;0;0;0;0;0;1;0;0;0;0
20/01/2017;05:30:00;97;Acidente sem Vítima;583,1;BR-040/MG;Sul;Choque em defensa;0;0;0;1;0;0;0;0;0;0;4;0;0;0;0
20/01/2017;05:17:00;95;Acidente com Vítima;146,9;BR-040/MG;Sul;Colisão traseira;2;0;0;0;0;0;0;0;0;0;5;1;0;0;0
20/01/2017;02:49:00;88;Acidente sem Vítima;553,548;BR-040/MG;Norte;Choque com objeto fixo;1;0;0;0;0;0;0;0;0;0;1;0;0;0;0
20/01/2017;00:10:00;11;Acidente com Vítima;660,2;BR-040/MG;Sul;Capotamento;1;0;0;0;0;0;0;0;0;0;3;0;1;0;0
21/01/2017;21:16:00;314;Acidente sem Vítima;1,138;BR-040/DF;Norte;Choque com objeto fixo;1;0;0;0;0;0;0;0;0;0;2;0;0;0;0
21/01/2017;19:08:00;276;Acidente com Vítima;14,8;BR-040/GO;Norte;Capotamento;1;0;0;0;0;0;0;0;0;0;0;0;0;0;0
21/01/2017;13:53:00;202;Acidente sem Vítima;738;BR-040/MG;Sul;Abalroamento transversal;2;0;0;0;0;0;0;0;0;0;2;0;0;0;0
21/01/2017;13:09:00;189;Acidente sem Vítima;2,5;BR-040/GO;Sul;Colisão traseira;2;0;0;0;0;0;0;0;0;0;4;0;0;0;0
21/01/2017;12:53:00;184;Atropelamento sem Morte;533;BR-040/MG;Sul;Atropelamento de ciclista;1;0;0;0;0;0;0;0;0;0;2;0;0;0;0
21/01/2017;10:52:00;151;Acidente sem Vítima;714,001;BR-040/MG;Norte;Colisão traseira;2;0;0;0;0;0;0;0;0;0;7;0;0;0;0
21/01/2017;06:59:00;93;Acidente com Vítima;532,5;BR-040/MG;Sul;Outros;0;0;0;1;0;0;0;0;0;0;0;1;0;0;0
22/01/2017;22:10:00;284;Acidente sem Vítima;6,4;BR-040/GO;Sul;Colisão traseira;3;0;0;0;0;0;0;0;0;0;3;0;0;0;0
22/01/2017;22:01:00;281;Acidente sem Vítima;666,5;BR-040/MG;Norte;Atropelamento de animal;0;0;0;0;0;0;0;0;0;1;18;0;0;0;0
22/01/2017;20:43:00;256;Acidente com Vítima;510,187;BR-040/MG;Sul;Abalroamento longitudinal;1;0;0;1;0;0;0;0;0;0;0;0;0;0;0
22/01/2017;18:31:00;211;Atropelamento sem Morte;12,4;BR-040/GO;Sul;Atropelamento de ciclista;0;1;0;1;0;0;0;0;0;0;1;0;1;0;0
22/01/2017;18:28:00;209;Acidente com Vítima;504,5;BR-040/MG;Sul;Colisão traseira;4;0;0;0;0;0;0;0;0;0;14;0;1;0;0
22/01/2017;18:27:00;207;Acidente sem Vítima;606,5;BR-040/MG;Norte;Choque em defensa;1;0;0;0;0;0;0;0;0;0;1;0;0;0;0
22/01/2017;17:47:00;195;Acidente sem Vítima;504,067;BR-040/MG;Sul;Colisão traseira;2;0;0;0;0;0;0;0;0;0;7;0;0;0;0
22/01/2017;17:18:00;184;Acidente com Vítima;460,5;BR-040/MG;Sul;Capotamento;1;0;0;0;0;0;0;0;0;0;3;0;1;0;0
22/01/2017;17:18:00;185;Acidente sem Vítima;41,25;BR-040/MG;Norte;Colisão traseira;2;0;0;0;0;0;0;0;0;0;4;0;0;0;0
22/01/2017;16:16:00;160;Acidente sem Vítima;518,5;BR-040/MG;Norte;Outros;0;0;0;1;0;0;0;0;0;0;1;0;0;0;0
22/01/2017;16:14:00;159;Acidente com Vítima;30,5;BR-040/MG;Norte;Capotamento;1;0;0;0;0;0;0;0;0;0;0;1;1;0;0
22/01/2017;15:34:00;148;Acidente sem Vítima;644,15;BR-040/MG;Sul;Abalroamento longitudinal;1;0;1;0;0;0;0;0;0;0;2;0;0;0;0
22/01/2017;13:38:00;116;Acidente com Vítima;711,15;BR-040/MG;Sul;Choque em defensa;1;0;0;0;0;0;0;0;0;0;0;1;2;0;0
22/01/2017;13:23:00;110;Acidente com Vítima;509,3;BR-040/MG;Norte;Colisão traseira;1;0;0;1;0;0;0;0;0;0;5;0;1;0;0
22/01/2017;09:10:00;61;Atropelamento sem Morte;649,03;BR-040/MG;Norte;Atropelamento de ciclista;1;0;0;0;0;0;0;0;0;0;2;0;0;0;0
22/01/2017;08:19:00;51;Acidente com Vítima;462,8;BR-040/MG;Norte;Outros;0;0;0;1;0;0;0;0;0;0;1;1;0;0;0
22/01/2017;05:08:00;35;Acidente sem Vítima;627,07;BR-040/MG;Norte;Abalroamento longitudinal;2;0;0;0;0;0;0;0;0;0;6;0;0;0;0
22/01/2017;04:44:00;32;Acidente sem Vítima;153,1;BR-040/MG;Norte;Atropelamento de animal;1;0;0;0;0;0;0;0;0;0;2;0;0;0;0
22/01/2017;03:11:00;23;Acidente sem Vítima;180,7;BR-040/MG;Norte;Atropelamento de animal;1;0;0;0;0;0;0;0;0;0;1;0;0;0;0
22/01/2017;02:51:00;21;Acidente sem Vítima;700,2;BR-040/MG;Sul;Colisão frontal;1;0;1;0;0;0;0;0;0;0;4;0;0;0;0
22/01/2017;02:39:00;19;Acidente sem Vítima;180,7;BR-040/MG;Norte;Atropelamento de animal;1;0;0;0;0;0;0;0;0;0;2;0;0;0;0
23/01/2017;23:01:00;359;Acidente com Vítima;538,015;BR-040/MG;Sul;Colisão traseira;0;0;1;1;0;0;0;0;0;0;2;1;0;0;0
23/01/2017;22:43:00;356;Acidente sem Vítima;16,8;BR-040/MG;Sul;Atropelamento de animal;1;0;0;0;0;0;0;0;0;0;2;0;0;0;0
23/01/2017;18:51:00;303;Acidente sem Vítima;145,04;BR-040/MG;Norte;Abalroamento transversal;2;0;0;0;0;0;0;0;0;0;3;0;0;0;0
23/01/2017;18:37:00;295;Acidente sem Vítima;299,145;BR-040/MG;Sul;Capotamento;1;0;0;0;0;0;0;0;0;0;3;0;0;0;0
23/01/2017;18:10:00;289;Acidente sem Vítima;0,12;BR-040/DF;Norte;Choque com objeto fixo;2;0;0;0;0;0;0;0;0;0;4;0;0;0;0
23/01/2017;17:14:00;270;Acidente sem Vítima;2,255;BR-040/DF;Sul;Colisão traseira;0;0;2;0;0;0;0;0;0;0;3;0;0;0;0
23/01/2017;16:41:00;261;Acidente com Vítima;661,15;BR-040/MG;Sul;Colisão traseira;2;0;0;0;0;0;0;0;0;0;2;2;0;0;0
23/01/2017;11:54:00;198;Acidente sem Vítima;618,5;BR-040/MG;Norte;Choque com objeto fixo;1;0;0;0;0;0;0;0;0;0;1;0;0;0;0
23/01/2017;11:31:00;196;Acidente sem Vítima;26,3;BR-040/GO;Sul;Colisão traseira;1;0;0;1;0;0;0;0;0;0;2;0;0;0;0
23/01/2017;10:05:00;172;Acidente sem Vítima;544,3;BR-040/MG;Norte;Colisão traseira;2;0;0;0;0;0;0;0;0;0;3;0;0;0;0
23/01/2017;07:43:00;133;Acidente com Vítima;5,1;BR-040/DF;Norte;Abalroamento longitudinal;1;0;0;1;0;0;0;0;0;0;2;0;1;0;0
23/01/2017;07:21:00;104;Acidente com Vítima;601,01;BR-040/MG;Sul;Colisão frontal;3;0;1;0;0;0;0;0;0;0;3;4;1;0;0
23/01/2017;06:55:00;92;Acidente sem Vítima;550,85;BR-040/MG;Sul;Colisão traseira;2;0;0;1;0;0;0;0;0;0;3;0;0;0;0
23/01/2017;06:27:00;87;Acidente sem Vítima;550,85;BR-040/MG;Norte;Capotamento;1;0;0;0;0;0;0;0;0;0;1;0;0;0;0
23/01/2017;06:05:00;82;Acidente sem Vítima;707,915;BR-040/MG;Norte;Colisão traseira;2;0;0;0;0;0;0;0;0;0;2;0;0;0;0
24/01/2017;21:07:00;412;Acidente sem Vítima;1,5;BR-040/DF;Sul;Colisão traseira;2;0;0;0;0;0;0;0;0;0;3;0;0;0;0
24/01/2017;21:07:00;425;Acidente sem Vítima;2,1;BR-040/DF;Sul;Colisão traseira;2;0;0;0;0;0;0;0;0;0;2;0;0;0;0
24/01/2017;20:53:00;410;Acidente sem Vítima;370,18;BR-040/MG;Norte;Atropelamento de animal;1;0;0;0;0;0;0;0;0;0;2;0;0;0;0
24/01/2017;19:45:00;386;Acidente com Vítima;4,5;BR-040/DF;Sul;Colisão traseira;1;0;0;1;0;0;0;0;0;0;2;1;0;0;0
24/01/2017;17:54:00;350;Acidente sem Vítima;660;BR-040/MG;Norte;Colisão traseira;2;0;0;0;0;0;0;0;0;0;4;0;0;0;0
24/01/2017;16:30:00;326;Acidente com Vítima;753,028;BR-040/MG;Sul;Choque com objeto fixo;0;0;1;0;0;0;0;0;0;0;0;2;0;0;0
24/01/2017;14:30:00;288;Acidente sem Vítima;464;BR-040/MG;Sul;Capotamento;1;0;0;0;0;0;0;0;0;0;6;0;0;0;0
24/01/2017;13:05:00;258;Acidente com Vítima;315,2;BR-040/MG;Sul;Outros;0;0;0;1;0;0;0;0;0;0;0;0;1;0;0
24/01/2017;09:43:00;183;Acidente sem Vítima;664,5;BR-040/MG;Sul;Choque com objeto fixo;1;0;0;0;0;0;0;0;0;0;1;0;0;0;0
24/01/2017;08:45:00;164;Acidente sem Vítima;520,1;BR-040/MG;Sul;Outros;1;1;0;0;0;0;0;0;0;0;2;0;0;0;0
24/01/2017;08:12:00;155;Acidente com Vítima;543,5;BR-040/MG;Sul;Colisão traseira;3;0;0;0;0;0;0;0;0;0;3;1;0;0;0
24/01/2017;08:02:00;150;Acidente com Vítima;739,5;BR-040/MG;Norte;Queda de Carga;0;0;1;0;0;0;0;0;0;0;2;1;1;0;0
24/01/2017;07:54:00;142;Acidente com Morte;534,637;BR-040/MG;Norte;Capotamento;0;0;0;0;0;0;0;0;0;1;0;0;0;0;1
24/01/2017;07:53:00;140;Acidente sem Vítima;142,5;BR-040/MG;Norte;Abalroamento longitudinal;1;0;0;1;0;0;0;0;0;0;3;0;0;0;0
24/01/2017;07:06:00;117;Atropelamento sem Morte;524,5;BR-040/MG;Sul;Atropelamento de pedestre atravessando;0;0;0;1;0;0;0;0;0;0;1;1;0;0;0
25/01/2017;22:49:00;433;Acidente sem Vítima;5,2;BR-040/GO;Sul;Outros;1;0;0;1;0;0;0;0;0;0;2;0;0;0;0
25/01/2017;22:45:00;430;Acidente com Vítima;126,195;BR-040/MG;Norte;Colisão traseira;1;0;1;0;0;0;0;0;0;0;1;1;0;0;0
25/01/2017;20:52:00;403;Acidente sem Vítima;305,7;BR-040/MG;Norte;Atropelamento de animal;1;0;0;0;0;0;0;0;0;0;1;0;0;0;0
25/01/2017;20:14:00;394;Acidente sem Vítima;0,72;BR-040/DF;Sul;Colisão traseira;2;0;0;0;0;0;0;0;0;0;3;0;0;0;0
25/01/2017;16:48:00;322;Acidente sem Vítima;735;BR-040/MG;Sul;Capotamento;1;0;0;0;0;0;0;0;0;0;1;0;0;0;0
25/01/2017;16:33:00;315;Acidente sem Vítima;746,5;BR-040/MG;Norte;Capotamento;0;0;0;0;0;0;0;0;0;1;1;0;0;0;0
25/01/2017;15:46:00;296;Acidente sem Vítima;94,5;BR-040/GO;Norte;Abalroamento transversal;1;0;1;0;0;0;0;0;0;0;8;0;0;0;0
25/01/2017;14:47:00;284;Acidente com Vítima;527,7;BR-040/MG;Sul;Abalroamento transversal;1;0;0;1;0;0;0;0;0;0;1;0;1;0;0
25/01/2017;14:42:00;280;Acidente com Vítima;517,5;BR-040/MG;Sul;Abalroamento longitudinal;0;0;0;2;0;0;0;0;0;0;2;1;0;0;0
25/01/2017;13:50:00;266;Acidente com Vítima;531,6;BR-040/MG;Sul;Outros;0;0;0;1;0;0;0;0;0;0;0;1;0;0;0
25/01/2017;12:19:00;243;Acidente sem Vítima;750,9;BR-040/MG;Norte;Queda de Carga;0;0;1;0;0;0;0;0;0;0;1;0;0;0;0
25/01/2017;11:08:00;220;Atropelamento com Morte;31,46;BR-040/GO;Norte;Atropelamento de pedestre atravessando;0;0;0;0;0;1;0;0;0;0;1;0;0;0;1
25/01/2017;10:46:00;212;Acidente sem Vítima;487;BR-040/MG;Sul;Capotamento;1;0;0;0;0;0;0;0;0;0;3;0;0;0;0
25/01/2017;09:44:00;188;Acidente sem Vítima;524,4;BR-040/MG;Norte;Outros;1;0;0;0;0;0;0;0;0;0;1;0;0;0;0
25/01/2017;01:41:00;20;Acidente com Vítima;42,8;BR-040/GO;Sul;Outros;1;0;0;0;0;0;0;0;0;0;1;1;0;0;0
25/01/2017;01:06:00;15;Acidente sem Vítima;436,251;BR-040/MG;Norte;Atropelamento de animal;0;0;1;0;0;0;0;0;0;0;1;0;0;0;0
26/01/2017;19:38:00;348;Acidente sem Vítima;127,5;BR-040/MG;Norte;Atropelamento de animal;1;0;0;0;0;0;0;0;0;0;2;0;0;0;0
26/01/2017;17:02:00;284;Acidente com Vítima;497,5;BR-040/MG;Sul;Colisão traseira;1;0;0;0;0;1;0;0;0;0;1;0;1;0;0
26/01/2017;09:14:00;171;Acidente com Vítima;683,1;BR-040/MG;Norte;Colisão traseira;2;0;0;0;0;0;0;0;0;0;2;1;0;0;0
26/01/2017;06:04:00;90;Acidente com Vítima;528,8;BR-040/MG;Sul;Colisão traseira;1;0;0;1;0;0;0;0;0;0;5;0;1;0;0
26/01/2017;01:58:00;35;Acidente sem Vítima;511,045;BR-040/MG;Norte;Choque em barreira New Jersey;1;0;0;0;0;0;0;0;0;0;1;0;0;0;0
26/01/2017;00:40:00;6;Acidente sem Vítima;487,407;BR-040/MG;Norte;Colisão traseira;2;0;0;0;0;0;0;0;0;0;2;0;0;0;0
27/01/2017;23:37:00;436;Acidente sem Vítima;546,47;BR-040/MG;Sul;Choque com objeto fixo;2;0;0;0;0;0;0;0;0;0;2;0;0;0;0
27/01/2017;22:16:00;423;Acidente sem Vítima;487,3;BR-040/MG;Sul;Colisão traseira;2;0;0;0;0;0;0;0;0;0;2;0;0;0;0
27/01/2017;20:42:00;393;Acidente sem Vítima;19,3;BR-040/GO;Sul;Abalroamento transversal;2;0;0;0;0;0;0;0;0;0;3;0;0;0;0
27/01/2017;19:09:00;354;Acidente com Vítima;511,2;BR-040/MG;Norte;Abalroamento longitudinal;0;0;0;2;0;0;0;0;0;0;1;0;1;0;0
27/01/2017;18:27:00;338;Acidente sem Vítima;6,6;BR-040/GO;Sul;Colisão traseira;2;0;0;0;0;0;0;0;0;0;3;0;0;0;0
27/01/2017;17:29:00;316;Acidente sem Vítima;714,8;BR-040/MG;Norte;Abalroamento longitudinal;1;0;1;0;0;0;0;0;0;0;2;0;0;0;0
27/01/2017;17:15:00;310;Acidente com Vítima;533,4;BR-040/MG;Norte;Colisão traseira;1;0;0;1;0;0;0;0;0;0;1;0;1;0;0
27/01/2017;17:02:00;306;Acidente sem Vítima;607,89;BR-040/MG;Norte;Abalroamento longitudinal;2;0;0;0;0;0;0;0;0;0;3;0;0;0;0
27/01/2017;15:54:00;283;Acidente com Vítima;1,6;BR-040/GO;Sul;Abalroamento longitudinal;0;0;1;2;0;0;0;0;0;0;2;1;0;0;0
27/01/2017;14:38:00;256;Acidente sem Vítima;2,4;BR-040/GO;Norte;Colisão traseira;1;0;0;1;0;0;0;0;0;0;3;0;0;0;0
27/01/2017;13:46:00;242;Acidente com Vítima;724,3;BR-040/MG;Norte;Capotamento;1;0;0;0;0;0;0;0;0;0;1;0;1;0;0
27/01/2017;10:13:00;194;Acidente com Vítima;621,8;BR-040/MG;Sul;Colisão traseira;1;0;0;0;0;0;0;0;0;1;2;0;1;0;0
27/01/2017;08:25:00;158;Acidente sem Vítima;664,89;BR-040/MG;Sul;Colisão traseira;3;0;0;0;0;0;0;0;0;0;3;0;0;0;0
27/01/2017;08:14:00;156;Acidente com Vítima;1,8;BR-040/GO;Norte;Colisão traseira;1;0;0;1;0;0;0;0;0;0;1;2;0;0;0
27/01/2017;07:49:00;145;Acidente com Vítima;521,2;BR-040/MG;Norte;Outros;0;0;0;1;0;0;0;0;0;0;0;2;0;0;0
27/01/2017;06:15:00;120;Acidente com Vítima;518,5;BR-040/MG;Sul;Colisão traseira;2;0;0;1;0;0;0;0;0;0;2;1;1;0;0
28/01/2017;20:22:00;302;Acidente com Vítima;563,06;BR-040/MG;Sul;Outros;0;0;0;1;0;0;0;0;0;0;1;0;1;0;0
28/01/2017;19:09:00;288;Acidente sem Vítima;669,706;BR-040/MG;Norte;Colisão traseira;2;0;0;0;0;0;0;0;0;0;8;0;0;0;0
28/01/2017;19:04:00;286;Acidente com Vítima;552,03;BR-040/MG;Sul;Abalroamento transversal;2;0;0;0;0;0;0;0;0;0;4;1;0;0;0
28/01/2017;18:41:00;276;Acidente sem Vítima;546,79;BR-040/MG;Norte;Capotamento;1;0;0;0;0;0;0;0;0;0;1;0;0;0;0
28/01/2017;18:35:00;275;Acidente com Vítima;742,7;BR-040/MG;Norte;Abalroamento longitudinal;1;0;0;1;0;0;0;0;0;0;4;2;0;0;0
28/01/2017;17:33:00;258;Acidente com Vítima;555,18;BR-040/MG;Norte;Capotamento;1;0;0;0;0;0;0;0;0;0;0;2;0;0;0
28/01/2017;17:23:00;255;Acidente sem Vítima;525,167;BR-040/MG;Norte;Colisão traseira;1;0;0;0;1;0;0;0;0;0;37;0;0;0;0
28/01/2017;15:50:00;235;Acidente sem Vítima;508,46;BR-040/MG;Norte;Abalroamento longitudinal;2;0;0;0;0;0;0;0;0;0;7;0;0;0;0
28/01/2017;15:36:00;233;Acidente sem Vítima;594,755;BR-040/MG;Norte;Colisão traseira;2;0;0;0;0;0;0;0;0;0;2;0;0;0;0
28/01/2017;15:29:00;229;Acidente com Vítima;533;BR-040/MG;Sul;Abalroamento longitudinal;1;0;0;1;0;0;0;0;0;0;1;0;1;0;0
28/01/2017;13:04:00;174;Acidente com Vítima;515,081;BR-040/MG;Norte;Colisão traseira;1;0;0;1;0;0;0;0;0;0;1;2;0;0;0
28/01/2017;11:38:00;154;Acidente sem Vítima;1,9;BR-040/GO;Sul;Colisão traseira;3;0;0;1;0;0;0;0;0;0;4;0;0;0;0
28/01/2017;10:32:00;127;Acidente com Vítima;568,14;BR-040/MG;Norte;Abalroamento longitudinal;2;0;1;0;0;0;0;0;0;0;2;0;1;0;0
28/01/2017;01:07:00;13;Acidente com Vítima;7,4;BR-040/DF;Sul;Outros;0;0;0;1;0;1;0;0;0;0;1;0;1;0;0
29/01/2017;21:32:00;300;Acidente sem Vítima;728,755;BR-040/MG;Sul;Capotamento;1;0;0;0;0;0;0;0;0;0;1;0;0;0;0
29/01/2017;19:51:00;267;Acidente sem Vítima;484,06;BR-040/MG;Sul;Choque com objeto fixo;1;0;0;0;0;0;0;0;0;0;2;0;0;0;0
29/01/2017;18:55:00;247;Atropelamento sem Morte;12,9;BR-040/GO;Sul;Atropelamento de ciclista;1;1;0;0;0;0;0;0;0;0;1;0;1;0;0
29/01/2017;17:40:00;212;Acidente sem Vítima;586,5;BR-040/MG;Norte;Colisão traseira;1;0;1;0;0;1;0;0;0;0;4;0;0;0;0
29/01/2017;17:35:00;209;Acidente sem Vítima;508,15;BR-040/MG;Sul;Colisão traseira;3;0;0;0;0;0;0;0;0;0;3;0;0;0;0
29/01/2017;17:13:00;201;Acidente sem Vítima;530,15;BR-040/MG;Sul;Abalroamento longitudinal;2;0;0;0;0;0;0;0;0;0;2;0;0;0;0
29/01/2017;15:40:00;171;Acidente com Vítima;543,22;BR-040/MG;Norte;Colisão traseira;1;0;0;1;0;0;0;0;0;0;1;1;0;0;0
29/01/2017;12:37:00;125;Acidente sem Vítima;140;BR-040/GO;Norte;Abalroamento longitudinal;2;0;0;0;0;0;0;0;0;0;3;0;0;0;0
29/01/2017;12:15:00;120;Acidente sem Vítima;750;BR-040/MG;Norte;Outros;1;0;0;0;0;0;0;0;0;0;2;0;0;0;0
29/01/2017;11:59:00;111;Acidente com Vítima;623,527;BR-040/MG;Norte;Capotamento;1;0;0;0;0;0;0;0;0;0;2;2;1;0;0
29/01/2017;10:12:00;84;Acidente com Vítima;506,05;BR-040/MG;Norte;Abalroamento longitudinal;2;0;0;0;0;0;0;0;0;0;1;1;0;0;0
29/01/2017;03:40:00;28;Acidente sem Vítima;513,7;BR-040/MG;Sul;Choque com objeto fixo;1;0;0;0;0;0;0;0;0;0;1;0;0;0;0
29/01/2017;01:46:00;12;Acidente com Vítima;522,96;BR-040/MG;Sul;Capotamento;1;0;0;0;0;0;0;0;0;0;1;1;0;0;0
30/01/2017;21:38:00;386;Acidente sem Vítima;615,05;BR-040/MG;Sul;Outros;0;0;0;1;0;0;0;0;0;0;1;0;0;0;0
30/01/2017;19:48:00;356;Acidente sem Vítima;258,2;BR-040/MG;Sul;Outros;1;0;1;0;0;0;0;0;0;0;2;0;0;0;0
30/01/2017;16:50:00;303;Acidente com Vítima;1,4;BR-040/GO;Sul;Colisão traseira;1;0;0;1;0;0;0;0;0;0;1;1;0;0;0
30/01/2017;12:47:00;233;Acidente sem Vítima;750,3;BR-040/MG;Sul;Outros;0;0;0;1;0;0;0;0;0;0;1;0;0;0;0
30/01/2017;11:10:00;200;Acidente sem Vítima;670,92;BR-040/MG;Sul;Choque com objeto fixo;0;0;1;0;0;0;0;0;0;0;1;0;0;0;0
30/01/2017;08:46:00;159;Acidente sem Vítima;2,4;BR-040/DF;Norte;Choque com objeto fixo;1;0;0;0;0;0;0;0;0;0;1;0;0;0;0
30/01/2017;06:58:00;108;Acidente sem Vítima;523,1;BR-040/MG;Sul;Colisão traseira;1;0;0;1;0;0;0;0;0;0;2;0;0;0;0
31/01/2017;21:13:00;365;Acidente com Vítima;48,8;BR-040/MG;Norte;Atropelamento de animal;1;0;0;0;0;0;0;0;0;0;3;1;0;0;0
31/01/2017;18:36:00;302;Acidente com Vítima;536,2;BR-040/MG;Norte;Abalroamento longitudinal;1;0;0;1;0;0;0;0;0;0;2;0;2;0;0
31/01/2017;15:48:00;265;Atropelamento sem Morte;13,48;BR-040/GO;Sul;Atropelamento de ciclista;1;0;0;0;0;0;0;0;0;0;4;0;1;0;0
31/01/2017;14:18:00;248;Acidente sem Vítima;563,8;BR-040/MG;Sul;Queda de Carga;0;0;1;0;0;0;0;0;0;0;1;0;0;0;0
31/01/2017;10:10:00;178;Acidente com Vítima;530,15;BR-040/MG;Norte;Outros;0;0;0;1;0;0;0;0;0;0;0;1;0;0;0
28/02/2017;22:59:00;359;Acidente com Vítima;565;BR-040/MG;Norte;Abalroamento transversal;2;0;0;0;0;0;0;0;0;0;0;2;1;0;0
28/02/2017;20:37:00;322;Acidente com Vítima;15,426;BR-040/GO;Norte;Colisão traseira;1;0;1;0;0;0;0;0;0;0;1;1;0;0;0
28/02/2017;19:04:00;287;Acidente sem Vítima;495,1;BR-040/MG;Sul;Colisão traseira;4;0;0;0;0;0;0;0;0;0;15;0;0;0;0
28/02/2017;17:58:00;257;Acidente sem Vítima;764,5;BR-040/MG;Sul;Abalroamento longitudinal;2;0;0;0;0;0;0;0;0;0;8;0;0;0;0
28/02/2017;16:16:00;210;Acidente com Vítima;656,85;BR-040/MG;Norte;Choque com objeto fixo;1;0;0;0;0;0;0;0;0;0;2;2;0;0;0
28/02/2017;06:52:00;63;Acidente sem Vítima;438,9;BR-040/MG;Sul;Choque com objeto fixo;1;0;0;0;0;0;0;0;0;0;1;0;0;0;0
28/02/2017;05:46:00;55;Acidente sem Vítima;647,15;BR-040/MG;Sul;Choque com objeto fixo;1;0;0;0;0;0;0;0;0;0;1;0;0;0;0
28/02/2017;05:22:00;52;Acidente sem Vítima;465;BR-040/MG;Sul;Choque com objeto fixo;1;0;0;0;0;0;0;0;0;0;2;0;0;0;0
28/02/2017;05:06:00;51;Acidente sem Vítima;357,824;BR-040/MG;Norte;Abalroamento longitudinal;1;0;1;0;0;0;0;0;0;0;2;0;0;0;0
28/02/2017;01:42:00;40;Acidente com Vítima;619,8;BR-040/MG;Sul;Choque com objeto fixo;1;0;0;0;0;0;0;0;0;0;0;2;0;0;0
28/02/2017;00:32:00;32;Atropelamento sem Morte;525,3;BR-040/MG;Norte;Atropelamento de pedestre atravessando;0;0;0;0;0;0;0;0;0;0;0;0;0;1;0
27/02/2017;22:02:00;327;Acidente sem Vítima;1,8;BR-040/DF;Norte;Choque com objeto fixo;1;0;0;0;0;0;0;0;0;0;1;0;0;0;0
27/02/2017;21:13:00;320;Acidente sem Vítima;501,1;BR-040/MG;Sul;Outros;0;0;0;1;0;0;0;0;0;0;1;0;0;0;0
27/02/2017;20:48:00;309;Acidente sem Vítima;449,1;BR-040/MG;Sul;Colisão traseira;0;0;1;0;0;1;0;0;0;0;2;0;0;0;0
27/02/2017;19:21:00;294;Acidente com Vítima;449,1;BR-040/MG;Sul;Choque com objeto fixo;1;0;0;0;0;0;0;0;0;0;0;1;3;0;0
27/02/2017;18:29:00;274;Acidente sem Vítima;614,5;BR-040/MG;Sul;Choque em defensa;1;0;0;0;0;0;0;0;0;0;1;0;0;0;0