data;horario;n_da_ocorrencia;tipo_de_ocorrencia;km;trecho;sentido;tipo_de_acidente;automovel;bicicleta;caminhao;moto;onibus;outros;tracao_animal;transporte_de_cargas_especiais;trator_maquinas;utilitarios;ilesos;levemente_feridos;moderadamente_feridos;gravemente_feridos;mortos
27/02/2017;17:33:00;258;Acidente sem Vítima;461,4;BR-040/MG;Norte;Colisão traseira;4;0;0;0;0;0;0;0;0;0;6;0;0;0;0
27/02/2017;17:08:00;250;Acidente sem Vítima;7,001;BR-040/GO;Norte;Outros;0;0;0;1;0;0;0;0;0;0;1;0;0;0;0
27/02/2017;17:06:00;249;Acidente com Vítima;562,2;BR-040/MG;Norte;Colisão traseira;3;0;0;1;0;0;0;0;0;0;3;1;1;1;0
27/02/2017;16:40:00;236;Acidente sem Vítima;462,6;BR-040/MG;Sul;Choque em defensa;0;0;1;0;0;0;0;0;0;0;1;0;0;0;0
27/02/2017;16:32:00;232;Acidente sem Vítima;464,2;BR-040/MG;Sul;Queda de Carga;1;0;0;0;0;0;0;0;0;0;1;0;0;0;0
27/02/2017;15:47:00;221;Acidente sem Vítima;277,1;BR-040/MG;Norte;Capotamento;1;0;0;0;0;0;0;0;0;0;2;0;0;0;0
27/02/2017;14:40:00;204;Acidente com Vítima;7,1;BR-040/GO;Norte;Colisão traseira;1;0;0;1;0;0;0;0;0;0;2;0;0;0;0
27/02/2017;14:12:00;199;Acidente com Vítima;614,4;BR-040/MG;Sul;Abalroamento longitudinal;2;0;0;0;0;0;0;0;0;0;1;1;1;0;0
27/02/2017;13:27:00;185;Acidente sem Vítima;332,3;BR-040/MG;Sul;Capotamento;1;0;0;0;0;0;0;0;0;0;2;0;0;0;0
27/02/2017;11:52:00;159;Acidente sem Vítima;525,1;BR-040/MG;Sul;Choque com objeto fixo;1;0;0;0;0;0;0;0;0;0;2;0;0;0;0
27/02/2017;11:15:00;150;Acidente com Vítima;11,9;BR-040/GO;Sul;Abalroamento longitudinal;1;0;0;1;0;0;0;0;0;0;1;0;1;0;0
27/02/2017;06:01:00;28;Acidente sem Vítima;734,7;BR-040/MG;Sul;Choque com objeto fixo;1;0;0;0;0;0;0;0;0;0;5;0;0;0;0
27/02/2017;01:16:00;12;Acidente com Vítima;573,8;BR-040/MG;Sul;Colisão traseira;1;0;0;1;0;0;0;0;0;0;1;1;0;0;0
26/02/2017;23:27:00;284;Acidente sem Vítima;557,4;BR-040/MG;Sul;Choque em barreira New Jersey;1;0;0;0;0;0;0;0;0;0;4;0;0;0;0
26/02/2017;21:47:00;274;Acidente sem Vítima;512,01;BR-040/MG;Norte;Colisão traseira;2;0;0;0;0;0;0;0;0;0;6;0;0;0;0
26/02/2017;20:32:00;258;Acidente sem Vítima;667,66;BR-040/MG;Sul;Choque em defensa;1;0;0;0;0;0;0;0;0;0;1;0;0;0;0
26/02/2017;18:42:00;226;Acidente com Vítima;692,3;BR-040/MG;Sul;Capotamento;1;0;0;0;0;0;0;0;0;0;37;0;1;1;0
26/02/2017;18:18:00;216;Acidente sem Vítima;558,01;BR-040/MG;Norte;Choque em defensa;1;0;0;0;0;0;0;0;0;0;2;0;0;0;0
26/02/2017;18:13:00;212;Acidente com Vítima;113,116;BR-040/GO;Norte;Capotamento;1;0;0;0;0;0;0;0;0;0;0;1;0;0;0
26/02/2017;17:57:00;208;Acidente sem Vítima;546,62;BR-040/MG;Sul;Choque em barreira New Jersey;1;0;0;0;0;0;0;0;0;0;1;0;0;0;0
26/02/2017;17:11:00;196;Acidente sem Vítima;449,436;BR-040/MG;Norte;Choque em defensa;1;0;0;0;0;0;0;0;0;0;5;0;0;0;0
26/02/2017;17:08:00;197;Acidente sem Vítima;86,8;BR-040/GO;Norte;Capotamento;1;0;0;0;0;0;0;0;0;0;4;0;0;0;0
26/02/2017;16:55:00;193;Acidente com Vítima;694,9;BR-040/MG;Sul;Choque com objeto fixo;1;0;0;0;0;0;0;0;0;0;0;0;1;0;0
26/02/2017;16:15:00;186;Acidente sem Vítima;528;BR-040/MG;Norte;Colisão traseira;3;0;0;0;0;0;0;0;0;0;3;0;0;0;0
26/02/2017;15:58:00;184;Acidente com Vítima;516;BR-040/MG;Sul;Outros;0;0;0;1;0;0;0;0;0;0;1;0;1;0;0
26/02/2017;14:42:00;165;Acidente sem Vítima;462;BR-040/MG;Sul;Abalroamento longitudinal;2;0;0;0;0;0;0;0;0;0;2;0;0;0;0
26/02/2017;14:41:00;164;Acidente sem Vítima;638;BR-040/MG;Sul;Choque com objeto fixo;1;0;0;0;0;0;0;0;0;0;1;0;0;0;0
26/02/2017;14:30:00;159;Acidente sem Vítima;501,2;BR-040/MG;Norte;Colisão traseira;1;0;1;0;0;0;0;0;0;0;3;0;0;0;0
26/02/2017;14:18:00;152;Acidente sem Vítima;434,046;BR-040/MG;Norte;Abalroamento longitudinal;2;0;0;0;0;0;0;0;0;0;5;0;0;0;0
26/02/2017;14:15:00;150;Acidente sem Vítima;736,589;BR-040/MG;Sul;Choque em defensa;1;0;0;0;0;0;0;0;0;0;5;0;0;0;0
26/02/2017;13:37:00;140;Acidente sem Vítima;450,08;BR-040/MG;Sul;Outros;0;0;0;1;0;0;0;0;0;0;2;0;0;0;0
26/02/2017;13:21:00;137;Acidente sem Vítima;518,018;BR-040/MG;Norte;Capotamento;1;0;0;0;0;0;0;0;0;0;2;0;0;0;0
26/02/2017;13:13:00;133;Acidente sem Vítima;730,1;BR-040/MG;Sul;Choque com objeto fixo;1;0;0;0;0;0;0;0;0;0;1;0;0;0;0
26/02/2017;13:06:00;131;Acidente sem Vítima;505,95;BR-040/MG;Sul;Choque em defensa;1;0;0;0;0;0;0;0;0;0;3;0;0;0;0
26/02/2017;12:54:00;127;Acidente sem Vítima;504,559;BR-040/MG;Norte;Choque em defensa;1;0;0;0;0;0;0;0;0;0;1;0;0;0;0
26/02/2017;11:15:00;101;Acidente com Vítima;469;BR-040/MG;Norte;Choque com objeto fixo;1;0;0;0;0;0;0;0;0;0;3;1;0;0;0
26/02/2017;09:37:00;77;Acidente com Vítima;496;BR-040/MG;Norte;Outros;1;0;0;0;0;0;0;0;0;0;0;2;0;0;0
26/02/2017;09:15:00;69;Acidente com Vítima;578,39;BR-040/MG;Sul;Choque em defensa;1;0;0;0;0;0;0;0;0;0;1;0;1;0;0
26/02/2017;08:13:00;58;Acidente sem Vítima;547;BR-040/MG;Sul;Capotamento;1;0;0;0;0;0;0;0;0;0;3;0;0;0;0
26/02/2017;06:52:00;44;Acidente sem Vítima;449,432;BR-040/MG;Sul;Choque em defensa;1;0;0;0;0;0;0;0;0;0;1;0;0;0;0
26/02/2017;00:00:00;2;Acidente sem Vítima;525,1;BR-040/MG;Norte;Outros;0;0;0;1;0;0;0;0;0;0;1;0;0;0;0
25/02/2017;23:38:00;505;Acidente sem Vítima;525,1;BR-040/MG;Norte;Colisão traseira;1;0;0;1;0;0;0;0;0;0;4;0;0;0;0
25/02/2017;23:25:00;502;Acidente sem Vítima;530,045;BR-040/MG;Sul;Queda de Carga;2;0;0;0;0;0;0;0;0;0;9;0;0;0;0
25/02/2017;22:28:00;493;Acidente sem Vítima;509,1;BR-040/MG;Sul;Colisão frontal;2;0;0;0;0;0;0;0;0;0;3;0;0;0;0
25/02/2017;21:50:00;481;Acidente sem Vítima;511,07;BR-040/MG;Norte;Outros;0;0;0;1;0;0;0;0;0;0;1;0;0;0;0
25/02/2017;19:57:00;460;Acidente sem Vítima;740,12;BR-040/MG;Sul;Abalroamento transversal;2;0;0;0;0;0;0;0;0;0;7;0;0;0;0
25/02/2017;19:29:00;454;Acidente sem Vítima;1,08;BR-040/GO;Sul;Abalroamento transversal;2;0;0;0;0;0;0;0;0;0;3;0;0;0;0
25/02/2017;19:20:00;451;Acidente sem Vítima;599,9;BR-040/MG;Sul;Capotamento;1;0;0;0;0;0;0;0;0;0;1;0;0;0;0
25/02/2017;19:06:00;448;Acidente sem Vítima;540,1;BR-040/MG;Norte;Capotamento;1;0;0;0;0;0;0;0;0;0;1;0;0;0;0
25/02/2017;18:44:00;433;Acidente com Vítima;543,1;BR-040/MG;Sul;Colisão traseira;1;0;0;1;0;0;0;0;0;0;1;0;1;0;0
25/02/2017;18:36:00;428;Acidente com Vítima;685,69;BR-040/MG;Norte;Colisão traseira;2;0;0;0;0;0;0;0;0;0;4;1;0;0;0
25/02/2017;18:35:00;427;Acidente com Vítima;541,01;BR-040/MG;Sul;Outros;0;0;0;1;0;0;0;0;0;0;0;0;1;0;0
25/02/2017;18:14:00;416;Acidente com Vítima;525,17;BR-040/MG;Norte;Colisão traseira;1;0;0;0;1;0;0;0;0;0;1;0;2;0;0
25/02/2017;18:07:00;411;Acidente sem Vítima;759,2;BR-040/MG;Sul;Colisão traseira;1;0;0;0;1;0;0;0;0;0;2;0;0;0;0
25/02/2017;17:49:00;402;Acidente sem Vítima;731,37;BR-040/MG;Sul;Choque com objeto fixo;1;0;0;0;0;0;0;0;0;0;4;0;0;0;0
25/02/2017;17:33:00;393;Acidente sem Vítima;717,2;BR-040/MG;Norte;Capotamento;1;0;0;0;0;0;0;0;0;0;1;0;0;0;0
25/02/2017;17:33:00;394;Acidente sem Vítima;512,3;BR-040/MG;Norte;Colisão traseira;3;0;0;2;0;0;0;0;0;0;5;0;0;0;0
25/02/2017;17:26:00;389;Acidente com Vítima;3,7;BR-040/GO;Sul;Abalroamento longitudinal;1;0;0;1;0;0;0;0;0;0;1;1;0;0;0
25/02/2017;17:11:00;382;Acidente sem Vítima;621,3;BR-040/MG;Sul;Colisão traseira;2;0;0;0;0;0;0;0;0;0;8;0;0;0;0
25/02/2017;16:57:00;373;Acidente sem Vítima;526,3;BR-040/MG;Norte;Choque em defensa;0;0;0;0;0;0;0;0;0;0;0;0;0;0;0
25/02/2017;16:36:00;360;Acidente com Vítima;25,3;BR-040/MG;Sul;Capotamento;2;0;0;0;0;0;0;0;0;0;1;1;1;0;0
25/02/2017;16:09:00;345;Acidente com Vítima;504,5;BR-040/MG;Norte;Choque em defensa;1;0;0;0;0;0;0;0;0;0;4;1;0;0;0
25/02/2017;14:52:00;304;Acidente sem Vítima;465;BR-040/MG;Norte;Colisão traseira;5;0;0;0;0;0;0;0;0;0;10;0;0;0;0
25/02/2017;14:40:00;296;Acidente com Vítima;571,6;BR-040/MG;Sul;Outros;0;0;0;1;0;0;0;0;0;0;0;1;0;0;0
25/02/2017;14:20:00;293;Acidente com Vítima;237,8;BR-040/MG;Sul;Capotamento;1;0;0;0;0;0;0;0;0;0;0;0;2;0;0
25/02/2017;14:06:00;284;Acidente sem Vítima;2,8;BR-040/GO;Norte;Abalroamento longitudinal;2;0;0;0;0;0;0;0;0;0;2;0;0;0;0
25/02/2017;13:02:00;254;Acidente sem Vítima;93,1;BR-040/GO;Norte;Colisão traseira;1;0;1;0;0;0;0;0;0;0;2;0;0;0;0
25/02/2017;10:55:00;198;Acidente com Vítima;332,1;BR-040/MG;Sul;Capotamento;1;0;0;0;0;0;0;0;0;0;3;1;0;0;0
25/02/2017;10:54:00;197;Acidente sem Vítima;378,4;BR-040/MG;Norte;Colisão traseira;2;0;0;0;0;0;0;0;0;0;3;0;0;0;0
25/02/2017;10:19:00;181;Acidente sem Vítima;407,8;BR-040/MG;Norte;Colisão traseira;1;0;0;1;0;0;0;0;0;0;6;0;0;0;0
25/02/2017;10:13:00;176;Acidente com Vítima;488,8;BR-040/MG;Sul;Choque em barreira New Jersey;1;0;0;0;0;0;0;0;0;0;4;1;0;0;0
25/02/2017;10:08:00;172;Acidente sem Vítima;525,1;BR-040/MG;Norte;Abalroamento longitudinal;1;0;1;0;0;0;0;0;0;0;4;0;0;0;0
25/02/2017;09:35:00;159;Acidente com Vítima;554,547;BR-040/MG;Sul;Colisão traseira;1;0;0;1;0;0;0;0;0;0;1;1;0;0;0
25/02/2017;09:09:00;145;Acidente sem Vítima;487,1;BR-040/MG;Norte;Abalroamento longitudinal;2;0;0;0;0;0;0;0;0;0;8;0;0;0;0
25/02/2017;08:46:00;138;Acidente sem Vítima;759,1;BR-040/MG;Norte;Colisão traseira;3;0;0;0;0;0;0;0;0;0;11;0;0;0;0
25/02/2017;08:28:00;129;Acidente sem Vítima;360,5;BR-040/MG;Sul;Outros;1;0;0;0;0;0;0;0;0;0;1;0;0;0;0
25/02/2017;08:01:00;124;Acidente sem Vítima;575,8;BR-040/MG;Sul;Colisão traseira;3;0;0;0;0;0;0;0;0;0;3;0;0;0;0
25/02/2017;07:52:00;122;Acidente sem Vítima;737,1;BR-040/MG;Sul;Capotamento;1;0;0;0;0;0;0;0;0;0;2;0;0;0;0
25/02/2017;07:21:00;113;Acidente sem Vítima;543,6;BR-040/MG;Norte;Outros;0;0;0;1;0;0;0;0;0;0;1;0;0;0;0
25/02/2017;07:06:00;107;Acidente sem Vítima;78,9;BR-040/GO;Sul;Colisão traseira;2;0;0;0;0;0;0;0;0;0;7;0;0;0;0
25/02/2017;07:00:00;101;Acidente sem Vítima;92,5;BR-040/GO;Sul;Colisão frontal;1;0;1;0;0;0;0;0;0;0;5;0;0;0;0
25/02/2017;06:38:00;91;Acidente sem Vítima;576,5;BR-040/MG;Sul;Colisão traseira;3;0;0;0;0;0;0;0;0;0;3;0;0;0;0
25/02/2017;05:56:00;81;Acidente sem Vítima;134,6;BR-040/MG;Norte;Outros;0;0;0;1;0;0;0;0;0;0;1;0;0;0;0
25/02/2017;03:36:00;60;Acidente sem Vítima;348,4;BR-040/MG;Sul;Outros;1;0;0;0;0;0;0;0;0;0;5;0;0;0;0
25/02/2017;03:18:00;57;Acidente com Vítima;7,2;BR-040/DF;Norte;Outros;0;0;0;1;0;0;0;0;0;0;0;0;1;0;0
25/02/2017;02:53:00;46;Acidente sem Vítima;442,03;BR-040/MG;Norte;Capotamento;1;0;0;0;0;0;0;0;0;0;1;0;0;0;0
25/02/2017;01:57:00;33;Acidente com Vítima;26,4;BR-040/GO;Norte;Abalroamento longitudinal;2;0;0;0;0;0;0;0;0;0;3;1;1;1;0
24/02/2017;20:28:00;445;Acidente sem Vítima;517,2;BR-040/MG;Norte;Abalroamento longitudinal;1;0;1;0;0;0;0;0;0;0;3;0;0;0;0
24/02/2017;20:25:00;444;Acidente sem Vítima;523,2;BR-040/MG;Norte;Colisão traseira;2;0;0;0;0;0;0;0;0;0;4;0;0;0;0
24/02/2017;19:58:00;431;Acidente sem Vítima;747,048;BR-040/MG;Norte;Queda de Carga;0;0;1;0;0;0;0;0;0;0;1;0;0;0;0
24/02/2017;18:59:00;402;Acidente com Vítima;68,5;BR-040/GO;Norte;Abalroamento longitudinal;1;0;1;0;0;0;0;0;0;0;6;1;0;0;0
24/02/2017;18:38:00;392;Acidente sem Vítima;612,3;BR-040/MG;Sul;Colisão traseira;1;0;0;0;0;1;0;0;0;0;4;0;0;0;0
24/02/2017;17:07:00;360;Acidente sem Vítima;745,1;BR-040/MG;Sul;Outros;1;0;0;0;0;0;0;0;0;0;2;0;0;0;0
24/02/2017;17:06:00;359;Acidente sem Vítima;143,15;BR-040/MG;Norte;Colisão traseira;2;0;0;0;0;0;0;0;0;0;2;0;0;0;0
24/02/2017;16:30:00;350;Acidente com Vítima;611,1;BR-040/MG;Sul;Outros;1;0;0;1;0;0;0;0;0;0;1;0;0;1;0
24/02/2017;15:42:00;329;Acidente sem Vítima;541,45;BR-040/MG;Norte;Colisão traseira;3;0;0;0;0;0;0;0;0;0;3;0;0;0;0
24/02/2017;15:19:00;318;Acidente com Vítima;40;BR-040/MG;Norte;Colisão traseira;1;0;0;1;0;0;0;0;0;0;1;0;1;0;0
24/02/2017;14:14:00;295;Acidente sem Vítima;1,2;BR-040/GO;Sul;Colisão traseira;3;0;0;0;0;0;0;0;0;0;6;0;0;0;0
24/02/2017;13:53:00;283;Acidente com Vítima;491,6;BR-040/MG;Norte;Colisão traseira;2;0;0;0;0;0;0;0;0;0;2;3;0;1;0
24/02/2017;13:44:00;280;Acidente sem Vítima;694,1;BR-040/MG;Sul;Outros;2;0;0;0;0;0;0;0;0;0;4;0;0;0;0
24/02/2017;12:39:00;261;Acidente com Vítima;746,1;BR-040/MG;Sul;Capotamento;1;0;0;0;0;0;0;0;0;0;0;1;1;0;0
24/02/2017;12:14:00;253;Acidente sem Vítima;532,85;BR-040/MG;Sul;Colisão traseira;2;0;0;0;0;0;0;0;0;0;2;0;0;0;0
24/02/2017;11:53:00;248;Acidente com Vítima;294;BR-040/MG;Norte;Capotamento;1;0;0;0;0;0;0;0;0;0;0;2;0;0;0
24/02/2017;11:23:00;235;Acidente sem Vítima;527,3;BR-040/MG;Norte;Abalroamento longitudinal;2;0;0;0;0;0;0;0;0;0;2;0;0;0;0
24/02/2017;11:13:00;231;Acidente com Vítima;167,8;BR-040/MG;Sul;Outros;0;0;0;1;0;0;0;0;0;0;0;1;0;0;0
24/02/2017;07:59:00;168;Acidente com Vítima;541,15;BR-040/MG;Sul;Abalroamento longitudinal;1;0;0;1;0;0;0;0;0;0;1;1;0;0;0
24/02/2017;07:21:00;153;Acidente sem Vítima;543,925;BR-040/MG;Sul;Colisão traseira;2;0;0;0;0;0;0;0;0;0;2;0;0;0;0
24/02/2017;07:02:00;146;Acidente com Vítima;627,1;BR-040/MG;Norte;Abalroamento transversal;0;0;0;1;1;0;0;0;0;0;12;1;0;0;0
24/02/2017;06:43:00;134;Acidente com Vítima;510,8;BR-040/MG;Sul;Colisão traseira;6;0;0;0;0;0;0;0;0;0;7;1;0;0;0
24/02/2017;06:11:00;121;Acidente com Vítima;3,5;BR-040/GO;Norte;Outros;0;0;0;1;0;0;0;0;0;0;0;1;0;0;0
23/02/2017;21:30:00;427;Acidente sem Vítima;714,5;BR-040/MG;Sul;Colisão traseira;0;0;2;0;0;0;0;0;0;0;2;0;0;0;0
23/02/2017;20:06:00;407;Atropelamento sem Morte;738,765;BR-040/MG;Norte;Atropelamento de pedestre caminhando;0;0;0;0;0;1;0;0;0;0;1;0;0;1;0
23/02/2017;18:00:00;362;Acidente sem Vítima;487,05;BR-040/MG;Norte;Colisão traseira;1;0;1;0;0;0;0;0;0;0;2;0;0;0;0
23/02/2017;17:50:00;360;Acidente com Vítima;770,979;BR-040/MG;Sul;Choque com objeto fixo;0;0;0;1;0;1;0;0;0;0;1;0;1;0;0
23/02/2017;16:22:00;332;Acidente sem Vítima;5,4;BR-040/GO;Norte;Colisão traseira;1;0;0;1;0;0;0;0;0;0;2;0;0;0;0
23/02/2017;16:21:00;331;Acidente sem Vítima;387,5;BR-040/MG;Norte;Capotamento;1;0;0;0;0;0;0;0;0;0;2;0;0;0;0
23/02/2017;13:37:00;281;Acidente sem Vítima;498,15;BR-040/MG;Norte;Colisão traseira;1;0;2;0;0;0;0;0;0;1;4;0;0;0;0
23/02/2017;12:59:00;264;Acidente com Vítima;523,2;BR-040/MG;Norte;Outros;0;0;0;1;0;0;0;0;0;0;0;2;0;0;0
23/02/2017;09:18:00;186;Acidente sem Vítima;538,15;BR-040/MG;Norte;Colisão traseira;3;0;1;1;0;0;0;0;0;0;5;0;0;0;0
23/02/2017;08:22:00;167;Acidente com Vítima;539,15;BR-040/MG;Sul;Abalroamento longitudinal;1;0;0;1;0;0;0;0;0;0;1;1;0;0;0
23/02/2017;08:02:00;158;Acidente com Vítima;0,5;BR-040/DF;Norte;Abalroamento longitudinal;2;0;1;0;0;0;0;0;0;0;3;0;0;0;0
23/02/2017;07:59:00;156;Acidente com Vítima;6,1;BR-040/GO;Norte;Abalroamento longitudinal;1;0;0;1;0;0;0;0;0;0;1;0;1;0;0
23/02/2017;07:23:00;140;Acidente com Vítima;5;BR-040/GO;Norte;Abalroamento longitudinal;1;0;0;1;0;0;0;0;0;0;1;1;0;0;0
23/02/2017;06:42:00;45;Acidente sem Vítima;5,4;BR-040/DF;Norte;Outros;1;0;0;0;0;1;0;0;0;0;2;0;0;0;0
23/02/2017;02:23:00;17;Acidente sem Vítima;395,6;BR-040/MG;Norte;Choque com objeto fixo;0;0;0;1;0;0;0;0;0;0;1;0;0;0;0
23/02/2017;00:29:00;7;Acidente sem Vítima;710,4;BR-040/MG;Norte;Atropelamento de animal;1;0;0;0;0;0;0;0;0;0;3;0;0;0;0
22/02/2017;19:01:00;337;Acidente com Vítima;7,02;BR-040/GO;Sul;Abalroamento longitudinal;1;0;0;1;0;0;0;0;0;0;3;1;0;0;0
22/02/2017;17:53:00;320;Acidente com Vítima;545,5;BR-040/MG;Sul;Capotamento;1;0;0;0;0;0;0;0;0;0;0;1;1;0;0
22/02/2017;14:09:00;253;Acidente sem Vítima;534,5;BR-040/MG;Norte;Queda de Carga;0;0;1;0;0;1;0;0;0;0;2;0;0;0;0
22/02/2017;12:29:00;226;Acidente com Vítima;520,19;BR-040/MG;Norte;Capotamento;1;0;0;0;0;0;0;0;0;0;0;0;1;0;0
22/02/2017;08:45:00;163;Acidente com Vítima;3;BR-040/GO;Norte;Abalroamento longitudinal;1;0;0;1;0;0;0;0;0;0;1;0;0;0;0
22/02/2017;08:07:00;151;Acidente sem Vítima;525;BR-040/MG;Sul;Outros;0;0;0;1;0;0;0;0;0;0;1;0;0;0;0
22/02/2017;07:57:00;149;Acidente com Vítima;1,9;BR-040/GO;Sul;Abalroamento longitudinal;2;0;0;1;0;0;0;0;0;0;2;1;0;0;0
21/02/2017;23:11:00;383;Acidente sem Vítima;54,5;BR-040/MG;Norte;Colisão traseira;0;0;1;0;0;1;0;0;0;0;2;0;0;0;0
21/02/2017;21:14:00;370;Acidente com Vítima;513,65;BR-040/MG;Norte;Abalroamento longitudinal;1;0;0;1;0;0;0;0;0;0;1;0;1;0;0
21/02/2017;20:51:00;363;Acidente sem Vítima;732,2;BR-040/MG;Sul;Choque em barreira New Jersey;1;0;0;0;0;0;0;0;0;0;2;0;0;0;0
21/02/2017;19:54:00;350;Acidente sem Vítima;623,1;BR-040/MG;Norte;Atropelamento de animal;1;0;0;0;0;0;0;0;0;0;1;0;0;0;0
21/02/2017;19:22:00;339;Acidente sem Vítima;0,3;BR-040/GO;Sul;Colisão traseira;0;0;2;0;0;0;0;0;0;0;2;0;0;0;0
21/02/2017;19:08:00;336;Acidente sem Vítima;8;BR-040/DF;Norte;Colisão traseira;3;0;0;0;0;0;0;0;0;0;3;0;0;0;0
21/02/2017;18:32:00;321;Acidente com Vítima;8;BR-040/DF;Sul;Abalroamento longitudinal;1;0;0;1;0;0;0;0;0;0;1;1;0;0;0
21/02/2017;16:50:00;297;Acidente sem Vítima;635,3;BR-040/MG;Norte;Choque em defensa;1;0;0;0;0;0;0;0;0;0;1;0;0;0;0
21/02/2017;10:21:00;186;Acidente sem Vítima;643,1;BR-040/MG;Norte;Abalroamento longitudinal;1;0;1;0;0;0;0;0;0;0;4;0;0;0;0
21/02/2017;08:59:00;162;Acidente sem Vítima;545;BR-040/MG;Norte;Colisão traseira;2;0;0;0;0;0;0;0;0;0;3;0;0;0;0
21/02/2017;08:12:00;152;Acidente sem Vítima;543,87;BR-040/MG;Sul;Colisão traseira;2;0;0;0;1;0;0;0;0;0;3;0;0;0;0
21/02/2017;07:02:00;87;Acidente sem Vítima;517,5;BR-040/MG;Sul;Abalroamento longitudinal;1;0;1;0;0;0;0;0;0;0;8;0;0;0;0
21/02/2017;00:17:00;2;Acidente sem Vítima;552,8;BR-040/MG;Sul;Outros;1;0;0;0;0;0;0;0;0;0;1;0;0;0;0
21/02/2017;00:06:00;1;Acidente sem Vítima;593,325;BR-040/MG;Norte;Queda de Carga;0;0;1;0;0;0;0;0;0;0;1;0;0;0;0
20/02/2017;19:19:00;350;Atropelamento com Morte;668,13;BR-040/MG;Norte;Atropelamento de pedestre atravessando;2;0;0;0;0;0;0;0;0;0;2;0;0;0;1
20/02/2017;14:58:00;275;Acidente sem Vítima;568,8;BR-040/MG;Sul;Colisão traseira;2;0;0;0;0;0;0;0;0;0;2;0;0;0;0
20/02/2017;12:46:00;250;Acidente sem Vítima;446,1;BR-040/MG;Sul;Capotamento;2;0;0;0;0;0;0;0;0;0;2;0;0;0;0
20/02/2017;12:34:00;244;Acidente sem Vítima;465,1;BR-040/MG;Norte;Abalroamento longitudinal;1;0;1;0;0;0;0;0;0;0;2;0;0;0;0
20/02/2017;11:02:00;224;Acidente sem Vítima;664,15;BR-040/MG;Sul;Colisão traseira;0;0;3;0;0;0;0;0;0;0;3;0;0;0;0
20/02/2017;09:41:00;195;Acidente sem Vítima;589,9;BR-040/MG;Norte;Abalroamento longitudinal;1;0;1;0;0;0;0;0;0;0;2;0;0;0;0
20/02/2017;08:16:00;161;Acidente com Vítima;535,6;BR-040/MG;Norte;Abalroamento longitudinal;1;0;0;1;0;0;0;0;0;0;1;1;0;0;0
20/02/2017;06:36:00;110;Acidente com Vítima;509,1;BR-040/MG;Sul;Abalroamento longitudinal;1;0;0;1;0;0;0;0;0;0;1;2;0;0;0
19/02/2017;23:58:00;264;Acidente com Vítima;557,2;BR-040/MG;Norte;Outros;0;0;0;1;0;0;0;0;0;0;0;1;1;0;0
19/02/2017;23:39:00;260;Acidente sem Vítima;584,047;BR-040/MG;Norte;Choque em defensa;1;0;0;0;0;0;0;0;0;0;2;0;0;0;0
19/02/2017;22:12:00;252;Acidente com Vítima;1,5;BR-040/GO;Norte;Outros;0;0;0;1;0;0;0;0;0;0;0;0;1;0;0
19/02/2017;21:48:00;249;Acidente sem Vítima;16,5;BR-040/GO;Norte;Abalroamento transversal;2;0;0;0;0;0;0;0;0;0;2;0;0;0;0
19/02/2017;21:29:00;247;Acidente sem Vítima;612,2;BR-040/MG;Norte;Abalroamento longitudinal;0;0;0;0;0;2;0;0;0;0;3;0;0;0;0
19/02/2017;19:48:00;224;Acidente sem Vítima;318,4;BR-040/MG;Norte;Outros;0;0;0;1;0;0;0;0;0;0;1;0;0;0;0
19/02/2017;19:33:00;220;Acidente sem Vítima;531,02;BR-040/MG;Sul;Colisão traseira;2;0;0;0;0;0;0;0;0;0;2;0;0;0;0
19/02/2017;18:05:00;185;Acidente com Morte;483,12;BR-040/MG;Sul;Colisão traseira;1;0;2;0;0;0;0;0;0;0;2;0;0;0;1
19/02/2017;18:01:00;184;Acidente com Vítima;656,9;BR-040/MG;Sul;Abalroamento longitudinal;1;0;0;1;0;0;0;0;0;0;2;1;0;0;0
19/02/2017;15:02:00;127;Acidente com Vítima;525,1;BR-040/MG;Norte;Abalroamento longitudinal;2;0;0;0;0;0;0;0;0;0;3;1;0;0;0
19/02/2017;13:49:00;110;Acidente com Vítima;559,5;BR-040/MG;Norte;Outros;0;0;0;1;0;0;0;0;0;0;0;2;0;0;0
19/02/2017;12:17:00;90;Acidente com Vítima;625;BR-040/MG;Norte;Outros;1;0;0;0;0;0;0;0;0;0;1;0;0;0;0
19/02/2017;05:30:00;23;Acidente com Vítima;650,6;BR-040/MG;Norte;Atropelamento de animal;2;0;0;0;0;0;0;0;0;0;4;1;0;0;0
19/02/2017;04:29:00;14;Acidente com Vítima;531,15;BR-040/MG;Norte;Outros;0;0;0;1;0;0;0;0;0;0;0;0;1;0;0
19/02/2017;04:02:00;12;Acidente sem Vítima;554,3;BR-040/MG;Norte;Choque com objeto fixo;1;0;0;0;0;0;0;0;0;0;2;0;0;0;0
19/02/2017;01:30:00;4;Acidente sem Vítima;427,3;BR-040/MG;Norte;Choque com objeto fixo;1;0;0;0;0;0;0;0;0;0;1;0;0;0;0
18/02/2017;21:40:00;371;Acidente com Vítima;618;BR-040/MG;Norte;Outros;0;0;0;1;0;0;0;0;0;0;0;2;0;0;0
18/02/2017;21:07:00;366;Acidente com Morte;142,15;BR-040/MG;Sul;Abalroamento transversal;1;0;0;1;0;0;0;0;0;0;1;0;0;0;1