data;horario;n_da_ocorrencia;tipo_de_ocorrencia;km;trecho;sentido;tipo_de_acidente;automovel;bicicleta;caminhao;moto;onibus;outros;tracao_animal;transporte_de_cargas_especiais;trator_maquinas;utilitarios;ilesos;levemente_feridos;moderadamente_feridos;gravemente_feridos;mortos
05/02/2017;18:35:00;230;Acidente com Vítima;376,97;BR-040/MG;Norte;Choque com objeto fixo;1;0;0;0;0;0;0;0;0;0;0;0;2;0;0
05/02/2017;18:31:00;229;Acidente sem Vítima;123,1;BR-040/GO;Sul;Queda de Carga;0;0;1;0;0;0;0;0;0;0;1;0;0;0;0
05/02/2017;18:30:00;228;Acidente com Vítima;623,42;BR-040/MG;Sul;Colisão frontal;2;0;0;0;0;0;0;0;0;0;0;0;1;0;0
05/02/2017;18:25:00;224;Acidente com Vítima;734,8;BR-040/MG;Norte;Capotamento;1;0;0;0;0;0;0;0;0;0;1;0;1;0;0
05/02/2017;18:11:00;217;Acidente sem Vítima;615,99;BR-040/MG;Sul;Choque em barreira New Jersey;1;0;0;0;0;0;0;0;0;0;1;0;0;0;0
05/02/2017;18:00:00;211;Acidente com Vítima;462,34;BR-040/MG;Norte;Capotamento;1;0;0;0;0;0;0;0;0;0;2;2;0;0;0
05/02/2017;15:14:00;156;Acidente sem Vítima;546,188;BR-040/MG;Sul;Choque com objeto fixo;1;0;0;0;0;0;0;0;0;0;1;0;0;0;0
05/02/2017;15:06:00;152;Acidente sem Vítima;731;BR-040/MG;Norte;Choque em barreira New Jersey;1;0;0;0;0;0;0;0;0;0;1;0;0;0;0
05/02/2017;14:58:00;148;Acidente sem Vítima;593;BR-040/MG;Norte;Queda de Carga;1;0;0;0;0;0;0;0;0;0;1;0;0;0;0
05/02/2017;12:23:00;112;Acidente com Vítima;0;Fora_Rota;Sul;Abalroamento transversal;1;0;0;0;0;1;0;0;0;0;6;1;0;0;0
05/02/2017;11:51:00;103;Acidente com Vítima;465,6;BR-040/MG;Sul;Outros;0;0;0;0;0;0;0;0;0;0;0;0;0;1;0
05/02/2017;09:58:00;72;Acidente sem Vítima;42,8;BR-040/GO;Sul;Queda de Carga;1;0;0;0;0;0;0;0;0;0;1;0;0;0;0
05/02/2017;07:50:00;49;Acidente sem Vítima;1,2;BR-040/GO;Norte;Colisão traseira;1;0;0;1;0;0;0;0;0;0;2;0;0;0;0
05/02/2017;07:26:00;44;Acidente sem Vítima;1,2;BR-040/GO;Norte;Choque com objeto fixo;1;0;0;0;0;0;0;0;0;0;3;0;0;0;0
05/02/2017;05:35:00;33;Acidente com Vítima;698,8;BR-040/MG;Norte;Choque em defensa;1;0;0;0;0;0;0;0;0;0;1;0;1;0;0
05/02/2017;05:23:00;31;Acidente sem Vítima;620;BR-040/MG;Sul;Outros;1;0;0;0;0;0;0;0;0;0;1;0;0;0;0
05/02/2017;03:59:00;26;Acidente com Vítima;445,4;BR-040/MG;Sul;Abalroamento longitudinal;0;0;2;0;0;0;0;0;0;0;4;0;1;0;0
04/02/2017;22:27:00;296;Acidente sem Vítima;18,583;BR-040/GO;Sul;Colisão traseira;1;0;0;1;0;0;0;0;0;0;2;0;0;0;0
04/02/2017;21:27:00;282;Acidente com Vítima;18,583;BR-040/GO;Norte;Colisão traseira;2;0;0;0;0;0;0;0;0;0;0;3;1;0;0
04/02/2017;20:03:00;258;Acidente sem Vítima;569,2;BR-040/MG;Norte;Capotamento;1;0;0;0;0;0;0;0;0;0;1;0;0;0;0
04/02/2017;19:47:00;252;Acidente sem Vítima;527,1;BR-040/MG;Sul;Choque com objeto fixo;1;0;0;0;0;0;0;0;0;0;1;0;0;0;0
04/02/2017;19:24:00;245;Acidente sem Vítima;560,2;BR-040/MG;Sul;Choque com objeto fixo;1;0;0;0;0;0;0;0;0;0;4;0;0;0;0
04/02/2017;19:02:00;234;Acidente sem Vítima;517,5;BR-040/MG;Sul;Abalroamento longitudinal;2;0;0;0;0;0;0;0;0;0;7;0;0;0;0
04/02/2017;18:32:00;227;Acidente sem Vítima;536,8;BR-040/MG;Norte;Outros;1;0;0;0;0;0;0;0;0;0;1;0;0;0;0
04/02/2017;17:57:00;215;Acidente sem Vítima;591;BR-040/MG;Norte;Outros;0;0;0;1;0;0;0;0;0;0;1;0;0;0;0
04/02/2017;17:40:00;207;Acidente sem Vítima;715,15;BR-040/MG;Sul;Choque com objeto fixo;1;0;0;0;0;0;0;0;0;0;1;0;0;0;0
04/02/2017;17:17:00;201;Acidente sem Vítima;587,8;BR-040/MG;Sul;Choque com objeto fixo;1;0;0;0;0;0;0;0;0;0;1;0;0;0;0
04/02/2017;14:46:00;159;Acidente sem Vítima;635,5;BR-040/MG;Sul;Capotamento;1;0;0;0;0;0;0;0;0;0;1;0;0;0;0
04/02/2017;14:41:00;155;Acidente sem Vítima;533;BR-040/MG;Sul;Outros;0;0;0;0;0;1;0;0;0;0;1;0;0;0;0
04/02/2017;12:29:00;127;Acidente com Vítima;174,3;BR-040/MG;Sul;Capotamento;1;0;0;0;0;0;0;0;0;0;0;1;0;0;0
04/02/2017;12:19:00;122;Acidente sem Vítima;539,468;BR-040/MG;Sul;Choque em barreira New Jersey;1;0;0;0;0;0;0;0;0;0;2;0;0;0;0
04/02/2017;11:26:00;109;Acidente sem Vítima;582,8;BR-040/MG;Norte;Outros;0;0;0;1;0;0;0;0;0;0;1;0;0;0;0
04/02/2017;10:59:00;104;Acidente sem Vítima;6,6;BR-040/GO;Sul;Abalroamento longitudinal;1;0;1;0;0;0;0;0;0;0;2;0;0;0;0
04/02/2017;08:03:00;68;Acidente sem Vítima;526,8;BR-040/MG;Norte;Choque em barreira New Jersey;1;0;0;0;0;0;0;0;0;0;1;0;0;0;0
03/02/2017;20:04:00;375;Acidente com Vítima;523,8;BR-040/MG;Norte;Outros;0;0;0;1;0;0;0;0;0;0;1;1;0;0;0
03/02/2017;19:15:00;359;Acidente sem Vítima;448,1;BR-040/MG;Sul;Choque com objeto fixo;1;0;0;0;0;0;0;0;0;0;3;0;0;0;0
03/02/2017;18:18:00;335;Acidente sem Vítima;273,11;BR-040/MG;Sul;Abalroamento longitudinal;2;0;0;0;0;0;0;0;0;0;4;0;0;0;0
03/02/2017;16:37:00;306;Acidente com Vítima;503,2;BR-040/MG;Norte;Outros;0;0;0;1;0;0;0;0;0;0;0;1;0;0;0
03/02/2017;15:07:00;274;Acidente com Vítima;519;BR-040/MG;Norte;Colisão traseira;0;0;2;0;0;0;0;0;0;0;1;0;1;0;0
03/02/2017;14:00:00;254;Acidente sem Vítima;748,882;BR-040/MG;Norte;Queda de Carga;0;0;1;0;0;0;0;0;0;0;1;0;0;0;0
03/02/2017;13:59:00;252;Acidente sem Vítima;513;BR-040/MG;Norte;Colisão traseira;3;0;0;0;0;0;0;0;0;0;3;0;0;0;0
03/02/2017;13:13:00;238;Acidente sem Vítima;509,5;BR-040/MG;Norte;Outros;0;0;1;0;0;0;0;0;0;0;1;0;0;0;0
03/02/2017;12:57:00;236;Acidente sem Vítima;469,2;BR-040/MG;Sul;Choque em defensa;1;0;0;0;0;0;0;0;0;0;1;0;0;0;0
03/02/2017;12:43:00;231;Acidente sem Vítima;43,5;BR-040/MG;Sul;Colisão traseira;2;0;0;0;0;0;0;0;0;0;3;0;0;0;0
03/02/2017;12:23:00;223;Acidente sem Vítima;464,5;BR-040/MG;Norte;Capotamento;1;0;0;0;0;0;0;0;0;0;1;0;0;0;0
03/02/2017;10:45:00;192;Acidente com Vítima;230,5;BR-040/MG;Norte;Choque com objeto fixo;1;0;0;0;0;0;0;0;0;0;1;0;1;0;0
03/02/2017;09:46:00;171;Acidente sem Vítima;36,01;BR-040/MG;Sul;Colisão traseira;2;0;0;0;0;1;0;0;0;0;6;0;0;0;0
03/02/2017;08:40:00;150;Acidente com Vítima;763,15;BR-040/MG;Sul;Colisão traseira;2;0;0;0;0;0;0;0;0;0;4;1;1;0;0
03/02/2017;08:30:00;148;Acidente sem Vítima;523,451;BR-040/MG;Norte;Queda de Carga;0;0;1;0;0;0;0;0;0;0;1;0;0;0;0
03/02/2017;08:20:00;145;Acidente com Vítima;716;BR-040/MG;Norte;Choque com objeto fixo;1;0;0;0;0;0;0;0;0;0;1;1;0;0;0
03/02/2017;07:43:00;133;Acidente com Vítima;531;BR-040/MG;Norte;Outros;0;0;0;1;0;0;0;0;0;0;0;0;1;0;0
03/02/2017;07:32:00;130;Acidente sem Vítima;544,3;BR-040/MG;Sul;Colisão traseira;3;0;0;0;0;0;0;0;0;0;3;0;0;0;0
03/02/2017;07:25:00;126;Acidente sem Vítima;527,01;BR-040/MG;Sul;Choque com objeto fixo;1;0;0;0;0;0;0;0;0;0;1;0;0;0;0
03/02/2017;07:24:00;123;Acidente sem Vítima;632,05;BR-040/MG;Sul;Abalroamento transversal;2;0;0;0;0;0;0;0;0;0;2;0;0;0;0
03/02/2017;05:47:00;104;Acidente com Vítima;523,6;BR-040/MG;Norte;Colisão traseira;0;0;1;0;1;0;0;0;0;0;43;0;1;0;0
03/02/2017;05:29:00;102;Acidente sem Vítima;708,5;BR-040/MG;Sul;Atropelamento de animal;0;0;1;0;0;0;0;0;0;0;1;0;0;0;0
02/02/2017;23:14:00;421;Acidente sem Vítima;544,5;BR-040/MG;Sul;Abalroamento longitudinal;2;0;0;0;0;0;0;0;0;0;2;0;0;0;0
02/02/2017;22:09:00;406;Acidente com Vítima;27,01;BR-040/GO;Norte;Outros;1;0;0;0;0;0;0;0;0;0;1;1;0;0;0
02/02/2017;18:32:00;335;Acidente sem Vítima;718,2;BR-040/MG;Norte;Choque em barreira New Jersey;1;0;0;0;0;0;0;0;0;0;1;0;0;0;0
02/02/2017;17:49:00;320;Acidente sem Vítima;749;BR-040/MG;Sul;Choque em defensa;0;0;0;0;0;0;0;0;0;0;0;0;0;0;0
02/02/2017;17:05:00;304;Acidente sem Vítima;717,6;BR-040/MG;Sul;Choque com objeto fixo;1;0;0;0;0;0;0;0;0;0;2;0;0;0;0
02/02/2017;17:03:00;302;Acidente com Vítima;582,85;BR-040/MG;Norte;Capotamento;0;0;0;0;0;0;0;0;0;1;3;2;0;0;0
02/02/2017;16:54:00;300;Acidente sem Vítima;317,8;BR-040/MG;Norte;Outros;1;0;1;0;0;0;0;0;0;0;2;0;0;0;0
02/02/2017;16:19:00;291;Acidente sem Vítima;544,764;BR-040/MG;Sul;Choque em barreira New Jersey;0;0;1;0;0;0;0;0;0;0;2;0;0;0;0
02/02/2017;16:16:00;288;Acidente sem Vítima;545,6;BR-040/MG;Norte;Choque em barreira New Jersey;1;0;0;0;0;0;0;0;0;0;1;0;0;0;0
02/02/2017;14:34:00;252;Acidente com Vítima;766,9;BR-040/MG;Sul;Abalroamento longitudinal;2;0;0;0;0;1;0;0;0;0;2;0;1;0;0
02/02/2017;12:16:00;216;Acidente sem Vítima;407;BR-040/MG;Sul;Choque em defensa;1;0;0;0;0;0;0;0;0;0;1;0;0;0;0
02/02/2017;12:10:00;214;Acidente sem Vítima;274;BR-040/MG;Sul;Colisão traseira;2;0;0;0;0;0;0;0;0;0;3;0;0;0;0
02/02/2017;10:43:00;189;Acidente sem Vítima;541,5;BR-040/MG;Norte;Colisão traseira;0;0;2;0;0;0;0;0;0;0;2;0;0;0;0
02/02/2017;08:41:00;146;Acidente com Vítima;23,35;BR-040/MG;Norte;Abalroamento longitudinal;0;0;1;1;0;0;0;0;0;0;1;0;1;0;0
02/02/2017;08:23:00;141;Acidente com Vítima;524,126;BR-040/MG;Norte;Abalroamento longitudinal;1;0;0;1;0;0;0;0;0;0;2;0;1;0;0
02/02/2017;07:48:00;129;Acidente sem Vítima;91,002;BR-040/MG;Sul;Colisão traseira;0;0;0;0;1;1;0;0;0;0;2;0;0;0;0
02/02/2017;07:38:00;124;Acidente com Vítima;2,079;BR-040/GO;Sul;Abalroamento transversal;1;0;0;1;0;0;0;0;0;0;2;1;0;0;0
02/02/2017;07:01:00;110;Acidente sem Vítima;441,1;BR-040/MG;Norte;Choque com objeto fixo;1;0;0;0;0;0;0;0;0;0;2;0;0;0;0
02/02/2017;05:23:00;93;Acidente sem Vítima;585,8;BR-040/MG;Sul;Queda de Carga;0;0;1;0;0;0;0;0;0;0;2;0;0;0;0
01/02/2017;23:27:00;436;Acidente com Vítima;628,8;BR-040/MG;Sul;Choque com objeto fixo;0;0;0;1;0;0;0;0;0;0;0;0;0;0;0
01/02/2017;22:23:00;426;Acidente com Vítima;518,5;BR-040/MG;Sul;Outros;0;0;0;1;0;0;0;0;0;0;0;1;0;0;0
01/02/2017;18:00:00;369;Acidente sem Vítima;532;BR-040/MG;Sul;Colisão traseira;3;0;0;0;0;0;0;0;0;0;3;0;0;0;0
01/02/2017;17:54:00;367;Acidente sem Vítima;704,88;BR-040/MG;Sul;Capotamento;1;0;0;0;0;0;0;0;0;0;2;0;0;0;0
01/02/2017;17:12:00;354;Acidente com Vítima;8,2;BR-040/DF;Sul;Colisão traseira;0;0;0;2;0;0;0;0;0;0;1;2;0;0;0
01/02/2017;15:31:00;313;Acidente sem Vítima;524;BR-040/MG;Norte;Colisão traseira;3;0;2;1;0;0;0;0;0;0;10;0;0;0;0
01/02/2017;14:52:00;300;Acidente sem Vítima;638,7;BR-040/MG;Sul;Capotamento;1;0;0;0;0;0;0;0;0;0;1;0;0;0;0
01/02/2017;14:29:00;290;Acidente com Vítima;611,8;BR-040/MG;Sul;Colisão traseira;5;0;0;0;1;0;0;0;0;0;8;1;0;0;0
01/02/2017;12:07:00;257;Acidente com Vítima;532,915;BR-040/MG;Sul;Abalroamento longitudinal;0;0;1;1;0;0;0;0;0;0;2;1;0;0;0
01/02/2017;10:48:00;233;Acidente com Vítima;521;BR-040/MG;Norte;Capotamento;1;0;0;0;0;1;0;0;0;0;1;2;0;0;0
01/02/2017;08:35:00;181;Acidente sem Vítima;2,95;BR-040/GO;Sul;Colisão traseira;2;0;0;0;0;0;0;0;0;0;4;0;0;0;0
01/02/2017;06:40:00;124;Acidente sem Vítima;530,067;BR-040/MG;Sul;Colisão traseira;3;0;0;0;0;0;0;0;0;0;8;0;0;0;0
01/02/2017;05:04:00;104;Acidente sem Vítima;430,2;BR-040/MG;Norte;Colisão traseira;0;0;1;0;1;0;0;0;0;0;2;0;0;0;0
31/03/2017;22:50:00;393;Acidente com Vítima;728,2;BR-040/MG;Sul;Capotamento;1;0;0;0;0;0;0;0;0;0;2;1;0;0;0
31/03/2017;20:37:00;371;Acidente com Vítima;632,1;BR-040/MG;Sul;Abalroamento longitudinal;1;0;0;1;0;0;0;0;0;0;1;0;1;0;0
31/03/2017;18:53:00;343;Acidente sem Vítima;7,5;BR-040/GO;Norte;Colisão traseira;2;0;0;0;0;0;0;0;0;0;3;0;0;0;0
31/03/2017;17:14:00;316;Acidente sem Vítima;731,1;BR-040/MG;Sul;Choque com objeto fixo;1;0;0;0;0;0;0;0;0;0;1;0;0;0;0
31/03/2017;17:04:00;313;Acidente com Vítima;41,5;BR-040/MG;Norte;Abalroamento transversal;1;0;0;1;0;0;0;0;0;0;3;1;0;0;0
31/03/2017;16:33:00;300;Acidente com Vítima;531,15;BR-040/MG;Norte;Outros;0;0;0;1;0;0;0;0;0;0;0;1;0;0;0
31/03/2017;15:29:00;288;Acidente com Vítima;2,3;BR-040/GO;Norte;Outros;1;0;0;1;0;0;0;0;0;0;1;1;0;0;0
31/03/2017;15:18:00;283;Acidente com Vítima;565,2;BR-040/MG;Norte;Abalroamento longitudinal;1;0;1;0;0;0;0;0;0;0;1;2;0;0;0
31/03/2017;12:36:00;242;Acidente sem Vítima;149,1;BR-040/MG;Sul;Capotamento;1;0;0;0;0;0;0;0;0;0;2;0;0;0;0
31/03/2017;11:10:00;209;Acidente sem Vítima;643,1;BR-040/MG;Sul;Colisão traseira;1;0;1;0;0;0;0;0;0;0;2;0;0;0;0
31/03/2017;09:33:00;179;Acidente sem Vítima;599,1;BR-040/MG;Sul;Colisão traseira;3;0;0;0;0;0;0;0;0;0;3;0;0;0;0
31/03/2017;06:50:00;123;Acidente com Vítima;4,9;BR-040/GO;Norte;Abalroamento longitudinal;1;0;0;1;0;1;0;0;0;0;3;1;0;0;0
31/03/2017;05:52:00;108;Acidente sem Vítima;127;BR-040/MG;Norte;Colisão traseira;0;0;1;0;1;0;0;0;0;0;2;0;0;0;0
30/03/2017;22:39:00;393;Acidente com Vítima;520,28;BR-040/MG;Norte;Abalroamento longitudinal;0;0;0;2;0;0;0;0;0;0;2;1;0;0;0
30/03/2017;20:56:00;377;Acidente com Vítima;95,18;BR-040/GO;Norte;Colisão traseira;0;0;0;1;0;1;0;0;0;0;1;1;0;0;0
30/03/2017;18:44:00;341;Acidente com Vítima;438,94;BR-040/MG;Sul;Choque com objeto fixo;1;0;0;0;0;0;0;0;0;0;0;0;1;0;0
30/03/2017;18:16:00;333;Acidente sem Vítima;508,9;BR-040/MG;Sul;Abalroamento longitudinal;2;0;0;0;0;0;0;0;0;0;2;0;0;0;0
30/03/2017;16:01:00;303;Acidente sem Vítima;758,171;BR-040/MG;Norte;Colisão traseira;1;0;0;1;0;0;0;0;0;0;5;0;0;0;0
30/03/2017;14:17:00;270;Acidente sem Vítima;614,1;BR-040/MG;Sul;Choque com objeto fixo;1;0;1;0;0;0;0;0;0;0;2;0;0;0;0
30/03/2017;10:26:00;202;Acidente sem Vítima;3,75;BR-040/GO;Norte;Abalroamento longitudinal;3;0;0;0;0;0;0;0;0;0;3;0;0;0;0
30/03/2017;09:01:00;170;Acidente com Vítima;2,6;BR-040/GO;Norte;Abalroamento longitudinal;0;0;0;1;1;0;0;0;0;0;1;0;0;0;0
30/03/2017;08:33:00;160;Acidente com Vítima;587,3;BR-040/MG;Norte;Colisão traseira;2;0;0;0;0;0;0;0;0;0;5;1;0;0;0
30/03/2017;06:41:00;109;Acidente sem Vítima;5,5;BR-040/GO;Norte;Colisão traseira;1;0;0;1;0;0;0;0;0;0;2;0;0;0;0
30/03/2017;06:20:00;104;Acidente sem Vítima;570;BR-040/MG;Norte;Abalroamento longitudinal;1;0;0;1;1;0;0;0;0;0;4;0;0;0;0
30/03/2017;03:40:00;95;Acidente sem Vítima;2,9;BR-040/GO;Sul;Colisão traseira;1;0;1;0;0;0;0;0;0;0;2;0;0;0;0
30/03/2017;02:24:00;93;Acidente com Vítima;278,4;BR-040/MG;Sul;Abalroamento longitudinal;1;0;1;0;0;0;0;0;0;0;2;0;0;0;0
29/03/2017;21:17:00;392;Acidente sem Vítima;1;BR-040/DF;Sul;Outros;0;0;0;1;0;0;0;0;0;0;1;0;0;0;0
29/03/2017;19:37:00;359;Acidente com Vítima;537,5;BR-040/MG;Norte;Colisão traseira;1;0;2;1;0;0;0;0;0;1;4;0;0;0;0
29/03/2017;18:39:00;335;Atropelamento sem Morte;385,95;BR-040/MG;Norte;Atropelamento de pedestre caminhando;1;0;0;0;0;0;0;0;0;0;1;0;1;0;0
29/03/2017;16:26:00;303;Acidente com Vítima;609,428;BR-040/MG;Norte;Outros;1;0;0;0;0;0;0;0;0;0;0;0;1;0;0
29/03/2017;15:45:00;296;Acidente sem Vítima;533;BR-040/MG;Norte;Colisão traseira;1;0;1;0;0;0;0;0;0;0;3;0;0;0;0
29/03/2017;10:20:00;220;Acidente sem Vítima;592,1;BR-040/MG;Sul;Colisão traseira;0;0;2;0;0;0;0;0;0;0;2;0;0;0;0
28/03/2017;22:51:00;402;Acidente com Vítima;770,7;BR-040/MG;Norte;Outros;0;0;0;1;0;0;0;0;0;0;0;0;1;1;0
28/03/2017;21:44:00;386;Acidente com Vítima;709,7;BR-040/MG;Sul;Choque com objeto fixo;1;0;0;0;0;0;0;0;0;0;1;1;0;0;0
28/03/2017;19:09:00;343;Acidente sem Vítima;535,1;BR-040/MG;Norte;Abalroamento longitudinal;2;0;0;0;0;0;0;0;0;0;3;0;0;0;0
28/03/2017;18:42:00;329;Acidente com Vítima;165,01;BR-040/MG;Sul;Capotamento;1;0;0;0;0;0;0;0;0;0;0;1;0;0;0
28/03/2017;18:27:00;323;Acidente com Vítima;534,6;BR-040/MG;Norte;Choque com objeto fixo;0;0;0;1;0;0;0;0;0;0;0;1;0;0;0
28/03/2017;14:13:00;255;Acidente sem Vítima;661,2;BR-040/MG;Norte;Capotamento;1;0;0;0;0;0;0;0;0;0;1;0;0;0;0
28/03/2017;13:01:00;243;Acidente com Vítima;7,1;BR-040/GO;Sul;Abalroamento longitudinal;0;0;1;1;0;0;0;0;0;0;1;0;1;0;0
28/03/2017;12:29:00;235;Acidente sem Vítima;3,15;BR-040/DF;Norte;Capotamento;1;0;0;0;0;0;0;0;0;0;1;0;0;0;0
28/03/2017;12:28:00;234;Acidente com Vítima;11,8;BR-040/GO;Sul;Abalroamento transversal;1;0;0;1;0;0;0;0;0;0;2;1;0;0;0
28/03/2017;10:58:00;219;Acidente sem Vítima;621;BR-040/MG;Sul;Colisão traseira;2;0;0;0;0;0;0;0;0;0;2;0;0;0;0
28/03/2017;09:01:00;180;Acidente sem Vítima;6,2;BR-040/DF;Norte;Abalroamento longitudinal;0;0;0;2;0;0;0;0;0;0;2;0;0;0;0
28/03/2017;08:31:00;174;Acidente sem Vítima;493,3;BR-040/MG;Norte;Choque em barreira New Jersey;1;0;0;0;0;0;0;0;0;0;1;0;0;0;0
28/03/2017;08:25:00;172;Atropelamento sem Morte;7,15;BR-040/GO;Sul;Atropelamento de pedestre atravessando;1;0;0;0;0;0;0;0;0;0;1;1;0;0;0
28/03/2017;08:06:00;162;Acidente com Vítima;7,5;BR-040/GO;Sul;Abalroamento longitudinal;1;0;0;1;0;0;0;0;0;0;1;1;0;0;0
28/03/2017;07:50:00;152;Acidente sem Vítima;527,1;BR-040/MG;Norte;Abalroamento longitudinal;1;0;1;0;0;0;0;0;0;0;2;0;0;0;0
28/03/2017;07:49:00;151;Acidente sem Vítima;512,3;BR-040/MG;Norte;Colisão traseira;1;0;2;0;1;0;0;0;0;0;4;0;0;0;0
28/03/2017;07:38:00;146;Acidente sem Vítima;731,75;BR-040/MG;Sul;Choque com objeto fixo;0;0;1;0;0;0;0;0;0;0;1;0;0;0;0
28/03/2017;07:31:00;143;Acidente com Vítima;5,5;BR-040/DF;Norte;Colisão traseira;0;0;0;1;1;0;0;0;0;0;1;1;0;0;0
28/03/2017;07:21:00;138;Acidente com Vítima;11,1;BR-040/GO;Norte;Colisão traseira;1;0;0;1;0;0;0;0;0;0;1;0;1;0;0
28/03/2017;07:14:00;134;Acidente sem Vítima;513,001;BR-040/MG;Sul;Choque com objeto fixo;1;0;0;0;0;0;0;0;0;0;1;0;0;0;0
28/03/2017;06:39:00;122;Acidente sem Vítima;513,1;BR-040/MG;Sul;Capotamento;1;0;0;0;0;0;0;0;0;0;1;0;0;0;0
27/03/2017;23:27:00;400;Acidente sem Vítima;466,2;BR-040/MG;Sul;Colisão traseira;0;0;1;0;1;0;0;0;0;0;19;0;0;0;0
27/03/2017;21:24:00;379;Acidente sem Vítima;697,345;BR-040/MG;Sul;Capotamento;1;0;0;0;0;0;0;0;0;0;1;0;0;0;0
27/03/2017;20:35:00;364;Acidente sem Vítima;534,4;BR-040/MG;Sul;Colisão traseira;1;0;0;1;0;0;0;0;0;0;2;0;0;0;0
27/03/2017;20:00:00;349;Atropelamento sem Morte;43,158;BR-040/MG;Sul;Atropelamento de pedestre caminhando;1;0;0;0;0;0;0;0;0;0;2;1;0;0;0
27/03/2017;18:40:00;314;Acidente com Vítima;524,5;BR-040/MG;Norte;Outros;0;0;0;1;0;0;0;0;0;0;0;1;0;0;0
27/03/2017;16:55:00;292;Acidente sem Vítima;487,1;BR-040/MG;Norte;Colisão traseira;0;0;2;0;0;0;0;0;0;0;2;0;0;0;0
27/03/2017;15:21:00;258;Acidente sem Vítima;635,25;BR-040/MG;Sul;Capotamento;1;0;0;0;0;0;0;0;0;0;4;0;0;0;0
27/03/2017;14:40:00;246;Acidente sem Vítima;562,1;BR-040/MG;Sul;Queda de Carga;1;0;0;0;0;0;0;0;0;0;1;0;0;0;0
27/03/2017;13:35:00;237;Acidente com Vítima;16,3;BR-040/GO;Norte;Choque com objeto fixo;1;0;1;0;0;0;0;0;0;0;4;1;0;0;0
27/03/2017;13:16:00;232;Acidente com Vítima;538,1;BR-040/MG;Norte;Colisão traseira;1;0;0;1;0;0;0;0;0;0;1;0;1;0;0
27/03/2017;12:31:00;223;Acidente com Vítima;526,1;BR-040/MG;Norte;Colisão traseira;1;0;0;0;1;0;0;0;0;0;1;1;0;0;0
27/03/2017;12:26:00;220;Acidente sem Vítima;549,25;BR-040/MG;Sul;Choque em barreira New Jersey;1;0;0;0;0;0;0;0;0;0;1;0;0;0;0
27/03/2017;12:01:00;207;Acidente com Vítima;462,5;BR-040/MG;Norte;Capotamento;1;0;0;0;0;0;0;0;0;0;0;0;2;0;0
27/03/2017;11:17:00;200;Acidente sem Vítima;346,5;BR-040/MG;Sul;Capotamento;1;0;0;0;0;0;0;0;0;0;1;0;0;0;0
27/03/2017;07:54:00;138;Acidente com Vítima;511,9;BR-040/MG;Sul;Outros;0;0;0;1;0;0;0;0;0;0;0;1;0;0;0
27/03/2017;07:00:00;121;Acidente com Vítima;14,46;BR-040/GO;Sul;Choque com objeto fixo;1;0;0;0;0;0;0;0;0;0;0;1;0;0;0
27/03/2017;06:24:00;109;Acidente com Vítima;514,1;BR-040/MG;Sul;Colisão traseira;3;0;0;0;0;0;0;0;0;0;3;2;0;0;0
27/03/2017;00:09:00;1;Acidente com Vítima;2,11;BR-040/GO;Sul;Outros;2;0;1;1;0;0;0;0;0;0;5;1;0;0;0
26/03/2017;22:25:00;270;Acidente com Vítima;529,18;BR-040/MG;Norte;Colisão traseira;1;0;0;1;0;0;0;0;0;0;3;1;0;0;0
26/03/2017;22:18:00;267;Acidente sem Vítima;6,085;BR-040/GO;Sul;Colisão frontal;2;0;0;0;0;0;0;0;0;0;4;0;0;0;0
26/03/2017;21:52:00;263;Acidente sem Vítima;513;BR-040/MG;Sul;Capotamento;1;0;0;0;0;0;0;0;0;0;1;0;0;0;0
26/03/2017;20:45:00;245;Acidente sem Vítima;475,7;BR-040/MG;Sul;Atropelamento de animal;1;0;0;0;0;0;0;0;0;0;1;0;0;0;0
26/03/2017;20:17:00;234;Acidente com Vítima;747,8;BR-040/MG;Norte;Abalroamento transversal;1;0;0;1;0;0;0;0;0;0;2;0;1;0;0
26/03/2017;19:31:00;216;Acidente com Morte;523,205;BR-040/MG;Sul;Capotamento;2;0;0;0;0;0;0;0;0;0;7;1;2;0;2
26/03/2017;19:11:00;206;Acidente com Vítima;618,55;BR-040/MG;Norte;Outros;1;0;0;0;0;0;0;0;0;0;0;1;0;0;0
26/03/2017;17:17:00;159;Acidente sem Vítima;679,943;BR-040/MG;Sul;Outros;1;0;0;0;0;0;0;0;0;0;1;0;0;0;0
26/03/2017;17:00:00;203;Acidente sem Vítima;510,3;BR-040/MG;Sul;Colisão traseira;2;0;0;0;0;0;0;0;0;0;2;0;0;0;0
26/03/2017;16:44:00;149;Acidente sem Vítima;236,5;BR-040/MG;Sul;Capotamento;1;0;0;0;0;0;0;0;0;0;1;0;0;0;0
26/03/2017;16:40:00;146;Acidente sem Vítima;510;BR-040/MG;Sul;Colisão traseira;2;0;0;0;0;0;0;0;0;0;3;0;0;0;0
26/03/2017;15:12:00;128;Acidente com Vítima;5,3;BR-040/GO;Norte;Outros;0;0;0;1;0;0;0;0;0;0;0;0;1;0;0
26/03/2017;15:11:00;127;Acidente com Vítima;312,4;BR-040/MG;Sul;Outros;0;0;0;1;0;0;0;0;0;0;0;1;1;0;0