data;horario;n_da_ocorrencia;tipo_de_ocorrencia;km;trecho;sentido;tipo_de_acidente;automovel;bicicleta;caminhao;moto;onibus;outros;tracao_animal;transporte_de_cargas_especiais;trator_maquinas;utilitarios;ilesos;levemente_feridos;moderadamente_feridos;gravemente_feridos;mortos
26/03/2017;14:41:00;119;Acidente sem Vítima;731,8;BR-040/MG;Sul;Choque em barreira New Jersey;1;0;0;0;0;0;0;0;0;0;1;0;0;0;0
26/03/2017;13:04:00;101;Acidente com Vítima;538,4;BR-040/MG;Norte;Abalroamento transversal;1;0;1;0;0;0;0;0;0;0;2;1;0;0;0
26/03/2017;11:24:00;77;Acidente sem Vítima;572;BR-040/MG;Sul;Outros;0;1;0;0;0;0;0;0;0;0;2;0;0;0;0
26/03/2017;10:56:00;70;Acidente sem Vítima;503,1;BR-040/MG;Norte;Choque com objeto fixo;1;0;0;0;0;0;0;0;0;0;1;0;0;0;0
26/03/2017;09:26:00;57;Acidente sem Vítima;17;BR-040/MG;Sul;Outros;0;0;0;1;0;0;0;0;0;0;1;0;0;0;0
26/03/2017;02:43:00;14;Acidente sem Vítima;521;BR-040/MG;Norte;Outros;1;0;0;0;0;0;0;0;0;0;1;0;0;0;0
26/03/2017;02:40:00;13;Acidente com Vítima;643,12;BR-040/MG;Norte;Capotamento;1;0;0;0;0;0;0;0;0;0;0;0;2;0;0
26/03/2017;02:02:00;11;Acidente sem Vítima;502,694;BR-040/MG;Sul;Capotamento;1;0;0;0;0;0;0;0;0;0;1;0;0;0;0
26/03/2017;01:17:00;4;Acidente sem Vítima;6,8;BR-040/DF;Norte;Abalroamento transversal;2;0;0;0;0;0;0;0;0;0;2;0;0;0;0
25/03/2017;18:39:00;237;Acidente sem Vítima;749,5;BR-040/MG;Sul;Choque com objeto fixo;1;0;0;0;0;0;0;0;0;0;1;0;0;0;0
25/03/2017;16:12:00;203;Acidente sem Vítima;543,9;BR-040/MG;Sul;Outros;0;0;0;1;0;0;0;0;0;0;1;0;0;0;0
25/03/2017;11:07:00;116;Acidente sem Vítima;577,06;BR-040/MG;Norte;Colisão traseira;0;0;1;0;0;1;0;0;0;0;3;0;0;0;0
25/03/2017;10:19:00;102;Acidente sem Vítima;513,8;BR-040/MG;Norte;Colisão traseira;2;0;0;0;0;0;0;0;0;0;2;0;0;0;0
25/03/2017;09:59:00;96;Acidente com Vítima;514,1;BR-040/MG;Norte;Colisão traseira;4;0;0;0;0;0;0;0;0;1;5;1;0;1;0
25/03/2017;06:36:00;53;Acidente com Vítima;750;BR-040/MG;Norte;Capotamento;1;0;0;0;0;0;0;0;0;0;2;2;0;0;0
25/03/2017;06:27:00;51;Acidente sem Vítima;36,23;BR-040/MG;Norte;Choque com objeto fixo;1;0;0;0;0;0;0;0;0;0;2;0;0;0;0
25/03/2017;02:04:00;18;Acidente sem Vítima;24,2;BR-040/GO;Sul;Choque em defensa;1;0;0;0;0;0;0;0;0;0;1;0;0;0;0
24/03/2017;23:35:00;404;Acidente sem Vítima;15,98;BR-040/GO;Sul;Queda de Carga;1;0;0;0;0;0;0;0;0;0;15;0;0;0;0
24/03/2017;23:15:00;398;Acidente sem Vítima;1,5;BR-040/DF;Sul;Colisão traseira;2;0;0;0;0;0;0;0;0;0;3;0;0;0;0
24/03/2017;20:08:00;350;Acidente com Vítima;510,1;BR-040/MG;Norte;Colisão traseira;1;0;0;0;1;0;0;0;0;0;38;3;0;0;0
24/03/2017;20:00:00;352;Acidente sem Vítima;490,5;BR-040/MG;Sul;Outros;2;0;1;0;0;0;0;0;0;0;8;0;0;0;0
24/03/2017;19:51:00;342;Acidente sem Vítima;714,02;BR-040/MG;Norte;Abalroamento longitudinal;1;0;1;0;0;0;0;0;0;0;2;0;0;0;0
24/03/2017;19:43:00;339;Acidente sem Vítima;2,5;BR-040/GO;Sul;Colisão traseira;2;0;0;0;0;0;0;0;0;0;7;0;0;0;0
24/03/2017;17:57:00;302;Atropelamento sem Morte;42,5;BR-040/MG;Norte;Atropelamento de ciclista;0;1;0;1;0;0;0;0;0;0;1;1;0;0;0
24/03/2017;17:29:00;292;Acidente com Vítima;509,5;BR-040/MG;Norte;Outros;0;0;0;1;0;0;0;0;0;0;1;1;0;0;0
24/03/2017;16:48:00;275;Acidente sem Vítima;464,1;BR-040/MG;Norte;Abalroamento longitudinal;0;0;2;0;0;0;0;0;0;0;2;0;0;0;0
24/03/2017;15:41:00;256;Acidente sem Vítima;628,532;BR-040/MG;Norte;Abalroamento longitudinal;1;0;1;0;0;0;0;0;0;0;2;0;0;0;0
24/03/2017;15:22:00;250;Acidente com Vítima;553,05;BR-040/MG;Sul;Colisão traseira;1;0;0;1;0;0;0;0;0;0;1;1;0;0;0
24/03/2017;13:39:00;223;Acidente sem Vítima;534,2;BR-040/MG;Norte;Abalroamento longitudinal;1;0;1;0;0;0;0;0;0;0;2;0;0;0;0
24/03/2017;12:50:00;214;Acidente sem Vítima;4,5;BR-040/DF;Sul;Colisão traseira;2;0;0;0;0;0;0;0;0;0;2;0;0;0;0
24/03/2017;11:20:00;195;Acidente sem Vítima;535,4;BR-040/MG;Norte;Abalroamento longitudinal;1;0;0;1;0;0;0;0;0;0;2;0;0;0;0
24/03/2017;07:23:00;131;Acidente sem Vítima;144,1;BR-040/GO;Sul;Atropelamento de animal;1;0;0;0;0;0;0;0;0;0;1;0;0;0;0
24/03/2017;06:37:00;113;Acidente com Vítima;3,5;BR-040/DF;Norte;Abalroamento longitudinal;1;0;0;1;0;0;0;0;0;0;1;0;0;0;0
23/03/2017;22:29:00;382;Acidente com Vítima;610,5;BR-040/MG;Norte;Atropelamento de animal;0;0;0;1;0;0;0;0;0;0;0;1;0;0;0
23/03/2017;18:42:00;330;Acidente com Vítima;127,216;BR-040/MG;Sul;Abalroamento longitudinal;1;0;0;0;0;1;0;0;0;0;1;0;1;0;0
23/03/2017;18:13:00;320;Acidente sem Vítima;564,1;BR-040/MG;Norte;Colisão traseira;1;0;1;0;0;0;0;0;0;0;2;0;0;0;0
23/03/2017;15:39:00;273;Atropelamento sem Morte;515,1;BR-040/MG;Norte;Atropelamento de pedestre caminhando;1;0;0;0;0;0;0;0;0;0;1;1;1;0;0
23/03/2017;13:33:00;239;Acidente com Morte;141,5;BR-040/MG;Norte;Abalroamento transversal;1;0;0;1;0;0;0;0;0;0;0;0;0;0;1
23/03/2017;13:02:00;230;Acidente com Vítima;749,15;BR-040/MG;Sul;Abalroamento longitudinal;1;0;1;0;0;0;0;0;0;0;1;0;1;0;0
23/03/2017;12:29:00;226;Acidente sem Vítima;42,1;BR-040/MG;Sul;Abalroamento longitudinal;2;0;0;0;0;0;0;0;0;0;2;0;0;0;0
23/03/2017;09:35:00;181;Acidente sem Vítima;537,1;BR-040/MG;Norte;Abalroamento longitudinal;2;0;0;0;0;0;0;0;0;0;2;0;0;0;0
23/03/2017;09:03:00;166;Acidente sem Vítima;537,1;BR-040/MG;Norte;Colisão traseira;4;0;1;0;0;0;0;0;0;0;10;0;0;0;0
23/03/2017;07:59:00;140;Acidente com Vítima;694,94;BR-040/MG;Norte;Abalroamento transversal;1;0;0;1;0;0;0;0;0;0;1;1;0;0;0
22/03/2017;22:51:00;350;Acidente sem Vítima;749,6;BR-040/MG;Sul;Choque com objeto fixo;0;0;1;0;0;0;0;0;0;0;2;0;0;0;0
22/03/2017;22:06:00;337;Acidente sem Vítima;156;BR-040/GO;Norte;Abalroamento longitudinal;2;0;1;0;0;0;0;0;0;0;3;0;0;0;0
22/03/2017;18:58:00;298;Acidente com Vítima;96;BR-040/GO;Norte;Abalroamento transversal;0;1;0;1;0;0;0;0;0;0;1;1;0;0;0
22/03/2017;17:49:00;285;Acidente sem Vítima;1;BR-040/GO;Sul;Outros;1;0;0;2;0;0;0;0;0;0;3;0;0;0;0
22/03/2017;14:30:00;246;Acidente com Vítima;442,064;BR-040/MG;Sul;Capotamento;1;0;0;0;0;0;0;0;0;0;1;0;1;0;0
22/03/2017;13:54:00;236;Acidente sem Vítima;469,957;BR-040/MG;Sul;Capotamento;1;0;0;0;0;1;0;0;0;0;3;0;0;0;0
22/03/2017;13:53:00;233;Acidente com Vítima;626,01;BR-040/MG;Norte;Colisão traseira;1;0;0;1;0;0;0;0;0;0;1;0;1;0;0
22/03/2017;13:14:00;223;Acidente com Vítima;584,508;BR-040/MG;Norte;Colisão traseira;0;0;2;0;0;0;0;0;0;0;1;1;0;0;0
22/03/2017;11:31:00;202;Acidente com Vítima;613,9;BR-040/MG;Norte;Colisão traseira;2;0;0;0;0;0;0;0;0;0;2;2;0;0;0
22/03/2017;09:36:00;178;Acidente sem Vítima;71;BR-040/MG;Norte;Queda de Carga;0;0;1;0;0;0;0;0;0;0;1;0;0;0;0
22/03/2017;09:28:00;175;Acidente com Vítima;602,6;BR-040/MG;Sul;Abalroamento transversal;1;0;1;0;0;0;0;0;0;0;2;0;1;0;0
22/03/2017;08:54:00;170;Acidente com Vítima;544,025;BR-040/MG;Sul;Outros;0;0;0;1;0;0;0;0;0;0;0;1;0;0;0
22/03/2017;06:50:00;123;Acidente sem Vítima;3,1;BR-040/GO;Norte;Abalroamento longitudinal;2;0;0;0;0;0;0;0;0;0;3;0;0;0;0
22/03/2017;03:43:00;103;Acidente com Vítima;292,8;BR-040/MG;Sul;Queda de Carga;0;0;1;0;0;1;0;0;0;0;1;0;1;0;0
21/03/2017;23:44:00;357;Acidente sem Vítima;499,9;BR-040/MG;Sul;Colisão traseira;2;0;0;0;0;0;0;0;0;0;2;0;0;0;0
21/03/2017;19:07:00;311;Acidente sem Vítima;529,06;BR-040/MG;Norte;Abalroamento longitudinal;1;0;1;0;0;0;0;0;0;0;3;0;0;0;0
21/03/2017;15:15:00;259;Acidente sem Vítima;510,3;BR-040/MG;Norte;Choque com objeto fixo;2;0;0;0;0;0;0;0;0;0;2;0;0;0;0
21/03/2017;14:55:00;254;Acidente com Vítima;600,3;BR-040/MG;Norte;Outros;0;0;0;1;0;0;0;0;0;0;0;2;0;0;0
21/03/2017;13:53:00;237;Acidente sem Vítima;3;BR-040/GO;Sul;Abalroamento longitudinal;2;0;0;0;0;0;0;0;0;0;4;0;0;0;0
21/03/2017;13:49:00;236;Acidente sem Vítima;11;BR-040/GO;Sul;Outros;0;0;1;1;0;0;0;0;0;0;2;0;0;0;0
21/03/2017;09:34:00;180;Acidente com Vítima;15,272;BR-040/GO;Sul;Outros;0;0;0;1;0;0;0;0;0;0;1;1;0;0;0
21/03/2017;08:10:00;146;Acidente sem Vítima;541,272;BR-040/MG;Sul;Colisão traseira;2;0;1;0;0;0;0;0;0;0;4;0;0;0;0
21/03/2017;06:34:00;109;Acidente sem Vítima;346,7;BR-040/MG;Sul;Capotamento;1;0;0;0;0;0;0;0;0;0;1;0;0;0;0
21/03/2017;00:49:00;81;Acidente sem Vítima;534,8;BR-040/MG;Norte;Abalroamento longitudinal;0;0;2;0;0;0;0;0;0;0;4;0;0;0;0
20/03/2017;19:43:00;354;Acidente com Vítima;527,02;BR-040/MG;Sul;Colisão traseira;0;0;0;1;1;0;0;0;0;0;1;1;0;0;0
20/03/2017;17:09:00;296;Acidente com Morte;42,4;BR-040/GO;Sul;Colisão frontal;2;0;1;0;0;0;0;0;0;0;1;0;4;0;1
20/03/2017;17:00:00;295;Acidente sem Vítima;632,5;BR-040/MG;Sul;Abalroamento transversal;2;0;0;0;0;0;0;0;0;0;3;0;0;0;0
20/03/2017;14:09:00;251;Acidente com Vítima;678,8;BR-040/MG;Norte;Choque com objeto fixo;1;0;0;0;0;0;0;0;0;0;0;0;1;0;0
20/03/2017;13:51:00;250;Acidente com Vítima;525,2;BR-040/MG;Norte;Abalroamento longitudinal;1;0;0;1;0;0;0;0;0;0;2;1;0;0;0
20/03/2017;12:25:00;233;Acidente sem Vítima;562,15;BR-040/MG;Sul;Choque com objeto fixo;1;0;0;0;0;0;0;0;0;0;1;0;0;0;0
20/03/2017;12:13:00;230;Acidente sem Vítima;731,1;BR-040/MG;Sul;Choque em barreira New Jersey;1;0;0;0;0;0;0;0;0;0;1;0;0;0;0
20/03/2017;11:28:00;218;Acidente com Vítima;717,6;BR-040/MG;Norte;Capotamento;1;0;0;0;0;0;0;0;0;0;2;0;1;0;0
20/03/2017;09:42:00;198;Acidente sem Vítima;446,15;BR-040/MG;Sul;Choque em defensa;1;0;0;0;0;0;0;0;0;0;1;0;0;0;0
20/03/2017;08:40:00;175;Acidente sem Vítima;610,1;BR-040/MG;Sul;Colisão traseira;3;0;0;0;0;1;0;0;0;0;4;0;0;0;0
20/03/2017;07:57:00;157;Acidente com Vítima;4,9;BR-040/GO;Norte;Colisão traseira;1;0;0;1;0;0;0;0;0;0;1;0;0;0;0
20/03/2017;07:43:00;149;Acidente com Vítima;6,8;BR-040/DF;Norte;Colisão traseira;1;0;0;1;0;0;0;0;0;0;1;1;0;0;0
20/03/2017;07:41:00;148;Acidente sem Vítima;728,5;BR-040/MG;Sul;Colisão traseira;1;0;1;0;0;0;0;0;0;0;2;0;0;0;0
20/03/2017;06:49:00;123;Acidente sem Vítima;675,1;BR-040/MG;Sul;Choque com objeto fixo;1;0;0;0;0;0;0;0;0;0;1;0;0;0;0
20/03/2017;01:08:00;4;Acidente com Vítima;113,5;BR-040/GO;Sul;Capotamento;1;0;0;0;0;0;0;0;0;0;0;1;0;0;0
19/03/2017;18:57:00;221;Acidente com Vítima;1,5;BR-040/GO;Sul;Colisão traseira;4;0;0;0;0;0;0;0;0;0;5;1;0;0;0
19/03/2017;18:52:00;215;Acidente com Vítima;525,01;BR-040/MG;Norte;Outros;1;0;0;0;0;0;0;0;0;0;1;1;0;0;0
19/03/2017;17:34:00;181;Acidente sem Vítima;2,7;BR-040/GO;Norte;Colisão traseira;2;0;0;0;0;0;0;0;0;0;8;0;0;0;0
19/03/2017;16:59:00;167;Acidente sem Vítima;731,1;BR-040/MG;Sul;Choque com objeto fixo;1;0;0;0;0;0;0;0;0;0;5;0;0;0;0
19/03/2017;15:32:00;144;Acidente sem Vítima;608,1;BR-040/MG;Sul;Abalroamento longitudinal;2;0;0;0;0;0;0;0;0;0;2;0;0;0;0
19/03/2017;14:14:00;127;Acidente sem Vítima;694,1;BR-040/MG;Norte;Capotamento;1;0;0;0;0;0;0;0;0;0;1;0;0;0;0
19/03/2017;12:15:00;104;Acidente com Vítima;11,8;BR-040/GO;Norte;Colisão traseira;2;0;0;0;0;0;0;0;0;0;2;1;0;0;0
19/03/2017;11:41:00;98;Acidente com Vítima;656,1;BR-040/MG;Norte;Choque em barreira New Jersey;1;0;0;0;0;0;0;0;0;0;1;2;0;0;0
19/03/2017;10:56:00;91;Acidente sem Vítima;656,1;BR-040/MG;Norte;Choque em barreira New Jersey;1;0;0;0;0;0;0;0;0;0;2;0;0;0;0
19/03/2017;09:45:00;75;Acidente com Vítima;711,1;BR-040/MG;Norte;Choque em barreira New Jersey;1;0;0;0;0;0;0;0;0;0;1;1;0;0;0
19/03/2017;07:34:00;51;Acidente com Vítima;641,1;BR-040/MG;Sul;Capotamento;1;0;0;0;0;0;0;0;0;0;0;0;1;0;0
19/03/2017;05:52:00;34;Acidente sem Vítima;1,5;BR-040/DF;Norte;Choque com objeto fixo;1;0;0;0;0;0;0;0;0;0;2;0;0;0;0
19/03/2017;05:50:00;33;Acidente sem Vítima;527,005;BR-040/MG;Sul;Choque com objeto fixo;1;0;0;0;0;0;0;0;0;0;2;0;0;0;0
19/03/2017;04:37:00;28;Acidente sem Vítima;617,85;BR-040/MG;Norte;Choque em defensa;2;0;0;0;0;0;0;0;0;0;2;0;0;0;0
19/03/2017;02:19:00;18;Acidente com Vítima;514,4;BR-040/MG;Norte;Choque em defensa;1;0;0;0;0;0;0;0;0;0;1;1;0;0;0
19/03/2017;02:10:00;17;Acidente sem Vítima;524,5;BR-040/MG;Sul;Choque com objeto fixo;1;0;0;0;0;0;0;0;0;0;5;0;0;0;0
19/03/2017;01:39:00;14;Acidente com Vítima;592,8;BR-040/MG;Norte;Choque em defensa;0;0;1;0;0;0;0;0;0;0;0;0;1;0;0
19/03/2017;00:18:00;3;Acidente com Vítima;457,44;BR-040/MG;Norte;Capotamento;1;0;0;0;0;0;0;0;0;0;0;1;0;0;0
18/03/2017;23:50:00;337;Acidente sem Vítima;708;BR-040/MG;Sul;Choque em barreira New Jersey;1;0;0;0;0;0;0;0;0;0;3;0;0;0;0
18/03/2017;20:55:00;311;Acidente com Vítima;533,55;BR-040/MG;Sul;Abalroamento longitudinal;2;0;0;0;0;0;0;0;0;0;2;1;0;0;0
18/03/2017;19:19:00;294;Acidente sem Vítima;635,7;BR-040/MG;Sul;Abalroamento transversal;2;0;0;0;0;0;0;0;0;0;2;0;0;0;0
18/03/2017;19:06:00;290;Acidente com Vítima;8,01;BR-040/GO;Sul;Choque com objeto fixo;0;0;0;1;0;0;0;0;0;0;1;0;1;0;0
18/03/2017;18:45:00;281;Acidente sem Vítima;532,07;BR-040/MG;Norte;Choque com objeto fixo;1;0;0;0;0;0;0;0;0;0;2;0;0;0;0
18/03/2017;18:14:00;267;Acidente com Vítima;54,1;BR-040/GO;Norte;Capotamento;1;0;0;0;0;0;0;0;0;0;0;1;3;0;0
18/03/2017;17:29:00;251;Acidente sem Vítima;458,9;BR-040/MG;Norte;Choque com objeto fixo;1;0;0;0;0;0;0;0;0;0;3;0;0;0;0
18/03/2017;16:31:00;237;Acidente sem Vítima;502,7;BR-040/MG;Norte;Capotamento;1;0;0;0;0;0;0;0;0;0;2;0;0;0;0
18/03/2017;16:15:00;232;Acidente sem Vítima;5,9;BR-040/GO;Norte;Abalroamento longitudinal;2;0;0;0;0;0;0;0;0;0;2;0;0;0;0
18/03/2017;15:48:00;227;Acidente sem Vítima;7,3;BR-040/GO;Sul;Choque com objeto fixo;1;0;0;0;0;0;0;0;0;0;5;0;0;0;0
18/03/2017;14:36:00;204;Acidente sem Vítima;577;BR-040/MG;Norte;Colisão traseira;1;0;1;0;0;0;0;0;0;0;4;0;0;0;0
18/03/2017;13:40:00;190;Acidente com Vítima;748,1;BR-040/MG;Sul;Choque com objeto fixo;1;0;0;0;0;0;0;0;0;0;1;1;0;0;0
18/03/2017;13:14:00;179;Acidente sem Vítima;557,386;BR-040/MG;Sul;Choque em barreira New Jersey;1;0;0;0;0;0;0;0;0;0;1;0;0;0;0
18/03/2017;12:54:00;174;Acidente sem Vítima;511,1;BR-040/MG;Norte;Abalroamento longitudinal;1;0;0;0;0;1;0;0;0;0;4;0;0;0;0
18/03/2017;12:37:00;168;Acidente com Morte;317,365;BR-040/MG;Sul;Colisão frontal;1;0;1;0;0;0;0;0;0;0;1;1;0;1;1
18/03/2017;11:07:00;141;Atropelamento sem Morte;5;BR-040/DF;Norte;Atropelamento de ciclista;1;0;0;0;0;0;0;0;0;0;0;1;0;0;0
18/03/2017;01:46:00;38;Acidente sem Vítima;528,5;BR-040/MG;Sul;Colisão traseira;2;0;0;0;0;0;0;0;0;0;2;0;0;0;0
17/03/2017;21:01:00;380;Acidente com Vítima;4,5;BR-040/GO;Sul;Choque com objeto fixo;1;0;0;0;0;0;0;0;0;0;0;0;1;0;0
17/03/2017;19:19:00;342;Acidente com Vítima;538,33;BR-040/MG;Norte;Colisão traseira;4;0;0;0;0;0;0;0;0;0;4;1;0;0;0
17/03/2017;17:26:00;308;Atropelamento sem Morte;1,6;BR-040/GO;Sul;Atropelamento de pedestre atravessando;1;0;0;0;0;0;0;0;0;0;1;0;1;0;0
17/03/2017;16:26:00;279;Acidente sem Vítima;531,97;BR-040/MG;Norte;Colisão traseira;2;0;0;0;0;0;0;0;0;0;2;0;0;0;0
17/03/2017;15:32:00;264;Acidente sem Vítima;539,1;BR-040/MG;Norte;Outros;0;0;0;1;0;0;0;0;0;0;1;0;0;0;0
17/03/2017;15:14:00;260;Atropelamento sem Morte;649,09;BR-040/MG;Norte;Atropelamento de pedestre caminhando;1;0;0;0;0;0;0;0;0;0;1;0;1;0;0
17/03/2017;14:32:00;247;Acidente sem Vítima;614;BR-040/MG;Norte;Abalroamento longitudinal;1;0;1;0;0;0;0;0;0;0;2;0;0;0;0
17/03/2017;14:03:00;240;Acidente sem Vítima;446,472;BR-040/MG;Sul;Choque com objeto fixo;2;0;0;0;0;0;0;0;0;0;2;0;0;0;0
17/03/2017;09:10:00;173;Acidente sem Vítima;553,002;BR-040/MG;Norte;Capotamento;0;0;0;1;0;0;0;0;0;0;1;0;0;0;0
17/03/2017;06:43:00;131;Acidente com Vítima;3,5;BR-040/GO;Sul;Abalroamento longitudinal;0;0;0;2;0;0;0;0;0;0;2;2;0;0;0
17/03/2017;04:32:00;105;Acidente sem Vítima;534,9;BR-040/MG;Norte;Choque com objeto fixo;2;0;0;0;0;0;0;0;0;0;2;0;0;0;0
16/03/2017;20:16:00;338;Acidente com Vítima;363,9;BR-040/MG;Sul;Colisão frontal;2;0;1;0;0;0;0;0;0;0;5;1;2;0;0
16/03/2017;19:50:00;331;Acidente com Vítima;515,6;BR-040/MG;Sul;Choque com objeto fixo;1;0;0;0;0;1;0;0;0;0;1;1;0;0;0
16/03/2017;18:22:00;298;Acidente com Vítima;405,2;BR-040/MG;Sul;Outros;0;0;0;1;0;0;0;0;0;0;0;1;0;0;0
16/03/2017;18:00:00;293;Acidente com Vítima;715,042;BR-040/MG;Norte;Outros;0;0;0;1;0;1;0;0;0;0;1;0;1;0;0
16/03/2017;17:24:00;280;Acidente com Vítima;3,5;BR-040/GO;Sul;Abalroamento transversal;1;0;0;1;0;0;0;0;0;0;3;0;1;0;0
16/03/2017;16:04:00;265;Acidente sem Vítima;454,1;BR-040/MG;Norte;Choque com objeto fixo;2;0;0;0;0;0;0;0;0;0;2;0;0;0;0
16/03/2017;15:41:00;255;Atropelamento sem Morte;2,5;BR-040/DF;Sul;Atropelamento de pedestre atravessando;1;0;0;0;0;0;0;0;0;0;1;0;0;0;0
16/03/2017;15:10:00;247;Acidente sem Vítima;540,1;BR-040/MG;Sul;Colisão traseira;1;0;2;0;0;0;0;0;0;0;3;0;0;0;0
16/03/2017;09:45:00;182;Acidente com Vítima;575,9;BR-040/MG;Norte;Abalroamento transversal;2;0;0;0;0;0;0;0;0;0;2;1;0;0;0
16/03/2017;09:40:00;180;Acidente com Vítima;147,75;BR-040/MG;Norte;Capotamento;1;0;0;0;0;0;0;0;0;0;0;1;0;0;0
16/03/2017;07:53:00;148;Acidente sem Vítima;534,9;BR-040/MG;Sul;Colisão traseira;3;0;0;0;0;0;0;0;0;0;3;0;0;0;0
16/03/2017;07:23:00;137;Acidente com Vítima;536,1;BR-040/MG;Sul;Colisão traseira;1;0;0;1;0;0;0;0;0;0;1;1;0;0;0
16/03/2017;07:20:00;135;Acidente com Vítima;517,1;BR-040/MG;Sul;Abalroamento longitudinal;0;0;1;1;0;0;0;0;0;0;1;1;0;0;0
16/03/2017;07:00:00;130;Atropelamento sem Morte;1,241;BR-040/GO;Norte;Atropelamento de pedestre atravessando;0;0;0;1;0;0;0;0;0;0;1;1;0;0;0
16/03/2017;06:23:00;113;Acidente com Vítima;518,5;BR-040/MG;Sul;Abalroamento longitudinal;0;0;0;2;0;0;0;0;0;0;0;2;0;0;0
16/03/2017;00:11:00;9;Acidente sem Vítima;449,1;BR-040/MG;Norte;Atropelamento de animal;1;0;0;0;0;0;0;0;0;0;1;0;0;0;0
15/03/2017;18:39:00;305;Acidente com Vítima;529,5;BR-040/MG;Norte;Abalroamento longitudinal;1;0;0;1;0;0;0;0;0;0;2;1;0;0;0
15/03/2017;17:35:00;285;Acidente com Vítima;142,2;BR-040/MG;Sul;Outros;1;0;0;1;0;0;0;0;0;0;3;1;0;0;0
15/03/2017;16:28:00;268;Acidente com Vítima;702;BR-040/MG;Sul;Colisão traseira;1;0;0;1;0;0;0;0;0;0;1;1;0;0;0
15/03/2017;13:46:00;228;Acidente sem Vítima;538,9;BR-040/MG;Norte;Outros;1;0;0;1;0;0;0;0;0;0;2;0;0;0;0
15/03/2017;08:00:00;148;Acidente com Vítima;11,8;BR-040/GO;Sul;Abalroamento longitudinal;0;0;0;1;1;0;0;0;0;0;1;0;1;0;0
15/03/2017;07:54:00;146;Acidente sem Vítima;426,5;BR-040/MG;Norte;Queda de Carga;0;0;1;0;0;0;0;0;0;0;2;0;0;0;0
15/03/2017;07:35:00;138;Acidente sem Vítima;517,1;BR-040/MG;Sul;Colisão traseira;2;0;0;0;0;0;0;0;0;0;3;0;0;0;0
15/03/2017;07:04:00;130;Acidente com Vítima;696;BR-040/MG;Norte;Outros;0;0;0;1;0;0;0;0;0;0;0;1;0;0;0
15/03/2017;06:04:00;109;Acidente com Vítima;5,21;BR-040/DF;Norte;Queda de Carga;0;0;1;0;0;0;0;0;0;0;44;3;1;0;0
15/03/2017;04:43:00;98;Acidente sem Vítima;2,05;BR-040/GO;Norte;Colisão traseira;2;0;0;0;0;0;0;0;0;0;8;0;0;0;0
14/03/2017;21:53:00;323;Acidente com Vítima;3,5;BR-040/GO;Norte;Outros;0;0;0;1;0;0;0;0;0;0;0;0;1;0;0
14/03/2017;19:43:00;294;Acidente com Vítima;19,6;BR-040/GO;Sul;Atropelamento de animal;0;0;0;1;0;0;0;0;0;0;0;2;0;0;0
14/03/2017;18:02:00;268;Acidente com Vítima;7,58;BR-040/GO;Sul;Abalroamento longitudinal;1;0;0;1;0;0;0;0;0;0;1;0;0;0;0
14/03/2017;17:41:00;264;Acidente sem Vítima;538,01;BR-040/MG;Norte;Colisão traseira;2;0;1;0;0;0;0;0;0;0;5;0;0;0;0
14/03/2017;17:23:00;262;Acidente com Vítima;7,25;BR-040/GO;Sul;Colisão traseira;1;0;0;1;0;0;0;0;0;0;1;1;0;0;0
14/03/2017;14:11:00;214;Acidente com Vítima;465;BR-040/MG;Sul;Choque com objeto fixo;1;0;0;0;0;0;0;0;0;0;1;1;0;0;0
14/03/2017;12:20:00;195;Acidente sem Vítima;108,14;BR-040/MG;Sul;Abalroamento longitudinal;1;0;1;1;0;0;0;0;0;0;3;0;0;0;0
14/03/2017;09:58:00;162;Acidente com Vítima;545;BR-040/MG;Sul;Colisão frontal;2;0;0;0;0;0;0;0;0;0;1;2;1;0;0
14/03/2017;09:14:00;150;Acidente sem Vítima;536,9;BR-040/MG;Norte;Abalroamento longitudinal;1;0;1;0;0;0;0;0;0;0;2;0;0;0;0
14/03/2017;06:55:00;108;Acidente com Vítima;522,5;BR-040/MG;Sul;Colisão traseira;0;0;1;1;0;0;0;0;0;0;3;1;0;0;0
14/03/2017;06:43:00;98;Acidente sem Vítima;726,405;BR-040/MG;Norte;Choque com objeto fixo;1;0;0;0;0;0;0;0;0;0;1;0;0;0;0
13/03/2017;21:04:00;353;Acidente com Vítima;5,3;BR-040/DF;Sul;Colisão traseira;1;0;0;1;0;0;0;0;0;0;2;0;0;0;0
13/03/2017;16:59:00;278;Acidente com Vítima;631,8;BR-040/MG;Sul;Outros;1;0;0;0;0;0;0;0;0;0;1;1;0;0;0
13/03/2017;16:17:00;265;Atropelamento sem Morte;276,4;BR-040/MG;Sul;Atropelamento de pedestre atravessando;0;0;0;1;0;0;0;0;0;0;0;0;2;0;0
13/03/2017;11:41:00;195;Acidente com Vítima;508,1;BR-040/MG;Norte;Outros;0;0;0;1;0;0;0;0;0;0;1;1;0;0;0