data;horario;n_da_ocorrencia;tipo_de_ocorrencia;km;trecho;sentido;tipo_de_acidente;automovel;bicicleta;caminhao;moto;onibus;outros;tracao_animal;transporte_de_cargas_especiais;trator_maquinas;utilitarios;ilesos;levemente_feridos;moderadamente_feridos;gravemente_feridos;mortos
20/05/2017;06:13:00;39;Acidente sem Vítima;484,1;BR-040/MG;Norte;Capotamento;1;0;0;0;0;0;0;0;0;0;1;0;0;0;0
20/05/2017;05:20:00;34;Acidente sem Vítima;588,111;BR-040/MG;Sul;Choque com objeto fixo;1;0;0;0;0;0;0;0;0;0;5;0;0;0;0
20/05/2017;04:31:00;30;Acidente sem Vítima;462,398;BR-040/MG;Sul;Queda de Carga;0;0;1;0;0;0;0;0;0;0;1;0;0;0;0
20/05/2017;04:06:00;28;Acidente com Vítima;523,269;BR-040/MG;Norte;Capotamento;1;0;0;0;0;0;0;0;0;0;2;0;1;0;0
20/05/2017;03:12:00;21;Acidente sem Vítima;9,1;BR-040/GO;Norte;Colisão traseira;2;0;0;0;0;0;0;0;0;0;2;0;0;0;0
20/05/2017;01:20:00;9;Acidente sem Vítima;735,05;BR-040/MG;Sul;Capotamento;1;0;0;0;0;0;0;0;0;0;2;0;0;0;0
19/05/2017;22:31:00;395;Acidente com Vítima;454,979;BR-040/MG;Sul;Choque com objeto fixo;0;0;1;0;0;0;0;0;0;0;1;0;1;0;0
19/05/2017;20:35:00;362;Acidente sem Vítima;677,5;BR-040/MG;Sul;Outros;0;0;0;1;0;0;0;0;0;0;2;0;0;0;0
19/05/2017;19:57:00;346;Acidente com Vítima;529,032;BR-040/MG;Norte;Abalroamento longitudinal;1;0;0;0;1;0;0;0;0;0;2;1;0;0;0
19/05/2017;19:08:00;326;Acidente sem Vítima;526,7;BR-040/MG;Norte;Colisão traseira;2;0;0;0;0;1;0;0;0;0;4;0;0;0;0
19/05/2017;17:57:00;308;Acidente sem Vítima;466,344;BR-040/MG;Sul;Choque com objeto fixo;1;0;0;0;0;0;0;0;0;0;1;0;0;0;0
19/05/2017;17:50:00;307;Acidente sem Vítima;727,1;BR-040/MG;Sul;Choque em barreira New Jersey;1;0;0;0;0;0;0;0;0;0;1;0;0;0;0
19/05/2017;17:49:00;305;Acidente com Vítima;14,1;BR-040/GO;Sul;Colisão traseira;1;0;0;1;0;0;0;0;0;0;1;1;0;0;0
19/05/2017;17:05:00;290;Acidente sem Vítima;660,15;BR-040/MG;Norte;Colisão traseira;2;0;0;0;0;0;0;0;0;0;2;0;0;0;0
19/05/2017;16:16:00;278;Acidente com Vítima;731,64;BR-040/MG;Sul;Choque com objeto fixo;1;0;0;0;0;0;0;0;0;0;1;2;0;0;0
19/05/2017;16:00:00;272;Acidente com Vítima;620,15;BR-040/MG;Sul;Choque com objeto fixo;1;0;0;0;0;0;0;0;0;0;0;1;0;0;0
19/05/2017;14:01:00;244;Acidente sem Vítima;718,01;BR-040/MG;Norte;Choque em defensa;1;0;0;0;0;0;0;0;0;0;4;0;0;0;0
19/05/2017;13:32:00;238;Acidente sem Vítima;477,15;BR-040/MG;Norte;Capotamento;1;0;0;0;0;0;0;0;0;0;1;0;0;0;0
19/05/2017;13:04:00;235;Acidente sem Vítima;706,1;BR-040/MG;Norte;Choque com objeto fixo;1;0;0;0;0;0;0;0;0;0;1;0;0;0;0
19/05/2017;12:51:00;233;Acidente sem Vítima;525,15;BR-040/MG;Norte;Outros;0;0;0;1;0;0;0;0;0;0;1;0;0;0;0
19/05/2017;12:26:00;222;Acidente sem Vítima;718,5;BR-040/MG;Norte;Choque em defensa;1;0;0;0;0;0;0;0;0;0;1;0;0;0;0
19/05/2017;11:30:00;212;Acidente sem Vítima;525,01;BR-040/MG;Norte;Abalroamento longitudinal;2;0;0;0;0;0;0;0;0;0;2;0;0;0;0
19/05/2017;10:58:00;200;Acidente sem Vítima;741,1;BR-040/MG;Norte;Abalroamento longitudinal;2;0;0;0;0;0;0;0;0;0;5;0;0;0;0
19/05/2017;10:46:00;195;Acidente sem Vítima;0,3;BR-040/GO;Norte;Colisão traseira;2;0;0;0;0;0;0;0;0;0;2;0;0;0;0
19/05/2017;08:46:00;157;Acidente sem Vítima;718,1;BR-040/MG;Norte;Choque em barreira New Jersey;1;0;0;0;0;0;0;0;0;0;1;0;0;0;0
19/05/2017;07:32:00;134;Acidente com Vítima;5,3;BR-040/DF;Norte;Abalroamento longitudinal;1;0;0;2;0;0;0;0;0;0;2;0;1;0;0
19/05/2017;07:13:00;121;Acidente sem Vítima;22,5;BR-040/GO;Norte;Abalroamento longitudinal;1;0;0;1;0;0;0;0;0;0;2;0;0;0;0
19/05/2017;06:51:00;118;Acidente sem Vítima;7,1;BR-040/DF;Norte;Colisão traseira;1;0;0;0;0;1;0;0;0;0;2;0;0;0;0
18/05/2017;22:00:00;367;Acidente sem Vítima;730,1;BR-040/MG;Norte;Choque com objeto fixo;1;0;0;0;0;0;0;0;0;0;2;0;0;0;0
18/05/2017;19:44:00;327;Atropelamento sem Morte;649,05;BR-040/MG;Sul;Atropelamento de pedestre atravessando;0;0;1;0;0;0;0;0;0;0;1;0;0;1;0
18/05/2017;18:38:00;312;Acidente sem Vítima;519,703;BR-040/MG;Norte;Colisão traseira;0;1;0;2;0;0;0;0;0;0;3;0;0;0;0
18/05/2017;15:18:00;258;Acidente sem Vítima;717,2;BR-040/MG;Norte;Choque em defensa;1;0;0;0;0;0;0;0;0;0;1;0;0;0;0
18/05/2017;15:12:00;255;Acidente sem Vítima;1,4;BR-040/GO;Norte;Outros;0;0;0;1;0;0;0;0;0;0;1;0;0;0;0
18/05/2017;14:25:00;243;Acidente sem Vítima;2,4;BR-040/GO;Sul;Colisão traseira;1;0;1;0;0;0;0;0;0;0;2;0;0;0;0
18/05/2017;12:31:00;215;Acidente sem Vítima;749,4;BR-040/MG;Norte;Colisão traseira;2;0;0;0;0;0;0;0;0;0;2;0;0;0;0
18/05/2017;11:42:00;205;Acidente sem Vítima;729,5;BR-040/MG;Norte;Choque com objeto fixo;1;0;0;0;0;0;0;0;0;0;2;0;0;0;0
18/05/2017;10:46:00;193;Acidente com Vítima;729,2;BR-040/MG;Norte;Capotamento;1;0;0;0;0;0;0;0;0;0;0;1;0;0;0
18/05/2017;10:37:00;188;Acidente sem Vítima;103,7;BR-040/GO;Sul;Colisão traseira;1;0;1;0;0;0;0;0;0;0;2;0;0;0;0
18/05/2017;07:01:00;118;Acidente sem Vítima;570,1;BR-040/MG;Sul;Colisão traseira;1;0;0;1;0;0;0;0;0;0;5;0;0;0;0
18/05/2017;03:23:00;78;Acidente sem Vítima;493,1;BR-040/MG;Sul;Outros;1;0;0;0;0;0;0;0;0;0;1;0;0;0;0
17/05/2017;18:23:00;332;Acidente sem Vítima;508,22;BR-040/MG;Sul;Colisão traseira;2;0;0;0;0;0;0;0;0;0;2;0;0;0;0
17/05/2017;17:04:00;308;Acidente sem Vítima;153,8;BR-040/MG;Sul;Capotamento;1;0;0;0;0;0;0;0;0;0;1;0;0;0;0
17/05/2017;15:38:00;292;Acidente sem Vítima;554,4;BR-040/MG;Norte;Colisão traseira;3;0;0;0;0;0;0;0;0;0;3;0;0;0;0
17/05/2017;15:32:00;291;Acidente sem Vítima;660,2;BR-040/MG;Norte;Choque com objeto fixo;0;0;1;0;0;0;0;0;0;0;1;0;0;0;0
17/05/2017;15:21:00;288;Acidente sem Vítima;4,5;BR-040/GO;Sul;Abalroamento longitudinal;1;0;0;1;0;0;0;0;0;0;2;0;0;0;0
17/05/2017;10:45:00;205;Acidente sem Vítima;553,254;BR-040/MG;Norte;Queda de Carga;0;0;0;0;0;1;0;0;0;0;1;0;0;0;0
17/05/2017;07:22:00;133;Acidente com Vítima;528,4;BR-040/MG;Norte;Capotamento;1;0;0;0;0;0;0;0;0;0;0;0;1;0;0
17/05/2017;06:42:00;122;Acidente com Vítima;523,61;BR-040/MG;Norte;Abalroamento longitudinal;0;0;1;1;0;0;0;0;0;0;1;0;1;0;0
17/05/2017;06:04:00;108;Acidente com Vítima;288,01;BR-040/MG;Sul;Queda de Carga;0;0;1;0;0;0;0;0;0;0;1;0;1;0;0
17/05/2017;02:15:00;11;Acidente sem Vítima;5,6;BR-040/DF;Sul;Outros;0;0;0;1;0;0;0;0;0;0;1;0;0;0;0
16/05/2017;21:06:00;359;Acidente com Vítima;1,9;BR-040/DF;Sul;Choque com objeto fixo;0;0;1;0;0;0;0;0;0;0;0;1;0;0;0
16/05/2017;20:50:00;354;Atropelamento sem Morte;2,5;BR-040/DF;Sul;Atropelamento de pedestre atravessando;0;0;0;1;0;0;0;0;0;0;0;1;0;1;0
16/05/2017;20:33:00;349;Atropelamento sem Morte;507,14;BR-040/MG;Norte;Atropelamento de pedestre atravessando;3;0;0;0;0;0;0;0;0;0;3;0;0;1;0
16/05/2017;19:50:00;338;Acidente sem Vítima;519,03;BR-040/MG;Sul;Colisão traseira;2;0;0;0;0;0;0;0;0;0;2;0;0;0;0
16/05/2017;18:22:00;312;Acidente com Vítima;752,65;BR-040/MG;Sul;Colisão traseira;0;0;2;0;0;0;0;0;0;0;1;1;0;0;0
16/05/2017;17:59:00;307;Acidente com Vítima;41,05;BR-040/MG;Norte;Abalroamento transversal;0;0;0;2;0;0;0;0;0;0;0;2;0;0;0
16/05/2017;17:56:00;305;Acidente com Vítima;536,5;BR-040/MG;Norte;Abalroamento longitudinal;1;0;0;1;0;0;0;0;0;0;1;1;0;0;0
16/05/2017;17:52:00;303;Acidente sem Vítima;2,4;BR-040/GO;Sul;Abalroamento longitudinal;1;0;0;1;0;0;0;0;0;0;2;0;0;0;0
16/05/2017;17:34:00;298;Acidente sem Vítima;2,6;BR-040/GO;Sul;Abalroamento longitudinal;1;0;1;0;0;0;0;0;0;0;3;0;0;0;0
16/05/2017;16:53:00;287;Acidente com Morte;519,13;BR-040/MG;Norte;Colisão frontal;1;0;1;0;0;0;0;0;0;0;1;0;0;0;1
16/05/2017;15:08:00;261;Acidente sem Vítima;549,34;BR-040/MG;Norte;Atropelamento de animal;1;0;0;0;0;0;0;0;0;0;2;0;0;0;0
16/05/2017;14:16:00;250;Acidente sem Vítima;614;BR-040/MG;Norte;Choque em defensa;0;0;1;0;0;0;0;0;0;0;1;0;0;0;0
16/05/2017;14:11:00;248;Acidente com Vítima;548,56;BR-040/MG;Norte;Capotamento;1;0;0;0;0;0;0;0;0;0;1;1;0;0;0
16/05/2017;13:51:00;241;Acidente sem Vítima;561,9;BR-040/MG;Sul;Choque com objeto fixo;1;0;0;0;0;0;0;0;0;0;2;0;0;0;0
16/05/2017;13:13:00;228;Acidente sem Vítima;2,4;BR-040/DF;Sul;Colisão traseira;3;0;0;0;0;0;0;0;0;0;5;0;0;0;0
16/05/2017;11:10:00;193;Acidente sem Vítima;727,1;BR-040/MG;Norte;Choque em barreira New Jersey;1;0;0;0;0;0;0;0;0;0;1;0;0;0;0
16/05/2017;10:07:00;178;Acidente com Vítima;751,5;BR-040/MG;Norte;Abalroamento transversal;2;0;0;0;0;0;0;0;0;0;1;0;2;0;0
16/05/2017;08:57:00;159;Acidente com Vítima;735,815;BR-040/MG;Norte;Choque com objeto fixo;2;0;0;0;0;0;0;0;0;0;2;1;0;0;0
16/05/2017;07:50:00;133;Acidente com Vítima;3;BR-040/DF;Norte;Colisão traseira;0;0;1;1;0;0;0;0;0;0;3;1;0;0;0
16/05/2017;07:06:00;116;Acidente sem Vítima;224,347;BR-040/MG;Norte;Queda de Carga;0;0;1;0;0;0;0;0;0;0;1;0;0;0;0
15/05/2017;23:42:00;399;Acidente sem Vítima;610,3;BR-040/MG;Sul;Colisão traseira;0;0;2;0;0;0;0;0;0;0;2;0;0;0;0
15/05/2017;19:04:00;337;Acidente sem Vítima;611,2;BR-040/MG;Norte;Choque com objeto fixo;1;0;0;0;0;0;0;0;0;0;5;0;0;0;0
15/05/2017;16:29:00;287;Acidente sem Vítima;549,5;BR-040/MG;Sul;Choque com objeto fixo;1;0;0;0;0;0;0;0;0;0;1;0;0;0;0
15/05/2017;14:25:00;255;Acidente sem Vítima;262,6;BR-040/MG;Norte;Capotamento;1;0;0;0;0;0;0;0;0;0;2;0;0;0;0
15/05/2017;11:36:00;224;Acidente sem Vítima;542,9;BR-040/MG;Sul;Colisão traseira;1;0;1;0;1;0;0;0;0;0;3;0;0;0;0
15/05/2017;11:09:00;218;Acidente com Vítima;2,8;BR-040/GO;Norte;Colisão traseira;1;0;0;1;0;0;0;0;0;0;1;1;0;0;0
15/05/2017;10:58:00;216;Acidente sem Vítima;464,1;BR-040/MG;Sul;Colisão frontal;2;0;0;0;0;0;0;0;0;0;2;0;0;0;0
15/05/2017;10:33:00;206;Acidente com Vítima;462,1;BR-040/MG;Sul;Choque em defensa;1;0;0;0;0;0;0;0;0;0;0;1;0;0;0
15/05/2017;10:00:00;195;Atropelamento sem Morte;712,1;BR-040/MG;Sul;Atropelamento de ciclista;1;1;0;0;0;0;0;0;0;0;2;0;1;0;0
15/05/2017;09:26:00;180;Acidente com Morte;1,5;BR-040/GO;Norte;Abalroamento longitudinal;1;0;1;1;0;0;0;0;0;0;2;0;0;0;1
15/05/2017;09:12:00;175;Acidente sem Vítima;604,4;BR-040/MG;Norte;Colisão traseira;2;0;0;0;0;0;0;0;0;0;4;0;0;0;0
15/05/2017;09:08:00;171;Acidente com Vítima;534,1;BR-040/MG;Norte;Colisão traseira;0;0;0;2;0;0;0;0;0;0;2;0;1;0;0
15/05/2017;08:52:00;159;Acidente com Vítima;534,1;BR-040/MG;Norte;Colisão traseira;2;0;0;0;0;0;0;0;0;0;1;1;0;0;0
15/05/2017;08:08:00;135;Acidente sem Vítima;554,1;BR-040/MG;Norte;Colisão traseira;2;0;0;0;0;0;0;0;0;0;2;0;0;0;0
15/05/2017;06:48:00;109;Acidente sem Vítima;552,98;BR-040/MG;Norte;Capotamento;1;0;0;0;0;0;0;0;0;0;1;0;0;0;0
15/05/2017;04:40:00;97;Acidente com Vítima;528;BR-040/MG;Sul;Colisão traseira;2;0;0;0;0;0;0;0;0;0;1;1;0;0;0
15/05/2017;00:14:00;4;Acidente sem Vítima;20,7;BR-040/GO;Sul;Choque com objeto fixo;1;0;0;0;0;0;0;0;0;0;1;0;0;0;0
14/05/2017;23:41:00;310;Acidente sem Vítima;771,8;BR-040/MG;Sul;Choque com objeto fixo;1;0;0;0;0;0;0;0;0;0;2;0;0;0;0
14/05/2017;22:21:00;299;Acidente com Vítima;142;BR-040/MG;Sul;Abalroamento transversal;1;0;0;1;0;0;0;0;0;0;0;0;1;1;0
14/05/2017;21:40:00;284;Acidente sem Vítima;602,3;BR-040/MG;Norte;Abalroamento longitudinal;0;0;2;0;0;0;0;0;0;0;2;0;0;0;0
14/05/2017;21:37:00;283;Acidente sem Vítima;498,7;BR-040/MG;Norte;Choque com objeto fixo;1;0;0;0;0;0;0;0;0;0;2;0;0;0;0
14/05/2017;19:56:00;252;Acidente sem Vítima;515,5;BR-040/MG;Norte;Abalroamento longitudinal;1;0;1;0;0;0;0;0;0;0;2;0;0;0;0
14/05/2017;19:26:00;239;Acidente com Vítima;22,94;BR-040/GO;Sul;Colisão traseira;1;0;0;0;0;0;0;0;0;1;3;3;1;0;0
14/05/2017;19:11:00;235;Acidente sem Vítima;5,4;BR-040/GO;Sul;Colisão traseira;1;0;0;0;0;1;0;0;0;0;3;0;0;0;0
14/05/2017;18:31:00;221;Acidente sem Vítima;512,2;BR-040/MG;Norte;Abalroamento longitudinal;2;0;0;0;0;0;0;0;0;0;4;0;0;0;0
14/05/2017;17:37:00;202;Acidente sem Vítima;34;BR-040/GO;Sul;Capotamento;1;0;0;0;0;0;0;0;0;0;1;0;0;0;0
14/05/2017;16:54:00;192;Acidente sem Vítima;72,366;BR-040/GO;Norte;Capotamento;1;0;0;0;0;0;0;0;0;0;2;0;0;0;0
14/05/2017;16:44:00;188;Acidente sem Vítima;526,1;BR-040/MG;Sul;Outros;0;0;0;1;0;0;0;0;0;0;2;0;0;0;0
14/05/2017;16:38:00;184;Acidente sem Vítima;510,5;BR-040/MG;Sul;Colisão traseira;4;0;0;0;0;0;0;0;0;0;7;0;0;0;0
14/05/2017;16:37:00;182;Acidente sem Vítima;5,1;BR-040/GO;Sul;Colisão traseira;2;0;0;0;0;0;0;0;0;0;2;0;0;0;0
14/05/2017;16:31:00;181;Acidente sem Vítima;5,5;BR-040/GO;Sul;Colisão traseira;3;0;0;0;0;0;0;0;0;0;3;0;0;0;0
14/05/2017;16:19:00;179;Acidente com Vítima;6,1;BR-040/GO;Sul;Capotamento;0;0;0;1;0;0;0;0;0;0;0;0;0;0;0
14/05/2017;16:13:00;177;Acidente sem Vítima;5,6;BR-040/GO;Sul;Colisão traseira;0;0;1;1;0;0;0;0;0;0;4;0;0;0;0
14/05/2017;15:58:00;171;Acidente com Vítima;2,3;BR-040/GO;Sul;Abalroamento longitudinal;1;0;0;1;0;0;0;0;0;0;1;0;1;0;0
14/05/2017;15:54:00;168;Acidente sem Vítima;5,3;BR-040/GO;Norte;Abalroamento longitudinal;2;0;0;0;0;0;0;0;0;0;2;0;0;0;0
14/05/2017;13:53:00;142;Acidente com Vítima;518,1;BR-040/MG;Norte;Capotamento;1;0;0;0;0;0;0;0;0;0;0;2;0;0;0
14/05/2017;12:53:00;124;Acidente sem Vítima;2,3;BR-040/DF;Norte;Choque com objeto fixo;1;0;0;0;0;0;0;0;0;0;1;0;0;0;0
14/05/2017;12:40:00;119;Acidente sem Vítima;3,5;BR-040/GO;Norte;Colisão traseira;2;0;0;0;0;0;0;0;0;0;2;0;0;0;0
14/05/2017;12:09:00;114;Acidente sem Vítima;564,1;BR-040/MG;Sul;Colisão traseira;2;0;0;0;0;0;0;0;0;0;2;0;0;0;0
14/05/2017;11:26:00;105;Acidente sem Vítima;463,5;BR-040/MG;Norte;Outros;0;0;0;1;0;0;0;0;0;0;2;0;0;0;0
14/05/2017;09:03:00;62;Acidente sem Vítima;2,15;BR-040/GO;Sul;Colisão traseira;1;0;0;0;1;0;0;0;0;0;2;0;0;0;0
14/05/2017;08:36:00;56;Acidente sem Vítima;671,5;BR-040/MG;Norte;Colisão traseira;2;0;0;0;0;0;0;0;0;0;3;0;0;0;0
14/05/2017;08:15:00;50;Acidente sem Vítima;554,1;BR-040/MG;Norte;Colisão traseira;2;0;0;0;0;0;0;0;0;0;5;0;0;0;0
13/05/2017;21:45:00;312;Acidente sem Vítima;597,3;BR-040/MG;Sul;Choque com objeto fixo;1;0;0;0;0;1;0;0;0;0;2;0;0;0;0
13/05/2017;20:13:00;288;Acidente sem Vítima;544,5;BR-040/MG;Norte;Colisão traseira;3;0;0;0;0;0;0;0;0;0;5;0;0;0;0
13/05/2017;19:52:00;284;Acidente sem Vítima;2,6;BR-040/GO;Sul;Abalroamento transversal;1;0;0;0;1;0;0;0;0;0;2;0;0;0;0
13/05/2017;19:19:00;276;Atropelamento sem Morte;748,16;BR-040/MG;Sul;Atropelamento de pedestre caminhando;0;0;0;1;0;0;0;0;0;0;1;1;0;0;0
13/05/2017;18:52:00;273;Acidente sem Vítima;527,002;BR-040/MG;Norte;Colisão traseira;2;0;0;0;0;0;0;0;0;0;4;0;0;0;0
13/05/2017;18:38:00;269;Acidente sem Vítima;445,002;BR-040/MG;Sul;Outros;0;0;0;1;0;0;0;0;0;0;1;0;0;0;0
13/05/2017;17:44:00;252;Atropelamento com Morte;343,1;BR-040/MG;Sul;Atropelamento de ciclista;1;1;0;0;0;0;0;0;0;0;2;0;0;0;1
13/05/2017;15:37:00;222;Acidente sem Vítima;92,15;BR-040/GO;Sul;Abalroamento transversal;2;0;0;0;0;0;0;0;0;0;2;0;0;0;0
13/05/2017;15:28:00;218;Acidente sem Vítima;527,08;BR-040/MG;Norte;Abalroamento longitudinal;2;0;2;0;0;0;0;0;0;0;54;0;0;0;0
13/05/2017;12:54:00;173;Acidente com Vítima;679,9;BR-040/MG;Norte;Capotamento;1;0;0;0;0;0;0;0;0;0;0;1;0;0;0
13/05/2017;12:02:00;162;Atropelamento sem Morte;1,2;BR-040/GO;Sul;Atropelamento de pedestre atravessando;1;0;0;1;0;0;0;0;0;0;3;0;0;0;0
13/05/2017;11:36:00;156;Atropelamento sem Morte;1,12;BR-040/GO;Sul;Atropelamento de pedestre atravessando;0;0;0;1;0;0;0;0;0;0;1;0;0;0;0
13/05/2017;10:28:00;138;Acidente com Vítima;712;BR-040/MG;Sul;Abalroamento longitudinal;2;0;0;0;0;0;0;0;0;0;1;2;0;0;0
13/05/2017;10:10:00;130;Acidente com Vítima;588,3;BR-040/MG;Sul;Abalroamento longitudinal;1;0;0;1;0;0;0;0;0;0;3;2;0;0;0
13/05/2017;08:56:00;109;Acidente sem Vítima;17,8;BR-040/MG;Sul;Colisão traseira;2;0;0;0;0;0;0;0;0;0;2;0;0;0;0
13/05/2017;08:40:00;106;Acidente sem Vítima;503;BR-040/MG;Sul;Choque com objeto fixo;1;0;0;0;0;0;0;0;0;0;2;0;0;0;0
13/05/2017;08:24:00;101;Acidente sem Vítima;514;BR-040/MG;Sul;Colisão traseira;3;0;0;0;0;0;0;0;0;0;6;0;0;0;0
13/05/2017;08:11:00;95;Acidente sem Vítima;351,15;BR-040/MG;Sul;Queda de Carga;1;0;0;0;0;0;0;0;0;0;1;0;0;0;0
13/05/2017;07:14:00;75;Acidente sem Vítima;589;BR-040/MG;Norte;Outros;0;0;1;0;0;0;0;0;0;0;1;0;0;0;0
13/05/2017;05:52:00;57;Acidente sem Vítima;1,3;BR-040/DF;Norte;Abalroamento transversal;1;0;0;0;1;0;0;0;0;0;2;0;0;0;0
13/05/2017;05:06:00;51;Acidente sem Vítima;529;BR-040/MG;Sul;Choque com objeto fixo;1;0;0;0;0;0;0;0;0;0;1;0;0;0;0
13/05/2017;02:53:00;38;Acidente com Vítima;16,48;BR-040/GO;Norte;Choque com objeto fixo;1;0;0;0;0;0;0;0;0;0;0;0;0;1;0
12/05/2017;21:58:00;423;Acidente sem Vítima;93,16;BR-040/MG;Sul;Colisão traseira;1;0;1;0;0;0;0;0;0;0;5;0;0;0;0
12/05/2017;20:50:00;409;Acidente sem Vítima;9,8;BR-040/GO;Norte;Colisão traseira;2;0;0;0;0;0;0;0;0;0;5;0;0;0;0
12/05/2017;20:07:00;394;Acidente com Vítima;197,2;BR-040/MG;Norte;Abalroamento transversal;1;0;1;0;0;0;0;0;0;0;0;0;2;0;0
12/05/2017;20:04:00;393;Acidente sem Vítima;6,4;BR-040/GO;Sul;Colisão traseira;2;0;0;0;0;0;0;0;0;0;2;0;0;0;0
12/05/2017;19:53:00;389;Acidente sem Vítima;608,5;BR-040/MG;Sul;Colisão traseira;0;0;1;0;0;1;0;0;0;0;2;0;0;0;0
12/05/2017;19:45:00;386;Acidente sem Vítima;531;BR-040/MG;Norte;Colisão traseira;2;0;0;0;0;0;0;0;0;0;2;0;0;0;0
12/05/2017;19:18:00;373;Acidente sem Vítima;7,01;BR-040/DF;Sul;Choque em barreira New Jersey;1;0;0;0;0;0;0;0;0;0;1;0;0;0;0
12/05/2017;19:14:00;371;Acidente sem Vítima;511;BR-040/MG;Norte;Colisão traseira;1;0;0;1;0;0;0;0;0;0;2;0;0;0;0
12/05/2017;16:16:00;320;Acidente sem Vítima;53,14;BR-040/MG;Sul;Outros;1;0;0;0;0;0;0;0;0;0;4;0;0;0;0
12/05/2017;15:52:00;312;Acidente com Morte;452,031;BR-040/MG;Sul;Choque com objeto fixo;1;0;0;0;0;0;0;0;0;0;0;0;0;0;1
12/05/2017;15:27:00;305;Acidente sem Vítima;683;BR-040/MG;Norte;Atropelamento de animal;1;0;0;0;0;0;0;0;0;0;5;0;0;0;0
12/05/2017;14:11:00;285;Acidente com Vítima;2,9;BR-040/GO;Sul;Outros;0;0;0;1;0;0;0;0;0;0;0;1;0;0;0
12/05/2017;12:44:00;250;Acidente com Vítima;578;BR-040/MG;Sul;Outros;0;0;0;1;0;0;0;0;0;0;0;0;1;0;0
12/05/2017;12:08:00;242;Acidente com Vítima;588,9;BR-040/MG;Sul;Capotamento;1;0;0;0;0;0;0;0;0;0;0;3;0;0;0
12/05/2017;09:50:00;199;Acidente com Vítima;55,8;BR-040/GO;Sul;Colisão traseira;1;0;1;0;0;0;0;0;0;0;2;1;1;0;0
12/05/2017;05:33:00;113;Acidente com Vítima;5,05;BR-040/DF;Norte;Colisão traseira;2;0;0;0;2;0;0;0;0;0;4;2;0;1;0
12/05/2017;01:27:00;90;Acidente sem Vítima;673,002;BR-040/MG;Norte;Atropelamento de animal;1;0;0;0;0;0;0;0;0;0;1;0;0;0;0
12/05/2017;00:06:00;7;Acidente sem Vítima;715,11;BR-040/MG;Sul;Choque com objeto fixo;1;0;0;0;0;0;0;0;0;0;1;0;0;0;0
11/05/2017;23:46:00;412;Acidente com Vítima;562,86;BR-040/MG;Norte;Outros;0;0;0;1;0;0;0;0;0;0;0;1;0;0;0
11/05/2017;20:41:00;372;Acidente sem Vítima;702,5;BR-040/MG;Norte;Atropelamento de animal;1;0;0;0;0;0;0;0;0;0;1;0;0;0;0
11/05/2017;16:18:00;299;Acidente sem Vítima;2,2;BR-040/GO;Sul;Colisão traseira;1;0;0;1;0;0;0;0;0;0;2;0;0;0;0
11/05/2017;15:26:00;283;Acidente com Vítima;628,6;BR-040/MG;Norte;Abalroamento longitudinal;1;0;0;1;0;0;0;0;0;0;1;1;0;0;0
11/05/2017;14:06:00;264;Acidente com Vítima;530,5;BR-040/MG;Norte;Abalroamento longitudinal;1;0;0;1;0;0;0;0;0;0;1;1;0;0;0
11/05/2017;09:37:00;200;Acidente sem Vítima;413;BR-040/MG;Sul;Abalroamento transversal;1;0;1;0;0;0;0;0;0;0;2;0;0;0;0
11/05/2017;09:27:00;194;Acidente sem Vítima;729,1;BR-040/MG;Sul;Choque com objeto fixo;1;0;0;0;0;0;0;0;0;0;1;0;0;0;0
11/05/2017;08:56:00;181;Acidente sem Vítima;48,1;BR-040/GO;Sul;Queda de Carga;0;0;1;0;0;0;0;0;0;0;1;0;0;0;0
11/05/2017;04:04:00;81;Acidente sem Vítima;473,2;BR-040/MG;Sul;Queda de Carga;0;0;1;0;0;0;0;0;0;0;1;0;0;0;0
11/05/2017;02:18:00;72;Acidente sem Vítima;665,4;BR-040/MG;Sul;Choque com objeto fixo;1;0;0;0;0;0;0;0;0;0;1;0;0;0;0
11/05/2017;01:12:00;60;Acidente sem Vítima;3,25;BR-040/GO;Norte;Choque com objeto fixo;1;0;0;0;0;0;0;0;0;0;1;0;0;0;0
10/05/2017;22:07:00;352;Acidente sem Vítima;520,4;BR-040/MG;Sul;Atropelamento de animal;1;0;0;0;0;0;0;0;0;0;2;0;0;0;0
10/05/2017;18:40:00;305;Acidente com Vítima;543,9;BR-040/MG;Norte;Abalroamento longitudinal;1;0;0;1;0;0;0;0;0;0;1;0;1;0;0
10/05/2017;16:40:00;278;Acidente sem Vítima;10,6;BR-040/GO;Norte;Abalroamento longitudinal;2;0;0;0;0;0;0;0;0;0;2;0;0;0;0
10/05/2017;16:37:00;277;Acidente com Vítima;11,1;BR-040/GO;Norte;Outros;0;0;0;1;0;0;0;0;0;0;0;1;1;0;0
10/05/2017;16:27:00;274;Acidente com Vítima;598,5;BR-040/MG;Norte;Colisão traseira;0;0;1;1;0;0;0;0;0;0;1;0;1;1;0
10/05/2017;15:10:00;259;Acidente sem Vítima;2,3;BR-040/DF;Norte;Colisão traseira;0;0;1;0;0;0;0;0;0;1;2;0;0;0;0