data;horario;n_da_ocorrencia;tipo_de_ocorrencia;km;trecho;sentido;tipo_de_acidente;automovel;bicicleta;caminhao;moto;onibus;outros;tracao_animal;transporte_de_cargas_especiais;trator_maquinas;utilitarios;ilesos;levemente_feridos;moderadamente_feridos;gravemente_feridos;mortos
16/04/2017;14:08:00;142;Acidente com Vítima;533,2;BR-040/MG;Norte;Colisão traseira;1;0;0;1;0;0;0;0;0;0;1;1;0;0;0
16/04/2017;13:42:00;137;Acidente com Vítima;455;BR-040/MG;Sul;Colisão traseira;2;0;0;0;0;0;0;0;0;0;2;1;0;0;0
16/04/2017;12:01:00;116;Acidente sem Vítima;436;BR-040/MG;Norte;Colisão traseira;2;0;0;0;0;0;0;0;0;0;2;0;0;0;0
16/04/2017;10:52:00;97;Acidente sem Vítima;728,78;BR-040/MG;Sul;Choque em barreira New Jersey;0;0;1;0;0;0;0;0;0;0;1;0;0;0;0
16/04/2017;07:31:00;41;Acidente com Vítima;327,1;BR-040/MG;Sul;Colisão traseira;2;0;0;0;0;0;0;0;0;0;7;0;1;0;0
16/04/2017;06:19:00;32;Acidente sem Vítima;618,453;BR-040/MG;Norte;Choque com objeto fixo;1;0;0;0;0;0;0;0;0;0;1;0;0;0;0
16/04/2017;03:04:00;16;Acidente sem Vítima;128,3;BR-040/MG;Norte;Abalroamento longitudinal;2;0;0;0;0;0;0;0;0;0;2;0;0;0;0
16/04/2017;02:52:00;14;Acidente sem Vítima;87,02;BR-040/GO;Sul;Atropelamento de animal;1;0;0;0;0;0;0;0;0;0;1;0;0;0;0
15/04/2017;23:05:00;279;Acidente com Vítima;7,6;BR-040/GO;Norte;Colisão traseira;2;0;0;0;0;0;0;0;0;0;1;1;1;1;0
15/04/2017;22:57:00;275;Acidente com Vítima;18,05;BR-040/GO;Norte;Capotamento;1;0;0;0;0;0;0;0;0;0;1;2;0;0;0
15/04/2017;20:59:00;262;Acidente com Vítima;704,7;BR-040/MG;Sul;Atropelamento de animal;0;0;0;1;0;0;0;0;0;0;1;0;1;0;0
15/04/2017;20:30:00;257;Acidente com Vítima;8,25;BR-040/GO;Norte;Abalroamento transversal;0;1;0;1;0;0;0;0;0;0;0;1;1;0;0
15/04/2017;20:15:00;254;Acidente com Vítima;142,05;BR-040/MG;Sul;Abalroamento longitudinal;1;0;0;1;0;0;0;0;0;0;1;0;1;0;0
15/04/2017;19:42:00;249;Acidente sem Vítima;7,59;BR-040/GO;Norte;Abalroamento longitudinal;1;0;0;1;0;0;0;0;0;0;5;0;0;0;0
15/04/2017;19:14:00;241;Acidente com Vítima;530,6;BR-040/MG;Norte;Abalroamento transversal;1;0;0;1;0;0;0;0;0;0;2;1;0;0;0
15/04/2017;17:33:00;207;Acidente sem Vítima;513,12;BR-040/MG;Norte;Capotamento;2;0;0;0;0;0;0;0;0;0;3;0;0;0;0
15/04/2017;16:10:00;191;Acidente sem Vítima;697,8;BR-040/MG;Sul;Choque em defensa;1;0;0;0;0;0;0;0;0;0;1;0;0;0;0
15/04/2017;13:43:00;141;Acidente com Vítima;437,47;BR-040/MG;Norte;Capotamento;0;0;1;0;0;0;0;0;0;0;0;1;0;0;0
15/04/2017;13:18:00;138;Acidente com Vítima;608;BR-040/MG;Norte;Abalroamento longitudinal;1;0;0;1;0;0;0;0;0;0;0;3;0;0;0
15/04/2017;12:24:00;129;Acidente sem Vítima;434,4;BR-040/MG;Sul;Colisão traseira;1;0;0;0;0;0;0;0;0;1;3;0;0;0;0
15/04/2017;12:01:00;123;Acidente sem Vítima;513,95;BR-040/MG;Norte;Colisão traseira;4;0;0;0;0;0;0;0;0;0;7;0;0;0;0
15/04/2017;11:04:00;111;Acidente sem Vítima;543,9;BR-040/MG;Sul;Colisão traseira;1;0;0;0;0;0;0;0;0;1;6;0;0;0;0
15/04/2017;08:35:00;67;Acidente com Vítima;6,1;BR-040/GO;Norte;Outros;1;0;0;1;0;0;0;0;0;0;1;0;1;0;0
15/04/2017;04:57:00;26;Acidente sem Vítima;526,28;BR-040/MG;Norte;Abalroamento longitudinal;1;0;0;0;0;1;0;0;0;0;2;0;0;0;0
15/04/2017;04:49:00;25;Acidente sem Vítima;2,1;BR-040/DF;Sul;Choque em defensa;1;0;0;0;0;0;0;0;0;0;1;0;0;0;0
15/04/2017;03:57:00;21;Acidente com Vítima;756,8;BR-040/MG;Sul;Choque em defensa;0;0;0;1;0;0;0;0;0;0;0;1;0;0;0
14/04/2017;22:03:00;301;Acidente com Vítima;582,39;BR-040/MG;Norte;Capotamento;1;0;0;0;0;0;0;0;0;0;0;1;0;0;0
14/04/2017;18:59:00;264;Acidente sem Vítima;5;BR-040/DF;Norte;Colisão traseira;2;0;0;0;0;0;0;0;0;0;2;0;0;0;0
14/04/2017;18:35:00;259;Acidente com Vítima;619,29;BR-040/MG;Norte;Abalroamento longitudinal;2;0;0;0;0;0;0;0;0;0;4;2;0;0;0
14/04/2017;18:21:00;255;Acidente com Vítima;1,7;BR-040/GO;Sul;Abalroamento longitudinal;2;0;0;0;0;0;0;0;0;0;5;0;1;0;0
14/04/2017;14:58:00;221;Acidente com Vítima;12,8;BR-040/GO;Norte;Outros;0;0;0;1;0;0;0;0;0;0;0;1;0;0;0
14/04/2017;11:47:00;176;Acidente com Vítima;2,9;BR-040/GO;Sul;Colisão traseira;1;0;0;1;0;0;0;0;0;0;3;1;0;0;0
14/04/2017;08:37:00;110;Acidente sem Vítima;730,5;BR-040/MG;Sul;Choque com objeto fixo;1;0;0;0;0;0;0;0;0;0;3;0;0;0;0
14/04/2017;08:23:00;104;Acidente com Vítima;764,3;BR-040/MG;Sul;Choque em barreira New Jersey;1;0;0;0;0;0;0;0;0;0;1;0;1;0;0
14/04/2017;06:58:00;78;Acidente sem Vítima;729,1;BR-040/MG;Sul;Choque em barreira New Jersey;1;0;0;0;0;0;0;0;0;0;1;0;0;0;0
14/04/2017;06:36:00;70;Acidente sem Vítima;727,1;BR-040/MG;Sul;Choque com objeto fixo;1;0;0;0;0;0;0;0;0;0;2;0;0;0;0
14/04/2017;06:24:00;65;Acidente com Vítima;478,3;BR-040/MG;Norte;Capotamento;1;0;0;0;0;0;0;0;0;0;4;0;1;0;0
14/04/2017;00:27:00;7;Acidente sem Vítima;532,1;BR-040/MG;Norte;Colisão traseira;1;0;1;0;0;0;0;0;0;0;5;0;0;0;0
13/04/2017;22:23:00;446;Acidente sem Vítima;633,7;BR-040/MG;Sul;Choque com objeto fixo;0;0;1;0;0;0;0;0;0;0;1;0;0;0;0
13/04/2017;19:39:00;402;Acidente sem Vítima;440,001;BR-040/MG;Norte;Capotamento;1;0;0;0;0;0;0;0;0;0;1;0;0;0;0
13/04/2017;19:27:00;400;Acidente com Vítima;730,4;BR-040/MG;Sul;Capotamento;1;0;0;0;0;0;0;0;0;0;0;2;1;0;0
13/04/2017;19:17:00;397;Acidente sem Vítima;8,2;BR-040/GO;Norte;Queda de Carga;0;0;1;0;0;0;0;0;0;0;3;0;0;0;0
13/04/2017;19:15:00;393;Acidente sem Vítima;541,5;BR-040/MG;Norte;Outros;1;0;0;1;0;0;0;0;0;0;2;0;0;0;0
13/04/2017;19:05:00;391;Acidente com Vítima;728,084;BR-040/MG;Sul;Choque com objeto fixo;1;0;0;0;0;0;0;0;0;0;1;1;0;0;0
13/04/2017;18:11:00;363;Acidente com Vítima;30,2;BR-040/GO;Sul;Capotamento;1;0;0;0;0;0;0;0;0;0;0;0;2;0;0
13/04/2017;18:10:00;362;Acidente sem Vítima;540,2;BR-040/MG;Norte;Colisão traseira;2;0;0;0;0;0;0;0;0;0;2;0;0;0;0
13/04/2017;18:08:00;359;Acidente sem Vítima;534,02;BR-040/MG;Norte;Abalroamento longitudinal;1;0;1;0;0;0;0;0;0;0;2;0;0;0;0
13/04/2017;17:04:00;337;Acidente sem Vítima;727,1;BR-040/MG;Sul;Choque em barreira New Jersey;1;0;0;0;0;0;0;0;0;0;1;0;0;0;0
13/04/2017;16:28:00;328;Acidente sem Vítima;42;BR-040/MG;Norte;Colisão traseira;2;0;0;0;0;0;0;0;0;0;3;0;0;0;0
13/04/2017;16:13:00;324;Acidente sem Vítima;7,9;BR-040/GO;Sul;Colisão traseira;4;0;0;0;0;0;0;0;0;0;5;0;0;0;0
13/04/2017;15:53:00;316;Acidente com Vítima;636,1;BR-040/MG;Sul;Colisão traseira;3;0;0;0;0;0;0;0;0;0;3;1;0;0;0
13/04/2017;15:09:00;309;Acidente sem Vítima;658,1;BR-040/MG;Norte;Capotamento;1;0;0;0;0;0;0;0;0;0;1;0;0;0;0
13/04/2017;14:18:00;293;Acidente com Vítima;72,5;BR-040/GO;Norte;Capotamento;1;0;0;0;0;0;0;0;0;0;0;2;0;0;0
13/04/2017;13:57:00;285;Acidente com Vítima;528,25;BR-040/MG;Norte;Choque com objeto fixo;1;0;0;0;0;0;0;0;0;0;0;0;1;0;0
13/04/2017;11:20:00;236;Acidente sem Vítima;594,5;BR-040/MG;Norte;Colisão traseira;1;0;1;0;0;0;0;0;0;0;5;0;0;0;0
13/04/2017;11:19:00;234;Acidente sem Vítima;487,15;BR-040/MG;Sul;Colisão traseira;2;0;0;0;0;0;0;0;0;0;2;0;0;0;0
13/04/2017;10:44:00;220;Acidente sem Vítima;129,71;BR-040/MG;Sul;Colisão traseira;1;0;0;0;0;1;0;0;0;0;2;0;0;0;0
13/04/2017;09:57:00;201;Acidente sem Vítima;594,1;BR-040/MG;Sul;Colisão traseira;3;0;0;0;0;0;0;0;0;0;4;0;0;0;0
13/04/2017;07:37:00;152;Acidente sem Vítima;0,4;BR-040/GO;Norte;Abalroamento longitudinal;1;0;1;0;0;0;0;0;0;0;2;0;0;0;0
13/04/2017;06:35:00;134;Acidente sem Vítima;750,5;BR-040/MG;Norte;Queda de Carga;0;0;1;0;0;0;0;0;0;0;1;0;0;0;0
13/04/2017;05:40:00;126;Acidente com Vítima;551,15;BR-040/MG;Sul;Outros;0;0;0;1;0;0;0;0;0;0;0;1;0;0;0
13/04/2017;01:51:00;92;Acidente sem Vítima;600,125;BR-040/MG;Norte;Colisão traseira;1;0;0;0;0;1;0;0;0;0;2;0;0;0;0
12/04/2017;23:20:00;411;Acidente sem Vítima;572,842;BR-040/MG;Norte;Choque em defensa;1;0;0;0;0;0;0;0;0;0;1;0;0;0;0
12/04/2017;19:37:00;349;Acidente com Vítima;7,2;BR-040/GO;Sul;Abalroamento longitudinal;0;0;0;2;0;0;0;0;0;0;1;0;2;0;0
12/04/2017;19:37:00;350;Acidente sem Vítima;511,2;BR-040/MG;Norte;Colisão traseira;2;0;0;0;0;0;0;0;0;0;2;0;0;0;0
12/04/2017;18:44:00;331;Acidente sem Vítima;511,3;BR-040/MG;Norte;Colisão traseira;3;0;0;0;0;0;0;0;0;0;4;0;0;0;0
12/04/2017;18:37:00;326;Acidente sem Vítima;485,2;BR-040/MG;Norte;Colisão traseira;2;0;0;0;0;0;0;0;0;0;6;0;0;0;0
12/04/2017;12:43:00;218;Acidente sem Vítima;8,5;BR-040/GO;Norte;Choque com objeto fixo;1;0;0;0;0;0;0;0;0;0;1;0;0;0;0
12/04/2017;08:50:00;165;Acidente sem Vítima;531,85;BR-040/MG;Sul;Colisão traseira;2;0;0;0;0;0;0;0;0;0;2;0;0;0;0
12/04/2017;06:37:00;122;Acidente sem Vítima;50,1;BR-040/GO;Norte;Capotamento;1;0;0;0;0;0;0;0;0;0;3;0;0;0;0
12/04/2017;05:13:00;111;Acidente com Vítima;27,1;BR-040/GO;Sul;Outros;0;0;0;1;0;0;0;0;0;0;1;0;1;0;0
12/04/2017;03:46:00;104;Atropelamento sem Morte;12,5;BR-040/GO;Sul;Atropelamento de ciclista;0;0;0;1;0;0;0;0;0;0;0;1;0;1;0
11/04/2017;23:07:00;391;Acidente sem Vítima;4,1;BR-040/GO;Sul;Colisão traseira;2;0;0;1;0;0;0;0;0;0;3;0;0;0;0
11/04/2017;22:40:00;388;Acidente sem Vítima;211,9;BR-040/MG;Sul;Atropelamento de animal;1;0;0;0;0;0;0;0;0;0;3;0;0;0;0
11/04/2017;20:56:00;363;Acidente com Vítima;528,05;BR-040/MG;Norte;Choque com objeto fixo;0;0;0;1;0;0;0;0;0;0;0;0;1;0;0
11/04/2017;19:03:00;342;Acidente sem Vítima;714;BR-040/MG;Sul;Colisão traseira;2;0;0;0;0;0;0;0;0;0;2;0;0;0;0
11/04/2017;18:45:00;333;Acidente sem Vítima;539,35;BR-040/MG;Norte;Colisão traseira;1;0;0;1;0;0;0;0;0;0;3;0;0;0;0
11/04/2017;18:11:00;322;Acidente com Vítima;537,4;BR-040/MG;Norte;Colisão traseira;3;0;0;0;0;0;0;0;0;0;2;1;0;0;0
11/04/2017;18:09:00;321;Atropelamento sem Morte;0,3;BR-040/GO;Sul;Atropelamento de pedestre atravessando;0;0;0;1;0;0;0;0;0;0;1;1;0;0;0
11/04/2017;11:11:00;205;Acidente com Vítima;510,23;BR-040/MG;Sul;Outros;0;0;0;1;0;0;0;0;0;0;0;2;0;0;0
11/04/2017;09:46:00;175;Acidente sem Vítima;542,5;BR-040/MG;Sul;Colisão traseira;3;0;0;0;0;0;0;0;0;0;8;0;0;0;0
11/04/2017;08:20:00;137;Acidente sem Vítima;517;BR-040/MG;Sul;Abalroamento longitudinal;1;0;0;1;0;0;0;0;0;0;5;0;0;0;0
11/04/2017;08:13:00;135;Acidente sem Vítima;4,5;BR-040/GO;Norte;Colisão traseira;2;0;0;0;0;0;0;0;0;1;4;0;0;0;0
10/04/2017;22:08:00;423;Atropelamento sem Morte;6,609;BR-040/GO;Sul;Atropelamento de pedestre atravessando;0;0;0;1;0;0;0;0;0;0;1;0;1;0;0
10/04/2017;21:31:00;411;Atropelamento sem Morte;12,007;BR-040/GO;Sul;Atropelamento de pedestre atravessando;1;0;0;0;0;0;0;0;0;0;3;0;0;1;0
10/04/2017;21:07:00;405;Acidente sem Vítima;642;BR-040/MG;Sul;Choque com objeto fixo;1;0;0;0;0;0;0;0;0;0;1;0;0;0;0
10/04/2017;20:07:00;389;Acidente com Vítima;2,5;BR-040/GO;Sul;Colisão traseira;1;0;0;1;0;0;0;0;0;0;4;1;0;0;0
10/04/2017;18:28:00;357;Acidente com Vítima;536,18;BR-040/MG;Sul;Outros;0;0;0;1;0;0;0;0;0;0;1;1;0;0;0
10/04/2017;16:16:00;324;Acidente com Vítima;538,09;BR-040/MG;Norte;Colisão traseira;1;0;2;0;0;0;0;0;0;0;4;1;0;0;0
10/04/2017;15:48:00;316;Atropelamento sem Morte;0,45;BR-040/GO;Sul;Atropelamento de pedestre atravessando;0;0;0;1;0;0;0;0;0;0;1;1;0;0;0
10/04/2017;13:32:00;285;Acidente sem Vítima;477,03;BR-040/MG;Norte;Colisão traseira;0;0;2;0;0;0;0;0;0;0;2;0;0;0;0
10/04/2017;10:51:00;231;Acidente com Vítima;539,59;BR-040/MG;Sul;Outros;0;0;0;1;0;0;0;0;0;0;1;1;0;0;0
10/04/2017;09:12:00;193;Acidente sem Vítima;682,3;BR-040/MG;Sul;Abalroamento longitudinal;1;0;1;0;0;0;0;0;0;0;2;0;0;0;0
10/04/2017;07:30:00;141;Acidente sem Vítima;511,2;BR-040/MG;Sul;Colisão traseira;2;0;0;0;0;0;0;0;0;0;2;0;0;0;0
10/04/2017;07:02:00;130;Acidente sem Vítima;712,95;BR-040/MG;Sul;Capotamento;1;0;0;0;0;0;0;0;0;0;2;0;0;0;0
10/04/2017;06:17:00;111;Acidente sem Vítima;474,4;BR-040/MG;Sul;Queda de Carga;0;0;1;0;0;0;0;0;0;0;1;0;0;0;0
10/04/2017;03:37:00;97;Acidente sem Vítima;584,31;BR-040/MG;Sul;Choque com objeto fixo;0;0;1;0;0;0;0;0;0;0;1;0;0;0;0
09/04/2017;22:54:00;275;Acidente sem Vítima;714,5;BR-040/MG;Norte;Colisão traseira;1;0;0;0;1;0;0;0;0;0;47;0;0;0;0
09/04/2017;22:45:00;272;Acidente sem Vítima;529,2;BR-040/MG;Norte;Colisão traseira;2;0;0;0;0;0;0;0;0;0;2;0;0;0;0
09/04/2017;21:54:00;262;Acidente com Vítima;611,57;BR-040/MG;Norte;Outros;0;0;0;1;0;0;0;0;0;0;0;0;1;0;0
09/04/2017;21:06:00;251;Acidente sem Vítima;349,1;BR-040/MG;Norte;Atropelamento de animal;0;0;1;0;0;0;0;0;0;0;1;0;0;0;0
09/04/2017;18:55:00;211;Acidente com Vítima;491,2;BR-040/MG;Sul;Abalroamento longitudinal;1;0;0;1;0;0;0;0;0;0;1;1;1;0;0
09/04/2017;18:52:00;209;Acidente sem Vítima;1,5;BR-040/GO;Sul;Colisão traseira;3;0;0;0;0;0;0;0;0;0;5;0;0;0;0
09/04/2017;18:40:00;202;Acidente com Vítima;638,7;BR-040/MG;Norte;Capotamento;1;0;0;0;0;0;0;0;0;0;1;0;0;2;0
09/04/2017;15:19:00;137;Acidente com Vítima;0,3;BR-040/GO;Norte;Colisão traseira;2;0;0;0;0;0;0;0;0;0;1;0;1;0;0
09/04/2017;10:04:00;70;Acidente sem Vítima;656;BR-040/MG;Norte;Outros;0;0;0;1;0;0;0;0;0;0;1;0;0;0;0
09/04/2017;09:24:00;63;Acidente sem Vítima;749;BR-040/MG;Sul;Choque com objeto fixo;1;0;0;0;0;0;0;0;0;0;1;0;0;0;0
09/04/2017;08:17:00;54;Acidente sem Vítima;735;BR-040/MG;Norte;Choque com objeto fixo;1;0;0;0;0;0;0;0;0;0;1;0;0;0;0
09/04/2017;06:33:00;30;Acidente sem Vítima;731;BR-040/MG;Sul;Capotamento;1;0;0;0;0;0;0;0;0;0;1;0;0;0;0
09/04/2017;04:59:00;23;Acidente sem Vítima;642,81;BR-040/MG;Sul;Choque com objeto fixo;1;0;0;0;0;0;0;0;0;0;4;0;0;0;0
09/04/2017;02:17:00;15;Acidente com Vítima;672,8;BR-040/MG;Norte;Choque em defensa;1;0;0;0;0;0;0;0;0;0;0;2;0;0;0
09/04/2017;01:53:00;12;Acidente com Vítima;700,08;BR-040/MG;Norte;Outros;0;0;0;1;0;0;0;0;0;0;0;1;0;0;0
08/04/2017;20:49:00;280;Acidente sem Vítima;5,5;BR-040/GO;Sul;Colisão traseira;2;0;0;0;0;0;0;0;0;0;5;0;0;0;0
08/04/2017;19:06:00;252;Acidente sem Vítima;552;BR-040/MG;Norte;Colisão traseira;2;0;0;0;0;0;0;0;0;0;2;0;0;0;0
08/04/2017;17:58:00;231;Acidente sem Vítima;93,3;BR-040/MG;Sul;Colisão traseira;1;0;1;0;0;0;0;0;0;0;5;0;0;0;0
08/04/2017;17:50:00;229;Acidente com Vítima;559,1;BR-040/MG;Norte;Colisão traseira;1;0;0;1;0;0;0;0;0;0;2;1;0;0;0
08/04/2017;16:45:00;215;Acidente sem Vítima;598,5;BR-040/MG;Sul;Outros;1;0;0;0;0;0;0;0;0;0;1;0;0;0;0
08/04/2017;14:59:00;184;Acidente com Vítima;656,8;BR-040/MG;Norte;Outros;0;0;1;0;0;0;0;0;0;0;0;1;0;0;0
08/04/2017;14:32:00;179;Acidente sem Vítima;656,8;BR-040/MG;Norte;Choque em barreira New Jersey;1;0;0;0;0;0;0;0;0;0;1;0;0;0;0
08/04/2017;12:12:00;149;Atropelamento sem Morte;9,3;BR-040/GO;Norte;Atropelamento de pedestre atravessando;0;0;0;1;0;0;0;0;0;0;0;2;0;0;0
08/04/2017;11:16:00;138;Acidente sem Vítima;752;BR-040/MG;Norte;Choque com objeto fixo;1;0;0;0;0;0;0;0;0;0;2;0;0;0;0
08/04/2017;10:41:00;134;Acidente sem Vítima;529,1;BR-040/MG;Sul;Colisão traseira;2;0;0;0;0;0;0;0;0;0;5;0;0;0;0
08/04/2017;09:47:00;119;Acidente com Vítima;730;BR-040/MG;Sul;Choque em barreira New Jersey;1;0;0;0;0;0;0;0;0;0;1;2;0;0;0
08/04/2017;09:30:00;114;Acidente sem Vítima;732;BR-040/MG;Sul;Capotamento;1;0;0;0;0;0;0;0;0;0;1;0;0;0;0
08/04/2017;09:20:00;110;Acidente sem Vítima;703,1;BR-040/MG;Sul;Capotamento;1;0;0;0;0;0;0;0;0;0;1;0;0;0;0
08/04/2017;08:03:00;87;Acidente sem Vítima;1,1;BR-040/DF;Sul;Abalroamento transversal;2;0;0;0;0;0;0;0;0;0;2;0;0;0;0
08/04/2017;07:52:00;84;Acidente com Morte;570;BR-040/MG;Norte;Abalroamento transversal;2;0;0;1;0;0;0;0;0;0;2;0;0;0;1
08/04/2017;07:44:00;81;Acidente com Vítima;1,5;BR-040/DF;Norte;Abalroamento longitudinal;1;0;0;1;0;0;0;0;0;0;1;1;0;0;0
08/04/2017;06:56:00;72;Acidente sem Vítima;731,5;BR-040/MG;Sul;Capotamento;1;0;0;0;0;0;0;0;0;0;1;0;0;0;0
08/04/2017;01:11:00;16;Acidente com Vítima;10,5;BR-040/GO;Sul;Abalroamento transversal;2;0;0;0;0;0;0;0;0;0;1;1;0;0;0
07/04/2017;23:48:00;400;Acidente sem Vítima;577,2;BR-040/MG;Sul;Colisão traseira;1;0;1;0;0;0;0;0;0;0;4;0;0;0;0
07/04/2017;21:46:00;383;Acidente sem Vítima;2,8;BR-040/GO;Norte;Colisão traseira;4;0;0;0;0;0;0;0;0;0;8;0;0;0;0
07/04/2017;17:56:00;320;Acidente sem Vítima;539,5;BR-040/MG;Sul;Colisão traseira;2;0;0;0;0;0;0;0;0;0;2;0;0;0;0
07/04/2017;17:45:00;317;Acidente sem Vítima;43,4;BR-040/MG;Norte;Abalroamento transversal;1;0;0;1;0;0;0;0;0;0;3;0;0;0;0
07/04/2017;17:17:00;311;Acidente sem Vítima;517;BR-040/MG;Norte;Colisão traseira;2;0;0;0;0;0;0;0;0;0;6;0;0;0;0
07/04/2017;17:00:00;303;Acidente sem Vítima;526;BR-040/MG;Norte;Abalroamento longitudinal;0;0;2;0;0;0;0;0;0;0;3;0;0;0;0
07/04/2017;12:07:00;221;Acidente sem Vítima;739,6;BR-040/MG;Norte;Choque com objeto fixo;1;0;0;0;0;0;0;0;0;0;1;0;0;0;0
07/04/2017;07:38:00;136;Acidente com Vítima;15,5;BR-040/GO;Norte;Outros;1;0;0;1;0;0;0;0;0;0;1;1;0;0;0
07/04/2017;06:41:00;114;Acidente com Vítima;526;BR-040/MG;Norte;Colisão traseira;0;0;2;0;1;0;0;0;0;0;6;1;0;0;0
07/04/2017;05:30:00;102;Acidente com Vítima;487;BR-040/MG;Norte;Colisão traseira;2;0;0;1;0;0;0;0;0;0;5;1;0;0;0
06/04/2017;18:08:00;332;Atropelamento sem Morte;0,4;BR-040/GO;Norte;Atropelamento de pedestre atravessando;0;0;0;1;0;0;0;0;0;0;1;1;0;0;0
06/04/2017;17:47:00;325;Acidente sem Vítima;509;BR-040/MG;Norte;Colisão traseira;2;0;0;0;0;0;0;0;0;0;4;0;0;0;0
06/04/2017;17:29:00;322;Acidente com Vítima;749,162;BR-040/MG;Norte;Colisão frontal;2;0;0;0;0;0;0;0;0;0;0;1;3;1;0
06/04/2017;16:27:00;302;Acidente com Vítima;738,5;BR-040/MG;Sul;Queda de Carga;0;0;1;0;0;0;0;0;0;0;0;1;0;0;0
06/04/2017;14:49:00;273;Acidente sem Vítima;519,1;BR-040/MG;Norte;Outros;2;0;0;0;0;0;0;0;0;0;2;0;0;0;0
06/04/2017;12:52:00;235;Acidente com Vítima;511;BR-040/MG;Norte;Outros;2;0;1;1;0;0;0;0;0;0;3;1;0;0;0
06/04/2017;11:54:00;226;Atropelamento sem Morte;29,6;BR-040/GO;Norte;Atropelamento de ciclista;0;1;0;1;0;0;0;0;0;0;0;0;1;1;0
06/04/2017;11:15:00;217;Acidente sem Vítima;699,388;BR-040/MG;Sul;Abalroamento longitudinal;1;0;1;0;0;0;0;0;0;0;2;0;0;0;0
06/04/2017;09:19:00;174;Acidente sem Vítima;531;BR-040/MG;Sul;Colisão traseira;4;0;0;0;0;0;0;0;0;0;5;0;0;0;0
06/04/2017;08:42:00;157;Acidente com Vítima;9,3;BR-040/GO;Norte;Abalroamento longitudinal;0;0;0;2;0;0;0;0;0;0;1;1;0;0;0
06/04/2017;07:39:00;106;Atropelamento sem Morte;530,5;BR-040/MG;Sul;Atropelamento de pedestre atravessando;0;0;0;1;0;0;0;0;0;0;1;2;0;0;0
05/04/2017;23:49:00;400;Acidente sem Vítima;535,347;BR-040/MG;Sul;Capotamento;1;0;0;0;0;0;0;0;0;0;1;0;0;0;0
05/04/2017;18:21:00;331;Acidente com Vítima;534,132;BR-040/MG;Norte;Colisão traseira;1;0;0;1;0;0;0;0;0;0;1;0;0;1;0
05/04/2017;17:57:00;319;Acidente com Vítima;503,87;BR-040/MG;Sul;Abalroamento longitudinal;0;0;1;1;0;0;0;0;0;0;1;1;0;0;0
05/04/2017;17:01:00;305;Acidente sem Vítima;6,95;BR-040/GO;Norte;Colisão traseira;2;0;0;1;0;0;0;0;0;0;3;0;0;0;0
05/04/2017;15:51:00;282;Acidente sem Vítima;534;BR-040/MG;Sul;Colisão traseira;2;0;0;0;0;0;0;0;0;0;2;0;0;0;0
05/04/2017;09:30:00;177;Acidente com Vítima;129,1;BR-040/MG;Sul;Colisão traseira;2;0;0;0;0;0;0;0;0;0;2;2;0;0;0
05/04/2017;08:28:00;154;Acidente com Vítima;538,1;BR-040/MG;Norte;Colisão traseira;13;0;3;0;0;2;0;0;0;0;11;6;3;0;0
05/04/2017;08:26:00;152;Acidente sem Vítima;586,15;BR-040/MG;Sul;Outros;2;0;0;0;0;0;0;0;0;0;2;0;0;0;0
05/04/2017;07:09:00;116;Acidente com Vítima;534,5;BR-040/MG;Sul;Abalroamento longitudinal;1;0;0;1;0;0;0;0;0;0;1;0;1;0;0
05/04/2017;06:43:00;106;Acidente com Vítima;534;BR-040/MG;Norte;Outros;1;0;0;1;0;0;0;0;0;0;1;1;0;0;0
04/04/2017;21:25:00;357;Acidente com Vítima;750,4;BR-040/MG;Sul;Queda de Carga;0;0;1;0;0;0;0;0;0;0;0;0;2;0;0
04/04/2017;21:15:00;353;Acidente sem Vítima;697,7;BR-040/MG;Norte;Atropelamento de animal;0;0;1;0;0;0;0;0;0;0;1;0;0;0;0
04/04/2017;19:21:00;315;Atropelamento sem Morte;693,2;BR-040/MG;Sul;Atropelamento de pedestre atravessando;0;0;1;0;0;0;0;0;0;0;0;1;1;0;0
04/04/2017;18:02:00;294;Acidente sem Vítima;43,1;BR-040/MG;Norte;Abalroamento transversal;2;0;0;0;0;0;0;0;0;0;5;0;0;0;0
04/04/2017;17:43:00;288;Acidente sem Vítima;504,3;BR-040/MG;Sul;Abalroamento longitudinal;2;0;0;0;0;0;0;0;0;0;3;0;0;0;0
04/04/2017;12:08:00;212;Acidente com Vítima;9,9;BR-040/GO;Sul;Abalroamento longitudinal;0;0;1;1;0;0;0;0;0;0;1;0;1;0;0
04/04/2017;08:30:00;153;Acidente sem Vítima;536;BR-040/MG;Norte;Abalroamento longitudinal;1;0;1;0;1;0;0;0;0;0;10;0;0;0;0
04/04/2017;06:51:00;121;Acidente sem Vítima;10,1;BR-040/GO;Norte;Colisão traseira;2;0;0;0;0;0;0;0;0;0;2;0;0;0;0
04/04/2017;06:46:00;119;Acidente com Vítima;9,1;BR-040/MG;Norte;Abalroamento longitudinal;1;0;0;1;1;0;0;0;0;0;41;0;0;1;0