data;horario;n_da_ocorrencia;tipo_de_ocorrencia;km;trecho;sentido;tipo_de_acidente;automovel;bicicleta;caminhao;moto;onibus;outros;tracao_animal;transporte_de_cargas_especiais;trator_maquinas;utilitarios;ilesos;levemente_feridos;moderadamente_feridos;gravemente_feridos;mortos
22/07/2017;11:27:00;138;Acidente com Vítima;528,035;BR-040/MG;Norte;Abalroamento longitudinal;2;0;0;0;0;0;0;0;0;0;2;1;0;0;0
22/07/2017;10:53:00;128;Acidente sem Vítima;610,15;BR-040/MG;Norte;Colisão traseira;1;0;1;0;0;0;0;0;0;0;2;0;0;0;0
22/07/2017;08:35:00;91;Acidente com Vítima;515,9;BR-040/MG;Norte;Queda de Moto;0;0;0;1;0;0;0;0;0;0;1;1;0;0;0
22/07/2017;08:10:00;83;Acidente sem Vítima;615,25;BR-040/MG;Norte;Colisão traseira;2;0;0;0;0;0;0;0;0;0;2;0;0;0;0
22/07/2017;07:37:00;76;Acidente sem Vítima;692,151;BR-040/MG;Sul;Queda de Moto;0;0;0;1;0;0;0;0;0;0;1;0;0;0;0
22/07/2017;05:14:00;47;Acidente sem Vítima;621,5;BR-040/MG;Norte;Colisão traseira;2;0;0;0;0;0;0;0;0;0;2;0;0;0;0
22/07/2017;03:29:00;35;Acidente sem Vítima;541,49;BR-040/MG;Norte;Colisão traseira;1;0;1;0;0;0;0;0;0;0;2;0;0;0;0
22/07/2017;02:25:00;28;Acidente com Vítima;541,5;BR-040/MG;Sul;Choque em barreira New Jersey;1;0;0;0;0;0;0;0;0;0;1;0;1;0;0
22/07/2017;00:16:00;14;Acidente sem Vítima;276,5;BR-040/MG;Sul;Outros;0;0;2;0;0;0;0;0;0;0;2;0;0;0;0
21/07/2017;19:39:00;371;Acidente com Vítima;632,124;BR-040/MG;Norte;Abalroamento transversal;2;0;0;0;0;0;0;0;0;0;1;0;0;0;0
21/07/2017;19:31:00;369;Acidente sem Vítima;510,2;BR-040/MG;Norte;Colisão traseira;2;0;0;0;0;0;0;0;0;0;5;0;0;0;0
21/07/2017;19:27:00;367;Acidente sem Vítima;693,87;BR-040/MG;Norte;Colisão traseira;1;0;0;1;0;0;0;0;0;0;3;0;0;0;0
21/07/2017;19:23:00;366;Atropelamento sem Morte;276,05;BR-040/MG;Sul;Atropelamento de pedestre atravessando;0;0;0;1;0;0;0;0;0;0;0;2;0;0;0
21/07/2017;18:18:00;334;Acidente sem Vítima;528,5;BR-040/MG;Norte;Choque com objeto fixo;0;0;0;1;0;0;0;0;0;0;1;0;0;0;0
21/07/2017;17:53:00;319;Acidente sem Vítima;457,5;BR-040/MG;Sul;Choque com objeto fixo;2;0;0;0;0;0;0;0;0;0;2;0;0;0;0
21/07/2017;17:33:00;312;Acidente sem Vítima;41,5;BR-040/GO;Norte;Choque com objeto fixo;1;0;0;0;0;0;0;0;0;0;3;0;0;0;0
21/07/2017;15:59:00;276;Acidente com Vítima;10,5;BR-040/GO;Sul;Abalroamento longitudinal;1;0;1;0;0;0;0;0;0;0;1;1;0;0;0
21/07/2017;14:09:00;246;Acidente sem Vítima;45,5;BR-040/GO;Norte;Colisão traseira;2;0;0;0;0;0;0;0;0;0;2;0;0;0;0
21/07/2017;11:38:00;206;Acidente sem Vítima;27,5;BR-040/GO;Sul;Abalroamento transversal;1;0;0;0;0;1;0;0;0;0;2;0;0;0;0
21/07/2017;08:23:00;151;Acidente sem Vítima;115,15;BR-040/MG;Sul;Outros;0;0;1;0;0;0;0;0;0;0;1;0;0;0;0
21/07/2017;07:52:00;139;Acidente sem Vítima;611,375;BR-040/MG;Norte;Colisão traseira;1;0;0;1;0;0;0;0;0;0;2;0;0;0;0
21/07/2017;06:51:00;122;Acidente sem Vítima;503,6;BR-040/MG;Norte;Colisão traseira;2;0;0;0;0;0;0;0;0;0;6;0;0;0;0
21/07/2017;06:33:00;114;Atropelamento sem Morte;511,2;BR-040/MG;Sul;Atropelamento de pedestre atravessando;1;0;0;0;0;0;0;0;0;0;1;1;0;0;0
21/07/2017;06:04:00;110;Acidente com Vítima;41,1;BR-040/MG;Norte;Abalroamento transversal;0;0;1;1;0;0;0;0;0;0;1;0;1;0;0
21/07/2017;05:36:00;107;Acidente sem Vítima;9,3;BR-040/GO;Sul;Abalroamento longitudinal;1;0;1;0;0;0;0;0;0;0;2;0;0;0;0
21/07/2017;05:15:00;106;Acidente sem Vítima;3,5;BR-040/GO;Sul;Colisão traseira;2;0;0;0;0;0;0;0;0;0;2;0;0;0;0
20/07/2017;23:07:00;424;Acidente sem Vítima;541,8;BR-040/MG;Sul;Choque em defensa;1;0;0;0;0;0;0;0;0;0;1;0;0;0;0
20/07/2017;20:22:00;381;Acidente sem Vítima;42;BR-040/MG;Sul;Atropelamento de animal;1;0;0;0;0;0;0;0;0;0;2;0;0;0;0
20/07/2017;18:56:00;355;Acidente sem Vítima;9,72;BR-040/GO;Sul;Colisão traseira;2;0;0;0;0;0;0;0;0;0;4;0;0;0;0
20/07/2017;18:52:00;352;Acidente sem Vítima;532,05;BR-040/MG;Sul;Abalroamento longitudinal;2;0;0;0;0;0;0;0;0;0;2;0;0;0;0
20/07/2017;18:35:00;345;Acidente com Vítima;29,177;BR-040/GO;Sul;Queda de Moto;0;0;0;1;0;0;0;0;0;0;0;1;0;0;0
20/07/2017;18:29:00;342;Acidente com Vítima;276,394;BR-040/MG;Sul;Abalroamento transversal;1;0;0;1;0;0;0;0;0;0;2;0;1;0;0
20/07/2017;17:36:00;329;Acidente com Vítima;588,438;BR-040/MG;Norte;Outros;7;0;2;1;0;0;0;0;0;1;11;0;1;0;0
20/07/2017;14:00:00;265;Acidente com Vítima;23,1;BR-040/MG;Norte;Abalroamento longitudinal;2;0;0;0;0;0;0;0;0;0;0;1;1;0;0
20/07/2017;13:20:00;256;Acidente com Vítima;481,8;BR-040/MG;Norte;Queda de Moto;0;0;0;1;0;0;0;0;0;0;0;1;0;0;0
20/07/2017;13:04:00;246;Acidente com Vítima;4,01;BR-040/DF;Norte;Colisão traseira;2;0;0;1;0;0;0;0;0;0;2;1;0;0;0
20/07/2017;12:18:00;236;Acidente com Vítima;700,15;BR-040/MG;Sul;Queda de Moto;0;0;0;1;0;0;0;0;0;0;1;0;0;0;0
20/07/2017;11:46:00;223;Acidente com Vítima;748,7;BR-040/MG;Sul;Queda de Moto;0;0;0;1;0;0;0;0;0;0;0;2;0;0;0
20/07/2017;10:45:00;209;Acidente sem Vítima;128,8;BR-040/MG;Sul;Colisão traseira;2;0;0;0;0;0;0;0;0;0;7;0;0;0;0
20/07/2017;08:50:00;174;Acidente sem Vítima;527;BR-040/MG;Norte;Capotamento;1;0;0;0;0;0;0;0;0;0;1;0;0;0;0
20/07/2017;07:40:00;161;Acidente com Vítima;2,5;BR-040/DF;Norte;Abalroamento transversal;1;0;0;1;0;0;0;0;0;0;2;1;0;0;0
20/07/2017;04:18:00;110;Acidente sem Vítima;586,4;BR-040/MG;Sul;Choque em barreira New Jersey;0;0;1;0;0;0;0;0;0;0;1;0;0;0;0
20/07/2017;02:23:00;96;Acidente sem Vítima;516,5;BR-040/MG;Sul;Choque com objeto fixo;1;0;0;0;0;0;0;0;0;0;1;0;0;0;0
20/07/2017;00:23:00;7;Acidente com Vítima;320,151;BR-040/MG;Norte;Capotamento;1;0;0;0;0;0;0;0;0;0;0;0;2;0;0
19/07/2017;20:39:00;346;Acidente sem Vítima;714;BR-040/MG;Sul;Colisão traseira;0;0;1;1;0;0;0;0;0;0;2;0;0;0;0
19/07/2017;19:14:00;318;Atropelamento sem Morte;10,3;BR-040/GO;Norte;Atropelamento de ciclista;0;1;0;1;0;0;0;0;0;0;2;0;0;0;0
19/07/2017;18:35:00;308;Acidente sem Vítima;538,6;BR-040/MG;Norte;Colisão traseira;3;0;0;0;0;0;0;0;0;0;5;0;0;0;0
19/07/2017;18:33:00;306;Acidente sem Vítima;610,3;BR-040/MG;Norte;Abalroamento longitudinal;0;0;0;2;0;0;0;0;0;0;2;0;0;0;0
19/07/2017;15:16:00;264;Acidente sem Vítima;518,2;BR-040/MG;Sul;Abalroamento longitudinal;2;0;0;0;0;0;0;0;0;0;4;0;0;0;0
19/07/2017;13:15:00;239;Acidente sem Vítima;727,83;BR-040/MG;Norte;Queda de Carga;0;0;1;0;0;0;0;0;0;0;1;0;0;0;0
19/07/2017;13:07:00;237;Acidente sem Vítima;525,7;BR-040/MG;Norte;Colisão traseira;1;0;1;0;0;0;0;0;0;0;2;0;0;0;0
19/07/2017;12:56:00;234;Acidente sem Vítima;531;BR-040/MG;Sul;Colisão traseira;3;0;0;0;0;0;0;0;0;0;3;0;0;0;0
19/07/2017;11:24:00;206;Acidente com Vítima;577,081;BR-040/MG;Sul;Colisão traseira;2;0;0;0;0;0;0;0;0;0;2;3;0;0;0
19/07/2017;08:02:00;156;Acidente sem Vítima;769,1;BR-040/MG;Sul;Capotamento;1;0;0;0;0;0;0;0;0;0;1;0;0;0;0
19/07/2017;07:04:00;141;Atropelamento sem Morte;448;BR-040/MG;Norte;Atropelamento de ciclista;1;0;0;0;0;0;0;0;0;0;1;1;0;0;0
19/07/2017;04:51:00;121;Acidente sem Vítima;506,323;BR-040/MG;Norte;Colisão traseira;1;0;1;0;0;0;0;0;0;0;6;0;0;0;0
18/07/2017;19:15:00;369;Atropelamento sem Morte;543,38;BR-040/MG;Sul;Atropelamento de pedestre atravessando;1;0;0;0;0;1;0;0;0;0;2;0;0;1;0
18/07/2017;18:36:00;355;Acidente sem Vítima;536,4;BR-040/MG;Norte;Colisão traseira;2;0;0;0;0;0;0;0;0;0;2;0;0;0;0
18/07/2017;17:31:00;337;Acidente com Vítima;611,1;BR-040/MG;Sul;Abalroamento longitudinal;1;0;0;1;0;0;0;0;0;0;1;1;0;0;0
18/07/2017;17:21:00;333;Acidente com Vítima;532,097;BR-040/MG;Norte;Colisão traseira;3;0;0;0;0;0;0;0;0;0;7;1;0;0;0
18/07/2017;14:33:00;286;Acidente com Vítima;5,231;BR-040/GO;Norte;Colisão traseira;1;0;0;1;0;0;0;0;0;0;1;1;0;0;0
18/07/2017;14:14:00;281;Acidente com Vítima;520,1;BR-040/MG;Norte;Queda de Moto;0;0;0;1;0;0;0;0;0;0;2;1;1;0;0
18/07/2017;12:18:00;257;Acidente com Vítima;0,095;BR-040/DF;Norte;Queda de Moto;0;0;0;1;0;0;0;0;0;0;0;0;0;0;0
18/07/2017;09:58:00;224;Atropelamento sem Morte;4,1;BR-040/DF;Norte;Atropelamento de ciclista;0;0;0;1;0;1;0;0;0;0;0;0;0;0;0
18/07/2017;08:39:00;183;Acidente com Vítima;538,35;BR-040/MG;Sul;Queda de Moto;0;0;0;1;0;0;0;0;0;0;1;0;0;0;0
18/07/2017;08:31:00;177;Acidente sem Vítima;544,05;BR-040/MG;Sul;Queda de Moto;0;0;0;1;0;0;0;0;0;0;1;0;0;0;0
18/07/2017;08:02:00;168;Acidente com Vítima;2,25;BR-040/DF;Norte;Abalroamento longitudinal;0;0;0;0;0;2;0;0;0;0;1;0;0;0;0
18/07/2017;07:46:00;158;Acidente com Vítima;0,39;BR-040/GO;Norte;Colisão traseira;1;0;0;1;0;0;0;0;0;0;1;2;0;0;0
18/07/2017;07:34:00;151;Acidente sem Vítima;527,015;BR-040/MG;Norte;Atropelamento de animal;1;0;0;0;0;0;0;0;0;0;1;0;0;0;0
17/07/2017;23:57:00;452;Acidente sem Vítima;487,5;BR-040/MG;Sul;Colisão traseira;0;0;2;0;0;0;0;0;0;0;2;0;0;0;0
17/07/2017;22:27:00;424;Acidente sem Vítima;584,368;BR-040/MG;Norte;Choque em defensa;1;0;0;0;0;0;0;0;0;0;1;0;0;0;0
17/07/2017;21:30:00;404;Acidente sem Vítima;537,392;BR-040/MG;Sul;Choque em barreira New Jersey;1;0;0;0;0;0;0;0;0;0;1;0;0;0;0
17/07/2017;21:30:00;405;Acidente sem Vítima;21,46;BR-040/GO;Norte;Capotamento;1;0;0;0;0;0;0;0;0;0;1;0;0;0;0
17/07/2017;20:41:00;383;Acidente com Vítima;616,2;BR-040/MG;Sul;Capotamento;0;0;0;1;0;0;0;0;0;0;1;1;0;0;0
17/07/2017;18:43:00;339;Atropelamento sem Morte;0,3;BR-040/GO;Sul;Atropelamento de pedestre atravessando;1;0;0;0;0;0;0;0;0;0;1;1;0;0;0
17/07/2017;18:25:00;328;Acidente com Morte;623,1;BR-040/MG;Norte;Abalroamento transversal;1;0;0;1;0;0;0;0;0;0;1;0;0;0;2
17/07/2017;16:21:00;297;Acidente sem Vítima;511,219;BR-040/MG;Norte;Choque em defensa;1;0;0;0;0;0;0;0;0;0;1;0;0;0;0
17/07/2017;11:36:00;206;Acidente sem Vítima;532,68;BR-040/MG;Sul;Abalroamento longitudinal;1;0;0;1;0;0;0;0;0;0;2;0;0;0;0
17/07/2017;10:34:00;188;Acidente sem Vítima;758,8;BR-040/MG;Norte;Colisão traseira;2;0;0;0;0;0;0;0;0;0;2;0;0;0;0
17/07/2017;10:31:00;187;Atropelamento sem Morte;25;BR-040/GO;Norte;Atropelamento de ciclista;1;1;0;0;0;0;0;0;0;0;1;0;0;0;0
17/07/2017;08:05:00;145;Acidente com Vítima;702,1;BR-040/MG;Sul;Queda de Moto;1;0;0;1;0;0;0;0;0;0;1;1;0;0;0
17/07/2017;07:14:00;127;Acidente sem Vítima;43,5;BR-040/MG;Norte;Abalroamento longitudinal;1;0;1;0;0;0;0;0;0;0;2;0;0;0;0
17/07/2017;07:07:00;125;Acidente sem Vítima;611,15;BR-040/MG;Norte;Colisão traseira;3;0;0;0;0;0;0;0;0;0;3;0;0;0;0
17/07/2017;07:03:00;122;Acidente com Vítima;4,4;BR-040/DF;Norte;Abalroamento longitudinal;0;0;0;1;0;1;0;0;0;0;1;1;0;0;0
17/07/2017;06:59:00;120;Acidente com Vítima;538,1;BR-040/MG;Sul;Queda de Moto;0;0;0;1;0;0;0;0;0;0;0;1;0;0;0
17/07/2017;04:46:00;106;Acidente sem Vítima;301,5;BR-040/MG;Norte;Colisão traseira;0;0;1;0;0;1;0;0;0;0;2;0;0;0;0
17/07/2017;01:51:00;8;Acidente sem Vítima;415,6;BR-040/MG;Sul;Abalroamento longitudinal;1;0;1;0;0;0;0;0;0;0;3;0;0;0;0
17/07/2017;00:33:00;2;Acidente sem Vítima;3,766;BR-040/GO;Sul;Colisão traseira;2;0;0;0;0;0;0;0;0;0;3;0;0;0;0
16/07/2017;23:35:00;288;Acidente com Vítima;563;BR-040/MG;Sul;Capotamento;1;0;0;0;0;0;0;0;0;0;1;1;0;0;0
16/07/2017;23:21:00;285;Acidente sem Vítima;4,5;BR-040/GO;Sul;Queda de Moto;0;0;0;1;0;0;0;0;0;0;1;0;0;0;0
16/07/2017;22:48:00;280;Acidente sem Vítima;487;BR-040/MG;Norte;Choque com objeto fixo;1;0;0;0;0;0;0;0;0;0;1;0;0;0;0
16/07/2017;21:20:00;260;Acidente sem Vítima;112,2;BR-040/MG;Sul;Abalroamento longitudinal;2;0;0;0;1;0;0;0;0;0;37;0;0;0;0
16/07/2017;21:19:00;259;Acidente com Vítima;53,3;BR-040/MG;Sul;Outros;1;0;0;0;0;0;0;0;0;0;1;1;0;0;0
16/07/2017;20:25:00;243;Acidente com Vítima;448;BR-040/MG;Norte;Queda de Moto;0;0;0;1;0;0;0;0;0;0;0;1;0;0;0
16/07/2017;20:21:00;242;Atropelamento com Morte;12,395;BR-040/GO;Norte;Atropelamento de pedestre atravessando;2;0;0;0;0;0;0;0;0;0;2;0;0;0;1
16/07/2017;19:33:00;233;Acidente com Vítima;13,3;BR-040/GO;Norte;Colisão traseira;2;0;0;0;0;0;0;0;0;0;1;2;0;0;0
16/07/2017;18:15:00;212;Acidente com Vítima;508,75;BR-040/MG;Sul;Abalroamento transversal;2;0;0;0;0;0;0;0;0;0;1;1;0;0;0
16/07/2017;17:11:00;187;Acidente sem Vítima;8;BR-040/GO;Norte;Abalroamento longitudinal;1;0;0;0;1;0;0;0;0;0;74;0;0;0;0
16/07/2017;17:09:00;185;Acidente sem Vítima;1,064;BR-040/GO;Sul;Abalroamento transversal;3;0;0;0;0;0;0;0;0;0;8;0;0;0;0
16/07/2017;16:30:00;175;Acidente com Vítima;7,004;BR-040/GO;Norte;Colisão traseira;3;0;0;1;0;0;0;0;0;0;10;1;0;0;0
16/07/2017;15:21:00;154;Acidente sem Vítima;532,49;BR-040/MG;Sul;Choque com objeto fixo;1;0;0;0;0;0;0;0;0;0;1;0;0;0;0
16/07/2017;14:22:00;135;Acidente sem Vítima;597,1;BR-040/MG;Norte;Colisão traseira;1;0;0;0;0;1;0;0;0;0;3;0;0;0;0
16/07/2017;13:56:00;124;Acidente sem Vítima;570,002;BR-040/MG;Norte;Abalroamento longitudinal;1;0;0;1;0;0;0;0;0;0;2;0;0;0;0
16/07/2017;11:50:00;101;Acidente sem Vítima;0;BR-040/DF;Norte;Choque em defensa;2;0;0;0;0;0;0;0;0;0;3;0;0;0;0
16/07/2017;11:32:00;99;Acidente com Vítima;147,3;BR-040/MG;Norte;Outros;1;0;0;0;0;0;0;0;0;0;2;0;1;0;0
16/07/2017;09:14:00;61;Acidente com Vítima;309;BR-040/MG;Sul;Choque com objeto fixo;1;0;0;0;0;0;0;0;0;0;0;2;0;0;0
16/07/2017;07:32:00;45;Acidente com Vítima;510,1;BR-040/MG;Norte;Capotamento;0;0;0;0;0;0;0;0;0;1;0;1;0;0;0
16/07/2017;03:21:00;26;Acidente com Vítima;350,9;BR-040/MG;Norte;Choque com objeto fixo;1;0;0;0;0;0;0;0;0;0;0;2;0;0;0
15/07/2017;22:22:00;305;Acidente sem Vítima;42,9;BR-040/MG;Sul;Abalroamento longitudinal;2;0;0;0;0;0;0;0;0;0;5;0;0;0;0
15/07/2017;21:27:00;292;Acidente sem Vítima;8,3;BR-040/GO;Sul;Colisão traseira;2;0;0;0;0;0;0;0;0;0;5;0;0;0;0
15/07/2017;21:10:00;289;Acidente com Vítima;95,2;BR-040/GO;Sul;Abalroamento longitudinal;2;0;0;0;0;0;0;0;0;0;1;1;0;0;0
15/07/2017;20:17:00;279;Acidente sem Vítima;664,6;BR-040/MG;Sul;Capotamento;1;0;0;0;0;0;0;0;0;0;1;0;0;0;0
15/07/2017;19:57:00;276;Acidente sem Vítima;401,926;BR-040/MG;Norte;Capotamento;1;0;0;0;0;0;0;0;0;0;1;0;0;0;0
15/07/2017;18:47:00;258;Atropelamento sem Morte;510,3;BR-040/MG;Sul;Atropelamento de pedestre atravessando;1;0;0;0;0;0;0;0;0;0;0;0;1;0;0
15/07/2017;18:35:00;256;Acidente com Vítima;6,3;BR-040/GO;Norte;Colisão traseira;2;0;0;1;0;0;0;0;0;0;2;0;1;0;0
15/07/2017;18:32:00;254;Acidente sem Vítima;462,9;BR-040/MG;Norte;Colisão traseira;1;0;1;0;0;0;0;0;0;0;2;0;0;0;0
15/07/2017;17:26:00;235;Acidente com Vítima;119,01;BR-040/MG;Sul;Abalroamento longitudinal;1;0;1;0;0;0;0;0;0;0;1;0;2;0;0
15/07/2017;15:42:00;204;Acidente sem Vítima;4,4;BR-040/GO;Sul;Colisão traseira;3;0;0;0;0;0;0;0;0;0;4;0;0;0;0
15/07/2017;14:36:00;184;Acidente com Vítima;97,7;BR-040/MG;Sul;Capotamento;1;0;0;0;0;0;0;0;0;0;0;0;2;0;0
15/07/2017;14:31:00;181;Acidente sem Vítima;2,6;BR-040/GO;Norte;Abalroamento transversal;2;0;0;0;0;0;0;0;0;0;4;0;0;0;0
15/07/2017;14:29:00;178;Acidente sem Vítima;330,7;BR-040/MG;Norte;Colisão traseira;1;0;1;0;0;0;0;0;0;0;4;0;0;0;0
15/07/2017;13:47:00;166;Acidente com Vítima;574,042;BR-040/MG;Norte;Abalroamento longitudinal;1;0;0;1;0;0;0;0;0;0;2;1;0;0;0
15/07/2017;13:13:00;156;Acidente sem Vítima;388,4;BR-040/MG;Sul;Choque com objeto fixo;1;0;0;0;0;0;0;0;0;0;2;0;0;0;0
15/07/2017;12:00:00;141;Acidente sem Vítima;670,74;BR-040/MG;Norte;Colisão traseira;1;0;0;1;0;0;0;0;0;0;2;0;0;0;0
15/07/2017;11:14:00;132;Acidente com Vítima;633;BR-040/MG;Sul;Abalroamento longitudinal;1;0;0;1;0;0;0;0;0;0;1;0;0;0;0
15/07/2017;10:19:00;117;Acidente com Vítima;634;BR-040/MG;Norte;Colisão traseira;2;0;0;0;0;0;0;0;0;0;3;2;0;0;0
15/07/2017;10:07:00;112;Acidente com Vítima;0,05;BR-040/DF;Sul;Capotamento;1;0;0;0;0;0;0;0;0;0;0;1;0;0;0
15/07/2017;08:59:00;94;Acidente sem Vítima;731,8;BR-040/MG;Norte;Choque em barreira New Jersey;1;0;0;0;0;0;0;0;0;0;3;0;0;0;0
15/07/2017;08:44:00;92;Acidente sem Vítima;731,8;BR-040/MG;Sul;Choque em barreira New Jersey;1;0;0;0;0;0;0;0;0;0;1;0;0;0;0
15/07/2017;07:50:00;76;Acidente sem Vítima;748;BR-040/MG;Sul;Capotamento;1;0;0;0;0;0;0;0;0;0;3;0;0;0;0
15/07/2017;07:26:00;72;Acidente sem Vítima;524,57;BR-040/MG;Norte;Abalroamento longitudinal;1;0;0;0;0;1;0;0;0;0;2;0;0;0;0
15/07/2017;07:16:00;70;Acidente com Vítima;603,12;BR-040/MG;Sul;Abalroamento longitudinal;0;0;1;0;0;0;0;0;0;1;5;1;0;0;0
15/07/2017;06:38:00;60;Acidente sem Vítima;717,45;BR-040/MG;Norte;Choque em barreira New Jersey;1;0;0;0;0;0;0;0;0;0;4;0;0;0;0
15/07/2017;06:37:00;58;Acidente sem Vítima;656,7;BR-040/MG;Norte;Choque com objeto fixo;1;0;0;0;0;0;0;0;0;0;1;0;0;0;0
15/07/2017;06:16:00;50;Acidente sem Vítima;661,05;BR-040/MG;Norte;Choque com objeto fixo;1;0;0;0;0;0;0;0;0;0;1;0;0;0;0
15/07/2017;06:11:00;49;Acidente sem Vítima;704,1;BR-040/MG;Norte;Capotamento;1;0;0;0;0;0;0;0;0;0;1;0;0;0;0
15/07/2017;04:51:00;44;Acidente sem Vítima;542,5;BR-040/MG;Sul;Queda de Carga;0;0;1;0;0;0;0;0;0;0;1;0;0;0;0
15/07/2017;02:01:00;31;Acidente sem Vítima;5,6;BR-040/DF;Sul;Colisão traseira;2;0;0;0;0;0;0;0;0;0;2;0;0;0;0
14/07/2017;23:32:00;521;Acidente com Vítima;2,5;BR-040/GO;Sul;Colisão traseira;1;0;0;1;0;0;0;0;0;0;1;1;0;0;0
14/07/2017;22:53:00;516;Acidente sem Vítima;555,7;BR-040/MG;Sul;Abalroamento transversal;2;0;0;0;0;0;0;0;0;0;2;0;0;0;0
14/07/2017;22:08:00;504;Acidente sem Vítima;449,881;BR-040/MG;Norte;Choque com objeto fixo;1;0;0;0;0;0;0;0;0;0;2;0;0;0;0
14/07/2017;21:30:00;491;Acidente sem Vítima;140,3;BR-040/MG;Norte;Atropelamento de animal;1;0;0;0;0;0;0;0;0;0;4;0;0;0;0
14/07/2017;20:56:00;480;Acidente sem Vítima;2,05;BR-040/MG;Norte;Colisão traseira;2;0;0;0;0;0;0;0;0;0;2;0;0;0;0
14/07/2017;20:26:00;469;Acidente sem Vítima;532,721;BR-040/MG;Sul;Colisão traseira;1;0;0;0;0;2;0;0;0;0;3;0;0;0;0
14/07/2017;20:13:00;465;Acidente sem Vítima;380,4;BR-040/MG;Norte;Choque com objeto fixo;1;0;0;0;0;0;0;0;0;0;1;0;0;0;0
14/07/2017;19:56:00;459;Atropelamento sem Morte;17,9;BR-040/GO;Norte;Atropelamento de ciclista;1;0;0;0;0;0;0;0;0;0;2;0;0;0;0
14/07/2017;19:32:00;451;Acidente sem Vítima;0,5;BR-040/GO;Norte;Colisão traseira;2;0;0;0;0;0;0;0;0;0;2;0;0;0;0
14/07/2017;17:24:00;402;Acidente sem Vítima;552,1;BR-040/MG;Norte;Abalroamento longitudinal;1;0;1;0;0;0;0;0;0;0;2;0;0;0;0
14/07/2017;16:29:00;377;Acidente com Vítima;508,1;BR-040/MG;Sul;Queda de Moto;0;0;0;1;0;0;0;0;0;0;1;1;0;0;0
14/07/2017;10:49:00;253;Acidente sem Vítima;67,8;BR-040/GO;Norte;Colisão traseira;1;0;0;1;0;0;0;0;0;0;2;0;0;0;0
14/07/2017;10:25:00;245;Atropelamento sem Morte;501,1;BR-040/MG;Sul;Atropelamento de pedestre atravessando;1;0;0;0;0;0;0;0;0;0;1;1;0;0;0
14/07/2017;08:33:00;205;Acidente sem Vítima;93,15;BR-040/MG;Sul;Abalroamento longitudinal;1;0;1;0;0;0;0;0;0;0;2;0;0;0;0
14/07/2017;08:26:00;202;Acidente sem Vítima;529,1;BR-040/MG;Sul;Colisão traseira;1;0;1;0;0;0;0;0;0;0;2;0;0;0;0
14/07/2017;06:47:00;157;Acidente com Vítima;1,425;BR-040/DF;Sul;Abalroamento longitudinal;1;0;0;1;0;0;0;0;0;0;1;0;1;0;0
14/07/2017;06:31:00;153;Acidente sem Vítima;534,1;BR-040/MG;Sul;Abalroamento longitudinal;1;0;1;0;0;0;0;0;0;0;2;0;0;0;0
14/07/2017;04:36:00;140;Acidente sem Vítima;1,05;BR-040/GO;Sul;Choque com objeto fixo;1;0;0;0;0;0;0;0;0;0;1;0;0;0;0
14/07/2017;01:20:00;105;Acidente com Vítima;2,5;BR-040/GO;Norte;Abalroamento transversal;1;0;0;1;0;0;0;0;0;0;1;1;1;0;0
14/07/2017;00:46:00;68;Acidente sem Vítima;0,5;BR-040/GO;Sul;Abalroamento longitudinal;1;0;0;1;0;0;0;0;0;0;4;0;0;0;0
14/07/2017;00:01:00;1;Acidente com Vítima;29,5;BR-040/GO;Norte;Colisão frontal;2;0;0;0;0;0;0;0;0;0;1;1;1;0;0
13/07/2017;23:14:00;426;Acidente sem Vítima;442,6;BR-040/MG;Norte;Colisão traseira;0;0;2;0;0;0;0;0;0;0;2;0;0;0;0
13/07/2017;23:03:00;422;Acidente com Vítima;276,39;BR-040/MG;Norte;Choque com objeto fixo;0;0;1;0;0;0;0;0;0;0;1;1;0;0;0
13/07/2017;22:28:00;419;Acidente sem Vítima;8,9;BR-040/GO;Norte;Colisão traseira;2;0;0;0;0;0;0;0;0;0;3;0;0;0;0
13/07/2017;20:26:00;390;Acidente sem Vítima;31,039;BR-040/GO;Norte;Abalroamento longitudinal;2;0;1;0;0;0;0;0;0;0;5;0;0;0;0
13/07/2017;20:16:00;387;Acidente sem Vítima;570,01;BR-040/MG;Sul;Choque com objeto fixo;1;0;0;0;0;0;0;0;0;0;2;0;0;0;0
13/07/2017;19:05:00;368;Acidente sem Vítima;34,5;BR-040/GO;Norte;Atropelamento de animal;1;0;0;0;0;0;0;0;0;0;1;0;0;0;0
13/07/2017;18:33:00;356;Acidente sem Vítima;589,935;BR-040/MG;Sul;Abalroamento transversal;2;0;0;0;0;0;0;0;0;0;2;0;0;0;0
13/07/2017;17:25:00;342;Acidente sem Vítima;535,1;BR-040/MG;Norte;Abalroamento longitudinal;1;0;1;0;0;0;0;0;0;0;2;0;0;0;0
13/07/2017;15:02:00;304;Acidente sem Vítima;38,2;BR-040/GO;Norte;Capotamento;1;0;0;0;0;0;0;0;0;0;4;0;0;0;0