data;horario;n_da_ocorrencia;tipo_de_ocorrencia;km;trecho;sentido;tipo_de_acidente;automovel;bicicleta;caminhao;moto;onibus;outros;tracao_animal;transporte_de_cargas_especiais;trator_maquinas;utilitarios;ilesos;levemente_feridos;moderadamente_feridos;gravemente_feridos;mortos
03/08/2017;08:09:00;163;Acidente sem Vítima;542,5;BR-040/MG;Sul;Colisão traseira;2;0;0;0;0;0;0;0;0;0;2;0;0;0;0
03/08/2017;07:03:00;145;Acidente com Vítima;612,001;BR-040/MG;Sul;Queda de Moto;0;0;1;1;0;0;0;0;0;0;1;1;0;0;0
03/08/2017;07:00:00;142;Acidente sem Vítima;6,1;BR-040/DF;Norte;Colisão traseira;3;0;0;0;0;0;0;0;0;0;3;0;0;0;0
03/08/2017;00:10:00;6;Acidente sem Vítima;191,3;BR-040/MG;Sul;Atropelamento de animal;1;0;0;0;0;0;0;0;0;0;3;0;0;0;0
02/08/2017;23:46:00;348;Acidente sem Vítima;592,17;BR-040/MG;Norte;Choque em defensa;1;0;0;0;0;0;0;0;0;0;1;0;0;0;0
02/08/2017;22:47:00;335;Acidente sem Vítima;44,109;BR-040/MG;Norte;Abalroamento longitudinal;2;0;0;0;0;0;0;0;0;0;2;0;0;0;0
02/08/2017;16:20:00;258;Acidente com Vítima;12,9;BR-040/GO;Sul;Abalroamento longitudinal;1;0;0;1;0;0;0;0;0;0;2;1;0;0;0
02/08/2017;14:12:00;229;Acidente com Vítima;545,5;BR-040/MG;Sul;Choque em defensa;1;0;0;0;0;0;0;0;0;0;2;1;0;0;0
02/08/2017;13:11:00;210;Acidente sem Vítima;527,5;BR-040/MG;Norte;Colisão traseira;2;0;0;0;0;0;0;0;0;0;2;0;0;0;0
02/08/2017;12:14:00;198;Acidente com Vítima;522,5;BR-040/MG;Sul;Colisão traseira;3;0;0;0;0;0;0;0;0;0;6;2;0;0;0
02/08/2017;11:52:00;188;Acidente sem Vítima;450,1;BR-040/MG;Norte;Capotamento;1;0;0;0;0;0;0;0;0;0;1;0;0;0;0
02/08/2017;07:47:00;115;Acidente com Vítima;2,8;BR-040/GO;Norte;Queda de Moto;0;0;0;1;0;0;0;0;0;0;1;1;0;0;0
02/08/2017;00:12:00;2;Acidente sem Vítima;247,6;BR-040/MG;Norte;Outros;0;0;1;0;0;0;0;0;0;0;1;0;0;0;0
01/08/2017;19:09:00;304;Acidente sem Vítima;124,5;BR-040/MG;Norte;Colisão traseira;1;0;0;0;0;0;0;0;0;0;1;0;0;0;0
01/08/2017;16:25:00;265;Acidente com Vítima;42;BR-040/MG;Norte;Colisão traseira;1;0;0;1;0;0;0;0;0;0;1;1;0;0;0
01/08/2017;11:51:00;195;Acidente sem Vítima;537;BR-040/MG;Norte;Capotamento;1;0;0;0;0;0;0;0;0;0;2;0;0;0;0
01/08/2017;08:43:00;156;Acidente sem Vítima;594,7;BR-040/MG;Norte;Colisão traseira;1;0;0;0;0;1;0;0;0;0;3;0;0;0;0
01/08/2017;08:25:00;150;Acidente sem Vítima;537,2;BR-040/MG;Sul;Colisão traseira;4;0;0;0;0;0;0;0;0;0;6;0;0;0;0
30/09/2017;23:44:00;356;Acidente sem Vítima;487;BR-040/MG;Norte;Colisão traseira;2;0;0;0;0;0;0;0;0;0;2;0;0;0;0
30/09/2017;19:56:00;309;Acidente com Vítima;476;BR-040/MG;Norte;Colisão traseira;2;0;0;0;0;0;0;0;0;0;2;0;1;0;0
30/09/2017;19:06:00;292;Acidente com Vítima;44,7;BR-040/MG;Sul;Colisão frontal;1;0;0;1;0;0;0;0;0;0;3;0;1;0;0
30/09/2017;18:50:00;289;Acidente com Vítima;506,05;BR-040/MG;Norte;Queda de Carga;0;0;0;0;1;0;0;0;0;0;2;2;0;0;0
30/09/2017;16:04:00;251;Atropelamento sem Morte;1,7;BR-040/GO;Norte;Atropelamento de pedestre caminhando;1;0;0;0;0;0;0;0;0;0;1;1;0;0;0
30/09/2017;16:04:00;252;Acidente sem Vítima;712,9;BR-040/MG;Norte;Outros;1;0;0;0;0;0;0;0;0;0;1;0;0;0;0
30/09/2017;16:03:00;250;Acidente com Vítima;0,15;BR-040/MG;Sul;Abalroamento longitudinal;1;0;1;0;0;0;0;0;0;0;1;1;0;0;0
30/09/2017;15:14:00;239;Acidente sem Vítima;493,67;BR-040/MG;Norte;Choque com objeto fixo;1;0;0;0;0;0;0;0;0;0;4;0;0;0;0
30/09/2017;15:05:00;236;Acidente sem Vítima;718,1;BR-040/MG;Norte;Queda de Carga;1;0;0;0;0;0;0;0;0;0;1;0;0;0;0
30/09/2017;14:39:00;224;Acidente com Vítima;546,12;BR-040/MG;Norte;Outros;2;0;0;0;0;0;0;0;0;0;3;2;1;0;0
30/09/2017;14:31:00;219;Acidente com Vítima;448,4;BR-040/MG;Sul;Choque com objeto fixo;1;0;0;0;0;0;0;0;0;0;4;1;0;0;0
30/09/2017;14:07:00;211;Acidente com Vítima;527,32;BR-040/MG;Norte;Colisão traseira;3;0;1;0;0;0;0;0;0;0;6;1;0;0;0
30/09/2017;13:56:00;208;Acidente sem Vítima;739,6;BR-040/MG;Norte;Outros;1;0;0;0;0;0;0;0;0;0;2;0;0;0;0
30/09/2017;12:38:00;183;Acidente com Vítima;737,8;BR-040/MG;Norte;Capotamento;2;0;0;1;0;0;0;0;0;0;2;0;1;0;0
30/09/2017;12:31:00;180;Acidente sem Vítima;696;BR-040/MG;Sul;Choque com objeto fixo;1;0;0;0;0;0;0;0;0;0;1;0;0;0;0
30/09/2017;12:01:00;173;Acidente sem Vítima;727,2;BR-040/MG;Norte;Outros;1;0;0;0;0;0;0;0;0;0;1;0;0;0;0
30/09/2017;11:20:00;162;Atropelamento sem Morte;9,8;BR-040/GO;Norte;Atropelamento de pedestre atravessando;0;0;0;1;0;0;0;0;0;0;0;1;1;0;0
30/09/2017;11:06:00;157;Acidente sem Vítima;718;BR-040/MG;Sul;Choque em barreira New Jersey;1;0;0;0;0;0;0;0;0;0;2;0;0;0;0
30/09/2017;10:58:00;155;Acidente sem Vítima;683,8;BR-040/MG;Norte;Choque com objeto fixo;1;0;0;0;0;0;0;0;0;0;1;0;0;0;0
30/09/2017;10:51:00;152;Acidente sem Vítima;740,1;BR-040/MG;Sul;Choque com objeto fixo;1;0;0;0;0;0;0;0;0;0;1;0;0;0;0
30/09/2017;09:47:00;136;Acidente sem Vítima;727,2;BR-040/MG;Sul;Outros;1;0;0;0;0;0;0;0;0;0;2;0;0;0;0
30/09/2017;09:22:00;126;Acidente sem Vítima;724;BR-040/MG;Sul;Outros;1;0;0;0;0;0;0;0;0;0;2;0;0;0;0
30/09/2017;09:08:00;120;Acidente com Vítima;454,5;BR-040/MG;Norte;Choque com objeto fixo;0;0;1;0;0;0;0;0;0;0;0;0;0;1;0
30/09/2017;09:00:00;118;Acidente sem Vítima;738;BR-040/MG;Norte;Outros;1;0;0;0;0;0;0;0;0;0;2;0;0;0;0
30/09/2017;08:05:00;105;Acidente sem Vítima;548,2;BR-040/MG;Sul;Colisão traseira;4;0;0;0;0;0;0;0;0;0;13;0;0;0;0
30/09/2017;08:02:00;104;Acidente sem Vítima;718,3;BR-040/MG;Norte;Choque com objeto fixo;1;0;0;0;0;0;0;0;0;0;2;0;0;0;0
30/09/2017;08:00:00;102;Acidente sem Vítima;705,1;BR-040/MG;Norte;Choque com objeto fixo;1;0;0;0;0;0;0;0;0;0;3;0;0;0;0
30/09/2017;07:50:00;97;Acidente sem Vítima;737;BR-040/MG;Sul;Choque com objeto fixo;1;0;0;0;0;0;0;0;0;0;1;0;0;0;0
30/09/2017;07:50:00;98;Acidente com Vítima;694,5;BR-040/MG;Norte;Choque com objeto fixo;1;0;0;0;0;0;0;0;0;0;0;1;0;0;0
30/09/2017;07:45:00;94;Acidente sem Vítima;504,1;BR-040/MG;Norte;Queda de Carga;1;0;0;0;0;0;0;0;0;0;2;0;0;0;0
30/09/2017;07:36:00;89;Acidente sem Vítima;512,87;BR-040/MG;Norte;Queda de Carga;1;0;0;0;0;0;0;0;0;0;1;0;0;0;0
30/09/2017;07:27:00;84;Acidente sem Vítima;539,5;BR-040/MG;Sul;Choque com objeto fixo;1;0;0;0;0;0;0;0;0;0;1;0;0;0;0
30/09/2017;07:27:00;85;Acidente sem Vítima;452,6;BR-040/MG;Norte;Colisão traseira;2;0;0;0;0;0;0;0;0;0;2;0;0;0;0
30/09/2017;07:27:00;86;Acidente sem Vítima;506,6;BR-040/MG;Sul;Choque em defensa;1;0;0;0;0;0;0;0;0;0;1;0;0;0;0
30/09/2017;07:15:00;76;Acidente sem Vítima;469,89;BR-040/MG;Norte;Choque em barreira New Jersey;1;0;0;0;0;0;0;0;0;0;1;0;0;0;0
30/09/2017;06:56:00;71;Acidente sem Vítima;632,1;BR-040/MG;Norte;Outros;1;0;0;0;0;0;0;0;0;0;1;0;0;0;0
30/09/2017;06:46:00;69;Acidente sem Vítima;474,7;BR-040/MG;Norte;Capotamento;1;0;0;0;0;0;0;0;0;0;1;0;0;0;0
30/09/2017;06:33:00;66;Acidente sem Vítima;718;BR-040/MG;Sul;Outros;1;0;0;0;0;0;0;0;0;0;1;0;0;0;0
30/09/2017;05:23:00;57;Acidente sem Vítima;562;BR-040/MG;Sul;Choque com objeto fixo;1;0;0;0;0;0;0;0;0;0;1;0;0;0;0
30/09/2017;05:01:00;53;Acidente sem Vítima;280,8;BR-040/MG;Sul;Queda de Carga;0;0;1;0;0;0;0;0;0;0;2;0;0;0;0
30/09/2017;04:11:00;49;Acidente sem Vítima;503,002;BR-040/MG;Norte;Choque com objeto fixo;1;0;0;0;0;0;0;0;0;0;2;0;0;0;0
29/09/2017;23:48:00;409;Acidente com Vítima;515,17;BR-040/MG;Norte;Abalroamento longitudinal;1;0;1;0;0;0;0;0;0;0;2;1;0;0;0
29/09/2017;22:44:00;396;Acidente sem Vítima;463,09;BR-040/MG;Norte;Colisão traseira;2;0;0;0;0;0;0;0;0;0;2;0;0;0;0
29/09/2017;19:55:00;352;Atropelamento com Morte;27,3;BR-040/MG;Norte;Atropelamento de pedestre caminhando;0;0;1;0;0;0;0;0;0;0;1;0;0;0;1
29/09/2017;16:58:00;280;Acidente sem Vítima;524,4;BR-040/MG;Sul;Choque com objeto fixo;1;0;0;0;0;0;0;0;0;0;3;0;0;0;0
29/09/2017;16:44:00;275;Acidente sem Vítima;481,5;BR-040/MG;Sul;Choque com objeto fixo;1;0;0;0;0;0;0;0;0;0;1;0;0;0;0
29/09/2017;15:44:00;258;Acidente sem Vítima;495,59;BR-040/MG;Norte;Colisão traseira;1;0;1;0;0;1;0;0;0;0;5;0;0;0;0
29/09/2017;11:34:00;182;Acidente sem Vítima;295,5;BR-040/MG;Norte;Atropelamento de animal;1;0;0;0;0;0;0;0;0;0;1;0;0;0;0
29/09/2017;10:12:00;154;Acidente sem Vítima;534,1;BR-040/MG;Norte;Abalroamento longitudinal;1;0;1;0;0;0;0;0;0;0;2;0;0;0;0
29/09/2017;08:30:00;126;Acidente sem Vítima;3,15;BR-040/DF;Norte;Choque em defensa;0;0;1;0;0;0;0;0;0;0;1;0;0;0;0
29/09/2017;08:14:00;122;Acidente sem Vítima;532,89;BR-040/MG;Norte;Abalroamento longitudinal;1;0;1;0;0;0;0;0;0;0;2;0;0;0;0
29/09/2017;07:01:00;103;Acidente com Vítima;637,1;BR-040/MG;Norte;Abalroamento longitudinal;1;0;1;0;0;0;0;0;0;0;2;0;0;0;0
29/09/2017;00:12:00;2;Acidente sem Vítima;454,829;BR-040/MG;Norte;Queda de Carga;0;0;1;0;0;0;0;0;0;0;2;0;0;0;0
28/09/2017;23:57:00;394;Acidente sem Vítima;520,95;BR-040/MG;Sul;Queda de Moto;0;0;0;1;0;0;0;0;0;0;1;0;0;0;0
28/09/2017;22:32:00;378;Acidente com Vítima;504,711;BR-040/MG;Norte;Abalroamento longitudinal;0;0;2;0;0;0;0;0;0;0;1;1;0;0;0
28/09/2017;22:28:00;377;Atropelamento com Morte;498,8;BR-040/MG;Sul;Atropelamento de pedestre atravessando;1;0;0;0;0;1;0;0;0;0;2;0;0;0;1
28/09/2017;21:39:00;367;Acidente sem Vítima;557,364;BR-040/MG;Sul;Choque em defensa;1;0;0;0;0;0;0;0;0;0;1;0;0;0;0
28/09/2017;21:31:00;363;Acidente sem Vítima;546,5;BR-040/MG;Sul;Choque em barreira New Jersey;1;0;0;0;0;0;0;0;0;0;2;0;0;0;0
28/09/2017;20:51:00;354;Acidente sem Vítima;526,1;BR-040/MG;Norte;Abalroamento longitudinal;2;0;0;0;0;0;0;0;0;0;2;0;0;0;0
28/09/2017;18:20:00;306;Acidente com Vítima;764,5;BR-040/MG;Norte;Queda de Moto;0;0;0;1;0;0;0;0;0;0;0;0;1;0;0
28/09/2017;18:19:00;304;Acidente com Morte;97,058;BR-040/MG;Norte;Colisão frontal;2;0;0;0;0;0;0;0;0;0;0;1;0;2;2
28/09/2017;08:50:00;156;Acidente com Vítima;55,2;BR-040/MG;Norte;Queda de Moto;0;0;0;1;0;0;0;0;0;0;1;1;0;0;0
28/09/2017;08:48:00;155;Atropelamento sem Morte;510,621;BR-040/MG;Norte;Atropelamento de pedestre atravessando;0;1;0;1;0;0;0;0;0;0;1;0;1;0;0
28/09/2017;07:49:00;138;Acidente sem Vítima;543,3;BR-040/MG;Sul;Colisão traseira;2;0;0;0;0;0;0;0;0;0;2;0;0;0;0
28/09/2017;06:52:00;119;Acidente sem Vítima;515,1;BR-040/MG;Norte;Abalroamento longitudinal;2;0;0;0;0;0;0;0;0;0;3;0;0;0;0
28/09/2017;05:32:00;113;Acidente sem Vítima;635,8;BR-040/MG;Sul;Capotamento;1;0;0;0;0;0;0;0;0;0;1;0;0;0;0
28/09/2017;01:10:00;71;Acidente sem Vítima;501,68;BR-040/MG;Norte;Colisão traseira;0;0;2;0;0;0;0;0;0;0;2;0;0;0;0
27/09/2017;20:46:00;312;Acidente com Vítima;7,8;BR-040/DF;Sul;Queda de Moto;1;0;0;1;0;0;0;0;0;0;1;1;0;0;0
27/09/2017;18:56:00;280;Acidente sem Vítima;407,436;BR-040/MG;Norte;Choque com objeto fixo;1;0;0;0;0;0;0;0;0;0;1;0;0;0;0
27/09/2017;18:32:00;268;Acidente sem Vítima;555,6;BR-040/MG;Norte;Colisão traseira;2;0;0;0;0;0;0;0;0;0;2;0;0;0;0
27/09/2017;18:01:00;254;Acidente sem Vítima;705,03;BR-040/MG;Norte;Choque com objeto fixo;1;0;0;0;0;0;0;0;0;0;1;0;0;0;0
27/09/2017;17:39:00;250;Acidente sem Vítima;623,1;BR-040/MG;Norte;Capotamento;1;0;0;0;0;0;0;0;0;0;2;0;0;0;0
27/09/2017;16:48:00;232;Acidente com Vítima;584,8;BR-040/MG;Norte;Abalroamento longitudinal;1;0;0;1;0;0;0;0;0;0;2;0;1;0;0
27/09/2017;16:42:00;230;Acidente sem Vítima;533;BR-040/MG;Norte;Colisão traseira;1;0;0;0;2;0;0;0;0;0;3;0;0;0;0
27/09/2017;15:49:00;223;Acidente com Vítima;422,15;BR-040/MG;Norte;Abalroamento longitudinal;0;0;0;2;0;0;0;0;0;0;1;2;0;0;0
27/09/2017;14:33:00;208;Acidente sem Vítima;4,5;BR-040/GO;Sul;Abalroamento longitudinal;2;0;0;0;0;0;0;0;0;0;3;0;0;0;0
27/09/2017;14:29:00;207;Acidente com Vítima;2,2;BR-040/GO;Norte;Queda de Moto;0;0;0;1;0;0;0;0;0;0;0;0;1;0;0
27/09/2017;13:42:00;198;Acidente sem Vítima;129,9;BR-040/MG;Norte;Colisão traseira;1;0;1;0;0;0;0;0;0;0;2;0;0;0;0
27/09/2017;12:32:00;188;Acidente com Vítima;22,3;BR-040/GO;Norte;Abalroamento longitudinal;1;0;2;0;0;0;0;0;0;0;2;0;0;0;0
27/09/2017;11:51:00;178;Acidente sem Vítima;638,12;BR-040/MG;Norte;Choque com objeto fixo;1;0;0;0;0;0;0;0;0;0;3;0;0;0;0
27/09/2017;11:11:00;173;Acidente sem Vítima;1,7;BR-040/GO;Norte;Colisão traseira;1;0;1;0;0;0;0;0;0;0;2;0;0;0;0
27/09/2017;07:03:00;113;Acidente sem Vítima;521,01;BR-040/MG;Norte;Colisão traseira;1;0;0;1;0;0;0;0;0;0;2;0;0;0;0
27/09/2017;06:56:00;112;Acidente sem Vítima;7,5;BR-040/GO;Norte;Colisão traseira;0;0;0;1;0;1;0;0;0;0;2;0;0;0;0
27/09/2017;06:02:00;102;Acidente com Vítima;442,08;BR-040/MG;Norte;Colisão traseira;0;0;2;0;0;0;0;0;0;0;1;0;1;0;0
27/09/2017;05:04:00;93;Acidente sem Vítima;524,8;BR-040/MG;Sul;Abalroamento longitudinal;1;0;0;0;1;0;0;0;0;0;19;0;0;0;0
26/09/2017;20:24:00;307;Acidente com Vítima;503,2;BR-040/MG;Norte;Capotamento;1;0;0;0;0;0;0;0;0;0;1;1;0;0;0
26/09/2017;19:44:00;298;Acidente sem Vítima;3;BR-040/GO;Sul;Colisão traseira;2;0;0;0;0;0;0;0;0;0;2;0;0;0;0
26/09/2017;18:58:00;285;Atropelamento sem Morte;4,3;BR-040/GO;Sul;Atropelamento de pedestre atravessando;0;0;0;1;0;0;0;0;0;0;1;1;0;0;0
26/09/2017;12:56:00;208;Acidente com Vítima;658,15;BR-040/MG;Norte;Capotamento;1;0;0;0;0;0;0;0;0;0;1;1;1;0;0
26/09/2017;12:10:00;193;Acidente sem Vítima;486;BR-040/MG;Sul;Queda de Moto;0;0;0;1;0;0;0;0;0;0;1;0;0;0;0
26/09/2017;10:03:00;161;Acidente sem Vítima;533;BR-040/MG;Norte;Colisão traseira;1;0;2;0;0;0;0;0;0;0;3;0;0;0;0
26/09/2017;06:57:00;107;Acidente com Vítima;5,17;BR-040/DF;Norte;Abalroamento longitudinal;1;0;0;1;0;0;0;0;0;0;3;1;0;0;0
26/09/2017;06:45:00;100;Acidente sem Vítima;727,15;BR-040/MG;Sul;Choque em barreira New Jersey;1;0;0;0;0;0;0;0;0;0;1;0;0;0;0
26/09/2017;05:16:00;93;Acidente sem Vítima;563;BR-040/MG;Norte;Capotamento;1;0;0;0;0;0;0;0;0;0;1;0;0;0;0
25/09/2017;23:39:00;354;Acidente com Vítima;446,1;BR-040/MG;Sul;Choque com objeto fixo;1;0;0;0;0;0;0;0;0;0;0;0;1;0;0
25/09/2017;19:54:00;312;Acidente com Vítima;446,1;BR-040/MG;Sul;Choque em barreira New Jersey;1;0;0;0;0;0;0;0;0;0;0;0;0;0;0
25/09/2017;19:46:00;309;Acidente com Vítima;44,1;BR-040/MG;Sul;Queda de Moto;0;0;0;1;0;0;0;0;0;0;0;0;1;0;0
25/09/2017;18:45:00;299;Acidente sem Vítima;5,1;BR-040/GO;Sul;Colisão traseira;2;0;0;0;0;0;0;0;0;0;8;0;0;0;0
25/09/2017;16:29:00;262;Acidente com Vítima;749,5;BR-040/MG;Norte;Choque com objeto fixo;0;0;1;0;0;0;0;0;0;0;0;0;1;0;0
25/09/2017;16:28:00;261;Acidente sem Vítima;8,04;BR-040/GO;Sul;Abalroamento transversal;2;0;0;0;0;0;0;0;0;0;2;0;0;0;0
25/09/2017;16:01:00;253;Acidente com Vítima;16,2;BR-040/GO;Sul;Capotamento;1;0;0;0;0;0;0;0;0;0;0;1;0;2;0
25/09/2017;15:01:00;236;Acidente sem Vítima;481;BR-040/MG;Sul;Colisão traseira;1;0;0;0;1;0;0;0;0;0;2;0;0;0;0
25/09/2017;15:01:00;237;Acidente com Vítima;544,1;BR-040/MG;Norte;Abalroamento longitudinal;3;0;0;0;0;0;0;0;0;0;3;1;0;0;0
25/09/2017;10:32:00;164;Acidente com Vítima;49,07;BR-040/MG;Norte;Abalroamento longitudinal;2;0;0;0;0;0;0;0;0;0;3;3;0;0;0
25/09/2017;07:46:00;118;Acidente com Vítima;464;BR-040/MG;Norte;Capotamento;1;0;0;0;0;0;0;0;0;0;1;1;0;0;0
25/09/2017;06:50:00;104;Acidente sem Vítima;349,9;BR-040/MG;Sul;Queda de Moto;0;0;0;1;0;0;0;0;0;0;1;0;0;0;0
25/09/2017;06:22:00;99;Acidente com Vítima;604,1;BR-040/MG;Sul;Capotamento;0;0;1;0;0;0;0;0;0;0;1;1;0;0;0
24/09/2017;23:46:00;303;Atropelamento sem Morte;3,43;BR-040/GO;Sul;Atropelamento de pedestre atravessando;1;0;0;1;0;0;0;0;0;0;1;1;1;0;0
24/09/2017;22:14:00;287;Acidente com Morte;603,5;BR-040/MG;Sul;Choque em barreira New Jersey;0;0;1;0;0;0;0;0;0;0;0;0;0;0;1
24/09/2017;21:45:00;276;Acidente com Vítima;521,1;BR-040/MG;Sul;Colisão traseira;2;0;1;0;0;0;0;0;0;0;5;1;0;0;0
24/09/2017;19:48:00;242;Acidente com Vítima;768,5;BR-040/MG;Sul;Choque com objeto fixo;1;0;0;0;0;0;0;0;0;0;2;1;0;0;0
24/09/2017;19:25:00;234;Atropelamento sem Morte;513,177;BR-040/MG;Norte;Atropelamento de ciclista;0;1;0;0;0;1;0;0;0;0;1;0;0;1;0
24/09/2017;19:14:00;228;Acidente sem Vítima;40,452;BR-040/GO;Norte;Colisão traseira;4;0;0;0;0;0;0;0;0;0;11;0;0;0;0
24/09/2017;19:06:00;226;Acidente sem Vítima;511,35;BR-040/MG;Sul;Colisão traseira;1;0;0;0;0;1;0;0;0;0;3;0;0;0;0
24/09/2017;18:23:00;208;Acidente com Vítima;584,522;BR-040/MG;Sul;Queda de Moto;0;0;0;1;0;0;0;0;0;0;0;2;0;0;0
24/09/2017;18:11:00;198;Acidente com Vítima;8,9;BR-040/GO;Sul;Abalroamento longitudinal;2;0;0;0;0;0;0;0;0;0;2;0;3;0;0
24/09/2017;17:07:00;186;Acidente sem Vítima;517,1;BR-040/MG;Sul;Abalroamento longitudinal;2;0;0;0;0;0;0;0;0;0;2;0;0;0;0
24/09/2017;17:03:00;184;Acidente com Vítima;4,28;BR-040/GO;Norte;Colisão traseira;3;0;0;0;0;0;0;0;0;0;7;1;0;0;0
24/09/2017;16:18:00;168;Acidente sem Vítima;519,1;BR-040/MG;Sul;Colisão traseira;3;0;0;0;0;0;0;0;0;0;3;0;0;0;0
24/09/2017;16:10:00;163;Acidente sem Vítima;519,1;BR-040/MG;Sul;Colisão traseira;2;0;0;0;0;0;0;0;0;0;2;0;0;0;0
24/09/2017;15:56:00;158;Acidente sem Vítima;519,1;BR-040/MG;Norte;Capotamento;1;0;0;0;0;0;0;0;0;0;1;0;0;0;0
24/09/2017;15:27:00;145;Acidente sem Vítima;525,1;BR-040/MG;Sul;Outros;1;0;0;0;0;0;0;0;0;0;1;0;0;0;0
24/09/2017;14:27:00;129;Acidente com Morte;534,1;BR-040/MG;Norte;Queda de Moto;0;0;1;1;0;0;0;0;0;0;1;0;0;0;1
24/09/2017;12:54:00;113;Acidente com Vítima;18,4;BR-040/GO;Norte;Choque em defensa;0;0;0;1;0;0;0;0;0;0;0;0;0;0;0
24/09/2017;12:00:00;100;Acidente sem Vítima;10,1;BR-040/GO;Sul;Abalroamento longitudinal;2;0;0;0;0;0;0;0;0;0;4;0;0;0;0
24/09/2017;11:46:00;98;Acidente sem Vítima;767,56;BR-040/MG;Sul;Abalroamento longitudinal;2;0;0;0;0;0;0;0;0;0;2;0;0;0;0
24/09/2017;11:05:00;92;Acidente sem Vítima;627,8;BR-040/MG;Norte;Abalroamento longitudinal;2;0;0;0;0;0;0;0;0;0;3;0;0;0;0
24/09/2017;07:47:00;53;Acidente com Vítima;5,5;BR-040/GO;Norte;Colisão frontal;2;0;0;0;0;0;0;0;0;0;0;2;3;0;0
24/09/2017;07:10:00;42;Acidente sem Vítima;451,5;BR-040/MG;Norte;Capotamento;1;0;0;0;0;0;0;0;0;0;2;0;0;0;0
24/09/2017;02:49:00;19;Acidente com Vítima;768,2;BR-040/MG;Sul;Capotamento;1;0;0;0;0;0;0;0;0;0;0;0;1;0;0
24/09/2017;00:16:00;3;Acidente com Vítima;10,2;BR-040/GO;Sul;Colisão traseira;2;0;0;0;0;0;0;0;0;0;4;0;1;0;0
23/09/2017;23:13:00;262;Acidente com Vítima;113,6;BR-040/GO;Sul;Choque em defensa;0;0;1;0;0;0;0;0;0;0;1;1;0;0;0
23/09/2017;21:05:00;236;Acidente sem Vítima;21,5;BR-040/GO;Norte;Colisão traseira;2;0;0;0;0;0;0;0;0;0;2;0;0;0;0
23/09/2017;19:29:00;207;Acidente com Vítima;609,7;BR-040/MG;Norte;Atropelamento de animal;1;0;0;0;0;0;0;0;0;0;0;1;0;0;0
23/09/2017;19:00:00;199;Acidente com Vítima;600,335;BR-040/MG;Norte;Abalroamento transversal;1;0;0;1;0;0;0;0;0;0;5;1;0;0;0
23/09/2017;18:58:00;198;Acidente sem Vítima;1,5;BR-040/GO;Sul;Colisão traseira;3;0;0;0;0;0;0;0;0;0;5;0;0;0;0
23/09/2017;18:38:00;195;Acidente sem Vítima;185,1;BR-040/MG;Sul;Queda de Moto;0;0;0;1;0;0;0;0;0;0;1;0;0;0;0
23/09/2017;16:56:00;172;Acidente sem Vítima;5,15;BR-040/DF;Sul;Abalroamento longitudinal;2;0;0;0;0;0;0;0;0;0;2;0;0;0;0
23/09/2017;15:40:00;158;Acidente sem Vítima;5,9;BR-040/DF;Norte;Abalroamento longitudinal;2;0;0;0;0;0;0;0;0;0;2;0;0;0;0
23/09/2017;12:22:00;109;Acidente com Vítima;426,1;BR-040/MG;Sul;Abalroamento longitudinal;0;2;0;0;0;0;0;0;0;0;1;1;0;0;0
23/09/2017;11:53:00;101;Acidente sem Vítima;2,7;BR-040/GO;Sul;Colisão traseira;1;0;0;1;0;0;0;0;0;0;2;0;0;0;0
23/09/2017;10:00:00;82;Acidente com Vítima;527,1;BR-040/MG;Norte;Colisão traseira;1;0;1;0;0;0;0;0;0;0;1;1;0;0;0
23/09/2017;05:57:00;27;Acidente sem Vítima;539,1;BR-040/MG;Norte;Abalroamento longitudinal;2;0;0;0;0;0;0;0;0;0;2;0;0;0;0
23/09/2017;02:13:00;14;Acidente sem Vítima;612;BR-040/MG;Norte;Abalroamento longitudinal;1;0;0;1;0;0;0;0;0;0;2;0;0;0;0
22/09/2017;23:23:00;365;Acidente com Vítima;497,8;BR-040/MG;Sul;Queda de Moto;0;0;0;0;0;1;0;0;0;0;0;0;1;0;0
22/09/2017;23:08:00;360;Acidente com Morte;11,6;BR-040/GO;Norte;Colisão traseira;2;0;0;1;0;0;0;0;0;0;2;0;1;0;1
22/09/2017;22:15:00;345;Acidente sem Vítima;6,2;BR-040/GO;Norte;Choque com objeto fixo;1;0;0;0;0;0;0;0;0;0;1;0;0;0;0
22/09/2017;21:27:00;332;Acidente sem Vítima;140,5;BR-040/MG;Sul;Choque com objeto fixo;1;0;0;0;0;0;0;0;0;0;1;0;0;0;0
22/09/2017;20:54:00;323;Acidente sem Vítima;0,2;BR-040/DF;Norte;Capotamento;1;0;0;0;0;0;0;0;0;0;2;0;0;0;0
22/09/2017;20:24:00;322;Acidente com Vítima;585;BR-040/MG;Sul;Colisão traseira;2;0;0;0;0;0;0;0;0;0;2;1;1;0;0
22/09/2017;17:35:00;266;Acidente sem Vítima;43,1;BR-040/MG;Norte;Abalroamento longitudinal;2;0;0;0;0;0;0;0;0;0;2;0;0;0;0
22/09/2017;17:26:00;264;Acidente com Vítima;587,7;BR-040/MG;Sul;Colisão traseira;1;0;1;0;0;0;0;0;0;0;2;2;0;0;0