data;horario;n_da_ocorrencia;tipo_de_ocorrencia;km;trecho;sentido;tipo_de_acidente;automovel;bicicleta;caminhao;moto;onibus;outros;tracao_animal;transporte_de_cargas_especiais;trator_maquinas;utilitarios;ilesos;levemente_feridos;moderadamente_feridos;gravemente_feridos;mortos
29/10/2017;07:16:00;38;Acidente sem Vítima;504;BR-040/MG;Sul;Atropelamento de animal;0;0;1;0;0;0;0;0;0;0;1;0;0;0;0
29/10/2017;05:12:00;22;Acidente com Vítima;2,9;BR-040/DF;Norte;Capotamento;1;0;1;0;0;0;0;0;0;1;2;0;0;0;0
28/10/2017;21:15:00;348;Acidente sem Vítima;52;BR-040/MG;Norte;Atropelamento de animal;1;0;0;0;0;0;0;0;0;0;1;0;0;0;0
28/10/2017;21:12:00;346;Acidente sem Vítima;6,8;BR-040/GO;Sul;Choque com objeto fixo;2;0;0;0;0;0;0;0;0;0;2;0;0;0;0
28/10/2017;21:10:00;345;Acidente com Vítima;537,1;BR-040/MG;Sul;Colisão traseira;1;0;0;1;0;0;0;0;0;0;3;1;0;0;0
28/10/2017;18:37:00;305;Acidente sem Vítima;562,1;BR-040/MG;Norte;Choque com objeto fixo;1;0;0;0;0;0;0;0;0;0;2;0;0;0;0
28/10/2017;17:45:00;298;Acidente sem Vítima;16,9;BR-040/GO;Norte;Abalroamento longitudinal;1;0;1;0;0;0;0;0;0;0;2;0;0;0;0
28/10/2017;17:38:00;294;Acidente sem Vítima;567,5;BR-040/MG;Sul;Choque com objeto fixo;1;0;0;0;0;0;0;0;0;0;4;0;0;0;0
28/10/2017;15:56:00;269;Acidente sem Vítima;328;BR-040/MG;Norte;Colisão traseira;2;0;0;0;0;0;0;0;0;0;2;0;0;0;0
28/10/2017;12:42:00;228;Acidente com Vítima;31,15;BR-040/GO;Sul;Colisão frontal;2;0;0;0;0;0;0;0;0;0;2;1;0;0;0
28/10/2017;12:20:00;220;Acidente sem Vítima;643;BR-040/MG;Sul;Choque em barreira New Jersey;0;0;0;1;0;0;0;0;0;0;1;0;0;0;0
28/10/2017;11:17:00;202;Acidente sem Vítima;594,7;BR-040/MG;Sul;Colisão traseira;2;0;0;0;0;0;0;0;0;0;3;0;0;0;0
28/10/2017;10:41:00;190;Acidente sem Vítima;656;BR-040/MG;Norte;Outros;1;0;0;0;0;0;0;0;0;0;5;0;0;0;0
28/10/2017;10:20:00;183;Acidente sem Vítima;656;BR-040/MG;Norte;Choque em barreira New Jersey;1;0;0;0;0;0;0;0;0;0;1;0;0;0;0
28/10/2017;09:48:00;170;Acidente sem Vítima;504;BR-040/MG;Norte;Colisão traseira;1;0;1;0;0;0;0;0;0;0;2;0;0;0;0
28/10/2017;09:40:00;167;Acidente com Vítima;452,5;BR-040/MG;Norte;Choque em veículo parado na pista;1;0;1;0;0;0;0;0;0;0;2;2;0;0;0
28/10/2017;08:37:00;155;Acidente com Vítima;621;BR-040/MG;Norte;Colisão traseira;3;0;1;0;0;0;0;0;0;0;5;0;0;0;0
28/10/2017;08:32:00;153;Acidente sem Vítima;310,15;BR-040/MG;Norte;Choque com objeto fixo;1;0;0;0;0;0;0;0;0;0;1;0;0;0;0
28/10/2017;08:17:00;151;Acidente sem Vítima;705;BR-040/MG;Norte;Choque com objeto fixo;1;0;0;0;0;0;0;0;0;0;4;0;0;0;0
28/10/2017;07:57:00;146;Acidente com Vítima;0,3;BR-040/DF;Norte;Colisão traseira;1;0;0;1;0;0;0;0;0;0;1;0;0;0;0
28/10/2017;07:51:00;144;Acidente sem Vítima;452,5;BR-040/MG;Norte;Choque com objeto fixo;0;0;0;0;0;1;0;0;0;0;1;0;0;0;0
28/10/2017;07:40:00;142;Acidente com Vítima;533,8;BR-040/MG;Sul;Colisão traseira;2;0;1;0;0;0;0;0;0;0;1;0;0;0;0
28/10/2017;07:30:00;139;Acidente sem Vítima;526,15;BR-040/MG;Norte;Outros;0;0;1;1;0;0;0;0;0;0;2;0;0;0;0
28/10/2017;07:26:00;137;Acidente sem Vítima;567;BR-040/MG;Sul;Choque com objeto fixo;1;0;0;0;0;0;0;0;0;0;1;0;0;0;0
28/10/2017;07:00:00;132;Acidente sem Vítima;505,15;BR-040/MG;Norte;Choque com objeto fixo;0;0;1;0;0;0;0;0;0;0;1;0;0;0;0
28/10/2017;06:18:00;122;Acidente sem Vítima;471,15;BR-040/MG;Sul;Choque com objeto fixo;1;0;0;0;0;0;0;0;0;0;1;0;0;0;0
28/10/2017;05:53:00;120;Acidente sem Vítima;531,8;BR-040/MG;Sul;Colisão traseira;2;0;0;0;0;0;0;0;0;0;2;0;0;0;0
28/10/2017;04:44:00;103;Acidente sem Vítima;249,4;BR-040/MG;Norte;Capotamento;1;0;0;0;0;0;0;0;0;0;1;0;0;0;0
28/10/2017;03:25:00;79;Acidente sem Vítima;545,2;BR-040/MG;Norte;Choque em barreira New Jersey;1;0;0;0;0;0;0;0;0;0;1;0;0;0;0
27/10/2017;23:03:00;471;Acidente sem Vítima;695,5;BR-040/MG;Sul;Choque com objeto fixo;1;0;0;0;0;0;0;0;0;0;1;0;0;0;0
27/10/2017;22:20:00;452;Acidente com Vítima;697;BR-040/MG;Sul;Abalroamento longitudinal;0;0;1;1;0;0;0;0;0;0;1;0;0;1;0
27/10/2017;22:03:00;447;Acidente com Vítima;2,8;BR-040/GO;Sul;Colisão traseira;2;0;0;0;0;0;0;0;0;0;1;1;0;0;0
27/10/2017;21:47:00;442;Acidente sem Vítima;533,1;BR-040/MG;Sul;Colisão traseira;1;0;0;1;0;0;0;0;0;0;3;0;0;0;0
27/10/2017;20:28:00;412;Acidente sem Vítima;521,1;BR-040/MG;Sul;Colisão traseira;2;0;0;0;0;0;0;0;0;0;2;0;0;0;0
27/10/2017;20:27:00;410;Acidente sem Vítima;716;BR-040/MG;Sul;Capotamento;1;0;0;0;0;0;0;0;0;0;1;0;0;0;0
27/10/2017;20:11:00;405;Acidente sem Vítima;503,7;BR-040/MG;Norte;Colisão traseira;2;0;0;0;0;0;0;0;0;0;4;0;0;0;0
27/10/2017;19:50:00;393;Acidente sem Vítima;12,05;BR-040/GO;Sul;Colisão traseira;2;0;0;0;0;0;0;0;0;0;2;0;0;0;0
27/10/2017;19:14:00;381;Acidente sem Vítima;585;BR-040/MG;Sul;Choque com objeto fixo;1;0;1;0;0;0;0;0;0;0;2;0;0;0;0
27/10/2017;14:29:00;261;Acidente sem Vítima;611;BR-040/MG;Norte;Colisão traseira;2;0;0;0;0;0;0;0;0;0;2;0;0;0;0
27/10/2017;13:13:00;233;Acidente sem Vítima;467,5;BR-040/MG;Norte;Outros;1;0;0;0;0;1;0;0;0;0;2;0;0;0;0
27/10/2017;12:57:00;228;Atropelamento sem Morte;7,2;BR-040/GO;Norte;Atropelamento de pedestre atravessando;1;0;0;0;0;0;0;0;0;0;1;0;0;1;0
27/10/2017;10:54:00;186;Acidente sem Vítima;509,15;BR-040/MG;Sul;Abalroamento longitudinal;2;0;0;0;0;0;0;0;0;0;4;0;0;0;0
27/10/2017;10:53:00;185;Acidente com Vítima;474,15;BR-040/MG;Norte;Colisão traseira;0;0;0;1;0;1;0;0;0;0;0;1;1;0;0
27/10/2017;10:35:00;179;Acidente com Vítima;358,1;BR-040/MG;Norte;Capotamento;1;0;0;0;0;0;0;0;0;0;0;2;0;0;0
27/10/2017;08:39:00;139;Acidente sem Vítima;544,15;BR-040/MG;Sul;Colisão traseira;2;0;0;0;0;0;0;0;0;0;2;0;0;0;0
27/10/2017;06:19:00;79;Acidente com Vítima;531,3;BR-040/MG;Sul;Colisão traseira;0;0;1;0;1;0;0;0;0;0;31;3;0;0;0
27/10/2017;05:46:00;76;Acidente sem Vítima;29,5;BR-040/GO;Sul;Queda de Carga;0;0;1;0;0;0;0;0;0;0;1;0;0;0;0
27/10/2017;04:57:00;70;Acidente sem Vítima;503,705;BR-040/MG;Sul;Atropelamento de animal;0;0;1;0;0;0;0;0;0;0;1;0;0;0;0
27/10/2017;01:33:00;56;Acidente com Vítima;6,7;BR-040/GO;Sul;Capotamento;1;0;0;0;0;0;0;0;0;0;1;1;0;0;0
26/10/2017;21:59:00;506;Acidente sem Vítima;547,942;BR-040/MG;Sul;Colisão traseira;0;0;2;0;0;0;0;0;0;0;2;0;0;0;0
26/10/2017;20:30:00;488;Acidente sem Vítima;26,7;BR-040/MG;Norte;Choque com objeto fixo;1;0;0;0;0;0;0;0;0;0;3;0;0;0;0
26/10/2017;19:12:00;469;Acidente sem Vítima;591,5;BR-040/MG;Norte;Choque com objeto fixo;1;0;0;0;0;0;0;0;0;0;3;0;0;0;0
26/10/2017;18:57:00;462;Acidente sem Vítima;591,5;BR-040/MG;Norte;Colisão traseira;2;0;0;0;0;0;0;0;0;0;3;0;0;0;0
26/10/2017;17:52:00;440;Acidente sem Vítima;7,2;BR-040/DF;Norte;Colisão traseira;1;0;0;1;0;0;0;0;0;0;2;0;0;0;0
26/10/2017;16:24:00;416;Acidente sem Vítima;512,1;BR-040/MG;Sul;Queda de Moto;0;0;0;1;0;0;0;0;0;0;1;0;0;0;0
26/10/2017;12:35:00;335;Acidente sem Vítima;727,2;BR-040/MG;Sul;Choque em barreira New Jersey;1;0;0;0;0;0;0;0;0;0;1;0;0;0;0
26/10/2017;08:10:00;243;Acidente com Vítima;531,055;BR-040/MG;Sul;Queda de Moto;0;0;0;1;0;0;0;0;0;0;0;1;0;0;0
26/10/2017;04:43:00;154;Acidente sem Vítima;513,474;BR-040/MG;Norte;Capotamento;1;0;0;0;0;0;0;0;0;0;1;0;0;0;0
25/10/2017;23:56:00;494;Acidente sem Vítima;579,5;BR-040/MG;Norte;Choque com objeto fixo;2;0;0;0;0;0;0;0;0;0;2;0;0;0;0
25/10/2017;17:30:00;378;Acidente com Vítima;497,1;BR-040/MG;Sul;Capotamento;1;0;0;0;0;0;0;0;0;0;0;1;0;0;0
25/10/2017;13:16:00;294;Acidente sem Vítima;533,1;BR-040/MG;Norte;Colisão traseira;2;0;0;0;0;0;0;0;0;0;2;0;0;0;0
25/10/2017;12:24:00;275;Acidente sem Vítima;123,8;BR-040/GO;Norte;Capotamento;1;0;0;0;0;0;0;0;0;0;1;0;0;0;0
25/10/2017;08:23:00;165;Acidente sem Vítima;530,1;BR-040/MG;Sul;Colisão traseira;2;0;0;0;0;0;0;0;0;0;2;0;0;0;0
25/10/2017;07:59:00;155;Acidente com Vítima;3,02;BR-040/DF;Norte;Abalroamento longitudinal;0;0;0;2;0;0;0;0;0;0;1;1;0;0;0
25/10/2017;07:00:00;123;Atropelamento sem Morte;44,06;BR-040/MG;Norte;Atropelamento de ciclista;1;1;0;0;0;0;0;0;0;0;1;1;0;0;0
25/10/2017;06:04:00;113;Acidente sem Vítima;511,3;BR-040/MG;Sul;Queda de Carga;1;0;0;0;0;0;0;0;0;0;1;0;0;0;0
25/10/2017;05:45:00;100;Acidente sem Vítima;511,3;BR-040/MG;Sul;Abalroamento longitudinal;1;0;0;1;0;0;0;0;0;0;2;0;0;0;0
24/10/2017;22:21:00;429;Acidente sem Vítima;515,9;BR-040/MG;Sul;Atropelamento de animal;1;0;0;0;0;0;0;0;0;0;1;0;0;0;0
24/10/2017;21:28:00;420;Acidente com Vítima;68,2;BR-040/GO;Norte;Choque com objeto fixo;0;0;1;0;0;0;0;0;0;0;0;0;0;1;0
24/10/2017;20:22:00;404;Acidente sem Vítima;538,01;BR-040/MG;Sul;Choque com objeto fixo;0;0;1;0;0;0;0;0;0;0;1;0;0;0;0
24/10/2017;20:07:00;402;Acidente sem Vítima;524;BR-040/MG;Norte;Colisão traseira;2;0;0;0;0;0;0;0;0;0;2;0;0;0;0
24/10/2017;19:10:00;384;Acidente sem Vítima;2,4;BR-040/GO;Sul;Colisão traseira;2;0;0;0;0;0;0;0;0;0;3;0;0;0;0
24/10/2017;18:55:00;379;Acidente sem Vítima;661,8;BR-040/MG;Norte;Colisão traseira;2;0;0;0;0;0;0;0;0;0;5;0;0;0;0
24/10/2017;09:32:00;171;Atropelamento sem Morte;504,8;BR-040/MG;Norte;Atropelamento de pedestre atravessando;0;0;1;0;0;0;0;0;0;0;1;1;0;0;0
24/10/2017;08:47:00;156;Acidente com Vítima;708,15;BR-040/MG;Norte;Queda de Moto;0;0;0;1;0;0;0;0;0;0;0;1;0;0;0
24/10/2017;08:04:00;136;Acidente sem Vítima;709,3;BR-040/MG;Norte;Choque com objeto fixo;1;0;0;0;0;0;0;0;0;0;1;0;0;0;0
24/10/2017;07:57:00;132;Acidente sem Vítima;99,8;BR-040/GO;Sul;Capotamento;1;0;0;0;0;0;0;0;0;0;2;0;0;0;0
24/10/2017;06:40:00;102;Atropelamento sem Morte;12,95;BR-040/GO;Norte;Atropelamento de pedestre caminhando;0;0;0;1;0;0;0;0;0;0;0;2;1;0;0
24/10/2017;03:10:00;83;Acidente sem Vítima;510,05;BR-040/MG;Sul;Atropelamento de animal;0;0;1;0;0;0;0;0;0;0;1;0;0;0;0
23/10/2017;21:20:00;382;Acidente sem Vítima;555,01;BR-040/MG;Sul;Capotamento;1;0;0;0;0;0;0;0;0;0;1;0;0;0;0
23/10/2017;20:24:00;365;Acidente sem Vítima;126,5;BR-040/MG;Sul;Colisão traseira;2;0;0;0;0;0;0;0;0;0;2;0;0;0;0
23/10/2017;19:05:00;340;Acidente sem Vítima;586,65;BR-040/MG;Norte;Choque com objeto fixo;2;0;0;0;0;0;0;0;0;0;2;0;0;0;0
23/10/2017;18:41:00;331;Acidente com Vítima;717,45;BR-040/MG;Norte;Choque em barreira New Jersey;1;0;0;0;0;0;0;0;0;0;0;1;0;0;0
23/10/2017;18:09:00;321;Acidente sem Vítima;546,3;BR-040/MG;Sul;Choque com objeto fixo;1;0;0;0;0;0;0;0;0;0;1;0;0;0;0
23/10/2017;17:50:00;314;Acidente sem Vítima;694,11;BR-040/MG;Sul;Outros;1;0;0;0;0;0;0;0;0;0;1;0;0;0;0
23/10/2017;17:19:00;307;Acidente sem Vítima;537,6;BR-040/MG;Norte;Colisão traseira;2;0;0;0;0;0;0;0;0;0;2;0;0;0;0
23/10/2017;17:18:00;306;Acidente sem Vítima;528,1;BR-040/MG;Norte;Choque com objeto fixo;1;0;0;0;0;0;0;0;0;0;1;0;0;0;0
23/10/2017;17:01:00;301;Acidente com Vítima;98;BR-040/GO;Sul;Atropelamento de animal;0;0;0;1;0;0;0;0;0;0;0;1;0;0;0
23/10/2017;16:35:00;291;Acidente sem Vítima;548,2;BR-040/MG;Sul;Colisão traseira;1;0;1;0;0;0;0;0;0;0;2;0;0;0;0
23/10/2017;15:32:00;275;Acidente sem Vítima;531,43;BR-040/MG;Sul;Colisão traseira;1;0;0;0;1;0;0;0;0;0;2;0;0;0;0
23/10/2017;12:09:00;201;Acidente sem Vítima;12;BR-040/GO;Sul;Outros;1;0;0;0;0;0;0;0;0;0;1;0;0;0;0
23/10/2017;11:36:00;193;Acidente sem Vítima;68,3;BR-040/GO;Norte;Colisão traseira;1;0;1;0;0;0;0;0;0;0;2;0;0;0;0
23/10/2017;07:53:00;120;Acidente sem Vítima;542;BR-040/MG;Sul;Abalroamento longitudinal;0;0;0;1;0;0;0;0;0;1;2;0;0;0;0
22/10/2017;23:08:00;372;Acidente com Vítima;650,5;BR-040/MG;Sul;Choque com objeto fixo;1;0;0;0;0;0;0;0;0;0;3;2;0;0;0
22/10/2017;21:45:00;352;Atropelamento sem Morte;0,8;BR-040/GO;Norte;Atropelamento de pedestre atravessando;0;0;0;0;0;1;0;0;0;0;1;1;0;0;0
22/10/2017;20:18:00;320;Acidente sem Vítima;37,605;BR-040/MG;Norte;Outros;1;0;0;0;0;0;0;0;0;0;2;0;0;0;0
22/10/2017;19:16:00;296;Acidente sem Vítima;21,777;BR-040/GO;Sul;Choque com objeto fixo;1;0;0;0;0;0;0;0;0;0;1;0;0;0;0
22/10/2017;18:41:00;284;Acidente sem Vítima;737,4;BR-040/MG;Norte;Choque com objeto fixo;2;0;0;0;0;0;0;0;0;0;3;0;0;0;0
22/10/2017;16:54:00;252;Acidente sem Vítima;749,12;BR-040/MG;Sul;Choque em defensa;1;0;0;0;0;0;0;0;0;0;2;0;0;0;0
22/10/2017;16:31:00;240;Acidente sem Vítima;695,3;BR-040/MG;Sul;Outros;1;0;0;0;0;0;0;0;0;0;3;0;0;0;0
22/10/2017;15:14:00;214;Acidente com Vítima;680,12;BR-040/MG;Norte;Choque com objeto fixo;1;0;0;0;0;0;0;0;0;0;0;1;0;0;0
22/10/2017;13:55:00;186;Acidente com Vítima;25,1;BR-040/GO;Norte;Capotamento;1;0;0;0;0;0;0;0;0;0;0;0;0;0;0
22/10/2017;10:02:00;107;Atropelamento sem Morte;7,1;BR-040/GO;Norte;Atropelamento de pedestre atravessando;0;0;0;1;0;0;0;0;0;0;2;0;1;0;0
22/10/2017;07:43:00;73;Acidente sem Vítima;483,3;BR-040/MG;Sul;Choque com objeto fixo;1;0;0;0;0;0;0;0;0;0;1;0;0;0;0
22/10/2017;00:37:00;8;Acidente com Vítima;279,344;BR-040/MG;Sul;Colisão frontal;1;0;1;0;0;0;0;0;0;0;1;0;0;1;0
22/10/2017;00:35:00;7;Acidente com Vítima;141,404;BR-040/MG;Sul;Atropelamento de animal;1;0;0;0;0;0;0;0;0;0;1;1;0;0;0
22/10/2017;00:27:00;5;Acidente sem Vítima;535,005;BR-040/MG;Sul;Outros;2;0;0;0;0;0;0;0;0;0;2;0;0;0;0
21/10/2017;22:27:00;368;Acidente com Vítima;586,8;BR-040/MG;Norte;Capotamento;1;0;0;0;0;0;0;0;0;0;0;1;1;0;0
21/10/2017;22:14:00;361;Acidente sem Vítima;562,1;BR-040/MG;Norte;Outros;1;0;0;0;0;0;0;0;0;0;2;0;0;0;0
21/10/2017;22:04:00;360;Acidente com Vítima;546;BR-040/MG;Norte;Capotamento;1;0;0;0;0;0;0;0;0;0;0;1;1;0;0
21/10/2017;21:52:00;358;Acidente com Vítima;8,4;BR-040/GO;Norte;Capotamento;1;0;0;0;0;0;0;0;0;0;0;0;0;0;0
21/10/2017;21:49:00;356;Acidente sem Vítima;521,1;BR-040/MG;Sul;Choque em defensa;2;0;0;0;0;0;0;0;0;0;2;0;0;0;0
21/10/2017;21:27:00;353;Acidente sem Vítima;730,1;BR-040/MG;Norte;Choque em barreira New Jersey;1;0;0;0;0;0;0;0;0;0;1;0;0;0;0
21/10/2017;19:00:00;302;Acidente com Vítima;2,3;BR-040/GO;Sul;Queda de Moto;0;0;0;1;0;0;0;0;0;0;0;0;0;1;0
21/10/2017;18:43:00;297;Acidente sem Vítima;540,5;BR-040/MG;Sul;Queda de Carga;0;0;1;0;0;0;0;0;0;0;1;0;0;0;0
21/10/2017;18:11:00;285;Acidente sem Vítima;594,2;BR-040/MG;Sul;Colisão traseira;2;0;0;0;0;0;0;0;0;0;4;0;0;0;0
21/10/2017;18:11:00;286;Acidente sem Vítima;709,1;BR-040/MG;Sul;Choque em barreira New Jersey;1;0;0;0;0;0;0;0;0;0;4;0;0;0;0
21/10/2017;16:39:00;257;Acidente sem Vítima;717,5;BR-040/MG;Norte;Choque em barreira New Jersey;1;0;0;0;0;0;0;0;0;0;1;0;0;0;0
21/10/2017;16:32:00;254;Acidente com Vítima;2,3;BR-040/GO;Sul;Abalroamento longitudinal;1;0;1;1;0;0;0;0;0;0;2;1;0;0;0
21/10/2017;15:47:00;237;Acidente sem Vítima;656;BR-040/MG;Norte;Choque em barreira New Jersey;1;0;0;0;0;0;0;0;0;0;2;0;0;0;0
21/10/2017;15:01:00;221;Acidente sem Vítima;474,15;BR-040/MG;Sul;Abalroamento longitudinal;2;0;0;0;0;0;0;0;0;0;2;0;0;0;0
21/10/2017;10:32:00;132;Acidente sem Vítima;10,7;BR-040/GO;Norte;Colisão traseira;2;0;1;0;0;0;0;0;0;0;3;0;0;0;0
21/10/2017;08:40:00;89;Acidente sem Vítima;462,5;BR-040/MG;Norte;Abalroamento longitudinal;1;0;1;0;0;0;0;0;0;0;3;0;0;0;0
21/10/2017;08:30:00;83;Acidente com Vítima;260,1;BR-040/MG;Sul;Colisão traseira;1;0;1;0;0;0;0;0;0;0;2;1;1;0;0
21/10/2017;08:30:00;84;Acidente sem Vítima;533,7;BR-040/MG;Sul;Abalroamento longitudinal;2;0;0;0;0;0;0;0;0;0;3;0;0;0;0
21/10/2017;06:08:00;46;Acidente com Vítima;547,1;BR-040/MG;Sul;Choque com objeto fixo;1;0;0;0;0;0;0;0;0;0;0;1;0;0;0
21/10/2017;00:59:00;8;Acidente sem Vítima;4,1;BR-040/GO;Sul;Colisão frontal;1;0;0;1;0;0;0;0;0;0;4;0;0;0;0
20/10/2017;21:21:00;480;Acidente sem Vítima;771,3;BR-040/MG;Norte;Colisão traseira;1;0;1;0;0;0;0;0;0;0;2;0;0;0;0
20/10/2017;20:38:00;466;Acidente com Vítima;197,5;BR-040/MG;Norte;Queda de Carga;0;0;0;0;1;0;0;0;0;0;33;11;2;0;0
20/10/2017;20:05:00;455;Atropelamento sem Morte;571,1;BR-040/MG;Sul;Atropelamento de pedestre atravessando;0;0;0;0;0;0;0;0;0;0;0;0;1;0;0
20/10/2017;16:15:00;357;Acidente sem Vítima;532,5;BR-040/MG;Sul;Queda de Moto;1;0;0;1;0;0;0;0;0;0;2;0;0;0;0
20/10/2017;14:04:00;313;Acidente sem Vítima;260;BR-040/MG;Sul;Capotamento;1;0;0;0;0;0;0;0;0;0;1;0;0;0;0
20/10/2017;12:24:00;272;Acidente com Vítima;608,28;BR-040/MG;Sul;Abalroamento transversal;1;0;0;0;0;0;0;0;0;1;0;0;1;0;0
20/10/2017;11:39:00;258;Acidente com Vítima;606,2;BR-040/MG;Norte;Abalroamento transversal;0;0;1;1;0;0;0;0;0;0;1;0;1;0;0
20/10/2017;11:09:00;248;Acidente sem Vítima;577,2;BR-040/MG;Sul;Colisão traseira;2;0;0;0;0;0;0;0;0;0;3;0;0;0;0
20/10/2017;10:47:00;236;Acidente sem Vítima;2;BR-040/DF;Sul;Abalroamento transversal;2;0;0;0;0;0;0;0;0;0;3;0;0;0;0
20/10/2017;10:44:00;234;Acidente sem Vítima;9,95;BR-040/GO;Sul;Abalroamento longitudinal;1;0;1;0;0;0;0;0;0;0;2;0;0;0;0
20/10/2017;09:25:00;200;Acidente sem Vítima;510,15;BR-040/MG;Norte;Colisão traseira;1;0;1;0;0;0;0;0;0;0;2;0;0;0;0
20/10/2017;07:48:00;161;Acidente com Vítima;617,5;BR-040/MG;Sul;Choque com objeto fixo;1;0;0;0;0;0;0;0;0;0;4;0;1;0;0
20/10/2017;07:42:00;157;Acidente sem Vítima;463,15;BR-040/MG;Sul;Outros;1;0;0;0;0;0;0;0;0;0;3;0;0;0;0
20/10/2017;06:31:00;124;Acidente sem Vítima;701,28;BR-040/MG;Norte;Choque em barreira New Jersey;1;0;0;0;0;0;0;0;0;0;1;0;0;0;0
19/10/2017;20:56:00;468;Acidente sem Vítima;645,6;BR-040/MG;Sul;Atropelamento de animal;1;0;0;0;0;0;0;0;0;0;1;0;0;0;0
19/10/2017;18:44:00;407;Acidente com Vítima;528,7;BR-040/MG;Sul;Colisão traseira;0;0;0;1;0;1;0;0;0;0;1;1;0;0;0
19/10/2017;15:43:00;335;Acidente sem Vítima;533;BR-040/MG;Sul;Abalroamento longitudinal;1;0;1;0;0;0;0;0;0;0;2;0;0;0;0
19/10/2017;15:13:00;326;Acidente sem Vítima;533,15;BR-040/MG;Norte;Abalroamento longitudinal;2;0;0;0;0;0;0;0;0;0;2;0;0;0;0
19/10/2017;12:57:00;275;Acidente com Vítima;531,15;BR-040/MG;Sul;Colisão traseira;1;0;0;1;0;0;0;0;0;0;1;1;0;0;0
19/10/2017;08:17:00;150;Acidente sem Vítima;498,8;BR-040/MG;Sul;Outros;1;0;0;0;0;0;0;0;0;0;2;0;0;0;0
19/10/2017;03:58:00;82;Atropelamento sem Morte;526,01;BR-040/MG;Norte;Atropelamento de ciclista;0;1;0;0;0;1;0;0;0;0;1;0;1;0;0
19/10/2017;01:42:00;59;Acidente com Vítima;632,2;BR-040/MG;Norte;Queda de Moto;0;0;0;1;0;0;0;0;0;0;0;1;0;0;0
18/10/2017;22:47:00;453;Acidente com Vítima;739,5;BR-040/MG;Norte;Queda de Moto;0;0;0;1;0;0;0;0;0;0;0;1;1;0;0
18/10/2017;22:18:00;444;Acidente sem Vítima;538,1;BR-040/MG;Norte;Colisão traseira;4;0;0;0;0;0;0;0;0;0;7;0;0;0;0
18/10/2017;17:22:00;347;Acidente com Vítima;633,15;BR-040/MG;Norte;Colisão traseira;0;0;0;2;0;0;0;0;0;0;1;1;0;0;0
18/10/2017;16:29:00;326;Acidente com Vítima;739,49;BR-040/MG;Sul;Queda de Moto;0;0;0;1;0;0;0;0;0;0;0;1;0;0;0
18/10/2017;16:22:00;322;Acidente sem Vítima;632,5;BR-040/MG;Norte;Queda de Carga;0;0;1;0;0;0;0;0;0;0;1;0;0;0;0
18/10/2017;15:42:00;305;Acidente com Morte;299,1;BR-040/MG;Sul;Choque com objeto fixo;1;0;0;0;0;0;0;0;0;0;0;0;0;0;1
18/10/2017;15:35:00;302;Acidente sem Vítima;631,88;BR-040/MG;Sul;Abalroamento longitudinal;2;0;0;0;0;0;0;0;0;0;2;0;0;0;0
18/10/2017;12:21:00;238;Acidente com Vítima;543,1;BR-040/MG;Norte;Abalroamento longitudinal;2;0;0;0;0;0;0;0;0;0;1;1;0;0;0
18/10/2017;09:54:00;179;Acidente com Vítima;532,1;BR-040/MG;Sul;Colisão traseira;0;0;1;2;0;0;0;0;0;1;2;3;0;0;0
18/10/2017;08:19:00;143;Acidente com Vítima;739,58;BR-040/MG;Norte;Queda de Carga;0;0;0;0;0;1;0;0;0;0;0;1;0;0;0
18/10/2017;07:17:00;121;Acidente com Vítima;1,5;BR-040/DF;Norte;Outros;1;0;0;1;0;0;0;0;0;0;1;1;0;0;0
18/10/2017;06:53:00;116;Acidente sem Vítima;714,1;BR-040/MG;Norte;Abalroamento longitudinal;0;0;1;0;0;1;0;0;0;0;2;0;0;0;0
18/10/2017;05:43:00;106;Atropelamento com Morte;621,005;BR-040/MG;Norte;Atropelamento de ciclista;0;1;1;0;0;0;0;0;0;0;1;0;0;0;1
18/10/2017;05:39:00;104;Acidente sem Vítima;453;BR-040/MG;Norte;Choque com objeto fixo;1;0;0;0;0;0;0;0;0;0;1;0;0;0;0
18/10/2017;01:05:00;11;Acidente sem Vítima;528,5;BR-040/MG;Norte;Choque com objeto fixo;1;0;0;0;0;0;0;0;0;0;3;0;0;0;0
18/10/2017;00:17:00;3;Acidente sem Vítima;23,1;BR-040/GO;Sul;Atropelamento de animal;1;0;0;0;0;0;0;0;0;0;1;0;0;0;0
17/10/2017;21:34:00;431;Acidente sem Vítima;92,8;BR-040/GO;Norte;Choque com objeto fixo;0;0;1;0;0;1;0;0;0;0;2;0;0;0;0
17/10/2017;20:08:00;408;Acidente sem Vítima;448,7;BR-040/MG;Sul;Queda de Carga;0;0;1;0;0;0;0;0;0;0;1;0;0;0;0
17/10/2017;07:37:00;148;Acidente com Vítima;491,1;BR-040/MG;Sul;Choque com objeto fixo;2;0;0;0;0;0;0;0;0;0;2;2;0;0;0
17/10/2017;06:22:00;106;Acidente com Vítima;630,01;BR-040/MG;Sul;Queda de Moto;0;0;0;1;0;0;0;0;0;0;0;1;0;0;0
16/10/2017;17:54:00;325;Acidente com Vítima;509,79;BR-040/MG;Sul;Capotamento;1;0;0;0;0;0;0;0;0;0;0;0;1;0;0