data;horario;n_da_ocorrencia;tipo_de_ocorrencia;km;trecho;sentido;tipo_de_acidente;automovel;bicicleta;caminhao;moto;onibus;outros;tracao_animal;transporte_de_cargas_especiais;trator_maquinas;utilitarios;ilesos;levemente_feridos;moderadamente_feridos;gravemente_feridos;mortos
16/10/2017;17:51:00;324;Acidente sem Vítima;413,7;BR-040/MG;Norte;Choque com objeto fixo;0;0;1;0;0;0;0;0;0;0;1;0;0;0;0
16/10/2017;15:25:00;284;Acidente com Vítima;7,8;BR-040/GO;Sul;Abalroamento longitudinal;0;0;0;1;0;1;0;0;0;0;1;2;0;0;0
16/10/2017;12:12:00;230;Acidente sem Vítima;462,38;BR-040/MG;Norte;Abalroamento longitudinal;1;0;1;0;0;0;0;0;0;0;2;0;0;0;0
16/10/2017;12:02:00;227;Acidente sem Vítima;620;BR-040/MG;Norte;Colisão traseira;4;0;0;0;0;0;0;0;0;0;10;0;0;0;0
16/10/2017;11:32:00;223;Acidente sem Vítima;462,5;BR-040/MG;Norte;Capotamento;1;0;1;0;0;0;0;0;0;0;2;0;0;0;0
16/10/2017;08:40:00;165;Acidente com Vítima;718;BR-040/MG;Sul;Capotamento;1;0;0;0;0;0;0;0;0;0;3;0;1;0;0
16/10/2017;08:32:00;157;Acidente sem Vítima;544,1;BR-040/MG;Norte;Colisão traseira;3;0;0;0;0;0;0;0;0;0;3;0;0;0;0
16/10/2017;08:32:00;158;Acidente sem Vítima;728,15;BR-040/MG;Sul;Capotamento;1;0;0;0;0;0;0;0;0;0;1;0;0;0;0
16/10/2017;08:30:00;156;Acidente sem Vítima;716,2;BR-040/MG;Sul;Choque em barreira New Jersey;1;0;0;0;0;0;0;0;0;0;5;0;0;0;0
16/10/2017;07:52:00;132;Acidente com Vítima;0,2;BR-040/GO;Sul;Queda de Moto;0;1;0;0;0;0;0;0;0;0;0;0;1;0;0
16/10/2017;02:15:00;57;Acidente sem Vítima;717,1;BR-040/MG;Norte;Capotamento;1;0;0;0;1;0;0;0;0;0;48;0;0;0;0
15/10/2017;22:58:00;431;Acidente sem Vítima;389,3;BR-040/MG;Sul;Colisão traseira;2;0;0;0;0;0;0;0;0;0;2;0;0;0;0
15/10/2017;22:44:00;427;Acidente sem Vítima;1,9;BR-040/GO;Sul;Abalroamento longitudinal;1;0;0;1;0;0;0;0;0;0;2;0;0;0;0
15/10/2017;22:07:00;413;Acidente sem Vítima;751,1;BR-040/MG;Sul;Capotamento;1;0;0;0;0;0;0;0;0;0;3;0;0;0;0
15/10/2017;21:17:00;393;Atropelamento com Morte;690,5;BR-040/MG;Sul;Atropelamento de pedestre caminhando;0;0;0;0;0;0;0;0;0;0;0;0;0;0;1
15/10/2017;20:30:00;373;Acidente sem Vítima;505,7;BR-040/MG;Sul;Colisão traseira;3;0;0;0;0;0;0;0;0;0;8;0;0;0;0
15/10/2017;19:32:00;350;Acidente com Morte;359,4;BR-040/MG;Norte;Colisão frontal;1;0;0;1;0;0;0;0;0;0;1;0;0;0;2
15/10/2017;17:52:00;307;Acidente sem Vítima;546,15;BR-040/MG;Sul;Capotamento;1;0;0;0;0;0;0;0;0;0;4;0;0;0;0
15/10/2017;17:42:00;298;Acidente com Vítima;560,1;BR-040/MG;Norte;Abalroamento longitudinal;1;0;0;1;0;0;0;0;0;0;1;3;0;0;0
15/10/2017;16:58:00;271;Acidente sem Vítima;36,3;BR-040/MG;Sul;Colisão traseira;2;0;0;0;0;0;0;0;0;0;2;0;0;0;0
15/10/2017;15:28:00;225;Acidente com Vítima;660,6;BR-040/MG;Sul;Queda de Moto;0;0;0;1;0;0;0;0;0;0;2;2;0;0;0
15/10/2017;15:02:00;207;Acidente sem Vítima;645;BR-040/MG;Norte;Colisão traseira;2;0;0;0;0;0;0;0;0;0;6;0;0;0;0
15/10/2017;14:37:00;193;Acidente com Vítima;482,27;BR-040/MG;Norte;Capotamento;2;0;0;0;0;0;0;0;0;0;2;0;0;2;0
15/10/2017;10:59:00;104;Acidente sem Vítima;669;BR-040/MG;Norte;Colisão traseira;4;0;0;0;0;0;0;0;0;0;12;0;0;0;0
15/10/2017;10:46:00;98;Acidente sem Vítima;486,92;BR-040/MG;Sul;Colisão traseira;1;0;0;0;0;0;0;0;0;1;4;0;0;0;0
15/10/2017;09:52:00;87;Acidente com Vítima;166,3;BR-040/MG;Sul;Abalroamento longitudinal;1;0;0;1;0;0;0;0;0;0;4;2;0;0;0
15/10/2017;09:35:00;84;Acidente sem Vítima;550,34;BR-040/MG;Sul;Queda de Moto;1;0;0;1;0;0;0;0;0;0;2;0;0;0;0
15/10/2017;05:44:00;37;Acidente com Vítima;526,4;BR-040/MG;Norte;Queda de Moto;0;0;0;1;0;0;0;0;0;0;0;0;1;0;0
15/10/2017;05:19:00;32;Acidente sem Vítima;527,5;BR-040/MG;Sul;Choque com objeto fixo;1;0;0;0;0;0;0;0;0;0;3;0;0;0;0
15/10/2017;01:51:00;7;Acidente com Vítima;509,15;BR-040/MG;Norte;Abalroamento longitudinal;3;0;0;0;0;0;0;0;0;0;2;2;0;0;0
14/10/2017;21:25:00;293;Acidente sem Vítima;6,4;BR-040/GO;Norte;Abalroamento longitudinal;1;0;0;0;0;0;0;1;0;0;2;0;0;0;0
14/10/2017;19:54:00;275;Acidente com Vítima;518,12;BR-040/MG;Sul;Abalroamento longitudinal;1;0;0;1;0;0;0;0;0;0;2;2;1;0;0
14/10/2017;19:26:00;261;Acidente sem Vítima;552,2;BR-040/MG;Norte;Colisão traseira;3;0;0;0;0;0;0;0;0;0;3;0;0;0;0
14/10/2017;18:37:00;243;Acidente sem Vítima;552,1;BR-040/MG;Norte;Colisão traseira;4;0;0;0;0;0;0;0;0;0;9;0;0;0;0
14/10/2017;13:29:00;158;Acidente sem Vítima;629,18;BR-040/MG;Norte;Abalroamento longitudinal;1;0;1;0;0;0;0;0;0;0;2;0;0;0;0
14/10/2017;12:26:00;144;Acidente com Vítima;423,3;BR-040/MG;Sul;Capotamento;1;0;0;0;0;0;0;0;0;0;1;1;0;0;0
14/10/2017;08:58:00;95;Acidente sem Vítima;5,8;BR-040/GO;Sul;Colisão traseira;1;0;1;0;0;0;0;0;0;0;2;0;0;0;0
14/10/2017;08:37:00;88;Acidente com Vítima;521,205;BR-040/MG;Sul;Queda de Moto;0;0;0;1;0;0;0;0;0;0;0;1;0;0;0
14/10/2017;08:15:00;78;Acidente sem Vítima;654,8;BR-040/MG;Norte;Capotamento;1;0;0;0;0;0;0;0;0;0;1;0;0;0;0
14/10/2017;06:27:00;46;Acidente com Vítima;513,15;BR-040/MG;Sul;Abalroamento longitudinal;1;0;0;1;0;0;0;0;0;0;1;1;0;0;0
14/10/2017;06:19:00;43;Acidente sem Vítima;0,5;BR-040/GO;Norte;Abalroamento longitudinal;1;0;1;0;0;0;0;0;0;0;3;0;0;0;0
14/10/2017;05:45:00;37;Acidente sem Vítima;122,05;BR-040/MG;Sul;Choque com objeto fixo;1;0;0;0;0;0;0;0;0;0;2;0;0;0;0
14/10/2017;05:40:00;35;Acidente sem Vítima;506,15;BR-040/MG;Sul;Choque com objeto fixo;1;0;0;0;0;0;0;0;0;0;1;0;0;0;0
14/10/2017;05:19:00;32;Acidente sem Vítima;1,1;BR-040/GO;Sul;Capotamento;1;0;0;0;0;0;0;0;0;0;1;0;0;0;0
13/10/2017;23:51:00;323;Acidente com Vítima;69,58;BR-040/MG;Norte;Capotamento;1;0;0;0;0;0;0;0;0;0;0;0;0;1;0
13/10/2017;17:25:00;248;Acidente sem Vítima;446;BR-040/MG;Sul;Capotamento;1;0;0;0;0;0;0;0;0;0;1;0;0;0;0
13/10/2017;16:52:00;235;Acidente com Vítima;516,45;BR-040/MG;Sul;Colisão traseira;2;0;2;0;0;0;0;0;0;0;5;1;0;0;0
13/10/2017;16:16:00;215;Acidente sem Vítima;753,8;BR-040/MG;Norte;Colisão traseira;3;0;0;0;0;0;0;0;0;0;3;0;0;0;0
13/10/2017;11:46:00;124;Acidente sem Vítima;578,877;BR-040/MG;Sul;Colisão traseira;1;0;1;0;0;0;0;0;0;0;2;0;0;0;0
13/10/2017;02:48:00;17;Acidente com Vítima;4,51;BR-040/GO;Norte;Choque com objeto fixo;1;0;0;0;0;0;0;0;0;0;1;1;0;0;0
13/10/2017;02:25:00;14;Acidente com Vítima;7,53;BR-040/DF;Sul;Abalroamento longitudinal;1;0;0;1;0;0;0;0;0;0;1;1;0;0;0
12/10/2017;23:49:00;384;Acidente sem Vítima;90,6;BR-040/GO;Sul;Choque com objeto fixo;1;0;0;0;0;0;0;0;0;0;1;0;0;0;0
12/10/2017;21:27:00;350;Acidente com Vítima;3,8;BR-040/GO;Norte;Colisão traseira;1;0;1;0;0;0;0;0;0;0;2;0;0;0;0
12/10/2017;19:19:00;316;Acidente sem Vítima;643,2;BR-040/MG;Norte;Abalroamento longitudinal;1;0;1;0;0;0;0;0;0;0;6;0;0;0;0
12/10/2017;17:41:00;286;Acidente sem Vítima;5,5;BR-040/GO;Norte;Colisão traseira;3;0;0;0;0;0;0;0;0;0;7;0;0;0;0
12/10/2017;16:35:00;266;Acidente sem Vítima;2,2;BR-040/GO;Norte;Capotamento;1;0;0;0;0;0;0;0;0;0;1;0;0;0;0
12/10/2017;15:18:00;233;Acidente sem Vítima;679,8;BR-040/MG;Norte;Colisão traseira;2;0;0;0;0;0;0;0;0;0;6;0;0;0;0
12/10/2017;13:59:00;204;Acidente com Vítima;216,67;BR-040/MG;Norte;Queda de Carga;0;0;1;0;0;0;0;0;0;0;0;1;0;0;0
12/10/2017;11:54:00;168;Acidente com Vítima;24,15;BR-040/GO;Norte;Colisão traseira;2;0;0;0;0;0;0;0;0;0;4;1;0;0;0
12/10/2017;11:40:00;164;Acidente sem Vítima;608,2;BR-040/MG;Sul;Colisão traseira;1;0;1;0;0;0;0;0;0;0;3;0;0;0;0
12/10/2017;07:52:00;79;Acidente sem Vítima;454;BR-040/MG;Norte;Outros;1;0;0;0;0;0;0;0;0;0;3;0;0;0;0
12/10/2017;03:37:00;38;Acidente com Vítima;700;BR-040/MG;Norte;Capotamento;1;0;0;0;0;0;0;0;0;0;0;1;0;0;0
12/10/2017;02:18:00;27;Acidente sem Vítima;618,3;BR-040/MG;Norte;Capotamento;1;0;0;0;0;0;0;0;0;0;2;0;0;0;0
12/10/2017;01:45:00;21;Acidente sem Vítima;372,6;BR-040/MG;Norte;Choque com objeto fixo;1;0;0;0;0;0;0;0;0;0;4;0;0;0;0
11/10/2017;20:25:00;384;Acidente com Vítima;665,5;BR-040/MG;Norte;Choque com objeto fixo;0;0;1;0;0;0;0;0;0;0;0;0;1;0;0
11/10/2017;19:15:00;359;Acidente sem Vítima;62,1;BR-040/MG;Norte;Queda de Moto;0;0;0;1;0;0;0;0;0;0;2;0;0;0;0
11/10/2017;19:14:00;358;Acidente sem Vítima;15,101;BR-040/GO;Norte;Choque com objeto fixo;1;0;0;0;0;0;0;0;0;0;3;0;0;0;0
11/10/2017;17:45:00;330;Acidente sem Vítima;527,9;BR-040/MG;Sul;Colisão traseira;2;0;0;0;0;0;0;0;0;0;6;0;0;0;0
11/10/2017;16:17:00;304;Acidente sem Vítima;5,8;BR-040/DF;Sul;Colisão traseira;2;0;0;0;0;0;0;0;0;0;3;0;0;0;0
11/10/2017;16:10:00;301;Acidente sem Vítima;568,5;BR-040/MG;Sul;Abalroamento longitudinal;1;0;1;0;0;0;0;0;0;0;2;0;0;0;0
11/10/2017;15:49:00;290;Acidente sem Vítima;694;BR-040/MG;Norte;Colisão traseira;2;0;0;0;0;0;0;0;0;0;3;0;0;0;0
11/10/2017;14:05:00;265;Acidente com Vítima;698,15;BR-040/MG;Sul;Colisão traseira;4;0;1;1;0;0;0;0;0;0;9;1;1;1;0
11/10/2017;13:46:00;258;Acidente com Vítima;695,05;BR-040/MG;Norte;Capotamento;1;0;0;0;0;0;0;0;0;0;0;2;0;0;0
11/10/2017;10:51:00;209;Acidente com Vítima;1,8;BR-040/GO;Norte;Colisão traseira;1;0;0;1;0;0;0;0;0;0;1;1;0;0;0
11/10/2017;09:16:00;181;Acidente com Vítima;615,15;BR-040/MG;Sul;Abalroamento longitudinal;2;0;0;0;0;0;0;0;0;0;0;0;2;0;0
11/10/2017;09:13:00;180;Acidente sem Vítima;544;BR-040/MG;Norte;Queda de Moto;3;0;0;0;0;0;0;0;0;0;3;0;0;0;0
11/10/2017;07:00:00;126;Acidente sem Vítima;526;BR-040/MG;Norte;Colisão traseira;1;0;1;0;0;0;0;0;0;0;2;0;0;0;0
11/10/2017;03:40:00;101;Acidente sem Vítima;30,3;BR-040/GO;Sul;Atropelamento de animal;0;0;0;0;0;0;0;0;0;1;1;0;0;0;0
10/10/2017;19:58:00;372;Acidente com Vítima;129,52;BR-040/GO;Norte;Capotamento;1;0;0;0;0;0;0;0;0;0;0;1;0;0;0
10/10/2017;19:18:00;360;Acidente sem Vítima;0;BR-040/DF;Sul;Abalroamento longitudinal;1;0;1;0;0;0;0;0;0;0;2;0;0;0;0
10/10/2017;17:02:00;322;Acidente com Vítima;526,5;BR-040/MG;Norte;Abalroamento longitudinal;1;0;0;1;0;0;0;0;0;0;2;1;0;0;0
10/10/2017;10:16:00;195;Acidente com Vítima;498,1;BR-040/MG;Sul;Choque com objeto fixo;1;0;0;0;0;0;0;0;0;0;0;1;5;0;0
10/10/2017;10:00:00;194;Acidente sem Vítima;535,1;BR-040/MG;Norte;Abalroamento longitudinal;1;0;1;0;0;0;0;0;0;0;2;0;0;0;0
10/10/2017;08:58:00;171;Acidente com Vítima;475,1;BR-040/MG;Sul;Colisão traseira;1;0;0;0;0;1;0;0;0;0;1;1;0;0;0
10/10/2017;08:36:00;164;Acidente sem Vítima;234,5;BR-040/MG;Sul;Capotamento;1;0;0;0;0;0;0;0;0;0;5;0;0;0;0
10/10/2017;07:56:00;152;Acidente com Vítima;536,4;BR-040/MG;Norte;Abalroamento longitudinal;2;0;0;1;0;0;0;0;0;0;2;0;1;0;0
10/10/2017;06:38:00;124;Acidente com Vítima;523,1;BR-040/MG;Sul;Colisão traseira;1;0;0;1;0;0;0;0;0;0;1;1;0;0;0
10/10/2017;06:07:00;116;Acidente sem Vítima;273,91;BR-040/MG;Norte;Colisão traseira;2;0;0;0;0;0;0;0;0;0;2;0;0;0;0
09/10/2017;21:49:00;347;Acidente com Vítima;705,1;BR-040/MG;Norte;Choque com objeto fixo;1;0;0;0;0;0;0;0;0;0;0;1;0;0;0
09/10/2017;20:05:00;325;Acidente com Vítima;0,265;BR-040/GO;Sul;Abalroamento longitudinal;1;0;0;1;0;0;0;0;0;0;3;1;0;0;0
09/10/2017;20:04:00;324;Acidente sem Vítima;760,9;BR-040/MG;Sul;Choque com objeto fixo;1;0;0;0;0;0;0;0;0;0;2;0;0;0;0
09/10/2017;18:48:00;296;Acidente sem Vítima;659,15;BR-040/MG;Sul;Outros;1;0;0;0;0;0;0;0;0;0;1;0;0;0;0
09/10/2017;18:46:00;295;Acidente sem Vítima;4,2;BR-040/DF;Sul;Colisão traseira;2;0;0;0;0;0;0;0;0;0;3;0;0;0;0
09/10/2017;17:27:00;273;Acidente com Vítima;531,1;BR-040/MG;Norte;Colisão traseira;0;0;1;1;0;0;0;0;0;0;1;0;1;0;0
09/10/2017;17:14:00;269;Acidente sem Vítima;520,1;BR-040/MG;Norte;Colisão traseira;2;0;0;0;0;0;0;0;0;0;2;0;0;0;0
09/10/2017;15:14:00;244;Acidente sem Vítima;711;BR-040/MG;Sul;Colisão frontal;2;0;0;0;0;0;0;0;0;0;2;0;0;0;0
09/10/2017;13:06:00;210;Acidente sem Vítima;606,2;BR-040/MG;Sul;Colisão traseira;0;0;2;0;0;0;0;0;0;0;2;0;0;0;0
09/10/2017;12:04:00;188;Acidente sem Vítima;606,6;BR-040/MG;Norte;Abalroamento longitudinal;1;0;1;0;0;0;0;0;0;0;2;0;0;0;0
09/10/2017;11:32:00;178;Acidente com Vítima;0,08;BR-040/GO;Sul;Queda de Moto;0;0;0;1;0;0;0;0;0;0;1;1;0;0;0
09/10/2017;11:26:00;177;Acidente sem Vítima;525,9;BR-040/MG;Sul;Colisão traseira;0;0;0;0;0;2;0;0;0;0;2;0;0;0;0
09/10/2017;11:15:00;173;Acidente sem Vítima;525,9;BR-040/MG;Sul;Colisão traseira;0;0;2;0;0;0;0;0;0;0;2;0;0;0;0
09/10/2017;08:44:00;135;Acidente com Vítima;730,5;BR-040/MG;Norte;Queda de Carga;0;0;1;0;0;0;0;0;0;0;0;1;0;0;0
09/10/2017;08:14:00;123;Acidente sem Vítima;515,95;BR-040/MG;Norte;Choque com objeto fixo;0;0;1;0;0;0;0;0;0;0;1;0;0;0;0
09/10/2017;08:08:00;120;Acidente sem Vítima;525,1;BR-040/MG;Sul;Abalroamento longitudinal;1;0;0;1;0;0;0;0;0;0;2;0;0;0;0
09/10/2017;07:25:00;110;Acidente sem Vítima;517,1;BR-040/MG;Sul;Colisão traseira;1;0;0;1;0;0;0;0;0;0;2;0;0;0;0
09/10/2017;07:04:00;102;Acidente com Morte;350,102;BR-040/MG;Norte;Capotamento;1;0;0;0;0;0;0;0;0;0;2;0;0;1;1
09/10/2017;03:33:00;76;Acidente com Vítima;518,5;BR-040/MG;Sul;Colisão traseira;0;0;2;0;0;0;0;0;0;0;1;1;0;0;0
09/10/2017;00:41:00;3;Acidente com Vítima;364,05;BR-040/MG;Sul;Queda de Carga;0;0;1;0;0;0;0;0;0;0;1;2;0;0;0
08/10/2017;22:50:00;306;Acidente com Vítima;354,8;BR-040/MG;Norte;Choque com objeto fixo;1;0;0;0;0;0;0;0;0;0;0;1;0;0;0
08/10/2017;22:12:00;296;Acidente sem Vítima;699,1;BR-040/MG;Norte;Choque em barreira New Jersey;1;0;0;0;0;0;0;0;0;0;1;0;0;0;0
08/10/2017;21:48:00;292;Acidente sem Vítima;533;BR-040/MG;Norte;Colisão traseira;3;0;0;0;0;0;0;0;0;0;3;0;0;0;0
08/10/2017;19:57:00;265;Acidente com Vítima;518;BR-040/MG;Norte;Queda de Moto;0;0;0;1;0;0;0;0;0;0;1;0;1;0;0
08/10/2017;19:38:00;263;Acidente sem Vítima;551;BR-040/MG;Sul;Capotamento;1;0;0;0;0;0;0;0;0;0;1;0;0;0;0
08/10/2017;19:15:00;249;Acidente com Vítima;666,9;BR-040/MG;Norte;Abalroamento transversal;2;0;0;0;0;0;0;0;0;0;5;1;0;0;0
08/10/2017;19:07:00;245;Acidente sem Vítima;549;BR-040/MG;Sul;Colisão traseira;3;0;0;0;0;0;0;0;0;0;3;0;0;0;0
08/10/2017;18:43:00;239;Acidente sem Vítima;8,7;BR-040/GO;Sul;Abalroamento transversal;2;0;0;0;0;0;0;0;0;0;6;0;0;0;0
08/10/2017;17:30:00;217;Acidente sem Vítima;510;BR-040/MG;Sul;Colisão traseira;4;0;0;0;0;0;0;0;0;0;4;0;0;0;0
08/10/2017;17:17:00;215;Acidente com Vítima;501,7;BR-040/MG;Sul;Colisão traseira;2;0;0;0;0;0;0;0;0;0;6;1;0;0;0
08/10/2017;17:06:00;209;Acidente sem Vítima;552,2;BR-040/MG;Norte;Colisão traseira;2;0;0;0;0;0;0;0;0;0;4;0;0;0;0
08/10/2017;16:37:00;199;Atropelamento sem Morte;8,8;BR-040/GO;Sul;Atropelamento de pedestre atravessando;1;0;0;0;0;0;0;0;0;0;1;0;1;0;0
08/10/2017;06:59:00;35;Acidente com Vítima;547;BR-040/MG;Sul;Queda de Moto;0;0;0;1;0;0;0;0;0;0;0;0;1;0;0
08/10/2017;05:58:00;29;Acidente com Morte;453,78;BR-040/MG;Sul;Choque com objeto fixo;0;0;0;1;0;0;0;0;0;0;0;0;0;0;1
08/10/2017;04:20:00;24;Acidente com Morte;506,7;BR-040/MG;Norte;Colisão traseira;1;0;0;0;0;1;0;0;0;0;1;0;1;0;1
08/10/2017;02:25:00;19;Acidente sem Vítima;523,6;BR-040/MG;Norte;Abalroamento longitudinal;2;0;0;0;0;0;0;0;0;0;2;0;0;0;0
08/10/2017;01:47:00;16;Acidente com Vítima;536,2;BR-040/MG;Sul;Colisão traseira;2;0;0;0;0;0;0;0;0;0;6;1;0;0;0
07/10/2017;23:08:00;344;Acidente com Vítima;511,3;BR-040/MG;Norte;Colisão traseira;2;0;0;0;0;0;0;0;0;0;2;1;1;0;0
07/10/2017;19:25:00;300;Acidente com Vítima;42;BR-040/MG;Sul;Abalroamento transversal;2;0;0;0;0;0;0;0;0;0;1;1;0;0;0
07/10/2017;14:34:00;214;Acidente com Vítima;5,5;BR-040/DF;Sul;Capotamento;1;0;0;0;0;0;0;0;0;0;0;0;0;0;0
07/10/2017;12:44:00;188;Acidente sem Vítima;24,3;BR-040/GO;Norte;Colisão traseira;2;0;0;0;0;0;0;0;0;0;2;0;0;0;0
07/10/2017;12:04:00;179;Acidente com Vítima;537,59;BR-040/MG;Norte;Choque com objeto fixo;1;0;0;0;0;0;0;0;0;0;0;0;0;0;0
07/10/2017;11:18:00;162;Acidente sem Vítima;525,5;BR-040/MG;Sul;Abalroamento longitudinal;1;0;1;0;0;0;0;0;0;0;2;0;0;0;0
07/10/2017;10:33:00;149;Acidente sem Vítima;525;BR-040/MG;Sul;Outros;1;0;0;0;0;0;0;0;0;0;2;0;0;0;0
07/10/2017;10:11:00;145;Acidente com Vítima;727,15;BR-040/MG;Norte;Abalroamento longitudinal;1;0;1;0;0;0;0;0;0;0;1;1;0;0;0
07/10/2017;10:02:00;143;Acidente com Morte;759,8;BR-040/MG;Norte;Capotamento;1;0;0;0;0;0;0;0;0;0;0;0;0;0;1
07/10/2017;05:35:00;93;Acidente sem Vítima;379,9;BR-040/MG;Sul;Atropelamento de animal;0;0;1;0;0;0;0;0;0;0;3;0;0;0;0
07/10/2017;05:17:00;88;Acidente sem Vítima;482,03;BR-040/MG;Sul;Choque com objeto fixo;2;0;0;0;0;0;0;0;0;0;2;0;0;0;0
07/10/2017;00:53:00;9;Acidente sem Vítima;150,5;BR-040/GO;Norte;Choque com objeto fixo;2;0;0;0;0;0;0;0;0;0;3;0;0;0;0
06/10/2017;22:26:00;397;Acidente com Vítima;514,68;BR-040/MG;Sul;Abalroamento longitudinal;2;0;0;0;0;0;0;0;0;0;1;1;0;0;0
06/10/2017;21:41:00;381;Acidente com Vítima;7,001;BR-040/GO;Norte;Colisão traseira;2;0;0;0;0;0;0;0;0;0;2;0;0;0;0
06/10/2017;21:18:00;377;Acidente sem Vítima;538;BR-040/MG;Norte;Abalroamento longitudinal;1;0;0;1;0;0;0;0;0;0;2;0;0;0;0
06/10/2017;21:14:00;374;Acidente sem Vítima;535,3;BR-040/MG;Norte;Abalroamento longitudinal;1;0;1;0;0;0;0;0;0;0;2;0;0;0;0
06/10/2017;20:44:00;364;Acidente sem Vítima;534,6;BR-040/MG;Sul;Colisão traseira;1;0;1;0;0;0;0;0;0;0;2;0;0;0;0
06/10/2017;19:09:00;329;Acidente com Vítima;642,626;BR-040/MG;Norte;Abalroamento longitudinal;1;0;0;1;0;0;0;0;0;0;1;1;0;0;0
06/10/2017;18:09:00;304;Acidente sem Vítima;535,2;BR-040/MG;Norte;Abalroamento longitudinal;0;0;2;0;0;0;0;0;0;0;2;0;0;0;0
06/10/2017;16:56:00;282;Acidente com Vítima;513,137;BR-040/MG;Norte;Colisão traseira;2;0;0;1;0;0;0;0;0;0;5;1;0;0;0
06/10/2017;16:46:00;280;Acidente sem Vítima;2,01;BR-040/GO;Sul;Abalroamento longitudinal;1;0;0;1;0;0;0;0;0;0;2;0;0;0;0
06/10/2017;15:43:00;261;Acidente sem Vítima;542,7;BR-040/MG;Sul;Colisão traseira;1;0;0;1;0;0;0;0;0;0;2;0;0;0;0
06/10/2017;12:16:00;206;Acidente sem Vítima;25,6;BR-040/GO;Norte;Abalroamento transversal;1;0;0;0;0;1;0;0;0;0;2;0;0;0;0
06/10/2017;10:16:00;172;Acidente sem Vítima;516,4;BR-040/MG;Norte;Queda de Moto;0;0;0;1;0;0;0;0;0;0;2;0;0;0;0
06/10/2017;08:13:00;136;Acidente com Vítima;527;BR-040/MG;Sul;Abalroamento longitudinal;1;0;0;1;0;0;0;0;0;0;2;2;0;0;0
06/10/2017;08:13:00;137;Acidente com Vítima;632,044;BR-040/MG;Norte;Queda de Moto;0;0;0;1;0;0;0;0;0;0;0;0;0;0;0
06/10/2017;07:29:00;125;Acidente sem Vítima;3,5;BR-040/GO;Norte;Abalroamento longitudinal;1;0;0;1;0;0;0;0;0;0;2;0;0;0;0
06/10/2017;06:16:00;108;Acidente sem Vítima;511,523;BR-040/MG;Norte;Abalroamento longitudinal;3;0;0;0;0;0;0;0;0;0;3;0;0;0;0
06/10/2017;02:10:00;81;Acidente sem Vítima;550,7;BR-040/MG;Sul;Colisão traseira;2;0;0;0;0;0;0;0;0;0;2;0;0;0;0
06/10/2017;00:11:00;3;Acidente sem Vítima;491,68;BR-040/MG;Sul;Choque com objeto fixo;1;0;0;0;0;0;0;0;0;0;1;0;0;0;0
05/10/2017;23:17:00;364;Acidente sem Vítima;2,5;BR-040/GO;Sul;Colisão traseira;2;0;0;0;0;0;0;0;0;0;3;0;0;0;0
05/10/2017;22:49:00;362;Acidente sem Vítima;25,15;BR-040/GO;Sul;Outros;1;0;0;1;0;0;0;0;0;0;2;0;0;0;0
05/10/2017;20:38:00;340;Acidente com Vítima;16,8;BR-040/GO;Sul;Capotamento;1;0;0;0;0;0;0;0;0;0;0;0;0;0;0
05/10/2017;19:58:00;331;Acidente sem Vítima;0,3;BR-040/GO;Sul;Colisão traseira;2;0;0;0;0;0;0;0;0;0;6;0;0;0;0
05/10/2017;19:19:00;316;Acidente sem Vítima;512,8;BR-040/MG;Norte;Choque com objeto fixo;2;0;0;0;0;0;0;0;0;0;4;0;0;0;0
05/10/2017;19:18:00;315;Acidente sem Vítima;606,304;BR-040/MG;Sul;Colisão traseira;2;0;0;0;0;0;0;0;0;0;5;0;0;0;0
05/10/2017;18:44:00;306;Acidente sem Vítima;533;BR-040/MG;Norte;Abalroamento transversal;1;0;1;0;0;0;0;0;0;0;2;0;0;0;0
05/10/2017;14:45:00;231;Acidente sem Vítima;595,059;BR-040/MG;Norte;Colisão traseira;1;0;1;0;0;0;0;0;0;0;2;0;0;0;0
05/10/2017;14:13:00;222;Acidente com Vítima;283,1;BR-040/MG;Norte;Colisão frontal;1;0;2;0;0;0;0;0;0;0;2;1;1;0;0
05/10/2017;08:52:00;142;Acidente sem Vítima;518;BR-040/MG;Sul;Colisão traseira;1;0;0;1;0;0;0;0;0;0;2;0;0;0;0
05/10/2017;02:13:00;72;Acidente sem Vítima;289,1;BR-040/MG;Sul;Atropelamento de animal;0;0;0;0;0;1;0;0;0;0;1;0;0;0;0
05/10/2017;01:57:00;65;Acidente sem Vítima;513,2;BR-040/MG;Sul;Capotamento;1;0;0;0;0;0;0;0;0;0;2;0;0;0;0
04/10/2017;23:04:00;358;Acidente com Vítima;528,2;BR-040/MG;Sul;Capotamento;1;0;0;0;0;0;0;0;0;0;3;0;1;0;0
04/10/2017;22:20:00;355;Acidente sem Vítima;533,4;BR-040/MG;Norte;Colisão traseira;2;0;0;0;0;0;0;0;0;0;3;0;0;0;0
04/10/2017;18:40:00;298;Acidente com Vítima;537,01;BR-040/MG;Norte;Queda de Moto;2;0;0;1;0;0;0;0;0;0;2;1;0;0;0
04/10/2017;18:23:00;295;Acidente com Vítima;536,05;BR-040/MG;Norte;Abalroamento longitudinal;1;0;0;1;0;0;0;0;0;0;1;1;0;0;0