data;horario;n_da_ocorrencia;tipo_de_ocorrencia;km;trecho;sentido;tipo_de_acidente;automovel;bicicleta;caminhao;moto;onibus;outros;tracao_animal;transporte_de_cargas_especiais;trator_maquinas;utilitarios;ilesos;levemente_feridos;moderadamente_feridos;gravemente_feridos;mortos
04/10/2017;17:28:00;280;Acidente sem Vítima;78,7;BR-040/MG;Norte;Outros;1;0;0;0;0;0;0;0;0;0;1;0;0;0;0
04/10/2017;17:26:00;277;Acidente sem Vítima;456,15;BR-040/MG;Norte;Abalroamento longitudinal;2;0;0;0;0;0;0;0;0;0;2;0;0;0;0
04/10/2017;16:58:00;271;Acidente com Vítima;465,15;BR-040/MG;Sul;Queda de Carga;1;0;0;0;0;0;0;0;0;0;1;0;1;0;0
04/10/2017;16:50:00;268;Acidente sem Vítima;469,15;BR-040/MG;Norte;Choque com objeto fixo;1;0;0;0;0;0;0;0;0;0;1;0;0;0;0
04/10/2017;16:30:00;259;Acidente sem Vítima;656,4;BR-040/MG;Norte;Choque com objeto fixo;1;0;0;0;0;0;0;0;0;0;2;0;0;0;0
04/10/2017;15:16:00;234;Acidente com Vítima;135,1;BR-040/GO;Norte;Capotamento;1;0;0;0;0;0;0;0;0;0;1;0;1;0;0
04/10/2017;10:55:00;175;Acidente sem Vítima;162,8;BR-040/MG;Sul;Atropelamento de animal;1;0;0;0;0;0;0;0;0;0;2;0;0;0;0
04/10/2017;09:45:00;154;Acidente com Vítima;276,3;BR-040/MG;Norte;Choque com objeto fixo;0;0;0;1;0;0;0;0;0;0;0;0;1;0;0
04/10/2017;07:24:00;99;Acidente com Vítima;613,23;BR-040/MG;Sul;Colisão traseira;1;0;1;0;0;0;0;0;0;0;2;1;0;0;0
04/10/2017;06:13:00;87;Acidente com Vítima;597,5;BR-040/MG;Sul;Queda de Carga;0;0;1;0;0;0;0;0;0;0;0;2;0;0;0
04/10/2017;05:12:00;84;Acidente com Morte;97,2;BR-040/GO;Sul;Colisão frontal;0;0;1;1;0;0;0;0;0;0;1;0;0;0;1
04/10/2017;04:55:00;82;Acidente sem Vítima;455,8;BR-040/MG;Sul;Colisão traseira;0;0;2;0;0;0;0;0;0;0;2;0;0;0;0
04/10/2017;00:25:00;2;Acidente com Vítima;2,55;BR-040/GO;Sul;Abalroamento transversal;1;0;0;1;0;0;0;0;0;0;1;0;1;0;0
03/10/2017;21:41:00;344;Acidente sem Vítima;692;BR-040/MG;Sul;Colisão frontal;2;0;0;0;0;0;0;0;0;0;2;0;0;0;0
03/10/2017;19:26:00;305;Acidente sem Vítima;3,5;BR-040/DF;Sul;Colisão traseira;4;0;0;0;0;0;0;0;0;0;7;0;0;0;0
03/10/2017;16:32:00;253;Acidente com Vítima;520,2;BR-040/MG;Sul;Queda de Moto;0;0;0;1;0;0;0;0;0;0;0;0;1;0;0
03/10/2017;12:42:00;195;Acidente sem Vítima;534,15;BR-040/MG;Norte;Queda de Carga;0;0;1;0;0;0;0;0;0;0;1;0;0;0;0
03/10/2017;11:53:00;184;Acidente sem Vítima;474,5;BR-040/MG;Sul;Colisão traseira;1;0;1;0;0;0;0;0;0;0;2;0;0;0;0
03/10/2017;10:10:00;162;Acidente sem Vítima;749,9;BR-040/MG;Norte;Capotamento;1;0;0;0;0;0;0;0;0;0;4;0;0;0;0
03/10/2017;08:03:00;125;Acidente sem Vítima;543,15;BR-040/MG;Sul;Colisão traseira;2;0;0;0;0;0;0;0;0;0;4;0;0;0;0
03/10/2017;07:48:00;121;Acidente sem Vítima;707,1;BR-040/MG;Norte;Choque em barreira New Jersey;1;0;0;0;0;0;0;0;0;0;1;0;0;0;0
03/10/2017;07:17:00;110;Acidente com Vítima;44;BR-040/MG;Norte;Queda de Moto;0;0;0;1;0;0;0;0;0;0;0;0;1;0;0
03/10/2017;02:24:00;60;Acidente sem Vítima;527,03;BR-040/MG;Sul;Choque com objeto fixo;1;0;0;0;0;0;0;0;0;0;1;0;0;0;0
03/10/2017;02:12:00;57;Acidente sem Vítima;520,49;BR-040/MG;Norte;Colisão traseira;2;0;0;0;0;0;0;0;0;0;2;0;0;0;0
03/10/2017;00:57:00;10;Acidente com Vítima;520,485;BR-040/MG;Norte;Capotamento;1;0;0;0;0;0;0;0;0;0;1;1;0;0;0
02/10/2017;23:21:00;359;Acidente com Vítima;656,322;BR-040/MG;Norte;Choque com objeto fixo;0;0;1;0;0;0;0;0;0;0;0;1;0;0;0
02/10/2017;21:48:00;345;Acidente sem Vítima;247,9;BR-040/MG;Sul;Capotamento;1;0;0;0;0;0;0;0;0;0;2;0;0;0;0
02/10/2017;21:11:00;334;Acidente com Vítima;707,292;BR-040/MG;Sul;Capotamento;1;0;0;0;0;0;0;0;0;0;0;1;0;0;0
02/10/2017;19:34:00;310;Acidente com Vítima;39,12;BR-040/MG;Sul;Abalroamento transversal;1;0;1;0;0;0;0;0;0;0;0;3;0;0;0
02/10/2017;17:22:00;279;Acidente sem Vítima;718;BR-040/MG;Norte;Choque em barreira New Jersey;1;0;0;0;0;0;0;0;0;0;1;0;0;0;0
02/10/2017;17:15:00;277;Acidente sem Vítima;24,12;BR-040/GO;Norte;Colisão traseira;1;0;0;1;0;0;0;0;0;0;2;0;0;0;0
02/10/2017;16:20:00;261;Acidente sem Vítima;534,5;BR-040/MG;Norte;Colisão traseira;1;0;0;1;0;0;0;0;0;0;2;0;0;0;0
02/10/2017;16:05:00;255;Acidente sem Vítima;507,95;BR-040/MG;Norte;Colisão traseira;3;0;0;0;0;0;0;0;0;0;5;0;0;0;0
02/10/2017;14:39:00;236;Acidente sem Vítima;547,5;BR-040/MG;Norte;Abalroamento longitudinal;2;0;0;0;0;0;0;0;0;0;4;0;0;0;0
02/10/2017;14:32:00;233;Acidente com Vítima;472,5;BR-040/MG;Norte;Capotamento;1;0;0;0;0;0;0;0;0;0;0;0;0;1;0
02/10/2017;14:22:00;228;Acidente sem Vítima;462,02;BR-040/MG;Sul;Choque com objeto fixo;1;0;0;0;0;0;0;0;0;0;1;0;0;0;0
02/10/2017;14:02:00;222;Acidente sem Vítima;528,5;BR-040/MG;Norte;Choque em defensa;1;0;0;0;0;0;0;0;0;0;1;0;0;0;0
02/10/2017;13:50:00;220;Acidente sem Vítima;436,5;BR-040/MG;Sul;Queda de Carga;0;0;1;0;0;0;0;0;0;0;1;0;0;0;0
02/10/2017;07:10:00;91;Acidente sem Vítima;0,4;BR-040/GO;Norte;Colisão traseira;0;0;0;2;0;0;0;0;0;0;2;0;0;0;0
02/10/2017;06:52:00;86;Acidente com Vítima;540,8;BR-040/MG;Sul;Queda de Moto;0;0;0;1;0;0;0;0;0;0;1;1;0;0;0
02/10/2017;05:47:00;81;Acidente sem Vítima;530,362;BR-040/MG;Norte;Colisão traseira;0;0;2;0;0;0;0;0;0;0;2;0;0;0;0
02/10/2017;02:21:00;59;Acidente sem Vítima;628,931;BR-040/MG;Sul;Capotamento;1;0;0;0;0;0;0;0;0;0;1;0;0;0;0
01/10/2017;22:48:00;247;Acidente sem Vítima;28,5;BR-040/MG;Norte;Choque com objeto fixo;1;0;0;0;0;0;0;0;0;0;1;0;0;0;0
01/10/2017;20:00:00;211;Acidente sem Vítima;534,19;BR-040/MG;Norte;Abalroamento longitudinal;1;0;1;0;0;0;0;0;0;0;6;0;0;0;0
01/10/2017;19:36:00;201;Acidente com Morte;611,116;BR-040/MG;Norte;Colisão frontal;2;0;1;1;0;0;0;0;0;0;4;0;0;0;1
01/10/2017;19:08:00;192;Acidente com Morte;28,3;BR-040/GO;Norte;Colisão frontal;2;0;1;0;0;0;0;0;0;0;3;2;0;0;6
01/10/2017;18:17:00;171;Acidente com Vítima;1,8;BR-040/GO;Sul;Colisão traseira;0;0;0;2;0;0;0;0;0;0;1;1;0;0;0
01/10/2017;17:56:00;165;Acidente com Vítima;690,602;BR-040/MG;Sul;Capotamento;1;0;0;0;0;0;0;0;0;0;1;0;2;0;0
01/10/2017;16:42:00;147;Acidente sem Vítima;135;BR-040/GO;Sul;Capotamento;1;0;0;0;0;0;0;0;0;0;2;0;0;0;0
01/10/2017;16:05:00;135;Acidente sem Vítima;508,2;BR-040/MG;Sul;Choque em defensa;1;0;0;0;0;0;0;0;0;0;1;0;0;0;0
01/10/2017;14:54:00;114;Acidente com Vítima;513,001;BR-040/MG;Sul;Queda de Moto;1;0;0;1;0;0;0;0;0;0;1;1;0;0;0
01/10/2017;13:39:00;101;Acidente sem Vítima;221,1;BR-040/MG;Norte;Choque com objeto fixo;1;0;0;0;0;0;0;0;0;0;2;0;0;0;0
01/10/2017;13:17:00;97;Acidente com Vítima;8,1;BR-040/GO;Norte;Abalroamento longitudinal;1;0;0;1;0;0;0;0;0;0;2;0;1;0;0
01/10/2017;03:07:00;13;Acidente sem Vítima;548;BR-040/MG;Norte;Capotamento;1;0;0;0;0;0;0;0;0;0;1;0;0;0;0
01/10/2017;02:19:00;12;Acidente sem Vítima;26,6;BR-040/GO;Norte;Capotamento;1;0;0;0;0;0;0;0;0;0;1;0;0;0;0
30/11/2017;22:13:00;395;Acidente sem Vítima;0,4;BR-040/GO;Sul;Colisão traseira;1;0;0;1;0;0;0;0;0;0;3;0;0;0;0
30/11/2017;21:01:00;374;Atropelamento com Morte;23,1;BR-040/GO;Sul;Atropelamento de pedestre atravessando;1;0;0;1;0;0;0;0;0;0;2;0;0;0;1
30/11/2017;20:09:00;356;Atropelamento com Morte;11,4;BR-040/GO;Norte;Atropelamento de ciclista;1;1;0;0;0;0;0;0;0;0;3;0;0;0;1
30/11/2017;18:38:00;319;Acidente sem Vítima;462,6;BR-040/MG;Sul;Choque com objeto fixo;1;0;0;0;0;0;0;0;0;0;1;0;0;0;0
30/11/2017;18:30:00;314;Acidente com Vítima;568,1;BR-040/MG;Sul;Colisão traseira;1;0;1;0;0;0;0;0;0;0;1;0;1;1;0
30/11/2017;18:01:00;302;Acidente sem Vítima;565,5;BR-040/MG;Sul;Choque em defensa;1;0;0;0;0;0;0;0;0;0;1;0;0;0;0
30/11/2017;17:41:00;292;Acidente sem Vítima;3,6;BR-040/DF;Norte;Abalroamento longitudinal;1;0;0;1;0;0;0;0;0;0;3;0;0;0;0
30/11/2017;17:07:00;278;Acidente sem Vítima;510;BR-040/MG;Norte;Outros;1;0;0;0;0;0;0;0;0;0;2;0;0;0;0
30/11/2017;15:29:00;242;Acidente sem Vítima;4;BR-040/DF;Sul;Abalroamento longitudinal;3;0;0;0;0;0;0;0;0;0;5;0;0;0;0
30/11/2017;09:58:00;146;Acidente com Vítima;516,354;BR-040/MG;Norte;Colisão traseira;0;0;1;1;0;0;0;0;0;0;1;0;1;0;0
30/11/2017;06:05:00;78;Acidente sem Vítima;457,208;BR-040/MG;Norte;Outros;1;0;0;0;0;0;0;0;0;0;1;0;0;0;0
29/11/2017;20:23:00;330;Acidente sem Vítima;692,261;BR-040/MG;Norte;Queda de Carga;2;0;0;0;0;0;0;0;0;0;2;0;0;0;0
29/11/2017;20:02:00;322;Acidente sem Vítima;518,9;BR-040/MG;Norte;Abalroamento longitudinal;1;0;0;1;0;0;0;0;0;0;2;0;0;0;0
29/11/2017;18:51:00;303;Acidente sem Vítima;5;BR-040/GO;Norte;Abalroamento transversal;2;0;0;0;0;0;0;0;0;0;2;0;0;0;0
29/11/2017;17:37:00;284;Acidente com Vítima;516;BR-040/MG;Norte;Queda de Moto;0;0;0;1;0;0;0;0;0;0;1;1;0;0;0
29/11/2017;12:51:00;217;Acidente com Vítima;299,95;BR-040/MG;Sul;Queda de Carga;0;0;1;0;0;0;0;0;0;0;1;1;0;0;0
29/11/2017;11:58:00;201;Acidente sem Vítima;510;BR-040/MG;Norte;Colisão traseira;2;0;0;0;0;0;0;0;0;0;2;0;0;0;0
29/11/2017;08:47:00;142;Acidente com Vítima;11,8;BR-040/MG;Norte;Abalroamento longitudinal;1;0;1;0;0;0;0;0;0;0;2;0;0;0;0
29/11/2017;04:30:00;87;Acidente sem Vítima;435;BR-040/MG;Sul;Colisão traseira;0;0;1;0;1;0;0;0;0;0;22;0;0;0;0
29/11/2017;00:44:00;42;Acidente sem Vítima;729,956;BR-040/MG;Norte;Choque em barreira New Jersey;0;0;1;0;0;0;0;0;0;0;1;0;0;0;0
28/11/2017;22:53:00;432;Acidente sem Vítima;643,364;BR-040/MG;Sul;Atropelamento de animal;1;0;0;0;0;0;0;0;0;0;2;0;0;0;0
28/11/2017;21:30:00;439;Acidente sem Vítima;552,1;BR-040/MG;Norte;Queda de Moto;0;0;0;1;0;0;0;0;0;0;1;0;0;0;0
28/11/2017;21:28:00;420;Acidente sem Vítima;552;BR-040/MG;Norte;Choque com objeto fixo;2;0;0;0;0;0;0;0;0;0;3;0;0;0;0
28/11/2017;18:43:00;359;Acidente sem Vítima;6,8;BR-040/GO;Sul;Choque com objeto fixo;1;0;0;0;0;0;0;0;0;0;1;0;0;0;0
28/11/2017;17:36:00;337;Acidente sem Vítima;558,1;BR-040/MG;Sul;Choque com objeto fixo;1;0;0;0;0;0;0;0;0;0;2;0;0;0;0
28/11/2017;14:23:00;284;Acidente sem Vítima;545,15;BR-040/MG;Sul;Choque com objeto fixo;1;0;0;0;0;0;0;0;0;0;1;0;0;0;0
28/11/2017;14:21:00;285;Acidente com Morte;661,1;BR-040/MG;Sul;Colisão frontal;1;0;2;0;0;0;0;0;0;0;2;0;1;1;4
28/11/2017;08:23:00;143;Acidente sem Vítima;1,3;BR-040/GO;Norte;Abalroamento longitudinal;1;0;0;1;0;0;0;0;0;0;2;0;0;0;0
28/11/2017;08:22:00;141;Acidente com Vítima;143,9;BR-040/GO;Norte;Queda de Moto;0;0;0;1;0;0;0;0;0;0;0;0;1;0;0
28/11/2017;08:20:00;140;Acidente sem Vítima;534;BR-040/MG;Sul;Abalroamento longitudinal;1;0;1;0;0;0;0;0;0;0;2;0;0;0;0
28/11/2017;05:25:00;97;Atropelamento sem Morte;500,1;BR-040/MG;Norte;Atropelamento de pedestre atravessando;0;0;0;0;0;0;0;0;0;0;0;0;1;0;0
28/11/2017;04:00:00;86;Acidente sem Vítima;513,854;BR-040/MG;Sul;Capotamento;1;0;0;0;0;0;0;0;0;0;1;0;0;0;0
27/11/2017;23:27:00;397;Acidente sem Vítima;29,98;BR-040/GO;Norte;Choque com objeto fixo;1;0;0;0;0;0;0;0;0;0;2;0;0;0;0
27/11/2017;23:23:00;395;Acidente sem Vítima;544,78;BR-040/MG;Sul;Capotamento;1;0;0;0;0;0;0;0;0;0;1;0;0;0;0
27/11/2017;23:16:00;392;Acidente com Vítima;16,4;BR-040/GO;Sul;Colisão traseira;1;0;0;1;0;0;0;0;0;0;2;3;0;0;0
27/11/2017;23:01:00;385;Acidente com Vítima;749,5;BR-040/MG;Sul;Colisão frontal;1;0;1;0;0;0;0;0;0;0;1;3;0;0;0
27/11/2017;22:41:00;390;Acidente sem Vítima;470,01;BR-040/MG;Norte;Colisão traseira;1;0;0;1;0;0;0;0;0;0;4;0;0;0;0
27/11/2017;22:24:00;374;Acidente com Vítima;470;BR-040/MG;Norte;Queda de Moto;0;0;0;1;0;0;0;0;0;0;0;1;0;0;0
27/11/2017;17:35:00;291;Acidente sem Vítima;525,7;BR-040/MG;Norte;Colisão traseira;3;0;0;1;0;0;0;0;0;0;9;0;0;0;0
27/11/2017;16:53:00;280;Acidente com Vítima;333,8;BR-040/MG;Sul;Abalroamento longitudinal;2;0;0;0;0;0;0;0;0;0;0;4;0;1;0
27/11/2017;16:32:00;276;Acidente com Vítima;561,1;BR-040/MG;Sul;Queda de Carga;0;0;1;0;0;0;0;0;0;0;0;0;1;0;0
27/11/2017;15:23:00;260;Acidente sem Vítima;728,2;BR-040/MG;Norte;Choque com objeto fixo;1;0;0;0;0;0;0;0;0;0;1;0;0;0;0
27/11/2017;13:53:00;236;Acidente sem Vítima;749,8;BR-040/MG;Sul;Choque com objeto fixo;1;0;0;0;0;0;0;0;0;0;1;0;0;0;0
27/11/2017;12:59:00;229;Acidente com Morte;130,104;BR-040/GO;Sul;Choque com objeto fixo;1;0;0;0;0;0;0;0;0;0;0;0;1;3;1
27/11/2017;11:04:00;204;Acidente sem Vítima;4,7;BR-040/GO;Sul;Abalroamento longitudinal;1;0;1;0;0;0;0;0;0;0;2;0;0;0;0
27/11/2017;10:46:00;198;Acidente sem Vítima;609,4;BR-040/MG;Sul;Abalroamento longitudinal;2;0;1;0;0;0;0;0;0;0;3;0;0;0;0
27/11/2017;08:53:00;169;Acidente sem Vítima;541,1;BR-040/MG;Sul;Colisão traseira;2;0;0;0;0;0;0;0;0;0;2;0;0;0;0
27/11/2017;07:55:00;140;Acidente sem Vítima;515,1;BR-040/MG;Sul;Colisão traseira;2;0;0;0;1;0;0;0;0;0;3;0;0;0;0
27/11/2017;07:24:00;131;Acidente sem Vítima;1,1;BR-040/GO;Sul;Choque com objeto fixo;1;0;0;0;0;0;0;0;0;0;1;0;0;0;0
27/11/2017;06:22:00;108;Acidente sem Vítima;528,6;BR-040/MG;Sul;Colisão traseira;1;0;2;0;0;0;0;0;0;0;3;0;0;0;0
27/11/2017;06:19:00;107;Acidente sem Vítima;459,1;BR-040/MG;Sul;Queda de Carga;0;0;1;0;0;0;0;0;0;0;2;0;0;0;0
27/11/2017;05:23:00;101;Atropelamento sem Morte;1,1;BR-040/GO;Sul;Atropelamento em abrigo de ônibus;2;0;0;0;0;0;0;0;0;0;2;2;0;0;0
27/11/2017;02:06:00;40;Acidente sem Vítima;709,129;BR-040/MG;Norte;Choque em barreira New Jersey;0;0;1;0;0;0;0;0;0;0;1;0;0;0;0
27/11/2017;00:21:00;4;Acidente sem Vítima;97,5;BR-040/GO;Norte;Choque com objeto fixo;1;0;0;0;0;0;0;0;0;0;1;0;0;0;0
26/11/2017;23:38:00;373;Acidente com Vítima;699,2;BR-040/MG;Sul;Atropelamento de animal;1;0;0;0;0;0;0;0;0;0;0;0;1;0;0
26/11/2017;20:22:00;308;Acidente sem Vítima;505,5;BR-040/MG;Sul;Capotamento;1;0;0;0;0;0;0;0;0;0;4;0;0;0;0
26/11/2017;20:11:00;303;Atropelamento sem Morte;136,01;BR-040/MG;Sul;Atropelamento de ciclista;1;1;0;0;0;0;0;0;0;0;2;0;0;0;0
26/11/2017;18:21:00;266;Acidente sem Vítima;5,4;BR-040/GO;Sul;Abalroamento longitudinal;2;0;0;0;0;0;0;0;0;0;5;0;0;0;0
26/11/2017;17:45:00;259;Acidente sem Vítima;512,1;BR-040/MG;Norte;Capotamento;1;0;0;0;0;0;0;0;0;0;1;0;0;0;0
26/11/2017;17:22:00;254;Acidente sem Vítima;562,1;BR-040/MG;Sul;Choque em barreira New Jersey;1;0;0;0;0;0;0;0;0;0;4;0;0;0;0
26/11/2017;16:12:00;236;Acidente sem Vítima;441,7;BR-040/MG;Norte;Choque com objeto fixo;1;0;0;0;0;0;0;0;0;0;1;0;0;0;0
26/11/2017;14:43:00;206;Acidente com Vítima;747,2;BR-040/MG;Norte;Abalroamento transversal;1;0;0;1;0;0;0;0;0;0;1;0;0;1;0
26/11/2017;09:50:00;124;Acidente sem Vítima;697,1;BR-040/MG;Norte;Choque com objeto fixo;1;0;0;0;0;0;0;0;0;0;1;0;0;0;0
26/11/2017;09:34:00;117;Acidente sem Vítima;726,71;BR-040/MG;Sul;Choque com objeto fixo;1;0;0;0;0;0;0;0;0;0;2;0;0;0;0
26/11/2017;04:27:00;40;Acidente sem Vítima;552,092;BR-040/MG;Sul;Abalroamento longitudinal;2;0;0;0;0;0;0;0;0;0;2;0;0;0;0
26/11/2017;02:55:00;25;Acidente sem Vítima;12,5;BR-040/GO;Norte;Colisão traseira;1;0;0;0;0;1;0;0;0;0;5;0;0;0;0
26/11/2017;01:54:00;20;Acidente sem Vítima;730;BR-040/MG;Sul;Choque com objeto fixo;1;0;0;0;0;0;0;0;0;0;1;0;0;0;0
25/11/2017;23:47:00;354;Acidente sem Vítima;2,5;BR-040/GO;Norte;Colisão traseira;2;0;0;0;0;0;0;0;0;0;2;0;0;0;0
25/11/2017;23:13:00;348;Acidente com Vítima;2,5;BR-040/DF;Sul;Colisão traseira;1;0;0;1;0;0;0;0;0;0;1;1;0;0;0
25/11/2017;22:32:00;340;Acidente sem Vítima;416,015;BR-040/MG;Norte;Colisão frontal;2;0;0;0;0;0;0;0;0;0;2;0;0;0;0
25/11/2017;18:54:00;274;Acidente sem Vítima;638,6;BR-040/MG;Sul;Capotamento;1;0;0;0;0;0;0;0;0;0;1;0;0;0;0
25/11/2017;18:24:00;260;Acidente com Vítima;511,242;BR-040/MG;Norte;Colisão traseira;1;0;1;0;0;0;0;0;0;0;1;0;1;0;0
25/11/2017;16:42:00;231;Acidente sem Vítima;563;BR-040/MG;Sul;Choque com objeto fixo;1;0;0;0;0;0;0;0;0;0;3;0;0;0;0
25/11/2017;13:26:00;179;Acidente com Vítima;407;BR-040/MG;Sul;Colisão frontal;1;0;1;0;0;0;0;0;0;0;1;0;1;0;0
25/11/2017;13:12:00;172;Acidente com Vítima;741,8;BR-040/MG;Norte;Abalroamento transversal;2;0;0;0;0;0;0;0;0;0;2;2;0;0;0
25/11/2017;11:12:00;157;Acidente com Vítima;2;BR-040/GO;Sul;Colisão traseira;1;0;0;1;0;0;0;0;0;0;2;1;0;0;0
25/11/2017;05:12:00;62;Acidente com Vítima;525,498;BR-040/MG;Sul;Queda de Moto;0;0;0;1;0;0;0;0;0;0;1;1;0;0;0
24/11/2017;23:37:00;456;Acidente sem Vítima;332;BR-040/MG;Norte;Choque com objeto fixo;1;0;0;0;0;0;0;0;0;0;1;0;0;0;0
24/11/2017;22:58:00;446;Atropelamento com Morte;433,2;BR-040/MG;Norte;Atropelamento de pedestre caminhando;1;0;0;0;0;0;0;0;0;0;1;0;0;0;1
24/11/2017;21:03:00;419;Acidente sem Vítima;486,001;BR-040/MG;Sul;Choque em defensa;0;0;0;0;0;0;0;0;0;1;3;0;0;0;0
24/11/2017;20:44:00;409;Acidente sem Vítima;0,4;BR-040/GO;Sul;Colisão traseira;2;0;0;0;0;0;0;0;0;0;5;0;0;0;0
24/11/2017;18:44:00;356;Acidente sem Vítima;618,9;BR-040/MG;Sul;Colisão traseira;3;0;0;0;0;0;0;0;0;0;4;0;0;0;0
24/11/2017;17:16:00;333;Acidente sem Vítima;159,2;BR-040/MG;Sul;Choque em veículo parado na pista;1;0;0;0;0;0;0;0;0;0;1;0;0;0;0
24/11/2017;17:14:00;332;Acidente com Vítima;2,4;BR-040/MG;Sul;Abalroamento longitudinal;0;0;0;1;0;1;0;0;0;0;1;1;0;0;0
24/11/2017;12:57:00;247;Acidente sem Vítima;280,2;BR-040/MG;Sul;Capotamento;0;0;0;1;0;0;0;0;0;0;1;0;0;0;0
24/11/2017;08:40:00;155;Acidente sem Vítima;3,2;BR-040/GO;Norte;Colisão traseira;3;0;0;0;0;0;0;0;0;0;5;0;0;0;0
24/11/2017;07:24:00;126;Acidente sem Vítima;699,35;BR-040/MG;Sul;Abalroamento longitudinal;1;0;1;0;0;0;0;0;0;0;2;0;0;0;0
24/11/2017;02:12:00;74;Acidente com Vítima;485,85;BR-040/MG;Norte;Queda de Moto;0;0;0;1;0;0;0;0;0;0;0;0;1;0;0
23/11/2017;22:27:00;460;Acidente sem Vítima;715,54;BR-040/MG;Norte;Choque em barreira New Jersey;1;0;0;0;0;0;0;0;0;0;1;0;0;0;0
23/11/2017;21:06:00;437;Acidente sem Vítima;764,01;BR-040/MG;Sul;Queda de Carga;0;0;1;0;0;0;0;0;0;0;1;0;0;0;0
23/11/2017;20:38:00;428;Acidente com Morte;727,58;BR-040/MG;Norte;Colisão traseira;0;0;2;0;0;0;0;0;0;0;1;0;0;0;1
23/11/2017;20:06:00;415;Acidente com Vítima;500,113;BR-040/MG;Sul;Choque com objeto fixo;1;0;0;0;0;0;0;0;0;0;1;1;0;0;0
23/11/2017;19:50:00;409;Acidente sem Vítima;584,99;BR-040/MG;Norte;Choque com objeto fixo;1;0;0;0;0;0;0;0;0;0;1;0;0;0;0
23/11/2017;17:59:00;367;Acidente sem Vítima;447,1;BR-040/MG;Norte;Queda de Moto;0;0;0;1;0;0;0;0;0;0;1;0;0;0;0
23/11/2017;17:36:00;357;Acidente com Vítima;8,8;BR-040/GO;Norte;Queda de Moto;0;0;0;1;0;0;0;0;0;0;0;1;0;0;0
23/11/2017;16:09:00;344;Acidente com Vítima;142,5;BR-040/GO;Sul;Choque com objeto fixo;1;0;0;0;0;0;0;0;0;0;0;1;0;0;0
23/11/2017;14:55:00;313;Acidente sem Vítima;716;BR-040/MG;Norte;Choque em defensa;1;0;0;0;0;0;0;0;0;0;1;0;0;0;0
23/11/2017;14:54:00;312;Acidente sem Vítima;500;BR-040/MG;Norte;Colisão traseira;1;0;2;0;0;0;0;0;0;0;3;0;0;0;0
23/11/2017;11:33:00;244;Acidente sem Vítima;525,36;BR-040/MG;Norte;Colisão traseira;0;0;2;0;0;0;0;0;0;0;3;0;0;0;0
23/11/2017;10:57:00;232;Acidente sem Vítima;552,8;BR-040/MG;Sul;Choque em barreira New Jersey;1;0;0;0;0;0;0;0;0;0;2;0;0;0;0
23/11/2017;09:21:00;195;Acidente sem Vítima;512,8;BR-040/MG;Sul;Colisão traseira;2;0;0;0;0;0;0;0;0;0;2;0;0;0;0
23/11/2017;08:52:00;187;Acidente sem Vítima;707,808;BR-040/MG;Sul;Choque com objeto fixo;1;0;0;0;0;0;0;0;0;0;1;0;0;0;0
23/11/2017;08:35:00;178;Acidente sem Vítima;476,377;BR-040/MG;Norte;Colisão traseira;0;0;1;0;0;1;0;0;0;0;3;0;0;0;0
23/11/2017;07:55:00;153;Acidente sem Vítima;517;BR-040/MG;Norte;Colisão traseira;1;0;0;0;1;0;0;0;0;0;11;0;0;0;0
23/11/2017;05:43:00;110;Acidente sem Vítima;439,03;BR-040/MG;Norte;Choque com objeto fixo;1;0;0;0;0;0;0;0;0;0;1;0;0;0;0
23/11/2017;00:09:00;4;Acidente sem Vítima;2,4;BR-040/GO;Sul;Abalroamento longitudinal;2;0;0;0;0;0;0;0;0;0;3;0;0;0;0
22/11/2017;22:25:00;408;Acidente com Vítima;511,7;BR-040/MG;Norte;Colisão traseira;0;0;0;1;0;1;0;0;0;0;1;0;1;0;0
22/11/2017;20:45:00;383;Acidente sem Vítima;14,8;BR-040/MG;Sul;Colisão traseira;1;0;1;0;0;0;0;0;0;0;2;0;0;0;0
22/11/2017;19:58:00;369;Acidente com Vítima;531,19;BR-040/MG;Sul;Colisão traseira;2;0;0;0;1;0;0;0;0;0;2;0;1;0;0
22/11/2017;17:10:00;308;Acidente sem Vítima;2,1;BR-040/GO;Sul;Abalroamento longitudinal;1;0;1;0;0;0;0;0;0;0;2;0;0;0;0
22/11/2017;16:24:00;296;Acidente sem Vítima;531,09;BR-040/MG;Sul;Queda de Carga;1;0;0;0;0;0;0;0;0;0;1;0;0;0;0
22/11/2017;16:16:00;292;Acidente com Vítima;96,1;BR-040/GO;Sul;Queda de Moto;0;0;0;1;0;0;0;0;0;0;0;0;1;0;0
22/11/2017;14:41:00;264;Acidente sem Vítima;260,1;BR-040/MG;Sul;Outros;1;0;0;0;0;0;0;0;0;0;1;0;0;0;0
22/11/2017;11:47:00;228;Acidente sem Vítima;553,5;BR-040/MG;Sul;Abalroamento longitudinal;1;0;1;0;0;0;0;0;0;0;5;0;0;0;0
22/11/2017;11:18:00;220;Acidente sem Vítima;547,498;BR-040/MG;Sul;Choque com objeto fixo;1;0;0;0;0;0;0;0;0;0;1;0;0;0;0