data;horario;n_da_ocorrencia;tipo_de_ocorrencia;km;trecho;sentido;tipo_de_acidente;automovel;bicicleta;caminhao;moto;onibus;outros;tracao_animal;transporte_de_cargas_especiais;trator_maquinas;utilitarios;ilesos;levemente_feridos;moderadamente_feridos;gravemente_feridos;mortos
22/11/2017;11:16:00;219;Acidente com Vítima;450,406;BR-040/MG;Sul;Choque com objeto fixo;0;0;0;0;0;0;0;0;0;1;0;0;1;0;0
22/11/2017;07:54:00;144;Acidente sem Vítima;520,211;BR-040/MG;Norte;Colisão traseira;2;0;0;0;0;0;0;0;0;0;3;0;0;0;0
22/11/2017;06:03:00;107;Acidente com Vítima;41,1;BR-040/GO;Sul;Queda de Moto;0;1;0;0;0;0;0;0;0;0;0;0;1;0;0
22/11/2017;02:59:00;94;Acidente sem Vítima;512,8;BR-040/MG;Sul;Choque com objeto fixo;1;0;0;0;0;0;0;0;0;0;2;0;0;0;0
21/11/2017;18:07:00;343;Acidente sem Vítima;523,3;BR-040/MG;Norte;Colisão traseira;1;0;0;0;0;1;0;0;0;0;3;0;0;0;0
21/11/2017;15:55:00;311;Acidente sem Vítima;548,15;BR-040/MG;Sul;Outros;0;0;1;2;0;0;0;0;0;0;3;0;0;0;0
21/11/2017;15:32:00;304;Acidente sem Vítima;730,68;BR-040/MG;Sul;Choque em barreira New Jersey;1;0;0;0;0;0;0;0;0;0;1;0;0;0;0
21/11/2017;15:05:00;297;Acidente sem Vítima;717,58;BR-040/MG;Norte;Choque em barreira New Jersey;1;0;0;0;0;0;0;0;0;0;1;0;0;0;0
21/11/2017;14:42:00;290;Acidente sem Vítima;717,57;BR-040/MG;Sul;Capotamento;2;0;0;0;0;0;0;0;0;0;2;0;0;0;0
21/11/2017;14:17:00;281;Acidente sem Vítima;524;BR-040/MG;Sul;Colisão traseira;2;0;0;0;0;0;0;0;0;0;3;0;0;0;0
21/11/2017;13:45:00;268;Acidente sem Vítima;527,5;BR-040/MG;Sul;Choque em defensa;1;0;0;0;0;0;0;0;0;0;1;0;0;0;0
21/11/2017;10:31:00;214;Acidente sem Vítima;299;BR-040/MG;Sul;Choque com objeto fixo;1;0;0;0;0;0;0;0;0;0;1;0;0;0;0
21/11/2017;09:48:00;198;Acidente sem Vítima;458,15;BR-040/MG;Sul;Choque com objeto fixo;1;0;0;0;0;0;0;0;0;0;2;0;0;0;0
21/11/2017;08:54:00;173;Acidente sem Vítima;526,2;BR-040/MG;Norte;Queda de Moto;0;0;0;1;0;0;0;0;0;0;1;0;0;0;0
21/11/2017;08:37:00;165;Acidente com Vítima;741,04;BR-040/MG;Norte;Capotamento;1;0;0;0;0;0;0;0;0;0;0;1;0;0;0
21/11/2017;08:24:00;160;Acidente sem Vítima;521,15;BR-040/MG;Sul;Colisão traseira;2;0;0;0;0;0;0;0;0;0;3;0;0;0;0
21/11/2017;00:44:00;10;Acidente sem Vítima;487,1;BR-040/MG;Norte;Choque com objeto fixo;0;0;1;0;0;0;0;0;0;0;1;0;0;0;0
21/11/2017;00:16:00;3;Acidente com Vítima;565,4;BR-040/MG;Norte;Colisão traseira;1;0;1;0;0;0;0;0;0;0;1;0;1;0;0
20/11/2017;23:27:00;446;Acidente com Vítima;14,8;BR-040/GO;Norte;Atropelamento de animal;0;0;0;1;0;0;0;0;0;0;0;0;1;0;0
20/11/2017;20:23:00;413;Acidente com Morte;565,2;BR-040/MG;Norte;Queda de Carga;0;0;0;0;1;0;0;0;0;0;10;6;3;0;1
20/11/2017;18:38:00;375;Acidente com Vítima;467,4;BR-040/MG;Sul;Choque com objeto fixo;1;0;0;0;0;0;0;0;0;0;3;0;2;0;0
20/11/2017;17:27:00;351;Acidente sem Vítima;523,5;BR-040/MG;Norte;Abalroamento longitudinal;1;0;0;1;0;0;0;0;0;0;3;0;0;0;0
20/11/2017;17:05:00;341;Acidente com Morte;735,05;BR-040/MG;Sul;Colisão frontal;1;0;1;0;0;0;0;0;0;0;1;0;0;0;1
20/11/2017;16:07:00;318;Acidente com Vítima;711,56;BR-040/MG;Sul;Choque em barreira New Jersey;1;0;0;0;0;0;0;0;0;0;0;1;0;0;0
20/11/2017;15:54:00;313;Acidente sem Vítima;755,37;BR-040/MG;Sul;Choque com objeto fixo;1;0;0;0;0;0;0;0;0;0;5;0;0;0;0
20/11/2017;15:17:00;298;Acidente sem Vítima;705,1;BR-040/MG;Norte;Capotamento;1;0;0;0;0;0;0;0;0;0;1;0;0;0;0
20/11/2017;13:02:00;255;Acidente sem Vítima;717,2;BR-040/MG;Norte;Choque em defensa;1;0;0;0;0;0;0;0;0;0;1;0;0;0;0
20/11/2017;12:44:00;249;Acidente sem Vítima;718,8;BR-040/MG;Sul;Choque em barreira New Jersey;1;0;0;0;0;0;0;0;0;0;1;0;0;0;0
20/11/2017;12:27:00;244;Acidente com Vítima;545,624;BR-040/MG;Norte;Abalroamento longitudinal;1;0;1;0;0;0;0;0;0;0;1;1;1;0;0
20/11/2017;10:32:00;206;Acidente sem Vítima;686,02;BR-040/MG;Sul;Abalroamento longitudinal;2;0;0;0;0;0;0;0;0;0;2;0;0;0;0
20/11/2017;10:17:00;201;Acidente sem Vítima;532,12;BR-040/MG;Sul;Colisão traseira;2;0;0;0;0;0;0;0;0;0;2;0;0;0;0
20/11/2017;10:01:00;191;Acidente sem Vítima;749,4;BR-040/MG;Sul;Choque com objeto fixo;1;0;0;0;0;0;0;0;0;0;1;0;0;0;0
20/11/2017;09:20:00;174;Acidente sem Vítima;730,85;BR-040/MG;Norte;Choque com objeto fixo;1;0;0;0;0;0;0;0;0;0;3;0;0;0;0
20/11/2017;09:06:00;165;Acidente sem Vítima;730,25;BR-040/MG;Sul;Choque com objeto fixo;1;0;0;0;0;0;0;0;0;0;1;0;0;0;0
20/11/2017;08:56:00;162;Acidente sem Vítima;747,04;BR-040/MG;Norte;Choque com objeto fixo;1;0;0;0;0;0;0;0;0;0;1;0;0;0;0
20/11/2017;08:28:00;153;Acidente sem Vítima;771,1;BR-040/MG;Sul;Choque com objeto fixo;1;0;0;0;0;0;0;0;0;0;1;0;0;0;0
20/11/2017;08:11:00;146;Acidente sem Vítima;728,8;BR-040/MG;Sul;Choque em barreira New Jersey;1;0;0;0;0;0;0;0;0;0;1;0;0;0;0
20/11/2017;07:22:00;122;Acidente sem Vítima;638,5;BR-040/MG;Sul;Capotamento;1;0;0;0;0;0;0;0;0;0;2;0;0;0;0
20/11/2017;00:34:00;3;Acidente sem Vítima;559;BR-040/MG;Sul;Choque com objeto fixo;1;0;0;0;0;0;0;0;0;0;1;0;0;0;0
19/11/2017;21:49:00;324;Acidente sem Vítima;285,1;BR-040/MG;Sul;Capotamento;1;0;0;0;0;0;0;0;0;0;2;0;0;0;0
19/11/2017;21:02:00;308;Acidente sem Vítima;635,5;BR-040/MG;Sul;Capotamento;1;0;0;0;0;0;0;0;0;0;1;0;0;0;0
19/11/2017;20:00:00;286;Acidente sem Vítima;615,5;BR-040/MG;Sul;Choque com objeto fixo;1;0;0;0;0;0;0;0;0;0;2;0;0;0;0
19/11/2017;19:16:00;271;Acidente sem Vítima;558,1;BR-040/MG;Sul;Choque com objeto fixo;1;0;0;0;0;0;0;0;0;0;2;0;0;0;0
19/11/2017;18:43:00;247;Acidente sem Vítima;695,1;BR-040/MG;Sul;Choque em defensa;1;0;0;0;0;0;0;0;0;0;1;0;0;0;0
19/11/2017;18:39:00;246;Acidente com Vítima;454,5;BR-040/MG;Sul;Queda de Moto;0;0;0;1;0;0;0;0;0;0;0;2;0;0;0
19/11/2017;18:33:00;244;Acidente com Vítima;737,05;BR-040/MG;Norte;Choque em defensa;1;0;0;0;0;0;0;0;0;0;1;0;0;0;0
19/11/2017;17:54:00;229;Acidente com Vítima;510,188;BR-040/MG;Sul;Colisão traseira;3;0;0;0;0;0;0;0;0;0;2;2;0;0;0
19/11/2017;17:19:00;221;Acidente sem Vítima;656,8;BR-040/MG;Norte;Choque com objeto fixo;1;0;0;0;0;0;0;0;0;0;1;0;0;0;0
19/11/2017;17:13:00;219;Acidente sem Vítima;758,5;BR-040/MG;Norte;Choque com objeto fixo;1;0;0;0;0;0;0;0;0;0;5;0;0;0;0
19/11/2017;17:08:00;218;Acidente sem Vítima;743;BR-040/MG;Norte;Abalroamento longitudinal;2;0;0;0;0;0;0;0;0;0;2;0;0;0;0
19/11/2017;16:59:00;214;Acidente sem Vítima;698;BR-040/MG;Norte;Choque em barreira New Jersey;1;0;0;0;0;0;0;0;0;0;1;0;0;0;0
19/11/2017;16:56:00;213;Acidente sem Vítima;643,15;BR-040/MG;Norte;Capotamento;1;0;0;0;0;0;0;0;0;0;1;0;0;0;0
19/11/2017;15:49:00;195;Acidente sem Vítima;478,5;BR-040/MG;Sul;Queda de Moto;0;0;0;1;0;0;0;0;0;0;1;0;0;0;0
19/11/2017;14:16:00;169;Acidente com Vítima;485,9;BR-040/MG;Sul;Colisão traseira;0;0;0;2;0;0;0;0;0;0;2;2;1;0;0
19/11/2017;14:08:00;166;Acidente sem Vítima;730,1;BR-040/MG;Norte;Choque em barreira New Jersey;1;0;0;0;0;0;0;0;0;0;1;0;0;0;0
19/11/2017;13:48:00;158;Acidente sem Vítima;738,1;BR-040/MG;Norte;Choque em defensa;2;0;0;0;0;0;0;0;0;0;2;0;0;0;0
19/11/2017;13:20:00;152;Acidente sem Vítima;716,02;BR-040/MG;Norte;Capotamento;1;0;0;0;0;0;0;0;0;0;1;0;0;0;0
19/11/2017;12:05:00;134;Acidente com Vítima;739,15;BR-040/MG;Sul;Queda de Moto;0;0;0;1;0;0;0;0;0;0;2;2;0;0;0
19/11/2017;10:01:00;93;Acidente com Vítima;732,3;BR-040/MG;Sul;Choque com objeto fixo;1;0;0;0;0;0;0;0;0;0;1;1;0;0;0
19/11/2017;09:59:00;92;Acidente com Vítima;7,5;BR-040/GO;Sul;Queda de Moto;0;0;0;1;0;0;0;0;0;0;0;1;0;0;0
19/11/2017;09:17:00;86;Acidente sem Vítima;593;BR-040/MG;Norte;Choque com objeto fixo;0;0;1;0;0;0;0;0;0;0;4;0;0;0;0
19/11/2017;07:43:00;71;Acidente sem Vítima;549,1;BR-040/MG;Sul;Queda de Carga;0;0;0;0;0;0;0;0;0;1;1;0;0;0;0
19/11/2017;07:41:00;70;Acidente sem Vítima;771,65;BR-040/MG;Norte;Capotamento;1;0;0;0;0;0;0;0;0;0;2;0;0;0;0
19/11/2017;07:40:00;68;Acidente sem Vítima;512,2;BR-040/MG;Norte;Outros;1;0;0;0;0;0;0;0;0;0;1;0;0;0;0
19/11/2017;07:26:00;65;Acidente sem Vítima;661,1;BR-040/MG;Sul;Choque em defensa;1;0;0;0;0;0;0;0;0;0;1;0;0;0;0
19/11/2017;05:48:00;44;Acidente com Vítima;11,3;BR-040/GO;Sul;Choque com objeto fixo;1;0;0;0;0;0;0;0;0;0;0;0;0;0;0
19/11/2017;05:45:00;43;Acidente com Vítima;5,6;BR-040/DF;Sul;Capotamento;1;0;0;0;0;0;0;0;0;0;0;1;0;0;0
19/11/2017;03:50:00;35;Acidente com Vítima;545;BR-040/MG;Sul;Queda de Moto;0;0;0;1;0;0;0;0;0;0;0;1;0;0;0
19/11/2017;00:41:00;11;Acidente sem Vítima;505,5;BR-040/MG;Norte;Choque em defensa;0;0;0;0;1;0;0;0;0;0;41;0;0;0;0
18/11/2017;20:24:00;294;Acidente sem Vítima;567,2;BR-040/MG;Sul;Queda de Moto;0;0;0;1;0;0;0;0;0;0;1;0;0;0;0
18/11/2017;20:09:00;286;Atropelamento sem Morte;19,01;BR-040/GO;Norte;Atropelamento de ciclista;1;0;0;0;0;0;0;0;0;0;5;0;1;0;0
18/11/2017;20:00:00;282;Acidente sem Vítima;723,1;BR-040/MG;Norte;Choque com objeto fixo;1;0;0;0;0;0;0;0;0;0;4;0;0;0;0
18/11/2017;19:27:00;262;Acidente sem Vítima;705,1;BR-040/MG;Norte;Choque com objeto fixo;1;0;0;0;0;0;0;0;0;0;5;0;0;0;0
18/11/2017;19:15:00;256;Acidente sem Vítima;3,6;BR-040/GO;Norte;Choque em barreira New Jersey;2;0;0;0;0;0;0;0;0;0;4;0;0;0;0
18/11/2017;18:21:00;238;Acidente com Vítima;530,8;BR-040/MG;Sul;Queda de Moto;0;0;0;1;0;0;0;0;0;0;0;1;0;0;0
18/11/2017;17:24:00;229;Acidente sem Vítima;460,5;BR-040/MG;Sul;Outros;1;0;0;0;0;0;0;0;0;0;1;0;0;0;0
18/11/2017;15:50:00;201;Acidente com Vítima;556,4;BR-040/MG;Norte;Choque em defensa;1;0;1;0;0;0;0;0;0;0;2;0;1;0;0
18/11/2017;15:14:00;192;Acidente sem Vítima;513,1;BR-040/MG;Sul;Choque com objeto fixo;1;0;0;0;0;0;0;0;0;0;1;0;0;0;0
18/11/2017;14:33:00;176;Acidente sem Vítima;431,5;BR-040/MG;Norte;Choque com objeto fixo;1;0;0;0;0;0;0;0;0;0;1;0;0;0;0
18/11/2017;14:13:00;173;Acidente sem Vítima;479,1;BR-040/MG;Norte;Capotamento;1;0;0;0;0;0;0;0;0;0;1;0;0;0;0
18/11/2017;13:37:00;164;Acidente sem Vítima;565,211;BR-040/MG;Norte;Outros;1;0;0;0;0;0;0;0;0;0;1;0;0;0;0
18/11/2017;12:02:00;142;Acidente com Vítima;5,5;BR-040/GO;Norte;Outros;1;0;0;0;0;0;0;0;0;0;0;1;0;0;0
18/11/2017;10:29:00;123;Acidente sem Vítima;627,15;BR-040/MG;Sul;Colisão traseira;2;0;0;0;0;0;0;0;0;0;2;0;0;0;0
18/11/2017;08:03:00;86;Acidente com Vítima;1,5;BR-040/DF;Sul;Abalroamento longitudinal;2;0;0;0;0;0;0;0;0;0;5;2;0;0;0
18/11/2017;06:03:00;48;Acidente sem Vítima;614,52;BR-040/MG;Sul;Colisão traseira;1;0;1;0;0;0;0;0;0;0;3;0;0;0;0
18/11/2017;05:41:00;47;Acidente sem Vítima;54,5;BR-040/GO;Norte;Colisão traseira;0;0;2;0;0;0;0;0;0;0;2;0;0;0;0
18/11/2017;05:18:00;45;Acidente sem Vítima;505;BR-040/MG;Norte;Colisão traseira;2;0;0;0;0;0;0;0;0;0;2;0;0;0;0
18/11/2017;01:54:00;25;Atropelamento sem Morte;701,058;BR-040/MG;Sul;Atropelamento de pedestre caminhando;0;0;0;0;0;1;0;0;0;0;1;0;1;0;0
17/11/2017;21:12:00;426;Acidente sem Vítima;587,876;BR-040/MG;Norte;Colisão traseira;1;0;1;0;0;0;0;0;0;0;2;0;0;0;0
17/11/2017;21:11:00;425;Acidente com Vítima;530,6;BR-040/MG;Sul;Abalroamento longitudinal;1;0;0;1;0;0;0;0;0;0;1;1;0;0;0
17/11/2017;20:32:00;415;Acidente com Vítima;5,8;BR-040/GO;Sul;Queda de Moto;0;0;0;1;0;0;0;0;0;0;0;0;1;1;0
17/11/2017;20:01:00;405;Acidente sem Vítima;271,1;BR-040/MG;Norte;Abalroamento longitudinal;1;0;0;0;0;1;0;0;0;0;2;0;0;0;0
17/11/2017;19:59:00;402;Acidente com Vítima;510;BR-040/MG;Norte;Colisão traseira;7;0;0;0;0;0;0;0;0;0;11;2;1;0;0
17/11/2017;17:44:00;349;Acidente sem Vítima;526;BR-040/MG;Norte;Colisão traseira;7;0;0;0;0;0;0;0;0;0;7;0;0;0;0
17/11/2017;17:32:00;346;Acidente com Vítima;536;BR-040/MG;Norte;Abalroamento longitudinal;1;0;0;1;0;0;0;0;0;0;2;0;0;1;0
17/11/2017;16:55:00;334;Acidente sem Vítima;3,5;BR-040/GO;Sul;Queda de Moto;0;0;0;1;0;0;0;0;0;0;1;0;0;0;0
17/11/2017;14:42:00;290;Acidente sem Vítima;1,8;BR-040/GO;Sul;Abalroamento longitudinal;2;0;1;1;0;0;0;0;0;0;6;0;0;0;0
17/11/2017;12:51:00;254;Acidente com Vítima;2,5;BR-040/GO;Norte;Abalroamento longitudinal;1;0;1;1;0;0;0;0;0;0;3;1;0;0;0
17/11/2017;10:08:00;205;Acidente sem Vítima;542,01;BR-040/MG;Sul;Colisão traseira;4;0;0;0;0;0;0;0;0;0;6;0;0;0;0
17/11/2017;06:57:00;120;Acidente com Vítima;538,1;BR-040/MG;Norte;Abalroamento longitudinal;2;0;0;2;0;0;0;0;0;0;3;0;1;0;0
17/11/2017;05:39:00;104;Acidente sem Vítima;728,96;BR-040/MG;Sul;Abalroamento longitudinal;0;0;0;0;0;2;0;0;0;0;50;0;0;0;0
17/11/2017;02:04:00;75;Acidente sem Vítima;540;BR-040/MG;Sul;Queda de Moto;0;0;0;1;0;0;0;0;0;0;1;0;0;0;0
17/11/2017;00:34:00;19;Acidente sem Vítima;728,96;BR-040/MG;Sul;Colisão traseira;0;0;2;0;0;0;0;0;0;0;51;0;0;0;0
16/11/2017;21:26:00;376;Acidente com Vítima;1,3;BR-040/GO;Norte;Abalroamento transversal;2;0;0;0;0;0;0;0;0;0;6;0;5;0;0
16/11/2017;21:03:00;370;Acidente sem Vítima;308,1;BR-040/MG;Norte;Capotamento;1;0;0;0;0;0;0;0;0;0;1;0;0;0;0
16/11/2017;17:35:00;299;Acidente com Vítima;545,4;BR-040/MG;Sul;Queda de Carga;0;0;1;0;0;0;0;0;0;0;1;0;1;0;0
16/11/2017;17:29:00;297;Acidente sem Vítima;606;BR-040/MG;Sul;Colisão traseira;0;0;0;1;0;1;0;0;0;0;2;0;0;0;0
16/11/2017;17:23:00;295;Acidente sem Vítima;535,6;BR-040/MG;Norte;Colisão traseira;2;0;1;0;0;0;0;0;0;0;3;0;0;0;0
16/11/2017;16:39:00;284;Acidente com Vítima;558,4;BR-040/MG;Sul;Capotamento;1;0;1;0;0;0;0;0;0;0;0;0;2;0;0
16/11/2017;16:06:00;276;Acidente com Morte;73,08;BR-040/MG;Norte;Choque em veículo parado na pista;2;0;2;0;0;0;0;0;0;0;3;0;0;0;2
16/11/2017;12:21:00;218;Acidente com Vítima;700;BR-040/MG;Norte;Choque em barreira New Jersey;3;0;0;0;0;0;0;0;0;0;2;1;0;0;0
16/11/2017;11:48:00;207;Acidente sem Vítima;510,2;BR-040/MG;Norte;Abalroamento longitudinal;1;0;1;0;0;0;0;0;0;0;2;0;0;0;0
16/11/2017;11:35:00;198;Acidente sem Vítima;12,4;BR-040/GO;Sul;Outros;2;0;0;0;0;0;0;0;0;0;2;0;0;0;0
16/11/2017;10:02:00;170;Acidente com Vítima;526,9;BR-040/MG;Norte;Abalroamento longitudinal;0;0;1;1;0;0;0;0;0;0;1;1;0;0;0
16/11/2017;09:57:00;168;Acidente com Vítima;144,3;BR-040/GO;Norte;Capotamento;1;0;0;0;0;0;0;0;0;0;0;3;1;0;0
16/11/2017;09:00:00;156;Acidente sem Vítima;621,5;BR-040/MG;Sul;Colisão traseira;2;0;0;0;0;0;0;0;0;0;2;0;0;0;0
16/11/2017;08:09:00;130;Acidente com Vítima;531,12;BR-040/MG;Sul;Colisão traseira;1;0;0;1;0;0;0;0;0;0;1;1;0;0;0
16/11/2017;07:53:00;125;Acidente com Morte;519,95;BR-040/MG;Sul;Queda de Moto;1;0;1;2;0;0;0;0;0;0;2;0;1;0;3
16/11/2017;07:31:00;118;Acidente sem Vítima;521,4;BR-040/MG;Norte;Queda de Moto;0;0;0;1;0;0;0;0;0;0;1;0;0;0;0
15/11/2017;20:10:00;216;Acidente sem Vítima;672,2;BR-040/MG;Norte;Colisão traseira;1;0;0;0;0;1;0;0;0;0;2;0;0;0;0
15/11/2017;19:49:00;212;Acidente sem Vítima;538,14;BR-040/MG;Norte;Colisão traseira;1;0;1;0;0;0;0;0;0;0;4;0;0;0;0
15/11/2017;09:41:00;75;Acidente sem Vítima;525,05;BR-040/MG;Norte;Colisão traseira;4;0;0;0;0;0;0;0;0;0;4;0;0;0;0
15/11/2017;07:15:00;40;Acidente com Vítima;565,19;BR-040/MG;Sul;Choque com objeto fixo;1;0;0;0;0;0;0;0;0;0;0;1;0;0;0
14/11/2017;22:54:00;381;Acidente com Morte;141,3;BR-040/MG;Norte;Abalroamento transversal;1;0;1;0;0;0;0;0;0;0;1;0;1;0;1
14/11/2017;21:16:00;361;Atropelamento sem Morte;532,9;BR-040/MG;Norte;Atropelamento de pedestre atravessando;0;0;0;1;0;0;0;0;0;0;1;1;0;0;0
14/11/2017;21:11:00;358;Acidente com Vítima;698,58;BR-040/MG;Norte;Queda de Moto;0;0;0;1;0;0;0;0;0;0;0;0;1;0;0
14/11/2017;20:47:00;351;Acidente sem Vítima;6,7;BR-040/GO;Sul;Abalroamento transversal;2;0;0;0;0;0;0;0;0;0;2;0;0;0;0
14/11/2017;19:49:00;328;Acidente sem Vítima;544,46;BR-040/MG;Sul;Abalroamento longitudinal;1;0;0;0;1;0;0;0;0;0;2;0;0;0;0
14/11/2017;18:02:00;300;Acidente com Vítima;695,166;BR-040/MG;Norte;Queda de Moto;0;0;0;1;0;0;0;0;0;0;1;1;0;0;0
14/11/2017;16:27:00;279;Acidente sem Vítima;569,1;BR-040/MG;Sul;Colisão traseira;2;0;0;0;0;0;0;0;0;1;3;0;0;0;0
14/11/2017;14:17:00;248;Acidente com Morte;14,9;BR-040/GO;Norte;Colisão traseira;0;0;1;1;0;0;0;0;0;0;1;0;1;0;1
14/11/2017;14:17:00;249;Acidente sem Vítima;585,8;BR-040/MG;Sul;Choque com objeto fixo;0;0;0;1;0;0;0;0;0;0;1;0;0;0;0
14/11/2017;12:44:00;227;Acidente com Vítima;576,1;BR-040/MG;Norte;Abalroamento transversal;2;0;0;0;0;0;0;0;0;0;1;1;0;0;0
14/11/2017;12:06:00;216;Acidente sem Vítima;545,617;BR-040/MG;Norte;Abalroamento longitudinal;1;0;1;0;0;0;0;0;0;0;2;0;0;0;0
14/11/2017;11:37:00;211;Acidente com Vítima;567,78;BR-040/MG;Sul;Abalroamento longitudinal;3;0;0;0;0;0;0;0;0;0;2;1;1;0;0
13/11/2017;21:18:00;397;Atropelamento sem Morte;7,8;BR-040/DF;Norte;Atropelamento em abrigo de ônibus;1;0;0;0;0;0;0;0;0;0;1;0;0;1;0
13/11/2017;17:02:00;310;Acidente com Vítima;538;BR-040/MG;Norte;Queda de Moto;0;0;0;1;0;0;0;0;0;0;0;0;1;0;0
13/11/2017;15:18:00;279;Acidente sem Vítima;603,25;BR-040/MG;Norte;Choque com objeto fixo;0;0;1;0;0;0;0;0;0;0;1;0;0;0;0
13/11/2017;14:24:00;264;Acidente com Vítima;533,15;BR-040/MG;Sul;Colisão traseira;1;0;3;0;0;0;0;0;0;0;4;2;0;0;0
13/11/2017;09:47:00;183;Acidente sem Vítima;120,89;BR-040/MG;Norte;Abalroamento longitudinal;1;0;1;0;0;0;0;0;0;0;2;0;0;0;0
13/11/2017;08:19:00;145;Acidente com Vítima;719,9;BR-040/MG;Sul;Abalroamento transversal;1;0;1;0;0;0;0;0;0;0;2;0;1;0;0
13/11/2017;07:11:00;110;Acidente com Vítima;43,5;BR-040/MG;Sul;Abalroamento transversal;0;0;0;2;0;0;0;0;0;0;2;1;0;0;0
13/11/2017;05:21:00;96;Acidente sem Vítima;548,3;BR-040/MG;Sul;Choque com objeto fixo;1;0;0;0;0;0;0;0;0;0;1;0;0;0;0
12/11/2017;21:25:00;288;Acidente sem Vítima;514,8;BR-040/MG;Norte;Queda de Moto;0;0;0;1;0;0;0;0;0;0;2;0;0;0;0
12/11/2017;19:22:00;250;Acidente sem Vítima;517,34;BR-040/MG;Norte;Atropelamento de animal;1;0;0;0;0;0;0;0;0;0;4;0;0;0;0
12/11/2017;17:31:00;224;Acidente sem Vítima;715,5;BR-040/MG;Norte;Queda de Moto;1;0;0;0;0;0;0;0;0;0;3;0;0;0;0
12/11/2017;14:23:00;165;Acidente sem Vítima;532,15;BR-040/MG;Norte;Colisão traseira;5;0;0;0;0;0;0;0;0;0;7;0;0;0;0
12/11/2017;12:40:00;129;Acidente com Vítima;25,3;BR-040/GO;Norte;Queda de Moto;0;0;0;1;0;0;0;0;0;0;0;2;0;0;0
12/11/2017;10:06:00;87;Acidente sem Vítima;751,3;BR-040/MG;Norte;Choque com objeto fixo;1;0;1;0;0;0;0;0;0;0;3;0;0;0;0
12/11/2017;07:28:00;54;Acidente sem Vítima;618,9;BR-040/MG;Norte;Choque com objeto fixo;1;0;0;0;0;0;0;0;0;0;1;0;0;0;0
12/11/2017;06:41:00;48;Acidente sem Vítima;299,015;BR-040/MG;Norte;Capotamento;1;0;0;0;0;0;0;0;0;0;1;0;0;0;0
12/11/2017;06:37:00;46;Acidente com Vítima;7,1;BR-040/DF;Norte;Queda de Moto;0;0;0;1;0;0;0;0;0;0;0;1;0;0;0
12/11/2017;06:16:00;42;Acidente sem Vítima;656;BR-040/MG;Norte;Choque em barreira New Jersey;1;0;0;0;0;0;0;0;0;0;1;0;0;0;0
12/11/2017;06:01:00;39;Acidente sem Vítima;503,5;BR-040/MG;Sul;Colisão traseira;1;0;1;0;0;0;0;0;0;0;4;0;0;0;0
12/11/2017;05:38:00;37;Acidente sem Vítima;510;BR-040/MG;Sul;Capotamento;1;0;0;0;0;0;0;0;0;0;1;0;0;0;0
12/11/2017;04:41:00;28;Acidente com Vítima;545,2;BR-040/MG;Norte;Choque com objeto fixo;1;0;0;0;0;0;0;0;0;0;0;1;0;0;0
12/11/2017;03:44:00;25;Acidente sem Vítima;562,7;BR-040/MG;Norte;Colisão traseira;2;0;0;0;0;0;0;0;0;0;2;0;0;0;0
12/11/2017;03:41:00;23;Acidente sem Vítima;520,5;BR-040/MG;Norte;Choque com objeto fixo;1;0;0;0;0;0;0;0;0;0;3;0;0;0;0
12/11/2017;03:22:00;21;Acidente sem Vítima;562,27;BR-040/MG;Sul;Capotamento;1;0;0;0;0;0;0;0;0;0;1;0;0;0;0
12/11/2017;02:31:00;16;Acidente com Vítima;566,88;BR-040/MG;Norte;Capotamento;1;0;0;0;0;0;0;0;0;0;1;0;1;0;0
12/11/2017;01:01:00;7;Acidente sem Vítima;140,022;BR-040/MG;Norte;Capotamento;1;0;0;0;0;0;0;0;0;0;1;0;0;0;0
11/11/2017;22:32:00;303;Acidente com Vítima;718,227;BR-040/MG;Sul;Colisão frontal;1;0;1;0;0;0;0;0;0;0;2;0;1;0;0
11/11/2017;22:06:00;292;Atropelamento sem Morte;11,8;BR-040/GO;Norte;Atropelamento de pedestre atravessando;1;0;0;0;0;0;0;0;0;0;1;0;0;1;0
11/11/2017;21:55:00;291;Acidente sem Vítima;23,5;BR-040/GO;Norte;Colisão traseira;1;0;0;1;0;0;0;0;0;0;2;0;0;0;0
11/11/2017;19:58:00;258;Acidente com Vítima;484,7;BR-040/MG;Norte;Colisão traseira;1;0;1;1;0;0;0;0;0;0;1;2;0;0;0
11/11/2017;18:53:00;240;Acidente sem Vítima;647,5;BR-040/MG;Norte;Choque com objeto fixo;1;0;0;0;0;0;0;0;0;0;1;0;0;0;0
11/11/2017;18:18:00;227;Acidente sem Vítima;623,8;BR-040/MG;Norte;Capotamento;1;0;0;0;0;0;0;0;0;0;1;0;0;0;0
11/11/2017;17:51:00;222;Acidente sem Vítima;740,5;BR-040/MG;Norte;Choque em defensa;1;0;0;0;0;0;0;0;0;0;2;0;0;0;0
11/11/2017;17:43:00;220;Acidente sem Vítima;749,54;BR-040/MG;Sul;Queda de Carga;1;0;0;0;0;0;0;0;0;0;10;0;0;0;0