data;horario;n_da_ocorrencia;tipo_de_ocorrencia;km;trecho;sentido;tipo_de_acidente;automovel;bicicleta;caminhao;moto;onibus;outros;tracao_animal;transporte_de_cargas_especiais;trator_maquinas;utilitarios;ilesos;levemente_feridos;moderadamente_feridos;gravemente_feridos;mortos
11/11/2017;15:54:00;201;Acidente sem Vítima;309,6;BR-040/MG;Sul;Choque com objeto fixo;1;0;0;0;0;0;0;0;0;0;4;0;0;0;0
11/11/2017;15:21:00;193;Atropelamento sem Morte;1,9;BR-040/GO;Sul;Atropelamento de pedestre atravessando;1;0;0;0;0;0;0;0;0;0;1;1;0;0;0
11/11/2017;14:22:00;181;Acidente sem Vítima;1,5;BR-040/GO;Norte;Outros;0;0;0;0;0;0;0;0;0;0;0;0;0;0;0
11/11/2017;13:22:00;172;Acidente sem Vítima;543,1;BR-040/MG;Norte;Colisão traseira;2;0;0;0;0;0;0;0;0;0;2;0;0;0;0
11/11/2017;12:40:00;163;Acidente sem Vítima;542,1;BR-040/MG;Sul;Colisão traseira;2;0;0;0;0;0;0;0;0;0;2;0;0;0;0
11/11/2017;12:14:00;156;Acidente com Morte;542,1;BR-040/MG;Norte;Choque com objeto fixo;0;0;0;1;0;0;0;0;0;0;0;0;0;0;1
11/11/2017;11:47:00;153;Acidente sem Vítima;726,91;BR-040/MG;Norte;Choque com objeto fixo;1;0;0;0;0;0;0;0;0;0;1;0;0;0;0
11/11/2017;11:38:00;150;Acidente com Vítima;717,63;BR-040/MG;Norte;Choque em barreira New Jersey;1;0;0;0;0;0;0;0;0;0;3;1;0;0;0
11/11/2017;10:51:00;144;Acidente sem Vítima;545,1;BR-040/MG;Sul;Choque com objeto fixo;0;0;1;0;0;0;0;0;0;0;1;0;0;0;0
11/11/2017;10:12:00;136;Acidente sem Vítima;656,36;BR-040/MG;Norte;Choque em barreira New Jersey;1;0;0;0;0;0;0;0;0;0;3;0;0;0;0
11/11/2017;10:09:00;135;Acidente sem Vítima;730,14;BR-040/MG;Norte;Abalroamento transversal;1;0;1;0;0;0;0;0;0;0;3;0;0;0;0
11/11/2017;07:51:00;91;Acidente com Vítima;546,1;BR-040/MG;Sul;Capotamento;1;0;0;0;0;0;0;0;0;0;0;0;1;0;0
11/11/2017;07:47:00;89;Acidente sem Vítima;443,7;BR-040/MG;Sul;Choque com objeto fixo;1;0;0;0;0;0;0;0;0;0;1;0;0;0;0
11/11/2017;07:40:00;85;Acidente sem Vítima;566,1;BR-040/MG;Sul;Outros;3;0;1;1;0;0;0;0;0;0;5;0;0;0;0
11/11/2017;07:36:00;84;Acidente sem Vítima;548,1;BR-040/MG;Sul;Choque com objeto fixo;1;0;0;0;0;0;0;0;0;0;1;0;0;0;0
11/11/2017;07:24:00;79;Acidente sem Vítima;522,2;BR-040/MG;Norte;Abalroamento longitudinal;1;0;1;0;0;0;0;0;0;0;2;0;0;0;0
11/11/2017;07:24:00;80;Acidente sem Vítima;206,2;BR-040/MG;Norte;Capotamento;1;0;0;0;0;0;0;0;0;0;3;0;0;0;0
11/11/2017;06:50:00;72;Acidente sem Vítima;717,58;BR-040/MG;Sul;Choque em barreira New Jersey;1;0;0;0;0;0;0;0;0;0;1;0;0;0;0
11/11/2017;06:35:00;69;Acidente sem Vítima;455,1;BR-040/MG;Sul;Choque com objeto fixo;0;0;1;0;0;0;0;0;0;0;1;0;0;0;0
11/11/2017;05:55:00;67;Acidente sem Vítima;517,9;BR-040/MG;Sul;Choque com objeto fixo;2;0;0;0;0;0;0;0;0;0;2;0;0;0;0
11/11/2017;05:00:00;61;Acidente sem Vítima;695,1;BR-040/MG;Sul;Choque com objeto fixo;1;0;0;0;0;0;0;0;0;0;1;0;0;0;0
11/11/2017;04:49:00;59;Acidente sem Vítima;2,9;BR-040/DF;Sul;Choque com objeto fixo;1;0;0;0;0;0;0;0;0;0;1;0;0;0;0
11/11/2017;04:41:00;57;Acidente com Vítima;118,33;BR-040/MG;Sul;Choque com objeto fixo;1;0;0;0;0;0;0;0;0;0;1;1;0;0;0
11/11/2017;04:06:00;53;Acidente sem Vítima;523,8;BR-040/MG;Norte;Colisão traseira;3;0;0;0;0;0;0;0;0;0;8;0;0;0;0
11/11/2017;03:05:00;42;Acidente sem Vítima;8;BR-040/DF;Sul;Choque com objeto fixo;0;0;0;1;0;0;0;0;0;0;1;0;0;0;0
11/11/2017;02:59:00;41;Acidente sem Vítima;68;BR-040/GO;Norte;Choque em barreira New Jersey;1;0;0;0;0;0;0;0;0;0;1;0;0;0;0
10/11/2017;18:02:00;324;Acidente sem Vítima;707,1;BR-040/MG;Norte;Choque com objeto fixo;1;0;0;0;0;0;0;0;0;0;1;0;0;0;0
10/11/2017;17:57:00;322;Acidente sem Vítima;1,3;BR-040/DF;Sul;Choque com objeto fixo;1;0;0;0;0;0;0;0;0;0;3;0;0;0;0
10/11/2017;17:01:00;304;Atropelamento sem Morte;7;BR-040/DF;Sul;Atropelamento de pedestre atravessando;0;0;0;0;0;0;0;0;0;0;0;1;0;0;0
10/11/2017;16:59:00;302;Acidente sem Vítima;699;BR-040/MG;Sul;Queda de Moto;0;0;0;1;0;0;0;0;0;0;1;0;0;0;0
10/11/2017;16:40:00;294;Acidente sem Vítima;616,12;BR-040/MG;Norte;Colisão traseira;2;0;0;0;0;1;0;0;0;0;3;0;0;0;0
10/11/2017;15:31:00;280;Acidente com Vítima;695,18;BR-040/MG;Sul;Abalroamento longitudinal;2;0;0;0;0;0;0;0;0;0;1;3;0;0;0
10/11/2017;15:00:00;282;Acidente sem Vítima;447,1;BR-040/MG;Sul;Choque com objeto fixo;1;0;0;0;0;0;0;0;0;0;1;0;0;0;0
10/11/2017;14:59:00;270;Atropelamento sem Morte;447,1;BR-040/MG;Sul;Atropelamento de pedestre atravessando;0;0;0;0;0;1;0;0;0;0;1;0;0;1;0
10/11/2017;13:59:00;257;Acidente sem Vítima;3,6;BR-040/GO;Norte;Colisão traseira;0;0;1;0;0;2;0;0;0;0;3;0;0;0;0
10/11/2017;13:23:00;244;Acidente sem Vítima;43,1;BR-040/MG;Norte;Abalroamento longitudinal;2;0;0;0;0;0;0;0;0;0;2;0;0;0;0
10/11/2017;11:50:00;225;Acidente com Vítima;503,9;BR-040/MG;Sul;Queda de Carga;0;0;1;0;0;0;0;0;0;0;0;0;1;0;0
10/11/2017;09:38:00;157;Acidente com Vítima;531,5;BR-040/MG;Sul;Colisão traseira;1;0;0;1;0;0;0;0;0;0;2;0;1;0;0
10/11/2017;08:19:00;130;Acidente com Vítima;3,2;BR-040/DF;Norte;Abalroamento longitudinal;0;0;0;1;0;1;0;0;0;0;1;0;0;0;0
10/11/2017;07:52:00;117;Acidente com Vítima;542,1;BR-040/MG;Norte;Colisão traseira;2;0;0;1;0;0;0;0;0;0;2;0;1;0;0
10/11/2017;06:37:00;75;Acidente sem Vítima;542,8;BR-040/MG;Sul;Colisão traseira;1;0;0;1;0;0;0;0;0;1;3;0;0;0;0
10/11/2017;06:06:00;71;Acidente sem Vítima;48,15;BR-040/MG;Sul;Choque com objeto fixo;1;0;0;0;0;0;0;0;0;0;1;0;0;0;0
10/11/2017;02:57:00;55;Acidente sem Vítima;517,3;BR-040/MG;Sul;Atropelamento de animal;0;0;0;1;0;0;0;0;0;0;1;0;0;0;0
09/11/2017;21:46:00;365;Acidente sem Vítima;4,019;BR-040/GO;Sul;Abalroamento transversal;1;0;0;0;0;1;0;0;0;0;2;0;0;0;0
09/11/2017;19:13:00;318;Acidente com Vítima;23,035;BR-040/GO;Sul;Abalroamento longitudinal;1;0;0;1;0;0;0;0;0;0;3;1;0;0;0
09/11/2017;18:21:00;295;Acidente sem Vítima;58,2;BR-040/GO;Sul;Choque com objeto fixo;1;0;0;0;0;0;0;0;0;0;3;0;0;0;0
09/11/2017;18:01:00;290;Acidente sem Vítima;447,4;BR-040/MG;Sul;Choque com objeto fixo;1;0;0;0;0;0;0;0;0;0;3;0;0;0;0
09/11/2017;17:23:00;282;Acidente com Vítima;549,2;BR-040/MG;Norte;Colisão traseira;1;0;0;0;1;0;0;0;0;0;32;1;0;0;0
09/11/2017;16:47:00;267;Acidente sem Vítima;509,95;BR-040/MG;Sul;Colisão traseira;1;0;1;0;0;0;0;0;0;1;3;0;0;0;0
09/11/2017;16:46:00;266;Acidente sem Vítima;474,63;BR-040/MG;Norte;Capotamento;1;0;0;0;0;0;0;0;0;0;2;0;0;0;0
09/11/2017;16:11:00;251;Acidente sem Vítima;509,1;BR-040/MG;Sul;Queda de Carga;0;0;1;0;0;0;0;0;0;0;1;0;0;0;0
09/11/2017;16:09:00;249;Acidente sem Vítima;4,6;BR-040/DF;Sul;Capotamento;1;0;0;0;0;0;0;0;0;0;1;0;0;0;0
09/11/2017;16:08:00;248;Acidente com Vítima;474,63;BR-040/MG;Norte;Choque com objeto fixo;1;0;0;0;0;0;0;0;0;0;1;1;0;0;0
09/11/2017;13:39:00;209;Acidente sem Vítima;462,2;BR-040/MG;Sul;Queda de Carga;0;0;1;0;0;0;0;0;0;0;1;0;0;0;0
09/11/2017;13:07:00;199;Acidente sem Vítima;453,3;BR-040/MG;Sul;Choque com objeto fixo;1;0;0;0;0;0;0;0;0;0;1;0;0;0;0
09/11/2017;09:41:00;145;Acidente sem Vítima;504;BR-040/MG;Norte;Colisão traseira;2;0;0;0;0;0;0;0;0;0;2;0;0;0;0
09/11/2017;09:39:00;143;Acidente sem Vítima;504,1;BR-040/MG;Sul;Queda de Carga;0;0;1;0;0;0;0;0;0;0;1;0;0;0;0
09/11/2017;08:38:00;129;Acidente sem Vítima;557,01;BR-040/MG;Sul;Queda de Carga;0;0;1;0;0;0;0;0;0;0;2;0;0;0;0
09/11/2017;08:27:00;121;Acidente sem Vítima;503,9;BR-040/MG;Norte;Queda de Carga;0;0;0;0;1;0;0;0;0;0;1;0;0;0;0
09/11/2017;07:38:00;109;Acidente sem Vítima;43,5;BR-040/MG;Norte;Abalroamento transversal;1;0;0;1;0;0;0;0;0;0;2;0;0;0;0
09/11/2017;06:44:00;54;Acidente sem Vítima;549;BR-040/MG;Norte;Choque em barreira New Jersey;1;0;0;0;0;0;0;0;0;0;1;0;0;0;0
09/11/2017;05:32:00;10;Acidente sem Vítima;639,2;BR-040/MG;Sul;Abalroamento longitudinal;1;0;1;0;0;0;0;0;0;0;2;0;0;0;0
09/11/2017;05:26:00;4;Acidente com Vítima;730,15;BR-040/MG;Norte;Queda de Carga;0;0;1;0;0;0;0;0;0;0;0;0;1;1;0
09/11/2017;04:57:00;20;Acidente sem Vítima;320,21;BR-040/MG;Norte;Queda de Carga;1;0;0;0;0;0;0;0;0;0;2;0;0;0;0
09/11/2017;01:52:00;22;Acidente sem Vítima;544,1;BR-040/MG;Sul;Choque com objeto fixo;1;0;0;0;0;0;0;0;0;0;1;0;0;0;0
09/11/2017;01:22:00;17;Acidente sem Vítima;542,5;BR-040/MG;Norte;Choque com objeto fixo;1;0;0;0;0;0;0;0;0;0;1;0;0;0;0
09/11/2017;00:27:00;46;Acidente com Vítima;640,95;BR-040/MG;Sul;Outros;0;0;1;0;0;0;0;0;0;0;0;1;0;0;0
08/11/2017;23:05:00;418;Acidente sem Vítima;652,1;BR-040/MG;Norte;Choque com objeto fixo;1;0;0;0;0;0;0;0;0;0;1;0;0;0;0
08/11/2017;17:18:00;340;Acidente com Vítima;2,26;BR-040/GO;Sul;Queda de Moto;0;0;0;1;0;0;0;0;0;0;0;1;0;0;0
08/11/2017;16:04:00;301;Acidente sem Vítima;547,8;BR-040/MG;Norte;Choque em defensa;0;0;1;0;0;0;0;0;0;0;1;0;0;0;0
08/11/2017;10:13:00;193;Acidente sem Vítima;727,2;BR-040/MG;Sul;Capotamento;1;0;0;0;0;0;0;0;0;0;1;0;0;0;0
08/11/2017;08:54:00;164;Acidente sem Vítima;718,1;BR-040/MG;Norte;Capotamento;1;0;0;0;0;0;0;0;0;0;2;0;0;0;0
08/11/2017;05:49:00;103;Acidente sem Vítima;536,5;BR-040/MG;Norte;Atropelamento de animal;1;0;0;0;0;0;0;0;0;0;15;0;0;0;0
08/11/2017;04:16:00;73;Acidente sem Vítima;31,5;BR-040/GO;Norte;Choque com objeto fixo;1;0;0;0;0;0;0;0;0;0;1;0;0;0;0
08/11/2017;02:45:00;62;Acidente com Vítima;516,5;BR-040/MG;Sul;Atropelamento de animal;1;0;0;0;0;0;0;0;0;0;3;1;0;0;0
08/11/2017;00:05:00;3;Acidente com Vítima;514,5;BR-040/MG;Sul;Capotamento;1;0;0;0;0;0;0;0;0;0;0;1;0;0;0
07/11/2017;23:58:00;400;Acidente com Vítima;700,5;BR-040/MG;Sul;Choque em barreira New Jersey;0;0;0;1;0;0;0;0;0;0;0;1;0;0;0
07/11/2017;23:17:00;394;Acidente sem Vítima;0,1;BR-040/GO;Norte;Choque com objeto fixo;1;0;0;0;0;0;0;0;0;0;1;0;0;0;0
07/11/2017;22:18:00;375;Atropelamento sem Morte;9,36;BR-040/GO;Sul;Atropelamento de pedestre atravessando;1;0;0;0;0;0;0;0;0;0;1;0;1;0;0
07/11/2017;18:16:00;305;Acidente sem Vítima;541,1;BR-040/MG;Norte;Colisão traseira;2;0;0;0;0;0;0;0;0;0;2;0;0;0;0
07/11/2017;17:54:00;298;Atropelamento sem Morte;534,12;BR-040/MG;Sul;Atropelamento de pedestre atravessando;1;0;0;0;0;0;0;0;0;0;2;2;0;0;0
07/11/2017;15:34:00;252;Acidente sem Vítima;7,5;BR-040/GO;Norte;Colisão traseira;2;0;0;0;0;0;0;0;0;0;2;0;0;0;0
07/11/2017;08:51:00;161;Acidente sem Vítima;504,9;BR-040/MG;Sul;Colisão traseira;0;0;1;0;1;0;0;0;0;0;2;0;0;0;0
06/11/2017;22:08:00;331;Acidente com Vítima;508,5;BR-040/MG;Sul;Atropelamento de animal;3;0;2;0;0;0;0;0;0;0;6;1;0;0;0
06/11/2017;18:39:00;282;Acidente sem Vítima;2,1;BR-040/GO;Sul;Colisão traseira;3;0;0;0;0;0;0;0;0;0;3;0;0;0;0
06/11/2017;18:01:00;272;Acidente sem Vítima;555,746;BR-040/MG;Norte;Queda de Moto;0;0;0;1;0;0;0;0;0;0;1;0;0;0;0
06/11/2017;17:55:00;270;Acidente sem Vítima;563,145;BR-040/MG;Sul;Choque com objeto fixo;0;0;1;0;0;0;0;0;0;0;1;0;0;0;0
06/11/2017;16:57:00;257;Acidente sem Vítima;611,5;BR-040/MG;Sul;Colisão traseira;2;0;0;0;0;0;0;0;0;0;2;0;0;0;0
06/11/2017;16:21:00;249;Acidente com Vítima;563,145;BR-040/MG;Sul;Capotamento;1;0;0;0;0;0;0;0;0;0;0;1;0;0;0
06/11/2017;16:04:00;244;Acidente sem Vítima;582,6;BR-040/MG;Sul;Colisão traseira;1;0;1;0;0;0;0;0;0;0;2;0;0;0;0
06/11/2017;15:13:00;222;Acidente sem Vítima;2,2;BR-040/GO;Sul;Colisão traseira;2;0;0;0;0;0;0;0;0;0;2;0;0;0;0
06/11/2017;14:31:00;214;Acidente sem Vítima;563,05;BR-040/MG;Sul;Colisão traseira;1;0;1;1;0;1;0;0;0;0;6;0;0;0;0
06/11/2017;13:37:00;199;Acidente com Vítima;307,8;BR-040/MG;Sul;Capotamento;1;0;0;0;0;0;0;0;0;0;0;0;0;1;0
06/11/2017;12:55:00;189;Acidente sem Vítima;535,3;BR-040/MG;Norte;Capotamento;1;0;0;0;0;0;0;0;0;0;2;0;0;0;0
06/11/2017;07:40:00;114;Acidente sem Vítima;42,1;BR-040/GO;Norte;Queda de Carga;0;0;1;0;0;0;0;0;0;0;2;0;0;0;0
06/11/2017;06:53:00;98;Acidente sem Vítima;587,5;BR-040/MG;Norte;Colisão traseira;1;0;1;0;0;0;0;0;0;0;2;0;0;0;0
06/11/2017;06:41:00;95;Acidente sem Vítima;619,5;BR-040/MG;Norte;Abalroamento longitudinal;2;0;0;0;0;0;0;0;0;0;2;0;0;0;0
06/11/2017;01:38:00;53;Acidente com Vítima;7,3;BR-040/GO;Norte;Choque com objeto fixo;1;0;0;0;0;0;0;0;0;0;0;0;1;0;0
05/11/2017;23:02:00;299;Atropelamento sem Morte;619,28;BR-040/MG;Norte;Atropelamento de pedestre caminhando;1;0;0;0;0;0;0;0;0;0;2;0;1;0;0
05/11/2017;22:45:00;295;Acidente com Vítima;10,9;BR-040/GO;Norte;Abalroamento transversal;2;0;0;0;0;0;0;0;0;0;7;0;0;1;0
05/11/2017;16:22:00;174;Acidente sem Vítima;423,29;BR-040/MG;Sul;Capotamento;1;0;0;0;0;0;0;0;0;0;1;0;0;0;0
05/11/2017;13:25:00;123;Acidente com Vítima;563,8;BR-040/MG;Norte;Capotamento;1;0;0;0;0;0;0;0;0;0;1;2;0;0;0
05/11/2017;10:33:00;84;Acidente sem Vítima;498,6;BR-040/MG;Sul;Abalroamento longitudinal;1;0;1;0;0;0;0;0;0;0;3;0;0;0;0
05/11/2017;06:52:00;41;Acidente sem Vítima;627,5;BR-040/MG;Norte;Choque com objeto fixo;1;0;0;0;0;0;0;0;0;0;1;0;0;0;0
05/11/2017;06:07:00;36;Acidente sem Vítima;515,5;BR-040/MG;Sul;Choque com objeto fixo;1;0;0;0;0;0;0;0;0;0;1;0;0;0;0
05/11/2017;04:36:00;33;Acidente sem Vítima;705,1;BR-040/MG;Sul;Capotamento;1;0;0;0;0;0;0;0;0;0;4;0;0;0;0
05/11/2017;04:02:00;28;Acidente sem Vítima;468,072;BR-040/MG;Sul;Queda de Carga;0;0;1;0;0;0;0;0;0;0;1;0;0;0;0
05/11/2017;02:09:00;14;Acidente com Vítima;277,05;BR-040/MG;Sul;Choque com objeto fixo;1;0;0;0;0;0;0;0;0;0;0;1;0;0;0
04/11/2017;21:08:00;262;Acidente com Vítima;641,6;BR-040/MG;Sul;Queda de Moto;1;0;0;0;0;0;0;0;0;0;1;2;0;0;0
04/11/2017;19:31:00;233;Acidente sem Vítima;522,4;BR-040/MG;Norte;Capotamento;1;0;0;0;0;0;0;0;0;0;1;0;0;0;0
04/11/2017;18:12:00;213;Acidente sem Vítima;494,187;BR-040/MG;Sul;Choque com objeto fixo;1;0;0;0;0;0;0;0;0;0;1;0;0;0;0
04/11/2017;16:44:00;189;Acidente sem Vítima;2,8;BR-040/GO;Sul;Colisão traseira;2;0;0;0;0;0;0;0;0;0;7;0;0;0;0
04/11/2017;16:38:00;185;Acidente sem Vítima;589,8;BR-040/MG;Sul;Colisão traseira;3;0;0;0;0;0;0;0;0;0;3;0;0;0;0
04/11/2017;15:14:00;165;Acidente sem Vítima;569,15;BR-040/MG;Norte;Choque em veículo parado na pista;0;0;1;0;0;0;0;0;0;1;4;0;0;0;0
04/11/2017;15:04:00;163;Acidente com Vítima;548,5;BR-040/MG;Sul;Queda de Moto;1;0;0;1;0;1;0;0;0;0;2;0;0;0;0
04/11/2017;13:45:00;148;Acidente sem Vítima;2;BR-040/DF;Norte;Choque com objeto fixo;3;0;0;0;0;0;0;0;0;0;5;0;0;0;0
04/11/2017;04:17:00;30;Acidente sem Vítima;0,5;BR-040/GO;Norte;Abalroamento longitudinal;2;0;0;0;0;0;0;0;0;0;4;0;0;0;0
04/11/2017;00:15:00;3;Acidente sem Vítima;255,2;BR-040/MG;Sul;Queda de Carga;0;0;1;0;0;0;0;0;0;0;1;0;0;0;0
03/11/2017;17:04:00;169;Acidente com Vítima;9,7;BR-040/GO;Norte;Queda de Moto;0;0;0;1;0;0;0;0;0;0;0;1;0;0;0
03/11/2017;13:36:00;142;Acidente com Vítima;476,5;BR-040/MG;Sul;Choque com objeto fixo;1;0;0;0;0;0;0;0;0;0;1;1;0;0;0
03/11/2017;12:03:00;116;Acidente com Vítima;459,6;BR-040/MG;Norte;Queda de Moto;0;0;0;1;0;0;0;0;0;0;1;1;0;0;0
03/11/2017;10:33:00;91;Acidente com Vítima;563,5;BR-040/MG;Norte;Queda de Moto;0;0;0;0;0;1;0;0;0;0;0;1;0;0;0
03/11/2017;07:17:00;49;Acidente sem Vítima;9;BR-040/GO;Norte;Choque com objeto fixo;1;0;0;0;0;0;0;0;0;0;1;0;0;0;0
03/11/2017;05:38:00;36;Acidente sem Vítima;5,12;BR-040/DF;Norte;Outros;2;0;0;0;0;0;0;0;0;0;2;0;0;0;0
03/11/2017;01:08:00;14;Acidente sem Vítima;8,1;BR-040/GO;Norte;Choque com objeto fixo;1;0;0;0;0;0;0;0;0;0;1;0;0;0;0
02/11/2017;22:29:00;224;Acidente com Morte;101,5;BR-040/GO;Norte;Abalroamento longitudinal;1;0;1;0;0;0;0;0;0;0;1;0;1;0;1
02/11/2017;21:03:00;209;Acidente com Vítima;7,8;BR-040/GO;Norte;Abalroamento longitudinal;2;0;0;0;0;0;0;0;0;0;0;2;0;0;0
02/11/2017;21:00:00;208;Acidente sem Vítima;729,5;BR-040/MG;Sul;Queda de Carga;0;0;0;0;0;1;0;0;0;0;1;0;0;0;0
02/11/2017;20:23:00;202;Acidente com Vítima;474,6;BR-040/MG;Sul;Capotamento;1;0;0;1;0;0;0;0;0;0;1;0;1;0;0
02/11/2017;19:51:00;194;Acidente com Vítima;690,85;BR-040/MG;Norte;Abalroamento longitudinal;1;0;1;0;1;0;0;0;0;0;47;0;2;0;0
02/11/2017;09:25:00;88;Acidente sem Vítima;764,5;BR-040/MG;Sul;Choque com objeto fixo;1;0;0;0;0;0;0;0;0;0;1;0;0;0;0
02/11/2017;09:02:00;83;Acidente sem Vítima;717,8;BR-040/MG;Sul;Choque em barreira New Jersey;1;0;0;0;0;0;0;0;0;0;1;0;0;0;0
02/11/2017;07:51:00;66;Acidente com Vítima;19,15;BR-040/GO;Norte;Choque com objeto fixo;1;0;0;0;0;0;0;0;0;0;0;0;1;0;0
02/11/2017;07:31:00;61;Acidente sem Vítima;655,1;BR-040/MG;Sul;Choque com objeto fixo;1;0;0;0;0;0;0;0;0;0;1;0;0;0;0
02/11/2017;07:17:00;55;Acidente sem Vítima;731,1;BR-040/MG;Sul;Choque com objeto fixo;1;0;0;0;0;0;0;0;0;0;1;0;0;0;0
01/11/2017;21:56:00;394;Acidente sem Vítima;2,9;BR-040/GO;Norte;Abalroamento transversal;2;0;0;0;0;0;0;0;0;0;4;0;0;0;0
01/11/2017;21:53:00;393;Acidente com Vítima;462,1;BR-040/MG;Norte;Queda de Moto;0;0;0;1;0;0;0;0;0;0;0;0;0;2;0
01/11/2017;20:29:00;370;Acidente sem Vítima;760;BR-040/MG;Norte;Queda de Moto;1;0;0;0;0;0;0;0;0;0;1;0;0;0;0
01/11/2017;18:34:00;331;Acidente sem Vítima;475,1;BR-040/MG;Norte;Choque com objeto fixo;1;0;0;0;0;0;0;0;0;0;2;0;0;0;0
01/11/2017;12:56:00;239;Acidente com Vítima;530,2;BR-040/MG;Norte;Colisão traseira;3;0;0;0;0;0;0;0;0;1;4;1;1;0;0
01/11/2017;10:59:00;204;Acidente com Vítima;469;BR-040/MG;Norte;Capotamento;1;0;0;0;0;0;0;0;0;0;0;1;0;0;0
01/11/2017;09:08:00;146;Acidente sem Vítima;526,5;BR-040/MG;Norte;Colisão traseira;1;0;1;0;0;0;0;0;0;0;2;0;0;0;0
01/11/2017;07:29:00;110;Acidente sem Vítima;468,35;BR-040/MG;Norte;Abalroamento longitudinal;1;0;1;0;0;0;0;0;0;0;2;0;0;0;0
01/11/2017;06:02:00;89;Acidente com Vítima;10,5;BR-040/GO;Norte;Abalroamento transversal;1;0;0;1;0;0;0;0;0;0;1;0;2;0;0
31/12/2017;22:35:00;260;Acidente com Vítima;635,2;BR-040/MG;Norte;Capotamento;2;0;0;0;0;0;0;0;0;0;2;0;1;0;0
31/12/2017;22:20:00;257;Atropelamento sem Morte;0,8;BR-040/GO;Sul;Atropelamento de pedestre atravessando;0;0;0;1;0;0;0;0;0;0;0;1;1;0;0
31/12/2017;22:03:00;254;Acidente sem Vítima;267,2;BR-040/MG;Norte;Choque em veículo parado na pista;0;0;2;0;0;0;0;0;0;0;2;0;0;0;0
31/12/2017;18:15:00;196;Acidente com Vítima;58,3;BR-040/GO;Sul;Capotamento;1;0;0;0;0;0;0;0;0;0;0;1;1;0;0
31/12/2017;17:29:00;191;Acidente sem Vítima;578,1;BR-040/MG;Sul;Choque em defensa;1;0;0;0;0;0;0;0;0;0;1;0;0;0;0
31/12/2017;16:56:00;179;Acidente sem Vítima;593,1;BR-040/MG;Norte;Abalroamento transversal;2;0;0;0;0;0;0;0;0;0;3;0;0;0;0
31/12/2017;16:41:00;174;Acidente sem Vítima;1,4;BR-040/DF;Sul;Queda de Moto;0;0;0;1;0;0;0;0;0;0;1;0;0;0;0
31/12/2017;16:24:00;172;Acidente sem Vítima;509,8;BR-040/MG;Sul;Capotamento;1;0;0;0;0;0;0;0;0;0;1;0;0;0;0
31/12/2017;16:20:00;170;Acidente sem Vítima;438,5;BR-040/MG;Sul;Queda de Moto;0;0;0;1;0;0;0;0;0;0;1;0;0;0;0
31/12/2017;14:24:00;145;Acidente sem Vítima;707,38;BR-040/MG;Norte;Capotamento;1;0;0;0;0;0;0;0;0;0;4;0;0;0;0
31/12/2017;12:08:00;123;Acidente com Vítima;727;BR-040/MG;Sul;Choque com objeto fixo;1;0;0;0;0;0;0;0;0;0;0;0;1;0;0
31/12/2017;09:13:00;93;Acidente sem Vítima;3,4;BR-040/DF;Norte;Capotamento;1;0;0;0;0;0;0;0;0;0;2;0;0;0;0
31/12/2017;08:42:00;82;Acidente com Vítima;547,3;BR-040/MG;Sul;Colisão traseira;1;1;0;0;0;0;0;0;0;0;1;0;1;0;0
31/12/2017;04:10:00;36;Acidente com Vítima;331,5;BR-040/MG;Norte;Capotamento;1;0;0;0;0;0;0;0;0;0;0;2;1;0;0
30/12/2017;20:55:00;304;Acidente sem Vítima;528,5;BR-040/MG;Norte;Choque em barreira New Jersey;1;0;0;0;0;0;0;0;0;0;3;0;0;0;0
30/12/2017;20:26:00;296;Acidente sem Vítima;720,1;BR-040/MG;Sul;Choque com objeto fixo;1;0;0;0;0;0;0;0;0;0;1;0;0;0;0
30/12/2017;18:29:00;268;Acidente com Vítima;510,9;BR-040/MG;Sul;Queda de Moto;0;0;0;1;0;0;0;0;0;0;0;2;0;0;0
30/12/2017;17:13:00;245;Acidente sem Vítima;528,3;BR-040/MG;Sul;Capotamento;1;0;0;0;0;0;0;0;0;0;2;0;0;0;0
30/12/2017;17:04:00;242;Acidente sem Vítima;617,1;BR-040/MG;Sul;Colisão traseira;3;0;0;0;0;0;0;0;0;0;6;0;0;0;0
30/12/2017;16:39:00;236;Acidente sem Vítima;680,1;BR-040/MG;Norte;Choque em defensa;1;0;0;0;0;0;0;0;0;0;1;0;0;0;0
30/12/2017;16:38:00;235;Acidente sem Vítima;586,1;BR-040/MG;Sul;Queda de Moto;0;0;0;1;0;0;0;0;0;0;1;0;0;0;0
30/12/2017;16:22:00;226;Acidente sem Vítima;478,3;BR-040/MG;Sul;Abalroamento longitudinal;2;0;0;0;0;0;0;0;0;0;2;0;0;0;0
30/12/2017;16:09:00;217;Acidente sem Vítima;450,15;BR-040/MG;Sul;Choque com objeto fixo;1;0;0;0;0;0;0;0;0;0;1;0;0;0;0
30/12/2017;16:08:00;216;Acidente com Vítima;655,1;BR-040/MG;Sul;Choque com objeto fixo;1;0;0;0;0;0;0;0;0;0;2;2;0;0;0
30/12/2017;15:57:00;215;Acidente sem Vítima;543,9;BR-040/MG;Norte;Choque com objeto fixo;1;0;0;0;0;0;0;0;0;0;2;0;0;0;0
30/12/2017;15:26:00;207;Acidente sem Vítima;590,1;BR-040/MG;Norte;Choque em defensa;1;0;0;0;0;0;0;0;0;0;1;0;0;0;0