data;horario;n_da_ocorrencia;tipo_de_ocorrencia;km;trecho;sentido;tipo_de_acidente;automovel;bicicleta;caminhao;moto;onibus;outros;tracao_animal;transporte_de_cargas_especiais;trator_maquinas;utilitarios;ilesos;levemente_feridos;moderadamente_feridos;gravemente_feridos;mortos
22/12/2017;07:06:00;89;Atropelamento sem Morte;709,1;BR-040/MG;Sul;Atropelamento de pedestre atravessando;2;0;0;0;0;0;0;0;0;0;4;1;0;0;0
21/12/2017;23:07:00;436;Acidente sem Vítima;443,147;BR-040/MG;Norte;Outros;1;0;0;0;0;0;0;0;0;0;1;0;0;0;0
21/12/2017;22:02:00;426;Acidente sem Vítima;520,069;BR-040/MG;Norte;Abalroamento longitudinal;2;0;0;0;0;0;0;0;0;0;2;0;0;0;0
21/12/2017;21:00:00;408;Acidente sem Vítima;405,5;BR-040/MG;Sul;Outros;0;0;1;0;0;0;0;0;0;0;2;0;0;0;0
21/12/2017;19:11:00;359;Acidente com Vítima;0,1;BR-040/GO;Sul;Colisão traseira;1;0;0;1;0;0;0;0;0;0;2;1;0;0;0
21/12/2017;17:06:00;308;Acidente com Vítima;517,1;BR-040/MG;Norte;Abalroamento transversal;2;0;0;0;0;0;0;0;0;0;1;2;0;0;0
21/12/2017;16:02:00;294;Acidente sem Vítima;626;BR-040/MG;Sul;Abalroamento transversal;2;0;0;0;0;0;0;0;0;0;6;0;0;0;0
21/12/2017;15:42:00;290;Acidente sem Vítima;445,1;BR-040/MG;Norte;Colisão traseira;3;0;0;0;0;0;0;0;0;0;3;0;0;0;0
21/12/2017;15:38:00;288;Acidente sem Vítima;535,1;BR-040/MG;Norte;Choque com objeto fixo;2;0;0;0;0;0;0;0;0;0;2;0;0;0;0
21/12/2017;14:02:00;255;Acidente com Vítima;608,1;BR-040/MG;Sul;Colisão traseira;2;0;1;0;0;0;0;0;0;0;3;7;0;0;0
21/12/2017;12:29:00;226;Acidente sem Vítima;2,8;BR-040/GO;Sul;Colisão traseira;1;0;0;1;0;0;0;0;0;0;4;0;0;0;0
21/12/2017;08:27:00;151;Acidente com Vítima;552,9;BR-040/MG;Sul;Colisão frontal;1;0;0;1;0;0;0;0;0;0;1;1;0;0;0
21/12/2017;06:36:00;114;Acidente com Vítima;608;BR-040/MG;Sul;Abalroamento transversal;3;0;0;0;0;0;0;0;0;0;2;1;1;0;0
21/12/2017;06:28:00;112;Acidente com Vítima;549,4;BR-040/MG;Norte;Choque com objeto fixo;1;0;0;0;0;0;0;0;0;0;1;1;0;0;0
21/12/2017;04:33:00;99;Acidente sem Vítima;280,7;BR-040/MG;Sul;Queda de Carga;0;0;1;0;0;0;0;0;0;0;1;0;0;0;0
21/12/2017;03:36:00;92;Acidente sem Vítima;527,09;BR-040/MG;Norte;Capotamento;1;0;0;0;1;0;0;0;0;0;2;0;0;0;0
21/12/2017;00:09:00;2;Acidente sem Vítima;5,7;BR-040/GO;Norte;Colisão traseira;2;0;0;0;0;0;0;0;0;0;2;0;0;0;0
20/12/2017;22:50:00;446;Acidente sem Vítima;3,4;BR-040/DF;Sul;Capotamento;2;0;0;0;0;0;0;0;0;0;4;0;0;0;0
20/12/2017;22:15:00;436;Acidente sem Vítima;456,036;BR-040/MG;Norte;Choque com objeto fixo;0;0;1;0;0;0;0;0;0;0;2;0;0;0;0
20/12/2017;20:17:00;393;Acidente com Vítima;535,258;BR-040/MG;Norte;Colisão traseira;1;0;0;1;0;0;0;0;0;0;1;0;1;0;0
20/12/2017;17:58:00;325;Acidente sem Vítima;534,648;BR-040/MG;Norte;Colisão traseira;3;0;0;0;0;0;0;0;0;0;3;0;0;0;0
20/12/2017;17:27:00;319;Acidente com Vítima;588,5;BR-040/MG;Sul;Queda de Moto;0;0;0;1;0;0;0;0;0;0;0;2;0;0;0
20/12/2017;14:18:00;260;Acidente com Vítima;542,2;BR-040/MG;Norte;Queda de Moto;0;0;0;2;0;0;0;0;0;0;1;0;1;0;0
20/12/2017;14:10:00;258;Acidente sem Vítima;528,2;BR-040/MG;Sul;Colisão traseira;3;0;0;0;0;0;0;0;0;0;3;0;0;0;0
20/12/2017;08:35:00;150;Acidente sem Vítima;6,2;BR-040/DF;Norte;Colisão traseira;0;0;0;1;1;0;0;0;0;0;2;0;0;0;0
20/12/2017;08:22:00;147;Acidente sem Vítima;102,4;BR-040/MG;Norte;Choque com objeto fixo;1;0;0;0;0;0;0;0;0;0;1;0;0;0;0
20/12/2017;08:05:00;141;Acidente sem Vítima;522,6;BR-040/MG;Norte;Colisão traseira;1;0;0;1;0;0;0;0;0;0;2;0;0;0;0
20/12/2017;06:06:00;108;Acidente sem Vítima;503,3;BR-040/MG;Norte;Colisão traseira;3;0;0;0;0;0;0;0;0;0;3;0;0;0;0
20/12/2017;05:20:00;105;Acidente sem Vítima;272,7;BR-040/MG;Sul;Atropelamento de animal;1;0;0;0;0;0;0;0;0;0;1;0;0;0;0
20/12/2017;05:05:00;103;Acidente com Vítima;435,75;BR-040/MG;Sul;Colisão traseira;1;0;0;0;0;1;0;0;0;0;3;1;1;0;0
20/12/2017;04:29:00;102;Acidente com Vítima;595,8;BR-040/MG;Norte;Queda de Carga;0;0;1;0;0;0;0;0;0;0;0;1;0;0;0
20/12/2017;04:07:00;98;Acidente sem Vítima;526,5;BR-040/MG;Norte;Colisão traseira;1;0;1;0;0;0;0;0;0;0;3;0;0;0;0
20/12/2017;02:52:00;70;Acidente com Vítima;4,5;BR-040/DF;Sul;Colisão frontal;1;0;0;1;0;0;0;0;0;0;1;0;1;0;0
20/12/2017;00:51:00;36;Acidente com Vítima;359;BR-040/MG;Sul;Queda de Moto;0;0;0;1;0;0;0;0;0;0;0;1;0;0;0
19/12/2017;21:00:00;422;Acidente sem Vítima;533,1;BR-040/MG;Norte;Colisão traseira;3;0;0;0;0;0;0;0;0;0;4;0;0;0;0
19/12/2017;20:01:00;411;Acidente sem Vítima;536,2;BR-040/MG;Norte;Colisão traseira;2;0;1;0;0;0;0;0;0;0;28;0;0;0;0
19/12/2017;18:27:00;376;Acidente com Vítima;507,1;BR-040/MG;Norte;Colisão traseira;1;0;0;1;0;0;0;0;0;0;2;1;0;0;0
19/12/2017;18:17:00;371;Acidente sem Vítima;539,1;BR-040/MG;Norte;Colisão traseira;1;0;1;0;0;0;0;0;0;0;4;0;0;0;0
19/12/2017;17:25:00;357;Acidente sem Vítima;534,1;BR-040/MG;Norte;Colisão traseira;4;0;0;1;0;0;0;0;0;0;5;0;0;0;0
19/12/2017;16:03:00;329;Acidente sem Vítima;737,2;BR-040/MG;Norte;Abalroamento longitudinal;1;0;1;0;0;0;0;0;0;0;2;0;0;0;0
19/12/2017;13:54:00;276;Acidente sem Vítima;507,1;BR-040/MG;Norte;Queda de Carga;0;0;1;0;0;0;0;0;0;0;1;0;0;0;0
19/12/2017;13:51:00;274;Acidente sem Vítima;18,15;BR-040/MG;Norte;Colisão traseira;2;0;0;0;0;0;0;0;0;0;2;0;0;0;0
19/12/2017;13:45:00;271;Acidente com Vítima;544,1;BR-040/MG;Sul;Queda de Moto;0;0;0;2;0;0;0;0;0;0;1;1;0;0;0
19/12/2017;13:42:00;270;Acidente sem Vítima;2,5;BR-040/GO;Norte;Abalroamento longitudinal;1;0;0;1;0;0;0;0;0;0;2;0;0;0;0
19/12/2017;12:18:00;251;Acidente com Vítima;516,5;BR-040/MG;Sul;Colisão traseira;1;0;0;1;0;0;0;0;0;0;1;0;0;1;0
19/12/2017;11:40:00;234;Acidente sem Vítima;4,2;BR-040/DF;Sul;Capotamento;1;0;0;0;0;0;0;0;0;0;1;0;0;0;0
19/12/2017;10:12:00;210;Acidente sem Vítima;544,2;BR-040/MG;Norte;Colisão traseira;3;0;0;0;0;0;0;0;0;0;3;0;0;0;0
19/12/2017;10:01:00;207;Acidente com Vítima;102,2;BR-040/MG;Norte;Capotamento;1;0;0;0;0;0;0;0;0;0;3;1;0;0;0
19/12/2017;09:54:00;202;Acidente com Vítima;15,15;BR-040/GO;Sul;Colisão traseira;1;0;0;1;0;0;0;0;0;0;3;0;1;0;0
19/12/2017;08:24:00;159;Acidente sem Vítima;75,15;BR-040/GO;Sul;Abalroamento longitudinal;1;0;1;0;0;0;0;0;0;0;2;0;0;0;0
19/12/2017;07:45:00;144;Acidente sem Vítima;524,9;BR-040/MG;Sul;Queda de Moto;1;0;0;1;0;0;0;0;0;0;3;0;0;0;0
19/12/2017;06:51:00;121;Acidente com Vítima;4,1;BR-040/GO;Norte;Queda de Moto;0;0;0;1;0;0;0;0;0;0;0;1;0;0;0
19/12/2017;00:53:00;10;Acidente sem Vítima;277,9;BR-040/MG;Sul;Queda de Carga;0;0;1;0;0;0;0;0;0;0;1;0;0;0;0
18/12/2017;21:35:00;419;Acidente sem Vítima;93,7;BR-040/GO;Norte;Queda de Moto;0;0;0;1;0;0;0;0;0;0;2;0;0;0;0
18/12/2017;21:33:00;417;Acidente sem Vítima;756,9;BR-040/MG;Norte;Choque em barreira New Jersey;0;0;1;0;0;0;0;0;0;0;1;0;0;0;0
18/12/2017;18:58:00;378;Acidente sem Vítima;603,8;BR-040/MG;Sul;Abalroamento longitudinal;0;0;2;0;0;0;0;0;0;0;2;0;0;0;0
18/12/2017;18:06:00;364;Acidente sem Vítima;4,9;BR-040/DF;Sul;Colisão traseira;3;0;0;0;0;0;0;0;0;0;5;0;0;0;0
18/12/2017;16:33:00;340;Atropelamento sem Morte;508,16;BR-040/MG;Sul;Atropelamento de pedestre atravessando;2;0;0;0;0;0;0;0;0;0;2;1;0;0;0
18/12/2017;15:53:00;327;Acidente sem Vítima;34,15;BR-040/GO;Norte;Capotamento;1;0;0;0;0;0;0;0;0;0;3;0;0;0;0
18/12/2017;14:52:00;290;Acidente sem Vítima;599;BR-040/MG;Norte;Colisão traseira;0;0;0;0;2;0;0;0;0;0;21;0;0;0;0
18/12/2017;13:43:00;274;Acidente sem Vítima;411,5;BR-040/MG;Sul;Colisão traseira;3;0;0;0;0;0;0;0;0;0;14;0;0;0;0
18/12/2017;12:45:00;261;Acidente sem Vítima;522,5;BR-040/MG;Norte;Queda de Carga;0;0;1;0;0;0;0;0;0;0;1;0;0;0;0
18/12/2017;11:36:00;243;Acidente sem Vítima;747;BR-040/MG;Norte;Abalroamento longitudinal;2;0;0;0;0;0;0;0;0;0;2;0;0;0;0
18/12/2017;11:31:00;240;Acidente sem Vítima;525,05;BR-040/MG;Norte;Colisão traseira;1;0;0;0;1;0;0;0;0;0;2;0;0;0;0
18/12/2017;11:27:00;236;Acidente sem Vítima;1,05;BR-040/DF;Norte;Outros;0;0;1;0;0;0;0;0;0;0;1;0;0;0;0
18/12/2017;11:26:00;235;Acidente com Vítima;630;BR-040/MG;Sul;Abalroamento longitudinal;1;0;1;0;0;0;0;0;0;0;2;1;0;0;0
18/12/2017;10:14:00;206;Acidente sem Vítima;627;BR-040/MG;Sul;Colisão traseira;1;0;1;0;0;0;0;0;0;0;2;0;0;0;0
18/12/2017;09:07:00;172;Acidente sem Vítima;541,2;BR-040/MG;Sul;Colisão traseira;2;0;0;0;0;0;0;0;0;0;2;0;0;0;0
18/12/2017;08:50:00;163;Acidente sem Vítima;542,3;BR-040/MG;Sul;Colisão traseira;2;0;0;0;0;0;0;0;0;1;3;0;0;0;0
18/12/2017;07:36:00;136;Acidente sem Vítima;643;BR-040/MG;Sul;Colisão traseira;0;0;2;0;0;0;0;0;0;0;2;0;0;0;0
18/12/2017;06:35:00;112;Acidente sem Vítima;686,55;BR-040/MG;Sul;Abalroamento longitudinal;1;0;1;0;0;0;0;0;0;0;2;0;0;0;0
18/12/2017;06:26:00;109;Acidente com Vítima;50,15;BR-040/MG;Sul;Colisão traseira;0;0;0;0;1;0;0;0;0;1;1;2;2;2;0
17/12/2017;23:16:00;404;Acidente sem Vítima;521,1;BR-040/MG;Norte;Abalroamento transversal;2;0;0;0;0;0;0;0;0;0;2;0;0;0;0
17/12/2017;21:29:00;377;Acidente com Vítima;528,6;BR-040/MG;Norte;Colisão traseira;1;0;0;1;0;0;0;0;0;0;1;0;1;0;0
17/12/2017;20:11:00;347;Acidente com Vítima;414,5;BR-040/MG;Sul;Capotamento;1;0;0;0;0;0;0;0;0;0;1;2;0;1;0
17/12/2017;19:59:00;340;Acidente com Vítima;524,01;BR-040/MG;Norte;Abalroamento longitudinal;1;0;0;1;0;0;0;0;0;0;1;0;1;0;0
17/12/2017;18:27:00;304;Acidente com Vítima;0,648;BR-040/GO;Sul;Colisão traseira;2;0;0;0;0;0;0;0;0;0;1;1;0;0;0
17/12/2017;18:25:00;303;Acidente sem Vítima;488,5;BR-040/MG;Sul;Choque em defensa;0;0;0;0;0;0;0;0;0;0;0;0;0;0;0
17/12/2017;18:00:00;288;Acidente sem Vítima;145,053;BR-040/MG;Norte;Abalroamento longitudinal;2;0;0;0;0;0;0;0;0;0;2;0;0;0;0
17/12/2017;17:29:00;277;Acidente sem Vítima;515,1;BR-040/MG;Sul;Colisão traseira;2;0;0;1;0;0;0;0;0;0;5;0;0;0;0
17/12/2017;17:10:00;267;Acidente com Vítima;481,1;BR-040/MG;Sul;Colisão traseira;1;0;0;1;0;0;0;0;0;0;3;1;0;0;0
17/12/2017;14:58:00;218;Acidente com Vítima;462,5;BR-040/MG;Norte;Queda de Moto;0;0;0;1;0;0;0;0;0;0;0;0;1;0;0
17/12/2017;14:29:00;212;Acidente sem Vítima;490,1;BR-040/MG;Norte;Colisão traseira;1;0;1;0;0;0;0;0;0;0;2;0;0;0;0
17/12/2017;12:45:00;186;Acidente com Vítima;534,1;BR-040/MG;Norte;Colisão traseira;1;0;0;1;0;0;0;0;0;0;1;0;0;1;0
17/12/2017;04:31:00;72;Acidente sem Vítima;545,716;BR-040/MG;Sul;Capotamento;1;0;0;0;0;0;0;0;0;0;1;0;0;0;0
17/12/2017;01:04:00;22;Acidente sem Vítima;141,087;BR-040/GO;Sul;Atropelamento de animal;0;0;1;0;0;0;0;0;0;0;1;0;0;0;0
16/12/2017;21:05:00;374;Acidente sem Vítima;7,2;BR-040/GO;Norte;Colisão traseira;1;0;0;1;0;0;0;0;0;0;3;0;0;0;0
16/12/2017;20:47:00;369;Acidente sem Vítima;528,5;BR-040/MG;Norte;Choque em barreira New Jersey;1;0;0;0;0;0;0;0;0;0;1;0;0;0;0
16/12/2017;20:40:00;366;Acidente com Vítima;538,2;BR-040/MG;Norte;Capotamento;1;0;0;0;0;0;0;0;0;0;0;0;1;0;0
16/12/2017;20:36:00;362;Acidente com Vítima;608,5;BR-040/MG;Sul;Capotamento;2;0;0;0;0;0;0;0;0;0;4;1;0;1;0
16/12/2017;20:26:00;359;Atropelamento sem Morte;510,3;BR-040/MG;Sul;Atropelamento de pedestre atravessando;1;0;0;0;0;0;0;0;0;0;0;1;0;0;0
16/12/2017;20:08:00;350;Acidente sem Vítima;97,1;BR-040/MG;Norte;Atropelamento de animal;1;0;0;0;0;0;0;0;0;0;3;0;0;0;0
16/12/2017;18:00:00;303;Acidente com Vítima;549,1;BR-040/MG;Sul;Colisão traseira;2;0;0;0;0;0;0;0;0;0;1;1;0;0;0
16/12/2017;17:12:00;291;Acidente sem Vítima;560,1;BR-040/MG;Sul;Choque com objeto fixo;1;0;0;0;0;0;0;0;0;0;1;0;0;0;0
16/12/2017;16:18:00;277;Acidente com Vítima;510,1;BR-040/MG;Norte;Colisão traseira;4;0;1;0;0;0;0;0;0;0;5;1;0;0;0
16/12/2017;16:18:00;278;Acidente com Vítima;590,8;BR-040/MG;Norte;Choque em barreira New Jersey;0;0;1;0;0;0;0;0;0;0;0;1;0;0;0
16/12/2017;16:17:00;276;Acidente com Vítima;521,1;BR-040/MG;Sul;Colisão traseira;2;0;0;0;0;0;0;0;0;0;2;1;0;0;0
16/12/2017;15:44:00;266;Acidente com Vítima;744,1;BR-040/MG;Sul;Queda de Moto;1;0;0;0;0;0;0;0;0;0;0;1;0;1;0
16/12/2017;15:30:00;260;Acidente com Vítima;533,8;BR-040/MG;Sul;Colisão traseira;0;0;1;1;0;0;0;0;0;0;1;1;0;0;0
16/12/2017;15:29:00;259;Acidente sem Vítima;458,7;BR-040/MG;Norte;Choque em defensa;1;0;0;0;0;0;0;0;0;0;1;0;0;0;0
16/12/2017;14:57:00;250;Acidente sem Vítima;464,1;BR-040/MG;Norte;Choque em defensa;0;0;1;0;0;0;0;0;0;0;1;0;0;0;0
16/12/2017;14:53:00;247;Acidente com Vítima;470,1;BR-040/MG;Norte;Capotamento;1;0;0;0;0;0;0;0;0;0;1;1;0;0;0
16/12/2017;14:33:00;240;Acidente sem Vítima;594,5;BR-040/MG;Sul;Colisão traseira;0;0;2;0;0;0;0;0;0;0;2;0;0;0;0
16/12/2017;13:40:00;226;Acidente sem Vítima;728,8;BR-040/MG;Sul;Choque em barreira New Jersey;0;0;1;0;0;0;0;0;0;0;1;0;0;0;0
16/12/2017;13:23:00;219;Acidente com Vítima;470,1;BR-040/MG;Sul;Queda de Moto;0;0;0;1;0;0;0;0;0;0;0;2;0;0;0
16/12/2017;12:50:00;212;Acidente sem Vítima;340,8;BR-040/MG;Norte;Atropelamento de animal;0;0;1;0;0;0;0;0;0;0;1;0;0;0;0
16/12/2017;12:44:00;209;Acidente sem Vítima;534,1;BR-040/MG;Norte;Colisão traseira;3;0;0;0;0;0;0;0;0;0;3;0;0;0;0
16/12/2017;02:36:00;34;Acidente com Vítima;613;BR-040/MG;Sul;Colisão frontal;1;0;1;0;0;0;0;0;0;0;1;1;1;0;0
16/12/2017;02:33:00;32;Acidente sem Vítima;509,269;BR-040/MG;Norte;Capotamento;1;0;0;0;0;0;0;0;0;0;1;0;0;0;0
16/12/2017;01:32:00;13;Acidente sem Vítima;705,5;BR-040/MG;Sul;Queda de Carga;0;0;1;0;0;0;0;0;0;0;1;0;0;0;0
15/12/2017;20:56:00;437;Acidente com Vítima;611,3;BR-040/MG;Norte;Queda de Moto;0;0;0;1;0;0;0;0;0;0;0;1;0;0;0
15/12/2017;20:04:00;423;Acidente sem Vítima;15,5;BR-040/GO;Sul;Abalroamento transversal;1;0;0;1;0;0;0;0;0;0;3;0;0;0;0
15/12/2017;18:53:00;395;Acidente com Vítima;455,1;BR-040/MG;Norte;Capotamento;1;0;0;0;0;0;0;0;0;0;2;1;0;0;0
15/12/2017;17:57:00;362;Acidente sem Vítima;544,5;BR-040/MG;Sul;Colisão traseira;2;0;0;1;0;0;0;0;0;0;3;0;0;0;0
15/12/2017;17:51:00;360;Acidente com Vítima;638,6;BR-040/MG;Sul;Capotamento;1;0;0;0;0;0;0;0;0;0;0;1;0;0;0
15/12/2017;17:49:00;359;Acidente sem Vítima;613,1;BR-040/MG;Sul;Abalroamento transversal;2;0;0;0;0;0;0;0;0;0;2;0;0;0;0
15/12/2017;16:49:00;338;Acidente sem Vítima;611,5;BR-040/MG;Sul;Colisão traseira;1;0;1;0;0;0;0;0;0;0;6;0;0;0;0
15/12/2017;15:54:00;321;Acidente com Vítima;574,2;BR-040/MG;Sul;Capotamento;0;0;1;0;0;0;0;0;0;0;0;0;1;0;0
15/12/2017;10:24:00;208;Acidente sem Vítima;222,1;BR-040/MG;Sul;Capotamento;1;0;0;0;0;0;0;0;0;0;2;0;0;0;0
15/12/2017;08:29:00;157;Acidente sem Vítima;523;BR-040/MG;Sul;Colisão traseira;4;0;0;0;0;0;0;0;0;0;4;0;0;0;0
15/12/2017;08:16:00;147;Acidente sem Vítima;42,15;BR-040/MG;Norte;Outros;2;0;1;0;0;0;0;0;0;0;3;0;0;0;0
15/12/2017;00:55:00;31;Acidente com Vítima;618,5;BR-040/MG;Sul;Capotamento;2;0;0;0;0;0;0;0;0;0;2;1;0;1;0
14/12/2017;21:32:00;413;Acidente sem Vítima;498,45;BR-040/MG;Sul;Abalroamento longitudinal;2;0;0;0;0;0;0;0;0;0;3;0;0;0;0
14/12/2017;21:27:00;411;Acidente sem Vítima;714;BR-040/MG;Sul;Colisão traseira;1;0;1;0;0;0;0;0;0;0;2;0;0;0;0
14/12/2017;18:44:00;362;Acidente sem Vítima;657,9;BR-040/MG;Norte;Capotamento;1;0;0;0;0;0;0;0;0;0;1;0;0;0;0
14/12/2017;17:32:00;344;Acidente sem Vítima;0,5;BR-040/GO;Norte;Colisão traseira;2;0;0;0;0;0;0;0;0;0;2;0;0;0;0
14/12/2017;17:13:00;339;Acidente sem Vítima;512,3;BR-040/MG;Sul;Choque com objeto fixo;1;0;0;0;0;0;0;0;0;0;1;0;0;0;0
14/12/2017;15:19:00;302;Acidente sem Vítima;486;BR-040/MG;Sul;Choque com objeto fixo;1;0;0;0;0;0;0;0;0;0;1;0;0;0;0
14/12/2017;15:01:00;294;Acidente com Vítima;604,8;BR-040/MG;Sul;Choque em barreira New Jersey;1;0;0;0;0;0;0;0;0;0;0;2;0;0;0
14/12/2017;13:58:00;278;Acidente com Vítima;538;BR-040/MG;Sul;Choque com objeto fixo;1;0;0;0;0;0;0;0;0;0;0;1;0;0;0
14/12/2017;12:31:00;242;Acidente sem Vítima;527,5;BR-040/MG;Norte;Outros;1;0;1;0;0;0;0;0;0;0;2;0;0;0;0
14/12/2017;08:25:00;155;Acidente com Vítima;536,1;BR-040/MG;Norte;Queda de Moto;1;0;1;1;0;0;0;0;0;0;2;1;0;0;0
14/12/2017;04:19:00;89;Acidente sem Vítima;386,277;BR-040/MG;Sul;Atropelamento de animal;1;0;0;0;0;0;0;0;0;0;5;0;0;0;0
13/12/2017;23:21:00;380;Acidente sem Vítima;78,5;BR-040/MG;Sul;Atropelamento de animal;1;0;0;0;0;0;0;0;0;0;2;0;0;0;0
13/12/2017;22:53:00;374;Acidente sem Vítima;2,115;BR-040/DF;Sul;Colisão traseira;2;0;0;0;0;5;0;0;0;0;9;0;0;0;0
13/12/2017;22:48:00;371;Acidente sem Vítima;527,1;BR-040/MG;Sul;Outros;1;0;1;0;0;0;0;0;0;0;2;0;0;0;0
13/12/2017;22:31:00;364;Acidente com Vítima;464,1;BR-040/MG;Sul;Queda de Moto;0;0;0;1;0;0;0;0;0;0;0;2;0;0;0
13/12/2017;21:38:00;351;Acidente sem Vítima;507,9;BR-040/MG;Sul;Atropelamento de animal;0;0;1;0;0;0;0;0;0;0;1;0;0;0;0
13/12/2017;18:12:00;272;Acidente sem Vítima;3,4;BR-040/GO;Sul;Choque com objeto fixo;0;0;1;0;0;0;0;0;0;0;1;0;0;0;0
13/12/2017;16:39:00;248;Acidente sem Vítima;644,8;BR-040/MG;Norte;Abalroamento longitudinal;2;0;0;0;0;0;0;0;0;0;2;0;0;0;0
13/12/2017;16:08:00;242;Acidente sem Vítima;522;BR-040/MG;Norte;Colisão traseira;3;0;0;0;0;0;0;0;0;0;4;0;0;0;0
13/12/2017;15:28:00;231;Acidente com Vítima;744;BR-040/MG;Norte;Choque com objeto fixo;1;0;0;0;0;0;0;0;0;0;2;2;0;0;0
13/12/2017;13:03:00;197;Acidente com Vítima;527,25;BR-040/MG;Norte;Queda de Moto;1;0;1;1;0;0;0;0;0;0;2;0;0;1;0
13/12/2017;10:54:00;173;Acidente com Vítima;1,5;BR-040/GO;Norte;Abalroamento longitudinal;0;0;0;2;0;0;0;0;0;0;1;1;0;0;0
13/12/2017;08:10:00;110;Acidente sem Vítima;5,8;BR-040/DF;Norte;Abalroamento longitudinal;1;0;0;1;0;0;0;0;0;0;2;0;0;0;0
13/12/2017;03:44:00;64;Acidente sem Vítima;279,05;BR-040/MG;Norte;Atropelamento de animal;0;0;1;0;0;0;0;0;0;0;1;0;0;0;0
13/12/2017;01:26:00;57;Acidente sem Vítima;559,1;BR-040/MG;Norte;Colisão traseira;1;0;1;0;0;0;0;0;0;0;2;0;0;0;0
12/12/2017;15:30:00;260;Acidente com Vítima;543,94;BR-040/MG;Norte;Colisão traseira;0;0;1;0;1;0;0;0;0;0;15;1;0;0;0
12/12/2017;07:47:00;115;Acidente sem Vítima;531,85;BR-040/MG;Norte;Colisão traseira;2;0;0;1;0;0;0;0;0;0;3;0;0;0;0
11/12/2017;21:02:00;394;Acidente sem Vítima;487;BR-040/MG;Norte;Choque com objeto fixo;1;0;0;0;0;0;0;0;0;0;1;0;0;0;0
11/12/2017;20:57:00;392;Acidente sem Vítima;0,8;BR-040/GO;Sul;Abalroamento longitudinal;1;0;1;0;0;0;0;0;0;0;2;0;0;0;0
11/12/2017;20:40:00;388;Acidente sem Vítima;587,1;BR-040/MG;Sul;Choque com objeto fixo;0;0;2;0;0;0;0;0;0;0;2;0;0;0;0
11/12/2017;20:07:00;380;Acidente sem Vítima;3,1;BR-040/GO;Sul;Colisão traseira;2;0;0;0;0;0;0;0;0;0;2;0;0;0;0
11/12/2017;17:59:00;344;Acidente sem Vítima;65,037;BR-040/GO;Sul;Queda de Carga;0;0;1;0;0;0;0;0;0;0;1;0;0;0;0
11/12/2017;17:01:00;326;Acidente sem Vítima;406;BR-040/MG;Sul;Capotamento;0;0;1;0;0;0;0;0;0;0;1;0;0;0;0
11/12/2017;16:47:00;319;Acidente sem Vítima;726,15;BR-040/MG;Sul;Choque em barreira New Jersey;0;0;0;1;0;0;0;0;0;0;1;0;0;0;0
11/12/2017;16:18:00;304;Acidente sem Vítima;750,4;BR-040/MG;Norte;Choque com objeto fixo;1;0;0;0;0;0;0;0;0;0;3;0;0;0;0
11/12/2017;16:05:00;298;Acidente sem Vítima;738,5;BR-040/MG;Sul;Queda de Carga;1;0;0;0;0;0;0;0;0;0;1;0;0;0;0
11/12/2017;15:39:00;291;Acidente sem Vítima;496,34;BR-040/MG;Norte;Outros;1;0;0;0;0;0;0;0;0;0;1;0;0;0;0
11/12/2017;14:07:00;242;Acidente sem Vítima;609,15;BR-040/MG;Norte;Outros;0;0;1;0;0;0;0;0;0;0;1;0;0;0;0
11/12/2017;13:46:00;231;Acidente sem Vítima;492;BR-040/MG;Norte;Colisão traseira;2;0;0;0;0;0;0;0;0;0;2;0;0;0;0
11/12/2017;11:14:00;185;Acidente sem Vítima;556,4;BR-040/MG;Sul;Choque com objeto fixo;1;0;0;0;0;0;0;0;0;0;1;0;0;0;0
11/12/2017;10:26:00;169;Acidente com Vítima;514;BR-040/MG;Norte;Queda de Moto;0;0;0;1;0;0;0;0;0;0;0;1;0;0;0
11/12/2017;09:58:00;161;Acidente sem Vítima;522;BR-040/MG;Norte;Choque com objeto fixo;1;0;0;0;0;0;0;0;0;0;1;0;0;0;0
11/12/2017;09:52:00;159;Acidente com Vítima;533,1;BR-040/MG;Norte;Abalroamento longitudinal;0;0;0;2;0;0;0;0;0;0;1;2;0;0;0
11/12/2017;09:37:00;155;Acidente com Vítima;712,2;BR-040/MG;Sul;Queda de Carga;0;0;1;0;0;0;0;0;0;0;0;2;0;0;0
11/12/2017;08:45:00;142;Acidente sem Vítima;649;BR-040/MG;Norte;Queda de Moto;0;0;0;1;0;0;0;0;0;0;2;0;0;0;0
11/12/2017;08:36:00;139;Acidente com Vítima;37,1;BR-040/MG;Sul;Abalroamento transversal;2;0;0;0;0;0;0;0;0;0;1;1;0;0;0
11/12/2017;07:07:00;98;Acidente com Vítima;454,3;BR-040/MG;Norte;Queda de Carga;1;0;0;0;0;0;0;0;0;0;1;1;0;0;0
11/12/2017;00:05:00;2;Atropelamento sem Morte;1,95;BR-040/GO;Sul;Atropelamento de pedestre atravessando;1;0;0;0;0;0;0;0;0;0;1;0;1;0;0
10/12/2017;23:38:00;367;Acidente com Vítima;637,1;BR-040/MG;Norte;Abalroamento transversal;1;0;1;0;0;0;0;0;0;0;1;0;0;0;0