data;horario;n_da_ocorrencia;tipo_de_ocorrencia;km;trecho;sentido;tipo_de_acidente;automovel;bicicleta;caminhao;moto;onibus;outros;tracao_animal;transporte_de_cargas_especiais;trator_maquinas;utilitarios;ilesos;levemente_feridos;moderadamente_feridos;gravemente_feridos;mortos
10/12/2017;21:59:00;341;Acidente sem Vítima;2,8;BR-040/GO;Sul;Queda de Moto;0;0;0;1;0;0;0;0;0;0;1;0;0;0;0
10/12/2017;21:14:00;322;Acidente sem Vítima;128,5;BR-040/GO;Norte;Choque com objeto fixo;1;0;0;0;0;0;0;0;0;0;3;0;0;0;0
10/12/2017;18:28:00;263;Acidente sem Vítima;751,2;BR-040/MG;Norte;Capotamento;1;0;0;0;0;0;0;0;0;0;1;0;0;0;0
10/12/2017;18:24:00;261;Acidente sem Vítima;43,5;BR-040/MG;Norte;Abalroamento longitudinal;2;0;0;0;0;0;0;0;0;0;5;0;0;0;0
10/12/2017;18:01:00;251;Acidente sem Vítima;510;BR-040/MG;Sul;Colisão traseira;2;0;0;0;0;0;0;0;0;0;2;0;0;0;0
10/12/2017;17:50:00;247;Acidente com Vítima;12,2;BR-040/GO;Sul;Abalroamento transversal;1;0;0;2;0;0;0;0;0;0;5;0;1;0;0
10/12/2017;17:12:00;228;Acidente com Vítima;508;BR-040/MG;Sul;Colisão traseira;1;0;0;1;0;0;0;0;0;0;2;1;0;0;0
10/12/2017;16:49:00;223;Acidente sem Vítima;529,95;BR-040/MG;Sul;Abalroamento longitudinal;2;0;0;1;0;0;0;0;0;0;3;0;0;0;0
10/12/2017;16:46:00;221;Acidente sem Vítima;510;BR-040/MG;Sul;Colisão traseira;3;0;0;0;0;0;0;0;0;0;3;0;0;0;0
10/12/2017;12:50:00;151;Acidente sem Vítima;706,15;BR-040/MG;Norte;Outros;1;0;0;0;0;0;0;0;0;0;1;0;0;0;0
10/12/2017;12:10:00;138;Atropelamento sem Morte;666,9;BR-040/MG;Sul;Atropelamento de pedestre caminhando;1;0;0;0;0;0;0;0;0;0;1;1;0;0;0
10/12/2017;11:45:00;127;Acidente com Vítima;456;BR-040/MG;Norte;Colisão traseira;1;0;0;1;0;0;0;0;0;0;1;1;0;0;0
10/12/2017;07:40:00;69;Acidente sem Vítima;5,9;BR-040/GO;Sul;Colisão traseira;3;0;0;0;0;0;0;0;0;0;3;0;0;0;0
10/12/2017;06:51:00;62;Acidente com Morte;591,75;BR-040/MG;Sul;Colisão traseira;1;0;0;1;0;0;0;0;0;0;7;0;0;0;1
10/12/2017;06:34:00;59;Acidente sem Vítima;104,2;BR-040/GO;Sul;Choque com objeto fixo;1;0;0;0;0;0;0;0;0;0;3;0;0;0;0
10/12/2017;01:51:00;25;Acidente sem Vítima;548,29;BR-040/MG;Norte;Capotamento;2;0;0;0;0;0;0;0;0;0;6;0;0;0;0
10/12/2017;01:33:00;21;Acidente sem Vítima;545,08;BR-040/MG;Norte;Choque em barreira New Jersey;1;0;0;0;0;0;0;0;0;0;1;0;0;0;0
10/12/2017;00:21:00;7;Acidente com Vítima;12,1;BR-040/GO;Sul;Abalroamento transversal;2;0;0;0;0;0;0;0;0;0;1;2;0;0;0
09/12/2017;21:48:00;365;Acidente sem Vítima;3,1;BR-040/GO;Norte;Colisão traseira;2;0;0;0;0;0;0;0;0;0;2;0;0;0;0
09/12/2017;20:56:00;351;Acidente sem Vítima;12,95;BR-040/GO;Sul;Abalroamento transversal;2;0;0;0;0;0;0;0;0;0;2;0;0;0;0
09/12/2017;20:36:00;346;Acidente sem Vítima;500,62;BR-040/MG;Norte;Capotamento;1;0;0;0;0;0;0;0;0;0;1;0;0;0;0
09/12/2017;19:12:00;311;Acidente com Vítima;530,7;BR-040/MG;Sul;Queda de Moto;1;0;0;1;0;0;0;0;0;0;1;0;1;0;0
09/12/2017;19:08:00;309;Acidente com Vítima;2,6;BR-040/GO;Sul;Colisão traseira;1;0;0;1;0;0;0;0;0;0;1;1;0;0;0
09/12/2017;13:08:00;198;Acidente sem Vítima;9,3;BR-040/GO;Norte;Outros;1;0;0;0;0;0;0;0;0;0;3;0;0;0;0
09/12/2017;07:38:00;94;Acidente sem Vítima;1;BR-040/GO;Norte;Colisão traseira;2;0;0;0;0;0;0;0;0;0;5;0;0;0;0
09/12/2017;06:12:00;64;Acidente com Vítima;453;BR-040/MG;Norte;Capotamento;1;0;0;0;0;0;0;0;0;0;1;1;0;0;0
09/12/2017;03:57:00;53;Acidente sem Vítima;509,7;BR-040/MG;Sul;Capotamento;1;0;0;0;0;0;0;0;0;0;2;0;0;0;0
09/12/2017;03:31:00;50;Acidente sem Vítima;512,1;BR-040/MG;Norte;Colisão traseira;1;0;1;0;0;0;0;0;0;0;2;0;0;0;0
09/12/2017;00:33:00;9;Acidente sem Vítima;547,13;BR-040/MG;Norte;Colisão traseira;2;0;0;0;0;0;0;0;0;0;6;0;0;0;0
08/12/2017;22:21:00;386;Acidente sem Vítima;466,21;BR-040/MG;Sul;Atropelamento de animal;1;0;0;0;0;0;0;0;0;0;2;0;0;0;0
08/12/2017;22:05:00;382;Acidente com Vítima;4,1;BR-040/DF;Sul;Abalroamento longitudinal;1;0;0;1;0;0;0;0;0;0;1;0;0;0;0
08/12/2017;20:05:00;341;Acidente sem Vítima;723,4;BR-040/MG;Norte;Abalroamento longitudinal;1;0;1;0;0;0;0;0;0;0;7;0;0;0;0
08/12/2017;18:38:00;299;Acidente sem Vítima;471,6;BR-040/MG;Norte;Choque em defensa;1;0;0;0;0;0;0;0;0;0;1;0;0;0;0
08/12/2017;18:33:00;298;Acidente com Vítima;503,48;BR-040/MG;Sul;Capotamento;3;0;1;1;0;0;0;0;0;0;3;0;4;0;0
08/12/2017;16:57:00;266;Acidente com Vítima;545;BR-040/MG;Sul;Abalroamento longitudinal;2;0;0;0;0;0;0;0;0;0;1;1;0;0;0
08/12/2017;15:58:00;246;Acidente com Vítima;545;BR-040/MG;Norte;Choque em veículo parado na pista;2;0;0;0;0;0;0;0;0;0;1;1;0;0;0
08/12/2017;13:06:00;187;Acidente com Vítima;527,15;BR-040/MG;Sul;Capotamento;1;0;0;0;0;0;0;0;0;0;0;0;1;0;0
08/12/2017;12:56:00;185;Acidente com Vítima;82,7;BR-040/MG;Norte;Choque com objeto fixo;1;0;0;0;0;0;0;0;0;0;2;0;1;0;0
08/12/2017;12:45:00;181;Acidente sem Vítima;553,15;BR-040/MG;Sul;Choque com objeto fixo;1;0;0;0;0;0;0;0;0;0;5;0;0;0;0
08/12/2017;12:03:00;169;Acidente sem Vítima;640,8;BR-040/MG;Norte;Colisão traseira;2;0;0;0;0;0;0;0;0;0;2;0;0;0;0
08/12/2017;11:47:00;162;Acidente sem Vítima;664;BR-040/MG;Sul;Capotamento;0;0;0;1;0;0;0;0;0;0;1;0;0;0;0
08/12/2017;11:34:00;160;Acidente sem Vítima;713,6;BR-040/MG;Sul;Choque em barreira New Jersey;1;0;0;0;0;0;0;0;0;0;1;0;0;0;0
08/12/2017;11:01:00;150;Acidente sem Vítima;639,5;BR-040/MG;Sul;Colisão traseira;0;0;2;0;0;0;0;0;0;0;2;0;0;0;0
08/12/2017;09:12:00;123;Acidente sem Vítima;587,2;BR-040/MG;Sul;Choque em barreira New Jersey;1;0;0;0;0;0;0;0;0;0;1;0;0;0;0
08/12/2017;08:43:00;108;Acidente sem Vítima;458,7;BR-040/MG;Sul;Choque com objeto fixo;1;0;0;0;0;0;0;0;0;0;2;0;0;0;0
08/12/2017;08:43:00;109;Acidente com Vítima;728,2;BR-040/MG;Sul;Capotamento;1;0;0;0;0;0;0;0;0;0;1;2;0;0;0
08/12/2017;08:27:00;100;Acidente sem Vítima;458,7;BR-040/MG;Norte;Abalroamento longitudinal;2;0;0;0;0;0;0;0;0;0;2;0;0;0;0
08/12/2017;08:22:00;98;Acidente sem Vítima;728,1;BR-040/MG;Sul;Abalroamento transversal;1;0;0;1;0;0;0;0;0;0;2;0;0;0;0
08/12/2017;06:06:00;67;Acidente sem Vítima;699,5;BR-040/MG;Norte;Choque em barreira New Jersey;1;0;0;0;0;0;0;0;0;0;1;0;0;0;0
08/12/2017;03:13:00;51;Acidente sem Vítima;545,1;BR-040/MG;Sul;Choque com objeto fixo;1;0;0;0;0;0;0;0;0;0;1;0;0;0;0
08/12/2017;01:35:00;42;Acidente com Vítima;41,001;BR-040/GO;Sul;Capotamento;1;0;0;0;0;0;0;0;0;0;1;1;0;0;0
08/12/2017;01:00:00;24;Acidente com Vítima;101,012;BR-040/GO;Sul;Atropelamento de animal;1;0;0;0;0;0;0;0;0;0;0;2;0;0;0
07/12/2017;22:58:00;427;Acidente sem Vítima;0,8;BR-040/MG;Norte;Colisão traseira;0;0;0;1;0;1;0;0;0;0;3;0;0;0;0
07/12/2017;22:13:00;419;Acidente sem Vítima;573;BR-040/MG;Sul;Choque com objeto fixo;1;0;0;0;0;0;0;0;0;0;1;0;0;0;0
07/12/2017;21:32:00;413;Atropelamento sem Morte;520,2;BR-040/MG;Norte;Atropelamento de pedestre atravessando;0;0;1;0;0;0;0;0;0;0;30;0;0;1;0
07/12/2017;19:56:00;376;Acidente sem Vítima;615;BR-040/MG;Sul;Colisão traseira;2;0;0;0;0;0;0;0;0;0;2;0;0;0;0
07/12/2017;18:11:00;336;Acidente com Vítima;363,95;BR-040/MG;Sul;Abalroamento longitudinal;2;0;0;0;0;0;0;0;0;0;1;4;0;0;0
07/12/2017;18:10:00;334;Acidente com Vítima;511,3;BR-040/MG;Norte;Colisão traseira;0;0;0;2;0;0;0;0;0;0;2;1;0;0;0
07/12/2017;17:27:00;320;Acidente com Vítima;0;BR-040/DF;Sul;Colisão traseira;3;0;0;0;0;1;0;0;0;0;3;0;0;0;0
07/12/2017;16:59:00;313;Acidente sem Vítima;148,15;BR-040/MG;Sul;Choque com objeto fixo;1;0;0;0;0;0;0;0;0;0;2;0;0;0;0
07/12/2017;16:52:00;310;Acidente sem Vítima;727,25;BR-040/MG;Sul;Choque com objeto fixo;1;0;0;0;0;0;0;0;0;0;1;0;0;0;0
07/12/2017;15:55:00;288;Acidente com Vítima;714,38;BR-040/MG;Sul;Queda de Moto;0;0;0;1;0;0;0;0;0;0;0;1;0;0;0
07/12/2017;15:51:00;286;Acidente com Vítima;537,8;BR-040/MG;Norte;Colisão traseira;2;0;0;0;0;0;0;0;0;0;7;1;0;0;0
07/12/2017;15:15:00;278;Acidente sem Vítima;515,5;BR-040/MG;Sul;Choque com objeto fixo;0;0;1;0;0;0;0;0;0;0;1;0;0;0;0
07/12/2017;14:24:00;257;Acidente sem Vítima;0,1;BR-040/GO;Sul;Colisão traseira;3;0;0;0;0;0;0;0;0;0;3;0;0;0;0
07/12/2017;10:46:00;190;Acidente com Vítima;717,2;BR-040/MG;Norte;Capotamento;1;0;0;0;0;0;0;0;0;0;2;1;0;0;0
07/12/2017;10:06:00;176;Acidente sem Vítima;0;BR-040/GO;Sul;Colisão traseira;2;0;0;0;0;0;0;0;0;0;2;0;0;0;0
07/12/2017;08:30:00;148;Acidente sem Vítima;547,15;BR-040/MG;Sul;Choque com objeto fixo;1;0;0;0;0;0;0;0;0;0;1;0;0;0;0
07/12/2017;07:37:00;127;Acidente sem Vítima;487,15;BR-040/MG;Norte;Colisão traseira;1;0;0;1;0;0;0;0;0;0;2;0;0;0;0
07/12/2017;06:46:00;104;Acidente com Vítima;4;BR-040/GO;Sul;Colisão traseira;1;0;0;1;0;0;0;0;0;0;1;1;0;0;0
07/12/2017;06:31:00;102;Acidente sem Vítima;24,1;BR-040/GO;Sul;Colisão traseira;2;0;0;0;0;0;0;0;0;0;2;0;0;0;0
07/12/2017;05:53:00;96;Acidente com Vítima;1,1;BR-040/GO;Norte;Colisão traseira;1;0;0;1;0;0;0;0;0;0;1;1;0;0;0
07/12/2017;04:54:00;92;Acidente com Vítima;24,02;BR-040/GO;Sul;Abalroamento longitudinal;1;0;0;1;0;0;0;0;0;0;2;1;0;0;0
07/12/2017;03:41:00;82;Acidente com Vítima;716;BR-040/MG;Norte;Queda de Moto;0;0;0;1;0;0;0;0;0;0;0;0;2;0;0
06/12/2017;22:44:00;364;Acidente com Vítima;481,7;BR-040/MG;Sul;Abalroamento longitudinal;2;0;0;0;0;0;0;0;0;0;1;2;0;0;0
06/12/2017;22:20:00;358;Acidente sem Vítima;144,01;BR-040/MG;Sul;Abalroamento longitudinal;1;0;1;0;0;0;0;0;0;0;3;0;0;0;0
06/12/2017;20:50:00;341;Acidente sem Vítima;511,05;BR-040/MG;Norte;Abalroamento longitudinal;1;0;2;0;0;0;0;0;0;0;3;0;0;0;0
06/12/2017;17:56:00;292;Atropelamento sem Morte;0,11;BR-040/GO;Norte;Atropelamento de pedestre atravessando;0;0;0;0;0;1;0;0;0;0;1;1;0;0;0
06/12/2017;17:39:00;287;Acidente com Vítima;5,036;BR-040/GO;Norte;Abalroamento longitudinal;1;0;0;1;0;0;0;0;0;0;2;1;0;0;0
06/12/2017;17:36:00;286;Acidente com Vítima;562,5;BR-040/MG;Sul;Abalroamento longitudinal;2;0;0;0;0;0;0;0;0;0;2;0;1;0;0
06/12/2017;15:45:00;252;Acidente sem Vítima;592,7;BR-040/MG;Norte;Choque em defensa;1;0;0;0;0;0;0;0;0;0;1;0;0;0;0
06/12/2017;15:01:00;244;Acidente com Vítima;437,5;BR-040/MG;Norte;Capotamento;1;0;0;0;0;0;0;0;0;0;1;1;0;0;0
06/12/2017;14:30:00;241;Acidente sem Vítima;382;BR-040/MG;Norte;Queda de Carga;1;0;0;0;0;0;0;0;0;0;1;0;0;0;0
06/12/2017;09:18:00;159;Acidente com Vítima;297;BR-040/MG;Norte;Capotamento;1;0;0;0;0;0;0;0;0;0;1;0;1;0;0
06/12/2017;08:39:00;143;Acidente com Morte;140,1;BR-040/MG;Norte;Abalroamento transversal;1;0;1;0;0;0;0;0;0;0;1;0;0;0;1
06/12/2017;08:08:00;129;Acidente sem Vítima;706,75;BR-040/MG;Norte;Choque em barreira New Jersey;0;0;0;0;0;0;0;0;0;1;1;0;0;0;0
06/12/2017;07:03:00;101;Acidente com Vítima;249,3;BR-040/MG;Sul;Choque com objeto fixo;1;0;0;0;0;0;0;0;0;0;1;1;0;0;0
06/12/2017;06:24:00;89;Acidente sem Vítima;49;BR-040/MG;Norte;Outros;0;0;1;0;0;0;0;0;0;0;1;0;0;0;0
06/12/2017;04:48:00;85;Acidente sem Vítima;82,5;BR-040/GO;Norte;Capotamento;1;0;0;0;0;0;0;0;0;0;1;0;0;0;0
05/12/2017;22:30:00;460;Acidente com Vítima;142,2;BR-040/MG;Norte;Queda de Moto;0;0;0;1;0;0;0;0;0;0;0;0;1;0;0
05/12/2017;18:54:00;355;Acidente sem Vítima;5,5;BR-040/DF;Sul;Queda de Moto;0;0;0;1;0;0;0;0;0;0;1;0;0;0;0
05/12/2017;18:44:00;347;Acidente sem Vítima;225,5;BR-040/MG;Sul;Capotamento;1;0;0;0;0;0;0;0;0;0;1;0;0;0;0
05/12/2017;18:02:00;324;Acidente sem Vítima;530,55;BR-040/MG;Sul;Colisão traseira;3;0;0;0;0;0;0;0;0;0;3;0;0;0;0
05/12/2017;16:22:00;301;Acidente com Vítima;565,5;BR-040/MG;Sul;Colisão traseira;1;0;1;0;0;0;0;0;0;0;2;1;0;0;0
05/12/2017;14:31:00;266;Acidente sem Vítima;533,2;BR-040/MG;Norte;Colisão traseira;0;0;2;0;0;0;0;0;0;0;2;0;0;0;0
05/12/2017;11:11:00;203;Acidente sem Vítima;550,15;BR-040/MG;Sul;Queda de Moto;0;0;0;1;0;0;0;0;0;0;1;0;0;0;0
05/12/2017;10:18:00;196;Acidente sem Vítima;580,75;BR-040/MG;Sul;Choque com objeto fixo;1;0;0;0;0;0;0;0;0;0;1;0;0;0;0
05/12/2017;10:16:00;195;Acidente sem Vítima;532,8;BR-040/MG;Sul;Colisão traseira;1;0;0;1;0;0;0;0;0;0;2;0;0;0;0
05/12/2017;07:46:00;131;Acidente sem Vítima;523,1;BR-040/MG;Sul;Abalroamento longitudinal;1;0;0;1;0;0;0;0;0;0;2;0;0;0;0
04/12/2017;18:38:00;323;Acidente sem Vítima;557,5;BR-040/MG;Sul;Abalroamento longitudinal;1;0;1;0;0;0;0;0;0;0;2;0;0;0;0
04/12/2017;18:03:00;306;Acidente sem Vítima;498,2;BR-040/MG;Norte;Colisão traseira;1;0;0;1;0;0;0;0;0;0;2;0;0;0;0
04/12/2017;17:29:00;293;Atropelamento sem Morte;719,96;BR-040/MG;Norte;Atropelamento de pedestre caminhando;0;0;0;0;0;0;0;0;0;0;0;1;0;0;0
04/12/2017;15:24:00;258;Acidente sem Vítima;5,1;BR-040/GO;Sul;Abalroamento transversal;2;0;0;0;0;0;0;0;0;0;2;0;0;0;0
04/12/2017;11:56:00;203;Acidente sem Vítima;6,5;BR-040/GO;Norte;Colisão traseira;3;0;0;0;0;0;0;0;0;0;3;0;0;0;0
04/12/2017;11:49:00;198;Acidente sem Vítima;528,8;BR-040/MG;Norte;Colisão traseira;1;0;1;0;0;0;0;0;0;0;2;0;0;0;0
04/12/2017;09:47:00;168;Acidente sem Vítima;262,1;BR-040/MG;Norte;Queda de Carga;0;0;1;0;0;0;0;0;0;0;1;0;0;0;0
04/12/2017;09:32:00;165;Acidente sem Vítima;274,1;BR-040/MG;Norte;Colisão traseira;2;0;0;0;0;0;0;0;0;0;2;0;0;0;0
04/12/2017;08:53:00;154;Acidente sem Vítima;306,001;BR-040/MG;Norte;Choque com objeto fixo;1;0;0;0;0;0;0;0;0;0;3;0;0;0;0
04/12/2017;08:42:00;149;Acidente com Vítima;656,1;BR-040/MG;Norte;Choque em barreira New Jersey;1;0;0;0;0;0;0;0;0;0;1;1;0;0;0
04/12/2017;08:31:00;146;Acidente com Vítima;750,05;BR-040/MG;Norte;Choque com objeto fixo;1;0;0;0;0;0;0;0;0;0;0;2;0;0;0
04/12/2017;07:32:00;126;Acidente com Vítima;3,1;BR-040/DF;Norte;Abalroamento longitudinal;1;0;0;1;0;0;0;0;0;0;1;2;0;0;0
04/12/2017;07:18:00;120;Acidente com Vítima;102,1;BR-040/MG;Norte;Choque com objeto fixo;1;0;0;0;0;0;0;0;0;0;0;1;0;0;0
04/12/2017;06:44:00;109;Acidente sem Vítima;698;BR-040/MG;Norte;Choque em defensa;1;0;0;0;0;0;0;0;0;0;1;0;0;0;0
04/12/2017;05:05:00;88;Acidente sem Vítima;463,145;BR-040/MG;Sul;Capotamento;1;0;0;0;0;0;0;0;0;0;1;0;0;0;0
04/12/2017;02:43:00;76;Acidente sem Vítima;631;BR-040/MG;Sul;Atropelamento de animal;0;0;1;0;0;0;0;0;0;0;16;0;0;0;0
04/12/2017;01:54:00;71;Acidente com Vítima;12,2;BR-040/GO;Norte;Abalroamento longitudinal;3;0;0;0;0;0;0;0;0;0;2;0;0;1;0
03/12/2017;20:23:00;319;Acidente sem Vítima;443,1;BR-040/MG;Sul;Choque em defensa;0;0;1;0;0;0;0;0;0;0;1;0;0;0;0
03/12/2017;18:47:00;278;Acidente sem Vítima;728,3;BR-040/MG;Sul;Choque com objeto fixo;1;0;0;0;0;0;0;0;0;0;1;0;0;0;0
03/12/2017;18:31:00;273;Acidente sem Vítima;567,5;BR-040/MG;Sul;Capotamento;1;0;0;0;0;0;0;0;0;0;2;0;0;0;0
03/12/2017;17:09:00;244;Acidente com Vítima;561,05;BR-040/MG;Sul;Colisão traseira;2;0;0;0;0;0;0;0;0;0;0;3;0;0;0
03/12/2017;16:36:00;231;Acidente sem Vítima;635,8;BR-040/MG;Norte;Capotamento;1;0;0;0;0;0;0;0;0;0;2;0;0;0;0
03/12/2017;15:40:00;214;Acidente sem Vítima;462,3;BR-040/MG;Norte;Colisão traseira;2;0;0;0;0;0;0;0;0;0;8;0;0;0;0
03/12/2017;15:20:00;206;Acidente sem Vítima;462,3;BR-040/MG;Norte;Capotamento;1;0;0;0;0;0;0;0;0;0;2;0;0;0;0
03/12/2017;12:36:00;158;Acidente sem Vítima;0,3;BR-040/GO;Sul;Colisão traseira;2;0;0;0;0;0;0;0;0;0;2;0;0;0;0
03/12/2017;12:26:00;155;Acidente sem Vítima;716,8;BR-040/MG;Norte;Choque em defensa;1;0;0;0;0;0;0;0;0;0;1;0;0;0;0
03/12/2017;00:49:00;10;Acidente com Vítima;634,697;BR-040/MG;Norte;Atropelamento de animal;1;0;0;1;0;0;0;0;0;0;2;1;0;0;0
03/12/2017;00:38:00;7;Acidente sem Vítima;527,1;BR-040/MG;Sul;Choque em defensa;1;0;0;0;0;0;0;0;0;0;2;0;0;0;0
03/12/2017;00:00:00;2;Acidente sem Vítima;540,5;BR-040/MG;Norte;Choque em barreira New Jersey;1;0;0;0;0;0;0;0;0;0;1;0;0;0;0
02/12/2017;21:36:00;388;Acidente sem Vítima;679,5;BR-040/MG;Norte;Choque em defensa;0;0;1;0;0;0;0;0;0;0;1;0;0;0;0
02/12/2017;20:16:00;371;Acidente sem Vítima;18,5;BR-040/GO;Norte;Colisão traseira;1;0;0;1;0;0;0;0;0;0;5;0;0;0;0
02/12/2017;19:31:00;353;Acidente sem Vítima;458,3;BR-040/MG;Norte;Choque com objeto fixo;1;0;0;0;0;0;0;0;0;0;2;0;0;0;0
02/12/2017;18:25:00;335;Acidente sem Vítima;1,8;BR-040/GO;Sul;Colisão traseira;1;0;0;1;0;0;0;0;0;0;2;0;0;0;0
02/12/2017;18:05:00;329;Acidente com Vítima;567,906;BR-040/MG;Sul;Abalroamento longitudinal;1;0;0;1;0;0;0;0;0;0;1;0;1;0;0
02/12/2017;17:56:00;326;Acidente com Vítima;567,6;BR-040/MG;Norte;Capotamento;1;0;0;0;0;0;0;0;0;0;4;1;0;0;0
02/12/2017;16:19:00;301;Acidente sem Vítima;447,2;BR-040/MG;Sul;Choque com objeto fixo;1;0;0;0;0;0;0;0;0;0;1;0;0;0;0
02/12/2017;15:26:00;281;Acidente sem Vítima;1,5;BR-040/GO;Sul;Colisão traseira;2;0;0;0;0;0;0;0;0;0;2;0;0;0;0
02/12/2017;15:24:00;280;Acidente sem Vítima;523,1;BR-040/MG;Norte;Colisão traseira;2;0;0;0;0;0;0;0;0;0;2;0;0;0;0
02/12/2017;14:54:00;270;Acidente com Vítima;521,5;BR-040/MG;Norte;Queda de Carga;0;0;1;0;0;0;0;0;0;0;1;1;0;0;0
02/12/2017;13:05:00;228;Acidente sem Vítima;510,4;BR-040/MG;Sul;Abalroamento longitudinal;2;0;0;0;0;0;0;0;0;0;2;0;0;0;0
02/12/2017;12:48:00;221;Acidente sem Vítima;131,15;BR-040/MG;Norte;Outros;0;0;0;1;0;0;0;0;0;0;2;0;0;0;0
02/12/2017;09:24:00;124;Acidente sem Vítima;3,5;BR-040/GO;Norte;Choque com objeto fixo;1;0;0;0;0;0;0;0;0;0;1;0;0;0;0
02/12/2017;09:04:00;113;Acidente sem Vítima;741,3;BR-040/MG;Sul;Colisão traseira;1;0;0;0;0;0;0;0;0;1;4;0;0;0;0
02/12/2017;06:37:00;57;Acidente sem Vítima;717;BR-040/MG;Sul;Capotamento;1;0;0;0;0;0;0;0;0;0;2;0;0;0;0
02/12/2017;06:27:00;55;Acidente sem Vítima;457,5;BR-040/MG;Norte;Capotamento;1;0;0;0;0;0;0;0;0;0;1;0;0;0;0
02/12/2017;05:41:00;49;Acidente sem Vítima;518,7;BR-040/MG;Norte;Choque com objeto fixo;1;0;0;0;0;0;0;0;0;0;1;0;0;0;0
02/12/2017;01:09:00;15;Atropelamento com Morte;32,05;BR-040/GO;Norte;Atropelamento de pedestre caminhando;0;0;1;0;0;0;0;0;0;0;1;0;0;0;1
01/12/2017;23:04:00;400;Acidente sem Vítima;473,2;BR-040/MG;Norte;Choque com objeto fixo;0;0;1;0;0;0;0;0;0;0;1;0;0;0;0
01/12/2017;23:02:00;399;Acidente sem Vítima;565,1;BR-040/MG;Norte;Queda de Carga;1;0;0;0;1;0;0;0;0;0;3;0;0;0;0
01/12/2017;22:42:00;395;Acidente sem Vítima;526;BR-040/MG;Sul;Colisão traseira;3;0;0;0;0;0;0;0;0;0;5;0;0;0;0
01/12/2017;21:50:00;385;Acidente sem Vítima;455,2;BR-040/MG;Norte;Choque com objeto fixo;0;0;1;0;0;0;0;0;0;0;1;0;0;0;0
01/12/2017;21:20:00;376;Acidente com Vítima;647,4;BR-040/MG;Norte;Capotamento;1;0;0;0;0;0;0;0;0;0;1;0;0;1;0
01/12/2017;20:42:00;367;Acidente sem Vítima;511;BR-040/MG;Sul;Choque com objeto fixo;2;0;0;0;0;0;0;0;0;0;2;0;0;0;0
01/12/2017;19:00:00;332;Acidente sem Vítima;705;BR-040/MG;Sul;Capotamento;0;0;1;0;0;0;0;0;0;0;1;0;0;0;0
01/12/2017;18:52:00;329;Acidente sem Vítima;592,12;BR-040/MG;Norte;Choque em defensa;0;0;1;0;0;0;0;0;0;0;1;0;0;0;0
01/12/2017;18:30:00;315;Acidente sem Vítima;711,8;BR-040/MG;Sul;Capotamento;1;0;0;0;0;0;0;0;0;0;1;0;0;0;0
01/12/2017;17:38:00;295;Acidente com Vítima;3,5;BR-040/GO;Sul;Abalroamento longitudinal;1;0;0;1;0;0;0;0;0;0;1;0;1;0;0
01/12/2017;17:30:00;294;Acidente sem Vítima;515,3;BR-040/MG;Sul;Colisão traseira;4;0;0;0;0;0;0;0;0;0;5;0;0;0;0
01/12/2017;17:03:00;286;Acidente com Vítima;606,7;BR-040/MG;Sul;Colisão traseira;3;0;0;0;0;0;0;0;0;0;2;2;0;0;0
01/12/2017;15:27:00;256;Acidente sem Vítima;544,8;BR-040/MG;Sul;Colisão traseira;2;0;1;0;0;0;0;0;0;0;3;0;0;0;0
01/12/2017;14:57:00;245;Acidente com Vítima;539,8;BR-040/MG;Sul;Queda de Moto;1;0;0;0;0;0;0;0;0;0;0;1;0;0;0
01/12/2017;14:28:00;242;Acidente com Vítima;4,2;BR-040/GO;Sul;Choque com objeto fixo;1;0;0;0;0;0;0;0;0;0;0;1;0;0;0
01/12/2017;14:26:00;241;Acidente com Vítima;520,85;BR-040/MG;Norte;Capotamento;1;0;0;0;0;0;0;0;0;0;1;1;0;0;0
01/12/2017;13:56:00;234;Acidente com Vítima;535,1;BR-040/MG;Norte;Queda de Moto;1;0;0;1;0;0;0;0;0;0;1;0;1;0;0
01/12/2017;13:44:00;232;Acidente sem Vítima;563,1;BR-040/MG;Sul;Choque com objeto fixo;1;0;1;0;0;0;0;0;0;0;2;0;0;0;0
01/12/2017;12:23:00;210;Atropelamento sem Morte;444,5;BR-040/MG;Sul;Atropelamento de pedestre atravessando;2;0;0;0;0;0;0;0;0;0;2;1;0;0;0
01/12/2017;12:18:00;209;Acidente sem Vítima;557,614;BR-040/MG;Sul;Choque com objeto fixo;1;0;0;0;0;0;0;0;0;0;1;0;0;0;0
01/12/2017;11:48:00;205;Acidente sem Vítima;444,3;BR-040/MG;Sul;Capotamento;0;0;0;0;0;0;0;0;0;1;1;0;0;0;0
01/12/2017;10:49:00;191;Acidente com Vítima;603,4;BR-040/MG;Sul;Choque em barreira New Jersey;2;0;0;0;0;0;0;0;0;0;1;1;4;0;0
01/12/2017;10:45:00;190;Acidente sem Vítima;591,8;BR-040/MG;Norte;Choque em barreira New Jersey;1;0;0;0;0;0;0;0;0;0;1;0;0;0;0
01/12/2017;09:30:00;156;Acidente sem Vítima;727,8;BR-040/MG;Sul;Choque em barreira New Jersey;1;0;0;0;0;0;0;0;0;0;1;0;0;0;0