data;horario;n_da_ocorrencia;tipo_de_ocorrencia;km;trecho;sentido;tipo_de_acidente;automovel;bicicleta;caminhao;moto;onibus;outros;tracao_animal;transporte_de_cargas_especiais;trator_maquinas;utilitarios;ilesos;levemente_feridos;moderadamente_feridos;gravemente_feridos;mortos
01/12/2017;07:56:00;128;Acidente sem Vítima;717,1;BR-040/MG;Norte;Choque em barreira New Jersey;1;0;0;0;0;0;0;0;0;0;1;0;0;0;0
01/12/2017;07:40:00;123;Acidente com Vítima;472;BR-040/MG;Sul;Choque com objeto fixo;1;0;0;0;0;0;0;0;0;0;2;2;0;0;0
01/12/2017;07:31:00;121;Acidente com Vítima;2,71;BR-040/DF;Norte;Abalroamento longitudinal;2;0;0;1;0;0;0;0;0;0;2;1;0;0;0
01/12/2017;06:41:00;106;Acidente com Morte;89,2;BR-040/MG;Sul;Abalroamento longitudinal;0;0;2;0;0;0;0;0;0;0;1;0;0;0;1
01/12/2017;01:18:00;27;Acidente sem Vítima;437,49;BR-040/MG;Norte;Choque em defensa;0;0;1;0;0;0;0;0;0;0;1;0;0;0;0
01/12/2017;00:50:00;23;Acidente sem Vítima;0,4;BR-040/GO;Sul;Colisão traseira;0;0;0;1;1;0;0;0;0;0;35;0;0;0;0
31/01/2018;21:52:00;391;Acidente sem Vítima;42,8;BR-040/GO;Norte;Choque com objeto fixo;0;0;1;0;0;0;0;0;0;0;1;0;0;0;0
31/01/2018;20:42:00;372;Acidente com Vítima;3,05;BR-040/GO;Sul;Colisão traseira;0;0;0;1;1;0;0;0;0;0;2;2;0;0;0
31/01/2018;19:48:00;362;Acidente sem Vítima;460,1;BR-040/MG;Sul;Abalroamento longitudinal;2;0;0;0;0;0;0;0;0;0;4;0;0;0;0
31/01/2018;19:35:00;359;Acidente sem Vítima;453,3;BR-040/MG;Sul;Choque com objeto fixo;0;0;0;0;0;0;0;0;0;1;1;0;0;0;0
31/01/2018;18:45:00;348;Acidente sem Vítima;6,5;BR-040/GO;Sul;Choque com objeto fixo;1;0;0;0;0;0;0;0;0;0;4;0;0;0;0
31/01/2018;18:15:00;343;Acidente sem Vítima;51,5;BR-040/GO;Norte;Abalroamento longitudinal;2;0;0;0;0;0;0;0;0;0;4;0;0;0;0
31/01/2018;17:59:00;337;Acidente sem Vítima;509,75;BR-040/MG;Sul;Colisão traseira;5;0;0;0;0;0;0;0;0;0;9;0;0;0;0
31/01/2018;17:42:00;333;Acidente sem Vítima;509,9;BR-040/MG;Norte;Queda de Carga;0;0;1;0;0;0;0;0;0;0;1;0;0;0;0
31/01/2018;17:16:00;327;Acidente sem Vítima;738,99;BR-040/MG;Sul;Outros;1;0;0;0;0;0;0;0;0;0;1;0;0;0;0
31/01/2018;15:23:00;285;Acidente com Vítima;594,8;BR-040/MG;Norte;Choque em defensa;1;0;0;0;0;0;0;0;0;0;1;3;0;0;0
31/01/2018;14:58:00;275;Acidente sem Vítima;501,1;BR-040/MG;Norte;Choque com objeto fixo;0;0;1;0;0;0;0;0;0;0;1;0;0;0;0
31/01/2018;14:37:00;269;Acidente com Vítima;504,5;BR-040/MG;Norte;Outros;0;0;1;0;0;0;0;0;0;0;1;1;0;0;0
31/01/2018;14:26:00;267;Acidente sem Vítima;532,1;BR-040/MG;Sul;Colisão traseira;3;0;0;0;0;0;0;0;0;0;3;0;0;0;0
31/01/2018;10:47:00;204;Acidente sem Vítima;695,15;BR-040/MG;Sul;Choque com objeto fixo;1;0;0;0;0;0;0;0;0;0;1;0;0;0;0
31/01/2018;10:16:00;195;Acidente sem Vítima;588,4;BR-040/MG;Sul;Colisão traseira;1;0;2;0;0;0;0;0;0;0;3;0;0;0;0
31/01/2018;10:11:00;192;Acidente sem Vítima;717;BR-040/MG;Norte;Choque com objeto fixo;1;0;0;0;0;0;0;0;0;0;1;0;0;0;0
31/01/2018;09:56:00;187;Acidente sem Vítima;462;BR-040/MG;Sul;Choque com objeto fixo;1;0;0;0;0;0;0;0;0;0;1;0;0;0;0
31/01/2018;09:17:00;172;Acidente com Vítima;588,5;BR-040/MG;Norte;Queda de Carga;0;0;1;0;0;0;0;0;0;0;0;2;0;0;0
31/01/2018;08:43:00;162;Acidente sem Vítima;538,1;BR-040/MG;Norte;Colisão traseira;2;0;0;0;0;0;0;0;0;0;2;0;0;0;0
31/01/2018;08:35:00;159;Acidente sem Vítima;425,9;BR-040/MG;Sul;Queda de Carga;0;0;1;0;0;0;0;0;0;0;1;0;0;0;0
31/01/2018;03:16:00;96;Acidente sem Vítima;434,983;BR-040/MG;Sul;Choque com objeto fixo;0;0;0;0;1;0;0;0;0;0;12;0;0;0;0
30/01/2018;23:37:00;426;Acidente sem Vítima;717;BR-040/MG;Norte;Choque com objeto fixo;1;0;0;0;0;0;0;0;0;0;1;0;0;0;0
30/01/2018;21:41:00;405;Acidente sem Vítima;667;BR-040/MG;Sul;Colisão traseira;0;0;1;0;0;0;0;0;1;0;2;0;0;0;0
30/01/2018;20:28:00;379;Acidente sem Vítima;653;BR-040/MG;Norte;Choque com objeto fixo;1;0;0;0;0;0;0;0;0;0;2;0;0;0;0
30/01/2018;19:33:00;352;Acidente sem Vítima;512,911;BR-040/MG;Sul;Choque com objeto fixo;1;0;0;0;0;0;0;0;0;0;1;0;0;0;0
30/01/2018;19:25:00;349;Acidente com Vítima;538,31;BR-040/MG;Norte;Colisão traseira;0;0;0;1;0;1;0;0;0;1;4;1;0;0;0
30/01/2018;18:51:00;334;Acidente sem Vítima;733;BR-040/MG;Norte;Choque com objeto fixo;1;0;0;0;0;0;0;0;0;0;1;0;0;0;0
30/01/2018;17:52:00;306;Acidente sem Vítima;647;BR-040/MG;Sul;Choque com objeto fixo;1;0;0;0;0;0;0;0;0;0;2;0;0;0;0
30/01/2018;17:38:00;303;Acidente com Vítima;469,1;BR-040/MG;Norte;Abalroamento longitudinal;0;0;1;1;0;0;0;0;0;0;2;0;1;0;0
30/01/2018;16:29:00;286;Acidente sem Vítima;728,1;BR-040/MG;Sul;Choque com objeto fixo;1;0;0;0;0;0;0;0;0;0;1;0;0;0;0
30/01/2018;16:18:00;284;Acidente sem Vítima;647;BR-040/MG;Norte;Capotamento;1;0;0;0;0;0;0;0;0;0;1;0;0;0;0
30/01/2018;16:15:00;282;Acidente com Vítima;766,972;BR-040/MG;Sul;Colisão frontal;1;0;1;0;0;0;0;0;0;0;3;1;0;1;0
30/01/2018;16:06:00;277;Acidente com Vítima;160,01;BR-040/MG;Norte;Abalroamento longitudinal;1;0;1;0;0;0;0;0;0;0;4;0;1;0;0
30/01/2018;15:00:00;261;Acidente sem Vítima;573,15;BR-040/MG;Sul;Colisão traseira;0;0;2;0;0;0;0;0;0;0;21;0;0;0;0
30/01/2018;14:00:00;242;Acidente sem Vítima;472,2;BR-040/MG;Sul;Colisão traseira;1;0;1;0;0;0;0;0;0;0;2;0;0;0;0
30/01/2018;10:34:00;178;Acidente sem Vítima;717,46;BR-040/MG;Norte;Choque em defensa;2;0;0;0;0;0;0;0;0;0;6;0;0;0;0
30/01/2018;09:44:00;151;Acidente com Vítima;726,15;BR-040/MG;Sul;Choque com objeto fixo;1;0;0;0;0;0;0;0;0;0;0;1;0;0;0
30/01/2018;09:33:00;146;Acidente sem Vítima;738,3;BR-040/MG;Sul;Choque com objeto fixo;1;0;0;0;0;0;0;0;0;0;1;0;0;0;0
30/01/2018;07:30:00;99;Acidente com Vítima;524,1;BR-040/MG;Sul;Colisão traseira;4;0;1;0;0;0;0;0;0;0;5;1;0;0;0
30/01/2018;06:10:00;85;Acidente sem Vítima;611,643;BR-040/MG;Sul;Colisão traseira;0;0;2;0;0;0;0;0;0;0;2;0;0;0;0
30/01/2018;06:05:00;84;Acidente sem Vítima;474,5;BR-040/MG;Norte;Queda de Carga;1;0;0;0;0;0;0;0;0;0;1;0;0;0;0
29/01/2018;23:09:00;383;Acidente sem Vítima;607,5;BR-040/MG;Norte;Choque em defensa;1;0;0;0;0;0;0;0;0;0;3;0;0;0;0
29/01/2018;21:36:00;367;Acidente com Vítima;66,44;BR-040/GO;Norte;Colisão traseira;1;0;1;0;0;0;0;0;0;0;1;0;1;0;0
29/01/2018;21:31:00;366;Acidente sem Vítima;0,165;BR-040/GO;Sul;Abalroamento longitudinal;3;0;0;0;0;0;0;0;0;0;5;0;0;0;0
29/01/2018;20:51:00;356;Acidente com Vítima;679,16;BR-040/MG;Norte;Queda de Moto;1;0;0;1;0;0;0;0;0;0;1;1;0;0;0
29/01/2018;20:38:00;353;Acidente com Vítima;3,6;BR-040/GO;Sul;Colisão traseira;2;0;0;0;0;0;0;0;0;0;2;1;0;0;0
29/01/2018;19:47:00;342;Acidente sem Vítima;425,32;BR-040/MG;Norte;Choque com objeto fixo;1;0;0;0;0;0;0;0;0;0;4;0;0;0;0
29/01/2018;19:00:00;319;Acidente com Vítima;638,7;BR-040/MG;Norte;Colisão traseira;4;0;0;0;0;0;0;0;0;0;10;1;0;0;0
29/01/2018;17:45:00;283;Acidente com Vítima;531,5;BR-040/MG;Norte;Queda de Moto;0;0;0;1;0;0;0;0;0;0;0;1;0;0;0
29/01/2018;17:22:00;274;Acidente sem Vítima;526,005;BR-040/MG;Norte;Colisão traseira;1;0;1;0;0;0;0;0;0;0;2;0;0;0;0
29/01/2018;17:22:00;286;Acidente sem Vítima;526,005;BR-040/MG;Norte;Abalroamento longitudinal;1;0;1;0;0;0;0;0;0;0;2;0;0;0;0
29/01/2018;17:15:00;271;Acidente sem Vítima;94,6;BR-040/MG;Norte;Colisão traseira;2;0;0;0;0;0;0;0;0;0;2;0;0;0;0
29/01/2018;16:04:00;251;Acidente sem Vítima;468,3;BR-040/MG;Sul;Capotamento;1;0;0;0;0;0;0;0;0;0;1;0;0;0;0
29/01/2018;15:40:00;243;Acidente sem Vítima;445,1;BR-040/MG;Norte;Queda de Moto;0;0;0;2;0;0;0;0;0;0;2;0;0;0;0
29/01/2018;15:01:00;232;Acidente com Vítima;461,5;BR-040/MG;Norte;Queda de Moto;1;0;0;0;0;0;0;0;0;0;1;2;0;0;0
29/01/2018;14:26:00;221;Acidente sem Vítima;528,8;BR-040/MG;Sul;Abalroamento longitudinal;1;0;1;0;0;0;0;0;0;0;2;0;0;0;0
29/01/2018;14:06:00;214;Acidente com Vítima;656,3;BR-040/MG;Norte;Choque em barreira New Jersey;1;0;0;0;0;0;0;0;0;0;1;1;0;0;0
29/01/2018;12:14:00;190;Acidente sem Vítima;480,1;BR-040/MG;Sul;Choque com objeto fixo;1;0;0;0;0;0;0;0;0;0;1;0;0;0;0
29/01/2018;12:09:00;187;Acidente sem Vítima;505,7;BR-040/MG;Norte;Colisão traseira;2;0;1;0;0;0;0;0;0;0;3;0;0;0;0
29/01/2018;09:12:00;145;Acidente sem Vítima;477,1;BR-040/MG;Norte;Choque com objeto fixo;1;0;0;0;0;0;0;0;0;0;2;0;0;0;0
29/01/2018;07:23:00;108;Acidente sem Vítima;493,1;BR-040/MG;Norte;Colisão traseira;1;0;1;0;1;0;0;0;0;0;52;0;0;0;0
29/01/2018;06:57:00;101;Acidente com Vítima;493,5;BR-040/MG;Norte;Capotamento;1;0;0;0;0;0;0;0;0;0;0;1;0;0;0
29/01/2018;05:25:00;89;Acidente sem Vítima;462,7;BR-040/MG;Sul;Choque com objeto fixo;0;0;1;0;0;0;0;0;0;0;1;0;0;0;0
29/01/2018;01:04:00;17;Acidente sem Vítima;552;BR-040/MG;Norte;Colisão traseira;1;0;0;0;0;0;0;0;0;1;2;0;0;0;0
28/01/2018;23:09:00;365;Acidente sem Vítima;721,8;BR-040/MG;Norte;Choque com objeto fixo;1;0;0;0;0;0;0;0;0;0;1;0;0;0;0
28/01/2018;22:14:00;343;Atropelamento sem Morte;3,7;BR-040/GO;Sul;Atropelamento de ciclista;1;0;0;0;0;0;0;0;0;0;1;0;1;0;0
28/01/2018;21:57:00;339;Acidente com Vítima;660,42;BR-040/MG;Norte;Choque com objeto fixo;1;0;0;0;0;0;0;0;0;0;1;1;0;0;0
28/01/2018;20:41:00;320;Acidente com Vítima;554;BR-040/MG;Sul;Choque com objeto fixo;0;0;0;1;0;0;0;0;0;0;1;1;0;0;0
28/01/2018;19:56:00;303;Acidente com Vítima;631,74;BR-040/MG;Norte;Queda de Moto;0;0;0;1;0;0;0;0;0;0;0;0;1;0;0
28/01/2018;18:47:00;277;Acidente sem Vítima;462,3;BR-040/MG;Sul;Colisão traseira;2;0;1;0;0;0;0;0;0;0;8;0;0;0;0
28/01/2018;18:21:00;267;Acidente sem Vítima;505;BR-040/MG;Norte;Colisão traseira;2;0;0;0;0;0;0;0;0;0;2;0;0;0;0
28/01/2018;18:09:00;265;Acidente com Vítima;501;BR-040/MG;Sul;Capotamento;1;0;0;0;0;0;0;0;0;0;0;1;0;0;0
28/01/2018;17:36:00;260;Acidente com Vítima;510,3;BR-040/MG;Sul;Queda de Moto;0;0;0;1;0;0;0;0;0;0;0;2;0;0;0
28/01/2018;17:16:00;255;Acidente sem Vítima;626,5;BR-040/MG;Sul;Abalroamento longitudinal;1;0;1;0;0;0;0;0;0;0;2;0;0;0;0
28/01/2018;16:21:00;232;Acidente sem Vítima;414;BR-040/MG;Sul;Colisão traseira;2;0;0;0;0;0;0;0;0;0;3;0;0;0;0
28/01/2018;13:54:00;179;Acidente sem Vítima;445;BR-040/MG;Norte;Choque com objeto fixo;1;0;0;0;0;0;0;0;0;0;3;0;0;0;0
28/01/2018;11:04:00;143;Acidente com Vítima;585,05;BR-040/MG;Sul;Queda de Moto;0;0;0;1;0;0;0;0;0;0;1;1;0;0;0
28/01/2018;10:28:00;131;Acidente sem Vítima;459,5;BR-040/MG;Norte;Abalroamento longitudinal;0;0;0;2;0;0;0;0;0;0;2;0;0;0;0
28/01/2018;01:21:00;19;Acidente sem Vítima;734,55;BR-040/MG;Sul;Choque com objeto fixo;1;0;0;0;0;0;0;0;0;0;1;0;0;0;0
27/01/2018;23:55:00;378;Acidente sem Vítima;6,4;BR-040/DF;Sul;Choque com objeto fixo;1;0;0;0;0;0;0;0;0;0;2;0;0;0;0
27/01/2018;23:48:00;375;Acidente sem Vítima;533,5;BR-040/MG;Norte;Colisão traseira;2;0;0;0;0;0;0;0;0;0;2;0;0;0;0
27/01/2018;21:53:00;356;Acidente sem Vítima;485;BR-040/MG;Sul;Atropelamento de animal;1;0;0;0;0;0;0;0;0;0;1;0;0;0;0
27/01/2018;21:16:00;351;Acidente sem Vítima;3,1;BR-040/GO;Norte;Abalroamento longitudinal;1;0;0;1;0;0;0;0;0;0;2;0;0;0;0
27/01/2018;20:24:00;337;Acidente com Vítima;632,33;BR-040/MG;Norte;Colisão traseira;2;0;0;0;0;0;0;0;0;0;5;0;1;0;0
27/01/2018;19:40:00;321;Acidente sem Vítima;507;BR-040/MG;Norte;Outros;0;0;0;0;0;0;0;0;0;1;1;0;0;0;0
27/01/2018;19:34:00;320;Acidente com Vítima;511;BR-040/MG;Norte;Colisão traseira;1;0;0;1;0;0;0;0;0;0;1;1;0;0;0
27/01/2018;17:28:00;283;Acidente sem Vítima;521,5;BR-040/MG;Sul;Abalroamento longitudinal;2;0;0;0;0;0;0;0;0;0;2;0;0;0;0
27/01/2018;17:12:00;277;Acidente com Vítima;568;BR-040/MG;Sul;Abalroamento longitudinal;2;0;0;0;0;0;0;0;0;0;2;1;1;0;0
27/01/2018;15:14:00;234;Acidente sem Vítima;562;BR-040/MG;Norte;Choque com objeto fixo;1;0;0;0;0;0;0;0;0;0;2;0;0;0;0
27/01/2018;12:40:00;181;Acidente com Vítima;1,8;BR-040/DF;Norte;Abalroamento longitudinal;1;0;0;1;0;0;0;0;0;0;1;1;0;0;0
27/01/2018;12:07:00;174;Acidente sem Vítima;611,15;BR-040/MG;Norte;Colisão traseira;2;0;0;0;0;0;0;0;0;0;3;0;0;0;0
27/01/2018;11:43:00;162;Acidente sem Vítima;544;BR-040/MG;Sul;Abalroamento longitudinal;3;0;0;0;0;0;0;0;0;0;3;0;0;0;0
27/01/2018;11:35:00;158;Acidente sem Vítima;743,5;BR-040/MG;Norte;Choque com objeto fixo;0;0;0;1;0;0;0;0;0;0;1;0;0;0;0
27/01/2018;11:34:00;155;Acidente sem Vítima;440,17;BR-040/MG;Sul;Queda de Carga;1;0;0;0;0;0;0;0;0;0;4;0;0;0;0
27/01/2018;09:37:00;113;Acidente sem Vítima;573,2;BR-040/MG;Norte;Queda de Carga;1;0;0;0;0;0;0;0;0;0;1;0;0;0;0
27/01/2018;09:00:00;105;Acidente sem Vítima;2;BR-040/GO;Norte;Colisão traseira;1;0;1;0;0;0;0;0;0;0;2;0;0;0;0
27/01/2018;08:48:00;101;Acidente com Vítima;556,05;BR-040/MG;Sul;Queda de Moto;0;0;0;1;0;0;0;0;0;0;1;1;0;0;0
27/01/2018;07:54:00;88;Acidente sem Vítima;510,5;BR-040/MG;Sul;Colisão traseira;1;0;0;0;1;0;0;0;0;0;2;0;0;0;0
27/01/2018;07:25:00;81;Acidente com Vítima;475,7;BR-040/MG;Norte;Queda de Moto;1;0;0;1;0;0;0;0;0;0;2;0;1;0;0
27/01/2018;05:23:00;55;Acidente com Morte;533,8;BR-040/MG;Norte;Choque com objeto fixo;0;0;0;1;0;0;0;0;0;0;0;0;0;0;1
27/01/2018;04:58:00;53;Acidente sem Vítima;6,637;BR-040/GO;Norte;Colisão traseira;2;0;0;0;0;0;0;0;0;0;2;0;0;0;0
27/01/2018;00:00:00;3;Acidente com Vítima;590,64;BR-040/MG;Norte;Colisão frontal;2;0;0;0;0;0;0;0;0;0;2;2;0;0;0
26/01/2018;18:38:00;296;Acidente com Vítima;739,5;BR-040/MG;Sul;Capotamento;1;0;0;0;0;0;0;0;0;0;0;1;0;0;0
26/01/2018;18:24:00;287;Acidente sem Vítima;740,1;BR-040/MG;Norte;Capotamento;1;0;0;0;0;0;0;0;0;0;1;0;0;0;0
26/01/2018;18:00:00;280;Acidente sem Vítima;729,1;BR-040/MG;Sul;Choque em barreira New Jersey;1;0;0;0;0;0;0;0;0;0;2;0;0;0;0
26/01/2018;15:40:00;241;Acidente sem Vítima;541,003;BR-040/MG;Sul;Choque com objeto fixo;1;0;0;0;0;0;0;0;0;0;1;0;0;0;0
26/01/2018;13:34:00;199;Acidente com Vítima;502,275;BR-040/MG;Norte;Colisão traseira;2;0;0;0;0;0;0;0;0;0;1;2;1;0;0
26/01/2018;12:15:00;182;Acidente sem Vítima;306,1;BR-040/MG;Norte;Choque com objeto fixo;1;0;0;0;0;0;0;0;0;0;1;0;0;0;0
26/01/2018;09:03:00;143;Acidente com Vítima;68,1;BR-040/GO;Norte;Choque em defensa;1;0;0;0;0;0;0;0;0;0;0;1;0;0;0
26/01/2018;08:29:00;123;Acidente com Vítima;2,8;BR-040/GO;Sul;Colisão traseira;1;0;0;1;0;0;0;0;0;0;2;1;0;0;0
26/01/2018;06:54:00;100;Acidente sem Vítima;604;BR-040/MG;Sul;Abalroamento transversal;2;0;1;0;0;0;0;0;0;0;16;0;0;0;0
26/01/2018;06:47:00;98;Acidente com Vítima;3,1;BR-040/DF;Norte;Abalroamento longitudinal;1;0;0;1;0;0;0;0;0;0;1;1;0;0;0
26/01/2018;06:28:00;95;Acidente sem Vítima;515,5;BR-040/MG;Sul;Abalroamento longitudinal;1;0;1;0;0;0;0;0;0;0;2;0;0;0;0
26/01/2018;06:22:00;94;Acidente sem Vítima;0,84;BR-040/DF;Sul;Choque com objeto fixo;1;0;0;0;0;0;0;0;0;0;1;0;0;0;0
26/01/2018;05:30:00;90;Acidente com Vítima;574,05;BR-040/MG;Sul;Capotamento;1;0;0;0;0;0;0;0;0;0;0;0;1;0;0
26/01/2018;03:35:00;79;Acidente com Vítima;647,8;BR-040/MG;Norte;Colisão frontal;1;0;0;0;0;1;0;0;0;0;3;0;1;0;0
25/01/2018;22:30:00;402;Acidente sem Vítima;579,55;BR-040/MG;Sul;Atropelamento de animal;1;0;0;0;0;0;0;0;0;0;1;0;0;0;0
25/01/2018;21:18:00;391;Acidente sem Vítima;202,2;BR-040/MG;Sul;Abalroamento longitudinal;1;0;0;0;0;1;0;0;0;0;6;0;0;0;0
25/01/2018;18:25:00;317;Acidente sem Vítima;6,8;BR-040/GO;Sul;Abalroamento longitudinal;2;0;0;0;0;0;0;0;0;0;6;0;0;0;0
25/01/2018;18:08:00;308;Acidente sem Vítima;2,05;BR-040/GO;Sul;Colisão traseira;3;0;0;0;0;0;0;0;0;0;3;0;0;0;0
25/01/2018;16:34:00;274;Acidente com Vítima;1,8;BR-040/GO;Norte;Abalroamento longitudinal;1;0;0;1;0;0;0;0;0;0;1;0;1;0;0
25/01/2018;15:59:00;266;Acidente sem Vítima;9,8;BR-040/GO;Sul;Abalroamento longitudinal;2;0;0;0;0;0;0;0;0;0;2;0;0;0;0
25/01/2018;14:50:00;244;Acidente sem Vítima;34,1;BR-040/MG;Norte;Choque com objeto fixo;0;0;0;1;0;0;0;0;0;0;1;0;0;0;0
25/01/2018;14:42:00;241;Acidente sem Vítima;69,9;BR-040/GO;Norte;Atropelamento de animal;1;0;0;0;0;0;0;0;0;0;3;0;0;0;0
25/01/2018;14:34:00;239;Acidente com Vítima;9,1;BR-040/GO;Sul;Abalroamento transversal;2;0;0;0;0;0;0;0;0;0;2;0;1;0;0
25/01/2018;12:47:00;212;Acidente sem Vítima;613,6;BR-040/MG;Sul;Colisão traseira;1;0;1;0;0;0;0;0;0;0;5;0;0;0;0
25/01/2018;01:54:00;68;Acidente sem Vítima;535,3;BR-040/MG;Norte;Queda de Moto;0;0;0;1;0;0;0;0;0;0;1;0;0;0;0
24/01/2018;21:03:00;362;Acidente sem Vítima;671,6;BR-040/MG;Norte;Queda de Carga;1;0;1;0;0;0;0;0;0;0;2;0;0;0;0
24/01/2018;20:31:00;356;Acidente com Vítima;24;BR-040/GO;Norte;Queda de Moto;0;0;0;1;0;0;0;0;0;0;0;0;0;0;0
24/01/2018;19:59:00;345;Acidente sem Vítima;536;BR-040/MG;Sul;Outros;0;0;1;0;0;0;0;0;0;0;3;0;0;0;0
24/01/2018;18:43:00;326;Acidente sem Vítima;5;BR-040/GO;Sul;Abalroamento longitudinal;2;0;0;0;0;0;0;0;0;0;2;0;0;0;0
24/01/2018;18:08:00;317;Acidente sem Vítima;464,4;BR-040/MG;Sul;Queda de Carga;0;0;1;0;0;0;0;0;0;0;3;0;0;0;0
24/01/2018;17:25:00;301;Acidente com Vítima;460,15;BR-040/MG;Sul;Capotamento;0;0;1;0;0;0;0;0;0;0;0;2;1;0;0
24/01/2018;16:59:00;292;Acidente com Vítima;333;BR-040/MG;Norte;Abalroamento longitudinal;1;0;1;0;0;0;0;0;0;0;1;1;2;0;0
24/01/2018;16:32:00;283;Acidente com Vítima;54,2;BR-040/GO;Norte;Queda de Moto;0;0;0;1;0;0;0;0;0;0;0;1;0;0;0
24/01/2018;15:37:00;256;Acidente sem Vítima;253;BR-040/MG;Sul;Queda de Moto;1;0;0;0;0;0;0;0;0;0;1;0;0;0;0
24/01/2018;14:53:00;239;Acidente sem Vítima;753,85;BR-040/MG;Sul;Colisão traseira;1;0;1;0;0;0;0;0;0;0;2;0;0;0;0
24/01/2018;12:17:00;193;Acidente com Vítima;770,2;BR-040/MG;Sul;Abalroamento transversal;1;0;1;0;0;0;0;0;0;0;1;2;0;0;0
24/01/2018;09:42:00;153;Acidente sem Vítima;562,8;BR-040/MG;Norte;Colisão traseira;2;0;0;0;0;0;0;0;0;0;2;0;0;0;0
24/01/2018;09:34:00;147;Acidente com Vítima;584,75;BR-040/MG;Norte;Capotamento;1;0;0;0;0;0;0;0;0;0;0;2;1;0;0
24/01/2018;07:20:00;95;Acidente sem Vítima;532,6;BR-040/MG;Sul;Colisão traseira;1;0;2;0;0;0;0;0;0;0;3;0;0;0;0
24/01/2018;05:44:00;77;Acidente com Morte;510,6;BR-040/MG;Sul;Colisão traseira;0;0;1;1;0;0;0;0;0;0;1;0;0;0;1
24/01/2018;04:11:00;74;Acidente sem Vítima;410,4;BR-040/MG;Sul;Queda de Carga;0;0;1;0;0;0;0;0;0;0;3;0;0;0;0
23/01/2018;18:49:00;361;Acidente sem Vítima;12;BR-040/GO;Sul;Colisão traseira;2;0;0;0;0;0;0;0;0;0;2;0;0;0;0
23/01/2018;18:44:00;359;Acidente com Vítima;526,1;BR-040/MG;Sul;Colisão traseira;0;0;0;1;1;0;0;0;0;0;1;1;0;0;0
23/01/2018;18:33:00;356;Acidente sem Vítima;673,3;BR-040/MG;Norte;Outros;1;0;0;0;0;0;0;0;0;0;2;0;0;0;0
23/01/2018;18:13:00;347;Acidente sem Vítima;509,3;BR-040/MG;Norte;Abalroamento longitudinal;1;0;2;0;0;0;0;0;0;0;4;0;0;0;0
23/01/2018;18:04:00;343;Acidente com Vítima;537,03;BR-040/MG;Norte;Abalroamento longitudinal;1;0;0;1;0;0;0;0;0;0;1;1;0;0;0
23/01/2018;17:24:00;330;Acidente sem Vítima;555,25;BR-040/MG;Norte;Colisão traseira;2;0;0;0;0;0;0;0;0;0;2;0;0;0;0
23/01/2018;17:04:00;317;Acidente com Vítima;513,2;BR-040/MG;Norte;Abalroamento longitudinal;1;0;0;1;0;0;0;0;0;0;1;1;0;0;0
23/01/2018;15:35:00;285;Acidente sem Vítima;506,15;BR-040/MG;Sul;Queda de Moto;0;0;0;1;0;0;0;0;0;0;2;0;0;0;0
23/01/2018;13:50:00;249;Acidente com Vítima;2;BR-040/GO;Norte;Abalroamento longitudinal;1;0;0;1;0;0;0;0;0;0;1;0;1;0;0
23/01/2018;05:48:00;96;Acidente sem Vítima;621,59;BR-040/MG;Sul;Choque em defensa;1;0;0;0;0;0;0;0;0;0;1;0;0;0;0
23/01/2018;05:38:00;94;Acidente com Vítima;28,607;BR-040/GO;Sul;Abalroamento transversal;3;0;0;0;0;0;0;0;0;0;3;1;1;0;0
23/01/2018;04:18:00;89;Acidente sem Vítima;457,07;BR-040/MG;Sul;Queda de Carga;0;0;1;0;0;0;0;0;0;0;1;0;0;0;0
22/01/2018;19:47:00;300;Acidente sem Vítima;728,5;BR-040/MG;Sul;Choque com objeto fixo;1;0;0;0;0;0;0;0;0;0;1;0;0;0;0
22/01/2018;17:44:00;272;Acidente com Vítima;150,8;BR-040/GO;Sul;Capotamento;1;0;0;0;0;0;0;0;0;0;1;1;2;0;0
22/01/2018;15:21:00;229;Acidente sem Vítima;543,5;BR-040/MG;Sul;Choque com objeto fixo;1;0;0;0;0;0;0;0;0;0;1;0;0;0;0
22/01/2018;12:09:00;186;Acidente com Morte;504,1;BR-040/MG;Norte;Capotamento;1;0;0;0;0;0;0;0;0;0;1;3;0;0;1
22/01/2018;11:23:00;168;Acidente sem Vítima;463,5;BR-040/MG;Sul;Colisão traseira;2;0;0;0;0;0;0;0;0;0;5;0;0;0;0
22/01/2018;09:39:00;147;Acidente sem Vítima;536;BR-040/MG;Norte;Colisão traseira;2;0;0;0;0;0;0;0;0;0;2;0;0;0;0
22/01/2018;08:21:00;122;Acidente com Vítima;533;BR-040/MG;Norte;Abalroamento longitudinal;1;0;0;1;0;0;0;0;0;0;1;1;0;0;0
22/01/2018;06:56:00;101;Acidente sem Vítima;515,7;BR-040/MG;Sul;Colisão traseira;2;0;0;0;0;0;0;0;0;0;2;0;0;0;0
22/01/2018;04:54:00;85;Acidente sem Vítima;599,07;BR-040/MG;Sul;Colisão traseira;0;0;2;0;0;0;0;0;0;0;2;0;0;0;0