data;horario;n_da_ocorrencia;tipo_de_ocorrencia;km;trecho;sentido;tipo_de_acidente;automovel;bicicleta;caminhao;moto;onibus;outros;tracao_animal;transporte_de_cargas_especiais;trator_maquinas;utilitarios;ilesos;levemente_feridos;moderadamente_feridos;gravemente_feridos;mortos
10/01/2018;11:32:00;211;Acidente sem Vítima;7,1;BR-040/GO;Sul;Colisão traseira;1;0;0;0;0;1;0;0;0;0;2;0;0;0;0
10/01/2018;11:06:00;204;Acidente sem Vítima;0,3;BR-040/GO;Norte;Abalroamento longitudinal;1;0;0;2;0;0;0;0;0;0;4;0;0;0;0
10/01/2018;08:36:00;153;Atropelamento com Morte;760,66;BR-040/MG;Norte;Atropelamento de pedestre atravessando;0;0;1;0;0;0;0;0;0;0;1;0;0;0;1
10/01/2018;07:55:00;141;Acidente sem Vítima;6,1;BR-040/GO;Norte;Colisão traseira;3;0;0;0;0;0;0;0;0;0;3;0;0;0;0
10/01/2018;06:41:00;110;Acidente sem Vítima;760,5;BR-040/MG;Sul;Abalroamento longitudinal;1;0;1;0;0;0;0;0;0;0;2;0;0;0;0
10/01/2018;01:53:00;61;Acidente com Vítima;464,12;BR-040/MG;Sul;Queda de Carga;0;0;1;0;0;0;0;0;0;0;0;1;0;0;0
09/01/2018;23:35:00;415;Acidente sem Vítima;676,7;BR-040/MG;Sul;Queda de Carga;0;0;1;0;0;0;0;0;0;0;1;0;0;0;0
09/01/2018;20:31:00;358;Acidente sem Vítima;505,12;BR-040/MG;Sul;Choque com objeto fixo;0;0;1;0;0;0;0;0;0;0;37;0;0;0;0
09/01/2018;19:19:00;331;Acidente com Vítima;96,018;BR-040/GO;Norte;Queda de Moto;0;0;0;1;0;0;0;0;0;0;0;1;0;0;0
09/01/2018;18:13:00;310;Acidente sem Vítima;2,3;BR-040/GO;Norte;Abalroamento longitudinal;0;0;0;1;0;1;0;0;0;0;3;0;0;0;0
09/01/2018;17:45:00;304;Acidente sem Vítima;478,15;BR-040/MG;Sul;Choque com objeto fixo;1;0;0;0;0;0;0;0;0;0;1;0;0;0;0
09/01/2018;16:38:00;290;Acidente sem Vítima;589;BR-040/MG;Norte;Choque com objeto fixo;0;0;1;0;0;0;0;0;0;0;1;0;0;0;0
09/01/2018;16:25:00;287;Acidente sem Vítima;129,9;BR-040/MG;Norte;Choque com objeto fixo;1;0;0;0;0;0;0;0;0;0;1;0;0;0;0
09/01/2018;16:12:00;282;Acidente com Vítima;525,1;BR-040/MG;Norte;Queda de Moto;0;0;0;1;0;0;0;0;0;0;1;1;0;0;0
09/01/2018;15:57:00;278;Acidente sem Vítima;667;BR-040/MG;Norte;Choque em defensa;1;0;0;0;0;0;0;0;0;0;1;0;0;0;0
09/01/2018;13:13:00;226;Acidente sem Vítima;603,7;BR-040/MG;Norte;Queda de Carga;0;0;1;0;0;0;0;0;0;0;1;0;0;0;0
09/01/2018;11:46:00;206;Acidente com Vítima;604,3;BR-040/MG;Sul;Choque com objeto fixo;1;0;0;0;0;0;0;0;0;0;0;1;0;0;0
09/01/2018;11:24:00;205;Acidente sem Vítima;549,025;BR-040/MG;Sul;Choque com objeto fixo;1;0;0;0;0;0;0;0;0;0;1;0;0;0;0
09/01/2018;10:01:00;176;Acidente sem Vítima;34,8;BR-040/MG;Sul;Queda de Carga;0;0;1;0;0;0;0;0;0;0;1;0;0;0;0
09/01/2018;07:36:00;123;Acidente com Vítima;5,5;BR-040/DF;Norte;Colisão traseira;4;0;0;0;0;0;0;0;0;0;3;2;0;0;0
09/01/2018;07:05:00;115;Acidente com Vítima;33,1;BR-040/GO;Sul;Abalroamento transversal;2;0;0;0;0;0;0;0;0;0;2;1;0;0;0
08/01/2018;23:44:00;405;Acidente sem Vítima;510,2;BR-040/MG;Sul;Queda de Moto;0;0;0;1;0;0;0;0;0;0;2;0;0;0;0
08/01/2018;21:16:00;375;Acidente sem Vítima;463,3;BR-040/MG;Sul;Queda de Moto;1;0;0;0;0;0;0;0;0;0;2;0;0;0;0
08/01/2018;18:47:00;332;Acidente com Vítima;7,1;BR-040/DF;Sul;Queda de Moto;0;0;0;1;0;0;0;0;0;0;0;1;0;0;0
08/01/2018;18:09:00;320;Acidente sem Vítima;562;BR-040/MG;Sul;Choque com objeto fixo;1;0;0;0;0;0;0;0;0;0;1;0;0;0;0
08/01/2018;17:53:00;315;Acidente com Vítima;179,8;BR-040/MG;Norte;Colisão traseira;2;0;0;0;0;0;0;0;0;0;1;1;2;0;0
08/01/2018;17:18:00;307;Acidente com Vítima;51,2;BR-040/GO;Norte;Capotamento;1;0;0;0;0;0;0;0;0;0;0;0;2;0;0
08/01/2018;14:34:00;254;Acidente com Vítima;666,02;BR-040/MG;Sul;Colisão traseira;2;0;0;0;0;0;0;0;0;0;2;1;0;0;0
08/01/2018;14:15:00;251;Acidente com Vítima;42;BR-040/MG;Sul;Colisão frontal;0;0;0;2;0;0;0;0;0;0;2;1;0;0;0
08/01/2018;13:15:00;229;Acidente com Vítima;566,3;BR-040/MG;Sul;Abalroamento transversal;1;0;0;1;0;0;0;0;0;0;2;1;0;2;0
08/01/2018;11:55:00;217;Acidente sem Vítima;2,1;BR-040/GO;Sul;Colisão traseira;1;0;0;1;0;0;0;0;0;0;3;0;0;0;0
08/01/2018;11:05:00;206;Acidente sem Vítima;460,15;BR-040/MG;Norte;Queda de Carga;0;0;1;0;0;0;0;0;0;0;1;0;0;0;0
08/01/2018;10:53:00;199;Acidente com Vítima;529,2;BR-040/MG;Sul;Queda de Moto;0;0;0;1;0;0;0;0;0;0;0;1;0;0;0
08/01/2018;10:51:00;195;Acidente sem Vítima;717,65;BR-040/MG;Sul;Capotamento;1;0;0;0;0;0;0;0;0;0;1;0;0;0;0
08/01/2018;09:54:00;174;Acidente com Vítima;92,5;BR-040/GO;Norte;Abalroamento transversal;2;0;0;0;0;0;0;0;0;0;5;1;0;0;0
08/01/2018;07:58:00;134;Acidente com Vítima;547,2;BR-040/MG;Sul;Abalroamento longitudinal;1;0;0;1;0;0;0;0;0;0;1;0;0;1;0
08/01/2018;07:34:00;126;Acidente com Vítima;597,2;BR-040/MG;Sul;Colisão traseira;3;0;0;0;0;0;0;0;0;0;3;3;0;0;0
08/01/2018;06:14:00;98;Acidente sem Vítima;5;BR-040/GO;Norte;Abalroamento transversal;2;0;0;0;0;0;0;0;0;0;2;0;0;0;0
08/01/2018;03:20:00;84;Acidente sem Vítima;2,4;BR-040/GO;Sul;Colisão traseira;2;0;0;0;0;0;0;0;0;0;4;0;0;0;0
08/01/2018;03:19:00;83;Acidente sem Vítima;13,1;BR-040/GO;Sul;Colisão traseira;2;0;0;0;0;0;0;0;0;0;3;0;0;0;0
07/01/2018;23:19:00;309;Atropelamento sem Morte;537,3;BR-040/MG;Norte;Atropelamento de ciclista;0;0;0;0;0;0;0;0;0;0;0;0;1;0;0
07/01/2018;21:45:00;280;Acidente sem Vítima;542,1;BR-040/MG;Sul;Colisão traseira;2;0;0;0;0;0;0;0;0;0;5;0;0;0;0
07/01/2018;20:15:00;263;Acidente sem Vítima;559,19;BR-040/MG;Norte;Abalroamento longitudinal;2;0;0;0;0;0;0;0;0;0;5;0;0;0;0
07/01/2018;19:46:00;256;Acidente sem Vítima;516,1;BR-040/MG;Sul;Capotamento;2;0;0;0;0;0;0;0;0;0;4;0;0;0;0
07/01/2018;19:08:00;244;Acidente com Vítima;3,4;BR-040/GO;Norte;Colisão traseira;1;0;0;1;0;0;0;0;0;0;2;0;1;0;0
07/01/2018;18:55:00;239;Acidente sem Vítima;565,2;BR-040/MG;Norte;Colisão traseira;1;0;0;1;0;0;0;0;0;0;4;0;0;0;0
07/01/2018;18:48:00;237;Acidente sem Vítima;597,5;BR-040/MG;Sul;Queda de Carga;0;0;1;0;0;0;0;0;0;0;1;0;0;0;0
07/01/2018;18:21:00;229;Acidente sem Vítima;509,1;BR-040/MG;Sul;Colisão traseira;2;0;0;0;0;0;0;0;0;0;2;0;0;0;0
07/01/2018;16:17:00;201;Acidente sem Vítima;638,7;BR-040/MG;Sul;Capotamento;1;0;0;0;0;0;0;0;0;0;2;0;0;0;0
07/01/2018;15:44:00;196;Acidente sem Vítima;3,7;BR-040/GO;Sul;Colisão traseira;4;0;0;0;0;0;0;0;0;0;4;0;0;0;0
07/01/2018;15:42:00;195;Acidente sem Vítima;517,15;BR-040/MG;Norte;Choque em barreira New Jersey;1;0;0;0;0;0;0;0;0;0;1;0;0;0;0
07/01/2018;15:26:00;190;Acidente com Vítima;108,05;BR-040/MG;Sul;Capotamento;1;0;0;0;0;0;0;0;0;0;1;1;0;0;0
07/01/2018;14:17:00;169;Acidente sem Vítima;591,98;BR-040/MG;Norte;Choque com objeto fixo;1;0;0;0;0;0;0;0;0;0;2;0;0;0;0
07/01/2018;14:17:00;170;Acidente sem Vítima;239,8;BR-040/MG;Norte;Atropelamento de animal;1;0;0;0;0;0;0;0;0;0;2;0;0;0;0
07/01/2018;10:32:00;110;Acidente sem Vítima;619,74;BR-040/MG;Sul;Choque com objeto fixo;1;0;0;0;0;0;0;0;0;0;2;0;0;0;0
07/01/2018;06:14:00;49;Acidente sem Vítima;589,015;BR-040/MG;Sul;Colisão traseira;1;0;1;0;0;0;0;0;0;0;2;0;0;0;0
07/01/2018;02:10:00;25;Acidente com Vítima;511,1;BR-040/MG;Sul;Capotamento;1;0;0;0;0;0;0;0;0;0;0;1;0;0;0
07/01/2018;01:23:00;19;Acidente com Vítima;544,9;BR-040/MG;Sul;Capotamento;1;0;0;0;0;0;0;0;0;0;0;1;0;0;0
06/01/2018;22:55:00;348;Acidente com Vítima;24,5;BR-040/GO;Sul;Abalroamento transversal;2;0;0;0;0;0;0;0;0;0;3;1;0;0;0
06/01/2018;21:32:00;328;Acidente sem Vítima;493,5;BR-040/MG;Sul;Queda de Moto;1;0;0;1;0;0;0;0;0;0;2;0;0;0;0
06/01/2018;20:17:00;321;Acidente com Vítima;421,3;BR-040/MG;Norte;Colisão frontal;2;0;0;0;0;0;0;0;0;0;5;1;1;0;0
06/01/2018;19:18:00;302;Acidente sem Vítima;4,2;BR-040/MG;Norte;Capotamento;1;0;0;0;0;0;0;0;0;0;1;0;0;0;0
06/01/2018;18:57:00;294;Acidente sem Vítima;5,469;BR-040/DF;Sul;Colisão traseira;0;0;1;1;0;0;0;0;0;0;2;0;0;0;0
06/01/2018;18:11:00;273;Acidente sem Vítima;456,1;BR-040/MG;Norte;Queda de Moto;0;0;0;1;0;0;0;0;0;0;1;0;0;0;0
06/01/2018;16:41:00;247;Acidente sem Vítima;42,2;BR-040/GO;Sul;Outros;1;0;0;0;0;0;0;0;0;0;1;0;0;0;0
06/01/2018;15:49:00;233;Acidente com Morte;38,2;BR-040/GO;Norte;Colisão traseira;1;0;0;1;0;0;0;0;0;0;1;0;0;0;1
06/01/2018;07:05:00;70;Acidente sem Vítima;50,1;BR-040/GO;Sul;Abalroamento longitudinal;1;0;1;0;0;0;0;0;0;0;2;0;0;0;0
06/01/2018;07:00:00;67;Acidente com Vítima;12,8;BR-040/GO;Norte;Colisão traseira;1;0;0;1;0;0;0;0;0;0;1;1;0;0;0
06/01/2018;05:05:00;53;Acidente sem Vítima;1,3;BR-040/GO;Sul;Choque com objeto fixo;1;0;0;0;0;0;0;0;0;0;3;0;0;0;0
06/01/2018;04:50:00;51;Acidente com Morte;179,3;BR-040/MG;Sul;Abalroamento longitudinal;1;0;1;0;0;0;0;0;0;0;3;1;0;0;1
06/01/2018;02:57:00;45;Acidente com Vítima;442,9;BR-040/MG;Sul;Choque em defensa;1;0;0;0;0;0;0;0;0;0;2;0;1;0;0
05/01/2018;19:05:00;330;Acidente com Vítima;532,8;BR-040/MG;Sul;Abalroamento longitudinal;1;0;0;1;0;0;0;0;0;0;2;1;0;0;0
05/01/2018;18:17:00;311;Acidente com Vítima;3,053;BR-040/DF;Sul;Colisão traseira;1;0;0;1;0;0;0;0;0;0;1;0;0;0;0
05/01/2018;18:02:00;305;Acidente com Vítima;27,005;BR-040/GO;Sul;Abalroamento transversal;2;0;0;0;0;0;0;0;0;0;0;1;1;0;0
05/01/2018;16:02:00;279;Acidente sem Vítima;455,1;BR-040/MG;Norte;Choque com objeto fixo;0;0;1;0;0;0;0;0;0;0;1;0;0;0;0
05/01/2018;15:32:00;269;Acidente sem Vítima;519,1;BR-040/MG;Norte;Colisão traseira;2;0;0;0;0;0;0;0;0;0;2;0;0;0;0
05/01/2018;15:31:00;268;Acidente com Vítima;52,275;BR-040/GO;Sul;Capotamento;1;0;0;0;0;0;0;0;0;0;0;1;0;0;0
05/01/2018;15:30:00;267;Acidente sem Vítima;510,1;BR-040/MG;Norte;Choque com objeto fixo;1;0;0;0;0;0;0;0;0;0;1;0;0;0;0
05/01/2018;15:29:00;266;Acidente sem Vítima;443;BR-040/MG;Norte;Choque com objeto fixo;1;0;0;0;0;0;0;0;0;0;1;0;0;0;0
05/01/2018;15:24:00;264;Acidente sem Vítima;486,5;BR-040/MG;Sul;Queda de Carga;0;0;1;0;0;0;0;0;0;0;1;0;0;0;0
05/01/2018;15:04:00;258;Acidente sem Vítima;509;BR-040/MG;Sul;Colisão traseira;2;0;0;0;0;0;0;0;0;0;2;0;0;0;0
05/01/2018;14:58:00;253;Acidente sem Vítima;739,5;BR-040/MG;Sul;Choque em defensa;1;0;0;0;0;0;0;0;0;0;1;0;0;0;0
05/01/2018;14:28:00;248;Acidente com Vítima;462,1;BR-040/MG;Sul;Capotamento;0;0;1;0;0;0;0;0;0;0;1;1;0;0;0
05/01/2018;14:04:00;236;Acidente sem Vítima;727,1;BR-040/MG;Sul;Choque em barreira New Jersey;1;0;0;0;0;0;0;0;0;0;2;0;0;0;0
05/01/2018;13:56:00;232;Acidente com Vítima;510;BR-040/MG;Norte;Colisão traseira;1;0;0;1;0;0;0;0;0;0;1;0;0;1;0
05/01/2018;13:07:00;216;Acidente com Vítima;1,9;BR-040/GO;Sul;Abalroamento longitudinal;1;0;0;1;0;0;0;0;0;0;2;1;0;0;0
05/01/2018;11:49:00;193;Acidente com Vítima;272,05;BR-040/MG;Sul;Abalroamento transversal;2;0;0;0;0;0;0;0;0;0;3;2;0;0;0
05/01/2018;09:37:00;155;Acidente com Vítima;253,025;BR-040/MG;Norte;Capotamento;1;0;0;0;0;0;0;0;0;0;2;2;1;0;0
05/01/2018;08:19:00;129;Acidente sem Vítima;607;BR-040/MG;Norte;Abalroamento transversal;2;0;0;0;0;0;0;0;0;0;3;0;0;0;0
05/01/2018;07:44:00;121;Acidente sem Vítima;739,478;BR-040/MG;Norte;Choque em defensa;1;0;0;0;0;0;0;0;0;0;1;0;0;0;0
05/01/2018;07:07:00;112;Acidente com Vítima;43,1;BR-040/MG;Sul;Atropelamento de animal;0;0;0;1;0;0;0;0;0;0;0;1;0;0;0
05/01/2018;06:56:00;106;Acidente sem Vítima;618;BR-040/MG;Norte;Colisão traseira;2;0;0;0;0;0;0;0;0;0;6;0;0;0;0
05/01/2018;04:27:00;89;Atropelamento sem Morte;523,6;BR-040/MG;Sul;Atropelamento de ciclista;0;1;0;1;0;0;0;0;0;0;0;0;2;0;0
05/01/2018;03:56:00;87;Acidente sem Vítima;622,5;BR-040/MG;Sul;Colisão traseira;2;0;0;0;0;0;0;0;0;0;4;0;0;0;0
04/01/2018;23:11:00;448;Acidente sem Vítima;591,1;BR-040/MG;Norte;Colisão traseira;0;0;2;0;0;0;0;0;0;0;4;0;0;0;0
04/01/2018;18:31:00;360;Acidente sem Vítima;562;BR-040/MG;Norte;Colisão traseira;2;0;0;0;0;0;0;0;0;0;2;0;0;0;0
04/01/2018;17:01:00;324;Acidente sem Vítima;717;BR-040/MG;Norte;Choque em defensa;1;0;0;0;0;0;0;0;0;0;1;0;0;0;0
04/01/2018;15:30:00;295;Acidente com Vítima;1,9;BR-040/MG;Norte;Capotamento;1;0;0;0;0;0;0;0;0;0;0;0;2;0;0
04/01/2018;15:28:00;294;Acidente com Vítima;533,2;BR-040/MG;Norte;Colisão traseira;1;0;0;1;0;0;0;0;0;0;1;0;0;0;0
04/01/2018;14:54:00;281;Acidente com Vítima;638;BR-040/MG;Sul;Choque com objeto fixo;1;0;0;0;0;0;0;0;0;0;0;0;3;0;0
04/01/2018;14:43:00;279;Acidente sem Vítima;468;BR-040/MG;Sul;Colisão traseira;3;0;0;0;0;0;0;0;0;0;3;0;0;0;0
04/01/2018;14:19:00;271;Acidente com Vítima;739;BR-040/MG;Sul;Abalroamento transversal;1;0;0;1;0;0;0;0;0;0;1;1;0;0;0
04/01/2018;14:11:00;268;Acidente sem Vítima;448,2;BR-040/MG;Sul;Capotamento;1;0;1;0;0;0;0;0;0;0;2;0;0;0;0
04/01/2018;13:47:00;258;Acidente sem Vítima;462,1;BR-040/MG;Sul;Choque em defensa;0;0;0;0;0;0;0;0;0;1;1;0;0;0;0
04/01/2018;13:39:00;253;Acidente com Vítima;594;BR-040/MG;Sul;Colisão frontal;1;0;0;0;0;2;0;0;0;0;5;0;3;0;0
04/01/2018;13:35:00;251;Acidente sem Vítima;544,89;BR-040/MG;Sul;Colisão traseira;2;0;0;0;0;0;0;0;0;0;2;0;0;0;0
04/01/2018;13:14:00;244;Acidente sem Vítima;510,25;BR-040/MG;Norte;Colisão traseira;2;0;0;0;0;0;0;0;0;0;2;0;0;0;0
04/01/2018;12:54:00;232;Acidente sem Vítima;546,47;BR-040/MG;Sul;Choque com objeto fixo;1;0;0;0;0;0;0;0;0;0;2;0;0;0;0
04/01/2018;12:33:00;226;Acidente sem Vítima;476,05;BR-040/MG;Norte;Capotamento;1;0;0;0;0;0;0;0;0;0;1;0;0;0;0
04/01/2018;12:02:00;215;Acidente sem Vítima;544,89;BR-040/MG;Sul;Choque com objeto fixo;0;0;1;0;0;0;0;0;0;0;1;0;0;0;0
04/01/2018;12:01:00;214;Acidente sem Vítima;532,5;BR-040/MG;Norte;Colisão traseira;2;0;1;0;0;0;0;0;0;0;3;0;0;0;0
04/01/2018;11:57:00;213;Acidente com Vítima;693;BR-040/MG;Sul;Colisão traseira;2;0;0;0;0;0;0;0;0;0;0;2;0;0;0
04/01/2018;11:37:00;204;Acidente sem Vítima;264,3;BR-040/MG;Norte;Outros;1;0;0;0;0;0;0;0;0;0;1;0;0;0;0
04/01/2018;11:24:00;196;Acidente com Vítima;514,05;BR-040/MG;Sul;Abalroamento longitudinal;2;0;0;0;0;0;0;0;0;0;1;1;0;0;0
04/01/2018;10:17:00;169;Acidente sem Vítima;62,5;BR-040/MG;Sul;Atropelamento de animal;1;0;0;0;0;0;0;0;0;0;1;0;0;0;0
04/01/2018;08:10:00;137;Acidente com Vítima;726,5;BR-040/MG;Sul;Choque com objeto fixo;1;0;0;0;0;0;0;0;0;0;3;1;0;0;0
04/01/2018;06:19:00;104;Acidente com Vítima;123,95;BR-040/MG;Norte;Colisão traseira;1;0;0;0;0;1;0;0;0;0;1;2;0;0;0
04/01/2018;03:49:00;74;Acidente sem Vítima;177,5;BR-040/MG;Norte;Queda de Carga;0;0;1;0;0;0;0;0;0;0;1;0;0;0;0
04/01/2018;03:47:00;73;Acidente sem Vítima;31,2;BR-040/GO;Sul;Choque com objeto fixo;1;0;0;0;0;0;0;0;0;0;4;0;0;0;0
04/01/2018;00:57:00;5;Acidente sem Vítima;623,3;BR-040/MG;Sul;Capotamento;1;0;0;0;0;0;0;0;0;0;1;0;0;0;0
03/01/2018;21:35:00;420;Acidente com Morte;735,2;BR-040/MG;Sul;Colisão frontal;1;0;1;0;0;0;0;0;0;0;1;0;0;0;2
03/01/2018;21:10:00;410;Acidente sem Vítima;511;BR-040/MG;Sul;Capotamento;1;0;0;0;0;0;0;0;0;0;1;0;0;0;0
03/01/2018;20:54:00;405;Acidente com Vítima;470,005;BR-040/MG;Norte;Queda de Carga;0;0;1;0;0;0;0;0;0;0;0;1;0;0;0
03/01/2018;20:20:00;392;Acidente sem Vítima;530,005;BR-040/MG;Sul;Abalroamento longitudinal;1;0;0;1;0;0;0;0;0;0;2;0;0;0;0
03/01/2018;19:10:00;371;Acidente sem Vítima;716,9;BR-040/MG;Norte;Choque com objeto fixo;1;0;0;0;0;0;0;0;0;0;1;0;0;0;0
03/01/2018;18:40:00;358;Acidente sem Vítima;31,37;BR-040/MG;Norte;Capotamento;1;0;0;0;0;0;0;0;0;0;1;0;0;0;0
03/01/2018;18:04:00;343;Acidente com Morte;661,05;BR-040/MG;Sul;Colisão frontal;1;0;1;0;0;0;0;0;0;0;1;0;0;0;3
03/01/2018;17:07:00;329;Acidente sem Vítima;508,05;BR-040/MG;Norte;Abalroamento longitudinal;2;0;0;0;0;0;0;0;0;0;3;0;0;0;0
03/01/2018;15:31:00;292;Acidente sem Vítima;656;BR-040/MG;Norte;Choque em barreira New Jersey;1;0;0;0;0;0;0;0;0;0;1;0;0;0;0
03/01/2018;15:13:00;280;Acidente sem Vítima;592;BR-040/MG;Sul;Colisão traseira;1;0;1;0;0;0;0;0;0;0;2;0;0;0;0
03/01/2018;14:19:00;262;Acidente sem Vítima;620,7;BR-040/MG;Sul;Outros;1;0;0;0;1;0;0;0;0;0;26;0;0;0;0
03/01/2018;14:10:00;257;Acidente com Vítima;513,45;BR-040/MG;Sul;Queda de Moto;0;0;0;1;0;0;0;0;0;0;0;1;0;0;0
03/01/2018;13:11:00;240;Acidente sem Vítima;455,6;BR-040/MG;Norte;Colisão traseira;2;0;0;0;0;0;0;0;0;0;2;0;0;0;0
03/01/2018;11:16:00;213;Acidente sem Vítima;95,15;BR-040/GO;Norte;Abalroamento transversal;2;0;0;0;0;0;0;0;0;0;3;0;0;0;0
03/01/2018;09:59:00;192;Acidente sem Vítima;379,15;BR-040/MG;Norte;Colisão traseira;2;0;0;0;0;0;0;0;0;0;10;0;0;0;0
03/01/2018;08:07:00;152;Acidente com Vítima;6,4;BR-040/DF;Norte;Colisão traseira;1;0;0;1;0;0;0;0;0;0;1;1;0;0;0
03/01/2018;07:43:00;144;Acidente com Vítima;463,35;BR-040/MG;Norte;Choque com objeto fixo;1;0;0;0;0;0;0;0;0;0;0;2;2;0;0
03/01/2018;07:16:00;132;Acidente sem Vítima;665;BR-040/MG;Norte;Choque com objeto fixo;1;0;0;0;0;0;0;0;0;0;1;0;0;0;0
03/01/2018;03:34:00;110;Acidente sem Vítima;455,6;BR-040/MG;Norte;Queda de Carga;0;0;0;0;0;1;0;0;0;0;1;0;0;0;0
03/01/2018;03:28:00;107;Acidente sem Vítima;482,3;BR-040/MG;Sul;Choque com objeto fixo;0;0;1;0;0;0;0;0;0;0;1;0;0;0;0
03/01/2018;03:16:00;102;Atropelamento com Morte;503,1;BR-040/MG;Sul;Atropelamento de pedestre atravessando;1;0;0;0;0;0;0;0;0;0;2;0;0;0;1
03/01/2018;00:53:00;75;Acidente sem Vítima;425,1;BR-040/MG;Norte;Choque com objeto fixo;0;0;1;0;0;0;0;0;0;0;1;0;0;0;0
02/01/2018;22:42:00;444;Acidente sem Vítima;439,04;BR-040/MG;Norte;Queda de Carga;0;0;0;0;0;1;0;0;0;0;1;0;0;0;0
02/01/2018;19:03:00;382;Acidente sem Vítima;6,7;BR-040/GO;Sul;Colisão traseira;2;0;0;0;0;0;0;0;0;0;5;0;0;0;0
02/01/2018;16:56:00;323;Acidente sem Vítima;492,3;BR-040/MG;Sul;Atropelamento de animal;1;0;0;0;0;0;0;0;0;0;1;0;0;0;0
02/01/2018;14:12:00;260;Acidente sem Vítima;456,1;BR-040/MG;Sul;Colisão traseira;2;0;1;0;0;0;0;0;0;0;3;0;0;0;0
02/01/2018;13:44:00;247;Acidente com Vítima;610,8;BR-040/MG;Norte;Colisão frontal;2;0;1;0;0;0;0;0;0;0;5;0;1;0;0
02/01/2018;12:36:00;224;Acidente com Vítima;79;BR-040/MG;Sul;Choque com objeto fixo;1;0;0;0;0;0;0;0;0;0;0;1;0;0;0
02/01/2018;11:09:00;188;Acidente sem Vítima;601,1;BR-040/MG;Sul;Choque com objeto fixo;0;0;0;0;0;1;0;0;0;0;1;0;0;0;0
02/01/2018;11:06:00;187;Acidente com Vítima;514;BR-040/MG;Norte;Capotamento;1;0;0;0;0;0;0;0;0;0;1;2;0;0;0
02/01/2018;08:09:00;119;Acidente com Vítima;734,98;BR-040/MG;Sul;Capotamento;1;0;0;0;0;0;0;0;0;0;5;3;0;0;0
02/01/2018;07:56:00;114;Acidente sem Vítima;622,1;BR-040/MG;Sul;Abalroamento transversal;2;0;0;0;0;0;0;0;0;0;2;0;0;0;0
02/01/2018;07:19:00;105;Acidente com Vítima;413,5;BR-040/MG;Sul;Outros;0;0;0;1;0;0;0;0;0;0;1;0;0;0;0
02/01/2018;06:30:00;90;Acidente sem Vítima;598,2;BR-040/MG;Norte;Abalroamento longitudinal;1;0;1;0;0;0;0;0;0;0;2;0;0;0;0
02/01/2018;06:28:00;89;Acidente com Vítima;168,1;BR-040/MG;Sul;Capotamento;1;0;0;0;0;0;0;0;0;0;0;1;0;0;0
02/01/2018;05:22:00;85;Acidente com Vítima;426,1;BR-040/MG;Sul;Colisão traseira;0;0;1;0;0;1;0;0;0;0;1;0;0;0;0
01/01/2018;23:33:00;337;Acidente com Vítima;65,4;BR-040/MG;Sul;Queda de Carga;0;0;1;0;0;0;0;0;0;0;1;1;0;0;0
01/01/2018;23:18:00;330;Acidente sem Vítima;768,5;BR-040/MG;Norte;Choque com objeto fixo;1;0;0;0;0;0;0;0;0;0;2;0;0;0;0
01/01/2018;21:57:00;300;Acidente com Vítima;762,9;BR-040/MG;Sul;Capotamento;0;0;1;0;0;0;0;0;0;0;1;2;0;0;0
01/01/2018;21:29:00;293;Acidente sem Vítima;648,4;BR-040/MG;Sul;Choque com objeto fixo;1;0;0;0;0;0;0;0;0;0;2;0;0;0;0
01/01/2018;18:22:00;215;Acidente sem Vítima;7,3;BR-040/DF;Norte;Colisão traseira;2;0;0;0;0;0;0;0;0;0;4;0;0;0;0
01/01/2018;18:20:00;213;Acidente com Vítima;38,1;BR-040/GO;Sul;Abalroamento transversal;2;0;0;0;0;0;0;0;0;0;3;0;0;0;0
01/01/2018;17:40:00;196;Acidente sem Vítima;556,15;BR-040/MG;Norte;Colisão traseira;2;0;0;0;0;0;0;0;0;0;6;0;0;0;0
01/01/2018;16:54:00;183;Acidente sem Vítima;552,008;BR-040/MG;Norte;Colisão traseira;3;0;0;0;0;0;0;0;0;0;7;0;0;0;0
01/01/2018;15:58:00;168;Acidente sem Vítima;454,1;BR-040/MG;Sul;Colisão traseira;2;0;0;0;0;0;0;0;0;0;8;0;0;0;0
01/01/2018;15:37:00;162;Acidente com Vítima;344,005;BR-040/MG;Sul;Choque com objeto fixo;1;0;0;0;0;0;0;0;0;0;0;1;0;0;0
01/01/2018;15:07:00;151;Acidente com Vítima;41,002;BR-040/GO;Sul;Abalroamento transversal;2;0;0;0;0;0;0;0;0;0;2;1;0;0;0
01/01/2018;14:04:00;132;Acidente com Vítima;464;BR-040/MG;Sul;Capotamento;1;0;0;0;0;0;0;0;0;0;0;1;0;0;0
01/01/2018;14:01:00;130;Acidente sem Vítima;656,6;BR-040/MG;Norte;Choque em barreira New Jersey;1;0;0;0;0;0;0;0;0;0;2;0;0;0;0
01/01/2018;13:37:00;122;Acidente sem Vítima;595,2;BR-040/MG;Norte;Choque em defensa;1;0;0;0;0;0;0;0;0;0;1;0;0;0;0
01/01/2018;12:10:00;105;Acidente com Vítima;41,5;BR-040/MG;Sul;Abalroamento longitudinal;2;0;0;0;0;0;0;0;0;0;5;1;0;0;0