data;horario;n_da_ocorrencia;tipo_de_ocorrencia;km;trecho;sentido;tipo_de_acidente;automovel;bicicleta;caminhao;moto;onibus;outros;tracao_animal;transporte_de_cargas_especiais;trator_maquinas;utilitarios;ilesos;levemente_feridos;moderadamente_feridos;gravemente_feridos;mortos
01/01/2018;09:01:00;62;Acidente sem Vítima;527,04;BR-040/MG;Sul;Choque com objeto fixo;1;0;0;0;0;0;0;0;0;0;1;0;0;0;0
01/01/2018;05:30:00;28;Acidente sem Vítima;585,5;BR-040/MG;Sul;Capotamento;1;0;0;0;0;0;0;0;0;0;4;0;0;0;0
01/01/2018;03:46:00;23;Acidente com Vítima;510,3;BR-040/MG;Norte;Colisão traseira;2;0;0;1;0;0;0;0;0;0;5;0;2;0;0
01/01/2018;01:20:00;6;Acidente sem Vítima;749,1;BR-040/MG;Sul;Capotamento;1;0;0;0;0;0;0;0;0;0;1;0;0;0;0
28/02/2018;22:28:00;363;Acidente sem Vítima;621;BR-040/MG;Sul;Colisão traseira;2;0;0;0;0;0;0;0;0;0;5;0;0;0;0
28/02/2018;21:35:00;355;Acidente sem Vítima;524;BR-040/MG;Norte;Queda de Moto;0;0;0;1;0;0;0;0;0;0;2;0;0;0;0
28/02/2018;20:40:00;345;Acidente sem Vítima;524;BR-040/MG;Norte;Abalroamento longitudinal;2;0;0;0;0;0;0;0;0;0;2;0;0;0;0
28/02/2018;19:29:00;327;Acidente com Morte;21,3;BR-040/GO;Norte;Abalroamento transversal;2;0;0;0;0;0;0;0;0;0;0;2;2;2;1
28/02/2018;18:39:00;314;Acidente sem Vítima;532,3;BR-040/MG;Norte;Abalroamento longitudinal;1;0;1;0;0;0;0;0;0;0;4;0;0;0;0
28/02/2018;18:15:00;304;Acidente sem Vítima;535;BR-040/MG;Norte;Colisão traseira;2;0;0;0;0;0;0;0;0;0;2;0;0;0;0
28/02/2018;14:47:00;240;Acidente sem Vítima;357,63;BR-040/MG;Norte;Queda de Carga;1;0;0;0;0;0;0;0;0;0;1;0;0;0;0
28/02/2018;13:51:00;227;Acidente com Vítima;525,125;BR-040/MG;Sul;Queda de Moto;0;0;0;1;0;0;0;0;0;0;0;1;0;0;0
28/02/2018;12:43:00;213;Acidente sem Vítima;635;BR-040/MG;Sul;Queda de Carga;0;0;1;0;0;0;0;0;0;0;1;0;0;0;0
28/02/2018;12:03:00;205;Acidente com Vítima;10,27;BR-040/GO;Norte;Colisão traseira;2;0;0;1;0;0;0;0;0;0;3;1;0;0;0
28/02/2018;09:22:00;162;Acidente sem Vítima;694,1;BR-040/MG;Norte;Colisão traseira;2;0;0;0;0;0;0;0;0;0;2;0;0;0;0
28/02/2018;04:57:00;101;Acidente sem Vítima;526,5;BR-040/MG;Norte;Choque com objeto fixo;1;0;0;0;0;1;0;0;0;0;2;0;0;0;0
27/02/2018;22:16:00;319;Acidente sem Vítima;405,35;BR-040/MG;Norte;Choque com objeto fixo;1;0;1;0;0;0;0;0;0;0;5;0;0;0;0
27/02/2018;19:59:00;289;Acidente com Vítima;37,1;BR-040/GO;Sul;Abalroamento longitudinal;1;0;0;1;0;0;0;0;0;0;2;1;0;0;0
27/02/2018;18:18:00;258;Acidente sem Vítima;543,095;BR-040/MG;Sul;Abalroamento longitudinal;2;0;0;0;0;0;0;0;0;0;2;0;0;0;0
27/02/2018;18:10:00;256;Acidente com Vítima;577,079;BR-040/MG;Sul;Colisão traseira;1;0;0;0;0;1;0;0;0;0;3;0;1;0;0
27/02/2018;16:09:00;229;Acidente com Vítima;618;BR-040/MG;Norte;Capotamento;1;0;0;0;0;0;0;0;0;0;0;0;1;0;0
27/02/2018;15:59:00;225;Acidente com Vítima;543,8;BR-040/MG;Norte;Queda de Moto;0;0;0;1;0;0;0;0;0;0;0;1;0;0;0
27/02/2018;14:52:00;210;Acidente sem Vítima;717;BR-040/MG;Norte;Colisão traseira;2;0;0;0;0;0;0;0;0;0;5;0;0;0;0
27/02/2018;14:43:00;207;Acidente sem Vítima;762,05;BR-040/MG;Sul;Colisão traseira;3;0;2;0;0;0;0;0;0;0;7;0;0;0;0
27/02/2018;12:45:00;188;Acidente com Vítima;555,25;BR-040/MG;Norte;Queda de Moto;0;0;0;1;0;0;0;0;0;0;0;1;0;0;0
27/02/2018;07:24:00;99;Acidente sem Vítima;1,5;BR-040/GO;Norte;Colisão traseira;1;0;0;0;1;1;0;0;0;0;3;0;0;0;0
27/02/2018;06:59:00;90;Acidente com Vítima;113,1;BR-040/GO;Sul;Choque em defensa;1;0;0;0;0;0;0;0;0;0;2;1;0;0;0
27/02/2018;06:38:00;84;Acidente sem Vítima;9,1;BR-040/GO;Sul;Abalroamento transversal;1;0;1;0;0;0;0;0;0;0;2;0;0;0;0
26/02/2018;21:49:00;340;Acidente sem Vítima;549,2;BR-040/MG;Sul;Colisão traseira;1;0;1;0;0;0;0;0;0;0;2;0;0;0;0
26/02/2018;17:17:00;259;Acidente sem Vítima;643,357;BR-040/MG;Norte;Choque em defensa;1;0;0;0;0;0;0;0;0;0;1;0;0;0;0
26/02/2018;17:01:00;250;Acidente sem Vítima;720;BR-040/MG;Norte;Choque com objeto fixo;1;0;0;0;0;0;0;0;0;0;1;0;0;0;0
26/02/2018;14:44:00;220;Acidente sem Vítima;126,1;BR-040/MG;Sul;Abalroamento transversal;1;0;1;0;0;0;0;0;0;0;2;0;0;0;0
26/02/2018;12:37:00;193;Acidente sem Vítima;465,569;BR-040/MG;Norte;Choque com objeto fixo;0;0;1;0;0;0;0;0;0;0;1;0;0;0;0
26/02/2018;10:06:00;144;Acidente com Vítima;532,01;BR-040/MG;Sul;Abalroamento longitudinal;1;0;0;1;0;0;0;0;0;0;1;1;0;0;0
26/02/2018;06:06:00;85;Acidente sem Vítima;588,618;BR-040/MG;Norte;Queda de Carga;0;0;2;0;0;0;0;0;0;0;2;0;0;0;0
26/02/2018;01:03:00;59;Acidente com Vítima;541,15;BR-040/MG;Norte;Outros;1;0;0;0;0;0;0;0;0;0;1;1;0;0;0
26/02/2018;00:39:00;32;Acidente sem Vítima;541,1;BR-040/MG;Norte;Queda de Carga;0;0;1;0;0;0;0;0;0;0;1;0;0;0;0
25/02/2018;21:23:00;304;Acidente sem Vítima;8;BR-040/GO;Sul;Capotamento;2;0;0;0;0;0;0;0;0;0;5;0;0;0;0
25/02/2018;21:17:00;301;Acidente sem Vítima;7,5;BR-040/GO;Sul;Abalroamento longitudinal;2;0;0;0;0;0;0;0;0;0;5;0;0;0;0
25/02/2018;19:56:00;276;Acidente sem Vítima;108,4;BR-040/MG;Norte;Atropelamento de animal;1;0;0;0;0;0;0;0;0;0;3;0;0;0;0
25/02/2018;19:40:00;272;Atropelamento sem Morte;10;BR-040/GO;Sul;Atropelamento de pedestre atravessando;1;0;0;0;0;0;0;0;0;0;1;0;0;1;0
25/02/2018;19:31:00;268;Acidente com Vítima;108,4;BR-040/MG;Sul;Atropelamento de animal;0;0;0;1;0;0;0;0;0;0;0;0;1;0;0
25/02/2018;19:25:00;264;Acidente sem Vítima;400;BR-040/MG;Norte;Atropelamento de animal;1;0;0;0;0;0;0;0;0;0;1;0;0;0;0
25/02/2018;18:57:00;256;Acidente sem Vítima;597,2;BR-040/MG;Sul;Queda de Carga;1;0;1;0;0;0;0;0;0;0;2;0;0;0;0
25/02/2018;18:46:00;255;Acidente com Vítima;611,55;BR-040/MG;Norte;Queda de Moto;0;0;0;1;0;0;0;0;0;0;0;0;2;0;0
25/02/2018;16:30:00;213;Acidente com Vítima;756,904;BR-040/MG;Norte;Queda de Moto;0;0;0;1;0;0;0;0;0;0;0;0;1;0;0
25/02/2018;15:30:00;185;Acidente com Vítima;532,15;BR-040/MG;Norte;Colisão traseira;0;0;1;1;0;0;0;0;0;0;2;0;0;1;0
25/02/2018;14:46:00;173;Acidente sem Vítima;2;BR-040/GO;Norte;Abalroamento longitudinal;2;0;0;0;0;0;0;0;0;0;4;0;0;0;0
25/02/2018;14:15:00;166;Acidente sem Vítima;449,4;BR-040/MG;Norte;Outros;1;0;0;0;0;0;0;0;0;0;1;0;0;0;0
25/02/2018;08:14:00;71;Acidente sem Vítima;727,3;BR-040/MG;Norte;Choque em barreira New Jersey;1;0;0;0;0;0;0;0;0;0;2;0;0;0;0
25/02/2018;07:57:00;69;Acidente sem Vítima;512,3;BR-040/MG;Norte;Capotamento;1;0;1;0;0;0;0;0;0;0;2;0;0;0;0
24/02/2018;23:21:00;363;Acidente com Morte;767,4;BR-040/MG;Norte;Abalroamento transversal;2;0;0;0;0;0;0;0;0;0;0;1;4;0;1
24/02/2018;22:40:00;362;Acidente com Vítima;30,1;BR-040/MG;Sul;Choque com objeto fixo;1;0;0;0;0;0;0;0;0;0;0;1;0;0;0
24/02/2018;21:41:00;348;Acidente com Vítima;500,05;BR-040/MG;Norte;Outros;1;0;0;0;0;0;0;0;0;0;1;0;1;0;0
24/02/2018;21:01:00;343;Acidente sem Vítima;598;BR-040/MG;Sul;Choque com objeto fixo;1;0;0;0;0;0;0;0;0;0;2;0;0;0;0
24/02/2018;20:46:00;338;Acidente com Morte;0,23;BR-040/DF;Sul;Choque em barreira New Jersey;1;0;0;1;0;0;0;0;0;0;1;0;0;0;1
24/02/2018;20:39:00;335;Acidente com Vítima;558;BR-040/MG;Sul;Colisão traseira;0;0;0;1;1;0;0;0;0;0;21;0;1;0;0
24/02/2018;19:10:00;310;Acidente com Vítima;105,3;BR-040/GO;Sul;Queda de Moto;0;0;0;1;0;0;0;0;0;0;0;1;0;0;0
24/02/2018;18:49:00;306;Acidente com Vítima;541,7;BR-040/MG;Sul;Colisão traseira;1;0;0;1;0;0;0;0;0;0;1;0;1;0;0
24/02/2018;18:26:00;300;Acidente sem Vítima;462;BR-040/MG;Sul;Colisão traseira;2;0;0;0;0;0;0;0;0;0;11;0;0;0;0
24/02/2018;18:08:00;296;Acidente sem Vítima;465,5;BR-040/MG;Norte;Capotamento;0;0;0;0;0;1;0;0;0;0;2;0;0;0;0
24/02/2018;17:56:00;294;Acidente sem Vítima;54,5;BR-040/GO;Sul;Choque com objeto fixo;1;0;0;0;0;0;0;0;0;0;2;0;0;0;0
24/02/2018;16:10:00;261;Acidente com Vítima;539,15;BR-040/MG;Norte;Queda de Moto;0;0;0;1;0;0;0;0;0;0;0;1;0;0;0
24/02/2018;15:55:00;258;Acidente com Vítima;141,4;BR-040/GO;Norte;Capotamento;1;0;0;0;0;0;0;0;0;0;0;1;0;0;0
24/02/2018;15:35:00;248;Acidente sem Vítima;553,15;BR-040/MG;Norte;Choque com objeto fixo;1;0;0;0;0;0;0;0;0;0;1;0;0;0;0
24/02/2018;15:26:00;245;Acidente sem Vítima;563,15;BR-040/MG;Sul;Choque em defensa;1;0;0;0;0;0;0;0;0;0;5;0;0;0;0
24/02/2018;15:23:00;242;Acidente sem Vítima;455,15;BR-040/MG;Norte;Choque com objeto fixo;0;0;0;0;0;1;0;0;0;0;1;0;0;0;0
24/02/2018;14:32:00;227;Acidente sem Vítima;522,25;BR-040/MG;Sul;Choque em defensa;1;0;0;0;0;0;0;0;0;0;1;0;0;0;0
24/02/2018;14:28:00;226;Acidente sem Vítima;568,201;BR-040/MG;Sul;Choque em defensa;1;0;0;0;0;0;0;0;0;0;1;0;0;0;0
24/02/2018;10:46:00;161;Acidente sem Vítima;717,7;BR-040/MG;Norte;Capotamento;1;0;0;0;0;0;0;0;0;0;1;0;0;0;0
24/02/2018;10:02:00;142;Acidente sem Vítima;695,5;BR-040/MG;Norte;Choque em defensa;1;0;0;0;0;0;0;0;0;0;1;0;0;0;0
24/02/2018;08:02:00;116;Acidente com Vítima;3;BR-040/GO;Norte;Colisão traseira;1;0;0;1;0;0;0;0;0;0;1;1;0;0;0
24/02/2018;08:00:00;115;Acidente com Vítima;25,1;BR-040/GO;Norte;Queda de Moto;0;0;0;1;0;0;0;0;0;0;0;1;0;0;0
24/02/2018;07:19:00;96;Acidente sem Vítima;509,7;BR-040/MG;Sul;Queda de Moto;2;0;0;1;0;0;0;0;0;0;3;0;0;0;0
24/02/2018;03:51:00;72;Acidente sem Vítima;533,807;BR-040/MG;Norte;Choque em barreira New Jersey;1;0;0;0;0;0;0;0;0;0;1;0;0;0;0
24/02/2018;00:25:00;9;Acidente sem Vítima;2,8;BR-040/DF;Sul;Choque com objeto fixo;1;0;0;0;0;0;0;0;0;0;1;0;0;0;0
23/02/2018;21:21:00;332;Acidente sem Vítima;142,9;BR-040/MG;Norte;Abalroamento transversal;2;0;0;0;0;0;0;0;0;0;3;0;0;0;0
23/02/2018;18:54:00;286;Atropelamento sem Morte;758,1;BR-040/MG;Norte;Atropelamento de pedestre caminhando;0;0;1;0;0;0;0;0;0;0;1;0;0;1;0
23/02/2018;17:48:00;260;Acidente com Vítima;5,5;BR-040/GO;Sul;Queda de Moto;0;0;0;1;0;0;0;0;0;0;0;1;0;0;0
23/02/2018;16:03:00;233;Acidente sem Vítima;81,25;BR-040/MG;Norte;Choque com objeto fixo;1;0;0;0;0;0;0;0;0;0;1;0;0;0;0
23/02/2018;14:16:00;203;Acidente sem Vítima;547,1;BR-040/MG;Sul;Colisão traseira;2;0;0;0;0;0;0;0;0;0;2;0;0;0;0
23/02/2018;13:05:00;185;Acidente com Morte;614,18;BR-040/MG;Sul;Colisão frontal;2;0;2;0;0;0;0;0;0;0;4;0;0;0;1
23/02/2018;07:57:00;112;Atropelamento sem Morte;532,25;BR-040/MG;Sul;Atropelamento de pedestre atravessando;0;0;0;1;0;0;0;0;0;0;1;0;1;0;0
23/02/2018;07:47:00;107;Atropelamento sem Morte;2,15;BR-040/GO;Sul;Atropelamento de pedestre atravessando;0;0;0;1;0;0;0;0;0;0;1;1;0;0;0
22/02/2018;21:03:00;331;Atropelamento sem Morte;611,172;BR-040/MG;Norte;Atropelamento de pedestre atravessando;1;0;0;0;0;0;0;0;0;0;0;0;0;1;0
22/02/2018;20:37:00;324;Acidente sem Vítima;466,151;BR-040/MG;Norte;Choque com objeto fixo;1;0;0;0;0;0;0;0;0;0;1;0;0;0;0
22/02/2018;19:39:00;303;Acidente com Vítima;538,528;BR-040/MG;Norte;Abalroamento longitudinal;1;0;0;1;0;0;0;0;0;0;1;1;0;0;0
22/02/2018;18:47:00;289;Acidente com Vítima;526,05;BR-040/MG;Norte;Queda de Moto;0;0;0;1;0;0;0;0;0;0;1;1;0;0;0
22/02/2018;18:40:00;286;Acidente sem Vítima;465,084;BR-040/MG;Norte;Choque com objeto fixo;0;0;1;0;0;0;0;0;0;0;1;0;0;0;0
22/02/2018;18:15:00;275;Acidente sem Vítima;464,479;BR-040/MG;Norte;Queda de Carga;0;0;2;0;0;1;0;0;0;0;3;0;0;0;0
22/02/2018;17:21:00;266;Acidente com Vítima;537,338;BR-040/MG;Norte;Colisão traseira;1;0;0;1;0;0;0;0;0;0;1;1;0;0;0
22/02/2018;16:39:00;260;Acidente sem Vítima;509,9;BR-040/MG;Sul;Abalroamento transversal;1;0;1;0;0;0;0;0;0;0;2;0;0;0;0
22/02/2018;15:51:00;249;Acidente com Vítima;493,1;BR-040/MG;Norte;Capotamento;1;0;0;0;0;0;0;0;0;0;0;1;0;0;0
22/02/2018;15:02:00;233;Acidente com Vítima;134,15;BR-040/GO;Sul;Capotamento;1;0;0;0;0;0;0;0;0;0;3;0;1;0;0
22/02/2018;14:04:00;221;Acidente com Vítima;521,1;BR-040/MG;Norte;Queda de Moto;0;0;0;1;0;0;0;0;0;0;0;1;0;0;0
22/02/2018;12:36:00;204;Acidente sem Vítima;740,34;BR-040/MG;Sul;Choque com objeto fixo;1;0;0;0;0;0;0;0;0;0;2;0;0;0;0
22/02/2018;11:47:00;195;Acidente com Vítima;514,1;BR-040/MG;Norte;Choque em barreira New Jersey;1;0;0;0;0;0;0;0;0;0;1;1;0;0;0
22/02/2018;08:31:00;141;Acidente sem Vítima;527,1;BR-040/MG;Sul;Choque com objeto fixo;1;0;0;0;0;0;0;0;0;0;1;0;0;0;0
22/02/2018;05:56:00;102;Acidente com Vítima;138,222;BR-040/MG;Norte;Queda de Carga;0;0;1;0;0;0;0;0;0;0;0;0;0;1;0
22/02/2018;05:32:00;99;Acidente sem Vítima;520,6;BR-040/MG;Norte;Choque com objeto fixo;2;0;0;0;0;0;0;0;0;0;2;0;0;0;0
22/02/2018;02:20:00;85;Acidente sem Vítima;487,3;BR-040/MG;Norte;Colisão traseira;0;0;2;0;0;0;0;0;0;0;3;0;0;0;0
21/02/2018;18:09:00;257;Acidente sem Vítima;527;BR-040/MG;Sul;Choque com objeto fixo;1;0;0;0;0;0;0;0;0;0;1;0;0;0;0
21/02/2018;08:23:00;115;Acidente sem Vítima;442,8;BR-040/MG;Norte;Queda de Carga;1;0;0;0;0;0;0;0;0;0;2;0;0;0;0
21/02/2018;08:09:00;111;Acidente com Vítima;522,05;BR-040/MG;Sul;Colisão traseira;1;0;0;1;0;0;0;0;0;0;1;1;0;0;0
21/02/2018;08:02:00;109;Acidente com Vítima;730,3;BR-040/MG;Norte;Capotamento;1;0;0;0;0;0;0;0;0;0;1;0;0;0;0
21/02/2018;06:29:00;84;Acidente com Vítima;526,5;BR-040/MG;Sul;Colisão traseira;2;0;0;0;0;0;0;0;0;0;2;1;0;0;0
20/02/2018;23:34:00;371;Acidente sem Vítima;509;BR-040/MG;Sul;Atropelamento de animal;2;0;0;0;0;0;0;0;0;0;3;0;0;0;0
20/02/2018;19:47:00;332;Acidente com Vítima;56,3;BR-040/MG;Norte;Colisão traseira;1;0;0;1;0;0;0;0;0;0;2;0;1;0;0
20/02/2018;19:40:00;337;Acidente sem Vítima;463,2;BR-040/MG;Norte;Abalroamento longitudinal;1;0;1;0;0;0;0;0;0;0;3;0;0;0;0
20/02/2018;19:33:00;325;Acidente sem Vítima;459;BR-040/MG;Norte;Choque com objeto fixo;1;0;0;0;0;0;0;0;0;0;5;0;0;0;0
20/02/2018;19:14:00;314;Acidente sem Vítima;463;BR-040/MG;Sul;Queda de Carga;0;0;1;0;0;0;0;0;0;0;1;0;0;0;0
20/02/2018;18:41:00;300;Acidente sem Vítima;559;BR-040/MG;Norte;Choque com objeto fixo;1;0;0;0;0;0;0;0;0;0;2;0;0;0;0
20/02/2018;17:35:00;287;Acidente sem Vítima;642,9;BR-040/MG;Norte;Choque em barreira New Jersey;1;0;0;0;0;0;0;0;0;0;1;0;0;0;0
20/02/2018;14:12:00;235;Acidente com Vítima;526,048;BR-040/MG;Norte;Colisão traseira;0;0;1;0;1;0;0;0;0;0;4;2;0;0;0
20/02/2018;13:34:00;219;Acidente sem Vítima;144,1;BR-040/MG;Norte;Abalroamento longitudinal;2;0;0;0;0;0;0;0;0;0;2;0;0;0;0
20/02/2018;13:16:00;212;Acidente sem Vítima;717,6;BR-040/MG;Norte;Outros;1;0;0;0;0;0;0;0;0;0;3;0;0;0;0
20/02/2018;09:18:00;122;Acidente sem Vítima;461,5;BR-040/MG;Sul;Queda de Carga;0;0;1;0;1;0;0;0;0;0;2;0;0;0;0
20/02/2018;08:08:00;96;Acidente com Vítima;232,9;BR-040/MG;Norte;Queda de Carga;1;0;0;0;0;0;0;0;0;0;2;1;0;0;0
20/02/2018;07:27:00;79;Acidente sem Vítima;94,8;BR-040/GO;Norte;Abalroamento transversal;0;0;1;1;0;0;0;0;0;0;3;0;0;0;0
20/02/2018;06:28:00;66;Acidente sem Vítima;455,305;BR-040/MG;Sul;Choque com objeto fixo;0;0;1;0;0;0;0;0;0;0;1;0;0;0;0
20/02/2018;06:01:00;61;Acidente sem Vítima;443,653;BR-040/MG;Norte;Choque com objeto fixo;2;0;0;0;0;1;0;0;0;0;3;0;0;0;0
20/02/2018;06:01:00;62;Acidente sem Vítima;464,2;BR-040/MG;Norte;Abalroamento transversal;2;0;0;0;0;0;0;0;0;0;4;0;0;0;0
20/02/2018;05:05:00;58;Acidente sem Vítima;562,5;BR-040/MG;Norte;Choque com objeto fixo;1;0;0;0;0;0;0;0;0;0;1;0;0;0;0
20/02/2018;04:48:00;56;Acidente sem Vítima;508,22;BR-040/MG;Sul;Choque com objeto fixo;1;0;0;0;0;0;0;0;0;0;1;0;0;0;0
19/02/2018;22:29:00;313;Acidente com Morte;20,198;BR-040/GO;Sul;Abalroamento transversal;2;0;0;1;0;2;0;0;0;0;4;0;0;0;1
19/02/2018;18:43:00;256;Acidente sem Vítima;660,4;BR-040/MG;Norte;Colisão traseira;2;0;0;0;0;0;0;0;0;0;7;0;0;0;0
19/02/2018;18:33:00;253;Acidente com Vítima;511,12;BR-040/MG;Norte;Colisão traseira;1;0;0;0;1;0;0;0;0;0;13;1;0;0;0
19/02/2018;17:49:00;246;Acidente sem Vítima;604,1;BR-040/MG;Norte;Choque em barreira New Jersey;1;0;0;0;0;0;0;0;0;0;1;0;0;0;0
19/02/2018;17:14:00;242;Acidente com Vítima;632,5;BR-040/MG;Sul;Abalroamento transversal;1;0;1;0;0;0;0;0;0;0;2;0;0;0;0
19/02/2018;16:59:00;237;Acidente sem Vítima;587,1;BR-040/MG;Sul;Choque em barreira New Jersey;1;0;0;0;0;0;0;0;0;0;1;0;0;0;0
19/02/2018;16:37:00;235;Acidente sem Vítima;528,9;BR-040/MG;Norte;Choque em defensa;1;0;0;0;0;1;0;0;0;0;2;0;0;0;0
19/02/2018;16:20:00;229;Acidente sem Vítima;618,1;BR-040/MG;Sul;Colisão traseira;2;0;0;0;0;0;0;0;0;0;2;0;0;0;0
19/02/2018;15:36:00;222;Acidente com Vítima;459,05;BR-040/MG;Sul;Queda de Moto;0;0;0;1;0;0;0;0;0;0;0;0;1;0;0
19/02/2018;15:31:00;218;Acidente com Vítima;471,08;BR-040/MG;Sul;Abalroamento longitudinal;2;0;0;0;0;0;0;0;0;0;2;1;0;0;0
19/02/2018;14:02:00;200;Acidente com Vítima;738,1;BR-040/MG;Norte;Choque com objeto fixo;0;0;1;0;0;0;0;0;0;0;2;1;0;0;0
19/02/2018;14:01:00;199;Acidente sem Vítima;605,1;BR-040/MG;Norte;Choque em defensa;1;0;0;0;0;0;0;0;0;0;1;0;0;0;0
19/02/2018;09:43:00;146;Acidente sem Vítima;537,2;BR-040/MG;Sul;Abalroamento longitudinal;1;0;1;0;0;0;0;0;0;0;2;0;0;0;0
18/02/2018;23:47:00;289;Acidente sem Vítima;520,1;BR-040/MG;Sul;Atropelamento de animal;0;0;0;1;0;0;0;0;0;0;1;0;0;0;0
18/02/2018;23:35:00;285;Acidente sem Vítima;642,8;BR-040/MG;Sul;Choque com objeto fixo;0;0;1;0;0;0;0;0;0;0;1;0;0;0;0
18/02/2018;22:35:00;275;Acidente com Vítima;3,7;BR-040/GO;Sul;Abalroamento transversal;2;0;0;1;0;0;0;0;0;0;2;1;1;0;0
18/02/2018;19:11:00;213;Acidente com Vítima;508,1;BR-040/MG;Sul;Colisão traseira;0;0;0;1;0;0;0;0;0;1;1;1;0;0;0
18/02/2018;19:08:00;212;Acidente sem Vítima;754,7;BR-040/MG;Sul;Choque em defensa;1;0;0;0;0;0;0;0;0;0;1;0;0;0;0
18/02/2018;08:35:00;59;Acidente com Vítima;535,2;BR-040/MG;Norte;Queda de Moto;0;0;0;1;0;0;0;0;0;0;0;1;0;0;0
18/02/2018;07:22:00;32;Acidente com Vítima;543,9;BR-040/MG;Norte;Choque com objeto fixo;2;0;0;0;0;0;0;0;0;0;1;0;0;0;0
18/02/2018;05:19:00;23;Acidente sem Vítima;621,5;BR-040/MG;Norte;Choque com objeto fixo;1;0;0;0;0;0;0;0;0;0;2;0;0;0;0
18/02/2018;05:09:00;21;Acidente sem Vítima;586,7;BR-040/MG;Norte;Choque com objeto fixo;1;0;0;0;0;0;0;0;0;0;1;0;0;0;0
18/02/2018;03:32:00;19;Acidente sem Vítima;510,5;BR-040/MG;Sul;Choque com objeto fixo;1;0;0;0;0;0;0;0;0;0;2;0;0;0;0
18/02/2018;02:49:00;16;Acidente com Vítima;527,2;BR-040/MG;Sul;Choque com objeto fixo;1;0;0;0;0;0;0;0;0;0;0;1;0;0;0
17/02/2018;20:32:00;332;Acidente sem Vítima;5,3;BR-040/DF;Norte;Abalroamento longitudinal;3;0;0;0;0;0;0;0;0;0;5;0;0;0;0
17/02/2018;20:16:00;328;Acidente com Vítima;614,2;BR-040/MG;Norte;Colisão traseira;1;0;0;1;0;0;0;0;0;0;1;0;1;0;0
17/02/2018;19:54:00;324;Acidente sem Vítima;700,2;BR-040/MG;Sul;Colisão traseira;2;0;0;0;0;0;0;0;0;0;2;0;0;0;0
17/02/2018;18:50:00;305;Acidente sem Vítima;493;BR-040/MG;Norte;Atropelamento de animal;1;0;0;0;0;0;0;0;0;0;1;0;0;0;0
17/02/2018;13:32:00;229;Acidente sem Vítima;27,116;BR-040/GO;Norte;Capotamento;2;0;1;0;0;0;0;0;0;0;4;0;0;0;0
17/02/2018;13:04:00;219;Acidente sem Vítima;585;BR-040/MG;Norte;Choque com objeto fixo;1;0;0;0;0;0;0;0;0;0;1;0;0;0;0
17/02/2018;10:05:00;163;Atropelamento sem Morte;649,5;BR-040/MG;Norte;Atropelamento de pedestre atravessando;1;0;0;0;0;0;0;0;0;0;1;1;0;0;0
17/02/2018;08:40:00;130;Acidente sem Vítima;1,236;BR-040/GO;Norte;Abalroamento longitudinal;1;0;0;1;0;0;0;0;0;0;2;0;0;0;0
17/02/2018;01:16:00;22;Acidente sem Vítima;483,1;BR-040/MG;Sul;Choque com objeto fixo;1;0;0;0;0;0;0;0;0;0;1;0;0;0;0
16/02/2018;21:53:00;365;Acidente com Vítima;509,2;BR-040/MG;Norte;Colisão traseira;1;0;0;1;0;0;0;0;0;0;4;0;1;0;0
16/02/2018;21:46:00;364;Atropelamento sem Morte;277;BR-040/MG;Sul;Atropelamento de pedestre atravessando;0;0;0;1;0;0;0;0;0;0;0;1;1;0;0
16/02/2018;21:35:00;362;Acidente sem Vítima;8;BR-040/DF;Norte;Choque com objeto fixo;1;0;0;0;0;0;0;0;0;0;1;0;0;0;0
16/02/2018;18:32:00;304;Acidente com Vítima;84;BR-040/GO;Sul;Abalroamento longitudinal;1;0;0;1;0;0;0;0;0;0;1;1;0;0;0
16/02/2018;17:59:00;297;Acidente sem Vítima;482,9;BR-040/MG;Norte;Abalroamento longitudinal;1;0;0;0;0;1;0;0;0;0;2;0;0;0;0
16/02/2018;17:44:00;294;Acidente com Vítima;552,05;BR-040/MG;Sul;Abalroamento longitudinal;1;0;0;1;0;0;0;0;0;0;1;1;0;0;0
16/02/2018;16:08:00;262;Acidente com Vítima;536;BR-040/MG;Norte;Colisão traseira;1;0;0;1;0;0;0;0;0;0;1;1;0;0;0
16/02/2018;13:07:00;212;Acidente com Vítima;656;BR-040/MG;Sul;Capotamento;1;0;0;0;0;0;0;0;0;0;3;2;0;0;0
16/02/2018;10:40:00;178;Acidente com Vítima;572;BR-040/MG;Sul;Abalroamento transversal;2;0;0;0;0;0;0;0;0;0;2;0;1;0;0
16/02/2018;09:56:00;163;Acidente sem Vítima;615;BR-040/MG;Norte;Colisão traseira;3;0;1;0;0;0;0;0;0;0;5;0;0;0;0
16/02/2018;07:37:00;127;Acidente com Vítima;1,5;BR-040/GO;Norte;Colisão traseira;2;0;0;1;0;0;0;0;0;0;5;0;0;1;0
16/02/2018;06:56:00;112;Acidente com Vítima;3,078;BR-040/DF;Norte;Queda de Moto;0;0;0;1;0;0;0;0;0;0;0;0;1;0;0