data;horario;n_da_ocorrencia;tipo_de_ocorrencia;km;trecho;sentido;tipo_de_acidente;automovel;bicicleta;caminhao;moto;onibus;outros;tracao_animal;transporte_de_cargas_especiais;trator_maquinas;utilitarios;ilesos;levemente_feridos;moderadamente_feridos;gravemente_feridos;mortos
22/03/2018;04:53:00;93;Acidente sem Vítima;526,005;BR-040/MG;Norte;Choque em defensa;1;0;0;0;0;0;0;0;0;0;2;0;0;0;0
21/03/2018;22:03:00;331;Acidente com Vítima;2,05;BR-040/GO;Norte;Abalroamento transversal;1;0;0;1;0;0;0;0;0;0;1;0;1;0;0
21/03/2018;18:45:00;274;Atropelamento sem Morte;527,1;BR-040/MG;Sul;Atropelamento de ciclista;0;1;0;1;0;0;0;0;0;0;0;0;2;0;0
21/03/2018;18:06:00;266;Acidente sem Vítima;517,53;BR-040/MG;Sul;Choque com objeto fixo;1;0;0;0;0;0;0;0;0;0;1;0;0;0;0
21/03/2018;17:28:00;263;Acidente com Vítima;745,7;BR-040/MG;Norte;Queda de Carga;0;0;0;0;0;1;0;0;0;0;0;1;0;0;0
21/03/2018;15:07:00;232;Acidente sem Vítima;688,8;BR-040/MG;Norte;Capotamento;1;0;0;0;0;0;0;0;0;0;2;0;0;0;0
21/03/2018;08:31:00;126;Acidente sem Vítima;525,5;BR-040/MG;Norte;Abalroamento longitudinal;1;0;0;0;0;1;0;0;0;0;2;0;0;0;0
21/03/2018;08:19:00;122;Acidente sem Vítima;660;BR-040/MG;Norte;Queda de Carga;0;0;0;0;1;0;0;0;0;0;1;0;0;0;0
21/03/2018;07:49:00;113;Acidente sem Vítima;1,9;BR-040/DF;Sul;Queda de Moto;0;0;0;1;0;0;0;0;0;0;1;0;0;0;0
21/03/2018;07:28:00;106;Acidente sem Vítima;62,4;BR-040/GO;Norte;Abalroamento longitudinal;2;0;0;0;0;0;0;0;0;0;2;0;0;0;0
21/03/2018;06:50:00;93;Atropelamento sem Morte;503,2;BR-040/MG;Sul;Atropelamento de pedestre caminhando;1;0;0;0;0;0;0;0;0;0;1;0;1;0;0
21/03/2018;04:44:00;78;Acidente sem Vítima;565;BR-040/MG;Sul;Choque em defensa;1;0;0;0;0;0;0;0;0;0;1;0;0;0;0
20/03/2018;22:51:00;357;Acidente sem Vítima;3,4;BR-040/DF;Norte;Colisão traseira;3;0;0;0;0;0;0;0;0;0;4;0;0;0;0
20/03/2018;19:17:00;323;Acidente sem Vítima;662,8;BR-040/MG;Sul;Choque com objeto fixo;1;0;0;0;0;0;0;0;0;0;1;0;0;0;0
20/03/2018;19:05:00;321;Acidente sem Vítima;486;BR-040/MG;Norte;Colisão traseira;1;0;1;0;0;0;0;0;0;0;2;0;0;0;0
20/03/2018;16:58:00;287;Acidente com Vítima;0,5;BR-040/GO;Norte;Colisão traseira;1;0;0;1;0;0;0;0;0;0;1;1;0;0;0
20/03/2018;16:29:00;274;Acidente com Vítima;638,1;BR-040/MG;Norte;Colisão traseira;1;0;1;1;0;0;0;0;0;0;2;0;0;2;0
20/03/2018;15:28:00;261;Acidente sem Vítima;638,67;BR-040/MG;Sul;Capotamento;1;0;0;0;0;0;0;0;0;0;1;0;0;0;0
20/03/2018;08:16:00;133;Acidente sem Vítima;504,2;BR-040/MG;Norte;Choque com objeto fixo;1;0;0;0;0;0;0;0;0;0;1;0;0;0;0
20/03/2018;08:06:00;130;Acidente sem Vítima;463,19;BR-040/MG;Sul;Choque com objeto fixo;1;0;0;0;0;0;0;0;0;0;4;0;0;0;0
20/03/2018;06:59:00;102;Acidente sem Vítima;474,5;BR-040/MG;Norte;Choque com objeto fixo;1;0;0;0;0;0;0;0;0;0;1;0;0;0;0
20/03/2018;06:33:00;96;Acidente com Vítima;510,2;BR-040/MG;Norte;Colisão traseira;3;0;0;0;1;0;0;0;0;0;2;2;0;0;0
19/03/2018;21:59:00;326;Acidente com Vítima;516,473;BR-040/MG;Sul;Colisão traseira;1;0;1;0;0;0;0;0;0;0;1;0;0;1;0
19/03/2018;19:22:00;293;Acidente com Vítima;534,704;BR-040/MG;Norte;Queda de Moto;0;0;0;1;0;0;0;0;0;0;0;1;0;0;0
19/03/2018;19:15:00;289;Acidente sem Vítima;662,01;BR-040/MG;Norte;Colisão frontal;1;0;0;1;0;0;0;0;0;0;2;0;0;0;0
19/03/2018;19:08:00;286;Acidente com Vítima;669,1;BR-040/MG;Sul;Colisão frontal;1;0;0;1;0;0;0;0;0;0;1;0;1;0;0
19/03/2018;18:03:00;262;Acidente sem Vítima;3,13;BR-040/DF;Sul;Abalroamento longitudinal;1;0;0;1;0;0;0;0;0;0;2;0;0;0;0
19/03/2018;16:55:00;248;Acidente sem Vítima;544,1;BR-040/MG;Sul;Abalroamento longitudinal;2;0;0;0;0;0;0;0;0;0;2;0;0;0;0
19/03/2018;14:27:00;213;Acidente sem Vítima;633,5;BR-040/MG;Sul;Abalroamento transversal;1;0;1;0;0;0;0;0;0;0;2;0;0;0;0
19/03/2018;14:13:00;211;Acidente com Vítima;521,1;BR-040/MG;Sul;Abalroamento longitudinal;1;0;0;1;0;0;0;0;0;0;1;0;1;0;0
19/03/2018;07:26:00;106;Acidente sem Vítima;553,1;BR-040/MG;Norte;Colisão traseira;1;0;1;0;0;0;0;0;0;0;2;0;0;0;0
19/03/2018;07:07:00;99;Acidente com Vítima;517,1;BR-040/MG;Norte;Colisão traseira;1;0;0;3;0;0;0;0;0;0;3;1;1;0;0
19/03/2018;06:27:00;91;Acidente sem Vítima;700,01;BR-040/MG;Norte;Atropelamento de animal;1;0;0;0;0;0;0;0;0;0;1;0;0;0;0
19/03/2018;05:19:00;87;Acidente com Vítima;3,1;BR-040/DF;Sul;Abalroamento transversal;2;0;0;0;0;0;0;0;0;0;3;1;0;0;0
18/03/2018;22:43:00;251;Acidente com Vítima;668,12;BR-040/MG;Norte;Abalroamento transversal;2;0;0;0;0;0;0;0;0;0;2;2;0;0;0
18/03/2018;17:42:00;160;Acidente com Vítima;6,5;BR-040/GO;Norte;Colisão traseira;4;0;0;0;0;0;0;0;0;0;8;0;1;0;0
18/03/2018;09:46:00;62;Acidente com Vítima;501,1;BR-040/MG;Norte;Queda de Moto;0;0;0;1;0;0;0;0;0;0;0;1;0;0;0
18/03/2018;09:19:00;59;Acidente com Vítima;512,1;BR-040/MG;Norte;Choque em defensa;1;0;0;1;0;0;0;0;0;0;1;0;0;1;0
18/03/2018;07:40:00;36;Acidente sem Vítima;563,1;BR-040/MG;Sul;Choque com objeto fixo;1;0;0;0;0;0;0;0;0;0;1;0;0;0;0
18/03/2018;05:22:00;25;Acidente com Vítima;544,1;BR-040/MG;Norte;Capotamento;2;0;0;0;0;0;0;0;0;0;2;1;0;0;0
18/03/2018;02:30:00;14;Acidente com Vítima;697,1;BR-040/MG;Sul;Queda de Moto;0;0;0;1;0;0;0;0;0;0;0;0;0;1;0
18/03/2018;01:11:00;6;Acidente com Vítima;573,46;BR-040/MG;Norte;Choque com objeto fixo;1;0;0;0;0;0;0;0;0;0;0;1;0;0;0
17/03/2018;21:59:00;296;Acidente sem Vítima;729,7;BR-040/MG;Sul;Choque com objeto fixo;0;0;1;0;0;0;0;0;0;0;1;0;0;0;0
17/03/2018;21:33:00;285;Acidente sem Vítima;0,45;BR-040/GO;Sul;Colisão traseira;3;0;0;0;0;0;0;0;0;0;8;0;0;0;0
17/03/2018;21:31:00;283;Acidente com Vítima;557,65;BR-040/MG;Sul;Capotamento;1;0;0;0;0;0;0;0;0;0;0;0;1;0;0
17/03/2018;16:13:00;210;Acidente sem Vítima;656,4;BR-040/MG;Norte;Choque com objeto fixo;1;0;0;0;0;0;0;0;0;0;2;0;0;0;0
17/03/2018;15:50:00;204;Acidente sem Vítima;729,15;BR-040/MG;Sul;Choque em barreira New Jersey;1;0;0;0;0;0;0;0;0;0;2;0;0;0;0
17/03/2018;14:49:00;184;Acidente com Vítima;279,9;BR-040/MG;Norte;Colisão traseira;2;0;0;0;0;0;0;0;0;0;3;1;0;0;0
17/03/2018;14:40:00;182;Acidente com Vítima;447,5;BR-040/MG;Norte;Capotamento;1;0;0;0;0;0;0;0;0;0;1;1;0;0;0
17/03/2018;09:56:00;124;Acidente com Vítima;555,1;BR-040/MG;Sul;Queda de Moto;0;0;0;1;0;0;0;0;0;0;0;1;0;0;0
17/03/2018;07:36:00;78;Acidente sem Vítima;613,9;BR-040/MG;Sul;Outros;1;0;0;0;0;0;0;0;0;0;1;0;0;0;0
17/03/2018;07:09:00;74;Acidente com Vítima;0,1;BR-040/GO;Norte;Queda de Moto;0;0;0;1;0;0;0;0;0;0;0;1;0;0;0
17/03/2018;05:20:00;57;Acidente sem Vítima;507,8;BR-040/MG;Sul;Choque com objeto fixo;1;0;0;0;0;0;0;0;0;0;3;0;0;0;0
16/03/2018;21:21:00;360;Acidente com Vítima;7,3;BR-040/GO;Sul;Queda de Moto;1;0;0;1;0;0;0;0;0;0;1;0;1;0;0
16/03/2018;20:15:00;340;Acidente sem Vítima;526;BR-040/MG;Sul;Choque com objeto fixo;1;0;0;0;0;0;0;0;0;0;1;0;0;0;0
16/03/2018;20:07:00;337;Acidente sem Vítima;505,4;BR-040/MG;Sul;Choque com objeto fixo;1;0;0;0;0;0;0;0;0;0;4;0;0;0;0
16/03/2018;19:39:00;329;Acidente sem Vítima;654,5;BR-040/MG;Norte;Choque em barreira New Jersey;1;0;0;0;0;0;0;0;0;0;3;0;0;0;0
16/03/2018;19:04:00;315;Acidente sem Vítima;517;BR-040/MG;Sul;Choque com objeto fixo;1;0;0;0;0;0;0;0;0;0;2;0;0;0;0
16/03/2018;18:33:00;303;Acidente sem Vítima;633;BR-040/MG;Sul;Colisão traseira;2;0;0;0;0;0;0;0;0;0;2;0;0;0;0
16/03/2018;17:05:00;280;Acidente sem Vítima;297,8;BR-040/MG;Norte;Capotamento;1;0;0;0;0;0;0;0;0;0;2;0;0;0;0
16/03/2018;17:04:00;279;Acidente sem Vítima;545;BR-040/MG;Sul;Choque com objeto fixo;1;0;0;0;0;0;0;0;0;0;1;0;0;0;0
16/03/2018;16:57:00;278;Acidente sem Vítima;514;BR-040/MG;Sul;Queda de Carga;2;0;0;0;0;0;0;0;0;0;2;0;0;0;0
16/03/2018;15:57:00;264;Acidente sem Vítima;594,15;BR-040/MG;Sul;Queda de Carga;0;0;1;0;0;0;0;0;0;0;1;0;0;0;0
16/03/2018;15:46:00;259;Acidente sem Vítima;595,15;BR-040/MG;Norte;Choque em barreira New Jersey;1;0;0;0;0;0;0;0;0;0;1;0;0;0;0
16/03/2018;14:05:00;234;Acidente sem Vítima;530;BR-040/MG;Norte;Capotamento;2;0;0;0;0;0;0;0;0;0;2;0;0;0;0
16/03/2018;13:29:00;223;Acidente sem Vítima;729,3;BR-040/MG;Sul;Capotamento;1;0;0;0;0;0;0;0;0;0;1;0;0;0;0
16/03/2018;01:48:00;68;Acidente sem Vítima;593,9;BR-040/MG;Norte;Queda de Carga;0;0;1;0;0;0;0;0;0;0;1;0;0;0;0
16/03/2018;01:00:00;62;Acidente sem Vítima;198,683;BR-040/MG;Sul;Queda de Carga;0;0;1;0;0;0;0;0;0;0;1;0;0;0;0
15/03/2018;19:52:00;284;Acidente sem Vítima;731,4;BR-040/MG;Sul;Outros;1;0;0;0;0;0;0;0;0;0;1;0;0;0;0
15/03/2018;19:27:00;276;Acidente com Vítima;18,044;BR-040/GO;Sul;Colisão traseira;1;0;0;1;0;0;0;0;0;0;4;1;0;0;0
15/03/2018;14:45:00;214;Acidente sem Vítima;270,1;BR-040/MG;Norte;Abalroamento longitudinal;1;0;1;0;0;0;0;0;0;0;2;0;0;0;0
15/03/2018;14:21:00;208;Acidente sem Vítima;515,35;BR-040/MG;Norte;Colisão traseira;2;0;0;0;0;0;0;0;0;0;2;0;0;0;0
15/03/2018;13:58:00;203;Acidente sem Vítima;660,29;BR-040/MG;Norte;Colisão traseira;1;0;1;0;0;0;0;0;0;0;2;0;0;0;0
15/03/2018;11:47:00;181;Acidente com Vítima;1,9;BR-040/GO;Norte;Abalroamento longitudinal;1;0;0;1;0;0;0;0;0;0;1;1;0;0;0
15/03/2018;10:16:00;163;Acidente sem Vítima;107,1;BR-040/GO;Norte;Capotamento;1;0;0;0;0;0;0;0;0;0;1;0;0;0;0
15/03/2018;08:44:00;137;Acidente com Vítima;545;BR-040/MG;Norte;Colisão frontal;1;0;0;1;0;0;0;0;0;0;1;0;2;0;0
15/03/2018;07:03:00;119;Acidente com Vítima;5,1;BR-040/DF;Norte;Abalroamento longitudinal;1;0;0;1;0;0;0;0;0;0;1;1;0;0;0
15/03/2018;05:16:00;107;Acidente com Vítima;526,1;BR-040/MG;Sul;Colisão traseira;0;0;1;0;1;0;0;0;0;0;2;1;0;0;0
15/03/2018;03:26:00;98;Acidente sem Vítima;601,14;BR-040/MG;Norte;Colisão traseira;0;0;2;0;0;0;0;0;0;0;2;0;0;0;0
14/03/2018;21:48:00;312;Acidente sem Vítima;227,5;BR-040/MG;Norte;Queda de Carga;0;0;1;0;0;0;0;0;0;0;1;0;0;0;0
14/03/2018;21:29:00;308;Acidente sem Vítima;24,787;BR-040/GO;Norte;Choque em barreira New Jersey;1;0;0;0;0;0;0;0;0;0;5;0;0;0;0
14/03/2018;20:34:00;293;Acidente sem Vítima;7,1;BR-040/DF;Sul;Colisão traseira;1;0;1;0;0;0;0;0;0;0;41;0;0;0;0
14/03/2018;16:31:00;242;Acidente com Vítima;571,8;BR-040/MG;Sul;Queda de Carga;0;0;1;0;0;0;0;0;0;0;0;0;1;0;0
14/03/2018;16:18:00;239;Acidente com Vítima;534,58;BR-040/MG;Norte;Queda de Moto;1;0;0;1;0;0;0;0;0;0;1;0;2;0;0
14/03/2018;14:05:00;209;Acidente sem Vítima;65,8;BR-040/MG;Sul;Abalroamento longitudinal;1;0;1;0;0;0;0;0;0;0;4;0;0;0;0
14/03/2018;13:58:00;206;Acidente sem Vítima;514,1;BR-040/MG;Norte;Colisão traseira;3;0;0;0;0;0;0;0;0;0;3;0;0;0;0
14/03/2018;13:18:00;193;Acidente com Vítima;509,15;BR-040/MG;Norte;Colisão traseira;3;0;0;0;0;0;0;0;0;0;3;1;0;0;0
14/03/2018;08:26:00;130;Acidente sem Vítima;742,9;BR-040/MG;Norte;Choque com objeto fixo;1;0;0;0;0;0;0;0;0;0;1;0;0;0;0
14/03/2018;07:47:00;119;Acidente sem Vítima;522,5;BR-040/MG;Norte;Colisão traseira;2;0;0;0;0;0;0;0;0;0;2;0;0;0;0
14/03/2018;07:22:00;114;Acidente sem Vítima;522,1;BR-040/MG;Sul;Colisão traseira;1;0;0;1;0;0;0;0;0;0;2;0;0;0;0
14/03/2018;01:20:00;72;Acidente com Vítima;608;BR-040/MG;Norte;Colisão traseira;0;0;1;1;0;0;0;0;0;0;1;1;0;0;0
13/03/2018;23:23:00;353;Acidente sem Vítima;505,3;BR-040/MG;Norte;Colisão traseira;0;0;2;0;0;0;0;0;0;0;2;0;0;0;0
13/03/2018;22:38:00;347;Acidente com Vítima;510,2;BR-040/MG;Norte;Queda de Moto;0;0;0;1;0;0;0;0;0;0;0;2;0;0;0
13/03/2018;20:26:00;320;Acidente com Vítima;528,05;BR-040/MG;Norte;Choque com objeto fixo;0;0;0;1;0;0;0;0;0;0;0;1;0;0;0
13/03/2018;19:19:00;302;Acidente com Vítima;3,5;BR-040/MG;Sul;Capotamento;1;0;0;0;0;0;0;0;0;0;1;0;1;0;0
13/03/2018;17:55:00;270;Acidente sem Vítima;752,2;BR-040/MG;Norte;Choque com objeto fixo;1;0;0;0;0;0;0;0;0;0;1;0;0;0;0
13/03/2018;17:01:00;258;Acidente sem Vítima;642,7;BR-040/MG;Norte;Choque em barreira New Jersey;1;0;1;0;0;0;0;0;0;0;2;0;0;0;0
13/03/2018;16:57:00;256;Acidente sem Vítima;282,8;BR-040/MG;Sul;Abalroamento longitudinal;1;0;1;0;0;0;0;0;0;0;2;0;0;0;0
13/03/2018;16:46:00;254;Acidente sem Vítima;613,29;BR-040/MG;Norte;Abalroamento transversal;1;0;0;0;0;1;0;0;0;0;2;0;0;0;0
13/03/2018;16:32:00;250;Acidente sem Vítima;613,29;BR-040/MG;Sul;Colisão traseira;0;0;1;0;0;1;0;0;0;0;2;0;0;0;0
13/03/2018;15:32:00;241;Acidente sem Vítima;197,4;BR-040/MG;Norte;Choque com objeto fixo;0;0;1;0;0;0;0;0;0;0;1;0;0;0;0
13/03/2018;11:26:00;162;Acidente sem Vítima;2;BR-040/GO;Norte;Choque com objeto fixo;0;0;0;0;0;0;0;0;0;0;0;0;0;0;0
13/03/2018;10:55:00;156;Acidente com Vítima;12,2;BR-040/GO;Norte;Abalroamento longitudinal;1;0;0;1;0;0;0;0;0;0;3;1;0;0;0
13/03/2018;07:06:00;99;Acidente com Vítima;510;BR-040/MG;Norte;Abalroamento longitudinal;1;0;1;0;0;0;0;0;0;0;1;1;0;0;0
13/03/2018;07:06:00;100;Acidente com Vítima;3,1;BR-040/MG;Norte;Capotamento;1;0;0;0;0;0;0;0;0;0;1;1;0;0;0
13/03/2018;06:31:00;90;Acidente com Vítima;2,3;BR-040/GO;Sul;Outros;0;0;0;1;0;0;0;0;0;0;1;0;1;0;0
13/03/2018;05:07:00;81;Acidente sem Vítima;499,9;BR-040/MG;Sul;Abalroamento longitudinal;1;0;0;0;0;1;0;0;0;0;6;0;0;0;0
12/03/2018;20:17:00;306;Acidente sem Vítima;597,285;BR-040/MG;Sul;Queda de Carga;0;0;1;0;0;0;0;0;0;0;1;0;0;0;0
12/03/2018;18:47:00;277;Acidente sem Vítima;584,1;BR-040/MG;Norte;Queda de Moto;0;0;0;1;0;0;0;0;0;0;1;0;0;0;0
12/03/2018;18:44:00;276;Acidente sem Vítima;543;BR-040/MG;Norte;Choque em barreira New Jersey;1;0;0;0;0;0;0;0;0;0;1;0;0;0;0
12/03/2018;18:23:00;270;Acidente sem Vítima;536,2;BR-040/MG;Norte;Queda de Moto;0;0;0;1;0;0;0;0;0;0;1;0;0;0;0
12/03/2018;16:11:00;241;Acidente com Vítima;463,3;BR-040/MG;Sul;Capotamento;1;0;0;0;0;0;0;0;0;0;0;2;0;0;0
12/03/2018;15:20:00;229;Acidente sem Vítima;287,7;BR-040/MG;Norte;Colisão traseira;0;0;2;0;0;0;0;0;0;0;2;0;0;0;0
12/03/2018;15:14:00;225;Acidente sem Vítima;519,25;BR-040/MG;Norte;Colisão traseira;2;0;0;0;0;0;0;0;0;0;2;0;0;0;0
12/03/2018;12:26:00;185;Acidente com Vítima;2,3;BR-040/GO;Sul;Colisão traseira;1;0;0;1;0;0;0;0;0;0;3;1;0;0;0
12/03/2018;08:26:00;118;Acidente sem Vítima;511,15;BR-040/MG;Sul;Outros;1;0;0;0;0;0;0;0;0;0;2;0;0;0;0
12/03/2018;07:31:00;106;Acidente sem Vítima;523,15;BR-040/MG;Sul;Colisão traseira;1;0;0;1;0;0;0;0;0;0;2;0;0;0;0
12/03/2018;07:31:00;108;Acidente com Vítima;753,3;BR-040/MG;Sul;Capotamento;1;0;0;0;0;0;0;0;0;0;0;1;0;0;0
11/03/2018;17:31:00;198;Acidente sem Vítima;674,2;BR-040/MG;Sul;Choque em defensa;1;0;0;0;0;0;0;0;0;0;1;0;0;0;0
11/03/2018;15:57:00;172;Acidente sem Vítima;4,7;BR-040/GO;Norte;Abalroamento longitudinal;1;0;0;1;0;0;0;0;0;0;2;0;0;0;0
11/03/2018;14:22:00;150;Acidente com Vítima;493,1;BR-040/MG;Norte;Choque com objeto fixo;1;0;0;0;0;0;0;0;0;0;3;1;1;0;0
11/03/2018;12:55:00;130;Acidente sem Vítima;45,2;BR-040/GO;Sul;Choque com objeto fixo;0;0;1;0;0;0;0;0;0;0;2;0;0;0;0
11/03/2018;12:40:00;126;Acidente com Vítima;57,8;BR-040/GO;Sul;Queda de Moto;0;0;0;1;0;0;0;0;0;0;0;2;0;0;0
11/03/2018;12:39:00;125;Acidente sem Vítima;513,1;BR-040/MG;Sul;Queda de Carga;2;0;0;0;0;0;0;0;0;0;2;0;0;0;0
11/03/2018;08:34:00;78;Acidente sem Vítima;4,8;BR-040/GO;Sul;Choque com objeto fixo;1;0;0;0;0;0;0;0;0;0;1;0;0;0;0
11/03/2018;03:15:00;24;Acidente sem Vítima;500,99;BR-040/MG;Sul;Capotamento;1;0;0;0;0;0;0;0;0;0;1;0;0;0;0
11/03/2018;03:12:00;23;Acidente sem Vítima;547,1;BR-040/MG;Sul;Choque com objeto fixo;1;0;0;0;0;0;0;0;0;0;1;0;0;0;0
11/03/2018;02:46:00;18;Acidente sem Vítima;521,9;BR-040/MG;Sul;Choque com objeto fixo;1;0;0;0;0;0;0;0;0;0;1;0;0;0;0
10/03/2018;23:57:00;320;Acidente sem Vítima;518,5;BR-040/MG;Sul;Choque com objeto fixo;1;0;0;0;0;0;0;0;0;0;1;0;0;0;0
10/03/2018;23:14:00;310;Acidente sem Vítima;534,95;BR-040/MG;Norte;Colisão traseira;1;0;0;1;0;0;0;0;0;0;4;0;0;0;0
10/03/2018;22:09:00;296;Acidente sem Vítima;2,3;BR-040/GO;Sul;Colisão traseira;2;0;0;0;0;0;0;0;0;0;3;0;0;0;0
10/03/2018;22:01:00;293;Acidente sem Vítima;700,106;BR-040/MG;Norte;Colisão traseira;2;0;0;0;0;0;0;0;0;0;2;0;0;0;0
10/03/2018;17:48:00;228;Atropelamento sem Morte;1,9;BR-040/GO;Sul;Atropelamento de pedestre caminhando;1;0;0;0;0;0;0;0;0;0;6;0;0;0;0
10/03/2018;17:31:00;226;Acidente sem Vítima;712,288;BR-040/MG;Norte;Choque com objeto fixo;1;0;0;0;0;0;0;0;0;0;2;0;0;0;0
10/03/2018;16:50:00;222;Acidente sem Vítima;720,47;BR-040/MG;Norte;Choque em barreira New Jersey;1;0;0;0;0;0;0;0;0;0;3;0;0;0;0
10/03/2018;14:21:00;193;Acidente com Vítima;474,5;BR-040/MG;Norte;Choque com objeto fixo;1;0;0;0;0;0;0;0;0;0;1;4;0;0;0
10/03/2018;11:18:00;146;Acidente sem Vítima;629;BR-040/MG;Sul;Abalroamento longitudinal;1;0;0;0;1;0;0;0;0;0;3;0;0;0;0
10/03/2018;11:08:00;143;Acidente sem Vítima;483,1;BR-040/MG;Sul;Outros;1;0;0;0;0;0;0;0;0;0;1;0;0;0;0
10/03/2018;08:57:00;101;Acidente sem Vítima;0,8;BR-040/GO;Norte;Colisão traseira;3;0;0;0;0;0;0;0;0;0;3;0;0;0;0
09/03/2018;23:01:00;319;Acidente sem Vítima;560,6;BR-040/MG;Norte;Colisão traseira;3;0;0;0;0;0;0;0;0;0;7;0;0;0;0
09/03/2018;22:57:00;315;Acidente com Vítima;532,008;BR-040/MG;Sul;Outros;1;1;0;0;0;0;0;0;0;0;1;1;0;0;0
09/03/2018;19:15:00;273;Acidente com Vítima;9,7;BR-040/GO;Sul;Queda de Moto;0;0;0;1;0;0;0;0;0;0;0;1;0;0;0
09/03/2018;18:04:00;260;Acidente com Vítima;495,5;BR-040/MG;Sul;Capotamento;1;0;0;0;0;0;0;0;0;0;0;2;1;0;0
09/03/2018;17:44:00;257;Acidente com Vítima;515,84;BR-040/MG;Norte;Colisão traseira;1;0;0;1;0;0;0;0;0;0;1;1;1;0;0
09/03/2018;17:42:00;256;Acidente com Vítima;42,3;BR-040/GO;Norte;Choque com objeto fixo;0;0;1;0;0;0;0;0;0;0;0;0;1;0;0
09/03/2018;17:34:00;254;Acidente sem Vítima;584;BR-040/MG;Sul;Abalroamento longitudinal;1;0;1;0;0;0;0;0;0;0;2;0;0;0;0
09/03/2018;16:41:00;248;Acidente com Morte;195,3;BR-040/MG;Sul;Capotamento;0;0;1;0;0;0;0;0;0;0;0;0;0;0;1
09/03/2018;13:36:00;206;Acidente sem Vítima;632;BR-040/MG;Sul;Choque em barreira New Jersey;1;0;0;0;0;0;0;0;0;0;2;0;0;0;0
09/03/2018;13:01:00;205;Acidente com Vítima;281,15;BR-040/MG;Norte;Abalroamento transversal;2;0;0;0;0;0;0;0;0;0;2;3;0;0;0
09/03/2018;12:14:00;196;Acidente com Vítima;48;BR-040/MG;Sul;Capotamento;1;0;0;0;0;0;0;0;0;0;0;2;0;0;0
09/03/2018;11:30:00;182;Acidente com Vítima;731,2;BR-040/MG;Sul;Queda de Moto;0;0;0;1;0;0;0;0;0;0;0;1;0;0;0
09/03/2018;11:29:00;180;Acidente sem Vítima;454,2;BR-040/MG;Norte;Choque com objeto fixo;1;0;1;0;0;0;0;0;0;0;2;0;0;0;0
09/03/2018;10:18:00;164;Acidente com Vítima;544,8;BR-040/MG;Sul;Capotamento;0;0;1;0;0;0;0;0;0;0;0;0;2;0;0
09/03/2018;09:38:00;157;Acidente sem Vítima;562,72;BR-040/MG;Sul;Queda de Carga;0;0;1;0;0;0;0;0;0;0;1;0;0;0;0
09/03/2018;09:13:00;152;Acidente sem Vítima;469,25;BR-040/MG;Norte;Choque em defensa;1;0;0;0;0;0;0;0;0;0;2;0;0;0;0
09/03/2018;08:27:00;136;Acidente com Vítima;2,6;BR-040/GO;Norte;Abalroamento longitudinal;1;0;0;1;0;0;0;0;0;0;1;1;0;0;0
09/03/2018;08:20:00;132;Acidente com Vítima;627,7;BR-040/MG;Norte;Abalroamento transversal;1;0;0;1;0;0;0;0;0;0;1;0;1;0;0
09/03/2018;06:56:00;99;Acidente com Vítima;513,01;BR-040/MG;Norte;Queda de Moto;0;0;0;1;0;0;0;0;0;0;0;0;0;1;0
08/03/2018;17:35:00;281;Acidente com Vítima;42,15;BR-040/MG;Sul;Capotamento;1;0;0;0;0;0;0;0;0;0;0;1;0;0;0
08/03/2018;17:17:00;278;Acidente sem Vítima;519,1;BR-040/MG;Norte;Queda de Moto;0;0;0;1;0;0;0;0;0;0;1;0;0;0;0
08/03/2018;17:11:00;276;Acidente sem Vítima;659;BR-040/MG;Sul;Capotamento;1;0;0;0;0;0;0;0;0;0;1;0;0;0;0
08/03/2018;17:08:00;274;Acidente sem Vítima;93,15;BR-040/GO;Sul;Colisão traseira;1;0;1;0;0;0;0;0;0;0;2;0;0;0;0
08/03/2018;16:35:00;264;Acidente sem Vítima;615,5;BR-040/MG;Sul;Abalroamento transversal;0;0;2;0;0;0;0;0;0;0;2;0;0;0;0
08/03/2018;14:15:00;242;Acidente sem Vítima;468,5;BR-040/MG;Norte;Colisão traseira;2;0;0;0;0;0;0;0;0;0;2;0;0;0;0
08/03/2018;09:22:00;167;Acidente com Vítima;511,2;BR-040/MG;Sul;Queda de Moto;0;0;0;1;0;0;0;0;0;0;0;1;0;0;0
08/03/2018;07:38:00;138;Acidente com Vítima;521,1;BR-040/MG;Sul;Colisão traseira;1;0;0;1;0;0;0;0;0;0;1;0;1;0;0
08/03/2018;06:57:00;125;Acidente sem Vítima;123,3;BR-040/MG;Sul;Queda de Carga;0;0;1;0;0;0;0;0;0;0;2;0;0;0;0
08/03/2018;06:53:00;122;Acidente sem Vítima;505,02;BR-040/MG;Sul;Choque em defensa;1;0;0;0;0;1;0;0;0;0;3;0;0;0;0
08/03/2018;05:30:00;105;Acidente sem Vítima;468;BR-040/MG;Norte;Colisão traseira;2;0;0;0;0;0;0;0;0;0;3;0;0;0;0
08/03/2018;02:59:00;93;Acidente sem Vítima;93,5;BR-040/GO;Sul;Atropelamento de animal;0;0;0;0;0;1;0;0;0;0;1;0;0;0;0
08/03/2018;01:10:00;72;Acidente com Vítima;558,44;BR-040/MG;Sul;Capotamento;1;0;0;0;0;0;0;0;0;0;0;0;1;0;0