data;horario;n_da_ocorrencia;tipo_de_ocorrencia;km;trecho;sentido;tipo_de_acidente;automovel;bicicleta;caminhao;moto;onibus;outros;tracao_animal;transporte_de_cargas_especiais;trator_maquinas;utilitarios;ilesos;levemente_feridos;moderadamente_feridos;gravemente_feridos;mortos
07/03/2018;22:56:00;305;Acidente com Vítima;4,05;BR-040/GO;Sul;Abalroamento longitudinal;0;0;0;2;0;0;0;0;0;0;1;0;2;0;0
07/03/2018;19:42:00;270;Acidente sem Vítima;517,313;BR-040/MG;Norte;Colisão traseira;2;0;0;0;0;0;0;0;0;0;2;0;0;0;0
07/03/2018;19:15:00;259;Acidente sem Vítima;5,4;BR-040/GO;Sul;Colisão traseira;3;0;0;0;0;0;0;0;0;0;3;0;0;0;0
07/03/2018;18:07:00;236;Acidente com Vítima;686,7;BR-040/MG;Sul;Abalroamento transversal;0;0;1;1;0;0;0;0;0;0;1;0;2;0;0
07/03/2018;17:43:00;230;Acidente com Vítima;95,1;BR-040/GO;Sul;Abalroamento transversal;0;0;1;1;0;0;0;0;0;0;1;0;1;0;0
07/03/2018;17:29:00;223;Acidente com Vítima;9,9;BR-040/GO;Sul;Colisão traseira;1;0;0;1;0;0;0;0;0;0;1;0;0;0;0
07/03/2018;17:15:00;221;Acidente com Vítima;688,1;BR-040/MG;Norte;Abalroamento longitudinal;1;0;0;1;0;0;0;0;0;0;1;2;0;0;0
07/03/2018;13:07:00;175;Acidente com Vítima;49,291;BR-040/MG;Sul;Capotamento;1;0;0;0;0;0;0;0;0;0;0;3;0;0;0
07/03/2018;10:51:00;156;Acidente sem Vítima;584,1;BR-040/MG;Norte;Capotamento;1;0;0;0;0;0;0;0;0;0;1;0;0;0;0
07/03/2018;08:49:00;131;Acidente sem Vítima;1,5;BR-040/GO;Sul;Colisão traseira;2;0;1;0;0;0;0;0;0;0;5;0;0;0;0
07/03/2018;08:16:00;123;Acidente com Vítima;555,5;BR-040/MG;Sul;Queda de Moto;1;0;0;0;0;0;0;0;0;0;0;0;0;1;0
07/03/2018;06:33:00;85;Acidente sem Vítima;462,75;BR-040/MG;Sul;Choque com objeto fixo;0;0;1;0;0;0;0;0;0;0;1;0;0;0;0
07/03/2018;02:51:00;70;Acidente com Vítima;95;BR-040/MG;Norte;Capotamento;1;0;0;0;0;0;0;0;0;0;1;0;1;0;0
07/03/2018;00:17:00;2;Acidente sem Vítima;567,67;BR-040/MG;Norte;Queda de Carga;0;0;1;0;0;0;0;0;0;0;2;0;0;0;0
06/03/2018;21:06:00;326;Acidente sem Vítima;2,7;BR-040/GO;Sul;Colisão traseira;2;0;0;0;0;0;0;0;0;0;4;0;0;0;0
06/03/2018;20:58:00;324;Acidente com Vítima;539,107;BR-040/MG;Sul;Choque com objeto fixo;1;0;0;0;0;0;0;0;0;0;1;0;1;1;0
06/03/2018;19:20:00;299;Acidente sem Vítima;500,001;BR-040/MG;Sul;Atropelamento de animal;0;0;0;1;0;0;0;0;0;0;1;0;0;0;0
06/03/2018;16:04:00;246;Acidente sem Vítima;487,01;BR-040/MG;Sul;Choque em barreira New Jersey;0;0;1;0;0;0;0;0;0;0;1;0;0;0;0
06/03/2018;13:33:00;205;Acidente sem Vítima;0,5;BR-040/DF;Sul;Abalroamento longitudinal;1;0;0;0;0;1;0;0;0;0;4;0;0;0;0
06/03/2018;07:25:00;124;Acidente sem Vítima;515,2;BR-040/MG;Sul;Colisão traseira;3;0;0;0;0;0;0;0;0;0;3;0;0;0;0
06/03/2018;07:01:00;108;Acidente sem Vítima;517,6;BR-040/MG;Norte;Colisão traseira;3;0;1;0;0;0;0;0;0;0;4;0;0;0;0
05/03/2018;20:48:00;317;Acidente com Vítima;455,6;BR-040/MG;Sul;Colisão traseira;1;0;1;0;0;0;0;0;0;0;1;1;0;0;0
05/03/2018;18:26:00;288;Acidente com Vítima;2;BR-040/GO;Sul;Abalroamento longitudinal;2;0;0;0;0;0;0;0;0;0;3;1;0;0;0
05/03/2018;17:41:00;276;Acidente sem Vítima;533,6;BR-040/MG;Norte;Abalroamento longitudinal;1;0;0;2;0;0;0;0;0;0;4;0;0;0;0
05/03/2018;17:02:00;267;Acidente com Vítima;280,4;BR-040/MG;Sul;Queda de Carga;0;0;1;0;0;0;0;0;0;0;1;0;0;1;0
05/03/2018;16:27:00;259;Acidente sem Vítima;621,5;BR-040/MG;Sul;Abalroamento longitudinal;2;0;0;0;0;0;0;0;0;0;6;0;0;0;0
05/03/2018;15:46:00;245;Acidente sem Vítima;651,2;BR-040/MG;Sul;Choque com objeto fixo;0;0;1;0;0;0;0;0;0;0;1;0;0;0;0
05/03/2018;11:51:00;194;Acidente sem Vítima;607;BR-040/MG;Sul;Colisão traseira;0;0;2;0;0;0;0;0;0;0;2;0;0;0;0
05/03/2018;10:56:00;180;Acidente sem Vítima;572,1;BR-040/MG;Norte;Colisão traseira;2;0;0;0;0;0;0;0;0;0;3;0;0;0;0
05/03/2018;09:23:00;157;Acidente sem Vítima;2,1;BR-040/GO;Norte;Colisão traseira;2;0;0;0;0;0;0;0;0;0;4;0;0;0;0
05/03/2018;07:38:00;126;Acidente com Vítima;6,5;BR-040/GO;Norte;Abalroamento longitudinal;1;0;0;1;0;0;0;0;0;0;2;1;0;0;0
05/03/2018;06:48:00;105;Acidente sem Vítima;19,08;BR-040/GO;Sul;Colisão traseira;2;0;0;0;0;0;0;0;0;0;3;0;0;0;0
05/03/2018;06:46:00;104;Atropelamento sem Morte;9,6;BR-040/GO;Norte;Atropelamento de pedestre atravessando;0;0;0;1;0;0;0;0;0;0;1;0;0;0;0
05/03/2018;05:59:00;92;Acidente com Vítima;1,3;BR-040/GO;Norte;Colisão traseira;1;0;0;1;0;0;0;0;0;0;1;1;0;0;0
05/03/2018;04:27:00;85;Atropelamento sem Morte;10,1;BR-040/GO;Norte;Atropelamento de pedestre caminhando;1;0;0;0;0;0;0;0;0;0;1;0;0;1;0
04/03/2018;18:28:00;217;Acidente sem Vítima;508,01;BR-040/MG;Sul;Capotamento;2;0;0;0;0;0;0;0;0;0;2;0;0;0;0
04/03/2018;18:20:00;215;Atropelamento sem Morte;2,3;BR-040/GO;Sul;Atropelamento em abrigo de ônibus;0;0;0;0;1;0;0;0;0;0;15;1;0;0;0
04/03/2018;17:18:00;201;Acidente sem Vítima;3,6;BR-040/GO;Sul;Colisão traseira;3;0;0;0;0;0;0;0;0;0;3;0;0;0;0
04/03/2018;17:02:00;193;Acidente sem Vítima;728;BR-040/MG;Sul;Outros;1;0;0;0;0;0;0;0;0;0;2;0;0;0;0
04/03/2018;16:43:00;186;Acidente sem Vítima;652;BR-040/MG;Sul;Abalroamento transversal;2;0;0;0;0;0;0;0;0;0;6;0;0;0;0
04/03/2018;14:53:00;158;Acidente sem Vítima;557,9;BR-040/MG;Sul;Choque em defensa;1;0;0;0;0;0;0;0;0;0;1;0;0;0;0
04/03/2018;13:01:00;130;Acidente sem Vítima;128,15;BR-040/MG;Norte;Colisão traseira;2;0;0;0;0;0;0;0;0;0;2;0;0;0;0
04/03/2018;12:29:00;121;Acidente com Vítima;528,15;BR-040/MG;Norte;Choque com objeto fixo;1;0;0;0;0;0;0;0;0;0;1;1;0;0;0
04/03/2018;07:17:00;51;Acidente com Vítima;15,5;BR-040/GO;Sul;Outros;0;1;0;0;0;0;0;0;0;0;0;0;1;0;0
04/03/2018;04:10:00;27;Acidente com Vítima;0,5;BR-040/DF;Sul;Colisão traseira;1;0;0;1;0;0;0;0;0;0;2;0;2;0;0
03/03/2018;23:42:00;294;Acidente com Vítima;8,111;BR-040/GO;Norte;Choque com objeto fixo;1;0;0;0;0;0;0;0;0;0;1;0;1;0;0
03/03/2018;22:51:00;284;Acidente com Vítima;751,7;BR-040/MG;Norte;Abalroamento longitudinal;1;0;1;0;0;0;0;0;0;0;4;0;1;0;0
03/03/2018;21:46:00;275;Acidente sem Vítima;509,1;BR-040/MG;Sul;Choque em defensa;1;0;0;0;0;0;0;0;0;0;1;0;0;0;0
03/03/2018;17:24:00;204;Acidente sem Vítima;447,65;BR-040/MG;Sul;Colisão traseira;1;0;0;0;1;0;0;0;0;0;2;0;0;0;0
03/03/2018;16:37:00;188;Acidente sem Vítima;560,1;BR-040/MG;Sul;Colisão traseira;1;0;1;0;0;0;0;0;0;0;3;0;0;0;0
03/03/2018;13:15:00;133;Acidente sem Vítima;519,1;BR-040/MG;Norte;Colisão traseira;5;0;0;0;0;0;0;0;0;0;5;0;0;0;0
03/03/2018;05:18:00;50;Acidente sem Vítima;483,2;BR-040/MG;Sul;Choque com objeto fixo;1;0;0;0;0;0;0;0;0;0;1;0;0;0;0
03/03/2018;05:10:00;47;Acidente sem Vítima;720,9;BR-040/MG;Norte;Choque em barreira New Jersey;1;0;0;0;0;0;0;0;0;0;2;0;0;0;0
03/03/2018;04:04:00;42;Acidente sem Vítima;3,032;BR-040/GO;Sul;Capotamento;1;0;0;0;0;0;0;0;0;0;1;0;0;0;0
03/03/2018;03:37:00;38;Acidente sem Vítima;420,9;BR-040/MG;Sul;Queda de Carga;0;0;1;0;0;0;0;0;0;0;1;0;0;0;0
03/03/2018;00:48:00;19;Acidente com Vítima;537,1;BR-040/MG;Sul;Colisão traseira;0;0;1;1;0;0;0;0;0;0;1;1;0;0;0
02/03/2018;23:04:00;370;Acidente sem Vítima;12,9;BR-040/GO;Sul;Abalroamento transversal;2;0;0;0;0;0;0;0;0;0;2;0;0;0;0
02/03/2018;20:48:00;328;Acidente sem Vítima;6,1;BR-040/GO;Sul;Abalroamento transversal;2;0;0;0;0;0;0;0;0;0;2;0;0;0;0
02/03/2018;18:41:00;289;Acidente sem Vítima;717,5;BR-040/MG;Norte;Choque em defensa;1;0;0;0;0;0;0;0;0;0;1;0;0;0;0
02/03/2018;18:31:00;285;Acidente sem Vítima;734,9;BR-040/MG;Norte;Choque com objeto fixo;1;0;0;0;0;0;0;0;0;0;1;0;0;0;0
02/03/2018;17:53:00;268;Acidente com Vítima;730,5;BR-040/MG;Norte;Capotamento;1;0;0;0;0;0;0;0;0;0;4;0;1;0;0
02/03/2018;16:53:00;257;Acidente sem Vítima;524,1;BR-040/MG;Norte;Colisão traseira;2;0;0;0;0;0;0;0;0;0;2;0;0;0;0
02/03/2018;16:29:00;250;Acidente com Morte;355,06;BR-040/MG;Norte;Colisão traseira;2;0;1;0;0;0;0;0;0;0;2;0;0;0;1
02/03/2018;16:21:00;248;Acidente sem Vítima;0,3;BR-040/GO;Sul;Colisão traseira;2;0;0;0;0;0;0;0;0;0;2;0;0;0;0
02/03/2018;15:48:00;237;Acidente sem Vítima;618,15;BR-040/MG;Sul;Colisão traseira;2;0;0;0;0;0;0;0;0;0;2;0;0;0;0
02/03/2018;15:01:00;226;Acidente sem Vítima;9,2;BR-040/GO;Norte;Colisão traseira;2;0;0;0;0;0;0;0;0;0;2;0;0;0;0
02/03/2018;14:31:00;219;Acidente sem Vítima;606,5;BR-040/MG;Sul;Colisão traseira;3;0;0;0;0;0;0;0;0;0;3;0;0;0;0
02/03/2018;12:11:00;193;Acidente sem Vítima;604,3;BR-040/MG;Sul;Capotamento;1;0;0;0;0;0;0;0;0;0;1;0;0;0;0
02/03/2018;11:16:00;177;Acidente com Vítima;209,2;BR-040/MG;Norte;Choque com objeto fixo;1;0;0;0;0;1;0;0;0;0;1;1;0;0;0
02/03/2018;10:09:00;160;Acidente sem Vítima;475,1;BR-040/MG;Norte;Choque em defensa;1;0;0;0;0;0;0;0;0;0;2;0;0;0;0
02/03/2018;08:56:00;147;Acidente sem Vítima;533,1;BR-040/MG;Sul;Abalroamento longitudinal;1;0;1;0;0;0;0;0;0;0;2;0;0;0;0
02/03/2018;08:47:00;143;Acidente com Vítima;337,99;BR-040/MG;Sul;Abalroamento transversal;2;0;0;0;0;0;0;0;0;0;1;5;0;0;0
02/03/2018;08:32:00;136;Acidente sem Vítima;557,1;BR-040/MG;Sul;Colisão traseira;4;0;1;0;0;0;0;0;0;0;5;0;0;0;0
02/03/2018;08:19:00;129;Acidente sem Vítima;562,9;BR-040/MG;Norte;Choque com objeto fixo;1;0;0;0;0;0;0;0;0;0;1;0;0;0;0
02/03/2018;06:58:00;109;Acidente sem Vítima;517,1;BR-040/MG;Sul;Colisão traseira;3;0;0;0;0;0;0;0;0;0;3;0;0;0;0
01/03/2018;21:52:00;350;Acidente sem Vítima;587;BR-040/MG;Sul;Outros;0;0;1;0;0;0;0;0;0;0;1;0;0;0;0
01/03/2018;20:39:00;331;Acidente sem Vítima;445,27;BR-040/MG;Sul;Queda de Moto;0;0;0;1;0;0;0;0;0;0;1;0;0;0;0
01/03/2018;18:08:00;289;Acidente sem Vítima;10,2;BR-040/GO;Norte;Choque em defensa;0;0;1;0;0;0;0;0;0;0;1;0;0;0;0
01/03/2018;17:58:00;282;Acidente com Vítima;755,8;BR-040/MG;Norte;Choque com objeto fixo;1;0;0;0;0;0;0;0;0;0;0;1;0;0;0
01/03/2018;17:24:00;273;Acidente sem Vítima;43;BR-040/MG;Norte;Abalroamento transversal;1;0;0;0;0;1;0;0;0;0;2;0;0;0;0
01/03/2018;07:56:00;119;Acidente sem Vítima;533,2;BR-040/MG;Sul;Queda de Moto;5;0;0;0;0;0;0;0;0;0;6;0;0;0;0
01/03/2018;06:59:00;104;Acidente com Vítima;626,2;BR-040/MG;Sul;Queda de Moto;0;0;0;1;0;0;0;0;0;0;0;0;1;0;0
01/03/2018;06:55:00;103;Acidente sem Vítima;730,3;BR-040/MG;Norte;Choque em barreira New Jersey;1;0;0;0;0;0;0;0;0;0;5;0;0;0;0
01/03/2018;06:15:00;92;Acidente sem Vítima;535,5;BR-040/MG;Norte;Colisão traseira;0;0;2;0;0;0;0;0;0;0;2;0;0;0;0
01/03/2018;01:45:00;74;Acidente sem Vítima;128;BR-040/MG;Norte;Colisão traseira;1;0;0;0;1;0;0;0;0;0;2;0;0;0;0
30/04/2018;23:59:00;280;Acidente sem Vítima;1,9;BR-040/DF;Norte;Choque com objeto fixo;1;0;0;0;0;0;0;0;0;0;2;0;0;0;0
30/04/2018;21:17:00;256;Acidente sem Vítima;448,2;BR-040/MG;Sul;Queda de Moto;0;0;0;1;0;0;0;0;0;0;1;0;0;0;0
30/04/2018;20:40:00;246;Acidente com Vítima;274;BR-040/MG;Norte;Colisão traseira;2;0;0;0;0;0;0;0;0;0;15;3;2;0;0
30/04/2018;19:02:00;224;Acidente sem Vítima;3,35;BR-040/DF;Norte;Colisão traseira;2;0;0;2;0;0;0;0;0;0;5;0;0;0;0
30/04/2018;18:06:00;206;Acidente sem Vítima;537,2;BR-040/MG;Norte;Choque com objeto fixo;0;0;0;0;1;0;0;0;0;0;2;0;0;0;0
30/04/2018;17:30:00;199;Acidente sem Vítima;524,87;BR-040/MG;Sul;Colisão traseira;2;0;0;0;0;0;0;0;0;0;4;0;0;0;0
30/04/2018;16:37:00;185;Atropelamento sem Morte;524,9;BR-040/MG;Norte;Atropelamento de pedestre atravessando;0;0;1;0;0;0;0;0;0;0;2;0;0;1;0
30/04/2018;15:17:00;170;Acidente sem Vítima;36,15;BR-040/GO;Norte;Queda de Carga;1;0;0;0;0;0;0;0;0;0;1;0;0;0;0
30/04/2018;10:04:00;103;Acidente com Vítima;524,2;BR-040/MG;Sul;Queda de Moto;0;0;0;1;0;0;0;0;0;0;0;0;1;0;0
30/04/2018;09:33:00;97;Acidente sem Vítima;533,15;BR-040/MG;Sul;Queda de Moto;0;0;0;1;0;0;0;0;0;0;1;0;0;0;0
30/04/2018;08:10:00;80;Acidente sem Vítima;511,1;BR-040/MG;Sul;Colisão traseira;3;0;0;0;0;0;0;0;0;0;3;0;0;0;0
29/04/2018;22:24:00;258;Acidente sem Vítima;554,2;BR-040/MG;Norte;Colisão traseira;1;0;1;0;0;0;0;0;0;0;2;0;0;0;0
29/04/2018;22:08:00;255;Acidente sem Vítima;500,1;BR-040/MG;Norte;Capotamento;1;0;0;0;0;0;0;0;0;0;2;0;0;0;0
29/04/2018;20:54:00;240;Acidente com Vítima;692,3;BR-040/MG;Norte;Queda de Carga;0;0;1;0;0;0;0;0;0;0;0;0;1;0;0
29/04/2018;19:09:00;211;Acidente sem Vítima;2,9;BR-040/GO;Sul;Colisão traseira;2;0;0;0;0;0;0;0;0;0;5;0;0;0;0
29/04/2018;19:04:00;209;Acidente sem Vítima;611,3;BR-040/MG;Norte;Queda de Moto;0;0;0;1;0;0;0;0;0;0;1;0;0;0;0
29/04/2018;18:38:00;200;Acidente com Vítima;666,9;BR-040/MG;Norte;Abalroamento transversal;1;0;0;1;0;0;0;0;0;0;1;1;0;0;0
29/04/2018;17:22:00;177;Acidente sem Vítima;573,1;BR-040/MG;Norte;Queda de Moto;0;0;0;1;0;0;0;0;0;0;2;0;0;0;0
29/04/2018;16:02:00;147;Acidente com Vítima;660,2;BR-040/MG;Sul;Abalroamento transversal;2;0;0;0;0;0;0;0;0;0;1;2;1;0;0
29/04/2018;11:51:00;96;Acidente sem Vítima;2;BR-040/DF;Sul;Abalroamento longitudinal;3;0;0;0;0;0;0;0;0;0;5;0;0;0;0
29/04/2018;11:41:00;94;Acidente sem Vítima;616,95;BR-040/MG;Norte;Colisão frontal;2;0;0;0;0;0;0;0;0;0;2;0;0;0;0
29/04/2018;09:19:00;69;Acidente sem Vítima;174,9;BR-040/MG;Norte;Choque com objeto fixo;1;0;0;0;0;0;0;0;0;0;5;0;0;0;0
28/04/2018;22:55:00;319;Acidente sem Vítima;0,3;BR-040/DF;Norte;Colisão traseira;4;0;0;0;0;0;0;0;0;0;4;0;0;0;0
28/04/2018;22:38:00;312;Acidente sem Vítima;10;BR-040/GO;Norte;Choque com objeto fixo;1;0;0;0;0;0;0;0;0;0;1;0;0;0;0
28/04/2018;22:25:00;307;Acidente com Vítima;541,47;BR-040/MG;Norte;Queda de Moto;1;0;0;1;0;0;0;0;0;0;1;0;1;0;0
28/04/2018;14:09:00;182;Acidente sem Vítima;32;BR-040/MG;Sul;Choque com objeto fixo;1;0;0;0;0;0;0;0;0;0;2;0;0;0;0
28/04/2018;13:33:00;174;Acidente com Vítima;113,055;BR-040/GO;Norte;Capotamento;1;0;0;0;0;0;0;0;0;0;1;1;0;0;0
28/04/2018;11:32:00;152;Acidente sem Vítima;511,9;BR-040/MG;Norte;Colisão traseira;2;0;0;0;0;0;0;0;0;0;2;0;0;0;0
28/04/2018;11:25:00;150;Acidente sem Vítima;533,1;BR-040/MG;Sul;Abalroamento longitudinal;1;0;0;0;0;1;0;0;0;0;4;0;0;0;0
27/04/2018;21:27:00;339;Acidente sem Vítima;632,127;BR-040/MG;Sul;Choque com objeto fixo;0;0;0;0;0;0;0;0;0;1;2;0;0;0;0
27/04/2018;19:47:00;306;Acidente sem Vítima;618,01;BR-040/MG;Sul;Colisão traseira;2;0;0;0;0;0;0;0;0;0;4;0;0;0;0
27/04/2018;18:47:00;292;Acidente sem Vítima;688,985;BR-040/MG;Sul;Colisão traseira;1;0;0;1;0;0;0;0;0;0;7;0;0;0;0
27/04/2018;18:10:00;285;Acidente sem Vítima;469;BR-040/MG;Sul;Colisão traseira;1;0;1;0;0;0;0;0;0;0;2;0;0;0;0
27/04/2018;18:06:00;283;Atropelamento sem Morte;520;BR-040/MG;Norte;Atropelamento de pedestre atravessando;1;0;0;0;0;0;0;0;0;0;1;0;1;0;0
27/04/2018;16:22:00;260;Acidente com Vítima;514,1;BR-040/MG;Sul;Choque com objeto fixo;1;0;0;0;0;0;0;0;0;0;0;1;0;0;0
27/04/2018;16:22:00;261;Acidente com Vítima;135,05;BR-040/MG;Norte;Queda de Moto;0;0;0;1;0;0;0;0;0;0;1;1;0;0;0
27/04/2018;15:44:00;245;Acidente com Vítima;517,47;BR-040/MG;Norte;Queda de Moto;0;0;0;1;0;0;0;0;0;0;0;2;0;0;0
27/04/2018;07:55:00;129;Acidente sem Vítima;717,105;BR-040/MG;Norte;Choque com objeto fixo;1;0;0;0;0;0;0;0;0;0;1;0;0;0;0
27/04/2018;07:30:00;122;Acidente com Vítima;0,2;BR-040/GO;Norte;Colisão traseira;2;0;0;1;0;0;0;0;0;0;3;1;0;0;0
27/04/2018;07:25:00;120;Acidente sem Vítima;509,8;BR-040/MG;Norte;Colisão traseira;2;0;0;0;0;0;0;0;0;0;2;0;0;0;0
27/04/2018;06:49:00;114;Acidente com Morte;509,8;BR-040/MG;Norte;Colisão traseira;0;0;1;1;0;0;0;0;0;0;1;0;0;0;1
27/04/2018;06:25:00;107;Acidente com Vítima;575;BR-040/MG;Norte;Abalroamento longitudinal;1;0;1;0;0;0;0;0;0;0;2;1;0;0;0
27/04/2018;04:28:00;97;Acidente sem Vítima;56,9;BR-040/MG;Sul;Outros;0;0;1;0;0;1;0;0;0;0;2;0;0;0;0
26/04/2018;22:36:00;363;Acidente sem Vítima;533,9;BR-040/MG;Norte;Colisão traseira;2;0;0;0;0;0;0;0;0;0;2;0;0;0;0
26/04/2018;19:43:00;326;Atropelamento sem Morte;1,5;BR-040/GO;Sul;Atropelamento de pedestre atravessando;1;0;0;0;0;0;0;0;0;0;2;0;2;0;0
26/04/2018;17:55:00;294;Acidente sem Vítima;580;BR-040/MG;Sul;Capotamento;1;0;0;0;0;0;0;0;0;0;2;0;0;0;0
26/04/2018;17:43:00;291;Acidente sem Vítima;597;BR-040/MG;Norte;Choque com objeto fixo;1;0;0;0;0;0;0;0;0;0;2;0;0;0;0
26/04/2018;17:02:00;282;Acidente sem Vítima;6,1;BR-040/GO;Sul;Colisão traseira;2;0;1;0;0;0;0;0;0;0;3;0;0;0;0
26/04/2018;16:15:00;269;Acidente sem Vítima;49,1;BR-040/GO;Norte;Colisão traseira;1;0;0;0;0;0;0;0;0;1;2;0;0;0;0
26/04/2018;16:00:00;266;Acidente sem Vítima;570;BR-040/MG;Norte;Outros;1;0;0;0;0;0;0;0;0;0;1;0;0;0;0
26/04/2018;13:03:00;221;Acidente com Vítima;524;BR-040/MG;Norte;Queda de Moto;1;0;0;1;0;0;0;0;0;0;1;2;0;0;0
26/04/2018;10:54:00;189;Acidente sem Vítima;567,1;BR-040/MG;Norte;Capotamento;1;0;0;0;0;0;0;0;0;0;1;0;0;0;0
26/04/2018;08:37:00;141;Acidente sem Vítima;36,4;BR-040/MG;Sul;Colisão traseira;0;0;2;0;0;0;0;0;0;0;2;0;0;0;0
26/04/2018;07:47:00;124;Acidente com Vítima;490,4;BR-040/MG;Norte;Colisão traseira;0;0;1;1;0;0;0;0;0;0;1;0;1;0;0
26/04/2018;06:24:00;100;Acidente sem Vítima;7,8;BR-040/MG;Sul;Choque com objeto fixo;0;0;0;0;0;0;0;0;0;1;1;0;0;0;0
26/04/2018;05:39:00;93;Acidente sem Vítima;2,3;BR-040/GO;Norte;Colisão traseira;2;0;0;0;0;0;0;0;0;0;3;0;0;0;0
25/04/2018;23:19:00;308;Acidente sem Vítima;464,1;BR-040/MG;Norte;Atropelamento de animal;0;0;1;0;0;0;0;0;0;0;1;0;0;0;0
25/04/2018;20:14:00;277;Acidente sem Vítima;521,2;BR-040/MG;Norte;Abalroamento longitudinal;0;0;1;1;0;0;0;0;0;0;2;0;0;0;0
25/04/2018;18:58:00;262;Acidente com Vítima;11,5;BR-040/GO;Sul;Colisão traseira;0;0;0;2;0;0;0;0;0;0;0;2;1;0;0
25/04/2018;17:26:00;239;Acidente com Vítima;538,1;BR-040/MG;Norte;Colisão traseira;1;0;0;1;0;0;0;0;0;0;1;0;1;0;0
25/04/2018;17:21:00;237;Acidente sem Vítima;5;BR-040/GO;Sul;Colisão traseira;3;0;0;0;0;0;0;0;0;0;5;0;0;0;0
25/04/2018;16:04:00;220;Acidente com Vítima;513,7;BR-040/MG;Norte;Queda de Moto;0;0;0;1;0;0;0;0;0;0;0;1;0;0;0
25/04/2018;11:39:00;166;Atropelamento sem Morte;532,2;BR-040/MG;Sul;Atropelamento de pedestre atravessando;0;0;0;1;0;0;0;0;0;0;1;1;0;0;0
25/04/2018;09:52:00;145;Acidente com Vítima;524;BR-040/MG;Sul;Colisão traseira;0;0;1;1;0;0;0;0;0;0;2;1;0;0;0
25/04/2018;06:36:00;100;Acidente sem Vítima;5,03;BR-040/GO;Norte;Queda de Carga;1;0;0;0;0;0;0;0;0;0;1;0;0;0;0
25/04/2018;05:53:00;95;Acidente com Vítima;0;Fora_Rota;Leste;Queda de Carga;0;0;1;0;0;0;0;0;0;0;1;1;0;0;0
25/04/2018;05:37:00;93;Acidente sem Vítima;67,2;BR-040/GO;Norte;Atropelamento de animal;1;0;0;0;0;0;0;0;0;0;3;0;0;0;0
25/04/2018;00:28:00;50;Acidente sem Vítima;443,954;BR-040/MG;Sul;Queda de Carga;0;0;1;0;0;0;0;0;0;0;1;0;0;0;0
24/04/2018;18:39:00;271;Acidente sem Vítima;516;BR-040/MG;Norte;Colisão traseira;4;0;0;0;0;0;0;0;0;0;9;0;0;0;0
24/04/2018;10:29:00;148;Acidente sem Vítima;643;BR-040/MG;Sul;Colisão traseira;2;0;0;0;0;1;0;0;0;0;3;0;0;0;0
24/04/2018;06:54:00;91;Acidente sem Vítima;515,25;BR-040/MG;Sul;Abalroamento longitudinal;1;0;0;1;0;0;0;0;0;0;2;0;0;0;0
24/04/2018;02:36:00;54;Acidente com Vítima;2,4;BR-040/GO;Sul;Abalroamento longitudinal;1;0;0;1;0;0;0;0;0;0;1;0;1;0;0
23/04/2018;21:09:00;275;Acidente sem Vítima;680,94;BR-040/MG;Norte;Colisão traseira;2;0;1;0;0;0;0;0;0;0;3;0;0;0;0
23/04/2018;21:06:00;274;Acidente sem Vítima;85,5;BR-040/MG;Norte;Atropelamento de animal;1;0;0;0;0;0;0;0;0;0;2;0;0;0;0
23/04/2018;19:16:00;250;Acidente sem Vítima;518,17;BR-040/MG;Norte;Colisão traseira;1;0;0;1;0;0;0;0;0;0;6;0;0;0;0
23/04/2018;19:06:00;248;Acidente sem Vítima;6;BR-040/GO;Sul;Colisão traseira;2;0;0;0;0;0;0;0;0;0;4;0;0;0;0
23/04/2018;17:42:00;233;Acidente sem Vítima;536,275;BR-040/MG;Norte;Colisão traseira;2;0;0;0;0;0;0;0;0;0;2;0;0;0;0
23/04/2018;17:29:00;229;Acidente sem Vítima;5,1;BR-040/GO;Sul;Capotamento;2;0;0;0;0;0;0;0;0;0;4;0;0;0;0
23/04/2018;15:39:00;216;Acidente sem Vítima;717,15;BR-040/MG;Norte;Choque em barreira New Jersey;1;0;0;0;0;0;0;0;0;0;2;0;0;0;0
23/04/2018;15:32:00;213;Acidente sem Vítima;0;BR-040/DF;Norte;Capotamento;2;0;0;0;0;0;0;0;0;0;3;0;0;0;0
23/04/2018;15:17:00;206;Acidente sem Vítima;532,9;BR-040/MG;Sul;Colisão traseira;1;0;1;0;0;0;0;0;0;0;2;0;0;0;0
23/04/2018;14:09:00;187;Acidente com Morte;573,202;BR-040/MG;Norte;Colisão frontal;1;0;1;0;0;0;0;0;0;0;1;0;0;0;1
23/04/2018;13:28:00;181;Acidente sem Vítima;0,3;BR-040/GO;Sul;Colisão traseira;2;0;0;0;0;0;0;0;0;0;2;0;0;0;0
23/04/2018;13:01:00;176;Acidente sem Vítima;219,5;BR-040/MG;Sul;Atropelamento de animal;1;0;0;0;0;0;0;0;0;0;1;0;0;0;0
23/04/2018;12:46:00;171;Acidente sem Vítima;106,1;BR-040/MG;Sul;Choque com objeto fixo;1;0;0;0;0;0;0;0;0;0;1;0;0;0;0