data;horario;n_da_ocorrencia;tipo_de_ocorrencia;km;trecho;sentido;tipo_de_acidente;automovel;bicicleta;caminhao;moto;onibus;outros;tracao_animal;transporte_de_cargas_especiais;trator_maquinas;utilitarios;ilesos;levemente_feridos;moderadamente_feridos;gravemente_feridos;mortos
23/06/2018;17:31:00;168;Acidente com Vítima;582,4;BR-040/MG;Norte;Abalroamento longitudinal;0;0;0;1;1;0;0;0;0;0;2;1;0;0;0
23/06/2018;16:14:00;159;Acidente com Vítima;517,659;BR-040/MG;Sul;Colisão traseira;1;0;0;1;0;0;0;0;0;0;1;1;0;0;0
23/06/2018;15:06:00;144;Acidente com Vítima;534,6;BR-040/MG;Norte;Colisão traseira;1;0;0;1;1;0;0;0;0;0;2;1;0;0;0
23/06/2018;14:44:00;141;Acidente sem Vítima;1,1;BR-040/GO;Sul;Abalroamento longitudinal;2;0;0;0;0;0;0;0;0;0;2;0;0;0;0
23/06/2018;13:21:00;125;Acidente sem Vítima;528,722;BR-040/MG;Sul;Abalroamento longitudinal;2;0;0;0;0;0;0;0;0;0;2;0;0;0;0
23/06/2018;12:51:00;121;Acidente sem Vítima;3,1;BR-040/GO;Norte;Colisão traseira;3;0;0;0;0;0;0;0;0;0;3;0;0;0;0
23/06/2018;12:06:00;115;Acidente com Vítima;656,3;BR-040/MG;Norte;Abalroamento transversal;0;0;2;0;0;0;0;0;0;0;1;0;1;0;0
23/06/2018;08:13:00;75;Acidente com Vítima;512,1;BR-040/MG;Norte;Colisão traseira;0;0;1;1;0;0;0;0;0;0;1;1;1;0;0
23/06/2018;08:08:00;73;Acidente com Morte;731;BR-040/MG;Norte;Colisão traseira;0;0;1;1;0;0;0;0;0;0;1;0;0;1;1
23/06/2018;07:18:00;57;Acidente com Vítima;2,9;BR-040/DF;Norte;Queda de Moto;0;0;0;1;0;0;0;0;0;0;0;0;0;1;0
23/06/2018;07:13:00;55;Acidente sem Vítima;657;BR-040/MG;Norte;Abalroamento longitudinal;1;0;1;0;0;0;0;0;0;0;3;0;0;0;0
23/06/2018;05:32:00;38;Acidente com Vítima;5,1;BR-040/GO;Norte;Colisão traseira;0;0;0;1;0;1;0;0;0;0;1;0;0;1;0
23/06/2018;03:58:00;27;Acidente com Vítima;7;BR-040/GO;Sul;Capotamento;1;0;0;0;0;0;0;0;0;0;1;0;1;0;0
23/06/2018;00:10:00;3;Acidente com Vítima;7,4;BR-040/GO;Norte;Capotamento;1;0;0;0;0;0;0;0;0;0;1;0;1;0;0
22/06/2018;23:56:00;321;Acidente sem Vítima;550;BR-040/MG;Norte;Choque com objeto fixo;1;0;0;0;0;0;0;0;0;0;1;0;0;0;0
22/06/2018;20:50:00;282;Acidente sem Vítima;628,8;BR-040/MG;Norte;Colisão traseira;1;0;0;1;0;0;0;0;0;0;5;0;0;0;0
22/06/2018;20:12:00;272;Acidente com Vítima;6,9;BR-040/GO;Sul;Queda de Moto;1;0;0;2;0;0;0;0;0;0;2;1;0;0;0
22/06/2018;19:48:00;264;Atropelamento sem Morte;1,6;BR-040/GO;Norte;Atropelamento de pedestre atravessando;1;0;0;0;0;0;0;0;0;0;1;0;0;0;0
22/06/2018;19:41:00;262;Acidente sem Vítima;586,082;BR-040/MG;Sul;Choque com objeto fixo;1;0;0;0;0;0;0;0;0;0;1;0;0;0;0
22/06/2018;18:32:00;243;Atropelamento sem Morte;7;BR-040/GO;Norte;Atropelamento de pedestre atravessando;1;0;0;0;0;0;0;0;0;0;1;0;1;0;0
22/06/2018;18:28:00;242;Atropelamento sem Morte;513,9;BR-040/MG;Norte;Atropelamento de pedestre atravessando;0;0;0;1;0;0;0;0;0;0;1;2;0;0;0
22/06/2018;18:19:00;237;Acidente sem Vítima;615;BR-040/MG;Sul;Colisão traseira;2;0;0;0;0;0;0;0;0;0;6;0;0;0;0
22/06/2018;17:34:00;217;Acidente sem Vítima;538,15;BR-040/MG;Norte;Colisão traseira;2;0;0;0;0;0;0;0;0;0;5;0;0;0;0
22/06/2018;16:39:00;202;Acidente sem Vítima;684,231;BR-040/MG;Sul;Queda de Moto;0;0;0;1;0;0;0;0;0;0;1;0;0;0;0
22/06/2018;12:18:00;126;Acidente sem Vítima;1,1;BR-040/GO;Norte;Colisão traseira;2;0;0;0;0;0;0;0;0;0;2;0;0;0;0
22/06/2018;04:33:00;63;Acidente sem Vítima;547,2;BR-040/MG;Sul;Choque com objeto fixo;1;0;0;0;0;0;0;0;0;0;1;0;0;0;0
21/06/2018;23:46:00;364;Acidente sem Vítima;489,1;BR-040/MG;Sul;Colisão traseira;1;0;1;0;0;0;0;0;0;0;2;0;0;0;0
21/06/2018;19:04:00;303;Acidente sem Vítima;524,5;BR-040/MG;Norte;Abalroamento longitudinal;2;0;0;0;0;0;0;0;0;0;2;0;0;0;0
21/06/2018;18:14:00;293;Acidente com Vítima;2,8;BR-040/MG;Sul;Abalroamento longitudinal;3;0;0;0;0;0;0;0;0;0;3;1;0;0;0
21/06/2018;17:56:00;286;Acidente com Vítima;465,5;BR-040/MG;Norte;Capotamento;1;0;0;0;0;0;0;0;0;0;0;1;0;0;0
21/06/2018;16:54:00;273;Acidente sem Vítima;668,15;BR-040/MG;Norte;Atropelamento de animal;1;0;0;0;0;0;0;0;0;0;1;0;0;0;0
21/06/2018;12:03:00;201;Acidente com Vítima;617,5;BR-040/MG;Sul;Colisão traseira;2;0;1;0;0;0;0;0;0;0;3;1;0;0;0
21/06/2018;11:46:00;199;Acidente sem Vítima;594;BR-040/MG;Sul;Colisão traseira;1;0;0;0;0;0;0;0;0;1;3;0;0;0;0
21/06/2018;09:07:00;154;Acidente sem Vítima;543,4;BR-040/MG;Sul;Colisão traseira;3;0;0;0;0;0;0;0;0;0;3;0;0;0;0
21/06/2018;07:45:00;106;Acidente com Vítima;543,5;BR-040/MG;Sul;Colisão traseira;2;0;0;1;0;0;0;0;0;0;2;0;1;0;0
21/06/2018;07:29:00;98;Acidente sem Vítima;438,6;BR-040/MG;Norte;Queda de Carga;1;0;0;0;0;0;0;0;0;0;1;0;0;0;0
21/06/2018;06:06:00;81;Acidente sem Vítima;548,7;BR-040/MG;Sul;Colisão traseira;0;0;2;0;0;0;0;0;0;0;2;0;0;0;0
21/06/2018;02:56:00;50;Acidente sem Vítima;481,5;BR-040/MG;Sul;Atropelamento de animal;0;0;1;0;0;0;0;0;0;0;1;0;0;0;0
21/06/2018;01:37:00;45;Acidente com Vítima;676,7;BR-040/MG;Sul;Queda de Carga;0;0;1;0;0;0;0;0;0;0;0;0;1;0;0
21/06/2018;00:22:00;3;Acidente com Vítima;9,7;BR-040/GO;Norte;Colisão traseira;2;0;0;0;0;0;0;0;0;0;3;0;1;0;0
20/06/2018;23:25:00;341;Acidente com Vítima;664,7;BR-040/MG;Norte;Choque em defensa;1;0;0;0;0;0;0;0;0;0;0;1;0;0;0
20/06/2018;20:44:00;318;Acidente sem Vítima;564,625;BR-040/MG;Norte;Outros;2;0;0;0;0;0;0;0;0;0;2;0;0;0;0
20/06/2018;20:09:00;312;Acidente com Vítima;645,1;BR-040/MG;Sul;Queda de Carga;0;0;1;0;0;0;0;0;0;0;1;1;0;0;0
20/06/2018;19:54:00;306;Acidente sem Vítima;589,95;BR-040/MG;Norte;Colisão traseira;0;0;2;0;0;0;0;0;0;0;2;0;0;0;0
20/06/2018;18:40:00;276;Acidente sem Vítima;67,1;BR-040/GO;Norte;Choque com objeto fixo;0;0;1;0;0;0;0;0;0;0;1;0;0;0;0
20/06/2018;17:00:00;247;Acidente com Vítima;511,28;BR-040/MG;Norte;Queda de Moto;0;0;0;1;0;0;0;0;0;0;1;1;0;0;0
20/06/2018;16:04:00;227;Acidente sem Vítima;2,05;BR-040/GO;Sul;Colisão traseira;2;0;0;0;0;0;0;0;0;0;2;0;0;0;0
20/06/2018;15:30:00;217;Acidente com Vítima;40;BR-040/MG;Norte;Colisão traseira;1;0;0;1;0;0;0;0;0;0;1;1;0;0;0
20/06/2018;10:47:00;152;Acidente sem Vítima;481,3;BR-040/MG;Norte;Capotamento;1;0;0;0;0;0;0;0;0;0;2;0;0;0;0
20/06/2018;09:27:00;142;Acidente sem Vítima;534,2;BR-040/MG;Sul;Colisão traseira;2;0;0;0;0;0;0;0;0;0;2;0;0;0;0
20/06/2018;08:35:00;125;Atropelamento sem Morte;540,5;BR-040/MG;Sul;Atropelamento de pedestre atravessando;0;0;1;0;0;0;0;0;0;0;1;0;0;1;0
20/06/2018;08:09:00;116;Acidente sem Vítima;538,1;BR-040/MG;Norte;Queda de Moto;0;0;0;1;0;0;0;0;0;0;2;0;0;0;0
20/06/2018;08:07:00;115;Acidente sem Vítima;538,1;BR-040/MG;Norte;Queda de Moto;0;0;0;1;0;0;0;0;0;0;1;0;0;0;0
20/06/2018;07:41:00;106;Acidente sem Vítima;533,2;BR-040/MG;Norte;Abalroamento longitudinal;1;0;0;1;0;0;0;0;0;0;3;0;0;0;0
20/06/2018;05:08:00;77;Acidente sem Vítima;504,1;BR-040/MG;Norte;Atropelamento de animal;0;0;0;1;0;0;0;0;0;0;2;0;0;0;0
19/06/2018;21:37:00;284;Acidente sem Vítima;256;BR-040/MG;Sul;Choque com objeto fixo;1;0;0;0;0;0;0;0;0;0;1;0;0;0;0
19/06/2018;18:49:00;249;Acidente com Vítima;507,7;BR-040/MG;Sul;Colisão traseira;1;0;0;1;0;0;0;0;0;0;4;1;0;0;0
19/06/2018;18:14:00;243;Atropelamento sem Morte;1,3;BR-040/GO;Norte;Atropelamento de ciclista;1;1;0;0;0;0;0;0;0;0;0;0;1;1;0
19/06/2018;11:27:00;176;Acidente com Vítima;549,58;BR-040/MG;Norte;Colisão traseira;2;0;0;0;0;0;0;0;0;0;2;1;0;2;0
19/06/2018;07:02:00;64;Acidente com Vítima;518,95;BR-040/MG;Sul;Queda de Moto;0;0;0;1;0;0;0;0;0;0;0;1;0;0;0
19/06/2018;06:34:00;59;Acidente com Vítima;524,5;BR-040/MG;Sul;Colisão traseira;2;0;0;0;0;0;0;0;0;1;3;1;0;0;0
19/06/2018;03:36:00;47;Acidente sem Vítima;597,244;BR-040/MG;Sul;Queda de Carga;0;0;1;0;0;0;0;0;0;0;1;0;0;0;0
18/06/2018;21:00:00;247;Acidente sem Vítima;519;BR-040/MG;Sul;Capotamento;2;0;0;0;0;0;0;0;0;0;3;0;0;0;0
18/06/2018;20:42:00;245;Acidente sem Vítima;535;BR-040/MG;Sul;Abalroamento longitudinal;1;0;0;0;0;1;0;0;0;0;2;0;0;0;0
18/06/2018;18:16:00;218;Acidente com Vítima;517,35;BR-040/MG;Norte;Colisão traseira;1;0;0;1;0;0;0;0;0;0;1;1;1;0;0
18/06/2018;15:59:00;189;Acidente sem Vítima;627;BR-040/MG;Norte;Outros;0;0;0;1;0;0;0;0;0;0;1;0;0;0;0
18/06/2018;15:06:00;178;Atropelamento sem Morte;1,1;BR-040/GO;Sul;Atropelamento de pedestre atravessando;0;0;0;1;0;0;0;0;0;0;1;0;0;0;0
18/06/2018;12:57:00;150;Acidente com Vítima;279,1;BR-040/MG;Norte;Abalroamento transversal;1;0;0;1;0;0;0;0;0;0;0;0;1;1;0
18/06/2018;12:45:00;146;Acidente sem Vítima;731,264;BR-040/MG;Norte;Choque em barreira New Jersey;1;0;0;0;0;0;0;0;0;0;4;0;0;0;0
18/06/2018;12:15:00;137;Acidente sem Vítima;738;BR-040/MG;Norte;Choque com objeto fixo;0;0;1;0;0;0;0;0;0;0;1;0;0;0;0
18/06/2018;08:12:00;57;Acidente com Vítima;522,25;BR-040/MG;Sul;Queda de Moto;0;0;0;1;0;0;0;0;0;0;0;1;0;0;0
18/06/2018;06:37:00;26;Acidente com Vítima;511,492;BR-040/MG;Norte;Colisão traseira;1;0;0;1;0;0;0;0;0;0;1;1;0;0;0
18/06/2018;02:51:00;8;Acidente sem Vítima;507,1;BR-040/MG;Sul;Atropelamento de animal;0;0;1;0;0;0;0;0;0;0;1;0;0;0;0
18/06/2018;01:14:00;5;Acidente com Vítima;5,9;BR-040/DF;Sul;Colisão traseira;2;0;0;0;0;0;0;0;0;0;2;0;1;0;0
17/06/2018;23:16:00;197;Acidente com Vítima;511,5;BR-040/MG;Sul;Abalroamento longitudinal;1;0;0;1;0;0;0;0;0;0;1;1;0;0;0
17/06/2018;22:41:00;192;Acidente sem Vítima;467,1;BR-040/MG;Norte;Capotamento;1;0;0;0;0;0;0;0;0;0;1;0;0;0;0
17/06/2018;21:37:00;182;Acidente sem Vítima;94,1;BR-040/GO;Sul;Abalroamento longitudinal;1;0;1;0;0;0;0;0;0;0;2;0;0;0;0
17/06/2018;21:14:00;178;Acidente sem Vítima;6,1;BR-040/DF;Norte;Abalroamento transversal;2;0;0;0;0;0;0;0;0;0;3;0;0;0;0
17/06/2018;20:47:00;174;Acidente sem Vítima;1,1;BR-040/GO;Norte;Colisão frontal;2;0;0;0;0;0;0;0;0;0;2;0;0;0;0
17/06/2018;19:27:00;156;Acidente com Vítima;349,1;BR-040/MG;Norte;Capotamento;1;0;0;0;0;0;0;0;0;0;0;0;3;0;0
17/06/2018;19:21:00;153;Acidente sem Vítima;482,1;BR-040/MG;Sul;Choque com objeto fixo;1;0;0;0;0;0;0;0;0;0;1;0;0;0;0
17/06/2018;18:54:00;139;Acidente sem Vítima;5,1;BR-040/GO;Norte;Colisão traseira;1;0;0;0;0;1;0;0;0;0;4;0;0;0;0
17/06/2018;18:07:00;124;Acidente com Vítima;544,1;BR-040/MG;Norte;Capotamento;2;0;0;0;0;1;0;0;0;0;3;1;2;1;0
17/06/2018;12:14:00;84;Acidente sem Vítima;741;BR-040/MG;Sul;Outros;1;0;0;0;0;0;0;0;0;0;1;0;0;0;0
17/06/2018;11:45:00;78;Acidente sem Vítima;461,5;BR-040/MG;Norte;Capotamento;1;0;0;0;0;0;0;0;0;0;4;0;0;0;0
17/06/2018;11:26:00;76;Acidente com Vítima;421,3;BR-040/MG;Norte;Queda de Moto;0;0;0;1;0;0;0;0;0;0;2;2;0;0;0
17/06/2018;06:41:00;27;Acidente sem Vítima;53;BR-040/GO;Sul;Queda de Moto;1;0;0;0;0;0;0;0;0;0;1;0;0;0;0
17/06/2018;04:22:00;14;Acidente com Vítima;533;BR-040/MG;Sul;Choque com objeto fixo;1;0;0;0;0;0;0;0;0;0;0;0;1;0;0
17/06/2018;02:03:00;6;Acidente com Vítima;5,215;BR-040/GO;Sul;Colisão traseira;1;0;0;0;0;1;0;0;0;0;1;0;1;0;0
16/06/2018;23:32:00;275;Acidente sem Vítima;507;BR-040/MG;Norte;Queda de Moto;1;0;0;1;0;0;0;0;0;0;2;0;0;0;0
16/06/2018;21:10:00;245;Acidente sem Vítima;1,2;BR-040/DF;Norte;Choque com objeto fixo;1;0;0;0;0;0;0;0;0;0;1;0;0;0;0
16/06/2018;17:49:00;192;Acidente com Vítima;462;BR-040/MG;Norte;Colisão traseira;2;0;0;0;0;0;0;0;0;0;1;1;0;0;0
16/06/2018;17:25:00;187;Acidente com Vítima;538,4;BR-040/MG;Sul;Abalroamento longitudinal;0;0;1;1;0;0;0;0;0;0;1;0;0;1;0
16/06/2018;16:18:00;164;Acidente com Vítima;465,5;BR-040/MG;Norte;Capotamento;1;0;0;0;0;0;0;0;0;0;1;3;0;0;0
16/06/2018;13:09:00;130;Acidente com Vítima;700;BR-040/MG;Norte;Capotamento;1;0;0;0;0;0;0;0;0;0;1;1;0;0;0
16/06/2018;11:15:00;109;Acidente sem Vítima;697,05;BR-040/MG;Sul;Colisão traseira;2;0;0;0;0;0;0;0;0;0;3;0;0;0;0
16/06/2018;10:27:00;93;Acidente sem Vítima;11,6;BR-040/GO;Norte;Abalroamento longitudinal;1;0;1;0;0;0;0;0;0;0;3;0;0;0;0
16/06/2018;09:54:00;86;Acidente com Vítima;11,2;BR-040/GO;Sul;Abalroamento longitudinal;1;0;1;1;0;0;0;0;0;0;2;1;0;0;0
16/06/2018;05:07:00;44;Acidente sem Vítima;611,053;BR-040/MG;Norte;Choque com objeto fixo;1;0;0;0;0;0;0;0;0;0;1;0;0;0;0
16/06/2018;04:34:00;41;Acidente sem Vítima;628,219;BR-040/MG;Norte;Queda de Moto;0;0;0;1;0;0;0;0;0;0;1;0;0;0;0
16/06/2018;00:20:00;3;Acidente sem Vítima;0,5;BR-040/DF;Norte;Capotamento;1;0;0;0;0;0;0;0;0;0;1;0;0;0;0
15/06/2018;21:20:00;295;Acidente sem Vítima;507,9;BR-040/MG;Sul;Capotamento;1;0;0;0;0;0;0;0;0;0;1;0;0;0;0
15/06/2018;21:15:00;293;Acidente sem Vítima;537,3;BR-040/MG;Norte;Colisão traseira;5;0;0;0;0;0;0;0;0;0;5;0;0;0;0
15/06/2018;20:12:00;286;Acidente com Vítima;629,278;BR-040/MG;Norte;Colisão traseira;3;0;0;1;0;0;0;0;0;0;5;0;1;0;0
15/06/2018;19:40:00;277;Acidente sem Vítima;2,3;BR-040/GO;Sul;Colisão traseira;2;0;0;0;0;0;0;0;0;0;2;0;0;0;0
15/06/2018;18:56:00;261;Acidente sem Vítima;535,2;BR-040/MG;Norte;Abalroamento longitudinal;2;0;1;0;0;0;0;0;0;0;3;0;0;0;0
15/06/2018;18:33:00;254;Acidente sem Vítima;552,5;BR-040/MG;Norte;Colisão traseira;2;0;0;0;0;0;0;0;0;0;2;0;0;0;0
15/06/2018;18:11:00;244;Acidente sem Vítima;643,5;BR-040/MG;Norte;Outros;2;0;0;0;0;0;0;0;0;0;2;0;0;0;0
15/06/2018;17:58:00;240;Acidente com Vítima;413,1;BR-040/MG;Norte;Abalroamento transversal;2;0;0;0;0;0;0;0;0;0;3;1;0;1;0
15/06/2018;14:39:00;185;Acidente com Vítima;768,984;BR-040/MG;Norte;Queda de Moto;1;0;0;1;0;0;0;0;0;0;1;1;0;0;0
15/06/2018;14:04:00;177;Acidente sem Vítima;764,319;BR-040/MG;Sul;Queda de Moto;1;0;0;0;0;0;0;0;0;0;1;0;0;0;0
15/06/2018;13:45:00;173;Acidente sem Vítima;726,8;BR-040/MG;Sul;Choque em barreira New Jersey;1;0;0;0;0;0;0;0;0;0;1;0;0;0;0
15/06/2018;10:55:00;149;Acidente sem Vítima;254,1;BR-040/MG;Norte;Outros;2;0;0;0;0;0;0;0;0;0;2;0;0;0;0
15/06/2018;06:49:00;87;Acidente com Vítima;510,5;BR-040/MG;Sul;Colisão traseira;1;0;0;1;0;0;0;0;0;0;1;1;0;0;0
15/06/2018;06:09:00;80;Acidente sem Vítima;750,314;BR-040/MG;Norte;Queda de Carga;1;0;0;0;0;0;0;0;0;0;1;0;0;0;0
15/06/2018;03:09:00;57;Acidente sem Vítima;569,1;BR-040/MG;Norte;Choque com objeto fixo;1;0;0;0;0;0;0;0;0;0;1;0;0;0;0
14/06/2018;23:55:00;308;Acidente sem Vítima;2;BR-040/GO;Norte;Abalroamento longitudinal;1;0;0;0;0;0;0;0;0;1;2;0;0;0;0
14/06/2018;19:15:00;251;Acidente sem Vítima;705,5;BR-040/MG;Norte;Atropelamento de animal;1;0;0;0;0;0;0;0;0;0;1;0;0;0;0
14/06/2018;14:21:00;180;Acidente sem Vítima;1,218;BR-040/DF;Norte;Choque com objeto fixo;1;0;0;0;0;0;0;0;0;0;1;0;0;0;0
14/06/2018;14:04:00;179;Acidente sem Vítima;614;BR-040/MG;Norte;Colisão traseira;0;0;2;0;0;0;0;0;0;0;2;0;0;0;0
14/06/2018;13:46:00;174;Acidente sem Vítima;5,316;BR-040/GO;Sul;Colisão traseira;5;0;0;0;0;0;0;0;0;0;5;0;0;0;0
14/06/2018;11:42:00;160;Acidente sem Vítima;462,1;BR-040/MG;Norte;Queda de Carga;1;0;0;0;0;1;0;0;0;0;4;0;0;0;0
14/06/2018;07:43:00;109;Acidente com Vítima;531,1;BR-040/MG;Sul;Colisão traseira;0;0;0;2;0;0;0;0;0;0;1;1;0;0;0
14/06/2018;06:35:00;89;Acidente sem Vítima;541,04;BR-040/MG;Sul;Colisão traseira;2;0;0;0;0;0;0;0;0;0;2;0;0;0;0
14/06/2018;06:06:00;87;Acidente com Vítima;617,782;BR-040/MG;Norte;Abalroamento transversal;1;0;1;0;0;0;0;0;0;0;1;1;0;0;0
13/06/2018;19:44:00;276;Acidente sem Vítima;135,2;BR-040/MG;Norte;Atropelamento de animal;1;0;0;0;0;0;0;0;0;0;1;0;0;0;0
13/06/2018;19:14:00;269;Acidente sem Vítima;522,1;BR-040/MG;Norte;Colisão traseira;2;0;0;0;0;0;0;0;0;0;2;0;0;0;0
13/06/2018;18:22:00;251;Acidente sem Vítima;700,05;BR-040/MG;Norte;Abalroamento transversal;1;0;1;0;0;0;0;0;0;0;3;0;0;0;0
13/06/2018;17:52:00;245;Acidente sem Vítima;521,7;BR-040/MG;Norte;Choque com objeto fixo;1;0;0;0;0;0;0;0;0;0;3;0;0;0;0
13/06/2018;14:47:00;203;Acidente com Vítima;513,45;BR-040/MG;Norte;Colisão traseira;4;0;0;0;0;0;0;0;0;0;3;2;0;0;0
13/06/2018;14:43:00;202;Acidente sem Vítima;7,8;BR-040/DF;Norte;Abalroamento transversal;2;0;0;0;0;0;0;0;0;0;2;0;0;0;0
13/06/2018;13:48:00;186;Atropelamento sem Morte;513,02;BR-040/MG;Norte;Atropelamento de pedestre atravessando;0;0;0;1;0;0;0;0;0;0;0;1;0;1;0
13/06/2018;11:37:00;162;Acidente com Vítima;630,95;BR-040/MG;Norte;Colisão frontal;1;0;0;1;0;0;0;0;0;0;1;1;0;0;0
13/06/2018;11:08:00;155;Acidente sem Vítima;473,6;BR-040/MG;Sul;Choque com objeto fixo;0;0;1;0;0;0;0;0;0;0;1;0;0;0;0
13/06/2018;10:23:00;145;Acidente sem Vítima;630,9;BR-040/MG;Norte;Colisão frontal;2;0;0;0;0;0;0;0;0;0;3;0;0;0;0
13/06/2018;06:36:00;81;Acidente com Vítima;515,5;BR-040/MG;Sul;Colisão traseira;0;0;0;2;0;0;0;0;0;0;0;0;2;0;0
13/06/2018;04:10:00;63;Acidente sem Vítima;579,1;BR-040/MG;Sul;Choque em barreira New Jersey;1;0;0;0;0;0;0;0;0;0;1;0;0;0;0
13/06/2018;00:58:00;22;Acidente com Vítima;294,4;BR-040/MG;Norte;Choque com objeto fixo;2;0;0;0;0;0;0;0;0;0;4;0;1;0;0
13/06/2018;00:44:00;15;Acidente sem Vítima;548,8;BR-040/MG;Sul;Colisão traseira;2;0;0;0;0;0;0;0;0;0;2;0;0;0;0
12/06/2018;21:32:00;324;Acidente sem Vítima;101,2;BR-040/GO;Sul;Choque com objeto fixo;1;0;0;0;0;0;0;0;0;0;2;0;0;0;0
12/06/2018;18:31:00;283;Atropelamento sem Morte;1,3;BR-040/GO;Sul;Atropelamento de pedestre caminhando;0;0;0;0;0;0;0;0;0;1;2;0;1;0;0
12/06/2018;18:17:00;277;Acidente sem Vítima;632,1;BR-040/MG;Norte;Abalroamento transversal;1;0;1;0;0;0;0;0;0;0;2;0;0;0;0
12/06/2018;17:34:00;264;Acidente sem Vítima;2,1;BR-040/DF;Sul;Abalroamento longitudinal;1;0;0;1;0;0;0;0;0;0;4;0;0;0;0
12/06/2018;11:36:00;177;Atropelamento sem Morte;511;BR-040/MG;Norte;Atropelamento de pedestre atravessando;2;0;0;0;0;0;0;0;0;0;1;1;1;0;0
12/06/2018;10:50:00;167;Acidente sem Vítima;497,7;BR-040/MG;Norte;Abalroamento longitudinal;1;0;1;0;0;0;0;0;0;0;5;0;0;0;0
12/06/2018;10:23:00;157;Acidente sem Vítima;603;BR-040/MG;Sul;Colisão traseira;2;0;0;0;0;0;0;0;0;0;2;0;0;0;0
12/06/2018;10:07:00;152;Acidente com Vítima;2,8;BR-040/GO;Sul;Abalroamento transversal;3;0;0;0;0;0;0;0;0;0;3;0;1;0;0
12/06/2018;09:34:00;140;Acidente com Vítima;533,6;BR-040/MG;Norte;Colisão traseira;0;0;1;1;0;0;0;0;0;0;1;0;1;0;0
12/06/2018;07:14:00;90;Acidente sem Vítima;528,3;BR-040/MG;Sul;Colisão traseira;2;0;0;0;0;0;0;0;0;0;2;0;0;0;0
11/06/2018;18:55:00;238;Acidente sem Vítima;94,5;BR-040/GO;Sul;Colisão traseira;0;0;0;1;0;0;0;0;0;1;2;0;0;0;0
11/06/2018;18:08:00;228;Acidente com Vítima;476,139;BR-040/MG;Sul;Colisão traseira;1;0;0;1;0;1;0;0;0;0;2;0;0;1;0
11/06/2018;16:53:00;213;Acidente sem Vítima;537,16;BR-040/MG;Sul;Abalroamento longitudinal;1;0;1;0;0;0;0;0;0;0;2;0;0;0;0
11/06/2018;15:29:00;199;Acidente com Vítima;8,2;BR-040/GO;Norte;Colisão traseira;1;0;1;0;0;0;0;0;0;0;2;1;0;0;0
11/06/2018;14:45:00;195;Acidente com Vítima;3,5;BR-040/GO;Sul;Outros;1;0;0;1;0;0;0;0;0;0;1;1;0;0;0
11/06/2018;12:46:00;169;Acidente com Vítima;43,3;BR-040/MG;Norte;Abalroamento longitudinal;1;0;0;1;0;0;0;0;0;0;1;1;0;0;0
11/06/2018;10:55:00;149;Acidente sem Vítima;514,01;BR-040/MG;Sul;Abalroamento longitudinal;1;0;2;0;0;0;0;0;0;0;3;0;0;0;0
11/06/2018;10:44:00;147;Acidente sem Vítima;487;BR-040/MG;Norte;Colisão traseira;3;0;0;0;0;0;0;0;0;0;3;0;0;0;0
11/06/2018;08:54:00;119;Acidente com Vítima;5,1;BR-040/GO;Sul;Abalroamento longitudinal;0;0;0;1;1;0;0;0;0;0;1;0;1;0;0
11/06/2018;07:35:00;88;Acidente sem Vítima;476,8;BR-040/MG;Norte;Choque em defensa;1;0;0;0;0;0;0;0;0;0;1;0;0;0;0
11/06/2018;06:43:00;74;Acidente sem Vítima;541,05;BR-040/MG;Sul;Colisão traseira;2;0;0;0;0;0;0;0;0;0;2;0;0;0;0
11/06/2018;06:42:00;73;Atropelamento sem Morte;524,01;BR-040/MG;Norte;Atropelamento de pedestre caminhando;1;0;0;0;0;0;0;0;0;0;1;0;1;0;0
11/06/2018;05:55:00;69;Acidente sem Vítima;357,1;BR-040/MG;Norte;Colisão traseira;1;0;2;0;0;0;0;0;0;0;3;0;0;0;0
11/06/2018;05:37:00;68;Acidente com Vítima;144,1;BR-040/MG;Norte;Atropelamento de animal;1;0;0;0;0;0;0;0;0;0;1;0;1;0;0
10/06/2018;23:28:00;253;Acidente com Vítima;539,2;BR-040/MG;Sul;Colisão traseira;1;0;0;0;1;0;0;0;0;0;20;0;1;0;0
10/06/2018;19:49:00;206;Acidente sem Vítima;11,7;BR-040/GO;Norte;Abalroamento transversal;2;0;0;0;0;0;0;0;0;0;3;0;0;0;0
10/06/2018;15:44:00;132;Acidente sem Vítima;1,5;BR-040/DF;Sul;Colisão traseira;2;0;0;0;0;0;0;0;0;0;5;0;0;0;0
10/06/2018;15:41:00;131;Acidente com Vítima;655,231;BR-040/MG;Norte;Choque com objeto fixo;1;0;0;0;0;0;0;0;0;0;1;0;3;0;0
10/06/2018;15:40:00;130;Acidente com Vítima;15,3;BR-040/GO;Norte;Abalroamento longitudinal;0;0;0;1;0;2;0;0;0;0;2;0;1;0;0
10/06/2018;15:24:00;127;Acidente com Vítima;1,8;BR-040/DF;Sul;Colisão traseira;2;0;0;0;0;0;0;0;0;0;2;1;0;0;0