data;horario;n_da_ocorrencia;tipo_de_ocorrencia;km;trecho;sentido;tipo_de_acidente;automovel;bicicleta;caminhao;moto;onibus;outros;tracao_animal;transporte_de_cargas_especiais;trator_maquinas;utilitarios;ilesos;levemente_feridos;moderadamente_feridos;gravemente_feridos;mortos
10/06/2018;13:16:00;101;Acidente sem Vítima;3,5;BR-040/DF;Norte;Colisão traseira;2;0;0;0;0;0;0;0;0;0;2;0;0;0;0
10/06/2018;12:28:00;87;Acidente com Vítima;401,15;BR-040/MG;Sul;Outros;1;0;0;0;0;0;0;0;0;0;4;1;0;0;0
10/06/2018;11:12:00;77;Acidente sem Vítima;328,1;BR-040/MG;Norte;Colisão traseira;1;0;1;0;0;0;0;0;0;0;2;0;0;0;0
10/06/2018;07:41:00;36;Acidente sem Vítima;631,6;BR-040/MG;Norte;Choque em defensa;1;0;0;0;0;0;0;0;0;0;2;0;0;0;0
10/06/2018;05:39:00;23;Acidente com Vítima;516,298;BR-040/MG;Sul;Capotamento;1;0;0;0;0;0;0;0;0;0;0;2;0;0;0
10/06/2018;05:22:00;20;Acidente sem Vítima;701,25;BR-040/MG;Norte;Colisão traseira;3;0;0;0;0;0;0;0;0;0;4;0;0;0;0
09/06/2018;21:00:00;257;Acidente sem Vítima;730,07;BR-040/MG;Norte;Choque em barreira New Jersey;1;0;0;0;0;0;0;0;0;0;1;0;0;0;0
09/06/2018;20:21:00;255;Acidente sem Vítima;635,5;BR-040/MG;Sul;Choque com objeto fixo;0;0;1;0;0;0;0;0;0;0;1;0;0;0;0
09/06/2018;19:28:00;246;Atropelamento com Morte;485,5;BR-040/MG;Sul;Atropelamento de pedestre atravessando;1;0;0;0;0;0;0;0;0;0;1;0;0;0;1
09/06/2018;19:00:00;239;Acidente sem Vítima;463,1;BR-040/MG;Norte;Choque com objeto fixo;1;0;0;0;0;0;0;0;0;0;1;0;0;0;0
09/06/2018;17:24:00;215;Acidente sem Vítima;460,4;BR-040/MG;Norte;Capotamento;1;0;0;0;0;0;0;0;0;0;1;0;0;0;0
09/06/2018;17:09:00;208;Acidente com Vítima;522,183;BR-040/MG;Norte;Queda de Moto;0;0;0;1;0;0;0;0;0;0;0;2;0;0;0
09/06/2018;14:53:00;191;Acidente sem Vítima;3,5;BR-040/GO;Norte;Colisão traseira;2;0;0;0;0;0;0;0;0;0;2;0;0;0;0
09/06/2018;11:59:00;154;Acidente com Vítima;41,3;BR-040/MG;Sul;Colisão frontal;1;0;1;0;0;0;0;0;0;0;2;0;0;0;0
09/06/2018;09:34:00;117;Acidente sem Vítima;546,82;BR-040/MG;Norte;Colisão traseira;2;0;0;0;0;0;0;0;0;0;2;0;0;0;0
09/06/2018;09:25:00;112;Acidente com Vítima;517,3;BR-040/MG;Sul;Capotamento;1;0;0;0;0;0;0;0;0;0;2;2;1;0;0
09/06/2018;08:04:00;88;Acidente sem Vítima;5;BR-040/GO;Norte;Colisão traseira;3;0;0;0;0;0;0;0;0;0;4;0;0;0;0
09/06/2018;07:53:00;87;Acidente com Vítima;517,28;BR-040/MG;Norte;Colisão traseira;0;0;1;1;0;0;0;0;0;0;1;1;0;0;0
09/06/2018;07:49:00;85;Acidente sem Vítima;2;BR-040/GO;Norte;Colisão traseira;1;0;0;1;0;0;0;0;0;0;2;0;0;0;0
09/06/2018;07:42:00;82;Acidente com Vítima;544,3;BR-040/MG;Norte;Queda de Moto;0;0;0;1;0;0;0;0;0;0;0;1;0;0;0
09/06/2018;07:13:00;69;Acidente sem Vítima;718;BR-040/MG;Norte;Capotamento;1;0;0;0;0;0;0;0;0;0;1;0;0;0;0
09/06/2018;06:53:00;66;Acidente sem Vítima;750;BR-040/MG;Sul;Outros;1;0;0;0;0;0;0;0;0;0;5;0;0;0;0
08/06/2018;22:31:00;326;Atropelamento sem Morte;1,1;BR-040/GO;Sul;Atropelamento de pedestre atravessando;1;0;0;0;0;0;0;0;0;0;1;0;0;1;0
08/06/2018;19:23:00;271;Acidente com Morte;510,31;BR-040/MG;Norte;Abalroamento longitudinal;1;0;0;1;0;1;0;0;0;0;2;0;0;0;1
08/06/2018;18:27:00;254;Acidente com Vítima;56,03;BR-040/MG;Norte;Colisão traseira;2;0;0;0;0;0;0;0;0;0;3;1;0;0;0
08/06/2018;16:29:00;225;Acidente sem Vítima;537,65;BR-040/MG;Norte;Colisão traseira;5;0;1;0;0;1;0;0;0;0;7;0;0;0;0
08/06/2018;14:53:00;201;Acidente sem Vítima;44;BR-040/MG;Norte;Abalroamento longitudinal;1;0;0;0;0;0;0;0;0;1;6;0;0;0;0
08/06/2018;08:00:00;99;Acidente sem Vítima;513,2;BR-040/MG;Sul;Capotamento;1;0;0;0;0;0;0;0;0;0;1;0;0;0;0
08/06/2018;06:19:00;74;Acidente com Vítima;518,7;BR-040/MG;Norte;Queda de Moto;0;0;0;1;0;0;0;0;0;0;0;2;0;0;0
08/06/2018;03:30:00;52;Acidente sem Vítima;660,9;BR-040/MG;Norte;Queda de Carga;0;0;1;0;0;0;0;0;0;0;1;0;0;0;0
08/06/2018;00:15:00;38;Acidente com Vítima;10,8;BR-040/GO;Sul;Colisão traseira;0;0;1;1;0;0;0;0;0;0;1;0;1;0;0
07/06/2018;22:27:00;304;Acidente sem Vítima;500;BR-040/MG;Norte;Colisão traseira;1;0;0;0;1;0;0;0;0;0;2;0;0;0;0
07/06/2018;20:37:00;285;Acidente com Vítima;144,065;BR-040/MG;Norte;Abalroamento transversal;2;0;0;0;0;0;0;0;0;0;1;1;0;0;0
07/06/2018;19:16:00;263;Acidente sem Vítima;559;BR-040/MG;Sul;Queda de Moto;1;0;0;1;0;0;0;0;0;0;2;0;0;0;0
07/06/2018;18:52:00;255;Acidente sem Vítima;588;BR-040/MG;Sul;Outros;1;0;0;0;0;0;0;0;0;0;1;0;0;0;0
07/06/2018;18:27:00;246;Acidente sem Vítima;510;BR-040/MG;Norte;Colisão traseira;1;0;0;1;0;0;0;0;0;0;2;0;0;0;0
07/06/2018;18:24:00;244;Acidente sem Vítima;2,8;BR-040/DF;Sul;Colisão traseira;1;0;0;1;0;0;0;0;0;0;2;0;0;0;0
07/06/2018;18:01:00;235;Acidente sem Vítima;128,1;BR-040/MG;Norte;Capotamento;0;0;0;1;0;0;0;0;0;0;4;0;0;0;0
07/06/2018;17:06:00;225;Atropelamento sem Morte;1,8;BR-040/GO;Sul;Atropelamento de pedestre atravessando;0;0;0;0;0;1;0;0;0;0;1;1;0;0;0
07/06/2018;16:59:00;223;Acidente sem Vítima;505,201;BR-040/MG;Norte;Colisão traseira;0;0;2;0;0;0;0;0;0;0;2;0;0;0;0
07/06/2018;14:59:00;200;Acidente com Vítima;643,1;BR-040/MG;Norte;Capotamento;1;0;0;0;0;0;0;0;0;0;2;4;0;0;0
07/06/2018;14:59:00;201;Acidente com Vítima;19,3;BR-040/GO;Sul;Abalroamento longitudinal;1;0;0;1;0;0;0;0;0;0;1;1;0;0;0
07/06/2018;14:38:00;194;Acidente com Vítima;624,1;BR-040/MG;Sul;Choque com objeto fixo;1;0;0;0;0;0;0;0;0;0;0;0;1;0;0
07/06/2018;11:12:00;151;Acidente sem Vítima;533,213;BR-040/MG;Norte;Colisão traseira;1;0;0;1;0;0;0;0;0;0;2;0;0;0;0
07/06/2018;09:29:00;130;Acidente sem Vítima;7,8;BR-040/DF;Sul;Colisão traseira;3;0;0;2;0;0;0;0;0;0;6;0;0;0;0
07/06/2018;05:04:00;70;Acidente sem Vítima;274,31;BR-040/MG;Norte;Colisão traseira;2;0;0;0;0;0;0;0;0;0;4;0;0;0;0
06/06/2018;21:55:00;281;Acidente sem Vítima;3,6;BR-040/DF;Sul;Queda de Moto;0;0;0;1;0;0;0;0;0;0;1;0;0;0;0
06/06/2018;21:55:00;290;Acidente sem Vítima;3,6;BR-040/DF;Sul;Choque com objeto fixo;1;0;0;0;0;0;0;0;0;0;1;0;0;0;0
06/06/2018;21:48:00;280;Acidente sem Vítima;3,6;BR-040/DF;Sul;Capotamento;1;0;0;0;0;0;0;0;0;0;1;0;0;0;0
06/06/2018;19:10:00;245;Acidente sem Vítima;730;BR-040/MG;Norte;Choque em barreira New Jersey;2;0;0;0;0;0;0;0;0;0;2;0;0;0;0
06/06/2018;12:59:00;174;Acidente sem Vítima;449,216;BR-040/MG;Sul;Colisão traseira;2;0;0;0;0;0;0;0;0;0;4;0;0;0;0
06/06/2018;12:01:00;165;Acidente sem Vítima;524,216;BR-040/MG;Norte;Queda de Carga;1;0;0;0;0;0;0;0;0;0;2;0;0;0;0
06/06/2018;07:00:00;89;Acidente com Vítima;516;BR-040/MG;Sul;Colisão traseira;1;0;0;1;0;0;0;0;0;0;1;1;0;0;0
06/06/2018;01:38:00;31;Atropelamento com Morte;536,1;BR-040/MG;Norte;Atropelamento de pedestre atravessando;1;0;0;0;0;0;0;0;0;0;0;0;0;0;1
06/06/2018;00:09:00;6;Acidente sem Vítima;628,2;BR-040/MG;Norte;Choque com objeto fixo;0;0;1;0;0;0;0;0;0;0;1;0;0;0;0
05/06/2018;18:04:00;240;Acidente com Vítima;611,9;BR-040/MG;Norte;Colisão traseira;1;0;0;0;0;1;0;0;0;0;1;1;0;0;0
05/06/2018;16:01:00;215;Acidente com Vítima;513,4;BR-040/MG;Norte;Queda de Moto;0;0;0;1;0;0;0;0;0;0;0;1;0;0;0
05/06/2018;13:34:00;182;Acidente sem Vítima;1,9;BR-040/GO;Norte;Colisão traseira;3;0;0;0;0;0;0;0;0;0;5;0;0;0;0
05/06/2018;11:34:00;148;Acidente sem Vítima;5,3;BR-040/GO;Sul;Colisão traseira;2;0;0;0;0;0;0;0;0;0;3;0;0;0;0
05/06/2018;07:07:00;56;Acidente sem Vítima;330;BR-040/MG;Norte;Choque com objeto fixo;1;0;0;0;0;0;0;0;0;0;1;0;0;0;0
05/06/2018;07:00:00;55;Acidente com Vítima;3,85;BR-040/DF;Norte;Queda de Moto;0;0;0;1;0;0;0;0;0;0;1;1;0;0;0
04/06/2018;21:45:00;218;Acidente sem Vítima;5,15;BR-040/GO;Sul;Queda de Carga;0;0;1;0;0;0;0;0;0;0;1;0;0;0;0
04/06/2018;20:42:00;205;Acidente sem Vítima;1,7;BR-040/GO;Sul;Abalroamento longitudinal;0;0;0;2;0;0;0;0;0;0;2;0;0;0;0
04/06/2018;18:46:00;181;Acidente sem Vítima;3,2;BR-040/GO;Norte;Colisão traseira;2;0;0;0;0;0;0;0;0;0;5;0;0;0;0
04/06/2018;17:40:00;169;Acidente sem Vítima;2;BR-040/GO;Sul;Abalroamento longitudinal;1;0;0;0;0;1;0;0;0;0;2;0;0;0;0
04/06/2018;16:03:00;148;Acidente sem Vítima;541,2;BR-040/MG;Sul;Colisão traseira;1;0;0;0;1;0;0;0;0;0;2;0;0;0;0
04/06/2018;11:25:00;110;Acidente sem Vítima;470,9;BR-040/MG;Sul;Colisão traseira;0;0;2;0;0;0;0;0;0;0;2;0;0;0;0
04/06/2018;05:31:00;41;Acidente com Vítima;24,1;BR-040/GO;Norte;Abalroamento transversal;0;0;0;2;0;0;0;0;0;0;1;0;0;0;0
03/06/2018;23:11:00;129;Acidente com Vítima;507,5;BR-040/MG;Sul;Queda de Moto;0;0;0;1;0;0;0;0;0;0;1;0;1;0;0
03/06/2018;21:02:00;116;Acidente sem Vítima;655,3;BR-040/MG;Norte;Atropelamento de animal;1;0;0;0;0;0;0;0;0;0;3;0;0;0;0
03/06/2018;19:43:00;101;Acidente sem Vítima;514,12;BR-040/MG;Sul;Queda de Moto;0;0;0;1;0;0;0;0;0;0;2;0;0;0;0
03/06/2018;19:12:00;93;Acidente com Vítima;129,2;BR-040/MG;Norte;Colisão traseira;1;0;0;0;1;0;0;0;0;0;2;1;0;0;0
03/06/2018;18:59:00;90;Acidente com Vítima;551,12;BR-040/MG;Norte;Abalroamento longitudinal;1;0;0;1;0;0;0;0;0;0;4;1;0;0;0
03/06/2018;18:31:00;85;Acidente com Vítima;139,1;BR-040/MG;Norte;Capotamento;1;0;0;0;0;0;0;0;0;0;1;0;0;0;0
03/06/2018;17:40:00;74;Acidente sem Vítima;543,5;BR-040/MG;Norte;Capotamento;1;0;0;0;0;0;0;0;0;0;1;0;0;0;0
03/06/2018;17:20:00;72;Acidente sem Vítima;100,5;BR-040/GO;Norte;Choque com objeto fixo;1;0;0;0;0;0;0;0;0;0;1;0;0;0;0
03/06/2018;15:46:00;66;Acidente sem Vítima;634,2;BR-040/MG;Norte;Colisão traseira;2;0;0;0;0;0;0;0;0;1;6;0;0;0;0
03/06/2018;11:57:00;42;Acidente com Vítima;509,1;BR-040/MG;Sul;Capotamento;1;0;0;0;0;0;0;0;0;0;0;0;0;1;0
03/06/2018;11:49:00;40;Acidente com Vítima;58,02;BR-040/GO;Norte;Capotamento;1;0;0;0;0;0;0;0;0;0;0;2;0;0;0
03/06/2018;11:24:00;37;Acidente com Vítima;352,31;BR-040/MG;Sul;Abalroamento longitudinal;2;0;0;0;0;0;0;0;0;0;2;2;0;0;0
03/06/2018;04:59:00;8;Acidente sem Vítima;507,67;BR-040/MG;Norte;Queda de Moto;0;0;0;1;0;0;0;0;0;0;1;0;0;0;0
02/06/2018;19:11:00;79;Acidente sem Vítima;765,065;BR-040/MG;Sul;Choque com objeto fixo;1;0;0;0;0;0;0;0;0;0;2;0;0;0;0
02/06/2018;09:09:00;29;Acidente sem Vítima;559,1;BR-040/MG;Sul;Abalroamento longitudinal;2;0;0;0;0;0;0;0;0;0;2;0;0;0;0
02/06/2018;08:51:00;27;Acidente com Vítima;45,5;BR-040/GO;Sul;Capotamento;1;0;0;0;0;1;0;0;0;0;2;1;0;0;0
02/06/2018;08:04:00;24;Acidente sem Vítima;279,5;BR-040/MG;Norte;Abalroamento longitudinal;0;0;1;0;0;1;0;0;0;0;2;0;0;0;0
02/06/2018;07:07:00;16;Acidente sem Vítima;450,15;BR-040/MG;Sul;Abalroamento longitudinal;1;0;0;0;0;1;0;0;0;0;2;0;0;0;0
01/06/2018;20:26:00;134;Acidente com Vítima;618,5;BR-040/MG;Norte;Colisão traseira;2;0;0;0;0;0;0;0;0;0;6;1;0;0;0
01/06/2018;19:14:00;126;Acidente sem Vítima;6,5;BR-040/GO;Norte;Choque com objeto fixo;1;0;0;0;0;0;0;0;0;0;1;0;0;0;0
01/06/2018;18:28:00;115;Acidente sem Vítima;5,12;BR-040/GO;Sul;Queda de Moto;0;0;0;1;0;0;0;0;0;0;1;0;0;0;0
01/06/2018;18:26:00;114;Atropelamento sem Morte;1,3;BR-040/GO;Norte;Atropelamento de pedestre atravessando;1;0;0;0;0;0;0;0;0;0;1;1;0;0;0
01/06/2018;18:08:00;111;Acidente sem Vítima;470,1;BR-040/MG;Sul;Choque com objeto fixo;1;0;0;0;0;0;0;0;0;0;1;0;0;0;0
01/06/2018;18:01:00;107;Acidente com Vítima;135,3;BR-040/GO;Norte;Capotamento;1;0;0;0;0;0;0;0;0;0;1;0;3;0;0
01/06/2018;14:08:00;80;Acidente com Vítima;600;BR-040/MG;Sul;Queda de Moto;1;0;0;1;0;0;0;0;0;0;1;1;0;0;0
01/06/2018;13:26:00;75;Acidente sem Vítima;347,7;BR-040/MG;Sul;Choque com objeto fixo;1;0;0;0;0;0;0;0;0;0;1;0;0;0;0
01/06/2018;11:40:00;61;Acidente com Morte;685,17;BR-040/MG;Sul;Choque com objeto fixo;1;0;0;0;0;0;0;0;0;0;0;0;0;0;3
01/06/2018;11:00:00;53;Acidente sem Vítima;544;BR-040/MG;Sul;Colisão traseira;0;0;2;0;0;0;0;0;0;0;2;0;0;0;0
01/06/2018;09:48:00;43;Acidente com Vítima;756,6;BR-040/MG;Sul;Queda de Carga;0;0;1;0;0;0;0;0;0;0;1;1;0;0;0
01/06/2018;06:08:00;20;Acidente sem Vítima;544,8;BR-040/MG;Norte;Capotamento;1;0;0;0;0;0;0;0;0;0;3;0;0;0;0
31/07/2018;23:18:00;347;Atropelamento sem Morte;523,1;BR-040/MG;Sul;Atropelamento de pedestre caminhando;1;0;0;0;0;0;0;0;0;0;1;0;1;0;0
31/07/2018;22:04:00;328;Acidente com Vítima;565,52;BR-040/MG;Norte;Choque com objeto fixo;0;0;1;0;0;0;0;0;0;0;1;0;1;0;0
31/07/2018;19:33:00;304;Acidente sem Vítima;535,3;BR-040/MG;Norte;Colisão traseira;1;0;0;0;0;0;0;0;0;1;2;0;0;0;0
31/07/2018;18:04:00;275;Acidente com Vítima;537,1;BR-040/MG;Norte;Queda de Moto;1;0;0;1;0;0;0;0;0;0;1;1;0;0;0
31/07/2018;16:03:00;239;Atropelamento com Morte;600,1;BR-040/MG;Sul;Atropelamento de pedestre atravessando;1;0;0;0;0;0;0;0;0;0;1;0;0;0;1
31/07/2018;15:25:00;222;Acidente com Vítima;2,9;BR-040/GO;Norte;Colisão traseira;1;0;0;1;0;0;0;0;0;0;1;0;0;1;0
31/07/2018;14:31:00;203;Acidente sem Vítima;678,5;BR-040/MG;Sul;Choque em veículo parado na pista;1;0;0;0;0;0;0;0;0;0;2;0;0;0;0
31/07/2018;13:44:00;185;Acidente sem Vítima;718,2;BR-040/MG;Sul;Capotamento;1;0;0;0;0;0;0;0;0;0;1;0;0;0;0
31/07/2018;13:15:00;174;Acidente com Vítima;268,41;BR-040/MG;Norte;Abalroamento transversal;2;0;0;0;0;0;0;0;0;0;1;0;1;1;0
31/07/2018;12:05:00;167;Acidente sem Vítima;588,56;BR-040/MG;Norte;Colisão traseira;0;0;2;0;0;0;0;0;0;0;2;0;0;0;0
31/07/2018;03:59:00;70;Acidente sem Vítima;722,7;BR-040/MG;Norte;Choque com objeto fixo;0;0;1;0;0;0;0;0;0;0;1;0;0;0;0
31/07/2018;03:15:00;66;Acidente com Vítima;571,35;BR-040/MG;Norte;Capotamento;1;0;0;0;0;0;0;0;0;0;0;0;1;0;0
31/07/2018;02:25:00;59;Acidente com Vítima;11,5;BR-040/GO;Sul;Queda de Moto;0;0;0;1;0;0;0;0;0;0;0;1;0;0;0
30/07/2018;21:46:00;284;Acidente com Vítima;488,101;BR-040/MG;Norte;Queda de Moto;0;0;0;1;0;0;0;0;0;0;0;2;0;0;0
30/07/2018;21:14:00;279;Acidente sem Vítima;555,1;BR-040/MG;Sul;Capotamento;1;0;0;0;0;0;0;0;0;0;1;0;0;0;0
30/07/2018;17:52:00;233;Acidente com Morte;588,56;BR-040/MG;Norte;Colisão frontal;1;0;2;0;0;0;0;0;0;0;2;0;1;0;3
30/07/2018;17:23:00;222;Acidente sem Vítima;528,5;BR-040/MG;Sul;Choque em barreira New Jersey;2;0;0;0;0;0;0;0;0;0;2;0;0;0;0
30/07/2018;16:18:00;205;Acidente com Vítima;565,15;BR-040/MG;Norte;Abalroamento transversal;2;0;0;0;0;0;0;0;0;0;1;1;1;0;0
30/07/2018;14:55:00;188;Acidente sem Vítima;91,95;BR-040/MG;Sul;Abalroamento longitudinal;2;0;0;0;0;0;0;0;0;0;2;0;0;0;0
30/07/2018;12:23:00;151;Acidente sem Vítima;482,8;BR-040/MG;Norte;Colisão traseira;2;0;0;0;0;0;0;0;0;0;6;0;0;0;0
30/07/2018;08:54:00;107;Acidente com Vítima;171,3;BR-040/MG;Norte;Outros;1;0;0;0;0;0;0;0;0;0;2;1;0;0;0
30/07/2018;08:50:00;106;Acidente com Vítima;4,8;BR-040/GO;Sul;Queda de Moto;0;0;0;1;0;0;0;0;0;0;1;1;0;0;0
30/07/2018;08:23:00;101;Acidente sem Vítima;512,1;BR-040/MG;Sul;Colisão traseira;3;0;0;0;0;0;0;0;0;0;3;0;0;0;0
30/07/2018;08:19:00;100;Acidente sem Vítima;509,1;BR-040/MG;Norte;Colisão traseira;2;0;0;0;0;0;0;0;0;0;2;0;0;0;0
30/07/2018;07:53:00;95;Acidente sem Vítima;509,1;BR-040/MG;Sul;Colisão traseira;2;0;0;0;0;0;0;0;0;0;2;0;0;0;0
30/07/2018;06:48:00;75;Acidente com Vítima;514,3;BR-040/MG;Sul;Colisão traseira;1;0;1;1;0;0;0;0;0;0;2;1;0;0;0
30/07/2018;06:40:00;72;Acidente sem Vítima;320;BR-040/MG;Norte;Atropelamento de animal;1;0;0;0;0;0;0;0;0;0;1;0;0;0;0
30/07/2018;04:52:00;64;Acidente sem Vítima;482,8;BR-040/MG;Sul;Outros;0;0;1;0;0;0;0;0;0;0;1;0;0;0;0
30/07/2018;04:17:00;44;Acidente sem Vítima;649,33;BR-040/MG;Norte;Atropelamento de animal;0;0;0;0;1;0;0;0;0;0;51;0;0;0;0
29/07/2018;22:06:00;298;Acidente com Vítima;614,4;BR-040/MG;Sul;Colisão frontal;2;0;0;0;0;0;0;0;0;0;0;0;5;0;0
29/07/2018;21:49:00;292;Acidente com Morte;512,5;BR-040/MG;Sul;Capotamento;1;0;0;0;0;0;0;0;0;0;0;1;0;1;1
29/07/2018;21:44:00;289;Acidente com Vítima;11,8;BR-040/GO;Norte;Choque com objeto fixo;1;0;0;0;0;0;0;0;0;0;0;0;1;0;0
29/07/2018;21:25:00;287;Acidente sem Vítima;4,95;BR-040/GO;Norte;Colisão traseira;1;0;0;1;0;0;0;0;0;0;2;0;0;0;0
29/07/2018;20:34:00;274;Acidente sem Vítima;714,1;BR-040/MG;Sul;Abalroamento transversal;2;0;0;0;0;0;0;0;0;0;3;0;0;0;0
29/07/2018;19:26:00;253;Acidente com Vítima;485,93;BR-040/MG;Sul;Colisão traseira;1;0;0;2;0;0;0;0;0;0;5;1;0;0;0
29/07/2018;18:32:00;239;Acidente sem Vítima;7,9;BR-040/GO;Norte;Abalroamento longitudinal;2;0;0;0;0;0;0;0;0;0;2;0;0;0;0
29/07/2018;18:19:00;231;Acidente com Vítima;634,1;BR-040/MG;Sul;Colisão frontal;2;0;0;0;0;0;0;0;0;0;1;0;3;0;0
29/07/2018;17:52:00;218;Acidente com Vítima;7,9;BR-040/GO;Norte;Colisão traseira;1;0;0;1;0;0;0;0;0;0;1;1;0;0;0
29/07/2018;17:17:00;208;Acidente com Vítima;470,41;BR-040/MG;Sul;Colisão traseira;2;0;0;0;0;0;0;0;0;0;5;2;0;0;0
29/07/2018;17:16:00;207;Acidente com Morte;145,001;BR-040/MG;Sul;Colisão frontal;1;0;1;0;0;0;0;0;0;0;0;1;0;0;1
29/07/2018;16:48:00;195;Acidente sem Vítima;4,001;BR-040/GO;Norte;Colisão traseira;2;0;0;0;0;0;0;0;0;0;2;0;0;0;0
29/07/2018;12:02:00;109;Acidente sem Vítima;129,105;BR-040/MG;Sul;Outros;1;0;1;0;0;0;0;0;0;0;2;0;0;0;0
29/07/2018;11:32:00;102;Acidente com Vítima;95;BR-040/GO;Sul;Queda de Moto;0;0;0;1;0;0;0;0;0;0;0;1;0;0;0
29/07/2018;10:56:00;93;Acidente sem Vítima;538,138;BR-040/MG;Sul;Abalroamento longitudinal;1;0;1;0;0;0;0;0;0;0;2;0;0;0;0
29/07/2018;09:19:00;75;Acidente com Morte;119,5;BR-040/MG;Sul;Abalroamento transversal;1;0;1;0;0;0;0;0;0;0;1;0;1;0;4
29/07/2018;08:13:00;55;Acidente sem Vítima;57,001;BR-040/MG;Sul;Atropelamento de animal;1;0;0;0;0;0;0;0;0;0;1;0;0;0;0
29/07/2018;04:12:00;30;Acidente com Vítima;49,01;BR-040/MG;Norte;Queda de Carga;0;0;0;0;0;0;0;0;0;1;11;2;0;0;0
28/07/2018;22:56:00;266;Acidente sem Vítima;649,03;BR-040/MG;Sul;Choque com objeto fixo;1;0;0;0;0;0;0;0;0;0;1;0;0;0;0
28/07/2018;21:43:00;255;Atropelamento sem Morte;438,1;BR-040/MG;Norte;Atropelamento de ciclista;1;1;0;0;0;0;0;0;0;0;5;0;1;0;0
28/07/2018;20:02:00;236;Acidente sem Vítima;627,5;BR-040/MG;Norte;Colisão traseira;2;0;0;0;0;0;0;0;0;0;2;0;0;0;0
28/07/2018;18:27:00;215;Acidente sem Vítima;552,2;BR-040/MG;Sul;Queda de Moto;0;0;0;1;0;0;0;0;0;0;1;0;0;0;0
28/07/2018;17:46:00;212;Acidente sem Vítima;0,1;BR-040/GO;Sul;Colisão traseira;4;0;0;0;0;0;0;0;0;0;4;0;0;0;0
28/07/2018;16:52:00;197;Acidente com Morte;566,8;BR-040/MG;Norte;Colisão frontal;4;0;0;0;0;0;0;0;0;0;7;1;2;1;1
28/07/2018;16:08:00;190;Acidente com Vítima;5;BR-040/GO;Sul;Queda de Moto;1;0;0;1;0;0;0;0;0;0;1;0;1;0;0
28/07/2018;11:53:00;136;Acidente sem Vítima;519,931;BR-040/MG;Norte;Colisão frontal;2;0;0;0;0;0;0;0;0;0;2;0;0;0;0
28/07/2018;04:24:00;30;Acidente sem Vítima;3,2;BR-040/GO;Norte;Capotamento;1;0;0;0;0;0;0;0;0;0;1;0;0;0;0
28/07/2018;02:27:00;19;Acidente sem Vítima;604,7;BR-040/MG;Norte;Atropelamento de animal;1;0;0;0;0;0;0;0;0;0;1;0;0;0;0
28/07/2018;01:11:00;7;Acidente sem Vítima;509,1;BR-040/MG;Norte;Capotamento;2;0;0;0;0;0;0;0;0;0;2;0;0;0;0
28/07/2018;00:45:00;5;Acidente sem Vítima;5,8;BR-040/DF;Norte;Capotamento;1;0;0;0;0;0;0;0;0;0;1;0;0;0;0
27/07/2018;22:49:00;339;Acidente com Vítima;5,2;BR-040/GO;Sul;Colisão traseira;2;0;0;0;0;0;0;0;0;0;7;1;0;0;0
27/07/2018;21:24:00;322;Acidente sem Vítima;525,1;BR-040/MG;Norte;Abalroamento longitudinal;1;0;1;0;0;0;0;0;0;0;2;0;0;0;0
27/07/2018;19:15:00;283;Acidente com Vítima;532,1;BR-040/MG;Sul;Queda de Moto;2;0;0;0;0;0;0;0;0;0;1;1;0;0;0
27/07/2018;18:50:00;274;Acidente sem Vítima;351,8;BR-040/MG;Norte;Colisão traseira;1;0;0;0;0;1;0;0;0;0;5;0;0;0;0
27/07/2018;16:28:00;238;Acidente sem Vítima;525,1;BR-040/MG;Norte;Abalroamento longitudinal;1;0;1;0;0;0;0;0;0;0;2;0;0;0;0
27/07/2018;16:05:00;226;Acidente sem Vítima;535,8;BR-040/MG;Norte;Colisão traseira;2;0;0;0;0;0;0;0;0;0;2;0;0;0;0
27/07/2018;13:13:00;175;Acidente com Vítima;532,1;BR-040/MG;Sul;Queda de Moto;0;0;0;1;0;0;0;0;0;0;1;1;0;0;0
27/07/2018;11:04:00;148;Acidente sem Vítima;15;BR-040/GO;Norte;Choque com objeto fixo;2;0;0;0;0;0;0;0;0;0;4;0;0;0;0
27/07/2018;10:59:00;146;Acidente com Vítima;770,3;BR-040/MG;Norte;Abalroamento longitudinal;2;0;1;0;0;0;0;0;0;0;3;1;0;0;0
27/07/2018;09:41:00;129;Acidente sem Vítima;750,7;BR-040/MG;Norte;Abalroamento longitudinal;1;0;1;0;0;0;0;0;0;0;4;0;0;0;0
27/07/2018;08:25:00;108;Acidente sem Vítima;468,1;BR-040/MG;Norte;Capotamento;1;0;0;0;0;0;0;0;0;0;1;0;0;0;0
27/07/2018;08:04:00;105;Acidente sem Vítima;4,4;BR-040/GO;Norte;Colisão traseira;2;0;0;0;0;0;0;0;0;0;5;0;0;0;0
27/07/2018;07:42:00;98;Acidente sem Vítima;551,15;BR-040/MG;Norte;Choque em veículo parado na pista;1;0;0;0;0;0;0;0;0;1;2;0;0;0;0
27/07/2018;07:32:00;95;Acidente sem Vítima;551,15;BR-040/MG;Norte;Colisão traseira;2;0;0;0;0;0;0;0;0;0;2;0;0;0;0
27/07/2018;04:15:00;66;Acidente sem Vítima;729,18;BR-040/MG;Sul;Colisão traseira;0;0;3;0;1;0;0;0;0;0;4;0;0;0;0