data;horario;n_da_ocorrencia;tipo_de_ocorrencia;km;trecho;sentido;tipo_de_acidente;automovel;bicicleta;caminhao;moto;onibus;outros;tracao_animal;transporte_de_cargas_especiais;trator_maquinas;utilitarios;ilesos;levemente_feridos;moderadamente_feridos;gravemente_feridos;mortos
10/07/2018;20:43:00;304;Acidente com Vítima;523,6;BR-040/MG;Sul;Abalroamento longitudinal;1;0;0;1;0;0;0;0;0;0;1;1;1;0;0
10/07/2018;18:48:00;274;Acidente sem Vítima;531,1;BR-040/MG;Sul;Colisão traseira;0;0;1;1;0;0;0;0;0;0;2;0;0;0;0
10/07/2018;18:17:00;267;Acidente com Vítima;730,01;BR-040/MG;Norte;Queda de Carga;0;0;1;0;0;0;0;0;0;0;0;0;2;1;0
10/07/2018;15:25:00;216;Acidente sem Vítima;63,5;BR-040/MG;Norte;Queda de Carga;1;0;0;0;0;0;0;0;0;0;2;0;0;0;0
10/07/2018;13:48:00;191;Acidente com Vítima;389;BR-040/MG;Norte;Choque com objeto fixo;1;0;0;0;0;0;0;0;0;0;0;1;0;0;0
10/07/2018;13:38:00;189;Acidente sem Vítima;474,7;BR-040/MG;Sul;Choque em defensa;0;0;1;0;0;0;0;0;0;0;1;0;0;0;0
10/07/2018;11:33:00;163;Acidente sem Vítima;16,7;BR-040/MG;Sul;Colisão traseira;2;0;0;0;0;0;0;0;0;0;4;0;0;0;0
10/07/2018;09:56:00;145;Acidente com Vítima;464,5;BR-040/MG;Norte;Choque em defensa;0;0;0;0;0;0;0;0;0;1;0;1;0;0;0
10/07/2018;09:09:00;134;Acidente com Vítima;145;BR-040/MG;Norte;Abalroamento transversal;2;0;0;0;0;0;0;0;0;0;4;1;1;0;0
10/07/2018;06:10:00;82;Acidente com Vítima;605;BR-040/MG;Norte;Queda de Moto;0;0;0;1;0;0;0;0;0;0;1;0;1;0;0
10/07/2018;06:01:00;80;Acidente com Vítima;7,1;BR-040/GO;Norte;Queda de Moto;1;0;0;1;0;0;0;0;0;0;2;1;0;0;0
10/07/2018;05:56:00;79;Acidente sem Vítima;570;BR-040/MG;Sul;Colisão traseira;0;0;2;0;0;0;0;0;0;0;2;0;0;0;0
09/07/2018;20:19:00;303;Acidente com Vítima;513,96;BR-040/MG;Sul;Queda de Moto;0;0;0;1;0;0;0;0;0;0;0;1;0;0;0
09/07/2018;18:10:00;271;Acidente sem Vítima;506,3;BR-040/MG;Sul;Colisão traseira;2;0;0;0;0;0;0;0;0;0;3;0;0;0;0
09/07/2018;16:43:00;253;Acidente sem Vítima;443,5;BR-040/MG;Sul;Capotamento;1;0;0;0;0;0;0;0;0;0;5;0;0;0;0
09/07/2018;16:03:00;240;Acidente sem Vítima;43,001;BR-040/MG;Norte;Colisão traseira;3;0;0;0;0;0;0;0;0;0;3;0;0;0;0
09/07/2018;14:01:00;208;Atropelamento sem Morte;7;BR-040/GO;Sul;Atropelamento de pedestre atravessando;1;0;0;0;0;0;0;0;0;0;1;1;0;0;0
09/07/2018;08:47:00;127;Acidente com Vítima;517,1;BR-040/MG;Sul;Queda de Moto;0;0;0;1;0;0;0;0;0;0;0;1;0;0;0
09/07/2018;06:34:00;86;Acidente com Vítima;515,1;BR-040/MG;Sul;Colisão traseira;0;0;1;1;0;0;0;0;0;0;2;1;0;0;0
09/07/2018;05:57:00;83;Acidente sem Vítima;700,132;BR-040/MG;Norte;Choque em barreira New Jersey;1;0;0;0;0;0;0;0;0;0;1;0;0;0;0
08/07/2018;23:30:00;261;Acidente sem Vítima;563,1;BR-040/MG;Sul;Colisão traseira;0;0;1;0;0;1;0;0;0;0;2;0;0;0;0
08/07/2018;21:08:00;247;Acidente com Vítima;8,4;BR-040/GO;Norte;Capotamento;1;0;0;0;0;0;0;0;0;0;1;0;0;0;0
08/07/2018;19:44:00;231;Acidente com Vítima;473,1;BR-040/MG;Sul;Queda de Moto;0;0;0;1;0;0;0;0;0;0;0;1;0;0;0
08/07/2018;18:15:00;199;Acidente sem Vítima;551;BR-040/MG;Norte;Colisão traseira;3;0;0;0;0;0;0;0;0;0;7;0;0;0;0
08/07/2018;17:42:00;186;Acidente sem Vítima;510,2;BR-040/MG;Sul;Colisão traseira;3;0;0;0;0;0;0;0;0;0;8;0;0;0;0
08/07/2018;16:42:00;171;Acidente sem Vítima;2;BR-040/GO;Norte;Colisão traseira;3;0;0;0;0;0;0;0;0;0;3;0;0;0;0
08/07/2018;16:39:00;170;Acidente com Vítima;0,8;BR-040/GO;Norte;Choque com objeto fixo;3;0;0;0;0;0;0;0;0;0;2;0;0;0;0
08/07/2018;16:04:00;157;Acidente sem Vítima;532,1;BR-040/MG;Sul;Queda de Moto;0;0;0;1;0;0;0;0;0;0;1;0;0;0;0
08/07/2018;14:19:00;126;Acidente sem Vítima;758,1;BR-040/MG;Norte;Abalroamento longitudinal;1;0;0;0;0;1;0;0;0;0;3;0;0;0;0
08/07/2018;14:00:00;124;Acidente sem Vítima;509,1;BR-040/MG;Norte;Abalroamento longitudinal;0;0;2;0;0;0;0;0;0;0;2;0;0;0;0
08/07/2018;11:47:00;94;Acidente sem Vítima;18,474;BR-040/GO;Sul;Capotamento;1;0;0;0;0;0;0;0;0;0;1;0;0;0;0
08/07/2018;09:00:00;56;Acidente com Vítima;526,1;BR-040/MG;Norte;Colisão frontal;1;0;0;1;0;0;0;0;0;0;2;1;0;0;0
08/07/2018;08:42:00;50;Acidente sem Vítima;546,1;BR-040/MG;Norte;Colisão traseira;2;0;0;0;0;0;0;0;0;0;2;0;0;0;0
08/07/2018;05:26:00;27;Acidente sem Vítima;628,4;BR-040/MG;Sul;Abalroamento transversal;2;0;0;0;0;0;0;0;0;0;2;0;0;0;0
08/07/2018;04:11:00;21;Acidente sem Vítima;521,1;BR-040/MG;Norte;Choque com objeto fixo;1;0;0;0;0;0;0;0;0;0;1;0;0;0;0
08/07/2018;01:00:00;7;Acidente com Vítima;7,1;BR-040/GO;Sul;Colisão traseira;1;0;0;1;0;0;0;0;0;0;1;1;0;0;0
07/07/2018;21:41:00;273;Atropelamento sem Morte;0,042;BR-040/GO;Norte;Atropelamento de pedestre atravessando;0;0;0;0;0;0;0;0;0;0;0;0;0;1;0
07/07/2018;20:04:00;255;Acidente com Vítima;1,5;BR-040/GO;Sul;Colisão traseira;2;0;0;0;0;0;0;0;0;0;5;1;0;0;0
07/07/2018;18:38:00;239;Acidente com Vítima;675,6;BR-040/MG;Sul;Choque com objeto fixo;0;0;1;0;0;0;0;0;0;0;0;1;0;0;0
07/07/2018;17:30:00;218;Acidente com Vítima;434,4;BR-040/MG;Norte;Abalroamento longitudinal;1;0;0;1;0;0;0;0;0;0;1;1;0;0;0
07/07/2018;16:05:00;192;Acidente sem Vítima;430,63;BR-040/MG;Sul;Atropelamento de animal;1;0;0;0;0;0;0;0;0;0;2;0;0;0;0
07/07/2018;15:17:00;176;Acidente com Vítima;2,9;BR-040/DF;Sul;Colisão traseira;2;0;0;0;0;1;0;0;0;0;3;2;0;0;0
07/07/2018;14:31:00;161;Acidente sem Vítima;457,252;BR-040/MG;Sul;Choque com objeto fixo;1;0;0;0;0;0;0;0;0;0;1;0;0;0;0
07/07/2018;09:54:00;108;Acidente com Vítima;5,1;BR-040/GO;Sul;Abalroamento longitudinal;2;0;0;0;0;0;0;0;0;0;1;0;1;0;0
07/07/2018;08:58:00;93;Atropelamento sem Morte;6,7;BR-040/GO;Sul;Atropelamento de pedestre atravessando;1;0;0;0;0;0;0;0;0;0;1;1;0;0;0
07/07/2018;07:50:00;75;Acidente sem Vítima;98,2;BR-040/GO;Norte;Choque com objeto fixo;1;0;0;0;0;0;0;0;0;0;1;0;0;0;0
07/07/2018;07:29:00;70;Acidente sem Vítima;570;BR-040/MG;Sul;Choque com objeto fixo;0;0;1;0;0;0;0;0;0;0;1;0;0;0;0
07/07/2018;06:31:00;56;Acidente sem Vítima;551,02;BR-040/MG;Norte;Choque em defensa;1;0;0;0;0;0;0;0;0;0;1;0;0;0;0
07/07/2018;04:11:00;46;Atropelamento sem Morte;7,8;BR-040/DF;Norte;Atropelamento de pedestre caminhando;0;0;0;0;0;0;0;0;0;0;0;1;0;0;0
07/07/2018;00:05:00;2;Acidente sem Vítima;537,1;BR-040/MG;Sul;Choque com objeto fixo;1;0;0;0;0;0;0;0;0;0;1;0;0;0;0
06/07/2018;23:40:00;322;Acidente com Vítima;3,4;BR-040/DF;Sul;Colisão traseira;3;0;0;0;0;0;0;0;0;0;1;2;0;0;0
06/07/2018;23:28:00;320;Acidente com Vítima;3,1;BR-040/GO;Sul;Colisão traseira;1;0;0;1;0;0;0;0;0;0;1;1;0;0;0
06/07/2018;23:14:00;318;Acidente com Vítima;538,1;BR-040/MG;Norte;Choque em barreira New Jersey;1;0;0;0;0;0;0;0;0;0;0;0;0;1;0
06/07/2018;23:10:00;317;Acidente sem Vítima;8,1;BR-040/GO;Norte;Abalroamento transversal;2;0;0;0;0;0;0;0;0;0;4;0;0;0;0
06/07/2018;22:38:00;311;Acidente sem Vítima;10,2;BR-040/GO;Norte;Choque com objeto fixo;1;0;0;0;0;0;0;0;0;0;3;0;0;0;0
06/07/2018;20:21:00;281;Acidente sem Vítima;534,1;BR-040/MG;Norte;Choque com objeto fixo;1;0;0;0;0;0;0;0;0;0;1;0;0;0;0
06/07/2018;18:20:00;252;Acidente sem Vítima;94,1;BR-040/GO;Norte;Queda de Moto;0;0;0;1;0;0;0;0;0;0;1;0;0;0;0
06/07/2018;16:08:00;227;Atropelamento sem Morte;507,08;BR-040/MG;Norte;Atropelamento de pedestre atravessando;1;0;0;0;0;0;0;0;0;0;3;0;1;0;0
06/07/2018;14:42:00;212;Acidente com Vítima;516,73;BR-040/MG;Norte;Queda de Moto;1;0;0;1;0;0;0;0;0;0;1;0;1;0;0
06/07/2018;14:17:00;200;Atropelamento sem Morte;4,8;BR-040/DF;Sul;Atropelamento de pedestre atravessando;1;0;0;1;0;0;0;0;0;0;1;0;1;0;0
06/07/2018;14:07:00;194;Acidente sem Vítima;510,15;BR-040/MG;Norte;Colisão traseira;3;0;0;0;0;0;0;0;0;0;3;0;0;0;0
06/07/2018;14:01:00;191;Acidente sem Vítima;537,15;BR-040/MG;Norte;Colisão traseira;1;0;0;0;1;0;0;0;0;0;2;0;0;0;0
06/07/2018;12:26:00;169;Acidente com Vítima;7,9;BR-040/GO;Norte;Abalroamento longitudinal;2;0;0;1;0;0;0;0;0;0;2;0;0;0;0
06/07/2018;11:27:00;155;Acidente sem Vítima;34;BR-040/MG;Norte;Choque com objeto fixo;1;0;0;0;0;0;0;0;0;0;2;0;0;0;0
06/07/2018;10:44:00;147;Acidente sem Vítima;12,8;BR-040/GO;Norte;Abalroamento longitudinal;2;0;0;0;0;0;0;0;0;0;2;0;0;0;0
06/07/2018;09:37:00;128;Acidente sem Vítima;535,15;BR-040/MG;Norte;Queda de Moto;0;0;0;1;0;0;0;0;0;0;1;0;0;0;0
06/07/2018;07:30:00;99;Acidente com Vítima;544;BR-040/MG;Sul;Choque com objeto fixo;1;0;0;0;0;0;0;0;0;0;0;0;1;0;0
06/07/2018;07:23:00;97;Acidente com Vítima;540,99;BR-040/MG;Sul;Queda de Moto;1;0;0;1;0;0;0;0;0;0;1;1;0;0;0
06/07/2018;07:22:00;98;Atropelamento sem Morte;6,5;BR-040/DF;Norte;Atropelamento de ciclista;1;1;0;0;0;0;0;0;0;0;1;0;1;0;0
06/07/2018;07:13:00;93;Acidente com Vítima;468,2;BR-040/MG;Norte;Colisão frontal;0;1;0;1;0;0;0;0;0;0;0;0;2;0;0
06/07/2018;07:13:00;94;Acidente com Vítima;360,65;BR-040/MG;Norte;Choque com objeto fixo;0;0;1;0;0;0;0;0;0;0;0;0;0;1;0
06/07/2018;07:09:00;91;Acidente com Vítima;36;BR-040/MG;Norte;Colisão traseira;1;0;0;1;0;0;0;0;0;0;1;1;0;0;0
06/07/2018;06:30:00;70;Acidente sem Vítima;500,65;BR-040/MG;Sul;Colisão traseira;0;0;2;0;0;0;0;0;0;0;2;0;0;0;0
06/07/2018;02:10:00;51;Acidente sem Vítima;416,8;BR-040/MG;Norte;Queda de Carga;0;0;1;0;0;0;0;0;0;0;1;0;0;0;0
06/07/2018;01:39:00;44;Acidente sem Vítima;716;BR-040/MG;Sul;Choque com objeto fixo;0;0;1;0;0;0;0;0;0;0;2;0;0;0;0
05/07/2018;21:05:00;298;Acidente com Vítima;277,9;BR-040/MG;Sul;Abalroamento longitudinal;2;0;0;0;0;0;0;0;0;0;2;0;2;0;0
05/07/2018;20:01:00;285;Acidente sem Vítima;516,1;BR-040/MG;Sul;Choque com objeto fixo;1;0;0;0;0;0;0;0;0;0;1;0;0;0;0
05/07/2018;19:16:00;274;Acidente sem Vítima;3;BR-040/GO;Sul;Queda de Moto;1;0;0;0;0;0;0;0;0;0;1;0;0;0;0
05/07/2018;18:25:00;254;Atropelamento sem Morte;0,1;BR-040/GO;Sul;Atropelamento de pedestre atravessando;0;0;0;1;0;0;0;0;0;0;0;1;0;0;0
05/07/2018;17:55:00;241;Acidente com Vítima;7,1;BR-040/GO;Sul;Colisão traseira;1;0;0;1;0;0;0;0;0;0;1;0;1;0;0
05/07/2018;16:30:00;218;Acidente sem Vítima;5;BR-040/GO;Sul;Abalroamento longitudinal;1;0;0;1;0;0;0;0;0;0;2;0;0;0;0
05/07/2018;15:30:00;198;Acidente sem Vítima;531,1;BR-040/MG;Sul;Colisão traseira;2;0;0;0;0;0;0;0;0;0;2;0;0;0;0
05/07/2018;12:38:00;168;Acidente sem Vítima;459,5;BR-040/MG;Sul;Choque com objeto fixo;1;0;0;0;0;0;0;0;0;0;1;0;0;0;0
05/07/2018;12:31:00;164;Acidente sem Vítima;572,649;BR-040/MG;Norte;Colisão traseira;2;0;0;0;0;0;0;0;0;0;2;0;0;0;0
05/07/2018;08:15:00;106;Acidente sem Vítima;540,5;BR-040/MG;Sul;Abalroamento longitudinal;0;0;0;0;0;1;0;0;0;1;2;0;0;0;0
05/07/2018;08:14:00;105;Acidente sem Vítima;4,2;BR-040/GO;Sul;Abalroamento longitudinal;1;0;0;1;0;0;0;0;0;0;2;0;0;0;0
05/07/2018;07:13:00;86;Acidente com Vítima;553,1;BR-040/MG;Norte;Capotamento;1;0;0;0;0;0;0;0;0;0;2;2;0;0;0
05/07/2018;07:13:00;87;Acidente sem Vítima;540,5;BR-040/MG;Sul;Colisão traseira;2;0;0;0;0;0;0;0;0;0;2;0;0;0;0
05/07/2018;07:12:00;89;Acidente sem Vítima;522,5;BR-040/MG;Sul;Colisão traseira;3;0;0;0;0;0;0;0;0;0;3;0;0;0;0
05/07/2018;06:42:00;82;Acidente com Vítima;153,001;BR-040/MG;Sul;Capotamento;0;0;1;0;0;0;0;0;0;0;0;0;1;0;0
05/07/2018;03:20:00;48;Acidente com Morte;157,3;BR-040/MG;Norte;Colisão frontal;2;0;0;0;0;0;0;0;0;0;0;0;2;1;1
05/07/2018;00:25:00;31;Acidente sem Vítima;518,05;BR-040/MG;Norte;Colisão traseira;0;0;2;0;0;0;0;0;0;0;2;0;0;0;0
04/07/2018;18:48:00;248;Acidente com Vítima;535,1;BR-040/MG;Norte;Queda de Moto;0;0;0;1;0;0;0;0;0;0;0;1;0;0;0
04/07/2018;18:02:00;239;Acidente com Vítima;3,41;BR-040/DF;Sul;Colisão traseira;1;0;0;1;0;0;0;0;0;0;1;1;0;0;0
04/07/2018;16:31:00;220;Acidente sem Vítima;487,1;BR-040/MG;Sul;Colisão traseira;1;0;1;0;0;0;0;0;0;0;2;0;0;0;0
04/07/2018;13:24:00;182;Acidente com Vítima;510,1;BR-040/MG;Norte;Colisão traseira;2;0;0;0;0;0;0;0;0;0;1;0;1;0;0
04/07/2018;13:15:00;178;Acidente com Vítima;0,4;BR-040/DF;Norte;Capotamento;1;0;0;0;0;0;0;0;0;0;1;0;1;0;0
04/07/2018;13:04:00;174;Acidente sem Vítima;90,5;BR-040/GO;Norte;Capotamento;1;0;0;0;0;0;0;0;0;0;1;0;0;0;0
04/07/2018;11:50:00;161;Acidente com Vítima;15,001;BR-040/GO;Sul;Colisão traseira;1;0;0;1;0;0;0;0;0;0;2;0;1;0;0
04/07/2018;09:45:00;137;Acidente sem Vítima;732,9;BR-040/MG;Sul;Choque em barreira New Jersey;1;0;0;0;0;0;0;0;0;0;2;0;0;0;0
04/07/2018;09:22:00;132;Acidente sem Vítima;3,001;BR-040/GO;Sul;Queda de Moto;0;0;0;1;0;0;0;0;0;0;1;0;0;0;0
04/07/2018;04:35:00;73;Acidente sem Vítima;729,1;BR-040/MG;Norte;Atropelamento de animal;0;0;1;0;0;0;0;0;0;0;1;0;0;0;0
03/07/2018;22:17:00;308;Acidente com Vítima;560,45;BR-040/MG;Sul;Queda de Moto;0;0;0;1;0;0;0;0;0;0;0;1;1;0;0
03/07/2018;20:18:00;290;Acidente com Vítima;506,1;BR-040/MG;Norte;Abalroamento longitudinal;1;0;0;1;0;0;0;0;0;0;1;0;1;0;0
03/07/2018;20:14:00;289;Acidente com Vítima;1,5;BR-040/DF;Sul;Abalroamento longitudinal;1;0;0;1;0;0;0;0;0;0;4;1;0;0;0
03/07/2018;19:05:00;268;Acidente com Vítima;639,9;BR-040/MG;Norte;Abalroamento transversal;2;0;0;0;0;0;0;0;0;0;4;1;1;0;0
03/07/2018;18:38:00;259;Acidente com Vítima;629,8;BR-040/MG;Sul;Colisão traseira;1;0;0;1;0;0;0;0;0;0;1;0;0;0;0
03/07/2018;15:53:00;221;Atropelamento sem Morte;0,3;BR-040/GO;Sul;Atropelamento de pedestre atravessando;0;0;0;1;0;0;0;0;0;0;2;0;1;0;0
03/07/2018;13:55:00;188;Acidente sem Vítima;523,57;BR-040/MG;Norte;Colisão traseira;2;0;0;0;0;0;0;0;0;0;3;0;0;0;0
03/07/2018;12:09:00;164;Acidente sem Vítima;561,88;BR-040/MG;Sul;Queda de Moto;0;0;0;1;0;0;0;0;0;0;1;0;0;0;0
03/07/2018;02:43:00;62;Acidente sem Vítima;4,1;BR-040/DF;Sul;Colisão traseira;2;0;0;0;0;0;0;0;0;0;2;0;0;0;0
02/07/2018;20:43:00;253;Acidente com Vítima;699,5;BR-040/MG;Norte;Choque com objeto fixo;1;0;0;0;0;0;0;0;0;0;0;1;0;0;0
02/07/2018;20:18:00;248;Acidente sem Vítima;536,1;BR-040/MG;Sul;Abalroamento longitudinal;1;0;0;0;0;0;0;0;0;1;2;0;0;0;0
02/07/2018;19:17:00;233;Acidente sem Vítima;293,8;BR-040/MG;Norte;Atropelamento de animal;1;0;0;0;0;0;0;0;0;0;3;0;0;0;0
02/07/2018;19:12:00;232;Atropelamento com Morte;685,1;BR-040/MG;Norte;Atropelamento de pedestre atravessando;1;0;0;0;0;0;0;0;0;0;1;0;0;0;1
02/07/2018;18:05:00;213;Acidente sem Vítima;2,2;BR-040/GO;Norte;Colisão traseira;2;0;0;0;0;0;0;0;0;0;4;0;0;0;0
02/07/2018;17:49:00;210;Acidente sem Vítima;460,1;BR-040/MG;Sul;Choque em defensa;0;0;1;0;0;0;0;0;0;0;1;0;0;0;0
02/07/2018;17:42:00;209;Acidente com Vítima;1,7;BR-040/GO;Sul;Colisão traseira;0;0;0;1;0;1;0;0;0;0;1;1;0;0;0
02/07/2018;16:52:00;195;Acidente sem Vítima;510,001;BR-040/MG;Sul;Colisão traseira;0;0;1;1;0;0;0;0;0;0;2;0;0;0;0
02/07/2018;13:36:00;140;Acidente sem Vítima;37;BR-040/MG;Norte;Colisão traseira;1;0;1;0;0;0;0;0;0;0;4;0;0;0;0
02/07/2018;09:05:00;88;Acidente com Vítima;476;BR-040/MG;Norte;Queda de Moto;0;0;0;1;0;0;0;0;0;0;0;0;2;0;0
01/07/2018;19:55:00;160;Atropelamento com Morte;699,3;BR-040/MG;Sul;Atropelamento de pedestre atravessando;0;0;0;1;0;0;0;0;0;0;1;0;0;0;1
01/07/2018;18:38:00;147;Acidente com Vítima;510,3;BR-040/MG;Sul;Colisão traseira;4;0;0;0;0;0;0;0;0;0;8;1;0;0;0
01/07/2018;18:35:00;146;Atropelamento sem Morte;616,85;BR-040/MG;Sul;Atropelamento de pedestre atravessando;1;0;0;0;0;0;0;0;0;0;1;0;1;0;0
01/07/2018;17:24:00;134;Acidente com Vítima;135,1;BR-040/GO;Norte;Capotamento;0;0;0;1;0;0;0;0;0;0;0;0;0;0;0
01/07/2018;15:42:00;109;Atropelamento sem Morte;6,9;BR-040/GO;Sul;Atropelamento de ciclista;1;0;0;0;0;0;0;0;0;0;1;1;0;0;0
01/07/2018;11:26:00;67;Acidente sem Vítima;603,9;BR-040/MG;Norte;Colisão traseira;2;0;0;0;0;0;0;0;0;0;7;0;0;0;0
01/07/2018;07:13:00;21;Acidente com Vítima;541,245;BR-040/MG;Sul;Choque em barreira New Jersey;1;0;0;0;0;0;0;0;0;0;0;1;3;0;0
01/07/2018;00:19:00;2;Acidente sem Vítima;511;BR-040/MG;Norte;Colisão frontal;2;0;0;0;0;0;0;0;0;0;2;0;0;0;0
31/08/2018;23:44:00;315;Acidente com Vítima;503,1;BR-040/MG;Sul;Outros;0;0;0;0;0;1;0;0;0;0;0;1;0;0;0
31/08/2018;22:59:00;305;Acidente sem Vítima;440,6;BR-040/MG;Sul;Abalroamento longitudinal;1;0;1;0;0;0;0;0;0;0;2;0;0;0;0
31/08/2018;21:27:00;284;Acidente com Vítima;528,5;BR-040/MG;Sul;Colisão traseira;1;0;0;1;0;0;0;0;0;0;1;1;0;0;0
31/08/2018;17:33:00;221;Acidente sem Vítima;523,1;BR-040/MG;Norte;Capotamento;1;0;0;0;0;1;0;0;0;0;2;0;0;0;0
31/08/2018;17:26:00;218;Acidente com Vítima;5,7;BR-040/DF;Sul;Abalroamento transversal;1;0;0;1;0;0;0;0;0;0;1;1;0;0;0
31/08/2018;17:04:00;212;Acidente sem Vítima;509,5;BR-040/MG;Sul;Abalroamento longitudinal;1;0;1;0;0;0;0;0;0;0;2;0;0;0;0
31/08/2018;13:31:00;163;Acidente sem Vítima;1,9;BR-040/GO;Sul;Colisão traseira;2;0;0;0;0;0;0;0;0;0;4;0;0;0;0
31/08/2018;08:00:00;102;Acidente com Vítima;537,1;BR-040/MG;Sul;Queda de Moto;0;0;0;1;0;0;0;0;0;0;0;0;2;0;0
31/08/2018;07:48:00;98;Acidente sem Vítima;521,1;BR-040/MG;Sul;Colisão traseira;0;0;2;0;0;0;0;0;0;0;2;0;0;0;0
31/08/2018;07:22:00;79;Acidente com Vítima;523,1;BR-040/MG;Sul;Colisão traseira;1;0;0;1;0;0;0;0;0;0;1;0;1;0;0
31/08/2018;06:16:00;62;Acidente com Vítima;512,1;BR-040/MG;Sul;Colisão traseira;2;0;0;0;0;0;0;0;0;0;1;1;0;0;0
30/08/2018;23:37:00;285;Acidente sem Vítima;386,4;BR-040/MG;Sul;Outros;0;0;2;0;0;0;0;0;0;0;2;0;0;0;0
30/08/2018;23:28:00;283;Acidente com Vítima;442;BR-040/MG;Norte;Colisão traseira;0;0;2;0;0;0;0;0;0;0;1;0;0;1;0
30/08/2018;21:36:00;268;Acidente sem Vítima;54,5;BR-040/MG;Sul;Queda de Carga;0;0;1;0;0;0;0;0;0;0;1;0;0;0;0
30/08/2018;19:14:00;239;Acidente sem Vítima;538,5;BR-040/MG;Sul;Colisão traseira;2;0;0;0;0;0;0;0;0;0;2;0;0;0;0
30/08/2018;18:00:00;215;Acidente com Vítima;614,428;BR-040/MG;Sul;Colisão frontal;2;0;0;0;0;0;0;0;0;0;0;0;5;1;0
30/08/2018;17:40:00;213;Acidente sem Vítima;68,7;BR-040/MG;Sul;Abalroamento longitudinal;2;0;0;0;0;0;0;0;0;0;2;0;0;0;0
30/08/2018;09:45:00;135;Acidente sem Vítima;439,95;BR-040/MG;Sul;Capotamento;1;0;0;0;0;0;0;0;0;0;1;0;0;0;0
30/08/2018;09:20:00;128;Acidente sem Vítima;0,5;BR-040/GO;Sul;Colisão traseira;2;0;0;0;0;0;0;0;0;0;2;0;0;0;0
30/08/2018;08:13:00;117;Acidente sem Vítima;623,659;BR-040/MG;Norte;Choque com objeto fixo;1;0;0;0;0;0;0;0;0;0;2;0;0;0;0
30/08/2018;07:36:00;106;Acidente com Vítima;2,5;BR-040/GO;Norte;Abalroamento longitudinal;1;0;0;1;0;0;0;0;0;0;1;1;0;1;0
30/08/2018;03:09:00;73;Acidente com Morte;39,5;BR-040/GO;Sul;Queda de Carga;0;0;1;0;0;0;0;0;0;0;0;0;0;0;1
29/08/2018;22:38:00;291;Acidente sem Vítima;245,3;BR-040/MG;Sul;Choque com objeto fixo;0;0;1;0;0;0;0;0;0;0;1;0;0;0;0
29/08/2018;19:56:00;266;Acidente sem Vítima;537,2;BR-040/MG;Norte;Abalroamento longitudinal;1;0;1;0;0;0;0;0;0;0;2;0;0;0;0
29/08/2018;18:47:00;251;Acidente sem Vítima;538;BR-040/MG;Norte;Colisão traseira;1;0;0;0;0;0;0;0;0;1;9;0;0;0;0
29/08/2018;18:34:00;248;Acidente sem Vítima;601,1;BR-040/MG;Norte;Abalroamento longitudinal;1;0;1;0;0;0;0;0;0;0;5;0;0;0;0
29/08/2018;11:09:00;142;Acidente sem Vítima;727,05;BR-040/MG;Sul;Capotamento;0;0;1;0;0;0;0;0;0;0;1;0;0;0;0
29/08/2018;10:39:00;133;Atropelamento com Morte;13;BR-040/GO;Norte;Atropelamento de pedestre atravessando;1;0;0;0;0;0;0;0;0;0;0;0;0;0;1
29/08/2018;09:43:00;113;Acidente sem Vítima;728,319;BR-040/MG;Sul;Choque em barreira New Jersey;1;0;1;0;0;0;0;0;0;0;2;0;0;0;0
29/08/2018;09:30:00;110;Acidente sem Vítima;717,319;BR-040/MG;Norte;Choque com objeto fixo;1;0;0;0;0;0;0;0;0;0;1;0;0;0;0
29/08/2018;09:16:00;103;Acidente com Vítima;3,4;BR-040/DF;Norte;Abalroamento longitudinal;1;0;0;1;0;0;0;0;0;0;2;1;0;0;0
29/08/2018;08:21:00;89;Acidente sem Vítima;4,9;BR-040/DF;Norte;Colisão traseira;1;0;0;1;0;0;0;0;0;0;2;0;0;0;0
29/08/2018;07:30:00;78;Acidente sem Vítima;532,5;BR-040/MG;Sul;Colisão traseira;2;0;0;0;0;0;0;0;0;0;2;0;0;0;0
29/08/2018;01:46:00;11;Acidente sem Vítima;601;BR-040/MG;Sul;Atropelamento de animal;0;0;0;0;1;0;0;0;0;0;10;0;0;0;0
28/08/2018;21:38:00;285;Acidente com Vítima;588;BR-040/MG;Sul;Queda de Carga;0;0;2;0;0;0;0;0;0;0;1;0;0;1;0
28/08/2018;12:39:00;175;Acidente sem Vítima;534,2;BR-040/MG;Norte;Choque com objeto fixo;1;0;0;0;0;0;0;0;0;0;1;0;0;0;0
28/08/2018;10:55:00;153;Acidente sem Vítima;526,2;BR-040/MG;Norte;Abalroamento longitudinal;1;0;1;0;0;0;0;0;0;0;2;0;0;0;0
28/08/2018;08:50:00;121;Acidente sem Vítima;529,24;BR-040/MG;Sul;Choque em defensa;2;0;0;0;0;0;0;0;0;0;2;0;0;0;0
28/08/2018;07:23:00;91;Acidente sem Vítima;717;BR-040/MG;Norte;Choque em defensa;1;0;0;0;0;0;0;0;0;0;1;0;0;0;0
28/08/2018;05:35:00;65;Acidente com Vítima;679,7;BR-040/MG;Norte;Choque com objeto fixo;1;0;0;0;0;0;0;0;0;0;0;1;0;0;0