data;horario;n_da_ocorrencia;tipo_de_ocorrencia;km;trecho;sentido;tipo_de_acidente;automovel;bicicleta;caminhao;moto;onibus;outros;tracao_animal;transporte_de_cargas_especiais;trator_maquinas;utilitarios;ilesos;levemente_feridos;moderadamente_feridos;gravemente_feridos;mortos
27/08/2018;21:32:00;308;Acidente sem Vítima;660,85;BR-040/MG;Sul;Queda de Carga;0;0;1;0;0;0;0;0;0;0;1;0;0;0;0
27/08/2018;17:41:00;255;Acidente sem Vítima;134,2;BR-040/MG;Sul;Outros;0;0;1;0;0;0;0;0;0;0;1;0;0;0;0
27/08/2018;17:38:00;251;Acidente com Morte;433,57;BR-040/MG;Norte;Capotamento;1;0;0;0;0;0;0;0;0;0;0;1;0;1;1
27/08/2018;17:16:00;245;Acidente com Vítima;517,12;BR-040/MG;Sul;Choque com objeto fixo;0;0;1;0;0;0;0;0;0;0;1;0;0;1;0
27/08/2018;13:59:00;190;Atropelamento sem Morte;453,8;BR-040/MG;Norte;Atropelamento de pedestre caminhando;1;0;0;0;0;0;0;0;0;0;1;0;1;0;0
27/08/2018;12:33:00;173;Acidente com Vítima;536,85;BR-040/MG;Sul;Colisão traseira;1;0;1;0;0;0;0;0;0;0;1;0;0;0;0
27/08/2018;09:22:00;116;Acidente sem Vítima;532,2;BR-040/MG;Sul;Colisão traseira;1;0;0;1;0;0;0;0;0;0;2;0;0;0;0
27/08/2018;07:52:00;83;Acidente com Vítima;543,85;BR-040/MG;Sul;Queda de Moto;0;0;0;1;0;0;0;0;0;0;0;0;1;0;0
27/08/2018;07:47:00;75;Acidente com Vítima;486,5;BR-040/MG;Norte;Queda de Moto;0;0;0;1;0;0;0;0;0;0;0;0;2;0;0
27/08/2018;05:04:00;40;Acidente sem Vítima;6;BR-040/GO;Sul;Choque em barreira New Jersey;1;0;0;0;0;0;0;0;0;0;1;0;0;0;0
27/08/2018;00:55:00;17;Acidente com Vítima;739,935;BR-040/MG;Norte;Choque em defensa;0;0;1;0;0;0;0;0;0;0;0;1;0;0;0
26/08/2018;22:08:00;238;Acidente sem Vítima;501;BR-040/MG;Sul;Colisão traseira;2;0;0;0;0;0;0;0;0;0;2;0;0;0;0
26/08/2018;21:57:00;235;Acidente sem Vítima;705,022;BR-040/MG;Norte;Choque em barreira New Jersey;1;0;0;0;0;0;0;0;0;0;1;0;0;0;0
26/08/2018;21:21:00;226;Atropelamento sem Morte;2,1;BR-040/GO;Sul;Atropelamento de ciclista;1;1;0;0;0;0;0;0;0;0;2;0;0;0;0
26/08/2018;19:14:00;195;Acidente sem Vítima;504,4;BR-040/MG;Sul;Choque com objeto fixo;1;0;0;0;0;0;0;0;0;0;1;0;0;0;0
26/08/2018;19:03:00;189;Acidente com Morte;612,5;BR-040/MG;Sul;Abalroamento longitudinal;1;0;1;0;0;0;0;0;0;0;1;0;0;0;1
26/08/2018;18:37:00;179;Acidente sem Vítima;507,85;BR-040/MG;Sul;Choque com objeto fixo;1;0;0;0;0;0;0;0;0;0;2;0;0;0;0
26/08/2018;17:47:00;168;Acidente sem Vítima;531,8;BR-040/MG;Sul;Abalroamento longitudinal;1;0;0;1;0;0;0;0;0;0;2;0;0;0;0
26/08/2018;16:28:00;146;Acidente sem Vítima;462,35;BR-040/MG;Sul;Colisão traseira;2;0;1;0;0;0;0;0;0;0;3;0;0;0;0
26/08/2018;13:39:00;98;Acidente sem Vítima;513;BR-040/MG;Norte;Capotamento;1;0;0;0;0;0;0;0;0;0;1;0;0;0;0
26/08/2018;13:18:00;95;Acidente sem Vítima;472,8;BR-040/MG;Sul;Choque em defensa;1;0;0;0;0;1;0;0;0;0;2;0;0;0;0
26/08/2018;09:19:00;60;Acidente sem Vítima;543;BR-040/MG;Norte;Abalroamento longitudinal;1;0;0;1;0;0;0;0;0;0;3;0;0;0;0
26/08/2018;02:48:00;18;Acidente com Vítima;1;BR-040/GO;Sul;Queda de Moto;1;0;0;0;0;0;0;0;0;0;0;2;0;0;0
26/08/2018;02:07:00;17;Acidente com Vítima;611,413;BR-040/MG;Norte;Capotamento;1;0;0;0;0;0;0;0;0;0;0;2;0;0;0
25/08/2018;21:40:00;254;Acidente com Vítima;9;BR-040/GO;Sul;Colisão traseira;2;0;0;0;0;0;0;0;0;0;0;0;0;1;0
25/08/2018;20:46:00;243;Acidente com Vítima;277;BR-040/MG;Norte;Capotamento;1;0;0;0;0;0;0;0;0;0;0;0;0;0;0
25/08/2018;20:36:00;242;Acidente sem Vítima;4,2;BR-040/GO;Norte;Colisão traseira;2;0;0;0;0;0;0;0;0;0;2;0;0;0;0
25/08/2018;18:38:00;202;Acidente sem Vítima;444,02;BR-040/MG;Sul;Queda de Carga;0;0;1;0;0;0;0;0;0;0;1;0;0;0;0
25/08/2018;17:13:00;184;Acidente com Vítima;0,8;BR-040/GO;Norte;Abalroamento longitudinal;1;0;0;1;0;0;0;0;0;0;1;2;0;0;0
25/08/2018;13:53:00;135;Acidente sem Vítima;527;BR-040/MG;Sul;Outros;1;0;0;0;0;0;0;0;0;0;1;0;0;0;0
25/08/2018;11:06:00;101;Acidente sem Vítima;2,8;BR-040/GO;Sul;Colisão traseira;2;0;0;0;0;0;0;0;0;0;4;0;0;0;0
25/08/2018;10:31:00;91;Acidente com Vítima;506;BR-040/MG;Sul;Abalroamento longitudinal;2;0;0;0;0;0;0;0;0;0;4;2;0;0;0
25/08/2018;08:50:00;69;Acidente com Vítima;6,4;BR-040/GO;Sul;Colisão traseira;1;0;0;1;0;0;0;0;0;0;1;1;0;0;0
25/08/2018;08:42:00;66;Acidente com Vítima;549;BR-040/MG;Sul;Colisão traseira;1;1;0;0;0;0;0;0;0;0;1;1;0;0;0
25/08/2018;06:16:00;28;Acidente sem Vítima;530;BR-040/MG;Norte;Capotamento;1;0;0;0;0;0;0;0;0;0;3;0;0;0;0
25/08/2018;04:53:00;25;Acidente sem Vítima;614,5;BR-040/MG;Norte;Queda de Carga;0;0;1;0;0;0;0;0;0;0;1;0;0;0;0
24/08/2018;16:42:00;235;Acidente sem Vítima;556,3;BR-040/MG;Sul;Colisão traseira;2;0;0;0;1;0;0;0;0;0;3;0;0;0;0
24/08/2018;16:21:00;226;Acidente com Vítima;10;BR-040/GO;Norte;Abalroamento longitudinal;2;0;0;0;0;0;0;0;0;0;1;1;0;0;0
24/08/2018;16:17:00;223;Acidente sem Vítima;465,3;BR-040/MG;Norte;Colisão traseira;2;0;0;0;0;0;0;0;0;0;2;0;0;0;0
24/08/2018;14:57:00;195;Acidente sem Vítima;599;BR-040/MG;Sul;Choque com objeto fixo;2;0;0;0;0;0;0;0;0;0;3;0;0;0;0
24/08/2018;14:40:00;191;Acidente sem Vítima;1,9;BR-040/GO;Sul;Colisão traseira;3;0;0;0;0;0;0;0;0;0;3;0;0;0;0
24/08/2018;10:49:00;134;Acidente sem Vítima;536,1;BR-040/MG;Norte;Colisão traseira;1;0;0;1;0;0;0;0;0;0;2;0;0;0;0
24/08/2018;09:40:00;108;Acidente sem Vítima;533,1;BR-040/MG;Norte;Abalroamento longitudinal;2;0;0;0;0;0;0;0;0;0;2;0;0;0;0
24/08/2018;08:12:00;77;Acidente sem Vítima;533,1;BR-040/MG;Norte;Abalroamento longitudinal;1;0;1;0;0;0;0;0;0;0;2;0;0;0;0
24/08/2018;06:24:00;62;Acidente sem Vítima;632;BR-040/MG;Norte;Choque com objeto fixo;1;0;0;0;0;0;0;0;0;0;3;0;0;0;0
24/08/2018;05:51:00;53;Acidente com Morte;739,56;BR-040/MG;Norte;Colisão frontal;0;0;2;0;0;1;0;0;0;0;2;0;0;0;1
23/08/2018;23:12:00;318;Acidente sem Vítima;403,8;BR-040/MG;Norte;Choque com objeto fixo;1;0;0;0;0;0;0;0;0;0;4;0;0;0;0
23/08/2018;22:22:00;311;Atropelamento sem Morte;2,5;BR-040/GO;Norte;Atropelamento de pedestre atravessando;0;0;0;1;0;0;0;0;0;0;0;1;0;1;0
23/08/2018;21:06:00;290;Acidente sem Vítima;0,1;BR-040/GO;Sul;Queda de Moto;0;0;0;1;0;0;0;0;0;0;1;0;0;0;0
23/08/2018;19:50:00;278;Acidente sem Vítima;95,6;BR-040/GO;Norte;Choque com objeto fixo;0;0;1;0;0;0;0;0;0;0;1;0;0;0;0
23/08/2018;13:29:00;187;Acidente sem Vítima;542,9;BR-040/MG;Norte;Queda de Moto;1;0;0;1;0;0;0;0;0;0;2;0;0;0;0
23/08/2018;11:03:00;155;Acidente sem Vítima;657,5;BR-040/MG;Norte;Queda de Carga;0;0;1;0;0;0;0;0;0;0;1;0;0;0;0
23/08/2018;08:34:00;110;Acidente sem Vítima;2,9;BR-040/GO;Sul;Capotamento;2;0;0;0;0;0;0;0;0;0;2;0;0;0;0
23/08/2018;06:42:00;84;Acidente com Vítima;18,8;BR-040/GO;Sul;Queda de Moto;0;0;0;1;0;0;0;0;0;0;0;0;1;0;0
23/08/2018;06:20:00;78;Acidente sem Vítima;20;BR-040/MG;Sul;Choque com objeto fixo;1;0;0;0;0;0;0;0;0;0;1;0;0;0;0
22/08/2018;23:44:00;294;Acidente com Vítima;625,253;BR-040/MG;Norte;Abalroamento transversal;1;0;1;0;0;0;0;0;0;0;2;0;2;0;0
22/08/2018;22:17:00;287;Acidente com Vítima;534,6;BR-040/MG;Sul;Colisão traseira;2;0;0;0;0;0;0;0;0;0;4;1;0;0;0
22/08/2018;19:39:00;251;Acidente sem Vítima;511;BR-040/MG;Norte;Abalroamento longitudinal;2;0;0;0;0;0;0;0;0;0;4;0;0;0;0
22/08/2018;18:49:00;243;Acidente sem Vítima;536;BR-040/MG;Norte;Colisão traseira;1;0;0;1;0;0;0;0;0;0;2;0;0;0;0
22/08/2018;15:27:00;196;Acidente com Vítima;577,209;BR-040/MG;Norte;Colisão frontal;2;0;0;0;0;0;0;0;0;0;0;1;3;1;0
22/08/2018;14:48:00;187;Acidente com Vítima;537,8;BR-040/MG;Sul;Colisão traseira;1;0;0;1;0;0;0;0;0;0;2;1;0;0;0
22/08/2018;10:03:00;128;Atropelamento sem Morte;7,1;BR-040/GO;Sul;Atropelamento de ciclista;0;1;0;0;0;0;0;0;0;0;0;1;0;0;0
22/08/2018;08:04:00;94;Acidente sem Vítima;424;BR-040/MG;Norte;Atropelamento de animal;1;0;0;0;0;0;0;0;0;0;1;0;0;0;0
22/08/2018;07:59:00;93;Acidente sem Vítima;1,7;BR-040/GO;Sul;Colisão traseira;2;0;0;0;0;0;0;0;0;0;2;0;0;0;0
22/08/2018;06:10:00;74;Acidente sem Vítima;323,9;BR-040/MG;Sul;Atropelamento de animal;1;0;0;0;0;0;0;0;0;0;1;0;0;0;0
21/08/2018;19:50:00;259;Acidente sem Vítima;523,06;BR-040/MG;Norte;Choque com objeto fixo;1;0;0;0;0;0;0;0;0;0;1;0;0;0;0
21/08/2018;19:25:00;253;Acidente com Vítima;2,4;BR-040/DF;Sul;Colisão traseira;1;0;1;1;0;0;0;0;0;0;2;0;1;0;0
21/08/2018;18:29:00;240;Acidente com Vítima;43,2;BR-040/MG;Sul;Abalroamento transversal;1;0;0;1;0;0;0;0;0;0;1;1;0;0;0
21/08/2018;18:02:00;230;Acidente sem Vítima;44,15;BR-040/MG;Norte;Abalroamento longitudinal;0;0;0;1;1;0;0;0;0;0;2;0;0;0;0
21/08/2018;17:03:00;222;Acidente sem Vítima;348,35;BR-040/MG;Sul;Abalroamento longitudinal;1;0;1;0;0;0;0;0;0;0;2;0;0;0;0
21/08/2018;12:25:00;165;Atropelamento sem Morte;12,9;BR-040/GO;Norte;Atropelamento de ciclista;0;1;0;1;0;0;0;0;0;0;0;0;0;0;0
21/08/2018;10:15:00;134;Acidente sem Vítima;115,1;BR-040/MG;Sul;Abalroamento longitudinal;1;0;1;0;0;0;0;0;0;0;5;0;0;0;0
21/08/2018;09:54:00;127;Acidente sem Vítima;673,31;BR-040/MG;Sul;Abalroamento transversal;2;0;0;0;0;0;0;0;0;0;2;0;0;0;0
21/08/2018;08:37:00;104;Acidente sem Vítima;510;BR-040/MG;Sul;Abalroamento longitudinal;0;0;0;2;0;0;0;0;0;0;2;0;0;0;0
21/08/2018;06:56:00;77;Acidente com Vítima;516,8;BR-040/MG;Sul;Abalroamento longitudinal;1;0;0;1;0;0;0;0;0;0;2;1;0;0;0
21/08/2018;06:26:00;57;Acidente com Vítima;534,16;BR-040/MG;Sul;Capotamento;1;0;1;0;0;0;0;0;0;0;2;1;0;0;0
21/08/2018;05:49:00;52;Acidente com Vítima;517,2;BR-040/MG;Norte;Atropelamento de animal;0;0;0;1;0;0;0;0;0;0;2;2;0;0;0
21/08/2018;05:47:00;51;Acidente sem Vítima;536,005;BR-040/MG;Norte;Atropelamento de animal;1;0;0;0;0;0;0;0;0;0;1;0;0;0;0
21/08/2018;04:28:00;34;Acidente sem Vítima;513,5;BR-040/MG;Sul;Atropelamento de animal;0;0;1;0;0;0;0;0;0;0;1;0;0;0;0
21/08/2018;01:09:00;5;Acidente sem Vítima;457,1;BR-040/MG;Norte;Choque com objeto fixo;1;0;0;0;0;0;0;0;0;0;1;0;0;0;0
20/08/2018;23:58:00;333;Acidente sem Vítima;139,1;BR-040/MG;Sul;Atropelamento de animal;0;0;1;0;0;0;0;0;0;0;1;0;0;0;0
20/08/2018;22:06:00;320;Acidente com Vítima;65,1;BR-040/GO;Sul;Queda de Moto;0;0;0;1;0;0;0;0;0;0;1;0;1;0;0
20/08/2018;20:23:00;303;Acidente sem Vítima;513,1;BR-040/MG;Norte;Abalroamento longitudinal;2;0;0;0;0;0;0;0;0;0;2;0;0;0;0
20/08/2018;20:02:00;297;Acidente sem Vítima;26,1;BR-040/GO;Sul;Atropelamento de animal;0;0;0;1;0;0;0;0;0;0;1;0;0;0;0
20/08/2018;19:26:00;288;Acidente com Vítima;5,2;BR-040/GO;Sul;Abalroamento transversal;1;0;0;1;0;0;0;0;0;0;1;2;0;0;0
20/08/2018;18:03:00;265;Acidente com Vítima;518,1;BR-040/MG;Norte;Abalroamento longitudinal;1;0;0;1;0;0;0;0;0;0;1;2;0;0;0
20/08/2018;17:34:00;258;Atropelamento sem Morte;4,8;BR-040/DF;Sul;Atropelamento de pedestre caminhando;0;0;0;1;0;0;0;0;0;0;0;1;0;0;0
20/08/2018;12:30:00;183;Acidente com Vítima;2,2;BR-040/GO;Norte;Colisão traseira;1;0;0;1;0;0;0;0;0;0;2;1;0;0;0
20/08/2018;10:08:00;134;Acidente sem Vítima;135,9;BR-040/MG;Sul;Atropelamento de animal;1;0;0;0;0;0;0;0;0;0;2;0;0;0;0
20/08/2018;09:41:00;128;Acidente sem Vítima;544,4;BR-040/MG;Norte;Colisão traseira;1;0;1;0;0;0;0;0;0;0;2;0;0;0;0
20/08/2018;08:57:00;115;Acidente com Vítima;540,8;BR-040/MG;Norte;Colisão traseira;8;0;1;0;0;0;0;0;0;0;9;1;0;0;0
20/08/2018;06:38:00;74;Acidente com Vítima;529,1;BR-040/MG;Sul;Colisão traseira;1;0;0;2;0;0;0;0;0;0;2;0;1;0;0
20/08/2018;00:42:00;9;Acidente sem Vítima;583,943;BR-040/MG;Norte;Choque em defensa;1;0;0;0;0;0;0;0;0;0;1;0;0;0;0
19/08/2018;23:30:00;300;Acidente com Morte;539,1;BR-040/MG;Norte;Choque com objeto fixo;1;0;1;0;0;0;0;0;0;0;0;0;2;0;1
19/08/2018;20:43:00;263;Acidente com Vítima;351,2;BR-040/MG;Sul;Choque com objeto fixo;1;0;0;0;0;0;0;0;0;0;0;1;0;0;0
19/08/2018;19:10:00;241;Atropelamento sem Morte;8,4;BR-040/GO;Sul;Atropelamento de pedestre caminhando;1;0;0;0;0;0;0;0;0;0;1;0;1;0;0
19/08/2018;19:08:00;240;Acidente com Vítima;547,2;BR-040/MG;Norte;Capotamento;1;0;0;0;0;0;0;0;0;0;0;0;2;0;0
19/08/2018;18:52:00;230;Acidente com Morte;27,5;BR-040/GO;Sul;Choque com objeto fixo;1;0;0;0;0;0;0;0;0;0;1;0;0;1;1
19/08/2018;17:07:00;201;Acidente sem Vítima;511,1;BR-040/MG;Sul;Colisão traseira;2;0;0;0;0;0;0;0;0;0;5;0;0;0;0
19/08/2018;16:35:00;190;Acidente com Vítima;665,1;BR-040/MG;Norte;Abalroamento transversal;2;0;0;0;0;0;0;0;0;0;2;0;1;0;0
19/08/2018;13:40:00;143;Acidente com Vítima;588;BR-040/MG;Norte;Abalroamento transversal;1;0;0;1;0;0;0;0;0;0;1;1;0;0;0
19/08/2018;12:33:00;124;Acidente sem Vítima;523,1;BR-040/MG;Sul;Abalroamento longitudinal;1;0;1;0;0;0;0;0;0;0;2;0;0;0;0
19/08/2018;09:55:00;80;Acidente sem Vítima;6,3;BR-040/DF;Norte;Choque com objeto fixo;1;0;0;0;0;0;0;0;0;0;1;0;0;0;0
19/08/2018;07:46:00;47;Acidente sem Vítima;717,4;BR-040/MG;Sul;Choque com objeto fixo;1;0;0;0;0;0;0;0;0;0;2;0;0;0;0
19/08/2018;03:25:00;15;Acidente com Vítima;535,1;BR-040/MG;Sul;Choque com objeto fixo;1;0;0;0;0;0;0;0;0;0;1;0;0;0;0
18/08/2018;23:19:00;261;Acidente sem Vítima;138,9;BR-040/MG;Norte;Capotamento;1;0;0;0;0;0;0;0;0;0;1;0;0;0;0
18/08/2018;11:38:00;116;Acidente sem Vítima;544;BR-040/MG;Norte;Choque com objeto fixo;1;0;0;0;0;0;0;0;0;0;1;0;0;0;0
18/08/2018;09:39:00;86;Acidente com Vítima;18,001;BR-040/MG;Norte;Colisão traseira;2;0;0;0;0;0;0;0;0;0;3;1;0;0;0
18/08/2018;09:35:00;85;Acidente sem Vítima;532,801;BR-040/MG;Norte;Abalroamento longitudinal;1;0;1;0;0;0;0;0;0;0;2;0;0;0;0
18/08/2018;05:01:00;37;Acidente sem Vítima;546;BR-040/MG;Sul;Choque com objeto fixo;1;0;0;0;0;0;0;0;0;0;1;0;0;0;0
18/08/2018;04:55:00;36;Acidente sem Vítima;460;BR-040/MG;Norte;Choque em defensa;1;0;0;0;0;0;0;0;0;0;1;0;0;0;0
18/08/2018;03:56:00;26;Acidente sem Vítima;473,7;BR-040/MG;Sul;Capotamento;1;0;0;0;0;0;0;0;0;0;1;0;0;0;0
18/08/2018;00:45:00;6;Acidente sem Vítima;567;BR-040/MG;Sul;Abalroamento longitudinal;2;0;1;0;0;1;0;0;0;0;4;0;0;0;0
17/08/2018;23:50:00;334;Acidente sem Vítima;190,6;BR-040/MG;Norte;Choque com objeto fixo;1;0;0;0;0;0;0;0;0;0;1;0;0;0;0
17/08/2018;22:16:00;324;Atropelamento sem Morte;682,034;BR-040/MG;Sul;Atropelamento de pedestre caminhando;0;0;1;0;0;0;0;0;0;0;1;1;0;0;0
17/08/2018;21:39:00;319;Acidente sem Vítima;760,95;BR-040/MG;Norte;Abalroamento longitudinal;2;0;0;0;0;0;0;0;0;0;6;0;0;0;0
17/08/2018;21:00:00;312;Atropelamento sem Morte;145,5;BR-040/MG;Norte;Atropelamento de ciclista;1;1;0;0;0;0;0;0;0;0;1;0;1;0;0
17/08/2018;19:34:00;294;Acidente sem Vítima;567,1;BR-040/MG;Norte;Queda de Carga;1;0;0;0;0;0;0;0;0;0;1;0;0;0;0
17/08/2018;19:07:00;288;Acidente com Morte;106;BR-040/MG;Norte;Abalroamento longitudinal;1;0;1;0;0;0;0;0;0;0;1;0;1;1;2
17/08/2018;17:37:00;261;Acidente com Vítima;563;BR-040/MG;Sul;Capotamento;1;0;0;0;0;0;0;0;0;0;2;0;3;0;0
17/08/2018;17:33:00;260;Acidente com Vítima;512,7;BR-040/MG;Norte;Colisão traseira;2;0;0;0;0;0;0;0;0;0;2;0;1;0;0
17/08/2018;17:29:00;259;Atropelamento sem Morte;515;BR-040/MG;Norte;Atropelamento de pedestre caminhando;0;0;0;0;0;0;0;0;0;0;0;0;0;0;0
17/08/2018;17:14:00;254;Acidente com Morte;729,549;BR-040/MG;Sul;Choque em barreira New Jersey;0;0;1;0;0;0;0;0;0;0;0;0;0;0;1
17/08/2018;16:53:00;248;Acidente com Vítima;642,254;BR-040/MG;Norte;Colisão frontal;2;0;0;0;0;0;0;0;0;0;1;0;0;0;0
17/08/2018;16:44:00;244;Acidente sem Vítima;511,85;BR-040/MG;Norte;Abalroamento longitudinal;2;0;0;0;0;0;0;0;0;0;2;0;0;0;0
17/08/2018;16:43:00;243;Acidente sem Vítima;563;BR-040/MG;Norte;Abalroamento longitudinal;1;0;1;0;0;0;0;0;0;0;2;0;0;0;0
17/08/2018;16:38:00;242;Acidente sem Vítima;567;BR-040/MG;Norte;Outros;1;0;0;0;0;0;0;0;0;0;1;0;0;0;0
17/08/2018;16:26:00;237;Acidente sem Vítima;511,9;BR-040/MG;Norte;Abalroamento longitudinal;2;0;0;0;0;0;0;0;0;0;2;0;0;0;0
17/08/2018;15:12:00;224;Acidente sem Vítima;673,319;BR-040/MG;Norte;Colisão traseira;1;0;1;0;0;0;0;0;0;0;2;0;0;0;0
17/08/2018;14:32:00;212;Acidente com Vítima;240,15;BR-040/MG;Sul;Choque com objeto fixo;1;0;0;0;0;0;0;0;0;0;2;0;2;0;0
17/08/2018;14:18:00;209;Acidente sem Vítima;68,5;BR-040/MG;Sul;Colisão traseira;1;0;1;0;0;0;0;0;0;0;2;0;0;0;0
17/08/2018;14:07:00;202;Acidente com Vítima;676,578;BR-040/MG;Norte;Choque com objeto fixo;1;0;0;0;0;0;0;0;0;0;0;1;0;0;0
17/08/2018;11:14:00;155;Acidente sem Vítima;727,01;BR-040/MG;Sul;Choque em barreira New Jersey;1;0;0;0;0;0;0;0;0;0;2;0;0;0;0
17/08/2018;11:01:00;151;Acidente sem Vítima;727;BR-040/MG;Sul;Choque em barreira New Jersey;1;0;0;0;0;0;0;0;0;0;1;0;0;0;0
17/08/2018;09:59:00;139;Acidente sem Vítima;716,322;BR-040/MG;Norte;Choque em barreira New Jersey;1;0;0;0;0;0;0;0;0;0;1;0;0;0;0
17/08/2018;09:17:00;126;Acidente sem Vítima;605,166;BR-040/MG;Norte;Choque com objeto fixo;1;0;0;0;0;0;0;0;0;0;1;0;0;0;0
17/08/2018;09:12:00;124;Acidente sem Vítima;739;BR-040/MG;Sul;Choque com objeto fixo;1;0;0;0;0;0;0;0;0;0;1;0;0;0;0
17/08/2018;08:35:00;120;Acidente sem Vítima;533;BR-040/MG;Norte;Colisão traseira;2;0;0;0;0;0;0;0;0;0;2;0;0;0;0
17/08/2018;07:26:00;98;Acidente com Vítima;6,6;BR-040/DF;Norte;Abalroamento longitudinal;1;0;0;1;0;0;0;0;0;0;1;0;0;0;0
16/08/2018;22:31:00;364;Acidente sem Vítima;320,8;BR-040/MG;Norte;Capotamento;1;0;0;0;0;0;0;0;0;0;4;0;0;0;0
16/08/2018;22:06:00;361;Acidente sem Vítima;547,5;BR-040/MG;Sul;Colisão traseira;2;0;1;0;0;0;0;0;0;0;3;0;0;0;0
16/08/2018;21:01:00;352;Acidente com Vítima;465,5;BR-040/MG;Norte;Capotamento;1;0;0;0;0;0;0;0;0;0;0;1;0;0;0
16/08/2018;20:52:00;349;Acidente sem Vítima;462,5;BR-040/MG;Norte;Colisão traseira;1;0;1;0;0;0;0;0;0;0;2;0;0;0;0
16/08/2018;20:38:00;346;Atropelamento sem Morte;129,443;BR-040/MG;Norte;Atropelamento de pedestre caminhando;0;0;0;1;0;0;0;0;0;0;1;1;0;0;0
16/08/2018;20:34:00;344;Acidente sem Vítima;462,54;BR-040/MG;Sul;Choque com objeto fixo;1;0;0;0;0;0;0;0;0;0;1;0;0;0;0
16/08/2018;20:24:00;343;Acidente sem Vítima;465,5;BR-040/MG;Norte;Queda de Carga;0;0;1;0;0;0;0;0;0;0;1;0;0;0;0
16/08/2018;18:58:00;321;Acidente sem Vítima;44,045;BR-040/MG;Norte;Abalroamento longitudinal;2;0;0;0;1;0;0;0;0;0;3;0;0;0;0
16/08/2018;18:52:00;319;Acidente com Vítima;3,254;BR-040/DF;Norte;Abalroamento longitudinal;1;0;0;1;0;0;0;0;0;0;2;0;0;0;0
16/08/2018;15:53:00;270;Acidente sem Vítima;516,8;BR-040/MG;Sul;Colisão traseira;1;0;0;1;0;0;0;0;0;0;2;0;0;0;0
16/08/2018;14:17:00;238;Acidente com Vítima;299,5;BR-040/MG;Norte;Choque com objeto fixo;1;0;0;0;0;0;0;0;0;0;2;1;0;0;0
16/08/2018;12:58:00;221;Acidente com Vítima;6;BR-040/GO;Norte;Capotamento;1;0;0;0;0;0;0;0;0;0;1;0;0;0;0
16/08/2018;12:31:00;210;Acidente com Vítima;38,5;BR-040/MG;Norte;Queda de Moto;1;0;0;1;0;0;0;0;0;0;2;1;0;0;0
16/08/2018;12:31:00;211;Acidente sem Vítima;58;BR-040/MG;Norte;Colisão traseira;2;0;0;0;0;0;0;0;0;0;2;0;0;0;0
16/08/2018;12:28:00;207;Acidente com Vítima;736,8;BR-040/MG;Norte;Choque com objeto fixo;1;0;0;0;0;0;0;0;0;0;1;1;0;0;0
16/08/2018;11:33:00;193;Acidente sem Vítima;741,3;BR-040/MG;Sul;Choque com objeto fixo;1;0;0;0;0;0;0;0;0;0;1;0;0;0;0
16/08/2018;10:53:00;183;Acidente sem Vítima;727;BR-040/MG;Sul;Choque com objeto fixo;1;0;0;0;0;0;0;0;0;0;5;0;0;0;0
16/08/2018;09:05:00;143;Acidente com Vítima;530,1;BR-040/MG;Sul;Abalroamento longitudinal;0;0;1;1;0;0;0;0;0;0;1;1;0;0;0
16/08/2018;08:33:00;131;Acidente sem Vítima;731;BR-040/MG;Norte;Choque com objeto fixo;1;0;0;0;0;0;0;0;0;0;1;0;0;0;0
16/08/2018;07:44:00;102;Acidente sem Vítima;533,1;BR-040/MG;Sul;Abalroamento longitudinal;1;0;1;0;0;0;0;0;0;0;2;0;0;0;0
16/08/2018;05:19:00;77;Acidente sem Vítima;92,3;BR-040/GO;Sul;Queda de Moto;0;0;1;0;0;0;0;0;0;0;1;0;0;0;0
16/08/2018;01:23:00;38;Acidente sem Vítima;739,6;BR-040/MG;Norte;Queda de Carga;0;0;0;0;0;1;0;0;0;0;1;0;0;0;0
15/08/2018;23:33:00;325;Acidente com Vítima;7;BR-040/DF;Sul;Queda de Carga;0;0;1;0;0;0;0;0;0;0;16;0;3;0;0
15/08/2018;19:41:00;285;Acidente com Vítima;583,9;BR-040/MG;Norte;Capotamento;1;0;0;0;0;0;0;0;0;0;0;0;0;1;0
15/08/2018;18:00:00;264;Acidente sem Vítima;532,01;BR-040/MG;Sul;Colisão traseira;3;0;0;0;0;0;0;0;0;0;3;0;0;0;0
15/08/2018;14:18:00;199;Acidente sem Vítima;487,1;BR-040/MG;Norte;Abalroamento longitudinal;2;0;0;0;0;0;0;0;0;0;2;0;0;0;0
15/08/2018;12:25:00;168;Acidente com Vítima;542,6;BR-040/MG;Norte;Queda de Moto;0;0;0;1;0;0;0;0;0;0;0;1;0;0;0
15/08/2018;09:17:00;126;Acidente sem Vítima;565,1;BR-040/MG;Sul;Queda de Moto;0;0;0;1;0;0;0;0;0;0;1;0;0;0;0
15/08/2018;09:03:00;121;Acidente sem Vítima;479,1;BR-040/MG;Sul;Queda de Moto;0;0;0;1;0;0;0;0;0;0;1;0;0;0;0