data;horario;n_da_ocorrencia;tipo_de_ocorrencia;km;trecho;sentido;tipo_de_acidente;automovel;bicicleta;caminhao;moto;onibus;outros;tracao_animal;transporte_de_cargas_especiais;trator_maquinas;utilitarios;ilesos;levemente_feridos;moderadamente_feridos;gravemente_feridos;mortos
15/08/2018;07:31:00;96;Acidente sem Vítima;2,5;BR-040/DF;Norte;Colisão traseira;3;0;0;0;0;0;0;0;0;0;5;0;0;0;0
15/08/2018;06:07:00;78;Acidente sem Vítima;100,4;BR-040/GO;Norte;Choque com objeto fixo;0;0;1;0;0;0;0;0;0;0;1;0;0;0;0
14/08/2018;22:58:00;334;Acidente com Vítima;24,8;BR-040/GO;Norte;Choque em barreira New Jersey;0;0;0;1;0;0;0;0;0;0;0;0;1;0;0
14/08/2018;21:12:00;323;Acidente com Vítima;416;BR-040/MG;Sul;Colisão frontal;2;0;0;0;0;0;0;0;0;0;1;1;0;0;0
14/08/2018;21:10:00;322;Acidente com Vítima;710,29;BR-040/MG;Sul;Queda de Carga;0;0;1;0;0;0;0;0;0;0;0;0;1;0;0
14/08/2018;20:03:00;302;Acidente sem Vítima;8;BR-040/GO;Norte;Queda de Moto;0;0;0;1;0;0;0;0;0;0;1;0;0;0;0
14/08/2018;19:23:00;292;Acidente sem Vítima;549;BR-040/MG;Norte;Atropelamento de animal;1;0;0;0;0;0;0;0;0;0;1;0;0;0;0
14/08/2018;19:18:00;290;Acidente com Vítima;1,2;BR-040/GO;Norte;Abalroamento transversal;0;0;1;1;0;0;0;0;0;0;1;1;0;0;0
14/08/2018;14:18:00;202;Acidente sem Vítima;142,1;BR-040/MG;Sul;Choque com objeto fixo;0;0;1;0;0;0;0;0;0;0;1;0;0;0;0
14/08/2018;10:57:00;164;Acidente com Vítima;511;BR-040/MG;Norte;Abalroamento transversal;1;0;1;0;0;0;0;0;0;0;2;0;1;0;0
14/08/2018;07:09:00;105;Acidente sem Vítima;516,9;BR-040/MG;Sul;Colisão traseira;2;0;0;0;0;0;0;0;0;0;2;0;0;0;0
14/08/2018;05:44:00;88;Acidente com Vítima;5,1;BR-040/DF;Norte;Colisão frontal;0;2;0;0;0;0;0;0;0;0;2;0;0;0;0
13/08/2018;18:06:00;286;Acidente com Vítima;23,5;BR-040/GO;Sul;Queda de Moto;1;0;0;0;0;0;0;0;0;0;2;0;0;0;0
13/08/2018;17:52:00;283;Acidente sem Vítima;628,642;BR-040/MG;Norte;Abalroamento transversal;1;0;0;0;0;1;0;0;0;0;2;0;0;0;0
13/08/2018;14:11:00;233;Acidente sem Vítima;542;BR-040/MG;Sul;Colisão traseira;2;0;0;0;0;0;0;0;0;0;3;0;0;0;0
13/08/2018;13:37:00;226;Acidente sem Vítima;17;BR-040/MG;Sul;Colisão traseira;3;0;0;0;0;0;0;0;0;0;3;0;0;0;0
13/08/2018;12:52:00;212;Acidente sem Vítima;54,3;BR-040/MG;Norte;Capotamento;1;0;0;0;0;0;0;0;0;0;1;0;0;0;0
13/08/2018;12:36:00;209;Acidente com Vítima;6,3;BR-040/DF;Norte;Colisão traseira;1;0;0;0;1;0;0;0;0;0;1;0;1;0;0
13/08/2018;11:57:00;200;Acidente com Vítima;5,8;BR-040/DF;Norte;Colisão traseira;1;0;0;1;0;0;0;0;0;0;1;0;0;0;0
13/08/2018;09:10:00;144;Acidente sem Vítima;479;BR-040/MG;Norte;Queda de Carga;1;0;0;0;0;0;0;0;0;0;2;0;0;0;0
13/08/2018;08:32:00;131;Acidente com Vítima;4,7;BR-040/DF;Norte;Abalroamento longitudinal;1;0;0;1;0;0;0;0;0;0;2;1;0;0;0
13/08/2018;07:55:00;103;Acidente com Vítima;520;BR-040/MG;Sul;Colisão traseira;2;0;0;0;0;0;0;0;0;0;3;3;0;0;0
13/08/2018;07:33:00;88;Acidente com Vítima;274,15;BR-040/MG;Sul;Colisão traseira;1;0;0;0;1;0;0;0;0;0;1;0;0;0;0
13/08/2018;06:43:00;70;Acidente sem Vítima;2,4;BR-040/GO;Norte;Abalroamento longitudinal;1;0;0;0;0;1;0;0;0;0;2;0;0;0;0
13/08/2018;06:31:00;68;Acidente com Vítima;440;BR-040/MG;Sul;Colisão traseira;2;0;0;0;0;0;0;0;0;0;6;0;1;0;0
13/08/2018;01:50:00;12;Acidente com Vítima;508,5;BR-040/MG;Sul;Choque com objeto fixo;0;0;0;0;1;0;0;0;0;0;26;2;2;0;0
12/08/2018;23:18:00;272;Acidente sem Vítima;717,42;BR-040/MG;Norte;Choque em barreira New Jersey;1;0;0;0;0;0;0;0;0;0;2;0;0;0;0
12/08/2018;21:26:00;256;Acidente sem Vítima;509,175;BR-040/MG;Sul;Colisão traseira;1;0;0;1;0;0;0;0;0;0;3;0;0;0;0
12/08/2018;19:22:00;226;Acidente com Vítima;460,1;BR-040/MG;Norte;Colisão frontal;2;0;0;0;0;0;0;0;0;0;3;1;0;0;0
12/08/2018;18:40:00;213;Atropelamento sem Morte;379,8;BR-040/MG;Norte;Atropelamento de ciclista;1;0;0;0;0;0;0;0;0;0;1;0;1;0;0
12/08/2018;18:37:00;210;Acidente sem Vítima;553,1;BR-040/MG;Norte;Colisão traseira;4;0;0;0;0;0;0;0;0;0;4;0;0;0;0
12/08/2018;18:18:00;204;Acidente sem Vítima;511,2;BR-040/MG;Sul;Colisão traseira;2;0;0;0;0;0;0;0;0;0;5;0;0;0;0
12/08/2018;18:03:00;201;Acidente sem Vítima;467,1;BR-040/MG;Norte;Abalroamento longitudinal;2;0;0;0;0;0;0;0;0;0;2;0;0;0;0
12/08/2018;17:41:00;192;Acidente sem Vítima;115,5;BR-040/MG;Norte;Atropelamento de animal;1;0;0;0;0;0;0;0;0;0;4;0;0;0;0
12/08/2018;17:38:00;189;Acidente sem Vítima;509,9;BR-040/MG;Sul;Colisão traseira;3;0;0;0;0;0;0;0;0;0;3;0;0;0;0
12/08/2018;17:08:00;179;Acidente com Vítima;55,4;BR-040/MG;Sul;Abalroamento longitudinal;1;0;1;0;0;0;0;0;0;0;6;1;0;0;0
12/08/2018;15:46:00;162;Acidente com Vítima;530,1;BR-040/MG;Norte;Choque em defensa;2;0;1;0;0;0;0;0;0;0;6;1;0;0;0
12/08/2018;13:44:00;123;Acidente com Vítima;21,5;BR-040/GO;Sul;Colisão traseira;2;0;0;0;0;0;0;0;0;0;7;1;0;0;0
12/08/2018;10:35:00;80;Acidente sem Vítima;500,1;BR-040/MG;Sul;Outros;0;0;2;0;0;0;0;0;0;0;2;0;0;0;0
12/08/2018;10:10:00;74;Acidente com Vítima;526,1;BR-040/MG;Sul;Queda de Moto;1;0;0;1;0;0;0;0;0;0;1;1;1;0;0
12/08/2018;09:17:00;60;Acidente sem Vítima;516,1;BR-040/MG;Sul;Colisão traseira;2;0;0;0;0;0;0;0;0;0;2;0;0;0;0
12/08/2018;09:00:00;58;Acidente sem Vítima;91;BR-040/MG;Sul;Atropelamento de animal;0;0;0;0;1;0;0;0;0;0;1;0;0;0;0
12/08/2018;05:56:00;20;Acidente com Vítima;516,5;BR-040/MG;Sul;Choque em defensa;2;0;0;0;0;0;0;0;0;0;3;0;1;0;0
12/08/2018;00:33:00;3;Acidente sem Vítima;5,1;BR-040/GO;Norte;Choque com objeto fixo;1;0;0;0;0;0;0;0;0;0;4;0;0;0;0
11/08/2018;23:12:00;301;Acidente com Vítima;511,8;BR-040/MG;Sul;Choque com objeto fixo;1;0;0;0;0;0;0;0;0;0;4;1;0;0;0
11/08/2018;22:47:00;297;Acidente sem Vítima;14,95;BR-040/GO;Norte;Choque com objeto fixo;1;0;0;0;0;0;0;0;0;0;2;0;0;0;0
11/08/2018;20:49:00;278;Acidente com Morte;141,2;BR-040/MG;Norte;Colisão frontal;2;0;0;0;0;0;0;0;0;0;0;1;0;0;1
11/08/2018;19:37:00;261;Acidente sem Vítima;509;BR-040/MG;Sul;Colisão traseira;2;0;0;0;0;0;0;0;0;0;2;0;0;0;0
11/08/2018;18:19:00;247;Acidente sem Vítima;763,6;BR-040/MG;Sul;Colisão traseira;2;0;0;0;0;0;0;0;0;0;4;0;0;0;0
11/08/2018;16:02:00;205;Acidente sem Vítima;5,6;BR-040/GO;Norte;Colisão traseira;3;0;0;0;0;0;0;0;0;0;3;0;0;0;0
11/08/2018;14:41:00;175;Acidente sem Vítima;514,1;BR-040/MG;Norte;Colisão traseira;2;0;0;0;0;0;0;0;0;0;2;0;0;0;0
11/08/2018;14:00:00;160;Acidente com Vítima;532,1;BR-040/MG;Sul;Abalroamento longitudinal;2;0;1;0;0;0;0;0;0;0;2;1;0;0;0
11/08/2018;12:05:00;135;Acidente sem Vítima;6,2;BR-040/GO;Norte;Colisão traseira;2;0;0;0;0;0;0;0;0;0;2;0;0;0;0
11/08/2018;11:57:00;132;Acidente sem Vítima;5,3;BR-040/GO;Sul;Colisão traseira;2;0;0;0;0;0;0;0;0;0;2;0;0;0;0
11/08/2018;11:28:00;121;Acidente sem Vítima;527,1;BR-040/MG;Sul;Colisão traseira;2;0;0;0;0;0;0;0;0;0;2;0;0;0;0
11/08/2018;10:33:00;102;Acidente com Vítima;553,1;BR-040/MG;Sul;Colisão traseira;0;0;0;2;0;0;0;0;0;0;0;1;1;0;0
11/08/2018;08:40:00;66;Acidente com Vítima;614;BR-040/MG;Norte;Outros;2;0;0;0;0;0;0;0;0;0;2;1;0;0;0
11/08/2018;06:36:00;28;Atropelamento sem Morte;508,1;BR-040/MG;Sul;Atropelamento de pedestre atravessando;1;0;0;0;0;0;0;0;0;0;1;0;1;0;0
11/08/2018;03:50:00;16;Atropelamento sem Morte;503,85;BR-040/MG;Sul;Atropelamento de pedestre caminhando;1;0;0;0;0;0;0;0;0;0;1;0;1;0;0
10/08/2018;23:27:00;345;Acidente com Vítima;36;BR-040/MG;Norte;Capotamento;1;0;0;0;0;0;0;0;0;0;0;0;0;0;0
10/08/2018;22:44:00;341;Acidente sem Vítima;618,679;BR-040/MG;Sul;Colisão traseira;1;0;0;0;0;1;0;0;0;0;3;0;0;0;0
10/08/2018;20:00:00;297;Acidente sem Vítima;532;BR-040/MG;Sul;Abalroamento longitudinal;1;0;0;1;0;0;0;0;0;0;2;0;0;0;0
10/08/2018;19:01:00;280;Acidente sem Vítima;594,05;BR-040/MG;Sul;Colisão traseira;2;0;0;0;0;0;0;0;0;0;2;0;0;0;0
10/08/2018;18:48:00;277;Acidente com Vítima;3,4;BR-040/GO;Sul;Abalroamento longitudinal;1;0;0;1;0;0;0;0;0;0;1;1;0;0;0
10/08/2018;18:27:00;268;Acidente sem Vítima;568,07;BR-040/MG;Sul;Abalroamento longitudinal;1;0;2;0;0;0;0;0;0;0;3;0;0;0;0
10/08/2018;16:05:00;235;Acidente sem Vítima;601,436;BR-040/MG;Norte;Colisão traseira;2;0;0;0;0;0;0;0;0;0;6;0;0;0;0
10/08/2018;14:55:00;217;Acidente sem Vítima;1,7;BR-040/GO;Sul;Colisão traseira;2;0;0;0;0;0;0;0;0;0;2;0;0;0;0
10/08/2018;14:45:00;215;Acidente sem Vítima;339,2;BR-040/MG;Norte;Choque com objeto fixo;1;0;0;0;0;0;0;0;0;0;2;0;0;0;0
10/08/2018;14:22:00;207;Acidente com Vítima;100;BR-040/GO;Sul;Capotamento;1;0;0;0;0;0;0;0;0;0;0;1;0;0;0
10/08/2018;13:12:00;186;Acidente com Vítima;544;BR-040/MG;Norte;Abalroamento longitudinal;1;0;0;1;0;0;0;0;0;0;2;1;0;0;0
10/08/2018;13:09:00;185;Acidente sem Vítima;401;BR-040/MG;Norte;Outros;1;0;0;0;0;0;0;0;0;0;1;0;0;0;0
10/08/2018;12:59:00;183;Acidente com Vítima;697,2;BR-040/MG;Sul;Choque com objeto fixo;1;0;0;0;0;0;0;0;0;0;0;0;1;0;0
10/08/2018;11:38:00;170;Acidente com Vítima;2,5;BR-040/GO;Sul;Queda de Moto;0;0;0;1;0;0;0;0;0;0;0;1;0;0;0
10/08/2018;09:12:00;142;Acidente sem Vítima;548,612;BR-040/MG;Norte;Capotamento;1;0;0;0;0;0;0;0;0;0;1;0;0;0;0
10/08/2018;08:38:00;130;Acidente sem Vítima;0,9;BR-040/GO;Norte;Atropelamento de animal;1;0;0;0;0;0;0;0;0;0;2;0;0;0;0
10/08/2018;08:27:00;124;Acidente com Vítima;4,001;BR-040/DF;Sul;Queda de Moto;0;0;0;1;0;0;0;0;0;0;1;1;0;0;0
10/08/2018;08:11:00;118;Acidente com Vítima;1;BR-040/DF;Norte;Abalroamento longitudinal;1;0;0;1;0;0;0;1;0;0;2;0;0;0;0
10/08/2018;06:44:00;94;Acidente com Vítima;551,769;BR-040/MG;Sul;Queda de Moto;0;0;0;1;0;0;0;0;0;0;0;0;1;0;0
10/08/2018;06:26:00;88;Acidente com Vítima;524,2;BR-040/MG;Sul;Queda de Moto;0;0;0;0;0;0;0;0;0;0;0;0;1;0;0
10/08/2018;06:20:00;86;Acidente com Vítima;5,3;BR-040/GO;Norte;Queda de Moto;0;0;0;1;0;0;0;0;0;0;0;1;0;0;0
10/08/2018;05:55:00;82;Acidente sem Vítima;525,12;BR-040/MG;Sul;Colisão traseira;0;0;1;0;0;1;0;0;0;0;2;0;0;0;0
10/08/2018;01:09:00;59;Acidente com Vítima;529,1;BR-040/MG;Norte;Atropelamento de animal;1;0;0;0;0;0;0;0;0;0;2;1;0;0;0
10/08/2018;01:01:00;58;Acidente sem Vítima;529;BR-040/MG;Norte;Capotamento;1;0;0;0;0;0;0;0;0;0;2;0;0;0;0
09/08/2018;18:15:00;266;Acidente com Vítima;3,6;BR-040/GO;Sul;Abalroamento longitudinal;1;0;0;1;0;0;0;0;0;0;1;1;0;0;0
09/08/2018;13:08:00;196;Acidente sem Vítima;462,5;BR-040/MG;Sul;Outros;1;0;0;0;0;0;0;0;0;0;2;0;0;0;0
09/08/2018;12:58:00;194;Acidente sem Vítima;627,315;BR-040/MG;Sul;Abalroamento transversal;1;0;1;0;0;0;0;0;0;0;2;0;0;0;0
09/08/2018;10:26:00;171;Atropelamento sem Morte;4;BR-040/GO;Sul;Atropelamento de pedestre caminhando;0;0;1;0;0;0;0;0;0;0;1;0;1;0;0
09/08/2018;10:14:00;169;Acidente com Vítima;118,001;BR-040/MG;Norte;Abalroamento longitudinal;2;0;0;0;0;0;0;0;0;0;2;0;0;0;0
09/08/2018;09:19:00;151;Acidente sem Vítima;138;BR-040/MG;Norte;Choque com objeto fixo;0;0;1;0;0;0;0;0;0;0;1;0;0;0;0
09/08/2018;07:25:00;107;Acidente sem Vítima;542;BR-040/MG;Norte;Colisão traseira;2;0;0;0;0;0;0;0;0;0;2;0;0;0;0
09/08/2018;00:41:00;8;Acidente sem Vítima;489,1;BR-040/MG;Norte;Abalroamento longitudinal;0;0;2;0;0;0;0;0;0;0;2;0;0;0;0
08/08/2018;22:11:00;310;Acidente com Vítima;611,02;BR-040/MG;Norte;Queda de Moto;0;0;0;1;0;0;0;0;0;0;0;0;1;0;0
08/08/2018;19:30:00;272;Atropelamento sem Morte;523,6;BR-040/MG;Norte;Atropelamento de pedestre atravessando;0;0;0;1;0;0;0;0;0;0;0;2;0;1;0
08/08/2018;19:24:00;270;Acidente com Vítima;4,2;BR-040/GO;Sul;Colisão traseira;3;0;0;0;0;0;0;0;0;0;4;2;0;0;0
08/08/2018;18:25:00;259;Acidente sem Vítima;503,2;BR-040/MG;Sul;Capotamento;1;0;0;0;0;0;0;0;0;0;1;0;0;0;0
08/08/2018;18:25:00;260;Acidente com Vítima;6,1;BR-040/GO;Sul;Colisão traseira;2;0;0;0;0;0;0;0;0;0;1;1;0;0;0
08/08/2018;17:46:00;254;Atropelamento com Morte;473,8;BR-040/MG;Sul;Atropelamento de pedestre atravessando;1;0;0;0;0;0;0;0;0;0;1;0;0;0;1
08/08/2018;17:02:00;248;Acidente sem Vítima;2,7;BR-040/GO;Norte;Colisão traseira;2;0;0;0;0;0;0;0;0;0;2;0;0;0;0
08/08/2018;15:53:00;229;Atropelamento com Morte;455,8;BR-040/MG;Sul;Atropelamento de ciclista;0;0;1;0;0;0;0;0;0;0;1;0;0;0;1
08/08/2018;15:30:00;221;Acidente sem Vítima;617,25;BR-040/MG;Sul;Abalroamento longitudinal;1;0;0;1;0;0;0;0;0;0;3;0;0;0;0
08/08/2018;11:52:00;168;Acidente com Vítima;6,7;BR-040/DF;Norte;Queda de Moto;0;0;0;1;0;0;0;0;0;0;0;2;0;0;0
08/08/2018;10:33:00;150;Acidente sem Vítima;42,7;BR-040/MG;Norte;Queda de Carga;0;0;1;0;0;0;0;0;0;0;1;0;0;0;0
08/08/2018;07:57:00;105;Acidente sem Vítima;717,5;BR-040/MG;Norte;Choque em barreira New Jersey;1;0;0;0;0;0;0;0;0;0;1;0;0;0;0
08/08/2018;06:47:00;78;Acidente sem Vítima;717,3;BR-040/MG;Norte;Choque em barreira New Jersey;1;0;0;0;0;0;0;0;0;0;1;0;0;0;0
07/08/2018;22:23:00;356;Acidente com Vítima;550,1;BR-040/MG;Sul;Queda de Moto;0;0;0;1;0;0;0;0;0;0;0;1;0;0;0
07/08/2018;18:47:00;314;Acidente sem Vítima;2,2;BR-040/DF;Sul;Colisão traseira;3;0;0;0;0;0;0;0;0;0;4;0;0;0;0
07/08/2018;16:01:00;282;Acidente sem Vítima;456,9;BR-040/MG;Norte;Choque com objeto fixo;1;0;0;0;0;0;0;0;0;0;1;0;0;0;0
07/08/2018;14:45:00;258;Acidente com Vítima;469,1;BR-040/MG;Sul;Queda de Moto;0;0;0;1;0;0;0;0;0;0;0;1;0;0;0
07/08/2018;14:43:00;257;Acidente sem Vítima;119,5;BR-040/MG;Sul;Choque com objeto fixo;1;0;0;0;0;0;0;0;0;0;4;0;0;0;0
07/08/2018;11:56:00;213;Acidente sem Vítima;550,1;BR-040/MG;Sul;Choque com objeto fixo;2;0;0;0;0;0;0;0;0;0;2;0;0;0;0
07/08/2018;11:33:00;204;Acidente sem Vítima;657;BR-040/MG;Norte;Choque em barreira New Jersey;1;0;0;0;0;0;0;0;0;0;1;0;0;0;0
07/08/2018;10:42:00;186;Acidente sem Vítima;563,1;BR-040/MG;Sul;Choque em barreira New Jersey;0;0;1;0;0;0;0;0;0;0;1;0;0;0;0
07/08/2018;10:33:00;182;Acidente com Vítima;546,1;BR-040/MG;Sul;Capotamento;1;0;0;0;0;0;0;0;0;0;1;1;0;0;0
07/08/2018;09:19:00;156;Acidente sem Vítima;86;BR-040/MG;Sul;Choque com objeto fixo;0;0;1;1;0;0;0;0;0;0;2;0;0;0;0
07/08/2018;09:09:00;151;Acidente sem Vítima;717,4;BR-040/MG;Norte;Choque em barreira New Jersey;1;0;0;0;0;0;0;0;0;0;1;0;0;0;0
07/08/2018;08:56:00;148;Acidente sem Vítima;4;BR-040/DF;Norte;Queda de Moto;0;0;0;1;0;0;0;0;0;0;1;0;0;0;0
07/08/2018;08:15:00;133;Acidente com Vítima;680,3;BR-040/MG;Sul;Capotamento;1;0;0;0;0;0;0;0;0;0;0;1;0;0;0
07/08/2018;07:05:00;90;Atropelamento sem Morte;43,1;BR-040/MG;Sul;Atropelamento de ciclista;1;1;0;0;0;0;0;0;0;0;2;2;0;0;0
06/08/2018;22:46:00;316;Acidente sem Vítima;22,5;BR-040/GO;Norte;Abalroamento longitudinal;0;0;1;0;0;1;0;0;0;0;2;0;0;0;0
06/08/2018;21:51:00;299;Acidente sem Vítima;655,3;BR-040/MG;Norte;Choque com objeto fixo;1;0;0;0;0;0;0;0;0;0;1;0;0;0;0
06/08/2018;21:05:00;291;Acidente com Vítima;517,1;BR-040/MG;Norte;Atropelamento de animal;0;0;1;1;0;0;0;0;0;0;1;1;0;0;0
06/08/2018;19:45:00;271;Acidente sem Vítima;713,2;BR-040/MG;Norte;Colisão traseira;0;0;2;0;0;0;0;0;0;0;2;0;0;0;0
06/08/2018;19:24:00;267;Acidente sem Vítima;509,1;BR-040/MG;Norte;Colisão traseira;1;0;0;1;0;0;0;0;0;0;2;0;0;0;0
06/08/2018;19:18:00;265;Acidente com Vítima;700,1;BR-040/MG;Sul;Queda de Moto;0;0;0;1;0;0;0;0;0;0;0;1;0;0;0
06/08/2018;18:57:00;260;Acidente sem Vítima;5,5;BR-040/DF;Sul;Abalroamento transversal;1;0;0;1;0;0;0;0;0;0;2;0;0;0;0
06/08/2018;18:55:00;259;Acidente sem Vítima;717,403;BR-040/MG;Norte;Choque em barreira New Jersey;1;0;0;0;0;0;0;0;0;0;5;0;0;0;0
06/08/2018;18:31:00;253;Acidente sem Vítima;584,981;BR-040/MG;Sul;Capotamento;1;0;0;0;0;0;0;0;0;0;1;0;0;0;0
06/08/2018;11:22:00;165;Acidente sem Vítima;6,001;BR-040/GO;Sul;Choque com objeto fixo;1;0;2;0;0;0;0;0;0;0;3;0;0;0;0
06/08/2018;08:29:00;117;Acidente sem Vítima;532,061;BR-040/MG;Sul;Colisão traseira;2;0;0;0;0;0;0;0;0;1;3;0;0;0;0
06/08/2018;07:49:00;108;Acidente com Vítima;728,359;BR-040/MG;Sul;Choque em barreira New Jersey;1;0;0;0;0;0;0;0;0;0;1;0;1;0;0
06/08/2018;07:38:00;104;Acidente sem Vítima;706,8;BR-040/MG;Sul;Choque em barreira New Jersey;1;0;0;0;0;0;0;0;0;0;2;0;0;0;0
06/08/2018;07:19:00;100;Acidente sem Vítima;7,001;BR-040/DF;Norte;Abalroamento longitudinal;1;0;0;0;0;1;0;0;0;0;2;0;0;0;0
06/08/2018;04:46:00;76;Acidente com Vítima;476,2;BR-040/MG;Norte;Colisão traseira;2;0;0;0;0;0;0;0;0;0;1;0;1;0;0
06/08/2018;03:33:00;70;Acidente com Vítima;10,2;BR-040/GO;Sul;Choque com objeto fixo;1;0;0;0;0;0;0;0;0;0;1;1;1;0;0
06/08/2018;03:13:00;68;Acidente sem Vítima;520,1;BR-040/MG;Norte;Capotamento;1;0;0;0;0;0;0;0;0;0;2;0;0;0;0
06/08/2018;02:12:00;66;Acidente sem Vítima;451,1;BR-040/MG;Norte;Queda de Moto;0;0;0;1;0;0;0;0;0;0;2;0;0;0;0
05/08/2018;22:45:00;251;Acidente sem Vítima;196,8;BR-040/MG;Norte;Capotamento;1;0;0;0;0;0;0;0;0;0;1;0;0;0;0
05/08/2018;19:13:00;201;Acidente com Vítima;500,1;BR-040/MG;Norte;Capotamento;1;0;0;0;0;0;0;0;0;0;0;1;1;0;0
05/08/2018;18:08:00;181;Acidente sem Vítima;515,1;BR-040/MG;Sul;Colisão traseira;2;0;0;0;0;0;0;0;0;0;3;0;0;0;0
05/08/2018;18:07:00;180;Acidente com Vítima;5,8;BR-040/GO;Norte;Colisão traseira;2;0;0;0;0;0;0;0;0;0;4;1;1;0;0
05/08/2018;16:42:00;163;Acidente sem Vítima;646;BR-040/MG;Norte;Choque com objeto fixo;2;0;0;0;0;0;0;0;0;0;5;0;0;0;0
05/08/2018;16:34:00;160;Acidente com Vítima;705;BR-040/MG;Sul;Capotamento;1;0;0;0;0;0;0;0;0;0;0;1;1;0;0
05/08/2018;11:57:00;103;Acidente com Vítima;6,7;BR-040/GO;Norte;Colisão traseira;2;0;0;0;0;0;0;0;0;0;2;0;1;0;0
05/08/2018;10:49:00;92;Acidente com Vítima;6,4;BR-040/GO;Sul;Abalroamento longitudinal;1;0;0;0;0;1;0;0;0;0;1;2;0;1;0
05/08/2018;10:29:00;85;Acidente com Vítima;694;BR-040/MG;Sul;Queda de Moto;0;0;0;1;0;0;0;0;0;0;0;0;1;0;0
05/08/2018;10:14:00;83;Acidente com Vítima;43,001;BR-040/MG;Norte;Queda de Moto;0;0;0;1;0;0;0;0;0;0;0;0;1;0;0
05/08/2018;09:37:00;78;Acidente sem Vítima;592;BR-040/MG;Sul;Abalroamento longitudinal;2;0;0;0;0;0;0;0;0;0;5;0;0;0;0
05/08/2018;08:52:00;66;Acidente com Vítima;3,5;BR-040/GO;Norte;Queda de Moto;0;0;0;1;0;0;0;0;0;0;1;1;0;0;0
05/08/2018;07:39:00;49;Acidente com Vítima;528,097;BR-040/MG;Sul;Choque com objeto fixo;1;0;0;0;0;0;0;0;0;0;2;0;0;0;0
05/08/2018;00:34:00;7;Acidente sem Vítima;443,1;BR-040/MG;Norte;Colisão traseira;0;0;2;0;0;0;0;0;0;0;2;0;0;0;0
04/08/2018;21:02:00;280;Acidente sem Vítima;5,6;BR-040/DF;Sul;Colisão traseira;2;0;0;0;0;0;0;0;0;0;2;0;0;0;0
04/08/2018;19:36:00;265;Acidente sem Vítima;47,5;BR-040/MG;Sul;Atropelamento de animal;1;0;0;0;0;0;0;0;0;0;4;0;0;0;0
04/08/2018;19:10:00;260;Acidente sem Vítima;507,12;BR-040/MG;Norte;Choque em defensa;1;0;0;0;0;0;0;0;0;0;3;0;0;0;0
04/08/2018;18:29:00;249;Acidente sem Vítima;765;BR-040/MG;Sul;Choque com objeto fixo;1;0;0;0;0;0;0;0;0;0;1;0;0;0;0
04/08/2018;18:05:00;240;Acidente sem Vítima;605,01;BR-040/MG;Sul;Atropelamento de animal;1;0;0;0;0;0;0;0;0;0;3;0;0;0;0
04/08/2018;13:20:00;164;Acidente com Vítima;544,1;BR-040/MG;Sul;Queda de Carga;1;0;1;0;0;0;0;0;0;0;1;1;0;0;0
04/08/2018;09:44:00;119;Acidente com Vítima;695,5;BR-040/MG;Norte;Choque em defensa;1;0;0;0;0;0;0;0;0;0;2;1;0;0;0
04/08/2018;09:04:00;107;Acidente com Vítima;446,1;BR-040/MG;Sul;Choque em defensa;1;0;0;0;0;0;0;0;0;0;0;1;0;0;0
04/08/2018;08:35:00;92;Acidente sem Vítima;299,5;BR-040/MG;Norte;Capotamento;1;0;0;0;0;0;0;0;0;0;1;0;0;0;0
04/08/2018;08:25:00;89;Acidente sem Vítima;720;BR-040/MG;Norte;Choque com objeto fixo;1;0;0;0;0;0;0;0;0;0;1;0;0;0;0
04/08/2018;04:57:00;37;Acidente com Vítima;728,05;BR-040/MG;Sul;Capotamento;1;0;0;0;0;0;0;0;0;0;4;0;1;0;0
04/08/2018;02:55:00;19;Acidente sem Vítima;33,1;BR-040/MG;Norte;Choque em defensa;1;0;0;0;0;0;0;0;0;0;2;0;0;0;0
04/08/2018;02:22:00;15;Acidente sem Vítima;400,1;BR-040/MG;Norte;Colisão traseira;0;0;1;0;0;1;0;0;0;0;2;0;0;0;0
04/08/2018;00:34:00;6;Acidente sem Vítima;1,9;BR-040/DF;Norte;Choque em barreira New Jersey;1;0;0;0;0;0;0;0;0;0;1;0;0;0;0
04/08/2018;00:25:00;5;Acidente sem Vítima;562,12;BR-040/MG;Norte;Capotamento;1;0;0;0;0;0;0;0;0;0;1;0;0;0;0
03/08/2018;23:35:00;370;Acidente sem Vítima;60,2;BR-040/GO;Norte;Queda de Moto;0;0;0;1;0;0;0;0;0;0;1;0;0;0;0
03/08/2018;21:32:00;347;Acidente sem Vítima;3,5;BR-040/DF;Sul;Abalroamento longitudinal;1;0;0;1;0;0;0;0;0;0;2;0;0;0;0
03/08/2018;21:31:00;346;Acidente sem Vítima;547,1;BR-040/MG;Sul;Choque em barreira New Jersey;1;0;0;0;0;0;0;0;0;0;1;0;0;0;0
03/08/2018;19:53:00;320;Acidente sem Vítima;0,3;BR-040/GO;Sul;Colisão traseira;2;0;0;0;0;0;0;0;0;0;4;0;0;0;0
03/08/2018;19:13:00;306;Acidente sem Vítima;585,85;BR-040/MG;Sul;Choque com objeto fixo;1;0;0;0;0;0;0;0;0;0;4;0;0;0;0