data;horario;n_da_ocorrencia;tipo_de_ocorrencia;km;trecho;sentido;tipo_de_acidente;automovel;bicicleta;caminhao;moto;onibus;outros;tracao_animal;transporte_de_cargas_especiais;trator_maquinas;utilitarios;ilesos;levemente_feridos;moderadamente_feridos;gravemente_feridos;mortos
03/08/2018;17:23:00;276;Acidente sem Vítima;700;BR-040/MG;Sul;Colisão traseira;1;0;1;0;0;0;0;0;0;0;2;0;0;0;0
03/08/2018;17:14:00;271;Acidente sem Vítima;656,5;BR-040/MG;Norte;Choque com objeto fixo;1;0;0;0;0;0;0;0;0;0;1;0;0;0;0
03/08/2018;16:29:00;251;Acidente com Morte;356,5;BR-040/MG;Sul;Abalroamento transversal;2;0;0;0;0;0;0;0;0;0;0;1;2;0;2
03/08/2018;13:07:00;190;Acidente sem Vítima;135;BR-040/MG;Norte;Choque com objeto fixo;1;0;0;0;0;0;0;0;0;0;1;0;0;0;0
03/08/2018;13:00:00;188;Acidente sem Vítima;518,1;BR-040/MG;Norte;Abalroamento longitudinal;1;0;0;1;0;0;0;0;0;0;2;0;0;0;0
03/08/2018;12:42:00;184;Acidente com Vítima;467,1;BR-040/MG;Norte;Colisão traseira;1;0;0;0;0;1;0;0;0;0;2;2;0;0;0
03/08/2018;11:17:00;167;Acidente sem Vítima;717;BR-040/MG;Norte;Choque em barreira New Jersey;1;0;0;0;0;0;0;0;0;0;1;0;0;0;0
03/08/2018;10:36:00;159;Acidente com Vítima;508,1;BR-040/MG;Norte;Colisão traseira;0;0;2;0;0;0;0;0;0;0;2;1;0;0;0
03/08/2018;10:25:00;154;Acidente com Vítima;24,05;BR-040/GO;Norte;Abalroamento longitudinal;2;0;0;0;0;0;0;0;0;0;2;1;1;0;0
03/08/2018;10:16:00;151;Acidente sem Vítima;727;BR-040/MG;Norte;Choque em barreira New Jersey;1;0;0;0;0;0;0;0;0;0;1;0;0;0;0
03/08/2018;08:08:00;114;Acidente sem Vítima;737;BR-040/MG;Sul;Abalroamento longitudinal;2;0;0;0;0;0;0;0;0;0;2;0;0;0;0
03/08/2018;07:53:00;109;Acidente com Vítima;5,9;BR-040/DF;Sul;Colisão traseira;1;0;0;1;0;0;0;0;0;0;1;0;0;1;0
03/08/2018;03:49:00;61;Acidente sem Vítima;9,8;BR-040/GO;Sul;Choque com objeto fixo;1;0;0;0;0;0;0;0;0;0;1;0;0;0;0
03/08/2018;02:09:00;54;Acidente sem Vítima;43,2;BR-040/MG;Sul;Abalroamento longitudinal;1;0;1;0;0;0;0;0;0;0;2;0;0;0;0
02/08/2018;23:06:00;326;Acidente sem Vítima;9,5;BR-040/GO;Sul;Colisão traseira;2;0;0;0;0;0;0;0;0;0;2;0;0;0;0
02/08/2018;19:59:00;288;Acidente sem Vítima;12,03;BR-040/GO;Sul;Abalroamento transversal;2;0;0;0;0;0;0;0;0;0;2;0;0;0;0
02/08/2018;19:32:00;277;Atropelamento sem Morte;527,05;BR-040/MG;Sul;Atropelamento de pedestre atravessando;1;0;0;0;0;0;0;0;0;0;1;0;0;1;0
02/08/2018;19:24:00;275;Acidente sem Vítima;743,3;BR-040/MG;Sul;Atropelamento de animal;0;0;0;0;0;1;0;0;0;0;1;0;0;0;0
02/08/2018;17:51:00;247;Acidente com Vítima;562,041;BR-040/MG;Sul;Colisão traseira;2;0;0;0;0;0;0;0;0;0;1;0;1;0;0
02/08/2018;17:47:00;245;Acidente sem Vítima;562,041;BR-040/MG;Sul;Colisão traseira;1;0;0;0;0;0;0;0;0;1;2;0;0;0;0
02/08/2018;17:16:00;240;Acidente sem Vítima;562,041;BR-040/MG;Sul;Capotamento;1;0;0;0;0;0;0;0;0;0;3;0;0;0;0
02/08/2018;16:39:00;231;Acidente sem Vítima;493,234;BR-040/MG;Sul;Abalroamento longitudinal;1;0;1;0;0;0;0;0;0;0;2;0;0;0;0
02/08/2018;11:55:00;170;Acidente sem Vítima;718,9;BR-040/MG;Norte;Choque em barreira New Jersey;1;0;0;0;0;0;0;0;0;0;1;0;0;0;0
02/08/2018;11:03:00;158;Acidente sem Vítima;501,1;BR-040/MG;Norte;Choque com objeto fixo;0;0;1;0;0;0;0;0;0;0;1;0;0;0;0
02/08/2018;10:05:00;142;Acidente sem Vítima;660,318;BR-040/MG;Norte;Colisão traseira;1;0;1;0;0;0;0;0;0;0;2;0;0;0;0
02/08/2018;09:46:00;138;Acidente sem Vítima;501,25;BR-040/MG;Norte;Choque com objeto fixo;0;0;1;0;0;0;0;0;0;0;1;0;0;0;0
02/08/2018;07:51:00;108;Acidente sem Vítima;11,7;BR-040/GO;Norte;Queda de Moto;0;0;0;3;1;0;0;0;0;0;5;0;0;0;0
02/08/2018;06:39:00;89;Acidente sem Vítima;45,1;BR-040/MG;Sul;Choque com objeto fixo;1;0;0;0;0;0;0;0;0;0;2;0;0;0;0
02/08/2018;04:38:00;78;Acidente com Vítima;532,1;BR-040/MG;Norte;Colisão traseira;1;0;0;1;0;0;0;0;0;0;2;1;0;0;0
02/08/2018;00:00:00;109;Acidente sem Vítima;717,85;BR-040/MG;Sul;Choque em barreira New Jersey;1;0;0;0;0;0;0;0;0;0;1;0;0;0;0
01/08/2018;21:42:00;320;Acidente sem Vítima;138,1;BR-040/MG;Sul;Choque com objeto fixo;1;0;0;0;0;0;0;0;0;0;1;0;0;0;0
01/08/2018;21:00:00;314;Acidente com Vítima;527,5;BR-040/MG;Norte;Choque com objeto fixo;1;0;0;0;0;0;0;0;0;0;0;1;0;0;0
01/08/2018;19:54:00;293;Acidente sem Vítima;728,032;BR-040/MG;Sul;Capotamento;1;0;0;0;0;0;0;0;0;0;2;0;0;0;0
01/08/2018;18:40:00;269;Acidente com Vítima;504,4;BR-040/MG;Norte;Queda de Moto;2;0;1;1;0;0;0;0;0;0;3;3;0;0;0
01/08/2018;16:21:00;231;Acidente sem Vítima;557,651;BR-040/MG;Sul;Choque com objeto fixo;1;0;0;0;0;0;0;0;0;0;1;0;0;0;0
01/08/2018;16:15:00;230;Acidente sem Vítima;739;BR-040/MG;Sul;Choque com objeto fixo;1;0;0;0;0;0;0;0;0;0;1;0;0;0;0
01/08/2018;08:42:00;104;Acidente sem Vítima;45,1;BR-040/MG;Norte;Queda de Moto;0;0;0;1;0;0;0;0;0;0;2;0;0;0;0
01/08/2018;08:32:00;102;Acidente com Vítima;507,6;BR-040/MG;Norte;Queda de Moto;0;0;0;1;0;0;0;0;0;0;2;2;0;0;0
01/08/2018;07:04:00;78;Acidente com Vítima;621,326;BR-040/MG;Sul;Colisão traseira;2;0;0;0;0;0;0;0;0;0;1;1;0;0;0
01/08/2018;05:40:00;68;Acidente sem Vítima;293,1;BR-040/MG;Sul;Choque com objeto fixo;0;0;1;0;0;0;0;0;0;0;1;0;0;0;0
31/05/2018;23:45:00;133;Acidente com Vítima;282,4;BR-040/MG;Norte;Abalroamento longitudinal;2;0;0;0;0;0;0;0;0;0;0;2;0;0;0
31/05/2018;20:57:00;115;Acidente com Vítima;9,3;BR-040/GO;Sul;Choque com objeto fixo;1;0;0;0;0;0;0;0;0;0;0;0;0;5;0
31/05/2018;20:15:00;112;Acidente sem Vítima;747,8;BR-040/MG;Norte;Queda de Carga;0;0;1;0;0;0;0;0;0;0;1;0;0;0;0
31/05/2018;14:01:00;73;Acidente sem Vítima;718;BR-040/MG;Sul;Queda de Carga;0;0;1;0;0;0;0;0;0;0;1;0;0;0;0
31/05/2018;05:10:00;14;Acidente com Vítima;513,8;BR-040/MG;Sul;Queda de Moto;1;0;0;0;0;0;0;0;0;0;1;1;0;0;0
31/05/2018;04:42:00;13;Acidente sem Vítima;500,1;BR-040/MG;Norte;Atropelamento de animal;0;0;0;1;0;0;0;0;0;0;1;0;0;0;0
31/05/2018;02:22:00;9;Acidente sem Vítima;508,5;BR-040/MG;Norte;Atropelamento de animal;1;0;0;0;0;0;0;0;0;0;1;0;0;0;0
31/05/2018;01:08:00;6;Acidente sem Vítima;506,005;BR-040/MG;Norte;Choque com objeto fixo;1;0;0;0;0;0;0;0;0;0;1;0;0;0;0
30/05/2018;22:52:00;160;Acidente sem Vítima;4,5;BR-040/DF;Norte;Outros;1;0;0;0;0;0;0;0;0;0;1;0;0;0;0
30/05/2018;20:41:00;149;Atropelamento sem Morte;506,9;BR-040/MG;Sul;Atropelamento de pedestre caminhando;0;0;0;0;0;1;0;0;0;0;1;0;1;0;0
30/05/2018;18:23:00;130;Atropelamento sem Morte;39;BR-040/MG;Norte;Atropelamento de ciclista;1;1;0;0;0;0;0;0;0;0;2;0;0;0;0
30/05/2018;14:24:00;104;Acidente sem Vítima;621,623;BR-040/MG;Sul;Queda de Moto;1;0;0;0;0;0;0;0;0;0;1;0;0;0;0
30/05/2018;13:54:00;101;Acidente sem Vítima;555,9;BR-040/MG;Sul;Choque em defensa;1;0;0;0;0;0;0;0;0;0;2;0;0;0;0
30/05/2018;07:40:00;53;Acidente com Vítima;1,15;BR-040/GO;Norte;Abalroamento longitudinal;1;0;0;1;0;0;0;0;0;0;2;1;0;0;0
29/05/2018;20:31:00;118;Acidente sem Vítima;431,948;BR-040/MG;Norte;Atropelamento de animal;1;0;0;0;0;0;0;0;0;0;5;0;0;0;0
29/05/2018;13:27:00;68;Acidente com Vítima;549,5;BR-040/MG;Sul;Choque com objeto fixo;1;0;0;0;0;0;0;0;0;0;0;0;0;0;0
29/05/2018;08:58:00;50;Acidente sem Vítima;717,816;BR-040/MG;Norte;Capotamento;1;0;0;0;0;0;0;0;0;0;1;0;0;0;0
28/05/2018;18:45:00;103;Atropelamento sem Morte;541,6;BR-040/MG;Sul;Atropelamento de ciclista;0;1;0;1;0;0;0;0;0;0;2;0;0;0;0
28/05/2018;18:22:00;99;Atropelamento sem Morte;506,1;BR-040/MG;Norte;Atropelamento de ciclista;1;1;0;0;0;0;0;0;0;0;3;1;0;0;0
28/05/2018;09:45:00;59;Acidente com Vítima;537,4;BR-040/MG;Norte;Abalroamento longitudinal;0;0;1;1;0;0;0;0;0;0;1;0;1;0;0
28/05/2018;08:08:00;43;Atropelamento sem Morte;611,25;BR-040/MG;Sul;Atropelamento de pedestre atravessando;1;0;0;0;0;0;0;0;0;0;1;0;0;1;0
28/05/2018;02:12:00;32;Acidente sem Vítima;578,1;BR-040/MG;Sul;Choque com objeto fixo;1;0;0;0;0;0;0;0;0;0;2;0;0;0;0
27/05/2018;19:13:00;76;Atropelamento sem Morte;2,5;BR-040/GO;Norte;Atropelamento de pedestre atravessando;1;0;0;0;0;0;0;0;0;0;2;1;0;0;0
27/05/2018;19:05:00;73;Acidente sem Vítima;722,12;BR-040/MG;Norte;Atropelamento de animal;1;0;0;0;0;0;0;0;0;0;2;0;0;0;0
27/05/2018;16:23:00;62;Acidente sem Vítima;562,9;BR-040/MG;Sul;Capotamento;1;0;0;0;0;0;0;0;0;0;1;0;0;0;0
27/05/2018;13:56:00;48;Acidente com Vítima;658,8;BR-040/MG;Norte;Choque com objeto fixo;1;0;0;0;0;0;0;0;0;0;0;2;0;0;0
27/05/2018;10:31:00;34;Acidente com Vítima;567,02;BR-040/MG;Norte;Choque com objeto fixo;1;0;0;0;0;0;0;0;0;0;0;0;0;1;0
27/05/2018;06:36:00;20;Acidente sem Vítima;464,5;BR-040/MG;Sul;Capotamento;1;0;0;0;0;0;0;0;0;0;1;0;0;0;0
27/05/2018;06:01:00;17;Acidente com Vítima;540,1;BR-040/MG;Sul;Choque em defensa;0;0;0;1;0;0;0;0;0;0;0;0;1;0;0
26/05/2018;22:38:00;151;Acidente sem Vítima;7,303;BR-040/GO;Sul;Queda de Moto;0;0;0;1;0;0;0;0;0;0;2;0;0;0;0
26/05/2018;16:11:00;108;Acidente sem Vítima;566,103;BR-040/MG;Norte;Choque em defensa;1;0;0;0;0;0;0;0;0;0;1;0;0;0;0
26/05/2018;11:59:00;79;Acidente com Vítima;7;BR-040/GO;Norte;Colisão traseira;1;0;0;1;0;0;0;0;0;0;3;2;0;0;0
26/05/2018;00:39:00;30;Acidente sem Vítima;546;BR-040/MG;Sul;Choque com objeto fixo;1;0;0;0;0;0;0;0;0;0;1;0;0;0;0
25/05/2018;20:27:00;178;Acidente sem Vítima;563;BR-040/MG;Sul;Capotamento;1;0;0;0;0;0;0;0;0;0;3;0;0;0;0
25/05/2018;19:34:00;162;Acidente com Vítima;508;BR-040/MG;Sul;Atropelamento de animal;0;0;0;1;0;0;0;0;0;0;0;2;0;0;0
25/05/2018;18:31:00;145;Acidente sem Vítima;5,15;BR-040/GO;Sul;Abalroamento longitudinal;0;0;0;2;0;0;0;0;0;0;2;0;0;0;0
25/05/2018;14:25:00;102;Acidente com Vítima;3,5;BR-040/GO;Norte;Abalroamento longitudinal;1;0;0;1;0;0;0;0;0;0;1;1;0;0;0
25/05/2018;14:22:00;101;Acidente com Vítima;501,231;BR-040/MG;Norte;Queda de Carga;1;0;0;0;0;0;0;0;0;0;0;1;1;0;0
25/05/2018;12:19:00;94;Acidente sem Vítima;9,01;BR-040/GO;Sul;Choque com objeto fixo;1;0;0;0;0;0;0;0;0;0;1;0;0;0;0
25/05/2018;08:54:00;77;Acidente com Vítima;543;BR-040/MG;Sul;Colisão traseira;1;0;0;1;0;0;0;0;0;0;1;0;1;0;0
25/05/2018;07:01:00;54;Acidente sem Vítima;518;BR-040/MG;Sul;Queda de Moto;0;0;0;1;0;0;0;0;0;0;1;0;0;0;0
25/05/2018;01:30:00;10;Acidente sem Vítima;3,5;BR-040/GO;Norte;Outros;1;0;0;0;0;0;0;0;0;0;1;0;0;0;0
25/05/2018;00:53:00;7;Acidente sem Vítima;79,5;BR-040/MG;Norte;Atropelamento de animal;1;0;0;0;0;0;0;0;0;0;2;0;0;0;0
24/05/2018;19:03:00;209;Acidente sem Vítima;295,4;BR-040/MG;Norte;Atropelamento de animal;2;0;0;0;0;0;0;0;0;0;8;0;0;0;0
24/05/2018;18:35:00;206;Atropelamento sem Morte;6,2;BR-040/DF;Sul;Atropelamento de pedestre atravessando;0;0;0;1;0;0;0;0;0;0;0;1;0;0;0
24/05/2018;17:10:00;195;Acidente com Vítima;51;BR-040/MG;Sul;Abalroamento longitudinal;1;0;1;0;0;0;0;0;0;0;2;1;0;0;0
24/05/2018;15:16:00;180;Acidente sem Vítima;529,2;BR-040/MG;Sul;Colisão traseira;1;0;1;0;0;0;0;0;0;0;2;0;0;0;0
24/05/2018;14:46:00;174;Acidente sem Vítima;529,3;BR-040/MG;Sul;Abalroamento longitudinal;0;0;2;0;0;0;0;0;0;0;4;0;0;0;0
24/05/2018;13:39:00;165;Acidente sem Vítima;301;BR-040/MG;Sul;Outros;1;0;0;0;0;0;0;0;0;0;1;0;0;0;0
24/05/2018;13:19:00;161;Acidente com Vítima;467,15;BR-040/MG;Norte;Abalroamento longitudinal;0;0;0;1;0;0;0;0;0;1;1;1;0;0;0
24/05/2018;11:14:00;132;Acidente com Morte;533,15;BR-040/MG;Norte;Choque com objeto fixo;1;0;0;1;0;0;0;0;0;0;1;0;0;0;1
24/05/2018;09:13:00;101;Acidente com Vítima;530,02;BR-040/MG;Norte;Queda de Moto;0;0;0;1;0;0;0;0;0;0;0;1;0;0;0
24/05/2018;06:31:00;42;Acidente com Vítima;534,9;BR-040/MG;Norte;Colisão traseira;2;0;0;0;0;0;0;0;0;0;0;2;1;0;0
23/05/2018;23:03:00;247;Acidente com Vítima;2,5;BR-040/GO;Sul;Queda de Moto;0;0;0;1;0;0;0;0;0;0;0;1;0;0;0
23/05/2018;23:01:00;246;Acidente sem Vítima;127,3;BR-040/MG;Norte;Atropelamento de animal;1;0;0;0;0;0;0;0;0;0;5;0;0;0;0
23/05/2018;21:59:00;243;Acidente com Vítima;348,2;BR-040/MG;Norte;Atropelamento de animal;1;0;0;0;0;0;0;0;0;0;0;3;1;0;0
23/05/2018;20:15:00;226;Acidente sem Vítima;509,1;BR-040/MG;Sul;Colisão traseira;2;0;0;0;0;0;0;0;0;0;5;0;0;0;0
23/05/2018;19:31:00;222;Acidente com Vítima;436,2;BR-040/MG;Sul;Queda de Carga;0;0;1;0;0;0;0;0;0;0;0;1;0;0;0
23/05/2018;19:22:00;220;Acidente com Vítima;0,9;BR-040/DF;Sul;Abalroamento longitudinal;2;0;0;1;0;0;0;0;0;0;4;0;0;1;0
23/05/2018;18:50:00;212;Atropelamento sem Morte;21,8;BR-040/GO;Norte;Atropelamento de pedestre atravessando;0;0;0;1;0;0;0;0;0;0;2;0;0;0;0
23/05/2018;17:02:00;196;Acidente sem Vítima;9;BR-040/GO;Norte;Abalroamento longitudinal;2;0;0;0;0;0;0;0;0;0;4;0;0;0;0
23/05/2018;13:48:00;164;Acidente com Vítima;41,15;BR-040/MG;Sul;Abalroamento transversal;1;0;0;1;0;0;0;0;0;0;1;1;0;0;0
23/05/2018;12:33:00;158;Acidente sem Vítima;510,5;BR-040/MG;Norte;Colisão traseira;2;0;0;0;0;0;0;0;0;0;2;0;0;0;0
23/05/2018;11:14:00;140;Acidente sem Vítima;510,15;BR-040/MG;Norte;Colisão traseira;2;0;0;0;0;0;0;0;0;0;2;0;0;0;0
22/05/2018;18:49:00;231;Acidente com Vítima;738,9;BR-040/MG;Norte;Queda de Moto;0;0;0;1;0;0;0;0;0;0;0;0;1;0;0
22/05/2018;18:42:00;229;Atropelamento com Morte;614,415;BR-040/MG;Sul;Atropelamento de pedestre atravessando;1;0;0;0;0;0;0;0;0;0;1;0;0;0;1
22/05/2018;18:13:00;221;Acidente com Vítima;42;BR-040/MG;Norte;Abalroamento longitudinal;1;0;0;1;0;0;0;0;0;0;2;2;0;0;0
22/05/2018;06:48:00;78;Acidente com Vítima;536,1;BR-040/MG;Norte;Queda de Moto;0;0;0;1;0;0;0;0;0;0;0;0;1;0;0
22/05/2018;06:42:00;72;Acidente com Vítima;508,1;BR-040/MG;Sul;Atropelamento de animal;0;0;0;1;0;0;0;0;0;0;0;1;0;0;0
22/05/2018;05:40:00;64;Acidente com Vítima;557,1;BR-040/MG;Sul;Choque com objeto fixo;0;0;0;0;1;0;0;0;0;0;0;1;2;0;0
21/05/2018;23:50:00;267;Acidente sem Vítima;536,6;BR-040/MG;Sul;Choque em barreira New Jersey;1;0;0;0;0;0;0;0;0;0;4;0;0;0;0
21/05/2018;12:45:00;161;Acidente sem Vítima;453,5;BR-040/MG;Sul;Choque com objeto fixo;2;0;0;0;0;0;0;0;0;0;2;0;0;0;0
21/05/2018;09:33:00;107;Acidente sem Vítima;505,1;BR-040/MG;Norte;Abalroamento longitudinal;2;0;0;0;0;0;0;0;0;0;2;0;0;0;0
21/05/2018;08:24:00;89;Acidente sem Vítima;509,1;BR-040/MG;Norte;Colisão traseira;3;0;0;0;0;0;0;0;0;0;3;0;0;0;0
21/05/2018;07:35:00;78;Acidente sem Vítima;509,1;BR-040/MG;Norte;Colisão traseira;3;0;0;0;0;0;0;0;0;0;3;0;0;0;0
21/05/2018;06:25:00;65;Acidente sem Vítima;429,1;BR-040/MG;Norte;Choque em defensa;1;0;0;0;0;0;0;0;0;0;1;0;0;0;0
20/05/2018;20:15:00;256;Acidente sem Vítima;643,05;BR-040/MG;Norte;Colisão traseira;1;0;1;0;0;0;0;0;0;0;3;0;0;0;0
20/05/2018;20:12:00;255;Acidente sem Vítima;25,1;BR-040/GO;Norte;Choque com objeto fixo;0;0;0;1;0;0;0;0;0;0;1;0;0;0;0
20/05/2018;19:47:00;249;Acidente sem Vítima;476,1;BR-040/MG;Norte;Colisão traseira;2;0;0;0;0;0;0;0;0;0;2;0;0;0;0
20/05/2018;18:44:00;231;Acidente com Vítima;611,6;BR-040/MG;Norte;Colisão traseira;2;0;0;0;0;0;0;0;0;0;3;1;1;0;0
20/05/2018;18:31:00;224;Acidente sem Vítima;552,2;BR-040/MG;Norte;Colisão traseira;2;0;0;0;0;0;0;0;0;0;6;0;0;0;0
20/05/2018;18:29:00;222;Acidente com Vítima;644,6;BR-040/MG;Sul;Colisão traseira;1;0;1;0;0;0;0;0;0;0;1;1;0;0;0
20/05/2018;17:51:00;212;Acidente sem Vítima;12,9;BR-040/GO;Norte;Colisão traseira;2;0;0;0;0;0;0;0;0;0;2;0;0;0;0
20/05/2018;17:27:00;202;Acidente sem Vítima;432,3;BR-040/MG;Sul;Capotamento;1;0;0;0;0;0;0;0;0;0;1;0;0;0;0
20/05/2018;15:30:00;183;Acidente sem Vítima;508;BR-040/MG;Sul;Colisão traseira;2;0;0;0;0;0;0;0;0;0;2;0;0;0;0
20/05/2018;14:12:00;164;Acidente sem Vítima;533,4;BR-040/MG;Sul;Abalroamento longitudinal;2;0;0;0;0;0;0;0;0;0;5;0;0;0;0
20/05/2018;14:12:00;165;Acidente sem Vítima;6,9;BR-040/GO;Sul;Queda de Moto;0;0;0;1;0;0;0;0;0;0;1;0;0;0;0
20/05/2018;13:31:00;151;Acidente com Vítima;549;BR-040/MG;Norte;Capotamento;1;0;0;0;0;0;0;0;0;0;0;1;0;0;0
20/05/2018;11:10:00;118;Acidente com Vítima;543,8;BR-040/MG;Norte;Queda de Moto;0;0;0;1;0;0;0;0;0;0;1;1;0;0;0
20/05/2018;09:17:00;89;Acidente com Vítima;689;BR-040/MG;Norte;Queda de Carga;0;0;1;0;0;0;0;0;0;0;2;0;1;0;0
20/05/2018;06:50:00;41;Atropelamento sem Morte;11,5;BR-040/GO;Sul;Atropelamento de pedestre atravessando;2;0;0;0;0;0;0;0;0;0;1;1;0;0;0
20/05/2018;06:11:00;36;Acidente sem Vítima;579;BR-040/MG;Norte;Abalroamento longitudinal;2;0;0;0;0;0;0;0;0;0;3;0;0;0;0
20/05/2018;06:02:00;35;Acidente sem Vítima;7,3;BR-040/DF;Sul;Queda de Moto;0;0;0;1;0;0;0;0;0;0;1;0;0;0;0
19/05/2018;23:40:00;352;Acidente sem Vítima;437,2;BR-040/MG;Sul;Capotamento;1;0;0;0;0;0;0;0;0;0;1;0;0;0;0
19/05/2018;23:14:00;347;Acidente sem Vítima;420,1;BR-040/MG;Sul;Colisão traseira;2;0;0;0;0;0;0;0;0;0;3;0;0;0;0
19/05/2018;21:15:00;330;Acidente sem Vítima;129,1;BR-040/MG;Norte;Colisão traseira;1;0;0;1;0;0;0;0;0;0;2;0;0;0;0
19/05/2018;21:06:00;326;Acidente com Vítima;517,1;BR-040/MG;Norte;Choque com objeto fixo;1;0;0;0;0;0;0;0;0;0;3;1;0;0;0
19/05/2018;20:44:00;321;Acidente sem Vítima;462,1;BR-040/MG;Sul;Choque em defensa;0;0;1;0;0;0;0;0;0;0;1;0;0;0;0
19/05/2018;20:37:00;320;Atropelamento com Morte;432,2;BR-040/MG;Norte;Atropelamento de pedestre caminhando;1;0;0;0;0;0;0;0;0;0;1;0;0;0;1
19/05/2018;20:06:00;313;Acidente sem Vítima;544,95;BR-040/MG;Sul;Capotamento;1;0;0;0;0;0;0;0;0;0;3;0;0;0;0
19/05/2018;19:49:00;309;Acidente sem Vítima;504,8;BR-040/MG;Norte;Choque com objeto fixo;1;0;0;0;0;0;0;0;0;0;2;0;0;0;0
19/05/2018;19:45:00;307;Acidente com Vítima;435,2;BR-040/MG;Norte;Queda de Carga;0;0;0;0;0;1;0;0;0;0;2;0;1;0;0
19/05/2018;18:48:00;294;Acidente sem Vítima;195,1;BR-040/MG;Norte;Choque em defensa;1;0;0;0;0;0;0;0;0;0;1;0;0;0;0
19/05/2018;18:35:00;288;Acidente sem Vítima;527,4;BR-040/MG;Sul;Colisão traseira;2;0;0;0;0;0;0;0;0;0;2;0;0;0;0
19/05/2018;18:35:00;289;Acidente sem Vítima;515,12;BR-040/MG;Norte;Choque com objeto fixo;1;0;0;0;0;0;0;0;0;0;2;0;0;0;0
19/05/2018;18:34:00;287;Acidente com Vítima;462,4;BR-040/MG;Norte;Capotamento;1;0;0;0;0;0;0;0;0;0;6;1;2;0;0
19/05/2018;18:08:00;279;Acidente sem Vítima;3,5;BR-040/GO;Norte;Colisão traseira;3;0;0;0;0;0;0;0;0;0;3;0;0;0;0
19/05/2018;15:29:00;236;Acidente sem Vítima;618;BR-040/MG;Sul;Colisão traseira;2;0;0;0;0;0;0;0;0;0;5;0;0;0;0
19/05/2018;15:27:00;235;Acidente com Vítima;48,8;BR-040/MG;Norte;Queda de Carga;0;0;1;0;0;0;0;0;0;0;0;1;0;0;0
19/05/2018;13:58:00;208;Acidente com Vítima;562;BR-040/MG;Sul;Colisão traseira;2;0;2;0;1;0;0;0;0;0;5;1;4;0;0
19/05/2018;13:36:00;201;Acidente sem Vítima;658;BR-040/MG;Sul;Queda de Moto;0;0;0;1;0;0;0;0;0;0;1;0;0;0;0
19/05/2018;12:51:00;189;Acidente sem Vítima;474;BR-040/MG;Norte;Choque com objeto fixo;0;0;1;0;0;0;0;0;0;0;1;0;0;0;0
19/05/2018;09:13:00;128;Acidente sem Vítima;0,05;BR-040/GO;Norte;Colisão traseira;3;0;0;0;0;0;0;0;0;0;3;0;0;0;0
19/05/2018;07:02:00;73;Acidente sem Vítima;716;BR-040/MG;Norte;Capotamento;1;0;0;0;0;0;0;0;0;0;1;0;0;0;0
19/05/2018;06:55:00;72;Acidente com Vítima;534,3;BR-040/MG;Norte;Colisão traseira;1;0;0;1;0;0;0;0;0;0;0;2;0;0;0
19/05/2018;06:08:00;66;Acidente sem Vítima;739;BR-040/MG;Norte;Queda de Carga;0;0;1;0;0;0;0;0;0;0;1;0;0;0;0
19/05/2018;03:23:00;30;Acidente sem Vítima;133,01;BR-040/MG;Sul;Atropelamento de animal;1;0;0;0;0;0;0;0;0;0;2;0;0;0;0
18/05/2018;22:31:00;336;Acidente sem Vítima;516,428;BR-040/MG;Norte;Choque com objeto fixo;1;0;0;0;0;0;0;0;0;0;2;0;0;0;0
18/05/2018;19:02:00;284;Acidente com Vítima;771,05;BR-040/MG;Sul;Queda de Moto;0;0;0;1;0;0;0;0;0;0;0;0;1;0;0
18/05/2018;12:18:00;181;Atropelamento sem Morte;532,6;BR-040/MG;Sul;Atropelamento de pedestre atravessando;0;0;0;1;0;0;0;0;0;0;1;1;0;0;0
18/05/2018;10:46:00;170;Acidente com Vítima;126,001;BR-040/MG;Sul;Queda de Carga;0;0;1;0;0;0;0;0;0;0;0;0;0;1;0
18/05/2018;09:04:00;137;Acidente sem Vítima;109,1;BR-040/MG;Sul;Choque com objeto fixo;0;0;1;0;0;0;0;0;0;0;1;0;0;0;0
17/05/2018;20:42:00;328;Acidente com Vítima;526,167;BR-040/MG;Norte;Colisão traseira;1;0;0;0;0;1;0;0;0;0;2;1;0;0;0
17/05/2018;20:21:00;326;Acidente sem Vítima;1,2;BR-040/DF;Sul;Colisão traseira;5;0;0;0;0;0;0;0;0;0;8;0;0;0;0
17/05/2018;18:35:00;303;Atropelamento sem Morte;0,5;BR-040/GO;Sul;Atropelamento de pedestre atravessando;0;0;0;1;0;0;0;0;0;0;1;1;0;0;0
17/05/2018;18:29:00;301;Acidente sem Vítima;665;BR-040/MG;Norte;Colisão traseira;2;0;0;0;0;0;0;0;0;0;2;0;0;0;0
17/05/2018;17:47:00;289;Acidente sem Vítima;497,379;BR-040/MG;Sul;Colisão traseira;2;0;0;0;0;0;0;0;0;0;4;0;0;0;0
17/05/2018;16:53:00;274;Acidente sem Vítima;568;BR-040/MG;Sul;Abalroamento transversal;1;0;1;0;0;0;0;0;0;0;2;0;0;0;0