data;horario;n_da_ocorrencia;tipo_de_ocorrencia;km;trecho;sentido;tipo_de_acidente;automovel;bicicleta;caminhao;moto;onibus;outros;tracao_animal;transporte_de_cargas_especiais;trator_maquinas;utilitarios;ilesos;levemente_feridos;moderadamente_feridos;gravemente_feridos;mortos
17/05/2018;16:34:00;265;Acidente com Vítima;1,8;BR-040/GO;Sul;Colisão traseira;2;0;0;1;0;0;0;0;0;0;2;1;0;0;0
17/05/2018;15:18:00;242;Acidente sem Vítima;538,02;BR-040/MG;Sul;Queda de Moto;0;0;0;1;0;0;0;0;0;0;1;0;0;0;0
17/05/2018;14:26:00;236;Acidente com Morte;590,3;BR-040/MG;Norte;Abalroamento transversal;1;0;1;0;0;0;0;0;0;0;1;0;0;0;1
17/05/2018;13:39:00;220;Acidente com Vítima;594,5;BR-040/MG;Norte;Queda de Moto;0;0;0;1;0;0;0;0;0;0;1;0;1;0;0
17/05/2018;11:30:00;183;Acidente com Morte;431,2;BR-040/MG;Sul;Capotamento;1;0;0;0;0;0;0;0;0;0;0;2;0;0;2
17/05/2018;11:06:00;175;Acidente sem Vítima;730,8;BR-040/MG;Norte;Choque em barreira New Jersey;1;0;0;0;0;0;0;0;0;0;1;0;0;0;0
17/05/2018;07:42:00;113;Acidente com Vítima;3,5;BR-040/DF;Norte;Abalroamento transversal;1;0;0;1;0;0;0;0;0;0;1;1;0;0;0
17/05/2018;07:34:00;110;Acidente com Vítima;6,9;BR-040/GO;Norte;Colisão traseira;1;0;0;1;0;0;0;0;0;0;1;1;0;0;0
17/05/2018;02:02:00;75;Acidente com Vítima;599,4;BR-040/MG;Norte;Colisão traseira;0;0;1;0;0;1;0;0;0;0;1;1;0;0;0
16/05/2018;18:38:00;263;Acidente sem Vítima;534;BR-040/MG;Norte;Colisão traseira;3;0;0;0;0;0;0;0;0;0;4;0;0;0;0
16/05/2018;17:51:00;252;Acidente sem Vítima;565,3;BR-040/MG;Sul;Outros;2;0;0;0;0;0;0;0;0;0;3;0;0;0;0
16/05/2018;13:33:00;187;Acidente sem Vítima;487;BR-040/MG;Norte;Colisão traseira;0;0;1;0;0;1;0;0;0;0;2;0;0;0;0
16/05/2018;10:32:00;147;Acidente sem Vítima;413,5;BR-040/MG;Norte;Abalroamento longitudinal;2;0;0;0;0;0;0;0;0;0;2;0;0;0;0
16/05/2018;07:31:00;90;Acidente sem Vítima;536;BR-040/MG;Norte;Colisão traseira;1;0;0;1;0;0;0;0;0;0;2;0;0;0;0
15/05/2018;18:58:00;271;Acidente com Vítima;14,1;BR-040/GO;Sul;Colisão traseira;1;0;0;1;0;0;0;0;0;0;1;1;0;0;0
15/05/2018;18:49:00;268;Acidente sem Vítima;1,8;BR-040/GO;Norte;Colisão traseira;3;0;0;0;0;0;0;0;0;0;4;0;0;0;0
15/05/2018;15:10:00;232;Acidente sem Vítima;519,15;BR-040/MG;Sul;Colisão traseira;2;0;0;0;0;0;0;0;0;0;2;0;0;0;0
15/05/2018;13:05:00;206;Acidente sem Vítima;541;BR-040/MG;Norte;Choque em barreira New Jersey;1;0;0;0;0;0;0;0;0;0;1;0;0;0;0
15/05/2018;12:59:00;205;Acidente com Vítima;512;BR-040/MG;Norte;Queda de Moto;0;0;0;1;0;0;0;0;0;0;2;1;0;0;0
15/05/2018;10:11:00;161;Acidente sem Vítima;580,89;BR-040/MG;Norte;Abalroamento longitudinal;1;0;1;0;0;0;0;0;0;0;3;0;0;0;0
15/05/2018;07:00:00;99;Acidente sem Vítima;5,1;BR-040/DF;Norte;Abalroamento longitudinal;1;0;0;1;0;0;0;0;0;0;2;0;0;0;0
15/05/2018;05:50:00;71;Acidente com Vítima;5,005;BR-040/DF;Norte;Colisão traseira;1;0;0;1;0;0;0;0;0;0;1;2;0;0;0
14/05/2018;22:03:00;302;Acidente sem Vítima;320,607;BR-040/MG;Sul;Capotamento;1;0;0;0;0;0;0;0;0;0;3;0;0;0;0
14/05/2018;21:31:00;294;Acidente sem Vítima;514;BR-040/MG;Norte;Capotamento;1;0;0;0;0;0;0;0;0;0;1;0;0;0;0
14/05/2018;18:51:00;254;Acidente com Vítima;538;BR-040/MG;Norte;Colisão traseira;1;0;0;1;0;0;0;0;0;0;1;1;0;0;0
14/05/2018;18:48:00;253;Acidente sem Vítima;2,2;BR-040/GO;Norte;Colisão traseira;1;0;0;1;0;0;0;0;0;0;5;0;0;0;0
14/05/2018;18:32:00;246;Acidente com Vítima;499;BR-040/MG;Norte;Outros;1;0;1;0;0;1;0;0;0;0;2;2;0;0;0
14/05/2018;18:15:00;241;Acidente sem Vítima;532;BR-040/MG;Norte;Abalroamento longitudinal;0;0;0;2;0;0;0;0;0;0;2;0;0;0;0
14/05/2018;17:21:00;228;Acidente sem Vítima;754,95;BR-040/MG;Sul;Choque com objeto fixo;1;0;0;0;0;0;0;0;0;0;6;0;0;0;0
14/05/2018;17:19:00;227;Atropelamento sem Morte;6,068;BR-040/GO;Sul;Atropelamento de ciclista;0;1;1;0;0;0;0;0;0;0;30;0;0;0;0
14/05/2018;16:32:00;216;Acidente sem Vítima;535,648;BR-040/MG;Norte;Colisão traseira;1;0;1;0;0;0;0;0;0;0;2;0;0;0;0
14/05/2018;11:20:00;149;Acidente com Vítima;501,4;BR-040/MG;Norte;Colisão traseira;2;0;0;0;0;0;0;0;0;0;2;1;1;0;0
14/05/2018;07:32:00;67;Acidente sem Vítima;727,1;BR-040/MG;Sul;Choque em barreira New Jersey;1;0;0;0;0;0;0;0;0;0;1;0;0;0;0
14/05/2018;07:32:00;68;Acidente sem Vítima;437;BR-040/MG;Sul;Colisão traseira;1;0;1;0;0;0;0;0;0;0;2;0;0;0;0
14/05/2018;07:29:00;65;Acidente sem Vítima;511;BR-040/MG;Norte;Colisão traseira;1;0;0;0;0;2;0;0;0;0;3;0;0;0;0
14/05/2018;07:28:00;66;Acidente sem Vítima;717,8;BR-040/MG;Norte;Choque em defensa;1;0;0;0;0;0;0;0;0;0;1;0;0;0;0
14/05/2018;07:19:00;60;Acidente sem Vítima;730,1;BR-040/MG;Norte;Choque em barreira New Jersey;1;0;0;0;0;0;0;0;0;0;1;0;0;0;0
14/05/2018;07:12:00;56;Acidente sem Vítima;717,8;BR-040/MG;Norte;Choque em defensa;1;0;0;0;0;0;0;0;0;0;1;0;0;0;0
14/05/2018;06:56:00;51;Acidente sem Vítima;727,1;BR-040/MG;Sul;Choque em barreira New Jersey;1;0;0;0;0;0;0;0;0;0;1;0;0;0;0
14/05/2018;06:48:00;48;Acidente sem Vítima;529;BR-040/MG;Sul;Colisão traseira;4;0;0;0;0;0;0;0;0;0;4;0;0;0;0
14/05/2018;06:30:00;44;Acidente sem Vítima;749,8;BR-040/MG;Sul;Choque com objeto fixo;0;0;0;1;0;0;0;0;0;0;1;0;0;0;0
14/05/2018;00:36:00;5;Acidente sem Vítima;22,5;BR-040/GO;Norte;Choque com objeto fixo;1;0;0;0;0;0;0;0;0;0;2;0;0;0;0
13/05/2018;21:04:00;228;Acidente sem Vítima;529;BR-040/MG;Norte;Capotamento;1;0;0;0;0;0;0;0;0;0;1;0;0;0;0
13/05/2018;20:51:00;224;Acidente sem Vítima;577,2;BR-040/MG;Norte;Choque com objeto fixo;1;0;0;0;0;0;0;0;0;0;1;0;0;0;0
13/05/2018;19:11:00;196;Acidente com Vítima;29,119;BR-040/GO;Norte;Queda de Carga;0;0;1;0;0;0;0;0;0;0;0;0;0;0;0
13/05/2018;18:16:00;180;Acidente sem Vítima;650,5;BR-040/MG;Norte;Abalroamento transversal;2;0;0;0;0;0;0;0;0;0;6;0;0;0;0
13/05/2018;18:06:00;175;Acidente sem Vítima;4,8;BR-040/GO;Norte;Colisão traseira;1;0;0;0;0;1;0;0;0;0;3;0;0;0;0
13/05/2018;17:55:00;168;Acidente sem Vítima;641,1;BR-040/MG;Sul;Colisão traseira;2;0;0;0;0;0;0;0;0;0;3;0;0;0;0
13/05/2018;17:03:00;154;Acidente com Vítima;509;BR-040/MG;Sul;Colisão traseira;2;0;0;0;0;0;0;0;0;0;1;1;0;0;0
13/05/2018;16:10:00;145;Acidente com Vítima;12,9;BR-040/GO;Sul;Abalroamento longitudinal;2;0;0;0;0;0;0;0;0;0;2;2;0;0;0
13/05/2018;15:15:00;131;Acidente com Vítima;589,1;BR-040/MG;Norte;Queda de Carga;1;0;1;0;0;0;0;0;0;0;1;0;1;0;0
13/05/2018;12:50:00;102;Acidente sem Vítima;6,8;BR-040/GO;Norte;Atropelamento de animal;1;0;0;0;0;0;0;0;0;0;1;0;0;0;0
13/05/2018;04:26:00;24;Acidente sem Vítima;432,058;BR-040/MG;Norte;Choque com objeto fixo;1;0;0;0;0;0;0;0;0;0;4;0;0;0;0
13/05/2018;01:22:00;9;Acidente com Morte;531,9;BR-040/MG;Norte;Colisão traseira;0;0;0;2;0;0;0;0;0;0;0;0;1;0;1
12/05/2018;21:43:00;307;Acidente sem Vítima;10;BR-040/GO;Sul;Outros;1;0;0;0;0;0;0;0;0;0;1;0;0;0;0
12/05/2018;20:24:00;292;Acidente com Vítima;11,2;BR-040/GO;Sul;Colisão traseira;1;0;0;1;0;0;0;0;0;0;1;1;1;0;0
12/05/2018;19:22:00;282;Acidente sem Vítima;7,05;BR-040/GO;Norte;Colisão traseira;2;0;0;0;0;0;0;0;0;0;3;0;0;0;0
12/05/2018;18:55:00;276;Atropelamento sem Morte;423,8;BR-040/MG;Norte;Atropelamento de pedestre atravessando;1;0;0;0;0;0;0;0;0;0;3;0;1;0;0
12/05/2018;16:44:00;248;Acidente com Vítima;511,2;BR-040/MG;Norte;Colisão traseira;1;0;0;1;0;0;0;0;0;0;1;0;1;0;0
12/05/2018;12:56:00;190;Acidente sem Vítima;515,2;BR-040/MG;Norte;Abalroamento longitudinal;2;0;0;0;0;0;0;0;0;0;3;0;0;0;0
12/05/2018;12:21:00;180;Acidente com Vítima;515,2;BR-040/MG;Sul;Colisão traseira;1;0;0;1;0;0;0;0;0;0;1;0;1;0;0
12/05/2018;10:12:00;156;Acidente sem Vítima;457,4;BR-040/MG;Sul;Colisão traseira;1;0;1;0;0;0;0;0;0;0;2;0;0;0;0
12/05/2018;09:29:00;138;Acidente sem Vítima;657;BR-040/MG;Sul;Choque em barreira New Jersey;1;0;0;0;0;0;0;0;0;0;1;0;0;0;0
12/05/2018;09:20:00;134;Acidente com Vítima;764;BR-040/MG;Sul;Choque com objeto fixo;0;0;1;0;0;0;0;0;0;0;3;1;0;0;0
12/05/2018;06:27:00;68;Acidente sem Vítima;527,2;BR-040/MG;Sul;Abalroamento longitudinal;1;0;1;0;0;0;0;0;0;0;2;0;0;0;0
12/05/2018;04:52:00;56;Acidente com Morte;518,15;BR-040/MG;Norte;Capotamento;1;0;0;1;0;0;0;0;0;0;1;0;0;2;1
11/05/2018;21:46:00;357;Acidente sem Vítima;179;BR-040/MG;Norte;Atropelamento de animal;0;0;0;0;0;0;0;0;0;1;1;0;0;0;0
11/05/2018;21:40:00;353;Acidente com Morte;348,5;BR-040/MG;Norte;Colisão frontal;1;0;0;1;0;0;0;0;0;0;0;4;1;0;1
11/05/2018;19:36:00;317;Acidente com Vítima;611,1;BR-040/MG;Norte;Queda de Moto;0;0;0;1;0;0;0;0;0;0;0;2;0;0;0
11/05/2018;19:12:00;306;Acidente com Vítima;672,8;BR-040/MG;Sul;Colisão traseira;2;0;0;0;0;0;0;0;0;0;8;1;0;0;0
11/05/2018;18:23:00;285;Atropelamento sem Morte;21,03;BR-040/GO;Sul;Atropelamento de pedestre atravessando;0;0;1;0;0;0;0;0;0;0;1;0;0;0;0
11/05/2018;17:57:00;278;Acidente sem Vítima;7;BR-040/GO;Norte;Colisão traseira;3;0;0;0;0;0;0;0;0;0;6;0;0;0;0
11/05/2018;17:54:00;276;Acidente com Vítima;413,5;BR-040/MG;Sul;Abalroamento transversal;2;0;0;0;0;0;0;0;0;0;4;1;1;0;0
11/05/2018;16:57:00;260;Acidente com Vítima;347;BR-040/MG;Sul;Abalroamento transversal;1;0;1;0;0;0;0;0;0;0;1;1;0;0;0
11/05/2018;14:50:00;224;Acidente sem Vítima;681,624;BR-040/MG;Norte;Colisão frontal;2;0;0;0;0;0;0;0;0;0;3;0;0;0;0
11/05/2018;14:43:00;220;Acidente sem Vítima;515,1;BR-040/MG;Norte;Colisão traseira;2;0;0;0;0;0;0;0;0;0;2;0;0;0;0
11/05/2018;13:36:00;205;Acidente sem Vítima;516,9;BR-040/MG;Norte;Colisão traseira;3;0;0;0;0;0;0;0;0;0;3;0;0;0;0
11/05/2018;12:50:00;190;Acidente com Vítima;617,8;BR-040/MG;Sul;Colisão traseira;1;0;0;1;0;0;0;0;0;0;1;0;0;0;0
11/05/2018;12:50:00;191;Acidente sem Vítima;1,5;BR-040/GO;Sul;Colisão traseira;1;0;0;1;0;0;0;0;0;0;3;0;0;0;0
11/05/2018;11:49:00;172;Acidente sem Vítima;357,5;BR-040/MG;Norte;Colisão traseira;1;0;1;0;0;0;0;0;0;0;2;0;0;0;0
11/05/2018;10:20:00;148;Acidente sem Vítima;585,2;BR-040/MG;Norte;Colisão frontal;1;0;1;0;0;0;0;0;0;0;2;0;0;0;0
11/05/2018;10:06:00;143;Acidente sem Vítima;541,7;BR-040/MG;Sul;Colisão traseira;2;0;0;0;0;0;0;0;0;0;2;0;0;0;0
11/05/2018;09:41:00;135;Acidente com Vítima;79,83;BR-040/MG;Sul;Queda de Carga;0;0;1;0;0;0;0;0;0;0;0;0;1;0;0
11/05/2018;07:28:00;93;Acidente sem Vítima;523,25;BR-040/MG;Sul;Queda de Moto;0;0;0;1;0;0;0;0;0;0;1;0;0;0;0
11/05/2018;03:33:00;67;Acidente sem Vítima;530,1;BR-040/MG;Sul;Colisão traseira;1;0;1;0;0;0;0;0;0;0;2;0;0;0;0
10/05/2018;20:24:00;303;Atropelamento sem Morte;611,058;BR-040/MG;Sul;Atropelamento de pedestre caminhando;0;0;1;0;0;0;0;0;0;0;1;0;0;1;0
10/05/2018;19:03:00;287;Atropelamento sem Morte;737,782;BR-040/MG;Sul;Atropelamento de pedestre caminhando;0;0;0;1;0;0;0;0;0;0;0;2;0;0;0
10/05/2018;17:22:00;264;Atropelamento sem Morte;508,2;BR-040/MG;Norte;Atropelamento de pedestre caminhando;0;0;0;1;0;0;0;0;0;0;1;1;0;0;0
10/05/2018;16:44:00;256;Acidente sem Vítima;134,231;BR-040/GO;Sul;Colisão traseira;1;0;0;1;0;0;0;0;0;0;3;0;0;0;0
10/05/2018;15:05:00;233;Acidente com Vítima;44,659;BR-040/MG;Norte;Colisão traseira;1;0;0;1;0;0;0;0;0;0;1;1;0;0;0
10/05/2018;14:23:00;223;Acidente sem Vítima;499,94;BR-040/MG;Sul;Queda de Moto;0;0;0;1;0;0;0;0;0;0;1;0;0;0;0
10/05/2018;14:09:00;221;Acidente sem Vítima;100,326;BR-040/MG;Norte;Choque com objeto fixo;0;0;1;0;0;0;0;0;0;0;1;0;0;0;0
10/05/2018;13:56:00;216;Acidente com Vítima;8,2;BR-040/GO;Norte;Capotamento;1;0;0;0;0;0;0;0;0;0;0;0;1;0;0
10/05/2018;12:33:00;203;Acidente sem Vítima;9,121;BR-040/GO;Norte;Abalroamento longitudinal;1;0;0;0;1;0;0;0;0;0;2;0;0;0;0
10/05/2018;08:26:00;129;Acidente com Vítima;271,05;BR-040/MG;Norte;Abalroamento transversal;1;0;1;0;0;0;0;0;0;0;2;0;1;0;0
10/05/2018;07:25:00;98;Acidente com Vítima;119,9;BR-040/MG;Sul;Abalroamento transversal;2;0;0;0;0;0;0;0;0;0;1;2;1;0;0
10/05/2018;05:23:00;83;Acidente sem Vítima;500,67;BR-040/MG;Sul;Choque com objeto fixo;1;0;0;0;0;0;0;0;0;0;2;0;0;0;0
10/05/2018;00:21:00;19;Acidente sem Vítima;541;BR-040/MG;Norte;Outros;2;0;0;0;0;0;0;0;0;0;3;0;0;0;0
09/05/2018;19:40:00;282;Acidente sem Vítima;598,872;BR-040/MG;Norte;Colisão traseira;0;0;2;0;0;0;0;0;0;0;2;0;0;0;0
09/05/2018;19:38:00;280;Acidente com Vítima;2;BR-040/GO;Norte;Abalroamento longitudinal;1;0;0;1;0;0;0;0;0;0;1;0;0;0;0
09/05/2018;19:04:00;273;Acidente sem Vítima;538;BR-040/MG;Norte;Colisão traseira;4;0;0;0;0;0;0;0;0;0;8;0;0;0;0
09/05/2018;18:27:00;266;Atropelamento sem Morte;24;BR-040/GO;Norte;Atropelamento de pedestre atravessando;0;0;0;1;0;0;0;0;0;0;0;0;0;0;0
09/05/2018;17:18:00;244;Acidente com Vítima;488,5;BR-040/MG;Norte;Abalroamento longitudinal;1;0;0;1;0;0;0;0;0;0;1;1;0;0;0
09/05/2018;17:07:00;239;Acidente com Vítima;44,6;BR-040/GO;Norte;Queda de Moto;0;0;0;1;0;0;0;0;0;0;0;2;0;0;0
09/05/2018;11:34:00;175;Acidente com Vítima;528,07;BR-040/MG;Sul;Colisão traseira;1;0;0;1;0;0;0;0;0;0;1;1;0;0;0
09/05/2018;09:45:00;157;Acidente com Vítima;534,15;BR-040/MG;Norte;Outros;1;0;0;1;0;0;0;0;0;0;1;0;1;0;0
09/05/2018;09:30:00;153;Acidente com Vítima;1,6;BR-040/GO;Sul;Colisão traseira;1;0;0;1;0;0;0;0;0;0;1;1;0;0;0
09/05/2018;08:21:00;128;Acidente com Vítima;2,5;BR-040/GO;Norte;Abalroamento longitudinal;1;0;0;1;0;0;0;0;0;0;2;1;0;0;0
09/05/2018;08:06:00;110;Acidente sem Vítima;4,8;BR-040/GO;Sul;Colisão traseira;3;0;0;0;0;1;0;0;0;0;4;0;0;0;0
09/05/2018;04:38:00;76;Acidente sem Vítima;729,5;BR-040/MG;Sul;Choque com objeto fixo;1;0;0;0;0;0;0;0;0;0;1;0;0;0;0
09/05/2018;01:06:00;63;Acidente sem Vítima;715;BR-040/MG;Sul;Queda de Moto;1;0;0;0;0;0;0;0;0;0;2;0;0;0;0
08/05/2018;22:20:00;293;Atropelamento sem Morte;517,02;BR-040/MG;Norte;Atropelamento de pedestre atravessando;0;0;0;0;0;0;0;0;0;0;0;1;0;0;0
08/05/2018;18:46:00;259;Acidente sem Vítima;612;BR-040/MG;Sul;Atropelamento de animal;1;0;0;0;0;0;0;0;0;0;1;0;0;0;0
08/05/2018;11:09:00;157;Acidente sem Vítima;615;BR-040/MG;Sul;Colisão traseira;0;0;2;0;0;0;0;0;0;0;2;0;0;0;0
08/05/2018;09:34:00;134;Acidente sem Vítima;0,3;BR-040/DF;Sul;Capotamento;1;0;0;0;0;0;0;0;0;0;1;0;0;0;0
08/05/2018;07:25:00;93;Acidente sem Vítima;49,5;BR-040/MG;Norte;Abalroamento longitudinal;0;0;1;1;0;0;0;0;0;0;2;0;0;0;0
08/05/2018;04:40:00;76;Acidente sem Vítima;466,2;BR-040/MG;Norte;Choque com objeto fixo;1;0;0;0;1;0;0;0;0;0;22;0;0;0;0
07/05/2018;14:50:00;213;Acidente sem Vítima;658;BR-040/MG;Sul;Choque com objeto fixo;1;0;0;0;0;0;0;0;0;0;1;0;0;0;0
07/05/2018;08:07:00;109;Acidente sem Vítima;245,2;BR-040/MG;Norte;Colisão traseira;0;0;2;0;0;0;0;0;0;0;3;0;0;0;0
07/05/2018;08:04:00;108;Acidente sem Vítima;533;BR-040/MG;Sul;Colisão traseira;2;0;0;0;0;0;0;0;0;0;3;0;0;0;0
07/05/2018;06:49:00;92;Acidente com Vítima;28,5;BR-040/GO;Norte;Capotamento;1;0;0;0;0;0;0;0;0;0;3;3;0;0;0
07/05/2018;06:43:00;91;Acidente sem Vítima;525;BR-040/MG;Norte;Abalroamento transversal;1;0;2;0;0;0;0;0;0;0;4;0;0;0;0
07/05/2018;06:24:00;89;Acidente sem Vítima;515;BR-040/MG;Sul;Abalroamento longitudinal;1;0;0;1;0;0;0;0;0;0;2;0;0;0;0
07/05/2018;05:35:00;84;Acidente sem Vítima;142,01;BR-040/MG;Norte;Atropelamento de animal;1;0;0;0;0;0;0;0;0;0;2;0;0;0;0
06/05/2018;22:10:00;253;Acidente sem Vítima;506,068;BR-040/MG;Sul;Choque em defensa;1;0;0;0;0;0;0;0;0;0;1;0;0;0;0
06/05/2018;21:28:00;243;Acidente sem Vítima;528,106;BR-040/MG;Sul;Choque com objeto fixo;1;0;0;0;0;0;0;0;0;0;2;0;0;0;0
06/05/2018;21:23:00;240;Acidente com Vítima;52,5;BR-040/GO;Norte;Queda de Moto;0;0;0;1;0;0;0;0;0;0;1;0;1;0;0
06/05/2018;18:55:00;198;Acidente com Vítima;524,732;BR-040/MG;Sul;Capotamento;1;0;0;0;0;1;0;0;0;0;4;1;0;0;0
06/05/2018;18:18:00;185;Acidente sem Vítima;543,167;BR-040/MG;Norte;Queda de Carga;1;0;0;0;0;0;0;0;0;0;1;0;0;0;0
06/05/2018;18:08:00;182;Acidente sem Vítima;42,5;BR-040/MG;Norte;Colisão traseira;2;0;0;0;0;0;0;0;0;0;6;0;0;0;0
06/05/2018;17:34:00;176;Acidente com Vítima;27,9;BR-040/GO;Norte;Abalroamento transversal;3;0;0;0;0;0;0;0;0;0;3;0;0;0;0
06/05/2018;16:15:00;157;Acidente com Vítima;12,1;BR-040/GO;Sul;Abalroamento longitudinal;1;0;0;1;0;0;0;0;0;0;1;0;1;0;0
06/05/2018;14:46:00;118;Acidente com Vítima;555,1;BR-040/MG;Sul;Queda de Moto;0;0;0;1;0;0;0;0;0;0;0;0;1;0;0
06/05/2018;13:06:00;106;Acidente sem Vítima;14,1;BR-040/GO;Sul;Abalroamento longitudinal;1;0;0;1;0;0;0;0;0;0;2;0;0;0;0
06/05/2018;12:41:00;103;Acidente com Vítima;435,21;BR-040/MG;Sul;Queda de Moto;0;0;0;1;0;0;0;0;0;0;0;1;1;0;0
06/05/2018;12:15:00;98;Acidente com Vítima;29,6;BR-040/GO;Sul;Colisão traseira;2;0;0;0;0;0;0;0;0;0;2;2;0;0;0
06/05/2018;11:02:00;88;Acidente com Vítima;558,4;BR-040/MG;Norte;Colisão traseira;1;1;0;0;0;0;0;0;0;0;1;1;0;0;0
06/05/2018;05:43:00;42;Acidente com Vítima;634;BR-040/MG;Norte;Colisão traseira;2;0;0;0;0;0;0;0;0;0;1;1;0;0;0
06/05/2018;01:13:00;8;Acidente sem Vítima;751;BR-040/MG;Norte;Choque em barreira New Jersey;1;0;0;0;0;0;0;0;0;0;1;0;0;0;0
05/05/2018;17:45:00;221;Acidente com Vítima;498,103;BR-040/MG;Sul;Colisão traseira;1;0;0;1;0;0;0;0;0;0;1;2;0;0;0
05/05/2018;16:57:00;209;Acidente com Vítima;12,4;BR-040/GO;Norte;Abalroamento longitudinal;0;0;0;2;0;0;0;0;0;0;1;0;0;0;0
05/05/2018;15:53:00;195;Acidente com Vítima;467,8;BR-040/MG;Norte;Capotamento;1;0;0;0;0;0;0;0;0;0;0;1;0;0;0
05/05/2018;15:05:00;181;Acidente com Vítima;277,1;BR-040/MG;Norte;Abalroamento longitudinal;2;0;0;0;0;0;0;0;0;0;0;2;0;0;0
05/05/2018;14:00:00;164;Acidente com Vítima;573,365;BR-040/MG;Norte;Capotamento;1;0;0;0;0;0;0;0;0;0;1;1;0;0;0
05/05/2018;10:21:00;107;Acidente sem Vítima;3,4;BR-040/GO;Norte;Colisão traseira;3;0;0;0;0;0;0;0;0;0;3;0;0;0;0
05/05/2018;06:16:00;57;Acidente com Vítima;511,25;BR-040/MG;Norte;Colisão traseira;0;0;1;1;0;0;0;0;0;0;1;1;0;0;0
05/05/2018;05:52:00;55;Acidente sem Vítima;527,15;BR-040/MG;Sul;Colisão traseira;1;0;0;1;0;0;0;0;0;0;2;0;0;0;0
05/05/2018;04:38:00;49;Acidente com Morte;732,6;BR-040/MG;Sul;Colisão frontal;1;0;0;1;0;0;0;0;0;0;1;0;0;0;1
04/05/2018;23:01:00;355;Acidente com Vítima;47,1;BR-040/GO;Norte;Capotamento;1;0;0;0;0;0;0;0;0;0;2;1;0;0;0
04/05/2018;20:04:00;315;Atropelamento sem Morte;616,9;BR-040/MG;Norte;Atropelamento de pedestre atravessando;1;0;0;0;0;0;0;0;0;0;1;0;0;1;0
04/05/2018;19:12:00;303;Acidente sem Vítima;521;BR-040/MG;Norte;Colisão traseira;2;0;0;0;0;0;0;0;0;0;2;0;0;0;0
04/05/2018;19:03:00;299;Acidente sem Vítima;526;BR-040/MG;Sul;Colisão traseira;4;0;0;0;0;0;0;0;0;0;4;0;0;0;0
04/05/2018;18:37:00;286;Acidente sem Vítima;435;BR-040/MG;Norte;Choque com objeto fixo;1;0;0;0;0;0;0;0;0;0;1;0;0;0;0
04/05/2018;18:25:00;281;Atropelamento sem Morte;498;BR-040/MG;Norte;Atropelamento de pedestre atravessando;1;0;0;0;0;0;0;0;0;0;1;0;1;0;0
04/05/2018;17:59:00;276;Acidente com Vítima;8,2;BR-040/DF;Norte;Colisão traseira;1;0;0;1;0;0;0;0;0;0;1;1;0;0;0
04/05/2018;16:36:00;246;Acidente sem Vítima;538;BR-040/MG;Norte;Colisão traseira;1;0;0;0;1;0;0;0;0;0;2;0;0;0;0
04/05/2018;15:10:00;225;Acidente sem Vítima;588;BR-040/MG;Sul;Outros;1;0;1;0;0;0;0;0;0;0;2;0;0;0;0
04/05/2018;13:55:00;205;Acidente sem Vítima;549,5;BR-040/MG;Norte;Choque em veículo parado na pista;2;0;0;0;0;0;0;0;0;0;2;0;0;0;0
04/05/2018;12:34:00;187;Acidente sem Vítima;622,9;BR-040/MG;Norte;Choque com objeto fixo;1;0;0;0;0;0;0;0;0;0;1;0;0;0;0
04/05/2018;11:33:00;176;Acidente com Vítima;536;BR-040/MG;Sul;Colisão traseira;1;0;0;1;0;0;0;0;0;0;1;1;0;0;0
04/05/2018;09:34:00;146;Acidente sem Vítima;521,5;BR-040/MG;Sul;Colisão traseira;0;0;2;0;0;0;0;0;0;0;2;0;0;0;0
04/05/2018;08:13:00;120;Acidente sem Vítima;3,15;BR-040/GO;Norte;Colisão traseira;3;0;0;0;0;0;0;0;0;0;4;0;0;0;0
04/05/2018;07:07:00;97;Acidente com Vítima;508,1;BR-040/MG;Sul;Abalroamento longitudinal;1;0;0;1;0;0;0;0;0;0;1;1;0;0;0
04/05/2018;06:44:00;89;Acidente com Vítima;122;BR-040/GO;Norte;Choque em defensa;0;0;1;0;0;0;0;0;0;0;0;1;0;0;0
04/05/2018;06:41:00;88;Acidente com Vítima;3,1;BR-040/DF;Norte;Colisão traseira;1;0;0;1;0;0;0;0;0;0;2;1;0;0;0
04/05/2018;05:26:00;80;Acidente sem Vítima;662,4;BR-040/MG;Sul;Atropelamento de animal;1;0;0;0;0;0;0;0;0;0;1;0;0;0;0
03/05/2018;19:33:00;304;Acidente sem Vítima;597,4;BR-040/MG;Sul;Abalroamento longitudinal;2;0;0;0;0;0;0;0;0;0;4;0;0;0;0
03/05/2018;18:15:00;283;Atropelamento com Morte;12,8;BR-040/GO;Sul;Atropelamento de pedestre atravessando;1;0;0;0;0;0;0;0;0;0;2;0;0;0;1
03/05/2018;17:32:00;271;Acidente com Vítima;349,3;BR-040/MG;Sul;Atropelamento de animal;0;0;0;1;0;0;0;0;0;0;0;1;0;0;0