data;horario;n_da_ocorrencia;tipo_de_ocorrencia;km;trecho;sentido;tipo_de_acidente;automovel;bicicleta;caminhao;moto;onibus;outros;tracao_animal;transporte_de_cargas_especiais;trator_maquinas;utilitarios;ilesos;levemente_feridos;moderadamente_feridos;gravemente_feridos;mortos
21/10/2018;15:24:00;141;Acidente sem Vítima;539,1;BR-040/MG;Norte;Capotamento;1;0;0;0;0;0;0;0;0;0;4;0;0;0;0
21/10/2018;14:41:00;127;Acidente sem Vítima;507,3;BR-040/MG;Norte;Colisão traseira;2;0;0;0;0;0;0;0;0;0;2;0;0;0;0
21/10/2018;12:50:00;107;Acidente com Vítima;1,7;BR-040/GO;Norte;Queda de Moto;0;0;0;1;0;0;0;0;0;0;0;2;0;0;0
21/10/2018;12:38:00;106;Acidente sem Vítima;448,65;BR-040/MG;Norte;Abalroamento longitudinal;1;0;1;0;0;0;0;0;0;0;2;0;0;0;0
21/10/2018;11:15:00;86;Acidente sem Vítima;588;BR-040/MG;Sul;Colisão frontal;2;0;0;0;0;0;0;0;0;0;2;0;0;0;0
21/10/2018;07:39:00;39;Acidente sem Vítima;697;BR-040/MG;Sul;Choque com objeto fixo;1;0;0;0;0;0;0;0;0;0;2;0;0;0;0
21/10/2018;06:52:00;27;Acidente sem Vítima;718,1;BR-040/MG;Norte;Outros;0;0;0;0;1;0;0;0;0;0;1;0;0;0;0
21/10/2018;04:06:00;15;Acidente sem Vítima;664,654;BR-040/MG;Norte;Capotamento;1;0;0;0;0;0;0;0;0;0;1;0;0;0;0
20/10/2018;23:05:00;316;Acidente sem Vítima;503,8;BR-040/MG;Norte;Atropelamento de animal;1;0;0;0;0;0;0;0;0;0;3;0;0;0;0
20/10/2018;22:09:00;309;Acidente com Vítima;618,9;BR-040/MG;Norte;Queda de Moto;0;0;0;1;0;0;0;0;0;0;0;0;0;1;0
20/10/2018;20:37:00;291;Acidente sem Vítima;524,8;BR-040/MG;Norte;Colisão traseira;2;0;0;0;0;0;0;0;0;0;3;0;0;0;0
20/10/2018;19:34:00;272;Acidente com Vítima;549,245;BR-040/MG;Norte;Capotamento;1;0;0;0;0;0;0;0;0;0;0;0;1;0;0
20/10/2018;19:11:00;265;Acidente sem Vítima;506,4;BR-040/MG;Norte;Colisão traseira;1;0;0;0;0;0;0;0;0;0;2;0;0;0;0
20/10/2018;18:17:00;251;Acidente com Vítima;1,5;BR-040/GO;Norte;Colisão traseira;1;0;0;1;0;0;0;0;0;0;1;1;0;0;0
20/10/2018;13:35:00;193;Acidente com Vítima;133,001;BR-040/MG;Norte;Capotamento;1;0;0;0;0;0;0;0;0;0;2;1;0;0;0
20/10/2018;12:29:00;176;Acidente sem Vítima;633,5;BR-040/MG;Norte;Abalroamento longitudinal;1;0;0;1;0;0;0;0;0;0;2;0;1;0;0
20/10/2018;08:29:00;93;Acidente sem Vítima;487,2;BR-040/MG;Norte;Colisão traseira;2;0;0;0;0;0;0;0;0;0;2;0;0;0;0
20/10/2018;03:18:00;47;Acidente sem Vítima;350,8;BR-040/MG;Norte;Atropelamento de animal;1;0;1;0;0;0;0;0;0;0;4;0;0;0;0
20/10/2018;01:13:00;19;Acidente sem Vítima;504,6;BR-040/MG;Sul;Outros;1;0;0;0;0;0;0;0;0;0;2;0;0;0;0
20/10/2018;00:21:00;15;Acidente sem Vítima;1,2;BR-040/GO;Norte;Colisão traseira;1;0;0;0;0;0;0;0;0;0;4;0;0;0;0
19/10/2018;23:28:00;376;Acidente com Vítima;71,5;BR-040/GO;Norte;Capotamento;1;0;0;0;0;0;0;0;0;0;2;1;1;0;0
19/10/2018;20:09:00;339;Acidente sem Vítima;749;BR-040/MG;Norte;Capotamento;1;0;0;0;0;0;0;0;0;0;2;0;0;0;0
19/10/2018;19:43:00;338;Atropelamento sem Morte;314,7;BR-040/MG;Sul;Atropelamento de pedestre atravessando;0;0;1;0;0;0;0;0;0;0;1;1;0;0;0
19/10/2018;19:19:00;332;Acidente sem Vítima;517,1;BR-040/MG;Sul;;1;0;0;0;0;0;0;0;0;0;2;0;0;0;0
19/10/2018;18:01:00;309;Acidente sem Vítima;541,4;BR-040/MG;Norte;Colisão traseira;3;0;0;0;0;0;0;0;0;0;3;0;0;0;0
19/10/2018;12:56:00;205;Acidente sem Vítima;469,1;BR-040/MG;Norte;Queda de Carga;1;0;0;0;0;0;0;0;0;0;1;0;0;0;0
19/10/2018;11:49:00;189;Acidente sem Vítima;751,5;BR-040/MG;Sul;Choque com objeto fixo;1;0;0;0;0;0;0;0;0;0;1;0;0;0;0
19/10/2018;08:42:00;133;Acidente sem Vítima;5,5;BR-040/GO;Norte;Colisão traseira;2;0;0;0;0;0;0;0;0;0;3;0;0;0;0
19/10/2018;07:36:00;116;Acidente sem Vítima;525,1;BR-040/MG;Sul;Queda de Moto;1;0;0;0;0;0;0;0;0;0;1;0;0;0;0
19/10/2018;07:15:00;110;Acidente sem Vítima;523,8;BR-040/MG;Norte;Abalroamento longitudinal;1;0;0;1;0;0;0;0;0;0;2;0;0;0;0
19/10/2018;05:53:00;95;Acidente sem Vítima;41,1;BR-040/GO;Sul;Capotamento;1;0;0;0;0;0;0;0;0;0;1;0;0;0;0
19/10/2018;05:20:00;87;Acidente com Vítima;74,11;BR-040/GO;Norte;Choque em defensa;1;0;0;0;0;0;0;0;0;0;2;0;1;0;0
18/10/2018;23:31:00;376;Acidente com Vítima;447,1;BR-040/MG;Norte;Queda de Moto;0;0;0;1;0;0;0;0;0;0;0;1;0;0;0
18/10/2018;22:59:00;373;Acidente sem Vítima;30,1;BR-040/GO;Sul;Capotamento;1;0;0;0;0;0;0;0;0;0;1;0;0;0;0
18/10/2018;22:30:00;367;Atropelamento sem Morte;4,2;BR-040/GO;Norte;Atropelamento de pedestre atravessando;0;0;0;1;0;0;0;0;0;0;1;1;0;0;0
18/10/2018;19:51:00;342;Acidente sem Vítima;98,1;BR-040/MG;Sul;Atropelamento de animal;1;0;0;0;0;0;0;0;0;0;2;0;0;0;0
18/10/2018;18:26:00;317;Acidente sem Vítima;6,5;BR-040/GO;Norte;Colisão traseira;2;0;0;0;0;0;0;0;0;0;2;0;0;0;0
18/10/2018;18:20:00;315;Acidente sem Vítima;720,8;BR-040/MG;Sul;Capotamento;1;0;0;0;0;0;0;0;0;0;1;0;0;0;0
18/10/2018;17:31:00;303;Atropelamento sem Morte;7,7;BR-040/GO;Norte;;1;0;0;0;0;0;0;0;0;0;1;0;1;0;0
18/10/2018;16:47:00;288;Acidente com Vítima;536,5;BR-040/MG;Norte;Choque com objeto fixo;0;0;0;1;0;0;0;0;0;0;0;0;1;0;0
18/10/2018;16:46:00;287;Acidente com Vítima;69;BR-040/GO;Norte;Choque com objeto fixo;0;0;1;0;0;0;0;0;0;0;0;1;0;0;0
18/10/2018;13:58:00;245;Acidente sem Vítima;518,1;BR-040/MG;Norte;Choque com objeto na pista;0;0;0;1;0;0;0;0;0;0;1;0;0;0;0
18/10/2018;13:52:00;242;Acidente sem Vítima;537,4;BR-040/MG;Norte;Choque em defensa;1;0;0;0;0;0;0;0;0;0;1;0;0;0;0
18/10/2018;13:50:00;241;Acidente com Vítima;656;BR-040/MG;Norte;Choque em barreira New Jersey;1;0;0;0;0;0;0;0;0;0;1;1;0;0;0
18/10/2018;13:26:00;231;Atropelamento sem Morte;16,5;BR-040/GO;Sul;Atropelamento de pedestre caminhando;0;0;0;0;1;0;0;0;0;0;1;0;1;0;0
18/10/2018;12:32:00;223;Acidente com Vítima;475,1;BR-040/MG;Norte;Capotamento;1;0;0;0;0;0;0;0;0;0;0;0;1;0;0
18/10/2018;12:22:00;220;Acidente sem Vítima;516,15;BR-040/MG;Norte;Colisão traseira;1;0;1;0;0;0;0;0;0;0;2;0;0;0;0
18/10/2018;12:15:00;218;Acidente com Vítima;544,1;BR-040/MG;Sul;Abalroamento longitudinal;1;0;0;1;0;0;0;0;0;0;1;1;0;0;0
18/10/2018;11:17:00;196;Acidente sem Vítima;518,7;BR-040/MG;Norte;Choque com objeto fixo;1;0;0;0;0;0;0;0;0;0;1;0;0;0;0
18/10/2018;02:30:00;37;Acidente sem Vítima;616,1;BR-040/MG;Sul;Choque com objeto fixo;0;0;1;0;0;0;0;0;0;0;1;0;0;0;0
18/10/2018;00:29:00;3;Acidente sem Vítima;527,005;BR-040/MG;Sul;Outros;1;0;0;0;0;0;0;0;0;0;1;0;0;0;0
17/10/2018;23:09:00;360;Atropelamento sem Morte;668,847;BR-040/MG;Sul;Atropelamento de pedestre caminhando;1;0;0;0;0;0;0;0;0;0;1;1;0;0;0
17/10/2018;22:37:00;351;Acidente sem Vítima;505,95;BR-040/MG;Sul;Choque em defensa;1;0;0;0;0;0;0;0;0;0;1;0;0;0;0
17/10/2018;22:25:00;349;Acidente com Vítima;65;BR-040/GO;Sul;Queda de Moto;0;0;0;1;0;0;0;0;0;0;0;1;0;0;0
17/10/2018;21:42:00;340;Acidente sem Vítima;554;BR-040/MG;Sul;Atropelamento de animal;1;0;0;0;0;0;0;0;0;0;1;0;0;0;0
17/10/2018;19:56:00;315;Acidente sem Vítima;611,037;BR-040/MG;Sul;Colisão traseira;1;0;0;0;1;0;0;0;0;0;2;0;0;0;0
17/10/2018;19:10:00;302;Acidente com Vítima;274;BR-040/MG;Norte;Abalroamento transversal;1;0;1;0;0;0;0;0;0;0;5;0;1;0;0
17/10/2018;18:41:00;290;Acidente com Vítima;532,5;BR-040/MG;Sul;Colisão traseira;4;0;0;0;0;0;0;0;0;0;5;1;0;0;0
17/10/2018;18:30:00;288;Acidente sem Vítima;524;BR-040/MG;Norte;Colisão traseira;1;0;0;1;0;0;0;0;0;0;2;0;0;0;0
17/10/2018;17:45:00;274;Acidente com Vítima;526,83;BR-040/MG;Norte;Choque em defensa;0;0;0;1;0;0;0;0;0;0;0;1;0;0;0
17/10/2018;17:44:00;273;Acidente com Vítima;442,9;BR-040/MG;Sul;Colisão traseira;1;0;1;0;0;0;0;0;0;0;2;0;1;1;0
17/10/2018;16:37:00;255;Acidente sem Vítima;443,58;BR-040/MG;Norte;Queda de Carga;0;0;1;0;0;0;0;0;0;0;1;0;0;0;0
17/10/2018;16:16:00;249;Acidente com Vítima;444,01;BR-040/MG;Norte;Colisão traseira;0;0;2;0;0;0;0;0;0;0;1;1;0;0;0
17/10/2018;15:23:00;233;Acidente sem Vítima;455,446;BR-040/MG;Sul;Queda de Carga;0;0;1;0;0;0;0;0;0;0;4;0;0;0;0
17/10/2018;15:08:00;230;Acidente sem Vítima;734,84;BR-040/MG;Sul;Choque em defensa;1;0;0;0;0;0;0;0;0;0;1;0;0;0;0
17/10/2018;14:19:00;215;Acidente sem Vítima;588,6;BR-040/MG;Sul;Choque com objeto fixo;0;0;1;0;0;0;0;0;0;0;2;0;0;0;0
17/10/2018;13:20:00;203;Acidente sem Vítima;2,8;BR-040/GO;Norte;Colisão traseira;2;0;0;0;0;0;0;0;0;0;2;0;0;0;0
17/10/2018;10:23:00;153;Acidente com Vítima;447;BR-040/MG;Norte;Colisão traseira;1;0;0;0;0;1;0;0;0;0;2;0;1;0;0
17/10/2018;09:12:00;139;Acidente sem Vítima;418;BR-040/MG;Sul;Abalroamento longitudinal;1;0;1;0;0;0;0;0;0;0;3;0;0;0;0
17/10/2018;06:50:00;84;Acidente sem Vítima;491;BR-040/MG;Sul;Outros;0;0;0;1;0;0;0;0;0;0;1;0;0;0;0
17/10/2018;06:27:00;75;Acidente sem Vítima;515;BR-040/MG;Sul;Abalroamento longitudinal;1;0;0;1;0;0;0;0;0;0;4;0;0;0;0
16/10/2018;22:11:00;335;Acidente com Vítima;527,1;BR-040/MG;Sul;Queda de Moto;0;0;0;1;0;0;0;0;0;0;0;0;1;0;0
16/10/2018;21:10:00;321;Acidente com Vítima;557,1;BR-040/MG;Norte;Colisão traseira;1;0;0;0;0;0;0;0;0;0;0;0;0;1;0
16/10/2018;20:18:00;308;Acidente com Morte;727,94;BR-040/MG;Sul;Colisão traseira;0;0;1;1;0;0;0;0;0;0;1;0;0;0;1
16/10/2018;19:16:00;292;Acidente sem Vítima;563,1;BR-040/MG;Sul;Colisão traseira;1;0;0;1;0;0;0;0;0;0;4;0;0;0;0
16/10/2018;16:34:00;249;Acidente sem Vítima;548,628;BR-040/MG;Sul;Outros;1;0;0;0;0;0;0;0;0;0;2;0;0;0;0
16/10/2018;16:14:00;245;Acidente sem Vítima;563;BR-040/MG;Sul;Queda de Carga;0;0;0;0;0;0;0;0;0;1;2;0;0;0;0
16/10/2018;16:10:00;244;Acidente sem Vítima;413;BR-040/MG;Norte;Abalroamento longitudinal;2;0;0;0;0;0;0;0;0;0;2;0;0;0;0
16/10/2018;12:11:00;201;Atropelamento sem Morte;143,001;BR-040/MG;Norte;Atropelamento de pedestre atravessando;0;0;0;1;0;0;0;0;0;0;0;0;0;0;0
16/10/2018;11:38:00;192;Acidente com Vítima;596,5;BR-040/MG;Norte;Outros;2;0;0;0;0;0;0;0;0;0;2;1;0;0;0
16/10/2018;08:07:00;124;Acidente com Vítima;2,7;BR-040/DF;Norte;Abalroamento longitudinal;0;0;0;2;0;0;0;0;0;0;1;1;0;0;0
16/10/2018;07:55:00;118;Acidente sem Vítima;727,1;BR-040/MG;Norte;Choque em defensa;1;0;0;0;0;0;0;0;0;0;1;0;0;0;0
16/10/2018;06:33:00;89;Acidente sem Vítima;614,05;BR-040/MG;Sul;Choque em defensa;1;0;0;0;0;0;0;0;0;0;4;0;0;0;0
16/10/2018;05:31:00;79;Acidente sem Vítima;6,5;BR-040/GO;Norte;Abalroamento longitudinal;1;0;0;1;0;0;0;0;0;0;1;1;0;0;0
16/10/2018;00:49:00;5;Acidente sem Vítima;4,1;BR-040/DF;Norte;Colisão traseira;2;0;0;0;0;0;0;0;0;0;4;0;0;0;0
15/10/2018;22:04:00;367;Acidente com Vítima;459,1;BR-040/MG;Sul;Choque em defensa;0;0;0;0;1;0;0;0;0;0;37;0;1;0;0
15/10/2018;21:16:00;357;Acidente sem Vítima;101,9;BR-040/GO;Norte;Atropelamento de animal;1;0;0;0;0;0;0;0;0;0;3;0;0;0;0
15/10/2018;20:30:00;346;;139,6;BR-040/MG;Norte;;0;0;1;0;0;0;0;0;0;0;0;2;0;0;0
15/10/2018;19:41:00;328;Acidente com Vítima;741;BR-040/MG;Norte;Abalroamento transversal;2;0;0;0;0;0;0;0;0;0;3;0;1;0;0
15/10/2018;18:41:00;309;Acidente com Vítima;506,15;BR-040/MG;Sul;Queda de Moto;0;0;0;1;0;0;0;0;0;0;1;1;0;0;0
15/10/2018;18:21:00;303;Acidente com Vítima;0,5;BR-040/GO;Norte;Queda de Moto;0;0;0;1;0;0;0;0;0;0;0;1;0;0;0
15/10/2018;17:37:00;296;Acidente com Vítima;510,1;BR-040/MG;Norte;Colisão traseira;1;0;0;1;0;0;0;0;0;0;0;0;1;0;0
15/10/2018;17:09:00;287;Acidente sem Vítima;754,7;BR-040/MG;Sul;Capotamento;1;0;0;0;0;0;0;0;0;0;1;0;0;0;0
15/10/2018;16:29:00;271;Acidente sem Vítima;77,3;BR-040/GO;Norte;Colisão traseira;1;0;1;0;0;0;0;0;0;0;2;0;0;0;0
15/10/2018;16:24:00;270;Acidente com Vítima;643;BR-040/MG;Sul;Abalroamento transversal;2;0;0;0;0;0;0;0;0;0;2;1;0;0;0
15/10/2018;16:07:00;266;Acidente sem Vítima;538,1;BR-040/MG;Norte;Colisão traseira;1;0;1;0;0;0;0;0;0;0;2;0;0;0;0
15/10/2018;15:53:00;262;Acidente sem Vítima;643;BR-040/MG;Sul;Choque com objeto fixo;1;0;0;0;0;0;0;0;0;0;2;0;0;0;0
15/10/2018;15:45:00;260;Acidente sem Vítima;113;BR-040/GO;Norte;Choque em defensa;1;0;0;0;0;0;0;0;0;0;3;0;0;0;0
15/10/2018;15:29:00;255;Acidente sem Vítima;462,1;BR-040/MG;Norte;Queda de Carga;0;0;1;0;0;0;0;0;0;0;1;0;0;0;0
15/10/2018;15:28:00;254;Acidente sem Vítima;515,1;BR-040/MG;Norte;Colisão traseira;3;0;0;0;0;0;0;0;0;0;3;0;0;0;0
15/10/2018;14:55:00;245;Acidente com Vítima;545,1;BR-040/MG;Sul;Capotamento;1;0;0;0;0;0;0;0;0;0;0;1;0;0;0
15/10/2018;14:48:00;242;Acidente sem Vítima;660,05;BR-040/MG;Norte;Colisão traseira;2;0;0;0;0;0;0;0;0;0;5;0;0;0;0
15/10/2018;14:42:00;237;Acidente com Vítima;44,5;BR-040/MG;Norte;Colisão traseira;1;0;0;1;0;0;0;0;0;0;1;1;0;0;0
15/10/2018;14:07:00;227;Acidente com Vítima;739,9;BR-040/MG;Sul;Colisão frontal;2;0;0;0;0;0;0;0;0;0;1;3;3;0;0
15/10/2018;13:17:00;212;Acidente com Vítima;731;BR-040/MG;Norte;Capotamento;1;0;0;0;0;0;0;0;0;0;3;1;0;0;0
15/10/2018;13:14:00;210;Acidente sem Vítima;543,1;BR-040/MG;Sul;Colisão traseira;0;0;1;1;0;0;0;0;0;0;2;0;0;0;0
15/10/2018;13:04:00;206;Acidente sem Vítima;730;BR-040/MG;Norte;Choque em barreira New Jersey;1;0;0;0;0;0;0;0;0;0;1;0;0;0;0
15/10/2018;11:09:00;171;Acidente sem Vítima;728,9;BR-040/MG;Sul;;1;0;0;0;0;0;0;0;0;0;2;0;0;0;0
15/10/2018;10:08:00;149;Acidente com Vítima;572,5;BR-040/MG;Norte;Queda de Carga;0;0;2;0;0;0;0;0;0;0;1;1;0;0;0
15/10/2018;09:19:00;132;Acidente sem Vítima;588;BR-040/MG;Norte;Colisão traseira;0;0;0;0;0;0;0;0;0;0;0;0;0;0;0
15/10/2018;09:03:00;127;Acidente com Vítima;503,1;BR-040/MG;Norte;Queda de Moto;0;0;1;1;0;0;0;0;0;0;1;1;0;0;0
15/10/2018;06:48:00;88;Acidente sem Vítima;8,5;BR-040/GO;Norte;Abalroamento longitudinal;1;0;0;1;0;0;0;0;0;0;2;0;0;0;0
15/10/2018;01:30:00;24;Acidente sem Vítima;53,9;BR-040/GO;Sul;Queda de Carga;0;0;1;0;0;0;0;0;0;0;1;0;0;0;0
15/10/2018;01:27:00;22;Acidente sem Vítima;543,12;BR-040/MG;Norte;;1;0;0;0;0;0;0;0;0;0;0;0;0;0;0
15/10/2018;00:21:00;2;Acidente com Morte;34,1;BR-040/GO;Norte;Colisão frontal;1;0;0;1;0;0;0;0;0;0;4;0;0;0;1
14/10/2018;21:16:00;386;Acidente sem Vítima;9,2;BR-040/GO;Norte;Capotamento;1;0;0;0;0;0;0;0;0;0;1;0;0;0;0
14/10/2018;20:38:00;370;Acidente com Vítima;43,5;BR-040/MG;Norte;Abalroamento transversal;1;0;0;1;0;0;0;0;0;0;2;1;0;0;0
14/10/2018;20:19:00;362;Acidente sem Vítima;479,12;BR-040/MG;Sul;Choque com objeto fixo;1;0;0;0;0;0;0;0;0;0;2;0;0;0;0
14/10/2018;19:53:00;351;Acidente sem Vítima;7,2;BR-040/GO;Norte;Colisão traseira;2;0;0;0;0;0;0;0;0;0;9;0;0;0;0
14/10/2018;19:17:00;330;Acidente com Vítima;63,2;BR-040/GO;Sul;Abalroamento longitudinal;1;0;0;1;0;0;0;0;0;0;1;1;0;0;0
14/10/2018;18:37:00;319;Atropelamento sem Morte;143;BR-040/MG;Sul;Atropelamento de ciclista;0;1;0;1;0;0;0;0;0;0;0;1;0;0;0
14/10/2018;17:40:00;298;Acidente sem Vítima;749,8;BR-040/MG;Norte;Capotamento;1;0;0;0;0;0;0;0;0;0;4;0;0;0;0
14/10/2018;17:18:00;285;Acidente sem Vítima;542,7;BR-040/MG;Sul;Choque em veículo parado na pista;0;0;2;0;0;0;0;0;0;0;2;0;0;0;0
14/10/2018;16:53:00;269;Acidente sem Vítima;595,1;BR-040/MG;Norte;Colisão traseira;3;0;0;0;0;0;0;0;0;0;4;0;0;0;0
14/10/2018;16:17:00;250;Acidente com Vítima;550,1;BR-040/MG;Norte;Queda de Moto;0;0;0;1;0;0;0;0;0;0;1;1;0;0;0
14/10/2018;15:47:00;232;Acidente sem Vítima;555,1;BR-040/MG;Sul;Colisão traseira;2;0;0;0;0;0;0;0;0;0;2;0;0;0;0
14/10/2018;15:35:00;231;Acidente sem Vítima;555,1;BR-040/MG;Norte;Colisão traseira;2;0;0;0;0;0;0;0;0;0;2;0;0;0;0
14/10/2018;15:03:00;215;Acidente com Vítima;512,1;BR-040/MG;Sul;Colisão traseira;1;0;0;1;0;0;0;0;0;0;1;1;1;0;0
14/10/2018;14:50:00;205;Acidente sem Vítima;737;BR-040/MG;Sul;Colisão traseira;2;0;0;0;0;0;0;0;0;0;2;0;0;0;0
14/10/2018;14:22:00;188;Acidente sem Vítima;737,1;BR-040/MG;Sul;Choque em veículo parado na pista;1;0;0;0;0;0;0;0;0;0;5;0;0;0;0
14/10/2018;11:29:00;119;Acidente sem Vítima;408,6;BR-040/MG;Sul;Colisão traseira;2;0;0;0;0;0;0;0;0;0;2;0;0;0;0
14/10/2018;11:12:00;111;Acidente sem Vítima;445,15;BR-040/MG;Sul;Choque com objeto fixo;1;0;0;0;0;0;0;0;0;0;1;0;0;0;0
14/10/2018;10:14:00;93;Acidente sem Vítima;448,1;BR-040/MG;Sul;Colisão traseira;1;0;0;1;0;0;0;0;0;0;2;0;0;0;0
14/10/2018;10:12:00;90;Acidente sem Vítima;85;BR-040/GO;Norte;;1;0;0;0;0;0;0;0;0;0;4;0;0;0;0
14/10/2018;09:45:00;80;Acidente com Vítima;551,1;BR-040/MG;Sul;Choque com objeto fixo;1;0;0;0;0;0;0;0;0;0;0;1;0;0;0
14/10/2018;05:02:00;23;Acidente sem Vítima;521,26;BR-040/MG;Norte;Choque com objeto fixo;1;0;0;0;0;0;0;0;0;0;1;0;0;0;0
14/10/2018;04:29:00;20;Acidente sem Vítima;634,1;BR-040/MG;Sul;Capotamento;1;0;0;0;0;0;0;0;0;0;1;0;0;0;0
14/10/2018;04:17:00;19;Acidente sem Vítima;144,5;BR-040/GO;Sul;Choque com objeto fixo;1;0;0;0;0;0;0;0;0;0;1;0;0;0;0
13/10/2018;21:32:00;240;Acidente sem Vítima;762,2;BR-040/MG;Norte;Queda de Moto;1;0;0;0;0;0;0;0;0;0;1;0;0;0;0
13/10/2018;16:40:00;156;Acidente sem Vítima;409;BR-040/MG;Sul;Outros;1;0;1;0;0;0;0;0;0;0;3;0;0;0;0
13/10/2018;11:38:00;95;Acidente sem Vítima;617,8;BR-040/MG;Sul;Colisão traseira;2;0;0;0;0;0;0;0;0;0;2;0;0;0;0
13/10/2018;10:43:00;85;Acidente com Vítima;674,1;BR-040/MG;Norte;Choque em defensa;1;0;0;0;0;0;0;0;0;0;1;1;0;0;0
13/10/2018;05:46:00;22;Acidente sem Vítima;439,9;BR-040/MG;Sul;Outros;0;0;0;1;0;0;0;0;0;0;1;0;0;0;0
13/10/2018;04:13:00;15;Acidente com Vítima;99,8;BR-040/GO;Norte;Capotamento;1;0;0;0;0;0;0;0;0;0;0;1;0;0;0
13/10/2018;00:55:00;7;Acidente sem Vítima;227;BR-040/MG;Norte;Atropelamento de animal;1;0;0;0;0;0;0;0;0;0;1;0;0;0;0
12/10/2018;22:34:00;302;Acidente sem Vítima;591,155;BR-040/MG;Sul;Queda de Carga;0;0;1;0;0;0;0;0;0;0;1;0;0;0;0
12/10/2018;22:15:00;299;Acidente com Vítima;42;BR-040/MG;Norte;Abalroamento transversal;1;0;0;1;0;0;0;0;0;0;1;1;0;0;0
12/10/2018;15:52:00;223;Acidente sem Vítima;415;BR-040/MG;Norte;Colisão frontal;2;0;0;0;0;0;0;0;0;0;3;0;0;0;0
12/10/2018;14:54:00;207;Acidente com Vítima;189;BR-040/MG;Norte;Abalroamento transversal;1;0;0;1;0;0;0;0;0;0;2;1;0;0;0
12/10/2018;13:37:00;187;Acidente com Vítima;530;BR-040/MG;Norte;Abalroamento longitudinal;1;0;0;1;0;0;0;0;0;0;3;2;0;0;0
12/10/2018;12:03:00;162;Acidente sem Vítima;512,01;BR-040/MG;Norte;Colisão traseira;3;0;0;0;0;0;0;0;0;0;4;0;0;0;0
12/10/2018;11:18:00;151;Acidente sem Vítima;676,1;BR-040/MG;Sul;Colisão traseira;2;0;0;0;0;0;0;0;0;0;2;0;0;0;0
12/10/2018;10:17:00;129;Acidente com Vítima;252,001;BR-040/MG;Sul;Capotamento;1;0;0;0;0;0;0;0;0;0;0;0;1;2;0
12/10/2018;10:09:00;124;Acidente com Vítima;730,02;BR-040/MG;Norte;Capotamento;1;0;0;0;0;0;0;0;0;0;0;2;0;0;0
12/10/2018;09:57:00;121;Acidente sem Vítima;656,3;BR-040/MG;Sul;Choque com objeto fixo;1;0;0;0;0;0;0;0;0;0;1;0;0;0;0
12/10/2018;09:41:00;112;Acidente com Vítima;676,1;BR-040/MG;Sul;Queda de Moto;0;0;0;1;0;0;0;0;0;0;0;0;0;0;0
12/10/2018;09:26:00;107;Acidente sem Vítima;735,05;BR-040/MG;Norte;Colisão frontal;2;0;0;0;0;0;0;0;0;0;4;0;0;0;0
12/10/2018;09:19:00;104;Acidente sem Vítima;749,1;BR-040/MG;Sul;;1;0;0;0;0;0;0;0;0;0;1;0;0;0;0
12/10/2018;09:18:00;103;Acidente sem Vítima;726,87;BR-040/MG;Sul;Choque com objeto fixo;1;0;0;0;0;0;0;0;0;0;3;0;0;0;0
12/10/2018;09:11:00;99;Acidente com Vítima;534;BR-040/MG;Norte;Queda de Moto;0;0;0;1;0;0;0;0;0;0;2;1;0;0;0
12/10/2018;08:25:00;84;Acidente sem Vítima;560;BR-040/MG;Sul;Colisão traseira;3;0;0;0;0;0;0;0;0;0;11;0;0;0;0
12/10/2018;06:06:00;37;Acidente com Vítima;732,375;BR-040/MG;Sul;Capotamento;1;0;0;0;0;0;0;0;0;0;2;1;1;0;0
12/10/2018;05:41:00;35;Acidente sem Vítima;764,1;BR-040/MG;Sul;Capotamento;1;0;0;0;0;0;0;0;0;0;4;0;0;0;0
12/10/2018;05:38:00;34;Acidente com Vítima;751,38;BR-040/MG;Sul;Colisão frontal;1;0;0;0;0;0;0;0;0;1;14;4;0;0;0
12/10/2018;05:29:00;32;Acidente sem Vítima;656,4;BR-040/MG;Norte;Choque em barreira New Jersey;1;0;0;0;0;0;0;0;0;0;2;0;0;0;0
12/10/2018;02:47:00;14;Acidente sem Vítima;440,9;BR-040/MG;Norte;Capotamento;1;0;0;0;0;0;0;0;0;0;1;0;0;0;0
12/10/2018;01:16:00;6;Acidente sem Vítima;750;BR-040/MG;Norte;Choque com objeto fixo;1;0;0;0;0;0;0;0;0;0;4;0;0;0;0
11/10/2018;23:41:00;396;Acidente sem Vítima;600;BR-040/MG;Norte;Outros;0;0;0;1;0;0;0;0;0;0;1;0;0;0;0
11/10/2018;23:32:00;394;Acidente sem Vítima;444,5;BR-040/MG;Norte;Queda de Carga;0;0;1;0;0;0;0;0;0;0;1;0;0;0;0
11/10/2018;22:52:00;382;Atropelamento com Morte;275,9;BR-040/MG;Norte;Atropelamento de pedestre atravessando;1;0;0;0;0;0;0;0;0;0;1;0;0;0;1
11/10/2018;22:48:00;383;Acidente com Vítima;768,7;BR-040/MG;Norte;Choque com objeto fixo;1;0;0;0;0;0;0;0;0;0;0;1;0;0;0
11/10/2018;21:06:00;357;Acidente sem Vítima;510,9;BR-040/MG;Sul;Colisão traseira;2;0;0;0;0;0;0;0;0;0;1;0;0;0;0
11/10/2018;19:42:00;335;Acidente sem Vítima;611;BR-040/MG;Sul;Choque com objeto fixo;1;0;0;0;0;0;0;0;0;0;3;0;0;0;0