data;horario;n_da_ocorrencia;tipo_de_ocorrencia;km;trecho;sentido;tipo_de_acidente;automovel;bicicleta;caminhao;moto;onibus;outros;tracao_animal;transporte_de_cargas_especiais;trator_maquinas;utilitarios;ilesos;levemente_feridos;moderadamente_feridos;gravemente_feridos;mortos
28/09/2018;22:16:00;336;Acidente com Vítima;730,3;BR-040/MG;Norte;Choque em barreira New Jersey;1;0;0;0;0;0;0;0;0;0;1;1;0;0;0
28/09/2018;22:12:00;333;Acidente sem Vítima;84,8;BR-040/GO;Sul;Atropelamento de animal;1;0;0;0;0;0;0;0;0;0;3;0;0;0;0
28/09/2018;18:49:00;290;Acidente sem Vítima;728,5;BR-040/MG;Sul;Choque com objeto fixo;1;0;0;0;0;0;0;0;0;0;2;0;0;0;0
28/09/2018;17:42:00;274;Acidente sem Vítima;637,6;BR-040/MG;Norte;Capotamento;1;0;0;0;0;0;0;0;0;0;3;0;0;0;0
28/09/2018;17:04:00;262;Acidente com Vítima;585;BR-040/MG;Sul;Capotamento;1;0;0;0;0;0;0;0;0;0;0;1;0;0;0
28/09/2018;16:27:00;251;Acidente sem Vítima;737,3;BR-040/MG;Norte;Choque com objeto fixo;0;0;0;0;0;0;0;0;0;1;1;0;0;0;0
28/09/2018;15:53:00;241;Acidente sem Vítima;739,1;BR-040/MG;Sul;Choque com objeto fixo;1;0;0;0;0;0;0;0;0;0;1;0;0;0;0
28/09/2018;15:50:00;239;Acidente sem Vítima;717;BR-040/MG;Norte;Choque em veículo parado na pista;2;0;0;0;0;0;0;0;0;0;4;0;0;0;0
28/09/2018;15:12:00;231;Acidente com Vítima;477,1;BR-040/MG;Norte;Colisão traseira;2;0;0;0;0;0;0;0;0;0;2;2;1;0;0
28/09/2018;14:46:00;224;Acidente com Vítima;717,1;BR-040/MG;Sul;Choque com objeto fixo;1;0;0;0;0;0;0;0;0;0;1;1;0;0;0
28/09/2018;14:12:00;214;Acidente com Vítima;735;BR-040/MG;Sul;Choque com objeto fixo;1;0;0;0;0;0;0;0;0;0;1;1;0;0;0
28/09/2018;13:55:00;211;Acidente sem Vítima;751,8;BR-040/MG;Norte;Choque com objeto fixo;3;0;0;0;0;0;0;0;0;0;3;0;0;0;0
28/09/2018;13:44:00;206;Acidente sem Vítima;751,5;BR-040/MG;Sul;Choque com objeto fixo;1;0;0;0;0;0;0;0;0;0;1;0;0;0;0
28/09/2018;13:13:00;200;Acidente sem Vítima;661;BR-040/MG;Sul;Choque com objeto fixo;1;0;0;0;0;0;0;0;0;0;1;0;0;0;0
28/09/2018;13:12:00;199;Acidente sem Vítima;750,15;BR-040/MG;Sul;Choque com objeto fixo;1;0;0;0;0;0;0;0;0;0;6;0;0;0;0
28/09/2018;13:11:00;198;Acidente sem Vítima;750,15;BR-040/MG;Sul;Choque com objeto fixo;0;0;0;1;0;0;0;0;0;0;1;0;0;0;0
28/09/2018;09:15:00;140;Acidente com Vítima;8,15;BR-040/DF;Norte;Colisão traseira;1;0;1;0;0;0;0;0;0;0;1;1;0;0;0
28/09/2018;08:22:00;118;Acidente sem Vítima;476,1;BR-040/MG;Sul;Colisão traseira;2;0;0;0;0;0;0;0;0;0;2;0;0;0;0
27/09/2018;18:38:00;280;Acidente com Vítima;524,2;BR-040/MG;Norte;Queda de Moto;0;0;0;1;0;0;0;0;0;0;0;1;0;0;0
27/09/2018;17:54:00;262;Acidente sem Vítima;717,447;BR-040/MG;Sul;Choque com objeto fixo;1;0;0;0;0;0;0;0;0;0;1;0;0;0;0
27/09/2018;16:19:00;237;Acidente sem Vítima;695,433;BR-040/MG;Norte;Abalroamento transversal;2;0;0;0;0;0;0;0;0;0;2;0;0;0;0
27/09/2018;11:57:00;188;Acidente sem Vítima;543,9;BR-040/MG;Norte;Queda de Carga;0;0;1;0;0;0;0;0;0;0;1;0;0;0;0
27/09/2018;11:17:00;181;Acidente com Vítima;510;BR-040/MG;Sul;Colisão traseira;1;0;0;1;0;0;0;0;0;0;2;1;0;0;0
27/09/2018;10:12:00;167;Acidente sem Vítima;574,5;BR-040/MG;Sul;Capotamento;1;0;0;0;0;0;0;0;0;0;1;0;0;0;0
27/09/2018;09:11:00;150;Acidente sem Vítima;2;BR-040/GO;Sul;Colisão traseira;4;0;0;0;0;0;0;0;0;0;4;0;0;0;0
27/09/2018;08:09:00;134;Acidente com Vítima;365;BR-040/MG;Sul;Queda de Moto;0;0;0;1;0;0;0;0;0;0;1;1;0;0;0
27/09/2018;07:32:00;117;Acidente sem Vítima;510;BR-040/MG;Norte;Capotamento;1;0;0;0;0;0;0;0;0;0;3;0;0;0;0
27/09/2018;07:29:00;116;Acidente sem Vítima;86;BR-040/MG;Sul;Atropelamento de animal;1;0;0;0;0;0;0;0;0;0;1;0;0;0;0
27/09/2018;06:57:00;108;Atropelamento sem Morte;1;BR-040/GO;Norte;Atropelamento de pedestre atravessando;0;0;0;1;0;0;0;0;0;0;1;1;0;0;0
27/09/2018;06:21:00;93;Acidente sem Vítima;546;BR-040/MG;Norte;Choque com objeto fixo;1;0;0;0;0;0;0;0;0;0;1;0;0;0;0
27/09/2018;05:25:00;81;Acidente com Vítima;29,1;BR-040/GO;Norte;Queda de Carga;0;0;1;0;0;0;0;0;0;0;2;1;0;0;0
27/09/2018;00:23:00;24;Acidente sem Vítima;520;BR-040/MG;Norte;Queda de Moto;0;0;0;1;0;0;0;0;0;0;1;0;0;0;0
26/09/2018;19:55:00;286;Acidente com Vítima;3,6;BR-040/GO;Norte;Queda de Moto;0;0;0;1;0;0;0;0;0;0;0;1;0;0;0
26/09/2018;17:26:00;246;Acidente sem Vítima;36,001;BR-040/MG;Norte;Queda de Carga;0;0;1;0;0;0;0;0;0;0;1;0;0;0;0
26/09/2018;15:41:00;228;Acidente sem Vítima;525;BR-040/MG;Norte;Abalroamento longitudinal;2;0;0;0;0;0;0;0;0;0;2;0;0;0;0
26/09/2018;11:35:00;163;Acidente sem Vítima;642,05;BR-040/MG;Sul;Abalroamento longitudinal;2;0;0;0;0;0;0;0;0;0;2;0;0;0;0
26/09/2018;09:12:00;130;Acidente com Vítima;539;BR-040/MG;Norte;Queda de Moto;0;0;0;1;0;0;0;0;0;0;1;0;1;0;0
26/09/2018;08:19:00;111;Acidente sem Vítima;487;BR-040/MG;Sul;Colisão traseira;2;0;0;0;0;0;0;0;0;0;3;0;0;0;0
26/09/2018;07:59:00;106;Acidente sem Vítima;7;BR-040/GO;Norte;Colisão traseira;3;0;0;0;0;0;0;0;0;0;3;0;0;0;0
26/09/2018;07:33:00;90;Acidente sem Vítima;6,8;BR-040/GO;Sul;Queda de Carga;0;0;1;0;0;0;0;0;0;0;1;0;0;0;0
26/09/2018;01:26:00;23;Acidente sem Vítima;339,6;BR-040/MG;Norte;Atropelamento de animal;0;0;1;0;0;0;0;0;0;0;1;0;0;0;0
25/09/2018;14:53:00;218;Acidente sem Vítima;409,1;BR-040/MG;Sul;Capotamento;1;0;0;0;0;0;0;0;0;0;1;0;0;0;0
25/09/2018;14:07:00;206;Acidente com Vítima;189,3;BR-040/MG;Norte;Colisão traseira;2;0;0;0;0;0;0;0;0;0;1;0;0;0;0
25/09/2018;13:46:00;202;Acidente sem Vítima;750,15;BR-040/MG;Norte;Outros;1;0;0;0;0;0;0;0;0;0;1;0;0;0;0
25/09/2018;12:26:00;183;Acidente com Vítima;120,8;BR-040/GO;Sul;Capotamento;1;0;0;0;0;0;0;0;0;0;1;1;0;0;0
25/09/2018;11:26:00;174;Acidente sem Vítima;569,5;BR-040/MG;Norte;Choque com objeto fixo;0;0;0;0;0;1;0;0;0;0;1;0;0;0;0
25/09/2018;10:38:00;156;Acidente com Vítima;564,4;BR-040/MG;Norte;Colisão traseira;0;0;2;0;0;0;0;0;0;0;1;0;1;0;0
25/09/2018;08:27:00;120;Acidente sem Vítima;0;BR-040/GO;Norte;Colisão traseira;1;0;0;1;0;0;0;0;0;0;2;0;0;0;0
25/09/2018;08:11:00;114;Acidente com Vítima;44,1;BR-040/MG;Norte;Choque com objeto fixo;1;0;0;0;0;0;0;0;0;0;0;0;0;1;0
25/09/2018;06:55:00;90;Acidente com Vítima;527,1;BR-040/MG;Sul;Capotamento;1;0;0;0;0;0;0;0;0;0;1;0;0;0;0
25/09/2018;06:27:00;79;Acidente com Vítima;1,1;BR-040/GO;Norte;Colisão traseira;1;0;0;1;0;0;0;0;0;0;2;1;0;0;0
25/09/2018;03:08:00;43;Acidente sem Vítima;474,1;BR-040/MG;Norte;Queda de Carga;0;0;1;0;0;0;0;0;0;0;1;0;0;0;0
25/09/2018;00:29:00;12;Acidente com Vítima;561,2;BR-040/MG;Norte;Choque com objeto fixo;1;0;0;0;0;0;0;0;0;0;0;0;1;0;0
24/09/2018;12:46:00;210;Acidente com Vítima;5,15;BR-040/GO;Norte;Colisão traseira;1;0;1;0;0;0;0;0;0;0;2;0;1;0;0
24/09/2018;12:39:00;209;Acidente sem Vítima;467,1;BR-040/MG;Norte;Capotamento;1;0;0;0;0;0;0;0;0;0;3;0;0;0;0
24/09/2018;12:00:00;199;Acidente com Vítima;510,1;BR-040/MG;Norte;Queda de Moto;0;0;0;1;0;0;0;0;0;0;0;2;0;0;0
24/09/2018;11:51:00;195;Acidente sem Vítima;557,15;BR-040/MG;Sul;Colisão traseira;2;0;0;0;0;0;0;0;0;0;2;0;0;0;0
24/09/2018;09:11:00;138;Acidente sem Vítima;560,1;BR-040/MG;Sul;Colisão traseira;2;0;0;0;0;0;0;0;0;0;2;0;0;0;0
24/09/2018;08:20:00;125;Acidente sem Vítima;544,1;BR-040/MG;Norte;Colisão traseira;1;0;0;1;0;0;0;0;0;0;2;0;0;0;0
24/09/2018;08:07:00;118;Acidente sem Vítima;532,9;BR-040/MG;Sul;Colisão traseira;1;0;1;0;0;0;0;0;0;0;2;0;0;0;0
24/09/2018;07:39:00;107;Acidente sem Vítima;512,3;BR-040/MG;Sul;Colisão traseira;1;0;0;1;0;0;0;0;0;0;2;0;0;0;0
23/09/2018;23:33:00;293;Acidente com Morte;135,3;BR-040/MG;Norte;Colisão frontal;2;0;0;0;0;0;0;0;0;0;0;0;0;2;2
23/09/2018;22:55:00;286;Acidente sem Vítima;633,5;BR-040/MG;Norte;Abalroamento transversal;1;0;0;0;0;1;0;0;0;0;4;0;0;0;0
23/09/2018;21:01:00;253;Acidente com Morte;351,15;BR-040/MG;Norte;Queda de Moto;1;0;0;1;0;0;0;0;0;0;1;0;1;0;1
23/09/2018;20:52:00;252;Acidente sem Vítima;511,15;BR-040/MG;Norte;Colisão traseira;0;0;2;0;0;0;0;0;0;0;2;0;0;0;0
23/09/2018;20:23:00;246;Acidente sem Vítima;659,627;BR-040/MG;Norte;Queda de Moto;0;0;0;1;0;1;0;0;0;0;2;0;0;0;0
23/09/2018;19:34:00;225;Acidente sem Vítima;508,5;BR-040/MG;Sul;Colisão traseira;2;0;0;0;0;0;0;0;0;0;3;0;0;0;0
23/09/2018;19:23:00;219;Acidente sem Vítima;509,1;BR-040/MG;Sul;Atropelamento de animal;1;0;0;0;0;0;0;0;0;0;5;0;0;0;0
23/09/2018;17:19:00;181;Acidente sem Vítima;751,699;BR-040/MG;Norte;Choque com objeto fixo;0;0;1;0;0;0;0;0;0;0;1;0;0;0;0
23/09/2018;16:40:00;171;Acidente com Vítima;2,5;BR-040/GO;Norte;Colisão traseira;1;0;0;1;0;0;0;0;0;0;1;0;1;0;0
23/09/2018;15:56:00;156;Acidente com Vítima;417;BR-040/MG;Sul;Capotamento;1;0;0;0;0;0;0;0;0;0;1;3;1;0;0
23/09/2018;15:26:00;149;Acidente sem Vítima;617,698;BR-040/MG;Norte;Colisão traseira;2;0;0;0;0;0;0;0;0;0;5;0;0;0;0
23/09/2018;15:06:00;142;Acidente com Vítima;531,1;BR-040/MG;Sul;Queda de Moto;0;0;0;1;0;0;0;0;0;0;1;1;0;0;0
23/09/2018;11:32:00;90;Acidente sem Vítima;6,001;BR-040/GO;Norte;Queda de Moto;0;0;0;1;0;0;0;0;0;0;1;0;0;0;0
23/09/2018;10:58:00;83;Acidente sem Vítima;532,165;BR-040/MG;Sul;Colisão traseira;4;0;0;0;0;0;0;0;0;0;4;0;0;0;0
23/09/2018;05:34:00;34;Acidente sem Vítima;533,4;BR-040/MG;Norte;Choque com objeto fixo;1;0;0;0;0;0;0;0;0;0;5;0;0;0;0
23/09/2018;05:13:00;33;Acidente com Vítima;700,05;BR-040/MG;Sul;Choque com objeto fixo;1;0;0;0;0;0;0;0;0;0;3;0;1;0;0
23/09/2018;04:42:00;30;Acidente sem Vítima;660,01;BR-040/MG;Sul;Choque com objeto fixo;1;0;0;0;0;0;0;0;0;0;1;0;0;0;0
23/09/2018;04:14:00;29;Acidente sem Vítima;2,5;BR-040/GO;Sul;Abalroamento longitudinal;2;0;0;0;0;0;0;0;0;0;8;0;0;0;0
23/09/2018;00:14:00;4;Acidente sem Vítima;555,1;BR-040/MG;Norte;Queda de Moto;0;0;0;1;0;0;0;0;0;0;2;0;0;0;0
22/09/2018;21:22:00;267;Acidente sem Vítima;311,95;BR-040/MG;Norte;Abalroamento longitudinal;2;0;0;0;0;0;0;0;0;0;5;0;0;0;0
22/09/2018;20:49:00;256;Acidente com Vítima;272,5;BR-040/MG;Sul;Queda de Moto;1;0;0;0;0;0;0;0;0;0;0;0;1;0;0
22/09/2018;20:07:00;240;Acidente com Vítima;647,448;BR-040/MG;Sul;Queda de Moto;0;0;0;1;0;0;0;0;0;0;0;0;1;0;0
22/09/2018;19:51:00;235;Acidente sem Vítima;533,5;BR-040/MG;Norte;Colisão traseira;2;0;0;0;0;0;0;0;0;0;2;0;0;0;0
22/09/2018;14:04:00;152;Acidente com Vítima;3;BR-040/DF;Norte;Capotamento;1;0;0;0;0;0;0;0;0;0;0;0;0;0;0
22/09/2018;10:28:00;108;Acidente com Vítima;36,001;BR-040/MG;Norte;Queda de Moto;1;0;0;0;0;0;0;0;0;0;0;1;0;0;0
22/09/2018;08:41:00;77;Acidente sem Vítima;487;BR-040/MG;Norte;Colisão traseira;0;0;1;1;0;0;0;0;0;0;2;0;0;0;0
22/09/2018;05:32:00;33;Acidente sem Vítima;548,9;BR-040/MG;Sul;Queda de Moto;0;0;0;1;0;0;0;0;0;0;1;0;0;0;0
22/09/2018;05:23:00;31;Acidente sem Vítima;474,4;BR-040/MG;Sul;Capotamento;1;0;0;0;0;0;0;0;0;0;1;0;0;0;0
21/09/2018;18:38:00;285;Atropelamento sem Morte;3,644;BR-040/GO;Norte;Atropelamento de pedestre atravessando;0;0;0;0;0;1;0;0;0;0;1;1;0;0;0
21/09/2018;18:07:00;269;Acidente sem Vítima;538,2;BR-040/MG;Norte;Colisão traseira;0;0;2;0;0;0;0;0;0;0;2;0;0;0;0
21/09/2018;14:50:00;206;Acidente sem Vítima;472,8;BR-040/MG;Norte;Outros;1;0;0;0;0;0;0;0;0;0;1;0;0;0;0
21/09/2018;11:48:00;161;Acidente sem Vítima;1,8;BR-040/GO;Norte;Colisão traseira;1;0;0;1;0;0;0;0;0;0;2;0;0;0;0
21/09/2018;09:54:00;116;Acidente com Vítima;704;BR-040/MG;Sul;Queda de Carga;0;0;0;0;0;0;0;0;0;1;3;1;0;0;0
21/09/2018;09:05:00;100;Acidente com Vítima;737,8;BR-040/MG;Norte;Queda de Carga;0;0;1;0;0;0;0;0;0;0;0;1;0;0;0
21/09/2018;08:25:00;96;Acidente sem Vítima;716,8;BR-040/MG;Sul;Choque com objeto fixo;1;0;0;0;0;0;0;0;0;0;1;0;0;0;0
21/09/2018;08:19:00;95;Acidente sem Vítima;3,9;BR-040/DF;Norte;Colisão traseira;3;0;0;1;0;0;0;0;0;0;5;0;0;0;0
21/09/2018;07:41:00;84;Acidente sem Vítima;513,1;BR-040/MG;Sul;Queda de Carga;0;0;1;0;0;0;0;0;0;0;1;0;0;0;0
21/09/2018;07:30:00;80;Acidente sem Vítima;449,1;BR-040/MG;Norte;Choque em defensa;1;0;0;0;0;0;0;0;0;0;1;0;0;0;0
21/09/2018;07:23:00;77;Acidente com Vítima;536,1;BR-040/MG;Sul;Colisão traseira;2;0;0;0;0;0;0;0;0;0;1;0;1;0;0
21/09/2018;06:53:00;70;Acidente sem Vítima;384;BR-040/MG;Norte;Capotamento;1;0;0;0;0;0;0;0;0;0;2;0;0;0;0
21/09/2018;06:40:00;67;Acidente sem Vítima;447,1;BR-040/MG;Sul;Choque em defensa;0;0;1;0;0;0;0;0;0;0;1;0;0;0;0
21/09/2018;06:36:00;65;Acidente com Vítima;543,001;BR-040/MG;Sul;Abalroamento longitudinal;2;0;0;1;0;0;0;0;0;0;3;1;0;0;0
21/09/2018;05:53:00;55;Acidente sem Vítima;524,1;BR-040/MG;Sul;Colisão traseira;1;0;1;0;0;0;0;0;0;0;2;0;0;0;0
21/09/2018;00:03:00;2;Acidente com Vítima;450,1;BR-040/MG;Norte;Capotamento;0;0;1;0;0;0;0;0;0;0;1;1;0;0;0
20/09/2018;22:35:00;354;Acidente com Vítima;68,1;BR-040/GO;Sul;Queda de Carga;0;0;1;0;0;0;0;0;0;0;0;0;0;1;0
20/09/2018;20:55:00;331;Acidente sem Vítima;712,45;BR-040/MG;Sul;Choque em barreira New Jersey;1;0;0;0;0;0;0;0;0;0;1;0;0;0;0
20/09/2018;20:16:00;322;Acidente com Vítima;513,9;BR-040/MG;Sul;Colisão traseira;3;0;0;0;0;0;0;0;0;0;2;1;0;0;0
20/09/2018;18:58:00;298;Acidente sem Vítima;698,4;BR-040/MG;Norte;Atropelamento de animal;1;0;0;0;0;0;0;0;0;0;4;0;0;0;0
20/09/2018;18:42:00;292;Acidente sem Vítima;513,6;BR-040/MG;Sul;Abalroamento longitudinal;2;0;0;0;0;0;0;0;0;0;2;0;0;0;0
20/09/2018;17:28:00;273;Atropelamento sem Morte;517,1;BR-040/MG;Sul;Atropelamento de pedestre atravessando;1;0;0;0;0;0;0;0;0;0;1;1;0;0;0
20/09/2018;17:23:00;270;Acidente sem Vítima;537,1;BR-040/MG;Norte;Colisão traseira;2;0;0;0;0;0;0;0;0;0;2;0;0;0;0
20/09/2018;17:21:00;269;Acidente sem Vítima;739,4;BR-040/MG;Sul;Choque com objeto fixo;1;0;0;0;0;0;0;0;0;0;1;0;0;0;0
20/09/2018;15:18:00;237;Acidente sem Vítima;225,3;BR-040/MG;Sul;Colisão traseira;1;0;1;0;0;0;0;0;0;0;2;0;0;0;0
20/09/2018;06:30:00;81;Acidente com Vítima;30,5;BR-040/GO;Sul;Abalroamento transversal;1;0;0;1;0;0;0;0;0;0;1;0;0;0;0
19/09/2018;22:56:00;330;Acidente com Vítima;702,5;BR-040/MG;Sul;Capotamento;1;0;0;0;0;0;0;0;0;0;0;0;2;0;0
19/09/2018;22:53:00;327;Acidente sem Vítima;761,278;BR-040/MG;Norte;Atropelamento de animal;1;0;0;0;0;0;0;0;0;0;1;0;0;0;0
19/09/2018;22:32:00;323;Acidente com Vítima;676,8;BR-040/MG;Norte;Queda de Carga;0;0;1;0;0;0;0;0;0;0;0;0;1;0;0
19/09/2018;22:06:00;312;Acidente sem Vítima;359,2;BR-040/MG;Sul;Queda de Carga;0;0;1;0;0;0;0;0;0;0;1;0;0;0;0
19/09/2018;21:10:00;300;Atropelamento sem Morte;640,15;BR-040/MG;Sul;Atropelamento de pedestre caminhando;1;0;0;0;0;0;0;0;0;0;1;0;1;0;0
19/09/2018;18:14:00;253;Atropelamento sem Morte;523,5;BR-040/MG;Sul;Atropelamento de pedestre caminhando;1;0;1;0;0;0;0;0;0;0;2;0;1;0;0
19/09/2018;14:15:00;207;Acidente sem Vítima;143;BR-040/MG;Sul;Colisão traseira;2;0;0;0;0;0;0;0;0;0;2;0;0;0;0
19/09/2018;13:54:00;202;Acidente sem Vítima;517,5;BR-040/MG;Norte;Queda de Carga;0;0;1;0;0;0;0;0;0;0;1;0;0;0;0
19/09/2018;13:22:00;194;Atropelamento sem Morte;466;BR-040/MG;Norte;Atropelamento de pedestre atravessando;1;0;0;0;0;0;0;0;0;0;1;1;0;0;0
19/09/2018;07:55:00;113;Acidente com Vítima;23,5;BR-040/MG;Norte;Abalroamento transversal;2;0;0;0;0;0;0;0;0;0;3;4;0;0;0
19/09/2018;05:49:00;72;Acidente sem Vítima;555,3;BR-040/MG;Norte;Abalroamento longitudinal;2;0;0;0;0;0;0;0;0;0;2;0;0;0;0
19/09/2018;02:56:00;50;Acidente com Vítima;546,1;BR-040/MG;Sul;Choque com objeto fixo;1;0;0;0;0;0;0;0;0;0;0;0;0;1;0
18/09/2018;21:41:00;310;Acidente sem Vítima;462;BR-040/MG;Norte;Colisão traseira;1;0;1;0;0;0;0;0;0;0;2;0;0;0;0
18/09/2018;20:38:00;297;Acidente sem Vítima;661,032;BR-040/MG;Norte;Choque com objeto fixo;0;0;0;1;0;0;0;0;0;0;1;0;0;0;0
18/09/2018;18:07:00;253;Acidente com Vítima;543,5;BR-040/MG;Sul;Queda de Moto;0;0;0;1;0;0;0;0;0;0;0;1;0;0;0
18/09/2018;10:05:00;130;Acidente sem Vítima;720,8;BR-040/MG;Norte;Colisão traseira;1;0;0;0;0;1;0;0;0;0;5;0;0;0;0
18/09/2018;09:54:00;127;Acidente com Vítima;162,001;BR-040/MG;Norte;Capotamento;1;0;0;0;0;0;0;0;0;0;0;0;2;0;0
18/09/2018;08:51:00;109;Acidente com Morte;624,8;BR-040/MG;Norte;Colisão frontal;2;0;0;0;0;1;0;0;0;0;2;1;1;2;5
18/09/2018;08:28:00;100;Acidente sem Vítima;715,95;BR-040/MG;Sul;Choque com objeto fixo;1;0;0;0;0;0;0;0;0;0;1;0;0;0;0
18/09/2018;08:17:00;97;Acidente sem Vítima;732,7;BR-040/MG;Sul;Choque com objeto fixo;1;0;0;0;0;0;0;0;0;0;1;0;0;0;0
18/09/2018;07:45:00;87;Acidente com Vítima;716,9;BR-040/MG;Norte;Capotamento;1;0;0;0;0;0;0;0;0;0;0;0;0;1;0
18/09/2018;04:18:00;59;Acidente com Vítima;387,95;BR-040/MG;Sul;Choque com objeto fixo;0;0;1;0;0;0;0;0;0;0;0;1;0;0;0
18/09/2018;03:41:00;58;Acidente com Vítima;234,3;BR-040/MG;Sul;Choque com objeto fixo;0;0;1;0;0;0;0;0;0;0;0;1;0;0;0
17/09/2018;18:48:00;287;Acidente sem Vítima;517,135;BR-040/MG;Norte;Colisão traseira;1;0;0;0;0;0;0;0;0;1;3;0;0;0;0
17/09/2018;17:48:00;273;Acidente sem Vítima;730;BR-040/MG;Sul;Choque com objeto fixo;1;0;0;0;0;0;0;0;0;0;1;0;0;0;0
17/09/2018;17:08:00;267;Acidente sem Vítima;739,1;BR-040/MG;Sul;Capotamento;1;0;0;0;0;0;0;0;0;0;1;0;0;0;0
17/09/2018;15:39:00;242;Atropelamento sem Morte;21,7;BR-040/GO;Sul;Atropelamento de ciclista;1;1;0;0;0;0;0;0;0;0;1;0;0;0;0
17/09/2018;13:54:00;214;Acidente sem Vítima;732;BR-040/MG;Sul;Choque em defensa;1;0;0;0;0;0;0;0;0;0;1;0;0;0;0
17/09/2018;13:29:00;211;Acidente sem Vítima;717;BR-040/MG;Norte;Choque com objeto fixo;1;0;0;0;0;0;0;0;0;0;2;0;0;0;0
17/09/2018;12:48:00;204;Acidente com Vítima;758,5;BR-040/MG;Norte;Choque com objeto fixo;0;0;1;0;0;0;0;0;0;0;1;1;0;0;0
17/09/2018;12:41:00;202;Acidente sem Vítima;739,8;BR-040/MG;Norte;Choque com objeto fixo;1;0;0;0;0;0;0;0;0;0;2;0;0;0;0
17/09/2018;12:26:00;198;Acidente sem Vítima;704;BR-040/MG;Sul;Choque com objeto fixo;1;0;0;0;0;0;0;0;0;0;1;0;0;0;0
17/09/2018;12:12:00;195;Acidente sem Vítima;460,5;BR-040/MG;Sul;Choque com objeto fixo;1;0;0;0;0;0;0;0;0;0;1;0;0;0;0
17/09/2018;11:33:00;190;Acidente com Vítima;730,2;BR-040/MG;Sul;Choque com objeto fixo;1;0;0;0;0;0;0;0;0;0;4;1;0;0;0
17/09/2018;11:24:00;185;Acidente sem Vítima;632;BR-040/MG;Norte;Choque com objeto fixo;0;0;1;0;0;0;0;0;0;0;2;0;0;0;0
17/09/2018;11:09:00;179;Acidente sem Vítima;656;BR-040/MG;Sul;Choque com objeto fixo;1;0;0;0;0;0;0;0;0;0;1;0;0;0;0
17/09/2018;10:43:00;172;Acidente sem Vítima;692;BR-040/MG;Sul;Abalroamento longitudinal;2;0;0;0;0;0;0;0;0;0;2;0;0;0;0
17/09/2018;10:30:00;167;Acidente sem Vítima;741,2;BR-040/MG;Norte;Choque com objeto fixo;0;0;1;0;0;0;0;0;0;0;1;0;0;0;0
17/09/2018;09:40:00;145;Acidente com Vítima;694,1;BR-040/MG;Sul;Abalroamento longitudinal;1;0;1;0;0;0;0;0;0;0;5;1;0;0;0
17/09/2018;08:39:00;127;Acidente sem Vítima;464,1;BR-040/MG;Norte;Queda de Carga;0;0;1;0;0;0;0;0;0;0;1;0;0;0;0
17/09/2018;08:36:00;123;Acidente com Vítima;587,4;BR-040/MG;Sul;Queda de Moto;0;0;0;1;0;0;0;0;0;0;0;1;0;0;0
17/09/2018;08:23:00;117;Acidente sem Vítima;479,1;BR-040/MG;Sul;Choque em defensa;2;0;0;0;0;0;0;0;0;0;3;0;0;0;0
17/09/2018;06:50:00;84;Acidente com Morte;531,9;BR-040/MG;Sul;Abalroamento longitudinal;1;0;1;1;0;0;0;0;0;0;2;0;0;0;1
17/09/2018;04:11:00;51;Acidente sem Vítima;648,2;BR-040/MG;Norte;Atropelamento de animal;1;0;0;0;0;0;0;0;0;0;2;0;0;0;0
17/09/2018;00:30:00;2;Acidente sem Vítima;629,1;BR-040/MG;Sul;Capotamento;1;0;0;0;0;0;0;0;0;0;1;0;0;0;0
16/09/2018;22:57:00;276;Acidente sem Vítima;3,2;BR-040/DF;Sul;Capotamento;1;0;0;0;0;0;0;0;0;0;1;0;0;0;0
16/09/2018;17:26:00;204;Acidente sem Vítima;694;BR-040/MG;Norte;Choque em defensa;1;0;0;0;0;0;0;0;0;0;2;0;0;0;0
16/09/2018;17:19:00;203;Acidente com Vítima;12,7;BR-040/GO;Norte;Capotamento;1;0;0;0;0;1;0;0;0;0;1;0;1;0;0
16/09/2018;15:11:00;174;Acidente sem Vítima;119;BR-040/MG;Sul;Abalroamento longitudinal;1;0;0;0;0;1;0;0;0;0;5;0;0;0;0
16/09/2018;14:32:00;164;Acidente com Vítima;552,2;BR-040/MG;Sul;Colisão traseira;2;0;0;0;0;0;0;0;0;0;4;1;0;0;0
16/09/2018;13:14:00;149;Acidente sem Vítima;618,4;BR-040/MG;Norte;Colisão traseira;2;0;0;0;0;0;0;0;0;0;2;0;0;0;0
16/09/2018;12:58:00;146;Acidente com Vítima;113,1;BR-040/GO;Sul;Capotamento;1;0;0;0;0;0;0;0;0;0;0;1;0;0;0
16/09/2018;09:58:00;105;Acidente com Vítima;562,8;BR-040/MG;Sul;Capotamento;1;0;0;0;0;0;0;0;0;0;1;1;0;0;0
16/09/2018;09:32:00;92;Acidente com Vítima;621;BR-040/MG;Sul;Abalroamento longitudinal;1;0;1;0;0;0;0;0;0;0;1;1;0;0;0
16/09/2018;08:48:00;82;Acidente sem Vítima;563,1;BR-040/MG;Sul;Choque com objeto fixo;1;0;0;0;0;0;0;0;0;0;1;0;0;0;0
16/09/2018;08:22:00;73;Acidente sem Vítima;562,5;BR-040/MG;Sul;Choque com objeto fixo;1;0;0;0;0;0;0;0;0;0;1;0;0;0;0