data;horario;n_da_ocorrencia;tipo_de_ocorrencia;km;trecho;sentido;tipo_de_acidente;automovel;bicicleta;caminhao;moto;onibus;outros;tracao_animal;transporte_de_cargas_especiais;trator_maquinas;utilitarios;ilesos;levemente_feridos;moderadamente_feridos;gravemente_feridos;mortos
16/09/2018;05:56:00;40;Acidente sem Vítima;1,8;BR-040/GO;Norte;Abalroamento longitudinal;2;0;0;0;0;0;0;0;0;0;3;0;0;0;0
16/09/2018;02:17:00;19;Acidente sem Vítima;549;BR-040/MG;Sul;Choque com objeto fixo;1;0;0;0;0;0;0;0;0;0;3;0;0;0;0
16/09/2018;01:45:00;17;Acidente sem Vítima;27,5;BR-040/GO;Sul;Abalroamento longitudinal;1;0;0;1;0;0;0;0;0;0;6;0;0;0;0
15/09/2018;22:55:00;277;Acidente sem Vítima;142,8;BR-040/MG;Sul;Abalroamento transversal;2;0;0;0;0;0;0;0;0;0;3;0;0;0;0
15/09/2018;18:50:00;221;Acidente com Vítima;526,5;BR-040/MG;Sul;Colisão traseira;1;0;0;1;0;0;0;0;0;0;1;0;1;0;0
15/09/2018;18:33:00;213;Acidente sem Vítima;481,1;BR-040/MG;Sul;Colisão traseira;1;0;1;0;0;0;0;0;0;0;2;0;0;0;0
15/09/2018;18:09:00;206;Acidente sem Vítima;57,01;BR-040/GO;Norte;Queda de Moto;0;0;0;1;0;0;0;0;0;0;1;0;0;0;0
15/09/2018;15:02:00;166;Acidente sem Vítima;7;BR-040/DF;Sul;Queda de Carga;0;0;1;0;0;0;0;0;0;0;1;0;0;0;0
15/09/2018;14:38:00;160;Acidente com Vítima;617,2;BR-040/MG;Norte;Colisão traseira;0;0;2;0;0;0;0;0;0;0;1;0;1;0;0
15/09/2018;14:02:00;150;Acidente com Vítima;8;BR-040/GO;Norte;Queda de Moto;1;0;0;1;0;0;0;0;0;0;1;2;0;0;0
15/09/2018;13:32:00;144;Atropelamento sem Morte;11,2;BR-040/GO;Norte;Atropelamento de pedestre atravessando;1;0;0;0;0;0;0;0;0;0;2;0;0;0;0
15/09/2018;11:56:00;119;Acidente sem Vítima;6;BR-040/DF;Sul;Colisão traseira;1;0;1;0;0;0;0;0;0;0;5;0;0;0;0
15/09/2018;09:29:00;88;Acidente sem Vítima;1,001;BR-040/GO;Sul;Colisão traseira;2;0;0;0;0;1;0;0;0;0;3;0;0;0;0
15/09/2018;09:02:00;79;Acidente sem Vítima;133,001;BR-040/MG;Norte;Choque com objeto fixo;0;0;1;0;0;0;0;0;0;0;1;0;0;0;0
15/09/2018;08:00:00;74;Acidente sem Vítima;74,4;BR-040/GO;Sul;Colisão traseira;1;0;0;0;0;0;0;0;0;1;2;0;0;0;0
15/09/2018;07:08:00;63;Acidente com Vítima;299,9;BR-040/MG;Norte;Choque com objeto fixo;1;0;0;0;0;0;0;0;0;0;4;1;0;0;0
15/09/2018;06:57:00;62;Acidente com Vítima;545;BR-040/MG;Sul;Choque com objeto fixo;1;0;0;0;0;0;0;0;0;0;1;0;0;1;0
15/09/2018;06:30:00;54;Acidente com Vítima;268,6;BR-040/MG;Sul;Capotamento;0;0;0;0;0;0;0;0;0;1;4;0;2;0;0
15/09/2018;06:22:00;52;Acidente com Vítima;44,001;BR-040/MG;Sul;Abalroamento longitudinal;1;0;0;1;0;0;0;0;0;0;1;0;1;0;0
15/09/2018;05:56:00;44;Acidente sem Vítima;441,35;BR-040/MG;Norte;Outros;1;0;0;0;0;0;0;0;0;0;1;0;0;0;0
15/09/2018;05:43:00;43;Acidente sem Vítima;532;BR-040/MG;Norte;Outros;1;0;0;0;0;0;0;0;0;0;2;0;0;0;0
15/09/2018;05:09:00;41;Acidente sem Vítima;24,2;BR-040/GO;Sul;Abalroamento transversal;2;0;0;0;0;0;0;0;0;0;3;0;0;0;0
15/09/2018;04:25:00;39;Acidente com Vítima;548,1;BR-040/MG;Sul;Colisão traseira;2;0;0;0;0;0;0;0;0;0;2;0;1;0;0
15/09/2018;03:18:00;33;Acidente com Vítima;728,188;BR-040/MG;Norte;Colisão traseira;0;0;2;0;0;0;0;0;0;0;3;0;1;0;0
15/09/2018;02:51:00;30;Acidente com Vítima;6,6;BR-040/GO;Norte;Colisão traseira;1;0;0;1;0;0;0;0;0;0;1;0;1;0;0
15/09/2018;00:40:00;13;Acidente sem Vítima;579,14;BR-040/MG;Norte;Choque em defensa;1;0;0;0;0;0;0;0;0;0;1;0;0;0;0
14/09/2018;21:49:00;297;Acidente sem Vítima;528,01;BR-040/MG;Norte;Colisão traseira;2;0;0;0;0;0;0;0;0;0;2;0;0;0;0
14/09/2018;21:40:00;293;Acidente com Vítima;528,05;BR-040/MG;Norte;Queda de Moto;1;0;0;1;0;0;0;0;0;0;1;0;1;0;0
14/09/2018;20:08:00;275;Acidente sem Vítima;553,513;BR-040/MG;Sul;Abalroamento transversal;2;0;0;0;0;0;0;0;0;0;2;0;0;0;0
14/09/2018;18:24:00;234;Acidente sem Vítima;530;BR-040/MG;Sul;Abalroamento transversal;1;0;1;0;0;0;0;0;0;0;2;0;0;0;0
14/09/2018;18:03:00;228;Acidente com Vítima;525,8;BR-040/MG;Norte;Abalroamento longitudinal;1;0;0;1;0;0;0;0;0;0;1;1;0;0;0
14/09/2018;16:49:00;213;Acidente sem Vítima;10;BR-040/GO;Norte;Abalroamento longitudinal;1;0;0;0;1;0;0;0;0;0;2;0;0;0;0
14/09/2018;16:27:00;205;Acidente com Vítima;529;BR-040/MG;Sul;Queda de Moto;0;0;0;1;0;0;0;0;0;0;1;1;0;0;0
14/09/2018;16:25:00;203;Acidente com Vítima;603,1;BR-040/MG;Sul;Abalroamento transversal;2;0;0;0;0;0;0;0;0;0;3;0;1;0;0
14/09/2018;15:18:00;191;Acidente sem Vítima;657,649;BR-040/MG;Norte;Colisão traseira;1;0;0;1;0;0;0;0;0;0;3;0;0;0;0
14/09/2018;08:24:00;110;Acidente sem Vítima;540;BR-040/MG;Norte;Outros;0;0;0;1;0;1;0;0;0;0;2;0;0;0;0
14/09/2018;07:05:00;79;Acidente com Vítima;3,6;BR-040/DF;Norte;Colisão traseira;2;0;0;3;0;0;0;0;0;0;4;0;0;0;0
13/09/2018;22:48:00;344;Atropelamento sem Morte;1,3;BR-040/GO;Sul;Atropelamento de pedestre atravessando;0;0;0;1;0;0;0;0;0;0;1;0;0;1;0
13/09/2018;20:58:00;322;Acidente com Morte;667,8;BR-040/MG;Sul;Choque com objeto fixo;1;0;0;0;0;0;0;0;0;0;1;1;1;1;1
13/09/2018;20:01:00;309;Atropelamento com Morte;621,65;BR-040/MG;Sul;Atropelamento de pedestre atravessando;1;0;0;0;0;0;0;0;0;0;1;0;0;0;1
13/09/2018;16:57:00;260;Acidente sem Vítima;137,95;BR-040/MG;Sul;Outros;1;0;0;0;0;0;0;0;0;0;3;0;0;0;0
13/09/2018;14:11:00;227;Acidente sem Vítima;522;BR-040/MG;Norte;Colisão traseira;2;0;0;0;0;0;0;0;0;0;3;0;0;0;0
13/09/2018;13:41:00;217;Acidente sem Vítima;458;BR-040/MG;Sul;Queda de Moto;0;0;0;1;0;0;0;0;0;0;2;0;0;0;0
13/09/2018;10:19:00;167;Acidente sem Vítima;717,5;BR-040/MG;Sul;Choque em defensa;1;0;0;0;0;0;0;0;0;0;1;0;0;0;0
13/09/2018;08:52:00;150;Acidente sem Vítima;719;BR-040/MG;Sul;Choque com objeto fixo;1;0;0;0;0;0;0;0;0;0;1;0;0;0;0
13/09/2018;08:51:00;149;Acidente sem Vítima;727;BR-040/MG;Sul;Choque em barreira New Jersey;2;0;0;0;0;0;0;0;0;0;3;0;0;0;0
13/09/2018;08:45:00;145;Acidente sem Vítima;727;BR-040/MG;Sul;Choque com objeto fixo;1;0;0;0;0;0;0;0;0;0;1;0;0;0;0
13/09/2018;08:35:00;140;Acidente sem Vítima;730,3;BR-040/MG;Norte;Choque com objeto fixo;1;0;0;0;0;0;0;0;0;0;2;0;0;0;0
13/09/2018;02:38:00;88;Acidente sem Vítima;18,5;BR-040/GO;Norte;Colisão traseira;1;0;1;0;0;0;0;0;0;0;6;0;0;0;0
12/09/2018;20:02:00;278;Acidente com Vítima;19,2;BR-040/GO;Sul;Colisão traseira;2;0;0;0;0;0;0;0;0;0;3;0;1;0;0
12/09/2018;18:53:00;249;Acidente sem Vítima;487,1;BR-040/MG;Norte;Abalroamento longitudinal;1;0;0;1;0;0;0;0;0;0;2;0;0;0;0
12/09/2018;17:53:00;228;Acidente com Vítima;0,3;BR-040/GO;Sul;Colisão traseira;1;0;0;1;0;0;0;0;0;0;1;0;0;1;0
12/09/2018;17:52:00;227;Acidente sem Vítima;462,1;BR-040/MG;Sul;Capotamento;1;0;0;0;0;0;0;0;0;0;5;0;0;0;0
12/09/2018;16:47:00;216;Acidente sem Vítima;717,3;BR-040/MG;Norte;Choque em defensa;1;0;0;0;0;0;0;0;0;0;1;0;0;0;0
12/09/2018;16:02:00;205;Acidente sem Vítima;731,5;BR-040/MG;Norte;Choque em defensa;1;0;0;0;0;0;0;0;0;0;1;0;0;0;0
12/09/2018;11:51:00;157;Acidente sem Vítima;732,15;BR-040/MG;Sul;Choque em barreira New Jersey;1;0;0;0;0;0;0;0;0;0;3;0;0;0;0
12/09/2018;11:50:00;156;Acidente sem Vítima;727,15;BR-040/MG;Sul;Choque em barreira New Jersey;1;0;0;0;0;0;0;0;0;0;3;0;0;0;0
12/09/2018;11:27:00;151;Acidente sem Vítima;522;BR-040/MG;Norte;Colisão traseira;1;0;1;0;0;0;0;0;0;0;3;0;0;0;0
12/09/2018;10:38:00;136;Acidente com Vítima;92,5;BR-040/GO;Norte;Abalroamento transversal;2;0;0;0;0;0;0;0;0;0;1;0;2;0;0
12/09/2018;10:30:00;135;Acidente sem Vítima;488;BR-040/MG;Norte;Choque com objeto fixo;1;0;1;0;0;0;0;0;0;0;2;0;0;0;0
12/09/2018;08:07:00;98;Atropelamento sem Morte;4,1;BR-040/GO;Sul;Atropelamento de ciclista;1;1;0;0;0;0;0;0;0;0;1;1;0;0;0
12/09/2018;08:06:00;97;Acidente com Vítima;530,12;BR-040/MG;Sul;Colisão traseira;0;0;0;2;0;0;0;0;0;0;1;1;0;0;0
12/09/2018;07:24:00;82;Acidente sem Vítima;717,1;BR-040/MG;Norte;Choque em barreira New Jersey;1;0;0;0;0;0;0;0;0;0;3;0;0;0;0
12/09/2018;07:13:00;79;Atropelamento sem Morte;4,95;BR-040/GO;Norte;Atropelamento de ciclista;2;0;0;0;0;0;0;0;0;0;2;0;0;1;0
12/09/2018;06:25:00;69;Acidente sem Vítima;705,001;BR-040/MG;Sul;Choque com objeto fixo;1;0;0;0;0;0;0;0;0;0;2;0;0;0;0
12/09/2018;05:02:00;60;Acidente sem Vítima;164,4;BR-040/MG;Norte;Capotamento;2;0;2;0;0;0;0;0;0;0;5;0;0;0;0
11/09/2018;23:47:00;299;Acidente sem Vítima;601,505;BR-040/MG;Norte;Colisão traseira;0;0;2;0;0;0;0;0;0;0;2;0;0;0;0
11/09/2018;21:40:00;274;Acidente com Morte;539,5;BR-040/MG;Sul;Choque com objeto fixo;1;0;0;0;0;0;0;0;0;0;1;0;0;0;1
11/09/2018;21:00:00;264;Acidente sem Vítima;12,4;BR-040/GO;Sul;Abalroamento longitudinal;0;0;1;1;0;0;0;0;0;0;2;0;0;0;0
11/09/2018;20:11:00;253;Atropelamento com Morte;141,15;BR-040/MG;Norte;Atropelamento de pedestre atravessando;0;0;0;0;1;0;0;0;0;0;31;0;0;0;1
11/09/2018;19:13:00;241;Acidente sem Vítima;2,8;BR-040/DF;Sul;Colisão traseira;3;0;0;0;0;0;0;0;0;0;3;0;0;0;0
11/09/2018;18:45:00;235;Acidente sem Vítima;525,1;BR-040/MG;Norte;Colisão traseira;2;0;1;1;0;0;0;0;0;0;4;0;0;0;0
11/09/2018;16:58:00;208;Acidente sem Vítima;514;BR-040/MG;Norte;Queda de Moto;0;0;0;1;0;0;0;0;0;0;2;0;0;0;0
11/09/2018;13:47:00;165;Acidente com Vítima;621,5;BR-040/MG;Sul;Colisão traseira;0;0;1;1;0;0;0;0;0;0;7;0;1;0;0
11/09/2018;12:20:00;157;Acidente com Vítima;520;BR-040/MG;Sul;Queda de Moto;0;0;0;1;0;0;0;0;0;0;2;1;1;0;0
11/09/2018;09:22:00;120;Acidente com Vítima;542,5;BR-040/MG;Sul;Abalroamento longitudinal;1;0;0;1;0;0;0;0;0;0;2;1;0;0;0
11/09/2018;07:59:00;96;Acidente com Vítima;549,15;BR-040/MG;Sul;Colisão traseira;1;0;0;1;0;1;0;0;0;0;3;0;1;0;0
11/09/2018;07:47:00;91;Acidente sem Vítima;563;BR-040/MG;Sul;Colisão traseira;2;0;0;0;0;0;0;0;0;0;3;0;0;0;0
10/09/2018;22:51:00;378;Acidente sem Vítima;577,5;BR-040/MG;Norte;Abalroamento longitudinal;0;0;1;0;0;1;0;0;0;0;2;0;0;0;0
10/09/2018;22:47:00;376;Acidente sem Vítima;584,008;BR-040/MG;Norte;Choque em defensa;1;0;0;0;0;1;0;0;0;0;2;0;0;0;0
10/09/2018;22:32:00;373;Acidente sem Vítima;247;BR-040/MG;Sul;Queda de Carga;0;0;1;0;0;0;0;0;0;0;1;0;0;0;0
10/09/2018;21:40:00;360;Acidente com Morte;517,5;BR-040/MG;Norte;Colisão traseira;3;0;0;0;0;0;0;0;0;0;1;3;1;0;1
10/09/2018;19:30:00;313;Acidente sem Vítima;522,6;BR-040/MG;Norte;Colisão traseira;2;0;0;0;0;0;0;0;0;0;2;0;0;0;0
10/09/2018;18:14:00;291;Acidente com Vítima;542,9;BR-040/MG;Sul;Colisão traseira;1;0;1;0;0;0;0;0;0;0;2;1;0;0;0
10/09/2018;14:39:00;237;Acidente sem Vítima;664,652;BR-040/MG;Norte;Colisão traseira;2;0;0;0;0;0;0;0;0;0;2;0;0;0;0
10/09/2018;11:00:00;175;Acidente sem Vítima;531,25;BR-040/MG;Sul;Colisão traseira;2;0;0;0;0;0;0;0;0;0;2;0;0;0;0
10/09/2018;10:53:00;173;Acidente sem Vítima;130,001;BR-040/MG;Norte;Colisão traseira;2;0;0;0;0;0;0;0;0;0;2;0;0;0;0
10/09/2018;09:48:00;148;Acidente sem Vítima;571,649;BR-040/MG;Sul;Colisão traseira;1;0;1;0;0;0;0;0;0;0;2;0;0;0;0
10/09/2018;08:38:00;117;Acidente sem Vítima;521;BR-040/MG;Norte;Colisão traseira;3;0;0;0;0;0;0;0;0;0;3;0;0;0;0
10/09/2018;07:46:00;98;Acidente sem Vítima;505;BR-040/MG;Norte;Colisão traseira;2;0;0;1;0;0;0;0;0;0;3;0;0;0;0
10/09/2018;06:03:00;70;Acidente sem Vítima;2,2;BR-040/GO;Norte;Colisão traseira;2;0;0;0;0;0;0;0;0;0;2;0;0;0;0
10/09/2018;04:52:00;53;Acidente com Morte;568,5;BR-040/MG;Sul;Capotamento;1;0;0;0;0;0;0;0;0;0;0;0;0;3;1
10/09/2018;01:19:00;42;Acidente sem Vítima;596,5;BR-040/MG;Norte;Choque com objeto fixo;1;0;0;0;0;0;0;0;0;0;1;0;0;0;0
10/09/2018;00:12:00;3;Acidente sem Vítima;471;BR-040/MG;Sul;Capotamento;1;0;0;0;0;0;0;0;0;0;4;0;0;0;0
09/09/2018;22:18:00;348;Acidente sem Vítima;339,5;BR-040/MG;Norte;Capotamento;1;0;0;0;0;0;0;0;0;0;5;0;0;0;0
09/09/2018;20:55:00;323;Acidente sem Vítima;457;BR-040/MG;Sul;Colisão traseira;5;0;0;0;0;0;0;0;0;0;25;0;0;0;0
09/09/2018;20:17:00;313;Acidente sem Vítima;103,1;BR-040/GO;Sul;Atropelamento de animal;1;0;0;0;0;0;0;0;0;0;4;0;0;0;0
09/09/2018;19:36:00;297;Acidente com Vítima;11,1;BR-040/GO;Norte;Queda de Moto;0;0;0;1;0;0;0;0;0;0;0;2;0;0;0
09/09/2018;18:42:00;275;Acidente sem Vítima;470,1;BR-040/MG;Sul;Colisão traseira;1;0;0;1;0;0;0;0;0;0;2;0;0;0;0
09/09/2018;16:49:00;230;Acidente sem Vítima;512,1;BR-040/MG;Sul;Colisão traseira;4;0;0;0;0;0;0;0;0;0;4;0;0;0;0
09/09/2018;16:09:00;215;Acidente sem Vítima;512,5;BR-040/MG;Sul;Colisão traseira;3;0;0;0;0;0;0;0;0;0;3;0;0;0;0
09/09/2018;15:50:00;210;Acidente com Vítima;556,1;BR-040/MG;Norte;Colisão traseira;1;0;0;1;0;0;0;0;0;0;2;1;0;0;0
09/09/2018;15:28:00;197;Acidente sem Vítima;329,8;BR-040/MG;Norte;Abalroamento longitudinal;2;0;0;0;0;0;0;0;0;0;3;0;0;0;0
09/09/2018;15:16:00;191;Acidente sem Vítima;501,1;BR-040/MG;Sul;Colisão traseira;2;0;0;0;0;0;0;0;0;0;2;0;0;0;0
09/09/2018;15:03:00;188;Acidente com Vítima;557,1;BR-040/MG;Norte;Colisão traseira;3;0;0;0;0;0;0;0;0;0;2;1;0;0;0
09/09/2018;14:41:00;178;Acidente sem Vítima;522,9;BR-040/MG;Sul;Queda de Moto;0;0;0;1;0;0;0;0;0;0;1;0;0;0;0
09/09/2018;13:42:00;154;Acidente sem Vítima;458,1;BR-040/MG;Sul;Colisão traseira;2;0;0;0;0;0;0;0;0;0;2;0;0;0;0
09/09/2018;12:52:00;139;Acidente com Vítima;491,1;BR-040/MG;Sul;Queda de Moto;1;0;0;1;0;0;0;0;0;0;2;0;1;0;0
09/09/2018;12:18:00;129;Acidente sem Vítima;501,5;BR-040/MG;Norte;Colisão traseira;1;0;1;0;0;0;0;0;0;0;2;0;0;0;0
09/09/2018;06:36:00;38;Acidente sem Vítima;727,4;BR-040/MG;Sul;Choque em barreira New Jersey;1;0;0;0;0;0;0;0;0;0;3;0;0;0;0
09/09/2018;06:00:00;33;Acidente sem Vítima;557,1;BR-040/MG;Norte;Choque em defensa;1;0;0;0;0;0;0;0;0;0;1;0;0;0;0
09/09/2018;00:26:00;6;Acidente sem Vítima;508,14;BR-040/MG;Sul;Atropelamento de animal;1;0;0;0;0;0;0;0;0;0;2;0;0;0;0
08/09/2018;22:36:00;227;Acidente com Vítima;10,05;BR-040/GO;Sul;Colisão traseira;2;0;0;0;0;0;0;0;0;0;4;1;0;0;0
08/09/2018;21:26:00;214;Atropelamento sem Morte;700,3;BR-040/MG;Sul;Atropelamento de pedestre caminhando;0;0;0;0;1;0;0;0;0;0;11;0;0;1;0
08/09/2018;17:26:00;159;Acidente com Morte;535,1;BR-040/MG;Norte;Colisão traseira;0;0;1;1;0;0;0;0;0;0;2;0;0;0;1
08/09/2018;14:56:00;129;Acidente com Vítima;104,1;BR-040/GO;Sul;Capotamento;2;0;0;0;0;0;0;0;0;0;2;1;0;0;0
08/09/2018;12:49:00;109;Acidente sem Vítima;509,5;BR-040/MG;Sul;Abalroamento longitudinal;1;0;1;0;0;0;0;0;0;0;2;0;0;0;0
08/09/2018;12:09:00;105;Acidente sem Vítima;138,2;BR-040/MG;Sul;Abalroamento transversal;2;0;0;0;0;0;0;0;0;0;2;0;0;0;0
08/09/2018;07:43:00;38;Acidente com Vítima;543,1;BR-040/MG;Sul;Colisão traseira;1;0;1;0;0;0;0;0;0;0;1;1;0;0;0
08/09/2018;05:52:00;19;Acidente sem Vítima;480,1;BR-040/MG;Sul;Capotamento;2;0;0;0;0;0;0;0;0;0;2;0;0;0;0
08/09/2018;01:51:00;8;Acidente sem Vítima;453,1;BR-040/MG;Norte;Abalroamento longitudinal;1;0;1;0;0;0;0;0;0;0;2;0;0;0;0
08/09/2018;01:03:00;5;Acidente sem Vítima;538,1;BR-040/MG;Norte;Abalroamento longitudinal;1;0;1;0;0;0;0;0;0;0;2;0;0;0;0
07/09/2018;22:42:00;302;Acidente com Vítima;4;BR-040/DF;Sul;Capotamento;1;0;0;0;0;0;0;0;0;0;0;0;0;1;0
07/09/2018;21:19:00;290;Acidente sem Vítima;618,3;BR-040/MG;Norte;Choque com objeto fixo;1;0;0;0;0;0;0;0;0;0;5;0;0;0;0
07/09/2018;20:29:00;273;Acidente com Vítima;11;BR-040/GO;Norte;Colisão traseira;2;0;0;0;0;0;0;0;0;0;2;1;0;0;0
07/09/2018;20:12:00;271;Acidente sem Vítima;511,1;BR-040/MG;Norte;Colisão traseira;2;0;0;0;0;0;0;0;0;0;2;0;0;0;0
07/09/2018;19:13:00;250;Acidente sem Vítima;563,1;BR-040/MG;Norte;Colisão traseira;1;0;1;0;0;0;0;0;0;0;15;0;0;0;0
07/09/2018;17:42:00;222;Acidente com Vítima;517,8;BR-040/MG;Sul;Abalroamento transversal;2;0;0;0;0;0;0;0;0;0;2;1;0;0;0
07/09/2018;17:36:00;221;Acidente com Vítima;511,12;BR-040/MG;Norte;Abalroamento longitudinal;2;0;0;0;0;0;0;0;0;0;1;1;0;0;0
07/09/2018;16:54:00;205;Acidente sem Vítima;551,12;BR-040/MG;Norte;Colisão traseira;1;0;0;1;0;0;0;0;0;0;2;0;0;0;0
07/09/2018;16:52:00;204;Acidente com Vítima;565,15;BR-040/MG;Sul;Colisão traseira;1;0;0;1;0;0;0;0;0;0;1;1;0;0;0
07/09/2018;16:51:00;203;Acidente com Vítima;74,1;BR-040/MG;Sul;Capotamento;1;0;0;0;0;0;0;0;0;0;0;3;0;0;0
07/09/2018;16:26:00;195;Acidente sem Vítima;516;BR-040/MG;Norte;Colisão traseira;2;0;0;0;0;0;0;0;0;0;2;0;0;0;0
07/09/2018;15:36:00;182;Acidente sem Vítima;486,5;BR-040/MG;Norte;Colisão traseira;1;0;1;0;0;0;0;0;0;0;4;0;0;0;0
07/09/2018;15:12:00;177;Acidente com Vítima;4;BR-040/DF;Sul;Capotamento;1;0;0;0;0;0;0;0;0;0;4;0;0;0;0
07/09/2018;13:11:00;152;Acidente com Vítima;511,8;BR-040/MG;Norte;Colisão traseira;4;0;0;0;0;0;0;0;0;0;5;1;0;0;0
07/09/2018;12:16:00;133;Acidente com Vítima;26,4;BR-040/GO;Norte;Abalroamento transversal;3;0;0;0;0;0;0;0;0;0;1;1;0;0;0
07/09/2018;11:09:00;114;Acidente sem Vítima;519,5;BR-040/MG;Norte;Colisão traseira;2;0;0;0;0;0;0;0;0;0;4;0;0;0;0
07/09/2018;10:31:00;102;Acidente sem Vítima;558,15;BR-040/MG;Sul;Colisão traseira;2;0;0;0;0;0;0;0;0;0;3;0;0;0;0
07/09/2018;08:58:00;77;Acidente com Vítima;442,5;BR-040/MG;Norte;Queda de Moto;0;0;0;1;0;0;0;0;0;0;2;2;0;0;0
07/09/2018;08:25:00;73;Acidente sem Vítima;405,8;BR-040/MG;Norte;Colisão traseira;4;0;0;0;0;0;0;0;0;0;15;0;0;0;0
07/09/2018;08:17:00;68;Acidente com Vítima;739,324;BR-040/MG;Norte;Choque em defensa;1;0;0;0;0;0;0;0;0;0;0;0;1;0;0
07/09/2018;08:10:00;65;Acidente sem Vítima;459,5;BR-040/MG;Norte;Colisão traseira;3;0;0;0;0;0;0;0;0;0;12;0;0;0;0
07/09/2018;07:43:00;52;Acidente sem Vítima;406;BR-040/MG;Norte;Colisão traseira;2;0;0;0;0;0;0;0;0;0;6;0;0;0;0
07/09/2018;05:01:00;20;Acidente com Vítima;63;BR-040/MG;Sul;Colisão frontal;2;0;0;0;0;0;0;0;0;0;3;0;1;1;0
06/09/2018;23:42:00;344;Acidente com Vítima;610,671;BR-040/MG;Sul;Queda de Moto;0;0;0;1;0;0;0;0;0;1;16;0;0;1;0
06/09/2018;23:26:00;341;Acidente sem Vítima;525,2;BR-040/MG;Sul;Choque em barreira New Jersey;1;0;0;0;0;0;0;0;0;0;1;0;0;0;0
06/09/2018;22:25:00;331;Acidente com Vítima;154,5;BR-040/MG;Norte;Capotamento;1;0;0;0;0;0;0;0;0;0;2;1;0;0;0
06/09/2018;19:59:00;299;Acidente sem Vítima;478,1;BR-040/MG;Sul;Outros;2;0;0;0;0;0;0;0;0;0;2;0;0;0;0
06/09/2018;18:42:00;277;Acidente sem Vítima;524,1;BR-040/MG;Norte;Colisão traseira;2;0;0;0;0;0;0;0;0;0;2;0;0;0;0
06/09/2018;17:37:00;260;Acidente sem Vítima;499,03;BR-040/MG;Sul;Abalroamento longitudinal;2;0;0;0;0;0;0;0;0;0;2;0;0;0;0
06/09/2018;17:29:00;256;Acidente sem Vítima;731,4;BR-040/MG;Norte;Choque em barreira New Jersey;1;0;0;0;0;0;0;0;0;0;1;0;0;0;0
06/09/2018;14:46:00;208;Acidente sem Vítima;715,598;BR-040/MG;Norte;Colisão traseira;2;0;0;0;0;0;0;0;0;0;3;0;0;0;0
06/09/2018;10:44:00;153;Acidente sem Vítima;497;BR-040/MG;Norte;Choque com objeto fixo;1;0;0;0;0;0;0;0;0;0;1;0;0;0;0
06/09/2018;09:37:00;137;Acidente sem Vítima;362,1;BR-040/MG;Norte;Colisão traseira;2;0;0;0;0;0;0;0;0;1;6;0;0;0;0
06/09/2018;09:10:00;132;Acidente sem Vítima;511;BR-040/MG;Norte;Queda de Moto;0;0;0;1;0;0;0;0;0;0;1;0;0;0;0
06/09/2018;08:47:00;124;Acidente com Vítima;533,4;BR-040/MG;Sul;Queda de Moto;0;0;0;1;0;0;0;0;0;0;2;2;0;0;0
06/09/2018;07:59:00;110;Acidente sem Vítima;469;BR-040/MG;Norte;Colisão traseira;2;0;0;0;0;0;0;0;0;0;2;0;0;0;0
06/09/2018;06:57:00;92;Acidente com Vítima;129,9;BR-040/MG;Norte;Abalroamento transversal;0;0;0;1;0;1;0;0;0;0;0;1;1;0;0
06/09/2018;01:36:00;11;Acidente sem Vítima;705,19;BR-040/MG;Norte;Capotamento;1;0;0;0;0;0;0;0;0;0;1;0;0;0;0
05/09/2018;21:23:00;321;Acidente sem Vítima;70,6;BR-040/MG;Sul;Choque com objeto fixo;1;0;0;0;0;0;0;0;0;0;2;0;0;0;0
05/09/2018;18:37:00;284;Acidente com Vítima;518,1;BR-040/MG;Sul;Abalroamento transversal;0;0;1;1;0;0;0;0;0;0;1;0;1;0;0
05/09/2018;18:02:00;274;Atropelamento sem Morte;666,05;BR-040/MG;Sul;Atropelamento de pedestre atravessando;1;0;0;0;0;0;0;0;0;0;1;1;0;0;0
05/09/2018;16:30:00;259;Acidente sem Vítima;544,1;BR-040/MG;Sul;Choque em barreira New Jersey;1;0;0;0;0;1;0;0;0;0;4;0;0;0;0
05/09/2018;13:55:00;222;Acidente sem Vítima;7,15;BR-040/MG;Norte;Abalroamento longitudinal;1;0;0;1;0;0;0;0;0;0;2;0;0;0;0
05/09/2018;13:50:00;220;Acidente com Vítima;319;BR-040/MG;Sul;Capotamento;1;0;0;0;0;0;0;0;0;0;1;1;0;0;0
05/09/2018;12:30:00;199;Acidente sem Vítima;769;BR-040/MG;Sul;Colisão traseira;2;0;0;0;0;0;0;0;0;0;2;0;0;0;0
05/09/2018;08:16:00;118;Acidente com Vítima;44,1;BR-040/GO;Norte;Queda de Carga;0;0;1;0;0;0;0;0;0;0;1;1;0;0;0
05/09/2018;07:59:00;114;Acidente sem Vítima;544,1;BR-040/MG;Norte;Abalroamento longitudinal;1;0;1;0;0;0;0;0;0;0;2;0;0;0;0
05/09/2018;07:47:00;110;Acidente sem Vítima;4,1;BR-040/GO;Norte;Abalroamento longitudinal;0;0;0;2;0;0;0;0;0;0;2;0;0;0;0