data;horario;n_da_ocorrencia;tipo_de_ocorrencia;km;trecho;sentido;tipo_de_acidente;automovel;bicicleta;caminhao;moto;onibus;outros;tracao_animal;transporte_de_cargas_especiais;trator_maquinas;utilitarios;ilesos;levemente_feridos;moderadamente_feridos;gravemente_feridos;mortos
21/11/2018;17:18:00;263;Acidente com Morte;58,645;BR-040/MG;Norte;Choque com objeto fixo;0;0;1;0;0;0;0;0;0;0;2;2;0;0;1
21/11/2018;16:24:00;246;Acidente com Vítima;413;BR-040/MG;Sul;Abalroamento longitudinal;1;0;1;0;0;0;0;0;0;0;11;7;1;0;0
21/11/2018;12:03:00;194;Acidente sem Vítima;566,789;BR-040/MG;Norte;Abalroamento transversal;2;0;1;0;0;0;0;0;0;0;3;0;0;0;0
21/11/2018;06:55:00;107;Acidente sem Vítima;475,001;BR-040/MG;Norte;Abalroamento longitudinal;1;0;1;0;0;0;0;0;0;0;2;0;0;0;0
21/11/2018;04:25:00;85;Acidente sem Vítima;507,6;BR-040/MG;Norte;Choque com objeto fixo;1;0;0;0;0;0;0;0;0;0;1;0;0;0;0
20/11/2018;21:46:00;395;Acidente sem Vítima;591,1;BR-040/MG;Sul;Colisão traseira;1;0;0;0;0;0;0;0;0;0;1;0;0;0;0
20/11/2018;21:21:00;392;Acidente com Vítima;687,5;BR-040/MG;Norte;Colisão traseira;2;0;0;0;0;0;0;0;0;0;0;1;0;0;0
20/11/2018;20:57:00;385;Acidente sem Vítima;641,1;BR-040/MG;Norte;Queda de Carga;0;0;1;0;0;0;0;0;0;0;0;0;0;0;0
20/11/2018;20:54:00;384;Acidente com Vítima;424,2;BR-040/MG;Sul;Queda de Moto;0;0;0;1;0;0;0;0;0;0;0;1;0;0;0
20/11/2018;20:39:00;377;Acidente sem Vítima;277,76;BR-040/MG;Sul;Atropelamento de animal;1;0;0;0;0;0;0;0;0;0;1;0;0;0;0
20/11/2018;20:36:00;374;Acidente sem Vítima;524,1;BR-040/MG;Sul;Choque com objeto fixo;1;0;0;0;0;0;0;0;0;0;1;0;0;0;0
20/11/2018;19:09:00;352;Acidente sem Vítima;729,12;BR-040/MG;Sul;Choque com objeto fixo;1;0;0;0;0;0;0;0;0;0;2;0;0;0;0
20/11/2018;18:48:00;344;Acidente sem Vítima;731;BR-040/MG;Norte;Choque com objeto fixo;1;0;0;0;0;0;0;0;0;0;1;0;0;0;0
20/11/2018;17:57:00;330;Acidente com Vítima;603,5;BR-040/MG;Sul;Queda de Carga;0;0;1;0;0;0;0;0;0;0;0;1;0;0;0
20/11/2018;17:53:00;326;Acidente com Vítima;13,1;BR-040/GO;Norte;Choque com objeto fixo;1;0;0;0;0;0;0;0;0;0;0;1;0;0;0
20/11/2018;17:44:00;323;Acidente sem Vítima;638,5;BR-040/MG;Norte;Choque com objeto fixo;1;0;0;0;0;0;0;0;0;0;2;0;0;0;0
20/11/2018;16:21:00;291;Atropelamento sem Morte;7;BR-040/GO;Sul;Atropelamento de pedestre atravessando;1;0;0;0;0;0;0;0;0;0;1;0;1;0;0
20/11/2018;16:06:00;287;Acidente sem Vítima;528,1;BR-040/MG;Norte;Colisão traseira;0;0;2;0;0;0;0;0;0;0;2;0;0;0;0
20/11/2018;15:20:00;270;Acidente sem Vítima;527,1;BR-040/MG;Norte;Abalroamento longitudinal;1;0;1;0;0;0;0;0;0;0;2;0;0;0;0
20/11/2018;14:04:00;250;Acidente sem Vítima;584,1;BR-040/MG;Sul;Choque com objeto na pista;1;0;0;0;0;1;0;0;0;0;2;0;0;0;0
20/11/2018;09:34:00;147;Acidente sem Vítima;703,1;BR-040/MG;Norte;Choque com objeto fixo;2;0;0;0;0;0;0;0;0;0;2;0;0;0;0
20/11/2018;09:02:00;132;Acidente sem Vítima;415;BR-040/MG;Sul;Outros;0;0;1;0;0;0;0;0;0;0;0;0;0;0;0
20/11/2018;08:09:00;110;Acidente sem Vítima;524,001;BR-040/MG;Sul;Abalroamento transversal;1;0;1;0;0;0;0;0;0;0;2;0;0;0;0
20/11/2018;07:50:00;102;Acidente sem Vítima;728,5;BR-040/MG;Sul;Choque em barreira New Jersey;1;0;0;0;0;0;0;0;0;0;1;0;0;0;0
20/11/2018;07:09:00;91;Acidente com Morte;590,1;BR-040/MG;Norte;Colisão frontal;1;0;1;0;0;0;0;0;0;0;1;0;0;2;1
20/11/2018;06:49:00;86;Acidente com Vítima;2,4;BR-040/DF;Norte;Queda de Moto;0;0;0;1;0;0;0;0;0;0;0;0;1;0;0
20/11/2018;01:34:00;23;Acidente com Morte;505,3;BR-040/MG;Norte;Colisão traseira;0;0;2;0;0;0;0;0;0;0;1;0;0;0;1
20/11/2018;00:25:00;3;Acidente com Vítima;24,95;BR-040/GO;Sul;Queda de Moto;0;0;0;1;0;0;0;0;0;0;0;1;1;0;0
19/11/2018;18:08:00;321;Acidente com Vítima;8,1;BR-040/GO;Sul;Queda de Moto;0;0;0;1;0;0;0;0;0;0;0;1;0;0;0
19/11/2018;17:24:00;308;Acidente sem Vítima;590,8;BR-040/MG;Norte;Abalroamento longitudinal;0;0;1;0;0;0;0;0;0;0;1;0;0;0;0
19/11/2018;17:09:00;300;Acidente sem Vítima;621,5;BR-040/MG;Sul;Colisão traseira;1;0;0;0;1;0;0;0;0;0;1;0;0;0;0
19/11/2018;17:04:00;299;Acidente sem Vítima;509;BR-040/MG;Norte;Choque com objeto fixo;1;0;0;0;0;0;0;0;0;0;2;0;0;0;0
19/11/2018;13:52:00;241;Acidente com Morte;534,15;BR-040/MG;Sul;Choque em barreira New Jersey;1;0;0;1;0;0;0;0;0;0;1;0;0;0;2
19/11/2018;11:35:00;209;Acidente com Vítima;582,1;BR-040/MG;Sul;;0;0;1;0;0;0;0;0;0;0;1;1;0;0;0
19/11/2018;08:01:00;129;Acidente sem Vítima;38,8;BR-040/GO;Sul;Capotamento;1;0;0;0;0;0;0;0;0;0;1;0;0;0;0
19/11/2018;07:32:00;116;Acidente sem Vítima;606,05;BR-040/MG;Norte;Abalroamento longitudinal;0;0;1;0;2;0;0;0;0;0;51;0;0;0;0
19/11/2018;06:33:00;99;Acidente sem Vítima;558,8;BR-040/MG;Sul;;1;0;0;0;0;0;0;0;0;0;3;0;0;0;0
19/11/2018;05:29:00;91;Acidente sem Vítima;13;BR-040/MG;Norte;Choque com objeto fixo;2;0;0;0;0;0;0;0;0;0;2;0;0;0;0
19/11/2018;04:34:00;86;Acidente com Morte;500,6;BR-040/MG;Sul;Colisão traseira;0;0;1;0;1;0;0;0;0;0;9;4;6;2;1
19/11/2018;04:02:00;81;Acidente com Vítima;533;BR-040/MG;Sul;Queda de Moto;0;0;0;1;0;0;0;0;0;0;0;0;1;0;0
19/11/2018;01:30:00;52;Acidente sem Vítima;273,4;BR-040/MG;Norte;Atropelamento de animal;0;0;1;0;0;0;0;0;0;0;1;0;0;0;0
18/11/2018;22:55:00;276;Acidente sem Vítima;525,85;BR-040/MG;Sul;Choque com objeto fixo;1;0;0;0;0;0;0;0;0;0;3;0;2;0;0
18/11/2018;22:07:00;260;Acidente sem Vítima;515,9;BR-040/MG;Norte;Choque com objeto fixo;1;0;0;0;0;0;0;0;0;0;3;0;0;0;0
18/11/2018;20:04:00;221;Acidente com Vítima;44;BR-040/GO;Norte;Queda de Moto;0;0;0;1;0;0;0;0;0;0;0;1;0;0;0
18/11/2018;19:38:00;208;Acidente com Vítima;171,6;BR-040/MG;Sul;Queda de Moto;1;0;0;0;0;0;0;0;0;0;0;1;0;0;0
18/11/2018;19:20:00;203;Acidente sem Vítima;7,9;BR-040/GO;Sul;Abalroamento longitudinal;2;0;0;0;0;0;0;0;0;0;2;0;0;0;0
18/11/2018;13:27:00;97;Acidente com Vítima;511,9;BR-040/MG;Norte;Queda de Moto;0;0;0;1;0;0;0;0;0;0;0;0;1;0;0
18/11/2018;11:30:00;76;Acidente com Vítima;2,9;BR-040/GO;Norte;Abalroamento longitudinal;1;0;0;1;0;0;0;0;0;0;1;0;1;0;0
18/11/2018;06:15:00;15;Acidente sem Vítima;770,018;BR-040/MG;Norte;Choque com objeto fixo;2;0;0;0;0;0;0;0;0;0;2;0;0;0;0
17/11/2018;19:21:00;281;Acidente sem Vítima;619,2;BR-040/MG;Norte;Queda de Moto;0;0;0;1;0;0;0;0;0;0;1;0;0;0;0
17/11/2018;14:41:00;212;Acidente sem Vítima;333,001;BR-040/MG;Norte;Queda de Carga;0;0;1;0;0;0;0;0;0;0;1;0;0;0;0
17/11/2018;14:01:00;207;Acidente sem Vítima;11,5;BR-040/GO;Norte;Colisão traseira;1;0;2;0;0;0;0;0;0;0;3;0;0;0;0
17/11/2018;13:05:00;193;Acidente sem Vítima;2,3;BR-040/GO;Sul;Abalroamento longitudinal;1;0;0;1;0;0;0;0;0;0;2;0;0;0;0
17/11/2018;09:53:00;137;Acidente sem Vítima;740,657;BR-040/MG;Norte;Choque com objeto fixo;1;0;0;0;0;0;0;0;0;0;1;0;0;0;0
17/11/2018;08:10:00;110;Acidente sem Vítima;715,5;BR-040/MG;Norte;Choque em barreira New Jersey;1;0;0;0;0;0;0;0;0;0;1;0;0;0;0
17/11/2018;00:49:00;23;Atropelamento sem Morte;508,3;BR-040/MG;Norte;Atropelamento de pedestre atravessando;1;0;0;1;0;0;0;0;0;0;1;0;1;0;0
16/11/2018;18:11:00;298;Acidente sem Vítima;465,1;BR-040/MG;Norte;Choque com objeto fixo;0;0;1;0;0;0;0;0;0;0;1;0;0;0;0
16/11/2018;17:39:00;289;Acidente com Vítima;464,8;BR-040/MG;Norte;Colisão traseira;2;0;0;0;0;0;0;0;0;0;4;0;1;0;0
16/11/2018;17:25:00;286;Acidente sem Vítima;590,2;BR-040/MG;Sul;Abalroamento longitudinal;1;0;1;0;0;0;0;0;0;0;2;0;0;0;0
16/11/2018;16:27:00;274;Acidente com Vítima;131,8;BR-040/MG;Norte;Queda de Moto;1;0;0;0;0;0;0;0;0;0;0;0;1;0;0
16/11/2018;16:10:00;264;Acidente com Vítima;737,1;BR-040/MG;Sul;Choque com objeto fixo;1;0;0;0;0;0;0;0;0;0;1;1;0;0;0
16/11/2018;13:53:00;224;Acidente sem Vítima;754,9;BR-040/MG;Norte;Choque em defensa;0;0;1;0;0;0;0;0;0;0;1;0;0;0;0
16/11/2018;13:46:00;221;Acidente sem Vítima;576;BR-040/MG;Norte;Abalroamento transversal;1;0;1;0;0;0;0;0;0;0;2;0;0;0;0
16/11/2018;12:52:00;204;Acidente sem Vítima;613,1;BR-040/MG;Norte;Abalroamento transversal;1;0;1;0;0;0;0;0;0;0;2;0;0;0;0
16/11/2018;12:10:00;195;Acidente sem Vítima;530;BR-040/MG;Norte;Queda de Moto;0;0;0;2;0;0;0;0;0;0;2;0;0;0;0
16/11/2018;11:39:00;187;Acidente sem Vítima;602,1;BR-040/MG;Sul;Colisão traseira;1;0;2;0;0;0;0;0;0;0;3;0;0;0;0
15/11/2018;21:29:00;342;Acidente sem Vítima;566,95;BR-040/MG;Sul;Abalroamento longitudinal;0;0;1;0;1;0;0;0;0;0;2;0;0;0;0
15/11/2018;21:25:00;340;Acidente com Vítima;496,1;BR-040/MG;Norte;Capotamento;1;0;0;0;0;0;0;0;0;0;5;1;0;0;0
15/11/2018;20:14:00;325;Atropelamento sem Morte;525,1;BR-040/MG;Norte;;1;0;0;0;0;0;0;0;0;0;1;0;1;0;0
15/11/2018;18:59:00;304;Acidente sem Vítima;543,2;BR-040/MG;Norte;Choque com objeto fixo;1;0;0;0;0;0;0;0;0;0;1;0;0;0;0
15/11/2018;18:37:00;297;Acidente sem Vítima;661;BR-040/MG;Sul;Abalroamento transversal;4;0;0;0;0;0;0;0;0;0;4;0;0;0;0
15/11/2018;13:12:00;187;Acidente com Vítima;456,6;BR-040/MG;Sul;Queda de Moto;0;0;0;1;0;0;0;0;0;0;1;1;0;0;0
15/11/2018;10:51:00;132;Acidente com Vítima;520,2;BR-040/MG;Norte;Abalroamento longitudinal;0;0;0;1;0;0;0;0;0;0;1;2;0;0;0
15/11/2018;10:19:00;117;Acidente sem Vítima;590,1;BR-040/MG;Sul;Abalroamento longitudinal;1;0;1;0;0;0;0;0;0;0;4;0;0;0;0
15/11/2018;09:35:00;104;Acidente sem Vítima;755,1;BR-040/MG;Norte;Queda de Carga;0;0;1;0;0;0;0;0;0;0;1;0;0;0;0
15/11/2018;09:25:00;98;Acidente sem Vítima;515,6;BR-040/MG;Norte;Colisão traseira;2;0;0;0;0;0;0;0;0;0;4;0;0;0;0
15/11/2018;07:39:00;62;Acidente com Vítima;42,1;BR-040/MG;Norte;Abalroamento transversal;1;0;0;1;0;0;0;0;0;0;1;2;0;0;0
15/11/2018;07:23:00;60;Acidente com Vítima;584,3;BR-040/MG;Sul;Abalroamento transversal;1;0;1;0;0;0;0;0;0;0;1;0;1;0;0
15/11/2018;01:41:00;16;Acidente com Vítima;3,6;BR-040/GO;Sul;Colisão traseira;1;0;0;0;1;0;0;0;0;0;1;0;1;0;0
14/11/2018;22:52:00;364;Acidente sem Vítima;589,76;BR-040/MG;Sul;Queda de Carga;1;0;0;0;0;0;0;0;0;0;1;0;0;0;0
14/11/2018;20:17:00;325;Acidente com Vítima;5,7;BR-040/GO;Norte;Queda de Moto;0;0;0;1;0;0;0;0;0;0;0;0;2;0;0
14/11/2018;20:03:00;322;Atropelamento sem Morte;423,78;BR-040/MG;Sul;;0;0;0;0;1;0;0;0;0;0;1;1;0;0;0
14/11/2018;18:32:00;296;Acidente sem Vítima;593,3;BR-040/MG;Norte;Colisão traseira;0;0;2;0;0;0;0;0;0;0;2;0;0;0;0
14/11/2018;18:19:00;292;Acidente com Vítima;2,5;BR-040/GO;Sul;Abalroamento longitudinal;1;0;0;1;0;0;0;0;0;0;1;2;0;0;0
14/11/2018;18:01:00;284;Acidente sem Vítima;5,1;BR-040/GO;Norte;Colisão traseira;3;0;0;0;0;0;0;0;0;0;3;0;0;0;0
14/11/2018;16:24:00;259;Atropelamento sem Morte;607,216;BR-040/MG;Norte;Atropelamento de pedestre caminhando;0;0;0;0;0;1;0;0;0;0;1;0;1;0;0
14/11/2018;13:40:00;211;Acidente sem Vítima;587,218;BR-040/MG;Norte;Colisão traseira;1;0;1;0;0;0;0;0;0;0;2;0;0;0;0
14/11/2018;09:29:00;150;Acidente sem Vítima;458,8;BR-040/MG;Sul;Colisão traseira;1;0;1;0;0;0;0;0;0;0;2;0;0;0;0
14/11/2018;07:23:00;109;Acidente com Morte;621,14;BR-040/MG;Norte;Colisão frontal;1;0;1;0;1;0;0;0;0;0;8;1;6;0;2
13/11/2018;19:38:00;288;Acidente com Vítima;764,5;BR-040/MG;Sul;Queda de Moto;0;0;0;1;0;0;0;0;0;0;0;1;0;0;0
13/11/2018;18:39:00;275;Acidente sem Vítima;7;BR-040/GO;Sul;Choque com objeto fixo;1;0;0;0;0;0;0;0;0;0;1;0;0;0;0
13/11/2018;16:40:00;252;Acidente com Vítima;9;BR-040/GO;Sul;Queda de Moto;0;0;0;0;0;0;0;0;0;0;0;0;0;1;0
13/11/2018;11:35:00;183;Acidente com Vítima;5,1;BR-040/GO;Sul;Abalroamento longitudinal;1;0;0;1;0;0;0;0;0;0;1;1;0;0;0
13/11/2018;08:56:00;144;Acidente com Vítima;155,001;BR-040/GO;Norte;Capotamento;1;0;0;0;0;0;0;0;0;0;2;1;0;0;0
13/11/2018;06:47:00;93;Acidente com Vítima;536,36;BR-040/MG;Norte;Abalroamento longitudinal;1;0;1;0;0;0;0;0;0;1;3;1;0;0;0
12/11/2018;22:57:00;408;Acidente com Vítima;673,3;BR-040/MG;Sul;Queda de Moto;0;0;0;1;0;0;0;0;0;0;0;1;0;0;0
12/11/2018;18:42:00;353;Acidente sem Vítima;465,2;BR-040/MG;Norte;Choque com objeto fixo;1;0;0;0;0;0;0;0;0;0;1;0;0;0;0
12/11/2018;11:32:00;218;Acidente com Vítima;129,9;BR-040/MG;Norte;Colisão traseira;2;0;0;0;0;0;0;0;0;0;2;1;0;0;0
12/11/2018;08:44:00;152;Acidente sem Vítima;520,1;BR-040/MG;Sul;Colisão traseira;1;0;2;0;0;0;0;0;0;0;5;0;0;0;0
11/11/2018;23:59:00;292;Acidente sem Vítima;530,57;BR-040/MG;Sul;Choque em defensa;0;0;1;0;0;0;0;0;0;0;1;0;0;0;0
11/11/2018;20:58:00;250;Acidente sem Vítima;12;BR-040/GO;Norte;Abalroamento transversal;0;0;0;2;0;0;0;0;0;0;0;0;2;0;0
11/11/2018;20:55:00;249;Acidente sem Vítima;43,2;BR-040/GO;Norte;Queda de Moto;1;0;0;0;0;0;0;0;0;0;1;0;0;0;0
11/11/2018;20:41:00;243;Acidente sem Vítima;94,1;BR-040/MG;Norte;Atropelamento de animal;1;0;0;0;0;0;0;0;0;0;1;0;0;0;0
11/11/2018;16:13:00;167;Acidente com Vítima;504,1;BR-040/MG;Norte;Queda de Moto;0;0;0;1;0;0;0;0;0;0;0;0;0;2;0
11/11/2018;12:02:00;112;Acidente sem Vítima;45;BR-040/MG;Sul;Choque com objeto fixo;0;0;1;0;0;0;0;0;0;0;2;0;0;0;0
11/11/2018;11:38:00;102;Acidente sem Vítima;563;BR-040/MG;Norte;Abalroamento longitudinal;1;0;0;1;0;0;0;0;0;0;2;0;0;0;0
11/11/2018;09:33:00;73;Acidente com Vítima;19,25;BR-040/GO;Sul;Colisão traseira;1;0;0;1;0;0;0;0;0;0;2;0;0;0;0
11/11/2018;07:04:00;31;Acidente sem Vítima;69;BR-040/GO;Sul;Choque com objeto fixo;1;0;0;0;0;0;0;0;0;0;2;0;0;0;0
11/11/2018;05:07:00;22;Acidente com Vítima;591,4;BR-040/MG;Sul;Capotamento;1;0;0;0;0;0;0;0;0;0;1;1;0;0;0
11/11/2018;04:52:00;21;Acidente sem Vítima;676,4;BR-040/MG;Sul;Outros;0;0;1;0;0;0;0;0;0;0;1;0;0;0;0
11/11/2018;04:24:00;19;Acidente com Vítima;718,491;BR-040/MG;Norte;Choque com objeto fixo;1;0;0;0;0;0;0;0;0;0;1;1;0;0;0
10/11/2018;23:20:00;281;Acidente com Vítima;395,2;BR-040/MG;Sul;Queda de Carga;0;0;1;0;0;0;0;0;0;0;0;1;0;0;0
10/11/2018;22:44:00;274;Acidente sem Vítima;537,5;BR-040/MG;Sul;Colisão traseira;2;0;0;0;0;0;0;0;0;0;2;0;0;0;0
10/11/2018;21:48:00;262;Acidente sem Vítima;143,1;BR-040/MG;Sul;;1;0;0;0;0;0;0;0;0;0;1;0;0;0;0
10/11/2018;18:47:00;221;Acidente com Vítima;5;BR-040/GO;Sul;Abalroamento longitudinal;1;0;0;1;0;0;0;0;0;0;1;0;1;0;0
10/11/2018;18:26:00;216;Acidente sem Vítima;5;BR-040/GO;Sul;Colisão traseira;1;0;0;1;0;0;0;0;0;0;2;0;0;0;0
10/11/2018;18:25:00;217;Acidente sem Vítima;424,4;BR-040/MG;Norte;Choque com objeto fixo;2;0;0;0;0;0;0;0;0;0;2;0;0;0;0
10/11/2018;10:48:00;110;Acidente sem Vítima;746,7;BR-040/MG;Sul;Queda de Moto;0;0;0;0;0;0;0;0;0;0;0;0;0;0;0
10/11/2018;10:18:00;103;Acidente sem Vítima;607,303;BR-040/MG;Norte;Atropelamento de animal;1;0;0;0;0;0;0;0;0;0;1;0;0;0;0
10/11/2018;07:45:00;74;Acidente sem Vítima;301,001;BR-040/MG;Norte;Choque com objeto fixo;1;0;0;0;0;0;0;0;0;0;1;0;0;0;0
10/11/2018;07:11:00;65;Acidente com Vítima;3,8;BR-040/GO;Sul;Choque com objeto fixo;1;0;0;0;0;0;0;0;0;0;0;2;0;0;0
10/11/2018;06:29:00;54;Acidente sem Vítima;514,4;BR-040/MG;Norte;Colisão traseira;2;0;0;0;0;0;0;0;0;0;2;0;0;0;0
10/11/2018;00:24:00;5;Acidente sem Vítima;728,1;BR-040/MG;Sul;Choque com objeto fixo;1;0;0;0;0;0;0;0;0;0;1;0;0;0;0
09/11/2018;21:47:00;342;Acidente sem Vítima;295;BR-040/MG;Sul;Abalroamento longitudinal;1;0;2;0;0;0;0;0;0;0;3;0;0;0;0
09/11/2018;20:10:00;311;Acidente sem Vítima;537,5;BR-040/MG;Sul;Choque com objeto fixo;1;0;0;0;0;0;0;0;0;0;1;0;0;0;0
09/11/2018;19:05:00;289;Acidente sem Vítima;525,1;BR-040/MG;Sul;Abalroamento longitudinal;1;0;0;0;1;0;0;0;0;0;2;0;0;0;0
09/11/2018;16:10:00;252;Acidente sem Vítima;563,3;BR-040/MG;Sul;Choque com objeto fixo;0;0;1;0;0;0;0;0;0;0;1;0;0;0;0
09/11/2018;15:04:00;234;Acidente com Vítima;510,65;BR-040/MG;Sul;Colisão traseira;7;0;0;0;0;0;0;0;0;0;7;1;1;0;0
09/11/2018;14:58:00;233;Acidente com Morte;151,5;BR-040/GO;Sul;Colisão frontal;0;0;2;0;0;0;0;0;0;0;0;2;0;0;1
09/11/2018;14:21:00;228;Acidente sem Vítima;4;BR-040/GO;Norte;Colisão traseira;2;0;0;0;0;0;0;0;0;0;0;0;0;0;0
09/11/2018;13:34:00;213;Acidente sem Vítima;562,4;BR-040/MG;Norte;Choque com objeto fixo;1;0;0;0;0;0;0;0;0;0;1;0;0;0;0
09/11/2018;13:34:00;214;Acidente sem Vítima;545,08;BR-040/MG;Norte;Colisão traseira;2;0;0;0;0;0;0;0;0;1;5;0;0;0;0
09/11/2018;13:19:00;211;Acidente sem Vítima;461,4;BR-040/MG;Sul;Outros;2;0;0;0;0;0;0;0;0;0;3;0;0;0;0
09/11/2018;13:10:00;205;Acidente sem Vítima;306,001;BR-040/MG;Sul;Capotamento;1;0;0;0;0;0;0;0;0;0;1;0;0;0;0
09/11/2018;11:26:00;180;Acidente sem Vítima;556,5;BR-040/MG;Sul;Choque em defensa;0;0;0;0;0;0;0;0;0;0;0;0;0;0;0
09/11/2018;11:20:00;179;Acidente com Vítima;537,1;BR-040/MG;Norte;Queda de Carga;1;0;2;0;0;0;0;0;0;0;3;1;0;0;0
09/11/2018;10:37:00;169;Acidente sem Vítima;327,001;BR-040/MG;Sul;Colisão traseira;2;0;0;0;0;0;0;0;0;0;2;0;0;0;0
09/11/2018;10:01:00;157;Acidente sem Vítima;510,5;BR-040/MG;Norte;Colisão traseira;1;0;1;0;0;0;0;0;0;0;2;0;0;0;0
09/11/2018;09:56:00;153;Acidente com Vítima;130,1;BR-040/GO;Sul;Capotamento;1;0;0;0;0;0;0;0;0;0;0;2;1;0;0
09/11/2018;09:33:00;148;Acidente sem Vítima;516,1;BR-040/MG;Norte;Choque com objeto fixo;1;0;0;0;0;0;0;0;0;0;1;0;0;0;0
09/11/2018;08:36:00;125;Acidente com Vítima;507,83;BR-040/MG;Norte;Abalroamento longitudinal;1;0;1;0;0;0;0;0;0;0;2;1;0;0;0
09/11/2018;08:27:00;117;Acidente sem Vítima;48,5;BR-040/MG;Sul;Choque com objeto fixo;1;0;0;0;0;0;0;0;0;0;1;0;0;0;0
09/11/2018;07:56:00;108;Acidente sem Vítima;28,001;BR-040/MG;Norte;Colisão traseira;1;0;2;0;0;0;0;0;0;0;4;0;0;0;0
09/11/2018;07:10:00;93;Acidente sem Vítima;527,2;BR-040/MG;Sul;Choque com objeto fixo;1;0;0;0;0;0;0;0;0;0;1;0;0;0;0
08/11/2018;23:14:00;337;Acidente sem Vítima;465,1;BR-040/MG;Norte;Queda de Carga;0;0;1;0;0;0;0;0;0;0;1;0;0;0;0
08/11/2018;21:17:00;329;Acidente sem Vítima;509,3;BR-040/MG;Norte;Colisão traseira;2;0;0;0;0;0;0;0;0;0;2;0;0;0;0
08/11/2018;20:20:00;315;Acidente com Vítima;74,6;BR-040/GO;Norte;Capotamento;1;0;0;0;0;0;0;0;0;0;2;1;0;0;0
08/11/2018;20:02:00;305;Acidente sem Vítima;566,1;BR-040/MG;Norte;Colisão traseira;0;0;0;0;1;0;0;0;0;1;2;0;0;0;0
08/11/2018;19:38:00;299;Acidente sem Vítima;519,5;BR-040/MG;Norte;Queda de Carga;0;0;0;1;0;0;0;0;0;0;1;0;0;0;0
08/11/2018;18:59:00;293;Acidente com Vítima;685,2;BR-040/MG;Norte;Colisão traseira;2;0;0;0;0;0;0;0;0;0;1;1;0;0;0
08/11/2018;18:51:00;291;Atropelamento sem Morte;1,2;BR-040/GO;Sul;Atropelamento de pedestre caminhando;0;0;0;0;0;0;0;0;0;0;0;0;1;0;0
08/11/2018;18:33:00;289;Acidente com Vítima;643,6;BR-040/MG;Sul;Choque em defensa;1;0;0;0;0;0;0;0;0;0;0;1;0;0;0
08/11/2018;17:32:00;279;Acidente sem Vítima;464,1;BR-040/MG;Norte;Queda de Carga;1;0;0;0;0;0;0;0;0;0;0;0;0;0;0
08/11/2018;17:16:00;275;Acidente sem Vítima;457,3;BR-040/MG;Sul;;1;0;0;0;0;0;0;0;0;0;1;0;0;0;0
08/11/2018;17:06:00;272;Acidente sem Vítima;737,8;BR-040/MG;Sul;Abalroamento transversal;1;0;1;0;0;0;0;0;0;0;2;0;0;0;0
08/11/2018;17:06:00;273;Acidente sem Vítima;506,1;BR-040/MG;Sul;Colisão traseira;3;0;1;0;0;0;0;0;0;0;4;0;0;0;0
08/11/2018;16:56:00;269;Acidente com Vítima;1,3;BR-040/GO;Sul;Colisão traseira;1;0;0;2;0;0;0;0;0;0;3;0;1;0;0
08/11/2018;14:27:00;228;Acidente sem Vítima;505,95;BR-040/MG;Sul;Choque em veículo parado na pista;1;0;0;0;0;0;0;0;0;1;4;0;0;0;0
08/11/2018;13:48:00;217;Acidente sem Vítima;505,1;BR-040/MG;Sul;Choque com objeto fixo;1;0;0;0;0;0;0;0;0;0;1;0;0;0;0
08/11/2018;13:46:00;215;Acidente sem Vítima;557,1;BR-040/MG;Sul;Choque em defensa;1;0;0;0;0;0;0;0;0;0;0;0;0;0;0
08/11/2018;13:07:00;204;Acidente sem Vítima;494,3;BR-040/MG;Sul;Capotamento;1;0;0;0;0;0;0;0;0;0;1;0;0;0;0
08/11/2018;12:37:00;194;Acidente sem Vítima;299,8;BR-040/MG;Sul;Choque com objeto fixo;1;0;0;0;0;0;0;0;0;0;1;0;0;0;0
08/11/2018;11:50:00;183;Acidente sem Vítima;566,1;BR-040/MG;Norte;Colisão traseira;2;0;0;0;0;0;0;0;0;0;2;0;0;0;0
08/11/2018;11:44:00;181;Acidente com Vítima;92,2;BR-040/GO;Norte;Abalroamento transversal;1;0;1;0;0;0;0;0;0;0;2;0;2;0;0
08/11/2018;11:25:00;176;Acidente sem Vítima;452,2;BR-040/MG;Sul;Queda de Carga;0;0;1;0;0;0;0;0;0;0;1;0;0;0;0
08/11/2018;10:37:00;169;Acidente sem Vítima;455;BR-040/MG;Norte;Abalroamento longitudinal;0;0;1;0;0;0;0;0;0;0;1;0;0;0;0
08/11/2018;10:09:00;161;Acidente com Vítima;244,9;BR-040/MG;Sul;Choque com objeto fixo;0;0;1;0;0;0;0;0;0;0;4;3;0;0;0
08/11/2018;09:49:00;156;Acidente sem Vítima;510,3;BR-040/MG;Norte;Queda de Carga;0;0;1;0;0;0;0;0;0;0;1;0;0;0;0
08/11/2018;08:53:00;134;Acidente sem Vítima;510,1;BR-040/MG;Norte;Colisão traseira;1;0;1;0;0;0;0;0;0;0;2;0;0;0;0
08/11/2018;08:51:00;132;Acidente sem Vítima;510,3;BR-040/MG;Norte;Queda de Moto;0;0;0;1;0;0;0;0;0;0;1;0;0;0;0