data;horario;n_da_ocorrencia;tipo_de_ocorrencia;km;trecho;sentido;tipo_de_acidente;automovel;bicicleta;caminhao;moto;onibus;outros;tracao_animal;transporte_de_cargas_especiais;trator_maquinas;utilitarios;ilesos;levemente_feridos;moderadamente_feridos;gravemente_feridos;mortos
28/12/2018;04:29:00;91;Acidente sem Vítima;503,4;BR-040/MG;Sul;Choque com objeto fixo;1;0;0;0;0;0;0;0;0;0;2;0;0;0;0
27/12/2018;23:08:00;364;Acidente sem Vítima;617,5;BR-040/MG;Sul;Colisão traseira;2;0;0;0;0;0;0;0;0;0;8;0;0;0;0
27/12/2018;19:11:00;309;Acidente sem Vítima;738,5;BR-040/MG;Sul;Choque em defensa;1;0;0;0;0;0;0;0;0;0;1;0;0;0;0
27/12/2018;19:00:00;303;Acidente com Vítima;45,01;BR-040/GO;Sul;Colisão frontal;1;0;1;0;0;0;0;0;0;0;1;0;0;1;0
27/12/2018;18:56:00;299;Acidente com Vítima;699,8;BR-040/MG;Sul;Colisão traseira;1;0;0;1;0;0;0;0;0;0;3;1;0;0;0
27/12/2018;17:59:00;278;Acidente sem Vítima;138,8;BR-040/MG;Norte;Abalroamento transversal;2;0;0;0;0;0;0;0;0;0;2;0;0;0;0
27/12/2018;17:37:00;269;Acidente sem Vítima;452,01;BR-040/MG;Norte;Choque com objeto fixo;1;0;0;0;0;0;0;0;0;0;1;0;0;0;0
27/12/2018;16:57:00;260;Acidente sem Vítima;459,7;BR-040/MG;Norte;Choque em defensa;1;0;0;0;0;0;0;0;0;0;1;0;0;0;0
27/12/2018;16:50:00;257;Acidente sem Vítima;459,7;BR-040/MG;Norte;Choque em defensa;1;0;0;0;0;0;0;0;0;0;1;0;0;0;0
27/12/2018;16:18:00;248;Acidente sem Vítima;617,3;BR-040/MG;Sul;Colisão traseira;1;0;0;0;0;0;0;0;0;0;2;0;0;0;0
27/12/2018;16:02:00;242;Acidente sem Vítima;467,25;BR-040/MG;Sul;Choque com objeto fixo;1;0;0;0;0;0;0;0;0;0;1;0;0;0;0
27/12/2018;15:40:00;236;Acidente sem Vítima;464,8;BR-040/MG;Sul;Queda de Carga;1;0;0;0;0;0;0;0;0;0;1;0;0;0;0
27/12/2018;15:36:00;235;Acidente com Vítima;522,15;BR-040/MG;Sul;Capotamento;1;0;0;0;0;0;0;0;0;0;0;0;0;0;0
27/12/2018;15:12:00;230;Acidente sem Vítima;551,2;BR-040/MG;Sul;Capotamento;1;0;0;0;0;0;0;0;0;0;1;0;0;0;0
27/12/2018;14:55:00;228;Acidente sem Vítima;738,15;BR-040/MG;Sul;Choque com objeto fixo;0;0;0;0;0;0;0;0;0;1;1;0;0;0;0
27/12/2018;14:45:00;226;Acidente sem Vítima;729,15;BR-040/MG;Sul;Choque com objeto fixo;1;0;0;0;0;0;0;0;0;0;1;0;0;0;0
27/12/2018;14:39:00;224;Acidente sem Vítima;461,25;BR-040/MG;Sul;Colisão traseira;3;0;2;0;2;0;0;0;0;0;14;0;0;0;0
27/12/2018;14:25:00;222;Acidente com Vítima;525,1;BR-040/MG;Norte;Colisão traseira;2;0;0;1;0;0;0;0;0;1;4;0;0;0;0
27/12/2018;14:05:00;214;Acidente sem Vítima;547,01;BR-040/MG;Sul;Colisão traseira;1;0;0;0;0;0;0;0;0;0;1;0;0;0;0
27/12/2018;13:14:00;206;Acidente com Vítima;616,008;BR-040/MG;Sul;Colisão traseira;2;0;0;0;0;0;0;0;0;0;4;2;0;0;0
27/12/2018;11:54:00;188;Acidente com Vítima;638,4;BR-040/MG;Sul;Colisão traseira;1;0;0;0;0;0;0;0;0;0;0;1;0;0;0
27/12/2018;11:53:00;187;Acidente com Vítima;614,2;BR-040/MG;Norte;Abalroamento transversal;2;0;0;0;0;0;0;0;0;0;2;1;0;0;0
27/12/2018;10:16:00;167;Acidente sem Vítima;727,01;BR-040/MG;Sul;Choque em barreira New Jersey;1;0;0;0;0;0;0;0;0;0;2;0;0;0;0
27/12/2018;09:50:00;161;Acidente sem Vítima;727,005;BR-040/MG;Sul;Choque em barreira New Jersey;1;0;0;0;0;0;0;0;0;0;4;0;0;0;0
27/12/2018;07:47:00;123;Acidente sem Vítima;672,2;BR-040/MG;Sul;Queda de Moto;0;0;0;1;0;0;0;0;0;0;2;0;0;0;0
27/12/2018;07:13:00;114;Acidente sem Vítima;446,3;BR-040/MG;Norte;Choque com objeto fixo;1;0;0;0;0;0;0;0;0;0;4;0;0;0;0
27/12/2018;04:44:00;90;Acidente com Vítima;507,3;BR-040/MG;Sul;Atropelamento de animal;0;0;0;1;0;0;0;0;0;0;0;0;1;0;0
27/12/2018;04:09:00;88;Acidente sem Vítima;506,54;BR-040/MG;Norte;Atropelamento de animal;1;0;0;0;0;0;0;0;0;0;1;0;0;0;0
26/12/2018;20:41:00;352;Acidente com Vítima;507,9;BR-040/MG;Sul;Atropelamento de animal;1;0;0;0;0;0;0;0;0;0;1;1;0;0;0
26/12/2018;20:16:00;345;Acidente com Vítima;589,3;BR-040/MG;Norte;Colisão traseira;1;0;0;0;0;2;0;0;0;0;3;2;0;0;0
26/12/2018;17:28:00;297;Acidente com Vítima;709,4;BR-040/MG;Norte;Choque com objeto fixo;1;0;0;0;0;0;0;0;0;0;2;1;0;0;0
26/12/2018;17:27:00;296;Acidente sem Vítima;755,2;BR-040/MG;Norte;Abalroamento longitudinal;2;0;0;0;0;0;0;0;0;0;2;0;0;0;0
26/12/2018;17:24:00;293;Acidente com Morte;366,6;BR-040/MG;Norte;Colisão frontal;1;0;1;0;0;0;0;0;0;0;1;0;1;0;1
26/12/2018;16:46:00;285;Acidente sem Vítima;728,2;BR-040/MG;Sul;Choque com objeto fixo;1;0;0;0;0;0;0;0;0;0;2;0;0;0;0
26/12/2018;16:26:00;276;Acidente sem Vítima;748,3;BR-040/MG;Norte;Outros;1;0;0;0;0;0;0;0;0;0;1;0;0;0;0
26/12/2018;15:35:00;264;Acidente sem Vítima;656,1;BR-040/MG;Norte;Outros;1;0;0;0;0;0;0;0;0;0;1;0;0;0;0
26/12/2018;15:00:00;252;Acidente com Vítima;10,01;BR-040/GO;Norte;Colisão traseira;1;0;0;1;0;0;0;0;0;0;1;0;1;0;0
26/12/2018;14:51:00;249;Acidente com Vítima;92,8;BR-040/GO;Norte;Abalroamento transversal;2;0;0;0;0;0;0;0;0;0;3;2;0;0;0
26/12/2018;14:47:00;247;Acidente sem Vítima;10,2;BR-040/GO;Sul;Abalroamento longitudinal;2;0;0;0;0;0;0;0;0;0;2;0;0;0;0
26/12/2018;14:40:00;246;Acidente sem Vítima;467,7;BR-040/MG;Sul;Capotamento;1;0;0;0;0;0;0;0;0;0;1;0;0;0;0
26/12/2018;12:57:00;214;Acidente com Vítima;535,3;BR-040/MG;Sul;Colisão traseira;2;0;0;0;0;0;0;0;0;0;1;1;0;0;0
26/12/2018;10:42:00;182;Acidente com Vítima;467,3;BR-040/MG;Sul;Choque com objeto fixo;1;0;0;0;0;0;0;0;0;0;0;0;2;0;0
26/12/2018;09:46:00;166;Acidente sem Vítima;728,2;BR-040/MG;Sul;Queda de Moto;0;0;1;0;0;0;0;0;0;0;1;0;0;0;0
26/12/2018;09:36:00;160;Acidente sem Vítima;177,1;BR-040/MG;Sul;Atropelamento de animal;1;0;0;0;0;0;0;0;0;0;4;0;0;0;0
26/12/2018;08:53:00;139;Acidente sem Vítima;730,8;BR-040/MG;Norte;Choque com objeto fixo;1;0;0;0;0;0;0;0;0;0;2;0;0;0;0
26/12/2018;08:45:00;138;Acidente sem Vítima;727,2;BR-040/MG;Norte;Choque com objeto fixo;1;0;0;0;0;0;0;0;0;0;1;0;0;0;0
26/12/2018;08:38:00;135;Acidente com Vítima;534,4;BR-040/MG;Norte;Queda de Moto;0;0;0;1;0;0;0;0;0;0;0;0;0;0;0
26/12/2018;08:24:00;125;Acidente sem Vítima;732,8;BR-040/MG;Sul;Capotamento;2;0;0;0;0;0;0;0;0;0;6;0;0;0;0
26/12/2018;06:55:00;93;Acidente sem Vítima;3,25;BR-040/GO;Norte;Choque com objeto fixo;1;0;0;0;0;0;0;0;0;0;1;0;0;0;0
26/12/2018;06:15:00;82;Acidente sem Vítima;84,3;BR-040/MG;Norte;Atropelamento de animal;1;0;0;0;0;0;0;0;0;0;3;0;0;0;0
26/12/2018;04:14:00;77;Acidente com Vítima;465,4;BR-040/MG;Sul;Queda de Carga;0;0;1;0;0;0;0;0;0;0;0;1;0;0;0
26/12/2018;01:01:00;9;Acidente sem Vítima;3,1;BR-040/GO;Norte;Colisão frontal;2;0;0;0;0;0;0;0;0;0;3;0;0;0;0
25/12/2018;20:39:00;229;Acidente com Morte;278,6;BR-040/MG;Sul;Colisão frontal;1;0;0;1;0;0;0;0;0;0;0;0;1;1;1
25/12/2018;20:13:00;216;Acidente com Vítima;631,301;BR-040/MG;Norte;Abalroamento transversal;1;0;1;0;0;0;0;0;0;0;1;0;0;0;0
25/12/2018;19:12:00;200;Acidente com Vítima;451,2;BR-040/MG;Sul;Colisão traseira;1;0;1;0;0;0;0;0;0;0;3;0;0;0;0
25/12/2018;18:45:00;190;Acidente com Vítima;532,5;BR-040/MG;Sul;Colisão traseira;3;0;0;0;0;0;0;0;0;0;4;1;0;0;0
25/12/2018;16:39:00;143;Acidente sem Vítima;634,9;BR-040/MG;Norte;Capotamento;1;0;0;0;0;0;0;0;0;0;4;0;0;0;0
25/12/2018;16:09:00;135;Acidente sem Vítima;654,4;BR-040/MG;Norte;Choque com objeto fixo;1;0;0;0;0;0;0;0;0;0;1;0;0;0;0
25/12/2018;15:27:00;121;Acidente com Vítima;700,1;BR-040/MG;Sul;Colisão traseira;1;0;0;1;0;0;0;0;0;0;1;1;0;0;0
25/12/2018;15:19:00;118;Acidente sem Vítima;44,4;BR-040/MG;Sul;Capotamento;1;0;0;0;0;0;0;0;0;0;3;0;0;0;0
25/12/2018;15:06:00;111;Acidente com Vítima;33,3;BR-040/MG;Norte;Capotamento;1;0;0;0;0;0;0;0;0;0;3;1;0;0;0
25/12/2018;15:00:00;110;Acidente com Vítima;732,1;BR-040/MG;Sul;Capotamento;1;0;0;0;0;0;0;0;0;0;0;2;0;0;0
25/12/2018;14:42:00;106;Acidente sem Vítima;739,1;BR-040/MG;Norte;Choque em defensa;1;0;0;0;0;0;0;0;0;0;4;0;0;0;0
25/12/2018;14:21:00;103;Acidente com Morte;682,8;BR-040/MG;Norte;Colisão traseira;1;0;0;0;1;0;0;0;0;0;1;0;0;0;1
25/12/2018;12:27:00;94;Acidente sem Vítima;755,04;BR-040/MG;Sul;Choque com objeto fixo;0;0;0;0;0;0;0;0;0;1;2;0;0;0;0
25/12/2018;11:40:00;86;Acidente com Vítima;35,8;BR-040/GO;Sul;Capotamento;1;0;0;0;0;0;0;0;0;0;0;3;0;0;0
25/12/2018;07:29:00;37;Acidente sem Vítima;7,5;BR-040/GO;Sul;Capotamento;1;0;0;0;0;0;0;0;0;0;1;0;0;0;0
25/12/2018;07:28:00;36;Acidente sem Vítima;366,4;BR-040/MG;Sul;Queda de Moto;0;0;0;1;0;0;0;0;0;0;1;0;0;0;0
25/12/2018;03:42:00;19;Acidente sem Vítima;528,2;BR-040/MG;Norte;Choque com objeto fixo;1;0;0;0;0;0;0;0;0;0;3;0;0;0;0
25/12/2018;02:15:00;13;Acidente sem Vítima;515,1;BR-040/MG;Norte;Queda de Moto;0;0;0;1;0;0;0;0;0;0;2;0;0;0;0
25/12/2018;00:41:00;3;Acidente sem Vítima;444,5;BR-040/MG;Sul;Queda de Carga;0;0;1;0;0;0;0;0;0;0;1;0;0;0;0
24/12/2018;23:22:00;218;Acidente sem Vítima;544,2;BR-040/MG;Sul;Choque em barreira New Jersey;1;0;0;0;1;0;0;0;0;0;2;0;0;0;0
24/12/2018;22:57:00;214;Acidente com Vítima;544,1;BR-040/MG;Sul;Colisão traseira;2;0;0;0;0;0;0;0;0;0;2;1;0;0;0
24/12/2018;21:46:00;194;Acidente sem Vítima;515,2;BR-040/MG;Sul;Choque com objeto fixo;1;0;0;0;0;0;0;0;0;0;1;0;0;0;0
24/12/2018;19:43:00;160;Acidente com Vítima;764,25;BR-040/MG;Norte;Colisão frontal;2;0;0;0;0;0;0;0;0;0;2;1;0;0;0
24/12/2018;18:09:00;147;Acidente sem Vítima;591,9;BR-040/MG;Norte;Outros;1;0;0;0;0;0;0;0;0;0;1;0;0;0;0
24/12/2018;15:17:00;117;Acidente sem Vítima;593,4;BR-040/MG;Norte;Choque em barreira New Jersey;0;0;0;1;0;0;0;0;0;0;2;0;0;0;0
24/12/2018;12:21:00;92;Acidente com Vítima;722,25;BR-040/MG;Norte;Capotamento;1;0;0;0;0;0;0;0;0;0;1;1;0;0;0
24/12/2018;11:17:00;82;Acidente com Vítima;29,6;BR-040/GO;Sul;Colisão traseira;2;0;0;0;0;0;0;0;0;0;0;3;0;0;0
24/12/2018;10:35:00;76;Acidente sem Vítima;727,1;BR-040/MG;Sul;Capotamento;1;0;0;0;0;0;0;0;0;0;1;0;0;0;0
24/12/2018;10:21:00;74;Acidente sem Vítima;34,7;BR-040/MG;Sul;Choque com objeto fixo;1;0;0;0;0;0;0;0;0;0;1;0;0;0;0
24/12/2018;06:47:00;37;Acidente sem Vítima;111,102;BR-040/GO;Sul;Choque em defensa;1;0;0;0;0;0;0;0;0;0;5;0;0;0;0
24/12/2018;03:47:00;31;Acidente sem Vítima;464,3;BR-040/MG;Sul;Queda de Carga;0;0;1;0;0;0;0;0;0;0;1;0;0;0;0
23/12/2018;22:49:00;275;Acidente com Vítima;499,1;BR-040/MG;Norte;Queda de Moto;0;0;0;1;0;0;0;0;0;0;0;1;0;0;0
23/12/2018;20:57:00;241;Acidente sem Vítima;7,015;BR-040/GO;Norte;Abalroamento longitudinal;2;0;0;0;0;0;0;0;0;0;2;0;0;0;0
23/12/2018;15:50:00;153;Acidente com Vítima;534,15;BR-040/MG;Norte;Choque em barreira New Jersey;1;0;0;0;0;0;0;0;0;0;1;1;0;0;0
23/12/2018;15:26:00;144;Acidente sem Vítima;129,046;BR-040/MG;Sul;Capotamento;1;0;0;0;0;0;0;0;0;0;2;0;0;0;0
23/12/2018;12:57:00;111;Acidente sem Vítima;659,01;BR-040/MG;Norte;Choque em defensa;1;0;0;0;0;0;0;0;0;0;2;0;0;0;0
23/12/2018;09:22:00;58;Acidente com Morte;660,45;BR-040/MG;Sul;Queda de Moto;0;0;0;1;0;0;0;0;0;0;1;0;0;0;1
23/12/2018;00:28:00;3;Acidente com Vítima;7,4;BR-040/GO;Norte;Queda de Moto;0;0;0;1;0;0;0;0;0;0;0;1;0;0;0
22/12/2018;22:46:00;385;Acidente sem Vítima;7,1;BR-040/DF;Norte;Abalroamento longitudinal;1;0;0;0;1;0;0;0;0;0;3;0;0;0;0
22/12/2018;20:55:00;365;Acidente com Vítima;489,2;BR-040/MG;Sul;Queda de Moto;0;0;0;1;0;0;0;0;0;0;0;1;0;0;0
22/12/2018;19:58:00;354;Acidente sem Vítima;5,2;BR-040/GO;Norte;Colisão traseira;4;0;0;0;0;0;0;0;0;0;8;0;0;0;0
22/12/2018;19:25:00;342;Acidente sem Vítima;5,1;BR-040/DF;Sul;Colisão traseira;2;0;0;0;0;0;0;0;0;0;2;0;0;0;0
22/12/2018;18:09:00;313;Acidente sem Vítima;467,5;BR-040/MG;Sul;Choque com objeto fixo;1;0;0;0;0;0;0;0;0;0;2;0;0;0;0
22/12/2018;17:59:00;307;Acidente sem Vítima;42,7;BR-040/MG;Norte;Colisão traseira;2;0;0;0;0;0;0;0;0;0;4;0;0;0;0
22/12/2018;17:44:00;301;Acidente sem Vítima;328,01;BR-040/MG;Sul;Colisão traseira;2;0;0;0;0;0;0;0;0;0;4;0;0;0;0
22/12/2018;17:28:00;295;Acidente sem Vítima;116,001;BR-040/GO;Norte;Capotamento;0;0;1;0;0;0;0;0;0;0;2;0;0;0;0
22/12/2018;17:19:00;290;Acidente sem Vítima;635,12;BR-040/MG;Norte;Abalroamento longitudinal;2;0;1;0;0;0;0;0;0;0;3;0;0;0;0
22/12/2018;16:51:00;281;Atropelamento sem Morte;0,2;BR-040/GO;Sul;Atropelamento em abrigo de ônibus;0;0;0;1;0;0;0;0;0;0;1;0;0;0;0
22/12/2018;16:48:00;280;Acidente sem Vítima;206,1;BR-040/MG;Sul;Choque com objeto fixo;1;0;0;0;0;0;0;0;0;0;1;0;0;0;0
22/12/2018;16:44:00;277;Acidente sem Vítima;638,124;BR-040/MG;Sul;Choque com objeto fixo;1;0;0;0;0;0;0;0;0;0;1;0;0;0;0
22/12/2018;16:40:00;276;Acidente sem Vítima;609,8;BR-040/MG;Norte;Capotamento;1;0;0;0;0;0;0;0;0;0;2;0;0;0;0
22/12/2018;16:27:00;271;Acidente sem Vítima;526,7;BR-040/MG;Norte;Colisão traseira;2;0;0;0;0;0;0;0;0;0;3;0;0;0;0
22/12/2018;16:19:00;268;Acidente sem Vítima;519,1;BR-040/MG;Norte;Capotamento;1;0;0;0;0;0;0;0;0;0;2;0;0;0;0
22/12/2018;16:09:00;267;Acidente com Vítima;5,2;BR-040/GO;Sul;Colisão traseira;1;0;0;1;0;0;0;0;0;0;1;1;0;0;0
22/12/2018;15:42:00;253;Acidente com Vítima;565,3;BR-040/MG;Sul;Colisão traseira;5;0;0;0;0;0;0;0;0;0;5;2;0;0;0
22/12/2018;15:04:00;232;Acidente com Vítima;565,1;BR-040/MG;Sul;Colisão traseira;1;0;0;0;0;0;0;0;0;0;1;1;0;0;0
22/12/2018;14:18:00;222;Acidente sem Vítima;641,1;BR-040/MG;Norte;Capotamento;1;0;0;0;0;0;0;0;0;0;1;0;0;0;0
22/12/2018;13:58:00;214;Acidente sem Vítima;718,2;BR-040/MG;Norte;Choque em barreira New Jersey;1;0;0;0;0;0;0;0;0;0;3;0;0;0;0
22/12/2018;13:47:00;210;Acidente sem Vítima;718,1;BR-040/MG;Sul;Queda de Carga;1;0;0;0;0;0;0;0;0;1;7;0;0;0;0
22/12/2018;13:21:00;202;Acidente com Vítima;461,7;BR-040/MG;Sul;Choque com objeto fixo;1;0;0;0;0;0;0;0;0;0;0;0;2;0;0
22/12/2018;11:24:00;168;Acidente com Vítima;543,4;BR-040/MG;Norte;Colisão traseira;1;0;1;1;0;0;0;0;0;0;2;2;0;0;0
22/12/2018;09:30:00;123;Acidente com Vítima;515,2;BR-040/MG;Norte;Colisão traseira;1;0;0;1;0;0;0;0;0;0;1;2;0;0;0
22/12/2018;08:45:00;105;Acidente com Morte;77,2;BR-040/GO;Norte;Colisão frontal;0;0;1;0;2;0;0;0;0;0;48;0;1;0;1
22/12/2018;08:16:00;98;Acidente com Vítima;95,2;BR-040/GO;Norte;Colisão traseira;1;0;0;0;0;0;0;0;0;0;3;1;0;0;0
22/12/2018;07:54:00;85;Acidente sem Vítima;170,3;BR-040/MG;Sul;Colisão traseira;2;0;0;0;0;0;0;0;0;0;9;0;0;0;0
22/12/2018;06:26:00;62;Acidente sem Vítima;285,4;BR-040/MG;Norte;Choque com objeto fixo;1;0;0;0;0;0;0;0;0;0;2;0;0;0;0
22/12/2018;05:10:00;46;Atropelamento com Morte;466,6;BR-040/MG;Sul;Atropelamento de ciclista;0;1;1;0;0;0;0;0;0;0;1;0;0;1;1
22/12/2018;00:57:00;13;Acidente com Vítima;11,1;BR-040/GO;Sul;Choque com objeto fixo;1;0;0;0;0;0;0;0;0;0;2;1;0;0;0
22/12/2018;00:24:00;6;Acidente com Vítima;567,005;BR-040/MG;Sul;Queda de Moto;0;0;0;1;0;0;0;0;0;0;0;2;0;0;0
21/12/2018;23:49:00;486;Acidente com Vítima;453,3;BR-040/MG;Sul;Capotamento;1;0;0;0;0;0;0;0;0;0;1;3;0;0;0
21/12/2018;23:25:00;477;Acidente com Vítima;4,1;BR-040/DF;Sul;Colisão traseira;2;0;0;0;0;0;0;0;0;0;2;0;3;0;0
21/12/2018;20:16:00;418;Acidente sem Vítima;5,1;BR-040/GO;Sul;Choque com objeto fixo;1;0;0;0;0;0;0;0;0;0;1;0;0;0;0
21/12/2018;18:44:00;383;Acidente sem Vítima;3,8;BR-040/GO;Sul;Colisão traseira;3;0;0;0;0;0;0;0;0;0;3;0;0;0;0
21/12/2018;17:56:00;363;Acidente com Vítima;539,5;BR-040/MG;Norte;Queda de Moto;0;0;0;1;0;0;0;0;0;0;0;2;0;0;0
21/12/2018;17:07:00;343;Acidente sem Vítima;491,5;BR-040/MG;Sul;Abalroamento transversal;1;0;1;0;0;0;0;0;0;0;3;0;0;0;0
21/12/2018;16:24:00;330;Acidente sem Vítima;5,1;BR-040/GO;Norte;Abalroamento longitudinal;2;0;0;0;0;0;0;0;0;0;5;0;0;0;0
21/12/2018;16:08:00;325;Acidente sem Vítima;622,001;BR-040/MG;Norte;Colisão traseira;0;0;2;0;0;0;0;0;0;0;2;0;0;0;0
21/12/2018;13:33:00;267;Acidente sem Vítima;727,3;BR-040/MG;Norte;Choque com objeto fixo;0;0;0;1;0;0;0;0;0;0;1;0;0;0;0
21/12/2018;13:26:00;263;Acidente sem Vítima;580,1;BR-040/MG;Norte;Choque com objeto fixo;1;0;0;0;0;0;0;0;0;0;2;0;0;0;0
21/12/2018;13:26:00;264;Acidente sem Vítima;332,6;BR-040/MG;Norte;Choque com objeto fixo;1;0;0;0;0;0;0;0;0;0;3;0;0;0;0
21/12/2018;13:00:00;248;Acidente sem Vítima;57,1;BR-040/MG;Sul;Colisão traseira;3;0;0;0;0;0;0;0;0;0;8;0;0;0;0
21/12/2018;12:55:00;245;Acidente com Vítima;730,5;BR-040/MG;Sul;Choque em defensa;1;0;0;0;0;0;0;0;0;0;0;1;0;0;0
21/12/2018;12:54:00;243;Acidente sem Vítima;465,1;BR-040/MG;Sul;Outros;1;0;0;0;0;0;0;0;0;0;1;0;0;0;0
21/12/2018;12:21:00;235;Acidente sem Vítima;533,5;BR-040/MG;Norte;Colisão traseira;2;0;0;0;0;0;0;0;0;0;2;0;0;0;0
21/12/2018;06:51:00;110;Acidente sem Vítima;676,45;BR-040/MG;Norte;Choque em barreira New Jersey;2;0;0;0;0;0;0;0;0;0;4;0;0;0;0
21/12/2018;06:15:00;100;Acidente sem Vítima;505,1;BR-040/MG;Norte;Abalroamento longitudinal;1;0;1;0;0;0;0;0;0;0;3;0;0;0;0
20/12/2018;23:39:00;411;Acidente sem Vítima;111,5;BR-040/MG;Norte;Atropelamento de animal;1;0;0;0;0;0;0;0;0;0;1;0;0;0;0
20/12/2018;21:17:00;382;Acidente com Vítima;140,168;BR-040/GO;Sul;Abalroamento transversal;2;0;0;0;0;0;0;0;0;0;1;3;0;0;0
20/12/2018;20:11:00;368;Acidente sem Vítima;4,5;BR-040/MG;Sul;Capotamento;1;0;0;0;0;0;0;0;0;0;1;0;0;0;0
20/12/2018;19:45:00;360;Acidente com Vítima;276,1;BR-040/MG;Norte;Abalroamento longitudinal;1;0;1;0;0;0;0;0;0;0;4;1;0;0;0
20/12/2018;19:28:00;351;Acidente com Vítima;538,7;BR-040/MG;Sul;Queda de Carga;0;0;1;0;0;0;0;0;0;0;0;0;1;0;0
20/12/2018;19:14:00;347;Acidente com Vítima;426,1;BR-040/MG;Sul;Queda de Moto;0;0;0;0;0;0;0;0;0;0;0;0;0;1;0
20/12/2018;18:44:00;334;Acidente com Vítima;6,9;BR-040/GO;Sul;Abalroamento longitudinal;1;1;0;0;0;0;0;0;0;0;1;0;1;0;0
20/12/2018;15:48:00;270;Acidente sem Vítima;487,2;BR-040/MG;Norte;Colisão traseira;2;0;0;0;0;0;0;0;0;0;5;0;0;0;0
20/12/2018;15:46:00;267;Acidente sem Vítima;600,6;BR-040/MG;Sul;Colisão traseira;1;0;0;0;0;0;0;0;0;0;4;0;0;0;0
20/12/2018;13:52:00;231;Acidente sem Vítima;683,5;BR-040/MG;Sul;Abalroamento longitudinal;0;0;2;0;0;0;0;0;0;0;2;0;0;0;0
20/12/2018;11:22:00;195;Acidente com Vítima;219,15;BR-040/MG;Sul;Capotamento;2;0;0;0;0;0;0;0;0;0;2;1;0;0;0
20/12/2018;09:06:00;153;Atropelamento sem Morte;4,2;BR-040/GO;Norte;Atropelamento de pedestre atravessando;0;0;0;1;0;0;0;0;0;0;1;0;1;0;0
20/12/2018;09:06:00;154;Acidente sem Vítima;675,481;BR-040/MG;Sul;Abalroamento transversal;2;0;0;0;0;0;0;0;0;0;3;0;0;0;0
20/12/2018;07:39:00;131;Acidente sem Vítima;522,4;BR-040/MG;Sul;Colisão traseira;2;0;0;0;0;0;0;0;0;0;2;0;0;0;0
20/12/2018;07:29:00;128;Acidente sem Vítima;528,15;BR-040/MG;Sul;Colisão traseira;2;0;0;0;0;0;0;0;0;0;2;0;0;0;0
20/12/2018;06:45:00;116;Acidente sem Vítima;539,99;BR-040/MG;Sul;Colisão traseira;2;0;0;0;0;0;0;0;0;0;3;0;0;0;0
20/12/2018;05:46:00;104;Acidente com Vítima;705,05;BR-040/MG;Norte;Queda de Carga;0;0;1;0;0;0;0;0;0;0;1;0;1;0;0
20/12/2018;04:58:00;76;Acidente com Vítima;587,5;BR-040/MG;Norte;Colisão traseira;1;0;1;0;0;0;0;0;0;0;2;1;0;0;0
20/12/2018;00:49:00;53;Acidente com Vítima;200,05;BR-040/MG;Sul;Capotamento;1;0;0;0;0;0;0;0;0;0;1;0;1;0;0
19/12/2018;23:03:00;346;Acidente sem Vítima;544,1;BR-040/MG;Sul;Choque com objeto fixo;0;0;1;0;0;0;0;0;0;0;1;0;0;0;0
19/12/2018;19:21:00;292;Acidente sem Vítima;533,1;BR-040/MG;Norte;Abalroamento longitudinal;1;0;1;0;0;0;0;0;0;0;3;0;0;0;0
19/12/2018;18:55:00;281;Acidente sem Vítima;580,4;BR-040/MG;Sul;Abalroamento longitudinal;0;0;2;0;0;0;0;0;0;0;2;0;0;0;0
19/12/2018;18:39:00;276;Acidente com Vítima;21,111;BR-040/GO;Sul;Abalroamento transversal;2;0;0;0;0;0;0;0;0;0;1;2;1;0;0
19/12/2018;17:16:00;247;Acidente sem Vítima;539,5;BR-040/MG;Norte;Colisão traseira;1;0;0;1;0;0;0;0;0;0;2;1;0;0;0
19/12/2018;15:30:00;228;Acidente sem Vítima;464,4;BR-040/MG;Norte;Choque com objeto fixo;0;0;1;0;0;0;0;0;0;0;1;0;0;0;0
19/12/2018;15:04:00;222;Acidente com Vítima;590,154;BR-040/MG;Norte;Abalroamento longitudinal;0;0;0;0;1;1;0;0;0;0;2;0;1;0;0
19/12/2018;15:04:00;233;Acidente sem Vítima;590,154;BR-040/MG;Sul;Colisão frontal;1;0;1;0;0;0;0;0;0;0;4;0;0;0;0
19/12/2018;14:05:00;209;Acidente com Vítima;275,648;BR-040/MG;Norte;Queda de Moto;0;0;0;1;0;0;0;0;0;0;0;1;0;0;0
19/12/2018;13:33:00;204;Acidente com Vítima;6,5;BR-040/GO;Norte;Colisão traseira;0;0;1;1;0;0;0;0;0;0;1;1;0;0;0
19/12/2018;12:12:00;189;Acidente sem Vítima;550,54;BR-040/MG;Sul;Colisão traseira;1;0;0;0;0;0;0;0;0;0;5;0;0;0;0
19/12/2018;11:39:00;180;Acidente com Morte;492,8;BR-040/MG;Norte;Abalroamento transversal;2;0;0;0;0;0;0;0;0;0;4;0;0;3;1
19/12/2018;11:09:00;168;Acidente sem Vítima;632,539;BR-040/MG;Sul;Abalroamento transversal;2;0;0;0;0;0;0;0;0;0;2;0;0;0;0
19/12/2018;10:42:00;145;Acidente sem Vítima;20,421;BR-040/GO;Sul;Queda de Carga;1;0;0;0;0;0;0;0;0;0;1;0;0;0;0