data;horario;n_da_ocorrencia;tipo_de_ocorrencia;km;trecho;sentido;tipo_de_acidente;automovel;bicicleta;caminhao;moto;onibus;outros;tracao_animal;transporte_de_cargas_especiais;trator_maquinas;utilitarios;ilesos;levemente_feridos;moderadamente_feridos;gravemente_feridos;mortos
19/12/2018;10:06:00;136;Acidente com Vítima;129,715;BR-040/MG;Sul;Colisão traseira;2;0;0;0;0;0;0;0;0;0;2;3;0;0;0
19/12/2018;09:33:00;124;Acidente sem Vítima;512,4;BR-040/MG;Sul;Colisão traseira;2;0;2;0;0;0;0;0;0;0;4;0;0;0;0
19/12/2018;08:50:00;114;Acidente sem Vítima;544,2;BR-040/MG;Norte;Abalroamento transversal;1;0;1;0;0;0;0;0;0;0;2;0;0;0;0
19/12/2018;08:26:00;106;Atropelamento sem Morte;603,4;BR-040/MG;Sul;Atropelamento de pedestre caminhando;0;0;1;0;0;0;0;0;0;0;1;0;0;1;0
19/12/2018;06:36:00;76;Atropelamento sem Morte;569,8;BR-040/MG;Norte;Atropelamento de ciclista;0;1;1;0;0;0;0;0;0;0;2;0;1;0;0
19/12/2018;06:20:00;73;Acidente sem Vítima;508,3;BR-040/MG;Norte;Colisão traseira;2;0;0;0;0;0;0;0;0;0;2;0;0;0;0
18/12/2018;20:17:00;370;Acidente sem Vítima;635,904;BR-040/MG;Norte;Choque com objeto fixo;1;0;0;0;0;0;0;0;0;0;1;0;0;0;0
18/12/2018;17:13:00;302;Atropelamento sem Morte;1,9;BR-040/GO;Sul;Atropelamento de pedestre atravessando;1;0;0;1;0;0;0;0;0;0;2;0;1;0;0
18/12/2018;16:52:00;291;Acidente sem Vítima;2,4;BR-040/GO;Sul;Abalroamento longitudinal;1;0;0;0;1;0;0;0;0;0;2;0;0;0;0
18/12/2018;14:43:00;266;Acidente sem Vítima;533,4;BR-040/MG;Norte;Colisão traseira;2;0;1;0;0;0;0;0;0;0;3;0;0;0;0
18/12/2018;14:40:00;265;Acidente sem Vítima;665,09;BR-040/MG;Norte;Abalroamento transversal;2;0;0;0;0;0;0;0;0;0;2;0;0;0;0
18/12/2018;14:34:00;261;Acidente com Vítima;8,05;BR-040/GO;Sul;Colisão traseira;1;0;0;1;0;0;0;0;0;0;1;1;0;0;0
18/12/2018;12:19:00;234;Acidente sem Vítima;529,1;BR-040/MG;Sul;Choque com objeto fixo;1;0;0;0;0;0;0;0;0;0;1;0;0;0;0
18/12/2018;11:08:00;211;Acidente com Vítima;541,1;BR-040/MG;Sul;Abalroamento longitudinal;1;0;0;1;0;0;0;0;0;0;1;1;0;0;0
18/12/2018;10:00:00;193;Acidente sem Vítima;734,8;BR-040/MG;Norte;Atropelamento de animal;1;0;0;0;0;0;0;0;0;0;4;0;0;0;0
18/12/2018;06:46:00;107;Atropelamento sem Morte;522,2;BR-040/MG;Sul;Atropelamento de pedestre atravessando;2;0;0;0;0;0;0;0;0;0;2;1;0;0;0
18/12/2018;06:39:00;100;Acidente sem Vítima;2,05;BR-040/GO;Norte;Colisão traseira;1;0;1;0;1;0;0;0;0;0;3;0;0;0;0
18/12/2018;01:40:00;32;Acidente sem Vítima;767,3;BR-040/MG;Sul;Capotamento;1;0;0;0;0;0;0;0;0;0;2;0;0;0;0
17/12/2018;23:20:00;382;Acidente sem Vítima;49,356;BR-040/MG;Norte;Capotamento;1;0;0;0;0;0;0;0;0;0;1;0;0;0;0
17/12/2018;21:52:00;366;Acidente sem Vítima;515,6;BR-040/MG;Sul;Choque com objeto fixo;1;0;0;0;0;0;0;0;0;0;1;0;0;0;0
17/12/2018;20:50:00;359;Atropelamento sem Morte;190,015;BR-040/MG;Norte;Atropelamento de pedestre atravessando;0;0;0;0;0;1;0;0;0;0;1;1;0;0;0
17/12/2018;16:40:00;289;Acidente sem Vítima;682,05;BR-040/MG;Norte;Colisão traseira;1;0;1;0;0;0;0;0;0;0;3;0;0;0;0
17/12/2018;16:31:00;286;Acidente com Vítima;5,6;BR-040/GO;Sul;Abalroamento transversal;3;0;0;0;0;0;0;0;0;0;6;1;0;0;0
17/12/2018;16:19:00;281;Acidente sem Vítima;492,1;BR-040/MG;Sul;Capotamento;1;0;0;0;0;0;0;0;0;0;2;0;0;0;0
17/12/2018;15:40:00;272;Acidente sem Vítima;514,1;BR-040/MG;Sul;Choque com objeto fixo;1;0;0;0;0;0;0;0;0;0;3;0;0;0;0
17/12/2018;12:27:00;209;Acidente com Vítima;473,95;BR-040/MG;Norte;Colisão traseira;2;0;0;0;0;0;0;0;0;0;1;1;0;0;0
17/12/2018;12:24:00;208;Acidente com Vítima;487,3;BR-040/MG;Norte;Colisão traseira;2;0;0;1;0;0;0;0;0;0;2;1;0;0;0
17/12/2018;10:22:00;186;Acidente com Vítima;605,1;BR-040/MG;Sul;Abalroamento longitudinal;2;0;2;0;0;0;0;0;0;0;4;0;1;0;0
17/12/2018;10:01:00;176;Acidente com Vítima;4,5;BR-040/GO;Sul;Colisão traseira;1;0;0;1;0;0;0;0;0;0;1;1;0;0;0
17/12/2018;09:52:00;168;Acidente sem Vítima;381,3;BR-040/MG;Sul;Choque com objeto fixo;2;0;0;0;0;0;0;0;0;0;2;0;0;0;0
17/12/2018;08:22:00;130;Acidente sem Vítima;584,05;BR-040/MG;Norte;Colisão traseira;0;0;2;0;0;0;0;0;0;0;2;0;0;0;0
17/12/2018;06:38:00;91;Acidente sem Vítima;282,5;BR-040/MG;Sul;Abalroamento longitudinal;2;0;0;0;0;0;0;0;0;0;2;0;0;0;0
17/12/2018;06:24:00;83;Acidente com Vítima;9,7;BR-040/GO;Sul;Colisão traseira;1;0;1;0;0;0;0;0;0;0;2;1;0;0;0
17/12/2018;06:07:00;78;Acidente sem Vítima;601,05;BR-040/MG;Norte;Atropelamento de animal;0;0;1;0;0;0;0;0;0;0;1;0;0;0;0
17/12/2018;04:50:00;73;Acidente com Vítima;48,72;BR-040/GO;Sul;Capotamento;1;0;0;0;0;0;0;0;0;0;0;0;1;0;0
16/12/2018;21:09:00;308;Acidente sem Vítima;509,3;BR-040/MG;Sul;Colisão traseira;1;0;0;0;0;0;0;0;0;0;4;0;0;0;0
16/12/2018;19:05:00;267;Acidente com Vítima;623,5;BR-040/MG;Sul;Capotamento;1;0;0;0;0;0;0;0;0;0;0;0;2;0;0
16/12/2018;18:21:00;244;Acidente sem Vítima;510,7;BR-040/MG;Sul;Colisão traseira;4;0;0;0;0;0;0;0;0;0;8;0;0;0;0
16/12/2018;18:00:00;236;Acidente com Vítima;6,657;BR-040/DF;Norte;Abalroamento longitudinal;1;0;0;1;0;0;0;0;0;0;2;1;0;0;0
16/12/2018;17:20:00;218;Acidente sem Vítima;5,009;BR-040/GO;Sul;Queda de Moto;0;0;0;1;0;0;0;0;0;0;1;0;0;0;0
16/12/2018;16:35:00;206;Acidente sem Vítima;611,4;BR-040/MG;Sul;Colisão traseira;2;0;0;0;0;0;0;0;0;0;5;0;0;0;0
16/12/2018;13:20:00;149;Acidente com Vítima;552,1;BR-040/MG;Sul;Abalroamento transversal;1;0;0;1;0;0;0;0;0;0;1;0;1;0;0
16/12/2018;11:58:00;119;Acidente sem Vítima;487,2;BR-040/MG;Sul;Abalroamento longitudinal;2;0;0;0;0;0;0;0;0;0;6;0;0;0;0
16/12/2018;10:01:00;89;Acidente sem Vítima;519,15;BR-040/MG;Norte;Colisão traseira;4;0;0;0;0;0;0;0;0;0;4;0;0;0;0
16/12/2018;08:48:00;68;Acidente com Vítima;583,1;BR-040/MG;Sul;Abalroamento longitudinal;1;1;0;0;0;0;0;0;0;0;2;1;0;0;0
16/12/2018;06:31:00;36;Acidente com Vítima;393,6;BR-040/MG;Norte;Choque com objeto fixo;1;0;0;0;0;0;0;0;0;0;1;4;0;0;0
16/12/2018;06:29:00;35;Acidente sem Vítima;541,1;BR-040/MG;Norte;Colisão traseira;2;0;0;0;0;0;0;0;0;0;2;0;0;0;0
16/12/2018;06:22:00;34;Acidente sem Vítima;506,9;BR-040/MG;Sul;Queda de Moto;0;0;0;1;0;0;0;0;0;0;1;0;0;0;0
16/12/2018;05:57:00;30;Atropelamento com Morte;522,01;BR-040/MG;Norte;Atropelamento de pedestre caminhando;1;0;0;0;0;0;0;0;0;0;1;0;0;0;1
15/12/2018;21:44:00;277;Acidente sem Vítima;21,562;BR-040/GO;Sul;Capotamento;1;0;0;0;0;0;0;0;0;0;2;0;0;0;0
15/12/2018;20:27:00;261;Acidente sem Vítima;23,046;BR-040/GO;Sul;Abalroamento transversal;1;0;0;1;0;0;0;0;0;0;4;0;0;0;0
15/12/2018;20:23:00;258;Acidente sem Vítima;1,1;BR-040/DF;Sul;Colisão traseira;1;0;0;0;0;1;0;0;0;0;2;0;0;0;0
15/12/2018;19:24:00;241;Acidente sem Vítima;621,5;BR-040/MG;Sul;Abalroamento longitudinal;2;0;0;0;0;0;0;0;0;0;4;0;0;0;0
15/12/2018;18:50:00;233;Acidente sem Vítima;5,277;BR-040/DF;Sul;Colisão traseira;4;0;0;0;0;0;0;0;0;0;8;0;0;0;0
15/12/2018;15:35:00;188;Acidente com Vítima;617,1;BR-040/MG;Sul;Colisão traseira;3;0;0;0;0;0;0;0;0;0;9;1;2;0;0
15/12/2018;14:22:00;171;Acidente sem Vítima;8,32;BR-040/GO;Sul;Abalroamento transversal;2;0;0;0;0;0;0;0;0;0;2;0;0;0;0
15/12/2018;12:17:00;145;Acidente sem Vítima;603,1;BR-040/MG;Sul;Abalroamento longitudinal;2;0;0;0;0;0;0;0;0;0;2;0;0;0;0
15/12/2018;08:47:00;108;Acidente sem Vítima;3,4;BR-040/GO;Norte;Colisão traseira;2;0;0;1;0;0;0;0;0;0;3;0;0;0;0
15/12/2018;08:08:00;94;Acidente sem Vítima;511,9;BR-040/MG;Sul;Capotamento;2;0;0;0;0;0;0;0;0;0;1;1;0;0;0
15/12/2018;06:26:00;69;Acidente sem Vítima;630,305;BR-040/MG;Norte;Choque com objeto fixo;1;0;0;0;0;0;0;0;0;0;2;0;0;0;0
15/12/2018;04:54:00;43;Acidente com Vítima;2,6;BR-040/GO;Sul;Abalroamento longitudinal;1;0;0;1;0;0;0;0;0;0;0;1;0;0;0
15/12/2018;04:49:00;42;Acidente sem Vítima;510,2;BR-040/MG;Sul;Capotamento;1;0;0;0;0;0;0;0;0;0;1;0;0;0;0
15/12/2018;02:52:00;35;Acidente sem Vítima;510,5;BR-040/MG;Norte;Capotamento;3;0;0;0;0;0;0;0;0;0;8;0;0;0;0
15/12/2018;01:47:00;29;Atropelamento com Morte;37,5;BR-040/GO;Sul;Atropelamento de pedestre atravessando;1;0;0;0;0;0;0;0;0;0;1;0;0;0;1
15/12/2018;00:21:00;2;Acidente sem Vítima;2,4;BR-040/DF;Sul;Choque com objeto fixo;1;0;0;0;0;0;0;0;0;0;1;0;0;0;0
14/12/2018;22:41:00;351;Acidente sem Vítima;660,12;BR-040/MG;Norte;Colisão traseira;0;0;2;0;0;0;0;0;0;0;2;0;0;0;0
14/12/2018;21:50:00;343;Acidente sem Vítima;618,12;BR-040/MG;Norte;Abalroamento longitudinal;2;0;0;0;0;0;0;0;0;0;5;0;0;0;0
14/12/2018;20:56:00;336;Acidente com Vítima;693,5;BR-040/MG;Norte;Abalroamento transversal;1;0;0;1;0;0;0;0;0;0;1;0;1;0;0
14/12/2018;20:44:00;332;Acidente com Vítima;524,9;BR-040/MG;Norte;Queda de Moto;0;0;0;1;0;0;0;0;0;0;1;0;1;0;0
14/12/2018;20:35:00;327;Acidente sem Vítima;454,5;BR-040/MG;Norte;Colisão traseira;1;0;0;0;0;0;0;0;0;0;1;0;0;0;0
14/12/2018;20:15:00;320;Acidente com Vítima;13,5;BR-040/GO;Sul;Colisão traseira;0;0;0;1;1;0;0;0;0;0;2;1;0;0;0
14/12/2018;18:36:00;291;Acidente sem Vítima;615,12;BR-040/MG;Sul;Colisão traseira;3;0;0;0;0;0;0;0;0;0;5;0;0;0;0
14/12/2018;17:36:00;276;Atropelamento sem Morte;516,4;BR-040/MG;Norte;Atropelamento de ciclista;1;1;1;0;0;0;0;0;0;0;2;1;0;0;0
14/12/2018;16:46:00;264;Acidente sem Vítima;453,2;BR-040/MG;Norte;Colisão traseira;2;0;0;0;0;0;0;0;0;0;2;0;0;0;0
14/12/2018;16:23:00;258;Acidente sem Vítima;681,9;BR-040/MG;Sul;Colisão traseira;2;0;0;0;0;0;0;0;0;0;3;0;0;0;0
14/12/2018;16:01:00;252;Acidente com Vítima;29,8;BR-040/GO;Sul;Abalroamento transversal;2;0;0;0;0;0;0;0;0;1;3;2;0;0;0
14/12/2018;15:45:00;249;Acidente sem Vítima;515,25;BR-040/MG;Sul;Colisão traseira;3;0;0;0;0;0;0;0;0;0;3;0;0;0;0
14/12/2018;15:26:00;243;Acidente sem Vítima;512,1;BR-040/MG;Sul;Abalroamento transversal;2;0;0;0;0;0;0;0;0;0;4;0;0;0;0
14/12/2018;14:55:00;231;Acidente sem Vítima;416,7;BR-040/MG;Sul;Colisão traseira;2;0;1;0;0;0;0;0;0;0;4;0;0;0;0
14/12/2018;13:19:00;196;Acidente sem Vítima;664,05;BR-040/MG;Norte;Colisão traseira;1;0;1;0;0;0;0;0;0;0;2;0;0;0;0
14/12/2018;12:25:00;179;Acidente sem Vítima;504,9;BR-040/MG;Norte;Choque com objeto fixo;0;0;0;0;1;0;0;0;0;0;1;0;0;0;0
14/12/2018;12:11:00;173;Acidente sem Vítima;535,3;BR-040/MG;Sul;Colisão traseira;3;0;0;0;0;0;0;0;0;0;4;0;0;0;0
14/12/2018;09:51:00;142;Acidente sem Vítima;356,2;BR-040/MG;Sul;Colisão traseira;1;0;1;0;0;0;0;0;0;0;3;0;0;0;0
14/12/2018;09:29:00;137;Acidente sem Vítima;466,25;BR-040/MG;Norte;Queda de Carga;0;0;0;0;0;0;0;0;0;0;0;0;0;0;0
14/12/2018;08:09:00;118;Acidente sem Vítima;360,6;BR-040/MG;Norte;Colisão traseira;2;0;0;0;0;0;0;0;0;0;3;0;0;0;0
14/12/2018;08:00:00;116;Acidente com Vítima;4,5;BR-040/GO;Norte;Colisão traseira;2;0;0;0;0;0;0;0;0;0;2;1;0;0;0
14/12/2018;06:51:00;99;Acidente sem Vítima;513,4;BR-040/MG;Sul;Colisão traseira;3;0;0;0;0;0;0;0;0;0;3;0;0;0;0
13/12/2018;22:13:00;376;Acidente sem Vítima;95,3;BR-040/GO;Norte;Atropelamento de animal;1;0;0;0;0;0;0;0;0;0;1;0;0;0;0
13/12/2018;19:46:00;342;Acidente sem Vítima;7,8;BR-040/GO;Sul;Abalroamento transversal;2;0;0;0;0;0;0;0;0;0;2;0;0;0;0
13/12/2018;18:24:00;319;Acidente sem Vítima;501,1;BR-040/MG;Sul;Abalroamento longitudinal;1;0;1;0;0;0;0;0;0;0;2;0;0;0;0
13/12/2018;17:45:00;307;Acidente sem Vítima;473,01;BR-040/MG;Norte;Choque com objeto fixo;1;0;0;0;0;0;0;0;0;0;1;0;0;0;0
13/12/2018;15:26:00;267;Acidente sem Vítima;516,8;BR-040/MG;Norte;Queda de Carga;0;0;1;0;0;0;0;0;0;0;1;0;0;0;0
13/12/2018;10:23:00;177;Acidente com Vítima;180,25;BR-040/MG;Sul;Choque com objeto fixo;1;0;0;0;0;0;0;0;0;0;1;3;0;0;0
13/12/2018;07:13:00;121;Acidente sem Vítima;511,8;BR-040/MG;Norte;Choque em defensa;2;0;0;0;0;0;0;0;0;0;2;0;0;0;0
13/12/2018;05:46:00;93;Acidente com Vítima;701,15;BR-040/MG;Sul;Queda de Moto;0;0;0;1;0;0;0;0;0;0;2;0;1;0;0
13/12/2018;00:13:00;27;Acidente com Vítima;24,08;BR-040/GO;Sul;Colisão traseira;0;0;0;1;0;1;0;0;0;0;1;0;0;0;0
12/12/2018;22:54:00;304;Acidente com Vítima;532,8;BR-040/MG;Sul;Queda de Moto;0;0;0;1;0;0;0;0;0;0;0;1;0;0;0
12/12/2018;20:40:00;281;Acidente com Vítima;86,517;BR-040/MG;Sul;Abalroamento transversal;2;0;0;0;0;0;0;0;0;0;2;1;0;0;0
12/12/2018;18:18:00;243;Acidente sem Vítima;608,5;BR-040/MG;Norte;Colisão traseira;2;0;0;0;0;0;0;0;0;0;2;0;0;0;0
12/12/2018;17:48:00;236;Acidente sem Vítima;42,8;BR-040/MG;Norte;Abalroamento longitudinal;2;0;0;0;0;0;0;0;0;0;2;0;0;0;0
12/12/2018;16:43:00;222;Acidente sem Vítima;563,5;BR-040/MG;Sul;Colisão traseira;0;0;3;0;0;0;0;0;0;0;3;0;0;0;0
12/12/2018;16:38:00;221;Acidente com Vítima;541,05;BR-040/MG;Norte;Colisão traseira;1;0;0;1;0;0;0;0;0;0;1;0;1;0;0
12/12/2018;15:13:00;200;Acidente sem Vítima;52,811;BR-040/GO;Sul;Choque em defensa;1;0;0;0;0;0;0;0;0;0;2;0;0;0;0
12/12/2018;05:31:00;49;Acidente sem Vítima;563,6;BR-040/MG;Sul;Colisão traseira;0;0;1;0;1;0;0;0;0;0;2;0;0;0;0
11/12/2018;20:53:00;302;Acidente sem Vítima;635,4;BR-040/MG;Sul;Queda de Moto;0;0;0;1;0;0;0;0;0;0;0;0;0;0;0
11/12/2018;20:14:00;291;Acidente sem Vítima;662,1;BR-040/MG;Sul;Choque com objeto fixo;0;0;1;0;0;0;0;0;0;0;1;0;0;0;0
11/12/2018;17:01:00;245;Acidente sem Vítima;467,6;BR-040/MG;Sul;Capotamento;1;0;0;0;0;0;0;0;0;0;1;0;0;0;0
11/12/2018;14:18:00;207;Acidente sem Vítima;537,5;BR-040/MG;Sul;Abalroamento longitudinal;1;0;1;0;0;0;0;0;0;0;2;0;0;0;0
11/12/2018;11:27:00;173;Acidente sem Vítima;525,9;BR-040/MG;Norte;Outros;2;0;0;0;0;0;0;0;0;0;3;0;0;0;0
11/12/2018;05:57:00;86;Acidente com Vítima;5,252;BR-040/DF;Sul;Abalroamento longitudinal;1;0;0;1;0;0;0;0;0;0;1;1;0;0;0
11/12/2018;02:13:00;48;Acidente sem Vítima;597,05;BR-040/MG;Sul;Choque em defensa;1;0;0;0;0;0;0;0;0;0;2;0;0;0;0
10/12/2018;18:44:00;257;Acidente sem Vítima;61,5;BR-040/MG;Sul;Choque com objeto fixo;0;0;1;0;0;0;0;0;0;0;1;0;0;0;0
10/12/2018;18:33:00;252;Acidente sem Vítima;736,15;BR-040/MG;Norte;Colisão traseira;1;0;1;0;0;0;0;0;0;0;5;0;0;0;0
10/12/2018;17:18:00;241;Acidente com Vítima;3,25;BR-040/GO;Norte;Colisão traseira;4;0;0;0;0;0;0;0;0;0;4;1;0;0;0
10/12/2018;16:21:00;225;Acidente com Vítima;676,485;BR-040/MG;Norte;Choque com objeto fixo;1;0;0;0;0;0;0;0;0;0;1;1;1;0;0
10/12/2018;16:19:00;224;Acidente sem Vítima;72,1;BR-040/GO;Sul;Abalroamento transversal;1;0;1;0;0;0;0;0;0;0;2;0;0;0;0
10/12/2018;16:14:00;222;Acidente sem Vítima;653,1;BR-040/MG;Sul;Capotamento;2;0;0;0;0;0;0;0;0;0;2;0;0;0;0
10/12/2018;14:11:00;205;Acidente sem Vítima;2,2;BR-040/GO;Sul;Queda de Moto;1;0;0;1;0;0;0;0;0;0;3;0;0;0;0
10/12/2018;14:07:00;201;Acidente sem Vítima;457,2;BR-040/MG;Sul;Queda de Carga;0;0;1;0;0;0;0;0;0;0;1;0;0;0;0
10/12/2018;12:08:00;180;Acidente sem Vítima;467,2;BR-040/MG;Sul;Colisão traseira;2;0;0;0;0;0;0;0;0;0;2;0;0;0;0
10/12/2018;10:35:00;153;Acidente sem Vítima;535,9;BR-040/MG;Norte;Colisão traseira;4;0;0;0;0;0;0;0;0;0;4;0;0;0;0
10/12/2018;08:38:00;112;Acidente com Vítima;48;BR-040/MG;Sul;Choque com objeto fixo;0;0;1;0;0;0;0;0;0;0;0;0;1;0;0
10/12/2018;07:57:00;94;Acidente sem Vítima;535,2;BR-040/MG;Norte;Queda de Moto;0;0;0;1;0;0;0;0;0;0;1;0;0;0;0
10/12/2018;07:55:00;93;Acidente sem Vítima;535,1;BR-040/MG;Sul;Colisão traseira;1;0;0;1;0;0;0;0;0;0;2;0;0;0;0
10/12/2018;07:21:00;52;Acidente sem Vítima;530,3;BR-040/MG;Sul;Colisão traseira;4;0;0;0;1;0;0;0;0;0;5;0;0;0;0
10/12/2018;02:54:00;92;Acidente sem Vítima;611,001;BR-040/MG;Norte;Choque com objeto fixo;1;0;0;0;0;0;0;0;0;0;1;0;0;0;0
10/12/2018;01:22:00;43;Acidente com Vítima;509,1;BR-040/MG;Norte;Colisão traseira;0;0;0;0;0;0;0;0;0;0;0;0;0;0;0
09/12/2018;22:13:00;288;Acidente com Vítima;756,773;BR-040/MG;Norte;Colisão frontal;1;0;0;1;0;0;0;0;0;0;2;0;0;0;0
09/12/2018;19:01:00;241;Acidente sem Vítima;5,1;BR-040/GO;Norte;Colisão traseira;3;0;0;0;0;0;0;0;0;0;6;0;0;0;0
09/12/2018;09:28:00;92;Acidente com Vítima;720,36;BR-040/MG;Norte;Colisão traseira;1;0;1;0;0;0;0;0;0;0;2;1;1;0;0
09/12/2018;04:10:00;25;Acidente sem Vítima;520,04;BR-040/MG;Norte;Capotamento;1;0;0;0;0;0;0;0;0;0;1;0;0;0;0
09/12/2018;03:55:00;22;Acidente com Vítima;8,8;BR-040/GO;Norte;Abalroamento transversal;2;0;0;0;0;0;0;0;0;0;2;2;0;0;0
09/12/2018;03:51:00;20;Atropelamento sem Morte;721,23;BR-040/MG;Sul;Atropelamento de pedestre caminhando;1;0;0;0;0;0;0;0;0;0;1;0;1;0;0
09/12/2018;03:34:00;18;Acidente sem Vítima;523,4;BR-040/MG;Norte;Capotamento;1;0;0;0;0;0;0;0;0;0;1;0;0;0;0
09/12/2018;00:09:00;4;Acidente com Vítima;183,5;BR-040/MG;Sul;Choque com objeto fixo;1;0;0;0;0;0;0;0;0;0;1;1;0;0;0
08/12/2018;23:19:00;311;Acidente sem Vítima;617,5;BR-040/MG;Sul;Colisão traseira;2;0;0;0;0;0;0;0;0;0;4;0;0;0;0
08/12/2018;22:35:00;303;Acidente sem Vítima;78,5;BR-040/GO;Norte;Colisão traseira;1;0;1;0;0;0;0;0;0;0;3;0;0;0;0
08/12/2018;21:39:00;292;Acidente com Vítima;612,3;BR-040/MG;Norte;Choque com objeto fixo;1;0;0;0;0;0;0;0;0;0;1;0;0;0;0
08/12/2018;21:38:00;291;Atropelamento sem Morte;625,9;BR-040/MG;Sul;Atropelamento de pedestre caminhando;1;0;0;0;0;0;0;0;0;0;1;0;1;0;0
08/12/2018;20:52:00;279;Acidente sem Vítima;410,7;BR-040/MG;Sul;Atropelamento de animal;1;0;0;0;0;0;0;0;0;0;4;0;0;0;0
08/12/2018;18:51:00;257;Acidente com Vítima;546,5;BR-040/MG;Norte;Colisão traseira;1;0;0;1;0;0;0;0;0;0;1;0;1;0;0
08/12/2018;18:12:00;246;Acidente sem Vítima;8,1;BR-040/DF;Sul;Colisão traseira;2;0;0;0;0;0;0;0;0;0;2;0;0;0;0
08/12/2018;17:57:00;241;Acidente sem Vítima;0,9;BR-040/GO;Sul;Choque com objeto fixo;1;0;0;0;0;0;0;0;0;0;1;0;0;0;0
08/12/2018;13:11:00;175;Acidente sem Vítima;3,447;BR-040/GO;Sul;Queda de Moto;1;0;0;0;0;0;0;0;0;0;0;0;0;0;0
08/12/2018;12:57:00;172;Acidente sem Vítima;577,2;BR-040/MG;Norte;Abalroamento transversal;1;0;1;0;0;0;0;0;0;0;5;0;0;0;0
08/12/2018;12:35:00;167;Acidente sem Vítima;510,2;BR-040/MG;Sul;Colisão traseira;0;0;0;1;0;0;0;0;0;1;2;0;0;0;0
08/12/2018;10:23:00;131;Acidente sem Vítima;1,255;BR-040/GO;Sul;Queda de Carga;1;0;0;0;0;0;0;0;0;0;7;0;0;0;0
08/12/2018;06:51:00;93;Acidente sem Vítima;274,556;BR-040/MG;Norte;Colisão traseira;1;0;1;0;0;0;0;0;0;0;2;0;0;0;0
08/12/2018;05:38:00;84;Acidente sem Vítima;10,3;BR-040/GO;Sul;Choque com objeto fixo;1;0;0;0;0;0;0;0;0;0;2;0;0;0;0
08/12/2018;04:56:00;79;Acidente sem Vítima;589,5;BR-040/MG;Norte;Abalroamento longitudinal;2;0;0;0;0;0;0;0;0;0;2;0;0;0;0
08/12/2018;04:26:00;75;Acidente sem Vítima;551,1;BR-040/MG;Norte;Queda de Carga;0;0;0;0;0;0;0;0;0;1;2;0;0;0;0
08/12/2018;03:40:00;67;Acidente sem Vítima;500,2;BR-040/MG;Norte;Outros;1;0;0;0;0;0;0;0;0;0;1;0;0;0;0
08/12/2018;02:56:00;59;Acidente sem Vítima;532,13;BR-040/MG;Sul;Abalroamento longitudinal;2;0;0;0;0;0;0;0;0;0;2;0;0;0;0
07/12/2018;21:51:00;413;Acidente com Vítima;509,1;BR-040/MG;Sul;Abalroamento longitudinal;0;0;0;2;0;0;0;0;0;0;1;1;0;0;0
07/12/2018;21:46:00;410;Acidente sem Vítima;549,2;BR-040/MG;Sul;Choque com objeto fixo;1;0;0;0;0;0;0;0;0;0;1;0;0;0;0
07/12/2018;20:09:00;379;Acidente sem Vítima;6,35;BR-040/GO;Sul;Colisão traseira;2;0;0;0;0;0;0;0;0;0;2;0;0;0;0
07/12/2018;20:08:00;378;Acidente sem Vítima;597,01;BR-040/MG;Sul;Colisão traseira;2;0;0;0;0;0;0;0;0;0;7;0;0;0;0
07/12/2018;19:41:00;366;Acidente sem Vítima;716,1;BR-040/MG;Sul;Choque com objeto fixo;1;0;0;0;0;0;0;0;0;0;2;0;0;0;0
07/12/2018;19:01:00;349;Acidente sem Vítima;534,05;BR-040/MG;Norte;Abalroamento longitudinal;1;0;1;0;0;0;0;0;0;0;2;0;0;0;0
07/12/2018;18:17:00;326;Acidente sem Vítima;463,74;BR-040/MG;Sul;Capotamento;0;0;1;0;0;0;0;0;0;0;1;0;0;0;0
07/12/2018;17:03:00;297;Acidente sem Vítima;74,312;BR-040/GO;Sul;Choque com objeto fixo;0;0;1;0;0;0;0;0;0;0;1;0;0;0;0
07/12/2018;12:39:00;243;Acidente com Vítima;442,8;BR-040/MG;Sul;Colisão traseira;1;0;1;0;0;0;0;0;0;0;1;2;0;0;0
07/12/2018;11:53:00;230;Acidente sem Vítima;457,15;BR-040/MG;Norte;Queda de Carga;0;0;1;0;0;0;0;0;0;0;1;0;0;0;0
07/12/2018;11:38:00;226;Acidente com Vítima;5,8;BR-040/GO;Norte;Outros;0;0;0;0;0;0;0;0;0;0;0;1;0;0;0
07/12/2018;11:28:00;224;Acidente com Vítima;518,5;BR-040/MG;Sul;Colisão traseira;4;0;0;0;0;0;0;0;0;0;6;1;0;0;0
07/12/2018;11:27:00;223;Atropelamento sem Morte;524,1;BR-040/MG;Norte;Atropelamento em abrigo de ônibus;1;0;0;0;0;0;0;0;0;0;4;1;0;0;0
07/12/2018;10:09:00;178;Acidente com Vítima;523,8;BR-040/MG;Norte;Outros;0;0;1;0;0;0;0;0;0;0;1;1;0;0;0
07/12/2018;08:02:00;138;Acidente sem Vítima;517,2;BR-040/MG;Norte;Queda de Carga;1;0;0;0;0;0;0;0;0;0;1;0;0;0;0
07/12/2018;07:48:00;131;Acidente com Vítima;6,1;BR-040/DF;Norte;Abalroamento transversal;1;0;0;1;0;0;0;0;0;0;1;0;0;0;0