data;horario;n_da_ocorrencia;tipo_de_ocorrencia;km;trecho;sentido;tipo_de_acidente;automovel;bicicleta;caminhao;moto;onibus;outros;tracao_animal;transporte_de_cargas_especiais;trator_maquinas;utilitarios;ilesos;levemente_feridos;moderadamente_feridos;gravemente_feridos;mortos
15/03/2019;04:18:00;89;Acidente sem Vítima;446,3;BR-040/MG;Norte;Queda de Carga;0;0;1;0;0;0;0;0;0;0;1;0;0;0;0
14/03/2019;22:20:00;370;Acidente com Vítima;587,2;BR-040/MG;Sul;Queda de Carga;0;0;1;0;0;0;0;0;0;0;0;0;1;0;0
14/03/2019;21:06:00;355;Acidente com Vítima;723,1;BR-040/MG;Sul;Capotamento;1;0;0;0;0;0;0;0;0;0;0;1;0;0;0
14/03/2019;19:25:00;322;Acidente sem Vítima;417,647;BR-040/MG;Norte;Colisão frontal;2;0;0;0;0;0;0;0;0;0;2;0;0;0;0
14/03/2019;18:59:00;313;Acidente sem Vítima;7,34;BR-040/DF;Sul;Colisão traseira;1;0;0;1;0;0;0;0;0;0;2;0;0;0;0
14/03/2019;18:12:00;302;Atropelamento sem Morte;537,4;BR-040/MG;Sul;Atropelamento de pedestre atravessando;0;0;0;1;0;0;0;0;0;0;0;0;2;0;0
14/03/2019;16:37:00;272;Acidente com Vítima;95,001;BR-040/GO;Sul;Abalroamento transversal;1;0;0;1;0;0;0;0;0;0;2;1;0;0;0
14/03/2019;10:42:00;193;Acidente sem Vítima;530,5;BR-040/MG;Norte;Colisão traseira;3;0;0;0;0;0;0;0;0;0;3;0;0;0;0
14/03/2019;07:41:00;142;Acidente sem Vítima;605,8;BR-040/MG;Sul;Abalroamento transversal;1;0;0;0;0;1;0;0;0;0;2;0;0;0;0
14/03/2019;04:45:00;103;Acidente com Vítima;370,6;BR-040/MG;Sul;Choque com objeto fixo;1;0;0;0;0;0;0;0;0;0;0;1;0;0;0
13/03/2019;23:11:00;318;Acidente com Morte;522,01;BR-040/MG;Norte;Colisão traseira;1;0;0;1;0;0;0;0;0;0;1;0;0;0;1
13/03/2019;18:34:00;271;Acidente sem Vítima;5,5;BR-040/DF;Sul;Colisão traseira;2;0;0;0;0;0;0;0;0;0;2;0;0;0;0
13/03/2019;18:31:00;269;Acidente sem Vítima;517,6;BR-040/MG;Norte;Colisão traseira;1;0;0;1;0;0;0;0;0;0;3;0;0;0;0
13/03/2019;15:02:00;229;Acidente com Vítima;629,3;BR-040/MG;Norte;Choque em barreira New Jersey;1;0;0;0;0;0;0;0;0;0;0;0;0;0;0
13/03/2019;13:41:00;206;Acidente sem Vítima;758,2;BR-040/MG;Sul;Abalroamento longitudinal;0;0;2;0;0;0;0;0;0;0;2;0;0;0;0
13/03/2019;11:19:00;175;Acidente sem Vítima;549,1;BR-040/MG;Sul;Choque com objeto fixo;1;0;0;0;0;0;0;0;0;0;1;0;0;0;0
13/03/2019;11:08:00;174;Acidente com Vítima;542,6;BR-040/MG;Sul;Colisão traseira;0;0;1;1;0;0;0;0;0;0;1;0;0;1;0
13/03/2019;09:06:00;143;Acidente sem Vítima;532,8;BR-040/MG;Sul;Abalroamento longitudinal;1;0;0;1;0;0;0;0;0;0;2;0;0;0;0
13/03/2019;07:36:00;105;Acidente sem Vítima;13,316;BR-040/GO;Norte;Colisão traseira;1;0;0;1;0;0;0;0;0;0;2;0;0;0;0
13/03/2019;06:41:00;90;Acidente sem Vítima;63,298;BR-040/GO;Sul;Capotamento;1;0;1;0;0;0;0;0;0;0;2;0;0;0;0
12/03/2019;19:39:00;378;Acidente com Vítima;511,1;BR-040/MG;Norte;Abalroamento longitudinal;1;0;0;1;0;0;0;0;0;0;2;1;0;0;0
12/03/2019;18:20:00;346;Acidente sem Vítima;624,736;BR-040/MG;Norte;;1;0;0;0;0;0;0;0;0;0;2;0;0;0;0
12/03/2019;18:09:00;341;Acidente com Vítima;4,5;BR-040/GO;Sul;Colisão traseira;1;0;1;0;0;0;0;0;0;0;2;1;0;0;0
12/03/2019;18:08:00;340;Acidente com Vítima;509,1;BR-040/MG;Norte;Colisão traseira;3;0;0;1;0;0;0;0;0;0;8;1;0;0;0
12/03/2019;17:12:00;318;Acidente sem Vítima;585,3;BR-040/MG;Sul;Queda de Carga;0;0;1;0;0;0;0;0;0;0;1;0;0;0;0
12/03/2019;13:26:00;245;Acidente sem Vítima;456,7;BR-040/MG;Norte;;1;0;0;0;0;0;0;0;0;0;6;0;0;0;0
12/03/2019;10:58:00;208;Acidente sem Vítima;484,3;BR-040/MG;Norte;Capotamento;1;0;0;0;0;0;0;0;0;0;2;0;0;0;0
12/03/2019;08:10:00;154;Acidente sem Vítima;5,5;BR-040/GO;Sul;Colisão traseira;2;0;0;0;0;0;0;0;0;0;2;0;0;0;0
12/03/2019;07:59:00;147;Acidente com Vítima;535,26;BR-040/MG;Norte;Abalroamento longitudinal;1;0;0;1;0;0;0;0;0;0;1;1;0;0;0
12/03/2019;07:40:00;138;Acidente sem Vítima;524,46;BR-040/MG;Sul;Colisão traseira;3;0;0;0;0;0;0;0;0;0;3;0;0;0;0
12/03/2019;06:56:00;116;Acidente sem Vítima;506,75;BR-040/MG;Sul;Abalroamento longitudinal;1;0;0;0;0;0;0;0;0;0;1;0;0;0;0
12/03/2019;02:26:00;59;Acidente sem Vítima;515,5;BR-040/MG;Sul;Outros;1;0;0;0;0;0;0;0;0;0;1;0;0;0;0
12/03/2019;01:43:00;51;Acidente sem Vítima;180,05;BR-040/MG;Norte;Atropelamento de animal;1;0;0;0;0;0;0;0;0;0;2;0;0;0;0
11/03/2019;23:15:00;373;Acidente sem Vítima;8,05;BR-040/GO;Norte;Queda de Moto;0;0;0;0;0;0;0;0;0;0;0;1;0;0;0
11/03/2019;19:54:00;343;Acidente com Vítima;546,5;BR-040/MG;Norte;Abalroamento longitudinal;0;0;0;1;0;0;0;0;0;0;0;2;0;0;0
11/03/2019;16:36:00;297;Acidente sem Vítima;727,2;BR-040/MG;Sul;Choque em barreira New Jersey;1;0;0;0;0;0;0;0;0;0;1;0;0;0;0
11/03/2019;15:02:00;265;Acidente sem Vítima;697,3;BR-040/MG;Norte;Choque em defensa;1;0;0;0;0;0;0;0;0;0;1;0;0;0;0
11/03/2019;13:49:00;241;Acidente sem Vítima;732,1;BR-040/MG;Sul;;1;0;0;0;0;0;0;0;0;0;2;0;0;0;0
11/03/2019;09:27:00;171;Acidente com Vítima;97,8;BR-040/GO;Sul;Colisão traseira;2;0;0;0;0;0;0;0;0;0;2;1;0;0;0
11/03/2019;06:55:00;112;Acidente sem Vítima;515,5;BR-040/MG;Sul;Colisão traseira;2;0;0;0;0;0;0;0;0;0;3;0;0;0;0
11/03/2019;05:48:00;100;Acidente com Vítima;6,5;BR-040/DF;Norte;Colisão traseira;1;0;0;1;0;0;0;0;0;0;0;0;0;0;0
11/03/2019;04:50:00;97;Acidente com Vítima;585,8;BR-040/MG;Norte;Queda de Carga;0;0;1;0;0;0;0;0;0;0;0;1;0;0;0
10/03/2019;21:35:00;283;Acidente sem Vítima;639,1;BR-040/MG;Norte;Colisão traseira;2;0;0;0;0;0;0;0;0;0;2;0;0;0;0
10/03/2019;21:25:00;279;Acidente sem Vítima;7,5;BR-040/GO;Sul;Colisão traseira;3;0;0;0;0;0;0;0;0;0;3;0;0;0;0
10/03/2019;21:20:00;277;Acidente com Vítima;155,007;BR-040/GO;Norte;Colisão traseira;2;0;1;0;0;0;0;0;0;0;3;1;0;0;0
10/03/2019;20:56:00;271;Acidente sem Vítima;639,1;BR-040/MG;Sul;Colisão frontal;2;0;0;0;0;0;0;0;0;0;2;0;0;0;0
10/03/2019;18:55:00;230;Acidente sem Vítima;717,12;BR-040/MG;Norte;;1;0;0;0;0;0;0;0;0;0;2;0;0;0;0
10/03/2019;18:16:00;213;Acidente com Vítima;6,807;BR-040/GO;Sul;Colisão traseira;1;0;0;1;0;0;0;0;0;0;2;0;0;0;0
10/03/2019;17:41:00;200;Acidente sem Vítima;726,5;BR-040/MG;Sul;Outros;1;0;0;0;0;0;0;0;0;0;2;0;0;0;0
10/03/2019;15:26:00;158;Acidente sem Vítima;300,643;BR-040/MG;Sul;Choque com objeto fixo;1;0;0;0;0;0;0;0;0;0;1;0;0;0;0
10/03/2019;14:38:00;145;Acidente sem Vítima;5,534;BR-040/GO;Norte;Choque com objeto fixo;1;0;0;0;0;0;0;0;0;0;2;0;0;0;0
10/03/2019;09:55:00;83;Acidente sem Vítima;6,903;BR-040/GO;Sul;Colisão traseira;2;0;0;0;0;0;0;0;0;0;2;0;0;0;0
10/03/2019;04:28:00;33;Acidente com Vítima;551,55;BR-040/MG;Norte;Capotamento;1;0;0;0;0;0;0;0;0;0;0;0;1;0;0
10/03/2019;04:23:00;31;Acidente sem Vítima;511,01;BR-040/MG;Sul;Choque com objeto fixo;1;0;0;0;0;0;0;0;0;0;2;0;0;0;0
10/03/2019;00:57:00;13;Acidente sem Vítima;492,93;BR-040/MG;Norte;Queda de Carga;0;0;1;0;0;0;0;0;0;0;0;0;0;0;0
09/03/2019;22:59:00;256;Acidente com Vítima;511,1;BR-040/MG;Norte;Colisão traseira;2;0;0;0;0;0;0;0;0;0;2;1;0;0;0
09/03/2019;21:35:00;237;Acidente com Vítima;26,5;BR-040/GO;Norte;Capotamento;1;0;0;0;0;0;0;0;0;0;0;0;0;0;0
09/03/2019;20:37:00;220;Acidente sem Vítima;39,05;BR-040/GO;Norte;Atropelamento de animal;1;0;0;0;0;0;0;0;0;0;3;0;0;0;0
09/03/2019;20:35:00;219;Acidente sem Vítima;8,1;BR-040/DF;Sul;Colisão traseira;3;0;0;0;0;0;0;0;0;0;3;0;0;0;0
09/03/2019;17:07:00;172;Acidente com Vítima;618,1;BR-040/MG;Sul;Abalroamento transversal;1;0;0;0;1;0;0;0;0;0;1;0;0;0;0
09/03/2019;16:31:00;163;Acidente sem Vítima;517,8;BR-040/MG;Sul;Colisão traseira;1;0;0;1;0;0;0;0;0;0;2;0;0;0;0
09/03/2019;14:49:00;142;Acidente sem Vítima;466,1;BR-040/MG;Sul;Capotamento;1;0;0;0;0;0;0;0;0;0;3;0;0;0;0
09/03/2019;14:35:00;138;Acidente sem Vítima;464,1;BR-040/MG;Norte;Capotamento;1;0;0;0;0;1;0;0;0;0;2;0;0;0;0
09/03/2019;11:59:00;113;Acidente com Vítima;6,8;BR-040/GO;Norte;Queda de Moto;1;0;0;2;0;0;0;0;0;0;2;0;1;0;0
09/03/2019;08:06:00;69;Acidente sem Vítima;579,1;BR-040/MG;Sul;Choque com objeto fixo;1;0;0;0;0;0;0;0;0;0;4;0;0;0;0
08/03/2019;21:55:00;366;Acidente sem Vítima;15,3;BR-040/GO;Sul;Abalroamento longitudinal;1;0;1;0;0;0;0;0;0;0;2;0;0;0;0
08/03/2019;20:36:00;352;Acidente com Vítima;351,2;BR-040/MG;Norte;Choque com objeto fixo;1;0;0;0;0;0;0;0;0;0;2;2;0;0;0
08/03/2019;20:24:00;349;Atropelamento sem Morte;3,8;BR-040/GO;Sul;Atropelamento de pedestre atravessando;0;0;0;0;0;0;0;0;0;0;0;0;1;0;0
08/03/2019;20:10:00;347;Acidente sem Vítima;644,97;BR-040/MG;Norte;Choque com objeto fixo;0;0;1;0;0;0;0;0;0;0;1;0;0;0;0
08/03/2019;20:06:00;345;Acidente sem Vítima;305,1;BR-040/MG;Sul;Outros;1;0;0;0;0;0;0;0;0;0;4;0;0;0;0
08/03/2019;19:45:00;336;Acidente sem Vítima;36,05;BR-040/GO;Norte;Atropelamento de animal;0;0;1;0;0;0;0;0;0;0;1;0;0;0;0
08/03/2019;19:31:00;329;Acidente sem Vítima;603,3;BR-040/MG;Norte;Outros;1;0;0;0;0;0;0;0;0;0;2;0;0;0;0
08/03/2019;19:25:00;326;Acidente sem Vítima;584,1;BR-040/MG;Sul;Choque com objeto fixo;1;0;0;0;0;0;0;0;0;0;1;0;0;0;0
08/03/2019;17:29:00;298;Acidente sem Vítima;612,01;BR-040/MG;Norte;Colisão traseira;2;0;0;0;0;0;0;0;0;0;2;0;0;0;0
08/03/2019;14:18:00;242;Acidente sem Vítima;469,35;BR-040/MG;Sul;Queda de Carga;1;0;0;0;0;0;0;0;0;0;1;0;0;0;0
08/03/2019;12:00:00;199;Acidente sem Vítima;142,9;BR-040/MG;Sul;Abalroamento transversal;2;0;0;0;0;0;0;0;0;0;3;0;0;0;0
08/03/2019;09:10:00;152;Acidente sem Vítima;508,32;BR-040/MG;Norte;Colisão traseira;2;0;0;0;0;0;0;0;0;0;2;0;0;0;0
07/03/2019;20:36:00;353;Acidente com Vítima;10,1;BR-040/GO;Sul;Abalroamento longitudinal;1;0;0;1;0;0;0;0;0;0;1;1;0;0;0
07/03/2019;19:20:00;336;Acidente com Vítima;632,03;BR-040/MG;Norte;Abalroamento transversal;2;0;0;0;0;0;0;0;0;0;0;3;2;0;0
07/03/2019;18:28:00;313;Acidente sem Vítima;8,05;BR-040/GO;Sul;Outros;0;0;0;1;0;0;0;0;0;0;0;0;0;0;0
07/03/2019;14:50:00;264;Acidente com Vítima;576,2;BR-040/MG;Norte;Abalroamento transversal;0;0;1;1;0;0;0;0;0;0;1;0;2;0;0
07/03/2019;13:53:00;251;Acidente sem Vítima;39,8;BR-040/MG;Norte;Queda de Moto;0;0;1;0;0;0;0;0;0;0;1;0;0;0;0
07/03/2019;10:54:00;196;Acidente sem Vítima;18,4;BR-040/GO;Norte;Colisão traseira;2;0;0;0;1;0;0;0;0;0;11;0;0;0;0
07/03/2019;09:42:00;172;Acidente com Vítima;7,9;BR-040/DF;Norte;Choque com objeto fixo;1;0;0;0;0;0;0;0;0;0;2;1;0;0;0
07/03/2019;08:03:00;128;Acidente sem Vítima;7,2;BR-040/GO;Norte;Abalroamento transversal;1;0;1;0;0;0;0;0;0;0;2;0;0;0;0
07/03/2019;07:15:00;107;Atropelamento sem Morte;6,7;BR-040/GO;Sul;Atropelamento de pedestre atravessando;0;0;0;1;0;0;0;0;0;0;0;0;2;0;0
07/03/2019;02:45:00;40;Acidente com Vítima;105,01;BR-040/MG;Norte;Choque com objeto fixo;1;0;0;0;0;0;0;0;0;0;3;0;1;0;0
06/03/2019;20:58:00;334;Acidente sem Vítima;710,1;BR-040/MG;Sul;Outros;0;0;1;0;0;0;0;0;0;0;1;0;0;0;0
06/03/2019;20:43:00;329;Acidente com Vítima;648,1;BR-040/MG;Sul;Abalroamento transversal;0;0;2;0;0;0;0;0;0;0;1;1;0;0;0
06/03/2019;16:05:00;254;Acidente com Vítima;454,6;BR-040/MG;Norte;Queda de Moto;0;0;0;1;0;0;0;0;0;0;0;2;0;0;0
06/03/2019;13:18:00;187;Acidente sem Vítima;472,6;BR-040/MG;Norte;Choque em defensa;1;0;0;0;0;0;0;0;0;0;1;0;0;0;0
06/03/2019;13:07:00;183;Acidente com Vítima;167,5;BR-040/MG;Norte;Capotamento;1;0;0;0;0;0;0;0;0;0;0;2;0;0;0
06/03/2019;11:58:00;163;Acidente sem Vítima;517,414;BR-040/MG;Sul;Colisão traseira;1;0;0;1;0;0;0;0;0;0;2;0;0;0;0
06/03/2019;09:29:00;130;Acidente sem Vítima;467,7;BR-040/MG;Sul;Colisão traseira;2;0;0;0;0;0;0;0;0;0;2;0;0;0;0
06/03/2019;07:15:00;85;Acidente sem Vítima;636,1;BR-040/MG;Norte;Choque com objeto fixo;1;0;0;0;0;0;0;0;0;0;1;0;0;0;0
06/03/2019;04:23:00;62;Acidente sem Vítima;530,9;BR-040/MG;Sul;Colisão traseira;1;0;0;0;0;1;0;0;0;0;2;0;0;0;0
05/03/2019;22:17:00;243;Acidente com Vítima;518,3;BR-040/MG;Sul;Queda de Moto;0;0;0;1;0;0;0;0;0;0;0;0;2;0;0
05/03/2019;19:16:00;209;Atropelamento sem Morte;1,1;BR-040/GO;Norte;Atropelamento em abrigo de ônibus;0;0;0;0;1;0;0;0;0;0;2;0;0;1;0
05/03/2019;15:32:00;140;Acidente com Vítima;561,545;BR-040/MG;Norte;Colisão traseira;7;0;0;0;0;0;0;0;0;0;25;0;1;0;0
05/03/2019;14:43:00;129;Acidente sem Vítima;612,5;BR-040/MG;Norte;Queda de Moto;0;0;0;1;0;0;0;0;0;0;1;0;0;0;0
05/03/2019;02:04:00;14;Acidente com Vítima;28,1;BR-040/GO;Sul;Choque com objeto fixo;1;0;0;0;0;0;0;0;0;0;2;2;0;0;0
05/03/2019;01:21:00;10;Acidente com Vítima;535,1;BR-040/MG;Norte;Queda de Moto;0;0;0;1;0;0;0;0;0;0;0;1;0;0;0
05/03/2019;00:18:00;4;Acidente com Vítima;7,05;BR-040/GO;Sul;Colisão traseira;2;0;0;0;0;0;0;0;0;0;2;0;1;0;0
05/03/2019;00:15:00;3;Acidente sem Vítima;460,2;BR-040/MG;Sul;Queda de Carga;0;0;1;0;0;0;0;0;0;0;1;0;0;0;0
04/03/2019;21:41:00;269;Acidente sem Vítima;518,9;BR-040/MG;Norte;Capotamento;1;0;0;0;0;0;0;0;0;0;1;0;0;0;0
04/03/2019;19:07:00;241;Acidente sem Vítima;701,1;BR-040/MG;Sul;Outros;0;0;0;1;0;0;0;0;0;0;1;0;0;0;0
04/03/2019;19:03:00;240;Acidente sem Vítima;577,1;BR-040/MG;Sul;Outros;1;0;1;0;0;0;0;0;0;0;2;0;0;0;0
04/03/2019;18:52:00;236;Atropelamento sem Morte;556,1;BR-040/MG;Norte;Atropelamento de pedestre atravessando;0;0;0;1;0;0;0;0;0;0;1;0;1;0;0
04/03/2019;18:06:00;229;Acidente sem Vítima;634,2;BR-040/MG;Norte;Choque em defensa;1;0;0;0;0;0;0;0;0;0;2;0;0;0;0
04/03/2019;16:17:00;207;Acidente sem Vítima;381,1;BR-040/MG;Norte;Abalroamento transversal;2;0;0;0;0;0;0;0;0;0;3;0;0;0;0
04/03/2019;16:04:00;204;Acidente com Vítima;513,9;BR-040/MG;Sul;Queda de Moto;0;0;0;1;0;0;0;0;0;0;0;1;1;0;0
04/03/2019;10:40:00;137;Acidente sem Vítima;726,8;BR-040/MG;Sul;Queda de Carga;0;0;1;0;0;0;0;0;0;0;1;0;0;0;0
04/03/2019;10:26:00;133;Acidente com Vítima;515,8;BR-040/MG;Norte;Colisão traseira;1;0;0;1;0;0;0;0;0;0;1;0;1;0;0
04/03/2019;05:44:00;64;Acidente com Vítima;527,26;BR-040/MG;Norte;Queda de Moto;0;0;0;1;0;0;0;0;0;0;1;1;0;0;0
03/03/2019;22:55:00;219;Acidente com Vítima;2,2;BR-040/GO;Sul;Abalroamento transversal;0;0;0;1;0;0;0;0;0;0;0;2;0;0;0
03/03/2019;19:17:00;186;Acidente sem Vítima;23,3;BR-040/GO;Norte;Choque com objeto fixo;1;0;0;0;0;0;0;0;0;0;1;0;0;0;0
03/03/2019;19:13:00;184;Acidente com Vítima;499,12;BR-040/MG;Norte;Colisão traseira;2;0;0;0;0;0;0;0;0;0;0;1;0;0;0
03/03/2019;18:41:00;178;Acidente sem Vítima;53,1;BR-040/GO;Sul;Capotamento;1;0;0;0;0;0;0;0;0;0;2;0;0;0;0
03/03/2019;16:47:00;159;Atropelamento sem Morte;513,5;BR-040/MG;Sul;Atropelamento de ciclista;1;0;0;0;0;0;0;0;0;0;1;1;0;0;0
03/03/2019;15:50:00;147;Acidente sem Vítima;547,39;BR-040/MG;Sul;Abalroamento longitudinal;1;0;0;0;0;1;0;0;0;0;2;0;0;0;0
03/03/2019;12:41:00;103;Acidente sem Vítima;456,3;BR-040/MG;Norte;Atropelamento de animal;1;0;0;0;0;0;0;0;0;0;3;0;0;0;0
03/03/2019;12:19:00;92;Acidente com Vítima;741,22;BR-040/MG;Sul;Abalroamento longitudinal;2;0;0;0;0;0;0;0;0;0;1;2;0;0;0
03/03/2019;11:39:00;86;Acidente com Vítima;6,9;BR-040/GO;Norte;Colisão traseira;1;0;0;1;0;0;0;0;0;0;1;1;0;0;0
03/03/2019;11:33:00;84;Acidente com Vítima;14,4;BR-040/MG;Norte;Queda de Moto;0;0;0;1;0;0;0;0;0;0;1;1;0;0;0
03/03/2019;10:57:00;68;Acidente com Vítima;582,1;BR-040/MG;Sul;Queda de Moto;0;0;0;1;0;0;0;0;0;0;0;1;0;0;0
03/03/2019;09:20:00;45;Acidente sem Vítima;2,2;BR-040/GO;Norte;Choque com objeto fixo;2;0;0;0;0;0;0;0;0;0;5;0;0;0;0
03/03/2019;05:33:00;24;Acidente com Vítima;682,95;BR-040/MG;Sul;Colisão traseira;2;0;0;0;0;0;0;0;0;0;1;2;1;0;0
03/03/2019;01:09:00;8;Acidente sem Vítima;612,8;BR-040/MG;Sul;;1;0;0;0;0;0;0;0;0;0;1;0;0;0;0
02/03/2019;23:35:00;340;Acidente sem Vítima;11,242;BR-040/GO;Norte;Choque com objeto fixo;1;0;0;0;0;0;0;0;0;0;1;0;0;0;0
02/03/2019;19:28:00;289;Acidente com Vítima;517,1;BR-040/MG;Norte;Colisão traseira;3;0;0;0;0;0;0;0;0;0;3;1;0;0;0
02/03/2019;19:22:00;286;Acidente sem Vítima;55,5;BR-040/GO;Sul;Choque com objeto fixo;1;0;0;0;0;0;0;0;0;0;2;0;0;0;0
02/03/2019;16:53:00;255;Acidente com Morte;550,6;BR-040/MG;Sul;Capotamento;2;0;0;0;0;0;0;0;0;0;0;0;2;0;1
02/03/2019;15:50:00;234;Acidente com Vítima;60,511;BR-040/MG;Norte;Choque com objeto fixo;1;0;0;0;0;0;0;0;0;0;0;1;0;0;0
02/03/2019;15:19:00;223;Acidente sem Vítima;719,1;BR-040/MG;Sul;Choque com objeto fixo;1;0;0;0;0;0;0;0;0;0;1;0;0;0;0
02/03/2019;14:34:00;209;Acidente sem Vítima;642,1;BR-040/MG;Sul;Queda de Carga;0;0;1;0;0;0;0;0;0;0;1;0;0;0;0
02/03/2019;13:54:00;196;Acidente sem Vítima;337,412;BR-040/MG;Norte;Abalroamento longitudinal;2;0;0;0;0;0;0;0;0;0;4;0;0;0;0
02/03/2019;12:35:00;174;Acidente sem Vítima;11,5;BR-040/GO;Norte;Choque com objeto fixo;1;0;0;1;0;0;0;0;0;0;2;0;0;0;0
02/03/2019;11:19:00;143;Acidente sem Vítima;649,1;BR-040/MG;Norte;Abalroamento transversal;3;0;0;0;0;0;0;0;0;0;3;0;0;0;0
02/03/2019;09:28:00;112;Acidente sem Vítima;615,1;BR-040/MG;Sul;Colisão traseira;2;0;0;0;0;0;0;0;0;0;2;0;0;0;0
02/03/2019;08:18:00;96;Atropelamento sem Morte;150,157;BR-040/GO;Norte;Atropelamento de pedestre atravessando;1;0;0;0;0;0;0;0;0;0;2;0;0;1;0
02/03/2019;05:55:00;65;Acidente sem Vítima;476,3;BR-040/MG;Norte;Outros;1;0;0;0;0;0;0;0;0;0;4;0;0;0;0
02/03/2019;05:48:00;64;Acidente com Morte;348,588;BR-040/MG;Sul;Colisão frontal;1;0;1;0;0;0;0;0;0;0;1;0;2;0;2
02/03/2019;04:58:00;56;Acidente sem Vítima;739,5;BR-040/MG;Norte;Outros;1;0;0;0;0;0;0;0;0;0;1;0;0;0;0
01/03/2019;23:22:00;412;Acidente com Vítima;320,439;BR-040/MG;Norte;Queda de Moto;0;0;0;1;0;0;0;0;0;0;0;2;0;0;0
01/03/2019;22:26:00;392;Acidente sem Vítima;618,3;BR-040/MG;Sul;Capotamento;1;0;0;0;0;0;0;0;0;0;2;1;0;0;0
01/03/2019;20:05:00;344;Acidente sem Vítima;549,16;BR-040/MG;Norte;Outros;2;0;0;0;0;0;0;0;0;0;2;0;0;0;0
01/03/2019;19:29:00;335;Acidente sem Vítima;614,5;BR-040/MG;Sul;Abalroamento transversal;1;0;0;0;1;0;0;0;0;0;29;1;0;0;0
01/03/2019;19:03:00;326;Acidente sem Vítima;594,8;BR-040/MG;Sul;Colisão traseira;2;0;0;0;0;0;0;0;0;0;3;0;0;0;0
01/03/2019;18:48:00;321;Acidente com Vítima;452,5;BR-040/MG;Sul;Capotamento;1;0;0;0;0;0;0;0;0;0;0;1;0;0;0
01/03/2019;17:48:00;293;Acidente sem Vítima;566,272;BR-040/MG;Norte;Queda de Carga;1;0;0;0;0;0;0;0;0;0;1;0;0;0;0
01/03/2019;17:22:00;282;Acidente sem Vítima;465,6;BR-040/MG;Sul;Choque com objeto fixo;1;0;0;0;0;0;0;0;0;0;1;0;0;0;0
01/03/2019;16:28:00;268;Acidente sem Vítima;510,6;BR-040/MG;Norte;Queda de Carga;0;0;1;0;0;0;0;0;0;0;1;0;0;0;0
01/03/2019;16:21:00;265;Acidente com Vítima;6,211;BR-040/DF;Sul;Colisão traseira;1;0;0;1;0;0;0;0;0;0;1;0;1;0;0
01/03/2019;15:27:00;246;Acidente sem Vítima;40,511;BR-040/MG;Norte;Choque com objeto fixo;1;0;0;0;0;0;0;0;0;0;2;0;0;0;0
01/03/2019;15:03:00;240;Acidente com Vítima;462,2;BR-040/MG;Sul;Queda de Moto;0;0;0;1;0;0;0;0;0;0;0;2;0;0;0
01/03/2019;14:14:00;226;Acidente sem Vítima;525,5;BR-040/MG;Norte;Colisão traseira;2;0;1;0;0;0;0;0;0;0;3;0;0;0;0
01/03/2019;12:10:00;188;Acidente sem Vítima;634,1;BR-040/MG;Norte;Choque com objeto fixo;1;0;0;0;0;0;0;0;0;0;1;0;0;0;0
01/03/2019;11:33:00;183;Acidente com Vítima;43,7;BR-040/MG;Sul;Abalroamento longitudinal;1;0;0;1;0;0;0;0;0;0;4;0;0;0;0
01/03/2019;10:44:00;171;Acidente com Vítima;739,2;BR-040/MG;Norte;Queda de Carga;1;0;0;0;0;1;0;0;0;0;1;1;0;0;0
01/03/2019;06:38:00;101;Acidente com Vítima;5,055;BR-040/DF;Norte;Colisão traseira;1;0;0;1;0;0;0;0;0;0;2;1;0;0;0
28/02/2019;18:17:00;335;Acidente sem Vítima;76,1;BR-040/MG;Sul;Choque com objeto fixo;1;0;0;0;0;0;0;0;0;0;2;0;0;0;0
28/02/2019;17:27:00;324;Acidente com Vítima;539,7;BR-040/MG;Norte;Abalroamento longitudinal;1;0;0;1;0;0;0;0;0;0;1;0;1;0;0
28/02/2019;16:57:00;313;Acidente sem Vítima;628,2;BR-040/MG;Norte;Colisão traseira;1;0;0;0;1;0;0;0;0;0;2;0;0;0;0
28/02/2019;16:05:00;295;Acidente sem Vítima;717,643;BR-040/MG;Norte;Choque com objeto fixo;1;0;0;0;0;0;0;0;0;0;0;0;0;0;0
28/02/2019;11:34:00;208;Acidente sem Vítima;541,08;BR-040/MG;Norte;Choque com objeto fixo;1;0;0;0;0;0;0;0;0;0;1;0;0;0;0
28/02/2019;10:31:00;184;Acidente sem Vítima;610,5;BR-040/MG;Norte;Colisão traseira;1;0;0;0;1;0;0;0;0;0;2;0;0;0;0
28/02/2019;08:53:00;156;Acidente com Vítima;532,7;BR-040/MG;Norte;Abalroamento longitudinal;1;0;0;1;0;0;0;0;0;0;1;0;1;0;0
28/02/2019;08:02:00;136;Acidente sem Vítima;649,5;BR-040/MG;Sul;Choque com objeto fixo;1;0;0;0;0;0;0;0;0;0;1;0;0;0;0
28/02/2019;07:15:00;119;Acidente com Vítima;754,6;BR-040/MG;Sul;Capotamento;1;0;0;0;0;0;0;0;0;0;0;1;0;0;0
28/02/2019;06:47:00;113;Acidente com Vítima;0,05;BR-040/DF;Norte;Colisão traseira;1;0;0;1;0;0;0;0;0;0;1;1;0;0;0
28/02/2019;06:37:00;109;Acidente com Vítima;94,8;BR-040/GO;Sul;Abalroamento transversal;0;0;2;0;0;0;0;0;0;0;1;1;0;0;0