data;horario;n_da_ocorrencia;tipo_de_ocorrencia;km;trecho;sentido;tipo_de_acidente;automovel;bicicleta;caminhao;moto;onibus;outros;tracao_animal;transporte_de_cargas_especiais;trator_maquinas;utilitarios;ilesos;levemente_feridos;moderadamente_feridos;gravemente_feridos;mortos
16/02/2019;16:48:00;234;Acidente sem Vítima;633,2;BR-040/MG;Norte;Capotamento;1;0;0;0;0;0;0;0;0;0;2;0;0;0;0
16/02/2019;16:36:00;229;Acidente sem Vítima;734,8;BR-040/MG;Norte;Choque com objeto na pista;1;0;0;0;0;0;0;0;0;0;1;0;0;0;0
16/02/2019;14:32:00;207;Acidente com Vítima;30,02;BR-040/GO;Norte;Capotamento;1;0;0;0;0;0;0;0;0;0;0;1;0;2;0
16/02/2019;14:28:00;205;Acidente sem Vítima;656,3;BR-040/MG;Norte;Choque com objeto fixo;1;0;0;0;0;0;0;0;0;0;3;0;0;0;0
16/02/2019;14:13:00;202;Acidente sem Vítima;0,05;BR-040/DF;Sul;Queda de Carga;0;0;1;0;0;0;0;0;0;0;1;0;0;0;0
16/02/2019;13:06:00;183;Acidente com Vítima;468,7;BR-040/MG;Norte;Colisão traseira;2;0;0;0;0;0;0;0;0;0;5;1;0;0;0
16/02/2019;11:00:00;149;Acidente sem Vítima;469,45;BR-040/MG;Sul;Capotamento;1;0;0;0;0;0;0;0;0;0;2;0;0;0;0
16/02/2019;10:41:00;143;Acidente sem Vítima;557,6;BR-040/MG;Sul;Choque em defensa;1;0;0;0;0;0;0;0;0;0;1;0;0;0;0
16/02/2019;09:32:00;120;Acidente sem Vítima;695,1;BR-040/MG;Sul;Capotamento;0;0;0;1;0;0;0;0;0;0;3;0;0;0;0
16/02/2019;07:47:00;81;Acidente sem Vítima;512,6;BR-040/MG;Norte;Choque com objeto fixo;1;0;0;0;0;0;0;0;0;0;1;0;0;0;0
16/02/2019;06:04:00;44;Acidente com Vítima;506,35;BR-040/MG;Sul;Capotamento;1;0;0;0;0;0;0;0;0;0;0;1;0;0;0
16/02/2019;04:31:00;35;Acidente sem Vítima;749,5;BR-040/MG;Sul;Queda de Carga;1;0;0;0;0;0;0;0;0;0;1;0;0;0;0
16/02/2019;03:03:00;22;Acidente com Vítima;2,05;BR-040/GO;Norte;Abalroamento transversal;1;0;0;1;0;0;0;0;0;0;1;1;1;0;0
15/02/2019;23:52:00;413;Acidente sem Vítima;610,15;BR-040/MG;Sul;Abalroamento longitudinal;1;0;0;1;0;0;0;0;0;0;3;0;0;0;0
15/02/2019;22:19:00;404;Acidente com Vítima;527,008;BR-040/MG;Sul;Colisão traseira;2;0;1;0;0;0;0;0;0;0;2;2;0;0;0
15/02/2019;18:34:00;336;Acidente sem Vítima;615,2;BR-040/MG;Sul;Colisão traseira;2;0;0;0;0;0;0;0;0;0;4;0;0;0;0
15/02/2019;17:21:00;321;Acidente com Vítima;8,9;BR-040/GO;Sul;Abalroamento longitudinal;1;0;0;1;0;0;0;0;0;0;1;0;1;0;0
15/02/2019;14:14:00;263;Acidente sem Vítima;505,65;BR-040/MG;Sul;Choque em defensa;1;0;0;0;0;0;0;0;0;0;2;0;0;0;0
15/02/2019;13:17:00;236;Acidente sem Vítima;470,15;BR-040/MG;Sul;Choque com objeto fixo;1;0;0;0;0;0;0;0;0;0;1;0;0;0;0
15/02/2019;12:20:00;219;Acidente sem Vítima;543,141;BR-040/MG;Sul;Choque em barreira New Jersey;1;0;0;0;0;1;0;0;0;0;2;0;0;0;0
15/02/2019;11:49:00;214;Acidente com Vítima;55,5;BR-040/MG;Norte;Capotamento;1;0;0;0;0;0;0;0;0;0;2;1;0;0;0
15/02/2019;11:35:00;211;Acidente sem Vítima;331,8;BR-040/MG;Norte;Queda de Carga;0;0;1;0;0;0;0;0;0;0;1;0;0;0;0
15/02/2019;11:18:00;207;Acidente com Vítima;526,6;BR-040/MG;Norte;Colisão traseira;4;0;0;0;0;0;0;0;0;0;4;1;0;0;0
15/02/2019;09:04:00;164;Acidente sem Vítima;517,35;BR-040/MG;Sul;Queda de Carga;1;0;0;0;0;0;0;0;0;0;1;0;0;0;0
15/02/2019;08:23:00;144;Acidente sem Vítima;273,2;BR-040/MG;Norte;Atropelamento de animal;1;0;0;0;0;0;0;0;0;0;1;0;0;0;0
15/02/2019;08:02:00;132;Acidente sem Vítima;543,45;BR-040/MG;Sul;Queda de Moto;0;0;0;1;0;0;0;0;0;0;1;0;0;0;0
15/02/2019;06:53:00;105;Acidente com Vítima;11,9;BR-040/GO;Norte;Colisão traseira;2;0;0;0;0;0;0;0;0;0;1;3;0;0;0
15/02/2019;05:14:00;83;Acidente sem Vítima;494,3;BR-040/MG;Norte;;1;0;0;0;0;0;0;0;0;0;4;0;0;0;0
15/02/2019;04:48:00;80;Acidente com Vítima;524,85;BR-040/MG;Norte;Colisão traseira;1;0;0;1;0;0;0;0;0;0;1;1;0;0;0
15/02/2019;00:19:00;31;Acidente sem Vítima;253,15;BR-040/MG;Sul;Choque com objeto fixo;0;0;1;0;0;0;0;0;0;0;1;0;0;0;0
14/02/2019;23:06:00;331;Acidente sem Vítima;589,001;BR-040/MG;Norte;Abalroamento longitudinal;1;0;0;0;0;1;0;0;0;0;4;0;0;0;0
14/02/2019;16:31:00;248;Acidente sem Vítima;2,5;BR-040/GO;Sul;Choque com objeto fixo;1;0;0;0;0;0;0;0;0;0;1;0;0;0;0
14/02/2019;15:09:00;234;Acidente sem Vítima;534,6;BR-040/MG;Norte;Colisão traseira;1;0;0;0;0;0;0;0;0;0;1;0;0;0;0
14/02/2019;14:51:00;229;Acidente com Vítima;41,1;BR-040/GO;Sul;Capotamento;1;0;0;0;0;0;0;0;0;0;3;1;0;0;0
14/02/2019;14:08:00;223;Acidente com Vítima;632,35;BR-040/MG;Sul;Abalroamento transversal;1;0;1;0;0;0;0;0;0;0;1;0;0;0;0
14/02/2019;09:04:00;166;Acidente com Vítima;1,6;BR-040/DF;Norte;Colisão traseira;0;0;0;2;0;0;0;0;0;0;1;1;0;0;0
14/02/2019;06:40:00;112;Acidente sem Vítima;93,2;BR-040/GO;Norte;Abalroamento transversal;0;0;1;0;0;0;0;0;0;1;2;0;0;0;0
14/02/2019;03:16:00;57;Acidente sem Vítima;447,8;BR-040/MG;Norte;Choque em defensa;1;0;0;0;0;0;0;0;0;0;2;0;0;0;0
14/02/2019;01:02:00;30;Acidente sem Vítima;280,6;BR-040/MG;Sul;Queda de Carga;0;0;1;0;0;0;0;0;0;0;1;0;0;0;0
13/02/2019;19:44:00;299;Acidente com Vítima;519,3;BR-040/MG;Norte;Queda de Moto;0;0;0;1;0;0;0;0;0;0;0;0;2;0;0
13/02/2019;19:13:00;292;Acidente sem Vítima;519,3;BR-040/MG;Norte;Outros;0;0;1;0;0;0;0;0;0;0;1;0;0;0;0
13/02/2019;19:10:00;291;Acidente sem Vítima;589,3;BR-040/MG;Norte;Choque com objeto fixo;0;0;1;0;0;0;0;0;0;0;1;0;0;0;0
13/02/2019;19:06:00;287;Acidente com Vítima;610,6;BR-040/MG;Sul;Colisão frontal;2;0;0;0;0;0;0;0;0;0;1;0;3;0;0
13/02/2019;18:34:00;271;Acidente sem Vítima;557,544;BR-040/MG;Sul;Choque em defensa;1;0;0;0;0;0;0;0;0;0;1;0;0;0;0
13/02/2019;15:07:00;230;Acidente sem Vítima;580,1;BR-040/MG;Sul;Choque em barreira New Jersey;1;0;0;0;0;0;0;0;0;0;1;0;0;0;0
13/02/2019;13:33:00;202;Acidente sem Vítima;600,35;BR-040/MG;Norte;Colisão traseira;1;0;0;0;0;1;0;0;0;0;2;0;0;0;0
13/02/2019;13:05:00;190;Acidente sem Vítima;548,216;BR-040/MG;Norte;Queda de Moto;0;0;0;1;0;0;0;0;0;0;2;0;0;0;0
13/02/2019;09:00:00;121;Acidente sem Vítima;461,394;BR-040/MG;Norte;Colisão traseira;1;0;0;1;0;0;0;0;0;0;2;0;0;0;0
13/02/2019;07:58:00;106;Acidente com Vítima;544,688;BR-040/MG;Norte;Queda de Moto;0;0;0;1;0;0;0;0;0;0;2;1;0;0;0
13/02/2019;07:15:00;90;Acidente com Vítima;524,651;BR-040/MG;Norte;Colisão traseira;1;0;1;0;1;0;0;0;0;0;3;0;2;0;0
12/02/2019;23:51:00;358;Acidente com Vítima;380,5;BR-040/MG;Sul;Capotamento;1;0;0;0;0;0;0;0;0;0;2;1;0;0;0
12/02/2019;19:21:00;310;Acidente sem Vítima;350,1;BR-040/MG;Sul;Outros;1;0;0;0;0;0;0;0;0;0;0;0;0;0;0
12/02/2019;18:27:00;301;Acidente sem Vítima;1,05;BR-040/GO;Norte;Queda de Moto;0;0;0;1;0;0;0;0;0;0;2;0;0;0;0
12/02/2019;17:09:00;277;Acidente com Vítima;547,25;BR-040/MG;Norte;Queda de Moto;0;0;0;1;0;0;0;0;0;0;0;1;0;0;0
12/02/2019;15:26:00;245;Acidente sem Vítima;551,12;BR-040/MG;Norte;Queda de Moto;0;0;0;1;0;0;0;0;0;0;1;0;0;0;0
12/02/2019;13:49:00;214;Acidente sem Vítima;585,962;BR-040/MG;Sul;Queda de Carga;0;0;1;0;0;0;0;0;0;0;1;0;0;0;0
12/02/2019;12:24:00;196;Acidente com Vítima;92,5;BR-040/GO;Sul;Abalroamento transversal;1;0;1;0;0;0;0;0;0;0;2;0;1;0;0
12/02/2019;12:09:00;189;Acidente sem Vítima;273,1;BR-040/MG;Sul;Queda de Moto;0;0;0;1;0;0;0;0;0;0;0;1;0;0;0
12/02/2019;07:45:00;110;Acidente sem Vítima;4,3;BR-040/DF;Norte;Abalroamento longitudinal;1;0;0;1;0;0;0;0;0;0;3;0;0;0;0
12/02/2019;06:25:00;80;Atropelamento sem Morte;536,598;BR-040/MG;Norte;Atropelamento de pedestre atravessando;0;0;0;1;0;0;0;0;0;0;1;2;0;0;0
12/02/2019;02:29:00;13;Acidente sem Vítima;19,8;BR-040/GO;Norte;Choque com objeto fixo;1;0;0;0;0;0;0;0;0;0;1;0;0;0;0
11/02/2019;20:39:00;349;Acidente sem Vítima;533,42;BR-040/MG;Norte;Colisão traseira;1;0;1;0;0;0;0;0;0;0;2;0;0;0;0
11/02/2019;15:34:00;276;Acidente com Vítima;537,1;BR-040/MG;Sul;Abalroamento longitudinal;1;0;1;0;0;0;0;0;0;0;0;2;0;0;0
11/02/2019;15:00:00;264;Acidente sem Vítima;341,8;BR-040/MG;Norte;Choque com objeto fixo;0;0;1;0;0;0;0;0;0;0;1;0;0;0;0
11/02/2019;13:12:00;232;Acidente com Vítima;5,5;BR-040/DF;Norte;Colisão traseira;2;0;0;0;0;0;0;0;0;0;5;0;1;0;0
11/02/2019;12:17:00;209;Acidente sem Vítima;603,001;BR-040/MG;Norte;Abalroamento longitudinal;1;0;0;0;0;0;0;0;0;0;1;0;0;0;0
11/02/2019;09:42:00;155;Acidente sem Vítima;758,4;BR-040/MG;Sul;Colisão traseira;1;0;0;0;0;0;0;0;0;0;1;0;0;0;0
11/02/2019;08:36:00;127;Acidente com Vítima;665,15;BR-040/MG;Norte;Abalroamento transversal;2;0;0;0;0;0;0;0;0;0;0;0;1;0;0
11/02/2019;07:49:00;102;Acidente sem Vítima;604,5;BR-040/MG;Sul;Colisão traseira;1;0;1;0;0;0;0;0;0;1;3;0;0;0;0
10/02/2019;23:01:00;224;Acidente sem Vítima;6,735;BR-040/GO;Sul;Colisão traseira;1;0;0;1;0;0;0;0;0;0;2;0;0;0;0
10/02/2019;21:57:00;215;Acidente sem Vítima;509,3;BR-040/MG;Sul;Abalroamento longitudinal;2;0;0;0;0;0;0;0;0;0;2;0;0;0;0
10/02/2019;21:41:00;209;Acidente sem Vítima;509,34;BR-040/MG;Norte;Choque com objeto fixo;1;0;0;0;0;0;0;0;0;0;1;0;0;0;0
10/02/2019;19:35:00;173;Acidente com Vítima;111,05;BR-040/GO;Sul;Capotamento;1;0;0;0;0;0;0;0;0;0;1;0;1;0;0
10/02/2019;19:03:00;162;Acidente sem Vítima;4,4;BR-040/GO;Norte;Colisão traseira;2;0;0;0;0;0;0;0;0;0;4;0;0;0;0
10/02/2019;17:22:00;134;Acidente com Vítima;616,596;BR-040/MG;Norte;Queda de Moto;0;0;0;1;0;0;0;0;0;0;0;1;0;0;0
10/02/2019;14:24:00;95;Acidente sem Vítima;499,85;BR-040/MG;Sul;Capotamento;1;0;0;1;0;0;0;0;0;0;2;0;0;0;0
10/02/2019;08:48:00;49;Acidente com Vítima;287,7;BR-040/MG;Sul;Colisão frontal;2;0;0;0;0;0;0;0;0;0;0;0;0;3;0
10/02/2019;06:57:00;36;Acidente sem Vítima;591,1;BR-040/MG;Sul;Choque com objeto fixo;1;0;0;0;0;0;0;0;0;0;1;0;0;0;0
10/02/2019;03:45:00;20;Acidente sem Vítima;176,6;BR-040/MG;Norte;Choque com objeto fixo;1;0;0;0;0;0;0;0;0;0;0;0;0;0;0
09/02/2019;21:06:00;234;Acidente sem Vítima;533,836;BR-040/MG;Sul;Choque em defensa;1;0;0;0;0;0;0;0;0;0;1;0;0;0;0
09/02/2019;19:37:00;209;Acidente com Vítima;509,6;BR-040/MG;Norte;Capotamento;1;0;0;0;0;0;0;0;0;0;0;2;0;0;0
09/02/2019;12:37:00;100;Acidente com Vítima;509,213;BR-040/MG;Norte;Colisão traseira;1;0;0;1;0;0;0;0;0;0;1;1;0;0;0
09/02/2019;06:34:00;34;Acidente com Morte;103,3;BR-040/GO;Sul;Colisão frontal;1;0;1;0;0;0;0;0;0;0;1;1;2;0;2
09/02/2019;00:45:00;13;Acidente sem Vítima;121,5;BR-040/MG;Sul;Abalroamento transversal;1;0;0;0;1;0;0;0;0;0;36;0;0;0;0
08/02/2019;22:47:00;397;Acidente com Vítima;473,3;BR-040/MG;Sul;Colisão frontal;1;0;0;0;0;1;0;0;0;0;1;0;0;0;0
08/02/2019;22:20:00;388;Atropelamento sem Morte;7,5;BR-040/GO;Sul;Atropelamento de pedestre atravessando;1;0;0;0;0;0;0;0;0;0;2;0;0;1;0
08/02/2019;22:05:00;385;Acidente com Vítima;608,12;BR-040/MG;Norte;Queda de Moto;1;0;0;0;0;0;0;0;0;0;1;0;0;1;0
08/02/2019;21:59:00;384;Atropelamento sem Morte;276,3;BR-040/MG;Norte;Atropelamento de pedestre atravessando;1;0;0;0;0;0;0;0;0;0;1;0;1;0;0
08/02/2019;18:25:00;329;Acidente com Vítima;531,05;BR-040/MG;Sul;Abalroamento longitudinal;0;0;1;1;0;0;0;0;0;0;2;0;1;0;0
08/02/2019;17:49:00;322;Acidente sem Vítima;592,8;BR-040/MG;Norte;Colisão traseira;2;0;0;0;0;0;0;0;0;0;3;0;0;0;0
08/02/2019;17:39:00;318;Acidente sem Vítima;523,1;BR-040/MG;Norte;Abalroamento longitudinal;1;0;1;0;0;0;0;0;0;0;3;0;0;0;0
08/02/2019;16:16:00;287;Acidente com Vítima;553,45;BR-040/MG;Norte;Queda de Moto;0;0;0;1;0;0;0;0;0;0;0;2;0;0;0
08/02/2019;14:03:00;241;Acidente com Vítima;626,665;BR-040/MG;Norte;Abalroamento transversal;0;0;0;0;1;1;0;0;0;0;0;2;0;0;0
08/02/2019;09:28:00;150;Acidente sem Vítima;473,45;BR-040/MG;Sul;Choque com objeto fixo;1;0;0;0;0;0;0;0;0;0;2;0;0;0;0
08/02/2019;07:13:00;104;Acidente sem Vítima;664,9;BR-040/MG;Norte;Abalroamento longitudinal;2;0;0;0;0;0;0;0;0;0;2;0;0;0;0
08/02/2019;02:05:00;35;Acidente sem Vítima;522,3;BR-040/MG;Norte;Colisão traseira;2;0;0;0;0;0;0;0;0;0;2;0;0;0;0
07/02/2019;22:23:00;369;Acidente sem Vítima;52,1;BR-040/MG;Sul;Queda de Carga;0;0;1;0;0;0;0;0;0;0;1;0;0;0;0
07/02/2019;20:27:00;348;Acidente com Vítima;1,26;BR-040/DF;Sul;Atropelamento de animal;0;0;0;1;0;0;0;0;0;0;0;2;0;0;0
07/02/2019;18:58:00;329;Acidente sem Vítima;570,152;BR-040/MG;Norte;;1;0;0;0;0;0;0;0;0;0;1;0;0;0;0
07/02/2019;18:46:00;323;Acidente sem Vítima;502,1;BR-040/MG;Sul;Queda de Carga;0;0;1;0;0;0;0;0;0;0;2;0;0;0;0
07/02/2019;18:25:00;315;Acidente sem Vítima;2,1;BR-040/GO;Norte;Colisão traseira;1;0;0;1;0;0;0;0;0;0;2;0;0;0;0
07/02/2019;18:18:00;313;Acidente com Vítima;546,5;BR-040/MG;Norte;Choque com objeto fixo;1;0;0;0;0;0;0;0;0;0;0;0;1;0;0
07/02/2019;15:45:00;276;Acidente sem Vítima;40,6;BR-040/GO;Norte;Abalroamento transversal;1;0;1;0;0;0;0;0;0;0;4;0;0;0;0
07/02/2019;15:13:00;270;Acidente sem Vítima;450,15;BR-040/MG;Sul;Choque com objeto fixo;0;0;1;0;0;0;0;0;0;0;1;0;0;0;0
07/02/2019;14:31:00;258;Acidente sem Vítima;444,15;BR-040/MG;Norte;Queda de Carga;0;0;1;0;0;0;0;0;0;0;2;0;0;0;0
07/02/2019;13:37:00;244;Acidente sem Vítima;656,15;BR-040/MG;Norte;Choque em barreira New Jersey;1;0;0;0;0;0;0;0;0;0;1;0;0;0;0
07/02/2019;13:20:00;239;Acidente sem Vítima;515,7;BR-040/MG;Norte;Colisão traseira;1;0;0;0;0;0;0;0;0;0;1;0;0;0;0
07/02/2019;13:17:00;238;Acidente com Vítima;145,001;BR-040/GO;Norte;Choque com objeto fixo;1;0;0;0;0;0;0;0;0;0;0;2;0;0;0
07/02/2019;13:14:00;237;Acidente sem Vítima;506,4;BR-040/MG;Sul;Choque em barreira New Jersey;1;0;0;0;0;0;0;0;0;0;1;0;0;0;0
07/02/2019;13:06:00;234;Acidente sem Vítima;460,35;BR-040/MG;Sul;Choque com objeto fixo;1;0;0;0;0;0;0;0;0;0;2;0;0;0;0
07/02/2019;12:45:00;226;Acidente sem Vítima;527,3;BR-040/MG;Sul;Choque com objeto fixo;1;0;0;0;0;0;0;0;0;0;1;0;0;0;0
07/02/2019;11:55:00;208;Acidente sem Vítima;527,65;BR-040/MG;Norte;Queda de Carga;1;0;0;0;0;0;0;0;0;1;2;0;0;0;0
07/02/2019;11:21:00;196;Acidente sem Vítima;726,888;BR-040/MG;Sul;Choque em barreira New Jersey;1;0;0;0;0;0;0;0;0;0;1;0;0;0;0
07/02/2019;09:15:00;164;Acidente sem Vítima;467,3;BR-040/MG;Norte;Queda de Moto;1;0;0;0;0;0;0;0;0;0;1;0;0;0;0
07/02/2019;06:51:00;108;Acidente com Vítima;574,1;BR-040/MG;Norte;Colisão frontal;1;0;1;0;0;0;0;0;0;0;1;2;0;0;0
06/02/2019;23:55:00;317;Acidente sem Vítima;716,95;BR-040/MG;Norte;Choque com objeto fixo;1;0;0;0;0;0;0;0;0;0;1;0;0;0;0
06/02/2019;19:15:00;261;Acidente sem Vítima;461,785;BR-040/MG;Norte;Queda de Carga;1;0;0;0;0;0;0;0;0;0;1;0;0;0;0
06/02/2019;18:52:00;251;Acidente com Vítima;517,578;BR-040/MG;Sul;Abalroamento transversal;1;0;0;0;1;0;0;0;0;0;1;4;2;0;0
06/02/2019;18:50:00;250;Acidente com Vítima;3,2;BR-040/DF;Sul;Colisão traseira;0;0;0;2;0;0;0;0;0;0;1;1;0;0;0
06/02/2019;18:00:00;233;Acidente sem Vítima;719,18;BR-040/MG;Norte;Choque com objeto fixo;1;0;0;0;0;0;0;0;0;0;2;0;0;0;0
06/02/2019;17:51:00;231;Acidente sem Vítima;519,5;BR-040/MG;Norte;Queda de Carga;1;0;0;0;0;0;0;0;0;0;1;0;0;0;0
06/02/2019;17:47:00;228;Acidente sem Vítima;464,519;BR-040/MG;Sul;Capotamento;0;0;0;0;0;1;0;0;0;0;1;0;0;0;0
06/02/2019;17:43:00;227;Acidente com Vítima;448,231;BR-040/MG;Sul;Queda de Moto;0;0;0;1;0;0;0;0;0;0;0;1;0;0;0
06/02/2019;17:41:00;225;Acidente sem Vítima;693,76;BR-040/MG;Norte;Colisão frontal;2;0;0;0;0;0;0;0;0;0;6;0;0;0;0
06/02/2019;16:19:00;210;Acidente sem Vítima;727,01;BR-040/MG;Sul;Choque em barreira New Jersey;1;0;0;0;0;0;0;0;0;0;1;0;0;0;0
06/02/2019;16:06:00;207;Acidente sem Vítima;522,6;BR-040/MG;Sul;Colisão traseira;4;0;1;0;0;0;0;0;0;0;5;0;0;0;0
06/02/2019;15:39:00;200;Acidente com Vítima;728,1;BR-040/MG;Sul;Queda de Moto;0;0;0;1;0;0;0;0;0;0;0;0;1;0;0
06/02/2019;14:46:00;190;Acidente sem Vítima;578,65;BR-040/MG;Sul;Queda de Carga;0;0;1;0;0;0;0;0;0;0;1;0;0;0;0
06/02/2019;13:35:00;179;Acidente com Vítima;587,1;BR-040/MG;Norte;Colisão traseira;1;0;1;0;0;0;0;0;0;0;2;0;1;0;0
06/02/2019;10:26:00;138;Acidente com Vítima;732,1;BR-040/MG;Sul;Capotamento;1;0;0;0;0;0;0;0;0;0;1;0;1;0;0
06/02/2019;10:13:00;136;Acidente com Vítima;92,5;BR-040/GO;Sul;Abalroamento longitudinal;1;0;0;0;1;0;0;0;0;0;6;2;0;0;0
06/02/2019;08:55:00;118;Acidente com Vítima;739,1;BR-040/MG;Norte;Queda de Carga;0;0;1;0;0;0;0;0;0;0;0;1;0;0;0
06/02/2019;08:37:00;113;Acidente com Vítima;3,143;BR-040/DF;Norte;Queda de Moto;0;0;0;1;0;0;0;0;0;0;1;1;0;0;0
06/02/2019;07:50:00;98;Acidente sem Vítima;728,1;BR-040/MG;Sul;Abalroamento longitudinal;2;0;0;0;0;0;0;0;0;0;2;0;0;0;0
06/02/2019;07:43:00;95;Acidente com Vítima;555,366;BR-040/MG;Sul;Queda de Moto;0;0;0;1;0;0;0;0;0;0;1;0;1;0;0
06/02/2019;06:55:00;81;Acidente sem Vítima;455,54;BR-040/MG;Norte;Outros;2;0;2;0;0;0;0;0;0;0;4;0;0;0;0
06/02/2019;06:32:00;76;Acidente sem Vítima;539,8;BR-040/MG;Sul;Colisão traseira;2;0;0;0;0;0;0;0;0;0;2;0;0;0;0
06/02/2019;06:21:00;73;Acidente com Vítima;3,367;BR-040/DF;Norte;Colisão traseira;1;0;0;1;0;0;0;0;0;0;2;0;0;0;0
05/02/2019;20:29:00;306;Acidente com Vítima;44,4;BR-040/MG;Sul;Queda de Moto;0;0;0;1;0;0;0;0;0;0;0;1;0;0;0
05/02/2019;18:14:00;276;Acidente sem Vítima;7,8;BR-040/DF;Sul;Colisão traseira;3;0;0;0;0;0;0;0;0;0;3;0;0;0;0
05/02/2019;17:33:00;267;Acidente com Vítima;526,352;BR-040/MG;Norte;Abalroamento longitudinal;1;0;0;1;0;0;0;0;0;0;1;2;0;0;0
05/02/2019;17:10:00;260;Acidente sem Vítima;9,58;BR-040/GO;Sul;Choque com objeto fixo;1;0;0;0;0;0;0;0;0;0;1;0;0;0;0
05/02/2019;17:05:00;257;Acidente sem Vítima;526,6;BR-040/MG;Norte;Queda de Moto;0;0;0;1;0;0;0;0;0;0;1;0;0;0;0
05/02/2019;16:18:00;242;Acidente sem Vítima;603,1;BR-040/MG;Norte;Choque com objeto fixo;1;0;0;0;0;0;0;0;0;0;2;0;0;0;0
05/02/2019;14:17:00;217;Acidente sem Vítima;11,1;BR-040/GO;Norte;Colisão traseira;1;0;0;1;0;0;0;0;0;0;2;0;1;0;0
05/02/2019;13:47:00;215;Acidente com Vítima;43,3;BR-040/MG;Sul;Abalroamento longitudinal;0;0;0;2;0;0;0;0;0;0;3;2;0;0;0
05/02/2019;13:03:00;205;Acidente com Vítima;692,8;BR-040/MG;Sul;Colisão traseira;0;0;0;0;1;1;0;0;0;0;2;1;0;0;0
05/02/2019;12:51:00;201;Acidente sem Vítima;7,1;BR-040/DF;Norte;Colisão traseira;1;0;0;1;0;0;0;0;0;0;2;0;0;0;0
05/02/2019;11:06:00;181;Acidente sem Vítima;588,1;BR-040/MG;Sul;Colisão traseira;0;0;2;0;0;0;0;0;0;0;2;0;0;0;0
05/02/2019;09:34:00;150;Acidente sem Vítima;738,1;BR-040/MG;Norte;Choque com objeto fixo;1;0;0;0;0;0;0;0;0;0;1;0;0;0;0
05/02/2019;08:25:00;129;Acidente com Morte;442,912;BR-040/MG;Sul;Capotamento;1;0;0;0;0;0;0;0;0;0;0;0;1;2;2
05/02/2019;07:12:00;108;Acidente com Vítima;518,44;BR-040/MG;Sul;Abalroamento longitudinal;1;0;0;1;0;0;0;0;0;0;1;1;0;0;0
05/02/2019;07:12:00;110;Acidente sem Vítima;3,401;BR-040/DF;Norte;Abalroamento longitudinal;2;0;0;1;0;0;0;0;0;0;3;0;0;0;0
05/02/2019;05:45:00;89;Acidente com Vítima;673,1;BR-040/MG;Norte;Capotamento;2;0;0;0;0;0;0;0;0;0;4;0;1;0;0
04/02/2019;22:01:00;354;Acidente sem Vítima;561,3;BR-040/MG;Norte;Choque com objeto fixo;1;0;0;0;0;0;0;0;0;0;1;0;0;0;0
04/02/2019;19:39:00;323;Acidente com Vítima;500,6;BR-040/MG;Sul;Colisão traseira;2;0;0;0;0;0;0;0;0;0;3;1;0;0;0
04/02/2019;18:57:00;310;Acidente sem Vítima;2,7;BR-040/DF;Sul;Colisão frontal;2;0;0;0;0;0;0;0;0;0;2;0;0;0;0
04/02/2019;15:51:00;270;Acidente com Vítima;1,5;BR-040/GO;Sul;Queda de Moto;0;0;0;1;0;0;0;0;0;0;0;1;0;0;0
04/02/2019;11:08:00;203;Acidente sem Vítima;557,25;BR-040/MG;Sul;Choque em barreira New Jersey;1;0;0;0;0;0;0;0;0;0;2;0;0;0;0
04/02/2019;10:13:00;184;Acidente sem Vítima;737,8;BR-040/MG;Norte;Queda de Carga;1;0;0;0;0;0;0;0;0;0;1;0;0;0;0
04/02/2019;10:03:00;177;Acidente com Vítima;696,5;BR-040/MG;Norte;Choque com objeto fixo;1;0;0;0;0;0;0;0;0;0;1;1;0;0;0
04/02/2019;10:01:00;176;Acidente sem Vítima;574,3;BR-040/MG;Norte;Choque com objeto fixo;1;0;0;0;0;0;0;0;0;0;1;0;0;0;0
04/02/2019;09:23:00;166;Acidente sem Vítima;1,9;BR-040/GO;Sul;Queda de Moto;1;0;0;0;0;0;0;0;0;0;1;0;0;0;0
04/02/2019;08:41:00;152;Acidente sem Vítima;749,1;BR-040/MG;Sul;Choque em defensa;1;0;0;0;0;0;0;0;0;0;1;0;0;0;0
04/02/2019;08:35:00;149;Acidente sem Vítima;548,3;BR-040/MG;Norte;Choque em barreira New Jersey;1;0;0;0;0;0;0;0;0;0;3;0;0;0;0
04/02/2019;08:30:00;146;Acidente sem Vítima;545,25;BR-040/MG;Sul;Colisão traseira;3;0;0;0;0;0;0;0;0;0;3;0;0;0;0
04/02/2019;08:10:00;138;Acidente sem Vítima;763,01;BR-040/MG;Sul;Choque com objeto fixo;1;0;0;0;0;0;0;0;0;0;1;0;0;0;0
04/02/2019;07:45:00;124;Acidente sem Vítima;728,444;BR-040/MG;Sul;Choque com objeto fixo;1;0;0;0;0;0;0;0;0;0;1;0;0;0;0
04/02/2019;07:06:00;105;Acidente com Vítima;511,4;BR-040/MG;Sul;Queda de Moto;0;0;0;1;0;0;0;0;0;0;0;1;0;0;0
04/02/2019;06:45:00;94;Acidente sem Vítima;514,28;BR-040/MG;Norte;Colisão traseira;3;0;0;0;0;0;0;0;0;0;7;0;0;0;0