data;horario;n_da_ocorrencia;tipo_de_ocorrencia;km;trecho;sentido;tipo_de_acidente;automovel;bicicleta;caminhao;moto;onibus;outros;tracao_animal;transporte_de_cargas_especiais;trator_maquinas;utilitarios;ilesos;levemente_feridos;moderadamente_feridos;gravemente_feridos;mortos
04/02/2019;06:38:00;92;Acidente sem Vítima;504,22;BR-040/MG;Sul;Queda de Moto;0;0;1;0;0;0;0;0;0;0;1;0;0;0;0
04/02/2019;05:45:00;77;Acidente com Vítima;42,1;BR-040/MG;Sul;Queda de Moto;0;0;0;1;0;0;0;0;0;0;0;1;0;0;0
04/02/2019;04:57:00;74;Acidente sem Vítima;527,15;BR-040/MG;Sul;Queda de Carga;0;0;0;0;0;0;0;0;0;1;2;0;0;0;0
03/02/2019;23:05:00;278;Acidente com Vítima;177,1;BR-040/MG;Norte;Queda de Moto;0;0;0;1;0;0;0;0;0;0;0;0;0;1;0
03/02/2019;21:01:00;257;Acidente com Vítima;4,1;BR-040/GO;Sul;Colisão traseira;1;0;0;1;0;0;0;0;0;0;2;1;0;0;0
03/02/2019;20:52:00;254;Atropelamento sem Morte;42,5;BR-040/MG;Norte;Atropelamento de ciclista;0;1;0;1;0;0;0;0;0;0;1;1;0;0;0
03/02/2019;20:46:00;252;Acidente sem Vítima;627,15;BR-040/MG;Norte;Abalroamento longitudinal;2;0;0;0;0;0;0;0;0;0;4;0;0;0;0
03/02/2019;20:14:00;245;Acidente sem Vítima;516,3;BR-040/MG;Sul;Colisão traseira;1;0;0;0;0;0;0;0;0;0;1;0;0;0;0
03/02/2019;18:09:00;204;Acidente com Vítima;467,2;BR-040/MG;Sul;Choque com objeto fixo;1;0;1;0;0;0;0;0;0;0;3;2;0;0;0
03/02/2019;17:28:00;190;Acidente sem Vítima;455,8;BR-040/MG;Sul;Colisão traseira;2;0;1;0;0;0;0;0;0;0;3;0;0;0;0
03/02/2019;17:22:00;188;Acidente com Vítima;523,6;BR-040/MG;Sul;Colisão traseira;2;0;0;0;0;0;0;0;0;0;5;1;0;0;0
03/02/2019;16:55:00;175;Acidente sem Vítima;525,45;BR-040/MG;Sul;Colisão traseira;4;0;0;0;0;0;0;0;0;0;8;0;0;0;0
03/02/2019;15:22:00;137;Acidente sem Vítima;2,9;BR-040/GO;Sul;Colisão traseira;2;0;0;0;0;0;0;0;0;0;3;0;0;0;0
03/02/2019;08:37:00;46;Acidente com Vítima;39,8;BR-040/MG;Norte;Colisão traseira;2;0;0;0;0;0;0;0;0;0;1;2;0;0;0
03/02/2019;06:45:00;22;Acidente sem Vítima;466,614;BR-040/MG;Norte;Capotamento;1;0;0;0;0;1;0;0;0;0;2;0;0;0;0
03/02/2019;03:40:00;15;Acidente com Vítima;6,8;BR-040/GO;Norte;Colisão traseira;2;0;0;0;0;0;0;0;0;0;3;2;0;0;0
03/02/2019;03:14:00;14;Acidente sem Vítima;727,8;BR-040/MG;Norte;Choque com objeto fixo;1;0;0;0;0;0;0;0;0;0;2;0;0;0;0
03/02/2019;01:57:00;8;Acidente com Vítima;505,91;BR-040/MG;Sul;Choque com objeto fixo;2;0;0;0;0;0;0;0;0;0;1;1;0;0;0
03/02/2019;00:10:00;1;Acidente com Vítima;474,15;BR-040/MG;Sul;Choque com objeto fixo;0;0;0;1;0;0;0;0;0;0;0;1;0;0;0
02/02/2019;22:28:00;250;Acidente com Vítima;547,6;BR-040/MG;Sul;Queda de Moto;0;0;0;1;0;0;0;0;0;0;0;1;0;0;0
02/02/2019;21:49:00;239;Acidente sem Vítima;518,25;BR-040/MG;Sul;Choque com objeto fixo;1;0;0;0;0;0;0;0;0;0;1;0;0;0;0
02/02/2019;21:28:00;236;Acidente sem Vítima;2,4;BR-040/GO;Sul;Colisão frontal;2;0;0;0;0;0;0;0;0;0;2;0;0;0;0
02/02/2019;19:13:00;208;Acidente sem Vítima;12,4;BR-040/GO;Sul;Colisão traseira;1;0;1;0;0;0;0;0;0;0;2;0;0;0;0
02/02/2019;16:39:00;168;Acidente com Vítima;513,659;BR-040/MG;Norte;Abalroamento longitudinal;1;0;0;1;0;0;0;0;0;0;1;1;0;0;0
02/02/2019;15:38:00;154;Acidente sem Vítima;393,22;BR-040/MG;Norte;Choque com objeto fixo;1;0;0;0;0;0;0;0;0;0;1;0;0;0;0
02/02/2019;14:15:00;136;Acidente sem Vítima;741,25;BR-040/MG;Norte;Choque com objeto fixo;1;0;0;0;0;0;0;0;0;0;1;0;0;0;0
02/02/2019;13:19:00;126;Acidente sem Vítima;510,8;BR-040/MG;Norte;Colisão traseira;2;0;0;0;0;0;0;0;0;0;3;0;0;0;0
02/02/2019;13:16:00;125;Acidente com Vítima;288,105;BR-040/MG;Sul;Queda de Moto;0;0;0;1;0;0;0;0;0;0;2;2;0;0;0
02/02/2019;12:51:00;120;Acidente sem Vítima;47,7;BR-040/GO;Sul;Choque em defensa;1;0;0;0;0;0;0;0;0;0;1;0;0;0;0
02/02/2019;12:43:00;119;Acidente sem Vítima;509,45;BR-040/MG;Norte;Colisão traseira;4;0;0;0;0;0;0;0;0;0;4;0;0;0;0
02/02/2019;05:09:00;40;Acidente com Morte;504,45;BR-040/MG;Sul;Colisão traseira;1;0;2;0;0;0;0;0;0;0;1;0;0;2;2
02/02/2019;03:57:00;36;Acidente sem Vítima;524,85;BR-040/MG;Norte;Capotamento;1;0;0;0;0;0;0;0;0;0;2;0;0;0;0
02/02/2019;03:46:00;33;Acidente com Vítima;180,57;BR-040/MG;Sul;Capotamento;1;0;0;0;0;0;0;0;0;0;0;3;0;0;0
02/02/2019;01:29:00;17;Acidente com Vítima;2,5;BR-040/GO;Sul;Abalroamento longitudinal;0;0;0;1;0;1;0;0;0;0;1;0;1;0;0
01/02/2019;21:19:00;323;Acidente sem Vítima;276,363;BR-040/MG;Norte;Abalroamento transversal;1;0;0;0;0;1;0;0;0;0;1;0;0;0;0
01/02/2019;21:14:00;322;Acidente sem Vítima;509,75;BR-040/MG;Sul;Atropelamento de animal;1;0;0;0;0;0;0;0;0;0;3;0;0;0;0
01/02/2019;21:04:00;320;Atropelamento com Morte;508,05;BR-040/MG;Norte;Atropelamento de pedestre atravessando;0;0;1;0;0;0;0;0;0;0;1;0;0;0;1
01/02/2019;20:49:00;313;Acidente sem Vítima;310,4;BR-040/MG;Norte;Atropelamento de animal;1;0;0;0;0;0;0;0;0;0;2;0;0;0;0
01/02/2019;17:10:00;245;Acidente com Vítima;525,08;BR-040/MG;Norte;Abalroamento longitudinal;1;0;0;1;0;0;0;0;0;0;2;1;0;0;0
01/02/2019;17:00:00;241;Acidente sem Vítima;549,21;BR-040/MG;Norte;Colisão traseira;2;0;0;0;0;0;0;0;0;0;2;0;0;0;0
01/02/2019;14:41:00;210;Acidente sem Vítima;606,1;BR-040/MG;Norte;Choque com objeto fixo;1;0;0;0;0;0;0;0;0;0;1;0;0;0;0
01/02/2019;12:09:00;173;Acidente com Vítima;4,8;BR-040/GO;Sul;Abalroamento longitudinal;1;0;0;1;0;0;0;0;0;0;2;1;0;0;0
01/02/2019;08:40:00;122;Acidente sem Vítima;536,445;BR-040/MG;Norte;Colisão traseira;2;0;1;0;0;0;0;0;0;0;3;0;0;0;0
01/02/2019;06:27:00;81;Acidente sem Vítima;604,1;BR-040/MG;Sul;Choque em barreira New Jersey;0;0;1;0;0;0;0;0;0;0;1;0;0;0;0
01/02/2019;00:12:00;2;Acidente com Vítima;8,8;BR-040/GO;Sul;Colisão traseira;1;0;0;1;0;0;0;0;0;0;1;1;0;0;0
31/05/2019;21:05:00;366;Acidente sem Vítima;678,1;BR-040/MG;Sul;Choque com objeto fixo;0;0;2;0;1;0;0;0;0;0;3;0;0;0;0
31/05/2019;20:33:00;359;Acidente com Morte;464,734;BR-040/MG;Norte;Queda de Moto;3;0;0;1;0;0;0;0;0;0;4;0;0;0;1
31/05/2019;19:54:00;346;Atropelamento com Morte;499,12;BR-040/MG;Sul;Atropelamento de pedestre atravessando;1;0;0;0;0;0;0;0;0;0;2;1;0;0;0
31/05/2019;19:14:00;338;Acidente com Vítima;526,12;BR-040/MG;Norte;Colisão traseira;1;0;1;0;0;0;0;0;0;0;2;1;0;0;0
31/05/2019;18:50:00;331;Acidente sem Vítima;3,4;BR-040/GO;Norte;Colisão traseira;3;0;0;0;0;0;0;0;0;0;5;0;0;0;0
31/05/2019;18:04:00;317;Acidente sem Vítima;524,12;BR-040/MG;Norte;Abalroamento longitudinal;1;0;1;0;0;0;0;0;0;0;1;0;0;0;0
31/05/2019;17:50:00;315;Acidente com Vítima;42,1;BR-040/MG;Sul;Abalroamento longitudinal;1;0;0;1;0;0;0;0;0;0;1;1;0;0;0
31/05/2019;14:46:00;263;Acidente sem Vítima;658,45;BR-040/MG;Norte;Abalroamento longitudinal;1;0;0;0;0;0;0;0;0;0;1;0;0;0;0
31/05/2019;13:10:00;232;Acidente com Vítima;39,01;BR-040/MG;Norte;Colisão traseira;2;0;0;0;0;0;0;0;0;0;1;0;0;0;0
31/05/2019;09:51:00;180;Acidente sem Vítima;405,9;BR-040/MG;Norte;Colisão traseira;0;0;2;0;0;0;0;0;0;0;2;0;0;0;0
31/05/2019;07:58:00;140;Acidente com Vítima;3,1;BR-040/GO;Sul;Colisão traseira;0;0;0;1;0;1;0;0;0;0;2;0;1;0;0
31/05/2019;01:58:00;44;Acidente sem Vítima;130,1;BR-040/GO;Sul;Atropelamento de animal;1;0;0;0;0;0;0;0;0;0;2;0;0;0;0
30/05/2019;23:35:00;398;Acidente com Vítima;122,2;BR-040/GO;Sul;Colisão traseira;1;0;1;0;0;0;0;0;0;0;4;1;1;0;0
30/05/2019;22:24:00;386;Atropelamento com Morte;27,04;BR-040/GO;Sul;Atropelamento de pedestre caminhando;0;0;0;0;1;0;0;0;0;0;18;0;0;0;1
30/05/2019;18:33:00;334;Acidente sem Vítima;656,2;BR-040/MG;Norte;Capotamento;0;0;0;1;0;0;0;0;0;0;1;0;0;0;0
30/05/2019;16:55:00;305;Acidente com Vítima;3,1;BR-040/DF;Norte;Abalroamento longitudinal;1;0;0;1;0;0;0;0;0;0;3;0;1;0;0
30/05/2019;07:02:00;103;Acidente com Vítima;10,05;BR-040/GO;Norte;Abalroamento longitudinal;0;0;1;1;0;0;0;0;0;0;2;0;1;1;0
30/05/2019;06:25:00;89;Acidente com Vítima;514,545;BR-040/MG;Sul;Colisão traseira;3;0;0;0;0;1;0;0;0;0;5;1;0;0;0
30/05/2019;05:37:00;84;Acidente com Vítima;2,2;BR-040/GO;Sul;Abalroamento longitudinal;2;0;0;1;0;0;0;0;0;0;1;0;1;0;0
29/05/2019;23:23:00;344;Acidente sem Vítima;7,9;BR-040/GO;Sul;Colisão traseira;0;0;0;1;0;1;0;0;0;0;2;0;0;0;0
29/05/2019;21:23:00;322;Acidente sem Vítima;501,1;BR-040/MG;Sul;Outros;1;0;1;0;0;0;0;0;0;0;2;0;0;0;0
29/05/2019;16:34:00;246;Acidente com Vítima;192,2;BR-040/MG;Sul;Choque com objeto fixo;1;0;0;0;0;0;0;0;0;0;0;2;0;0;0
29/05/2019;16:15:00;244;Acidente sem Vítima;716,03;BR-040/MG;Norte;Choque com objeto fixo;1;0;0;0;0;1;0;0;0;0;2;0;0;0;0
29/05/2019;10:00:00;162;Acidente com Vítima;533,1;BR-040/MG;Norte;Abalroamento longitudinal;1;0;0;1;0;0;0;0;0;0;1;1;0;0;0
29/05/2019;00:49:00;1;Acidente com Morte;521,86;BR-040/MG;Norte;Colisão traseira;1;0;0;1;0;0;0;0;0;0;0;0;2;0;3
28/05/2019;20:07:00;351;Acidente sem Vítima;518,01;BR-040/MG;Sul;Abalroamento longitudinal;2;0;0;0;0;0;0;0;0;0;2;0;0;0;0
28/05/2019;19:54:00;309;Acidente sem Vítima;506,05;BR-040/MG;Sul;Queda de Moto;0;0;0;1;0;0;0;0;0;0;1;0;0;0;0
28/05/2019;18:29:00;297;Acidente com Vítima;506,2;BR-040/MG;Sul;Colisão traseira;1;0;0;1;0;0;0;0;0;0;1;1;0;0;0
28/05/2019;17:18:00;282;Acidente sem Vítima;5,4;BR-040/GO;Norte;Colisão traseira;4;0;0;0;0;0;0;0;0;0;4;0;0;0;0
28/05/2019;16:41:00;271;Acidente sem Vítima;544,1;BR-040/MG;Norte;Abalroamento longitudinal;1;0;0;0;0;0;0;0;0;0;2;0;0;0;0
28/05/2019;08:36:00;166;Acidente sem Vítima;3,2;BR-040/GO;Norte;Colisão traseira;2;0;0;0;0;0;0;0;0;0;3;0;0;0;0
28/05/2019;08:12:00;152;Acidente com Vítima;4,6;BR-040/GO;Norte;Queda de Moto;0;0;0;1;0;0;0;0;0;0;1;1;0;0;0
28/05/2019;07:23:00;127;Acidente sem Vítima;755,06;BR-040/MG;Sul;Queda de Carga;0;0;1;0;0;0;0;0;0;0;1;0;0;0;0
28/05/2019;05:59:00;100;Acidente com Vítima;515,4;BR-040/MG;Sul;Colisão traseira;1;0;1;0;0;0;0;0;0;1;3;2;0;0;0
28/05/2019;05:22:00;91;Acidente com Vítima;3,1;BR-040/GO;Norte;Queda de Moto;0;0;0;1;0;0;0;0;0;0;0;1;0;0;0
27/05/2019;22:18:00;370;Acidente com Vítima;7,5;BR-040/GO;Sul;Colisão traseira;1;0;0;1;0;0;0;0;0;0;3;0;1;0;0
27/05/2019;20:07:00;344;Acidente sem Vítima;72,1;BR-040/GO;Norte;Choque com objeto fixo;1;0;0;0;0;0;0;0;0;0;5;0;0;0;0
27/05/2019;16:06:00;281;Acidente com Morte;498,4;BR-040/MG;Norte;Abalroamento transversal;0;0;1;1;0;0;0;0;0;0;1;0;0;0;1
27/05/2019;14:06:00;246;Acidente com Vítima;533,45;BR-040/MG;Norte;Queda de Moto;0;0;0;1;0;0;0;0;0;0;1;1;0;0;0
27/05/2019;12:51:00;226;Acidente com Vítima;0,13;BR-040/GO;Sul;Queda de Carga;0;0;1;0;0;0;0;0;0;0;0;1;0;0;0
27/05/2019;11:16:00;193;Acidente sem Vítima;603,03;BR-040/MG;Norte;Colisão traseira;3;0;0;0;0;0;0;0;0;0;3;0;0;0;0
27/05/2019;09:50:00;169;Acidente com Vítima;4,2;BR-040/GO;Sul;Abalroamento longitudinal;1;0;0;1;0;0;0;0;0;0;1;1;0;0;0
27/05/2019;09:12:00;155;Acidente sem Vítima;533,12;BR-040/MG;Norte;Colisão traseira;1;0;0;0;0;1;0;0;0;0;2;0;0;0;0
27/05/2019;09:03:00;153;Acidente sem Vítima;531,969;BR-040/MG;Sul;Colisão traseira;0;0;2;0;0;0;0;0;0;0;2;0;0;0;0
27/05/2019;08:45:00;144;Acidente com Vítima;728,001;BR-040/MG;Sul;Choque em defensa;0;0;0;1;0;0;0;0;0;0;0;1;0;0;0
27/05/2019;07:02:00;107;Acidente sem Vítima;141,1;BR-040/GO;Norte;Atropelamento de animal;1;0;0;0;0;0;0;0;0;0;1;0;0;0;0
27/05/2019;07:01:00;106;Acidente com Vítima;48,078;BR-040/MG;Sul;Colisão traseira;2;0;1;1;0;0;0;0;0;0;4;1;0;0;0
27/05/2019;02:10:00;71;Acidente sem Vítima;513,5;BR-040/MG;Sul;Atropelamento de animal;1;0;0;0;0;0;0;0;0;0;1;0;0;0;0
27/05/2019;02:00:00;69;Acidente sem Vítima;513,5;BR-040/MG;Sul;Atropelamento de animal;1;0;0;0;0;0;0;0;0;0;1;0;0;0;0
27/05/2019;01:32:00;67;Acidente com Vítima;513,5;BR-040/MG;Sul;Atropelamento de animal;0;0;0;1;0;0;0;0;0;0;0;0;1;0;0
26/05/2019;19:38:00;247;Acidente sem Vítima;521,24;BR-040/MG;Norte;Capotamento;1;0;0;0;0;0;0;0;0;0;4;0;0;0;0
26/05/2019;17:17:00;205;Acidente sem Vítima;517,17;BR-040/MG;Sul;Colisão traseira;2;0;0;0;0;0;0;0;0;0;2;0;0;0;0
26/05/2019;16:01:00;183;Acidente sem Vítima;57,95;BR-040/GO;Norte;Queda de Moto;0;0;0;1;0;0;0;0;0;0;1;0;0;0;0
26/05/2019;15:27:00;170;Acidente sem Vítima;576,1;BR-040/MG;Norte;Abalroamento longitudinal;2;0;0;0;0;0;0;0;0;0;2;0;0;0;0
26/05/2019;14:11:00;141;Acidente com Vítima;7,341;BR-040/DF;Norte;Colisão traseira;0;0;0;0;0;0;0;1;0;0;0;1;0;0;0
26/05/2019;09:45:00;71;Acidente sem Vítima;521,298;BR-040/MG;Norte;Capotamento;1;0;0;0;0;0;0;0;0;0;1;0;0;0;0
26/05/2019;09:34:00;68;Acidente com Vítima;570,1;BR-040/MG;Sul;Abalroamento longitudinal;1;0;0;1;0;0;0;0;0;0;1;0;0;1;0
26/05/2019;08:36:00;56;Acidente sem Vítima;618,532;BR-040/MG;Sul;Choque com objeto fixo;1;0;0;0;0;0;0;0;0;0;2;0;0;0;0
26/05/2019;08:21:00;54;Acidente com Vítima;86,1;BR-040/MG;Sul;Abalroamento longitudinal;0;0;0;2;0;0;0;0;0;0;0;3;0;0;0
26/05/2019;07:01:00;37;Acidente com Vítima;186,3;BR-040/MG;Sul;Colisão traseira;2;0;0;0;0;0;0;0;0;0;1;1;3;0;0
26/05/2019;06:39:00;32;Acidente sem Vítima;758,4;BR-040/MG;Norte;Choque com objeto fixo;1;0;0;0;0;0;0;0;0;0;2;0;0;0;0
25/05/2019;21:49:00;247;Acidente sem Vítima;27,125;BR-040/GO;Sul;Abalroamento longitudinal;1;0;0;0;0;1;0;0;0;0;2;0;0;0;0
25/05/2019;18:28:00;208;Acidente com Vítima;2,2;BR-040/GO;Sul;Abalroamento longitudinal;1;0;0;1;0;0;0;0;0;0;2;1;0;0;0
25/05/2019;18:20:00;203;Acidente sem Vítima;511,5;BR-040/MG;Norte;Abalroamento longitudinal;2;0;0;0;0;0;0;0;0;0;2;0;0;0;0
25/05/2019;15:02:00;171;Acidente sem Vítima;130,4;BR-040/MG;Norte;Abalroamento transversal;2;0;0;0;0;0;0;0;0;0;2;0;0;0;0
25/05/2019;14:48:00;167;Acidente com Vítima;10,1;BR-040/GO;Sul;Capotamento;2;0;0;0;0;0;0;0;0;0;1;2;0;0;0
25/05/2019;08:39:00;81;Acidente sem Vítima;511,1;BR-040/MG;Sul;Colisão traseira;0;0;1;0;1;0;0;0;0;0;2;0;0;0;0
25/05/2019;08:37:00;80;Acidente com Vítima;508,1;BR-040/MG;Sul;Abalroamento longitudinal;1;0;0;1;0;0;0;0;0;0;1;1;0;0;0
25/05/2019;07:59:00;72;Acidente com Vítima;557,1;BR-040/MG;Sul;Capotamento;1;0;0;0;0;0;0;0;0;0;0;1;0;0;0
25/05/2019;04:33:00;29;Acidente sem Vítima;657,3;BR-040/MG;Norte;Choque em barreira New Jersey;1;0;0;0;0;0;0;0;0;0;1;0;0;0;0
25/05/2019;03:53:00;27;Acidente com Vítima;634,2;BR-040/MG;Sul;Choque com objeto fixo;1;0;0;0;0;0;0;0;0;0;0;0;1;0;0
25/05/2019;01:21:00;10;Atropelamento sem Morte;507,1;BR-040/MG;Sul;Atropelamento de pedestre atravessando;1;0;0;0;0;0;0;0;0;0;1;0;1;0;0
24/05/2019;20:23:00;333;Atropelamento sem Morte;497,7;BR-040/MG;Sul;Atropelamento de pedestre atravessando;1;0;0;0;0;0;0;0;0;0;1;0;0;1;0
24/05/2019;19:23:00;314;Acidente sem Vítima;3,8;BR-040/GO;Sul;Colisão traseira;3;0;0;0;0;0;0;0;0;0;3;0;0;0;0
24/05/2019;18:24:00;291;Acidente com Vítima;126,6;BR-040/MG;Sul;Colisão traseira;2;0;0;0;0;0;0;0;0;0;3;1;0;0;0
24/05/2019;18:15:00;287;Acidente com Vítima;42,2;BR-040/MG;Norte;Abalroamento longitudinal;1;0;0;1;0;0;0;0;0;0;2;1;0;0;0
24/05/2019;17:57:00;276;Acidente com Vítima;518,5;BR-040/MG;Norte;Colisão traseira;0;0;1;1;0;0;0;0;0;0;1;0;0;1;0
24/05/2019;17:23:00;264;Acidente com Vítima;684,7;BR-040/MG;Sul;Atropelamento de animal;0;0;0;1;0;0;0;0;0;0;0;0;1;0;0
24/05/2019;12:55:00;206;Acidente com Morte;537,1;BR-040/MG;Norte;Choque com objeto fixo;1;0;0;0;0;0;0;0;0;0;0;0;0;0;1
24/05/2019;07:20:00;103;Acidente com Vítima;5,1;BR-040/DF;Norte;Abalroamento longitudinal;2;0;0;2;0;0;0;0;0;0;4;0;1;0;0
24/05/2019;00:58:00;15;Acidente sem Vítima;584,6;BR-040/MG;Sul;Queda de Carga;0;0;0;0;0;1;0;0;0;0;1;0;0;0;0
24/05/2019;00:44:00;8;Acidente sem Vítima;449,324;BR-040/MG;Sul;Choque com objeto fixo;1;0;0;0;0;0;0;0;0;0;1;0;0;0;0
23/05/2019;22:26:00;375;Acidente com Vítima;5,2;BR-040/GO;Sul;Colisão traseira;0;0;0;2;0;0;0;0;0;0;1;0;1;0;0
23/05/2019;18:25:00;310;Acidente sem Vítima;440,12;BR-040/MG;Sul;Atropelamento de animal;1;0;0;0;0;0;0;0;0;0;2;0;0;0;0
23/05/2019;17:27:00;284;Acidente sem Vítima;482,882;BR-040/MG;Norte;Queda de Carga;0;0;1;0;0;0;0;0;0;0;1;0;0;0;0
23/05/2019;14:15:00;239;Acidente sem Vítima;532,12;BR-040/MG;Sul;Colisão traseira;1;0;2;0;0;0;0;0;0;0;3;0;0;0;0
23/05/2019;12:36:00;216;Acidente com Vítima;7,1;BR-040/GO;Sul;Queda de Moto;0;0;0;1;0;0;0;0;0;0;0;0;1;0;0
23/05/2019;12:34:00;217;Acidente sem Vítima;739,3;BR-040/MG;Norte;Queda de Carga;0;0;1;0;0;0;0;0;0;0;1;0;0;0;0
23/05/2019;11:25:00;202;Acidente sem Vítima;718,1;BR-040/MG;Norte;Capotamento;1;0;0;0;0;0;0;0;0;0;1;0;0;0;0
23/05/2019;06:50:00;112;Atropelamento sem Morte;4,1;BR-040/DF;Norte;Atropelamento de pedestre atravessando;0;0;0;1;0;0;0;0;0;0;0;1;1;0;0
23/05/2019;06:41:00;106;Acidente com Vítima;523,6;BR-040/MG;Sul;Queda de Moto;1;0;1;1;0;0;0;0;0;0;2;0;1;0;0
23/05/2019;02:30:00;69;Acidente sem Vítima;247,1;BR-040/MG;Norte;Choque com objeto fixo;0;0;1;0;0;0;0;0;0;0;1;0;0;0;0
22/05/2019;12:35:00;208;Acidente com Vítima;113,8;BR-040/GO;Norte;Capotamento;1;0;0;0;0;0;0;0;0;0;0;1;0;0;0
22/05/2019;10:50:00;179;Acidente com Vítima;2,9;BR-040/GO;Sul;Abalroamento longitudinal;1;0;0;0;0;0;0;0;0;0;1;0;0;0;0
22/05/2019;05:42:00;84;Acidente sem Vítima;440,768;BR-040/MG;Norte;Colisão traseira;2;0;0;0;0;0;0;0;0;0;4;0;0;0;0
22/05/2019;01:03:00;32;Acidente sem Vítima;104,3;BR-040/MG;Sul;Atropelamento de animal;1;0;0;0;0;0;0;0;0;0;3;0;0;0;0
21/05/2019;21:49:00;316;Acidente sem Vítima;424,5;BR-040/MG;Norte;Colisão traseira;0;0;2;0;0;0;0;0;0;0;2;0;0;0;0
21/05/2019;19:56:00;287;Acidente com Vítima;650,55;BR-040/MG;Sul;Queda de Carga;0;0;1;0;0;0;0;0;0;0;0;0;1;0;0
21/05/2019;18:54:00;270;Acidente com Vítima;633,1;BR-040/MG;Sul;Abalroamento longitudinal;1;0;0;1;0;0;0;0;0;0;1;1;1;0;0
21/05/2019;16:56:00;236;Acidente com Vítima;631,5;BR-040/MG;Norte;Abalroamento longitudinal;2;0;0;0;0;0;0;0;0;0;1;0;2;0;0
21/05/2019;14:59:00;208;Acidente sem Vítima;731,2;BR-040/MG;Norte;Abalroamento longitudinal;1;0;1;0;0;1;0;0;0;0;3;0;0;0;0
21/05/2019;14:58:00;207;Acidente sem Vítima;544,1;BR-040/MG;Norte;Abalroamento longitudinal;2;0;0;0;0;0;0;0;0;0;2;0;0;0;0
21/05/2019;10:35:00;142;Acidente com Vítima;38,1;BR-040/MG;Sul;Colisão traseira;0;0;1;1;0;0;0;0;0;0;1;1;0;0;0
21/05/2019;08:00:00;106;Acidente com Vítima;539,2;BR-040/MG;Sul;Colisão traseira;1;0;0;1;0;0;0;0;0;0;1;1;0;0;0
21/05/2019;05:09:00;73;Acidente sem Vítima;710,5;BR-040/MG;Norte;Choque em barreira New Jersey;0;0;1;0;0;0;0;0;0;0;1;0;0;0;0
21/05/2019;04:36:00;33;Acidente com Vítima;511,5;BR-040/MG;Sul;Queda de Moto;0;0;0;1;0;0;0;0;0;0;0;1;0;0;0
21/05/2019;01:13:00;26;Atropelamento sem Morte;602,75;BR-040/MG;Norte;Atropelamento de pedestre atravessando;0;0;1;0;0;0;0;0;0;0;1;0;0;1;0
20/05/2019;19:00:00;263;Acidente sem Vítima;5,5;BR-040/GO;Norte;Colisão traseira;2;0;0;0;0;0;0;0;0;0;2;0;0;0;0
20/05/2019;18:38:00;257;Acidente com Vítima;39,017;BR-040/MG;Norte;Abalroamento transversal;1;0;0;1;0;0;0;0;0;0;0;0;2;1;0
20/05/2019;18:13:00;250;Acidente com Vítima;5,5;BR-040/GO;Norte;Abalroamento longitudinal;1;0;0;1;0;0;0;0;0;0;1;0;0;0;0
20/05/2019;16:10:00;229;Acidente com Vítima;514,1;BR-040/MG;Sul;Queda de Moto;0;0;0;1;0;0;0;0;0;0;0;1;0;0;0
20/05/2019;11:13:00;169;Acidente com Vítima;19,5;BR-040/GO;Norte;Colisão traseira;1;0;0;1;0;0;0;0;0;0;1;0;1;0;0
20/05/2019;11:04:00;167;Acidente com Vítima;549,1;BR-040/MG;Sul;Queda de Moto;0;0;0;1;0;0;0;0;0;0;1;1;0;0;0
20/05/2019;08:34:00;130;Acidente sem Vítima;519,1;BR-040/MG;Norte;Colisão traseira;2;0;0;0;0;0;0;0;0;0;2;0;0;0;0
20/05/2019;06:40:00;101;Acidente sem Vítima;3,1;BR-040/GO;Norte;Abalroamento longitudinal;1;0;0;1;0;0;0;0;0;0;2;0;0;0;0
20/05/2019;06:34:00;96;Acidente sem Vítima;517,1;BR-040/MG;Sul;Colisão traseira;2;0;0;0;0;0;0;0;0;0;2;0;0;0;0
20/05/2019;06:19:00;90;Acidente sem Vítima;58,5;BR-040/MG;Norte;Atropelamento de animal;1;0;0;0;0;0;0;0;0;0;1;0;0;0;0
20/05/2019;06:14:00;89;Acidente com Vítima;521,987;BR-040/MG;Norte;Queda de Moto;0;0;0;1;0;0;0;0;0;0;0;0;1;0;0
20/05/2019;00:27:00;22;Acidente sem Vítima;748,4;BR-040/MG;Norte;Outros;1;0;0;0;0;0;0;0;0;0;1;0;0;0;0
19/05/2019;19:57:00;229;Acidente sem Vítima;1,5;BR-040/DF;Norte;Queda de Moto;0;0;0;1;0;0;0;0;0;0;1;0;0;0;0
19/05/2019;19:28:00;222;Acidente sem Vítima;128,1;BR-040/MG;Norte;Abalroamento transversal;1;0;1;0;0;0;0;0;0;0;2;0;0;0;0
19/05/2019;19:12:00;217;Acidente sem Vítima;2,9;BR-040/GO;Norte;Colisão traseira;2;0;0;0;0;0;0;0;0;0;3;0;0;0;0
19/05/2019;18:46:00;207;Acidente com Vítima;1,5;BR-040/GO;Sul;Colisão traseira;1;0;0;1;0;0;0;0;0;0;2;0;1;0;0
19/05/2019;18:12:00;201;Acidente com Vítima;130,1;BR-040/GO;Sul;Capotamento;0;0;0;1;0;0;0;0;0;0;2;0;1;0;0