data;horario;n_da_ocorrencia;tipo_de_ocorrencia;km;trecho;sentido;tipo_de_acidente;automovel;bicicleta;caminhao;moto;onibus;outros;tracao_animal;transporte_de_cargas_especiais;trator_maquinas;utilitarios;ilesos;levemente_feridos;moderadamente_feridos;gravemente_feridos;mortos
19/05/2019;13:32:00;121;Acidente sem Vítima;332,1;BR-040/MG;Sul;Capotamento;1;0;0;0;0;0;0;0;0;0;1;0;0;0;0
19/05/2019;13:17:00;118;Acidente com Vítima;662,2;BR-040/MG;Sul;Choque em barreira New Jersey;1;0;0;0;0;0;0;0;0;0;1;1;0;0;0
19/05/2019;08:10:00;58;Acidente sem Vítima;467,2;BR-040/MG;Norte;Abalroamento longitudinal;1;0;1;0;0;0;0;0;0;0;2;0;0;0;0
19/05/2019;07:28:00;47;Acidente sem Vítima;730,9;BR-040/MG;Norte;Capotamento;1;0;0;0;0;0;0;0;0;0;1;0;0;0;0
19/05/2019;07:22:00;45;Acidente com Vítima;53,9;BR-040/GO;Sul;Capotamento;1;0;0;0;0;0;0;0;0;0;0;3;1;0;0
18/05/2019;23:46:00;268;Acidente sem Vítima;12,55;BR-040/GO;Norte;Colisão traseira;1;0;0;0;0;0;0;0;0;0;1;0;0;0;0
18/05/2019;23:14:00;262;Acidente sem Vítima;547,5;BR-040/MG;Sul;Choque com objeto fixo;1;0;0;0;0;0;0;0;0;0;3;0;0;0;0
18/05/2019;21:34:00;247;Acidente sem Vítima;129,4;BR-040/GO;Norte;Capotamento;1;0;0;0;0;0;0;0;0;0;2;0;0;0;0
18/05/2019;19:59:00;232;Acidente com Vítima;552,12;BR-040/MG;Sul;Abalroamento longitudinal;1;0;0;1;0;0;0;0;0;0;1;0;1;0;0
18/05/2019;19:58:00;231;Acidente com Vítima;1,5;BR-040/GO;Sul;Colisão traseira;1;0;0;1;0;0;0;0;0;0;2;0;1;0;0
18/05/2019;19:38:00;229;Acidente sem Vítima;3,2;BR-040/GO;Norte;Colisão traseira;0;0;0;0;0;0;0;0;0;0;0;0;0;0;0
18/05/2019;15:51:00;173;Acidente sem Vítima;589,1;BR-040/MG;Norte;Queda de Carga;1;0;0;0;0;0;0;0;0;0;1;0;0;0;0
18/05/2019;15:01:00;161;Acidente sem Vítima;544,45;BR-040/MG;Sul;Colisão traseira;2;0;1;0;0;0;0;0;0;0;3;0;0;0;0
18/05/2019;14:48:00;157;Acidente com Vítima;738,85;BR-040/MG;Sul;Queda de Carga;0;0;1;0;0;0;0;0;0;0;0;0;1;0;0
18/05/2019;13:40:00;146;Acidente sem Vítima;7,05;BR-040/GO;Norte;Colisão traseira;2;0;0;0;0;0;0;0;0;0;1;0;0;0;0
18/05/2019;12:37:00;136;Acidente sem Vítima;735,3;BR-040/MG;Sul;Choque com objeto fixo;1;0;0;0;0;0;0;0;0;0;1;0;0;0;0
18/05/2019;12:13:00;128;Acidente sem Vítima;739,5;BR-040/MG;Norte;Choque em defensa;1;0;0;0;0;0;0;0;0;0;1;0;0;0;0
18/05/2019;12:13:00;130;Acidente sem Vítima;9,3;BR-040/GO;Norte;Colisão traseira;1;0;1;0;0;0;0;0;0;0;2;0;0;0;0
18/05/2019;12:00:00;127;Acidente sem Vítima;525,123;BR-040/MG;Norte;Colisão traseira;2;0;1;0;0;0;0;0;0;0;3;0;0;0;0
18/05/2019;11:16:00;114;Acidente com Vítima;693,3;BR-040/MG;Norte;Choque com objeto fixo;1;0;0;0;0;0;0;0;0;0;1;0;1;0;0
18/05/2019;11:14:00;113;Acidente com Morte;749,5;BR-040/MG;Norte;Abalroamento transversal;2;0;0;0;0;0;0;0;0;0;0;0;1;2;2
18/05/2019;09:17:00;87;Atropelamento sem Morte;507,9;BR-040/MG;Norte;Atropelamento de pedestre atravessando;1;0;0;0;0;0;0;0;0;0;1;0;0;1;0
18/05/2019;08:24:00;73;Acidente com Vítima;58,1;BR-040/GO;Norte;;1;0;0;0;0;0;0;0;0;0;2;1;0;0;0
18/05/2019;04:26:00;29;Acidente com Vítima;360,5;BR-040/MG;Sul;Abalroamento transversal;0;0;2;0;0;0;0;0;0;0;1;2;0;0;0
17/05/2019;23:48:00;382;Acidente com Vítima;530,5;BR-040/MG;Sul;Abalroamento longitudinal;2;0;0;0;0;0;0;0;0;0;0;0;0;0;0
17/05/2019;22:51:00;373;Acidente sem Vítima;515,5;BR-040/MG;Sul;Atropelamento de animal;0;0;1;0;0;0;0;0;0;0;1;0;0;0;0
17/05/2019;22:50:00;372;Acidente sem Vítima;731,4;BR-040/MG;Sul;Choque com objeto fixo;1;0;0;0;0;0;0;0;0;0;1;0;0;0;0
17/05/2019;22:20:00;365;Acidente sem Vítima;300,001;BR-040/MG;Sul;Capotamento;1;0;0;0;0;0;0;0;0;0;1;0;0;0;0
17/05/2019;21:19:00;346;Acidente sem Vítima;538,3;BR-040/MG;Norte;Colisão traseira;2;0;0;0;0;0;0;0;0;0;2;0;0;0;0
17/05/2019;21:02:00;344;Acidente sem Vítima;726,6;BR-040/MG;Sul;Colisão traseira;2;0;0;0;0;0;0;0;0;0;5;0;0;0;0
17/05/2019;20:09:00;327;Acidente sem Vítima;748,2;BR-040/MG;Sul;Atropelamento de animal;1;0;0;0;0;0;0;0;0;0;1;0;0;0;0
17/05/2019;19:33:00;319;Acidente sem Vítima;535,5;BR-040/MG;Norte;Abalroamento longitudinal;1;0;1;0;0;0;0;0;0;0;2;0;0;0;0
17/05/2019;19:27:00;313;Acidente com Vítima;538,59;BR-040/MG;Norte;Colisão traseira;4;0;0;0;0;0;0;0;0;0;2;2;0;0;0
17/05/2019;19:01:00;302;Acidente sem Vítima;535,8;BR-040/MG;Norte;Colisão traseira;2;0;0;0;0;0;0;0;0;0;2;0;0;0;0
17/05/2019;18:48:00;298;Acidente sem Vítima;510,9;BR-040/MG;Sul;Colisão traseira;2;0;0;0;0;0;0;0;0;0;3;0;0;0;0
17/05/2019;18:33:00;290;Acidente sem Vítima;510,9;BR-040/MG;Norte;Colisão traseira;2;0;0;0;0;0;0;0;0;0;3;0;0;0;0
17/05/2019;18:27:00;287;Atropelamento com Morte;327,7;BR-040/MG;Norte;Atropelamento de pedestre atravessando;1;0;0;0;0;0;0;0;0;0;1;0;0;0;1
17/05/2019;18:21:00;286;Acidente com Vítima;541,1;BR-040/MG;Norte;Abalroamento longitudinal;1;0;0;1;1;0;0;0;0;0;1;2;0;0;0
17/05/2019;17:01:00;264;Acidente sem Vítima;730,84;BR-040/MG;Norte;Choque com objeto fixo;1;0;0;0;0;0;0;0;0;0;1;0;0;0;0
17/05/2019;16:59:00;261;Atropelamento sem Morte;0,6;BR-040/GO;Sul;Atropelamento de pedestre atravessando;0;0;0;0;0;1;0;0;0;0;1;0;0;0;0
17/05/2019;16:19:00;248;Acidente sem Vítima;512,1;BR-040/MG;Sul;Colisão traseira;2;0;0;1;0;0;0;0;0;0;6;0;0;0;0
17/05/2019;15:10:00;235;Acidente com Vítima;457,2;BR-040/MG;Sul;Queda de Carga;1;0;0;0;0;0;0;0;0;0;0;0;1;0;0
17/05/2019;14:16:00;226;Acidente sem Vítima;656,377;BR-040/MG;Norte;Choque em barreira New Jersey;1;0;0;0;0;0;0;0;0;0;1;0;0;0;0
17/05/2019;14:15:00;227;Atropelamento sem Morte;3,5;BR-040/GO;Sul;Atropelamento de pedestre atravessando;0;0;0;0;1;0;0;0;0;0;1;0;1;0;0
17/05/2019;14:12:00;223;Acidente sem Vítima;733,5;BR-040/MG;Norte;Choque em barreira New Jersey;1;0;0;0;0;0;0;0;0;0;5;0;0;0;0
17/05/2019;13:49:00;216;Acidente com Vítima;1,8;BR-040/GO;Norte;Colisão traseira;2;0;0;0;0;0;0;0;0;0;3;1;0;0;0
17/05/2019;13:37:00;212;Acidente sem Vítima;453,001;BR-040/MG;Norte;Queda de Carga;0;0;1;0;0;0;0;0;0;0;1;0;0;0;0
17/05/2019;13:01:00;206;Acidente com Vítima;6,5;BR-040/GO;Sul;Colisão traseira;0;0;0;1;0;0;0;0;0;0;0;0;1;0;0
17/05/2019;09:31:00;154;Acidente sem Vítima;3,4;BR-040/GO;Norte;Colisão traseira;2;0;0;0;0;0;0;0;0;0;2;0;0;0;0
17/05/2019;06:59:00;104;Acidente sem Vítima;2,1;BR-040/GO;Norte;Colisão traseira;2;0;1;0;0;0;0;0;0;0;3;0;0;0;0
16/05/2019;22:25:00;357;Acidente sem Vítima;717,5;BR-040/MG;Norte;Capotamento;1;0;0;0;0;0;0;0;0;0;1;0;0;0;0
16/05/2019;18:34:00;306;Atropelamento sem Morte;12,6;BR-040/GO;Norte;Atropelamento de ciclista;0;1;0;0;0;1;0;0;0;0;1;0;1;0;0
16/05/2019;11:12:00;210;Acidente com Vítima;5,1;BR-040/DF;Sul;Colisão traseira;1;0;0;1;0;0;0;0;0;0;2;0;0;0;0
16/05/2019;10:19:00;200;Acidente com Vítima;554,7;BR-040/MG;Norte;Outros;0;0;0;1;0;0;0;0;0;0;0;1;0;0;0
16/05/2019;09:55:00;195;Acidente sem Vítima;567,1;BR-040/MG;Norte;Colisão traseira;1;0;1;0;0;0;0;0;0;0;2;0;0;0;0
16/05/2019;04:53:00;105;Acidente com Vítima;319,7;BR-040/MG;Norte;Choque com objeto fixo;1;0;0;0;0;0;0;0;0;0;0;1;2;2;0
16/05/2019;01:34:00;18;Acidente sem Vítima;697,1;BR-040/MG;Norte;Capotamento;1;0;0;0;0;0;0;0;0;0;2;0;0;0;0
15/05/2019;20:53:00;328;Acidente sem Vítima;271,01;BR-040/MG;Norte;Abalroamento longitudinal;2;0;0;0;0;0;0;0;0;0;3;0;0;0;0
15/05/2019;19:45:00;311;Acidente com Vítima;538,452;BR-040/MG;Norte;Queda de Moto;1;0;0;1;0;0;0;0;0;0;1;1;0;0;0
15/05/2019;19:37:00;307;Acidente sem Vítima;273,5;BR-040/MG;Sul;Abalroamento longitudinal;2;0;0;0;0;0;0;0;0;0;3;0;0;0;0
15/05/2019;18:19:00;290;Acidente com Morte;612,1;BR-040/MG;Sul;Choque com objeto fixo;2;0;1;0;0;0;0;0;0;0;4;2;0;0;1
15/05/2019;16:55:00;267;Acidente sem Vítima;541,9;BR-040/MG;Norte;Abalroamento transversal;2;0;0;0;0;0;0;0;0;0;2;0;0;0;0
15/05/2019;16:14:00;256;Acidente sem Vítima;500,5;BR-040/MG;Norte;Choque com objeto fixo;1;0;0;0;0;0;0;0;0;0;3;0;0;0;0
15/05/2019;16:12:00;255;Acidente sem Vítima;656,452;BR-040/MG;Norte;Queda de Carga;1;0;0;0;0;0;0;0;0;0;1;0;0;0;0
15/05/2019;15:18:00;245;Acidente com Vítima;460,96;BR-040/MG;Sul;Colisão traseira;2;0;0;0;0;0;0;0;0;0;1;1;0;0;0
15/05/2019;13:34:00;222;Acidente sem Vítima;5,9;BR-040/DF;Sul;Colisão traseira;2;0;0;0;0;0;0;0;0;0;3;0;0;0;0
15/05/2019;13:09:00;219;Acidente sem Vítima;473,4;BR-040/MG;Sul;Choque em barreira New Jersey;1;0;0;0;0;0;0;0;0;0;1;0;0;0;0
15/05/2019;12:49:00;215;Acidente sem Vítima;523,9;BR-040/MG;Sul;Choque em defensa;1;0;0;0;0;0;0;0;0;0;1;0;0;0;0
15/05/2019;12:46:00;214;Acidente fatal;587,6;BR-040/MG;Sul;Colisão frontal;1;0;1;0;0;0;0;0;0;0;2;0;0;1;1
15/05/2019;11:12:00;193;Acidente sem Vítima;533,1;BR-040/MG;Sul;Abalroamento longitudinal;1;0;0;0;1;0;0;0;0;0;29;0;0;0;0
15/05/2019;10:59:00;188;Acidente com Vítima;544,2;BR-040/MG;Sul;Capotamento;1;0;0;0;0;0;0;0;0;0;0;1;0;0;0
15/05/2019;10:45:00;186;Acidente sem Vítima;536,25;BR-040/MG;Norte;Colisão traseira;1;0;0;0;0;0;0;0;0;0;1;0;0;0;0
15/05/2019;10:19:00;180;Acidente com Vítima;0,05;BR-040/DF;Norte;Queda de Moto;0;0;0;0;0;0;0;0;0;0;0;1;0;0;0
15/05/2019;09:24:00;166;Acidente sem Vítima;504,17;BR-040/MG;Norte;Outros;0;0;1;0;0;0;0;0;0;0;1;0;0;0;0
15/05/2019;07:45:00;129;Acidente com Vítima;1,9;BR-040/GO;Norte;Queda de Moto;0;0;0;1;0;0;0;0;0;0;1;1;0;0;0
15/05/2019;07:16:00;119;Acidente sem Vítima;549,48;BR-040/MG;Norte;Choque em barreira New Jersey;1;0;0;0;0;0;0;0;0;0;1;0;0;0;0
15/05/2019;06:37:00;108;Acidente sem Vítima;109,5;BR-040/GO;Norte;Choque com objeto fixo;1;0;0;0;0;0;0;0;0;0;1;0;0;0;0
14/05/2019;14:50:00;265;Acidente sem Vítima;427,2;BR-040/MG;Sul;Abalroamento longitudinal;1;0;1;0;0;0;0;0;0;0;5;0;0;0;0
14/05/2019;13:57:00;245;Atropelamento sem Morte;2,3;BR-040/DF;Sul;Atropelamento de pedestre atravessando;0;0;0;1;0;0;0;0;0;0;1;1;1;0;0
14/05/2019;12:10:00;222;Acidente sem Vítima;669,01;BR-040/MG;Sul;Abalroamento longitudinal;1;0;1;0;0;0;0;0;0;0;4;0;0;0;0
14/05/2019;10:14:00;193;Atropelamento sem Morte;2,1;BR-040/DF;Sul;Atropelamento de ciclista;1;0;0;0;0;0;0;0;0;0;1;0;1;0;0
14/05/2019;08:52:00;165;Acidente sem Vítima;341,3;BR-040/MG;Norte;Abalroamento transversal;1;0;1;0;0;0;0;0;0;0;2;0;0;0;0
13/05/2019;18:02:00;291;Acidente sem Vítima;532,5;BR-040/MG;Sul;Colisão traseira;1;0;0;1;0;0;0;0;0;0;2;0;0;0;0
13/05/2019;17:59:00;289;Acidente sem Vítima;523,5;BR-040/MG;Norte;Choque com objeto fixo;1;0;0;0;0;0;0;0;0;0;1;0;0;0;0
13/05/2019;17:50:00;282;Acidente sem Vítima;523,4;BR-040/MG;Norte;Colisão traseira;1;0;0;0;1;0;0;0;0;0;3;0;0;0;0
13/05/2019;16:04:00;255;Acidente sem Vítima;13,3;BR-040/GO;Sul;Abalroamento longitudinal;1;0;0;0;0;1;0;0;0;0;2;0;0;0;0
13/05/2019;14:43:00;239;Acidente com Vítima;611,212;BR-040/MG;Sul;Capotamento;1;0;0;0;0;0;0;0;0;0;0;0;1;0;0
13/05/2019;13:44:00;224;Acidente sem Vítima;12,1;BR-040/GO;Norte;Colisão traseira;3;0;0;0;0;0;0;0;0;0;3;0;0;0;0
13/05/2019;12:43:00;211;Acidente com Vítima;512,1;BR-040/MG;Sul;Queda de Carga;0;0;1;0;0;0;0;0;0;0;0;4;0;0;0
13/05/2019;07:27:00;111;Acidente sem Vítima;522,2;BR-040/MG;Sul;Colisão traseira;3;0;0;0;0;0;0;0;0;0;3;0;0;0;0
13/05/2019;05:00:00;88;Acidente com Morte;524,6;BR-040/MG;Sul;Abalroamento transversal;0;0;1;1;0;0;0;0;0;0;2;0;1;0;1
12/05/2019;23:14:00;284;Acidente sem Vítima;7,9;BR-040/GO;Sul;Abalroamento transversal;2;0;0;0;0;0;0;0;0;0;6;0;0;0;0
12/05/2019;22:00:00;274;Acidente sem Vítima;532,1;BR-040/MG;Norte;Queda de Moto;0;0;0;1;0;0;0;0;0;0;1;1;0;0;0
12/05/2019;20:13:00;246;Acidente sem Vítima;2,7;BR-040/GO;Sul;Colisão traseira;3;0;0;0;0;0;0;0;0;0;9;0;0;0;0
12/05/2019;19:53:00;243;Acidente sem Vítima;625,6;BR-040/MG;Norte;Abalroamento transversal;2;0;0;0;0;0;0;0;0;0;6;0;0;0;0
12/05/2019;19:20:00;227;Acidente sem Vítima;551,9;BR-040/MG;Norte;Colisão traseira;7;0;0;0;0;0;0;0;0;0;13;0;0;0;0
12/05/2019;18:57:00;221;Acidente com Vítima;507,3;BR-040/MG;Sul;Colisão traseira;1;0;0;1;0;0;0;0;0;0;1;1;0;0;0
12/05/2019;18:15:00;202;Acidente sem Vítima;523,1;BR-040/MG;Sul;Colisão traseira;1;0;0;1;0;0;0;0;0;0;2;0;0;0;0
12/05/2019;18:10:00;201;Acidente sem Vítima;497,1;BR-040/MG;Sul;Outros;1;0;0;0;0;0;0;0;0;0;1;0;0;0;0
12/05/2019;17:56:00;197;Acidente sem Vítima;562,5;BR-040/MG;Norte;Colisão traseira;3;0;0;0;0;0;0;0;0;0;4;0;0;0;0
12/05/2019;17:48:00;192;Acidente com Vítima;467,1;BR-040/MG;Norte;Abalroamento longitudinal;1;0;0;1;0;0;0;0;0;0;1;2;0;0;0
12/05/2019;17:41:00;187;Acidente sem Vítima;535,5;BR-040/MG;Sul;Colisão traseira;1;0;0;0;0;0;0;0;0;0;1;0;0;0;0
12/05/2019;16:57:00;168;Acidente sem Vítima;505,3;BR-040/MG;Sul;Colisão traseira;3;0;0;0;0;0;0;0;0;0;4;0;0;0;0
12/05/2019;15:18:00;140;Acidente com Vítima;710,559;BR-040/MG;Norte;Queda de Moto;0;0;0;1;0;0;0;0;0;0;0;1;0;0;0
12/05/2019;14:22:00;127;Acidente com Vítima;597,8;BR-040/MG;Sul;Queda de Moto;0;0;0;1;0;0;0;0;0;0;0;1;0;0;0
12/05/2019;13:04:00;116;Acidente com Vítima;511,5;BR-040/MG;Norte;Colisão traseira;1;0;0;1;0;0;0;0;0;0;2;1;0;0;0
12/05/2019;12:08:00;98;Acidente com Vítima;1,3;BR-040/GO;Sul;Colisão traseira;1;0;0;1;0;0;0;0;0;0;2;1;0;0;0
12/05/2019;10:36:00;74;Acidente com Vítima;111,95;BR-040/MG;Sul;Abalroamento longitudinal;1;0;1;0;0;0;0;0;0;0;1;2;0;0;0
12/05/2019;08:58:00;53;Acidente com Vítima;684,01;BR-040/MG;Norte;Choque em defensa;0;0;0;1;0;0;0;0;0;0;0;1;0;0;0
12/05/2019;04:58:00;19;Acidente com Vítima;3,1;BR-040/GO;Sul;Colisão traseira;2;0;0;0;0;0;0;0;0;0;3;1;0;0;0
12/05/2019;04:48:00;18;Acidente com Morte;613,1;BR-040/MG;Norte;Abalroamento transversal;2;0;1;0;0;0;0;0;0;0;2;1;0;1;1
12/05/2019;04:20:00;14;Acidente sem Vítima;454,12;BR-040/MG;Norte;Choque com objeto fixo;1;0;0;0;0;0;0;0;0;0;1;0;0;0;0
12/05/2019;03:39:00;10;Acidente com Vítima;448,5;BR-040/MG;Sul;Choque com objeto fixo;1;0;0;0;0;0;0;0;0;0;1;2;0;0;0
12/05/2019;02:31:00;6;Acidente sem Vítima;500,05;BR-040/MG;Norte;Colisão traseira;2;0;0;0;0;0;0;0;0;0;2;0;0;0;0
11/05/2019;16:19:00;195;Acidente com Vítima;446,2;BR-040/MG;Sul;Choque em barreira New Jersey;0;0;0;1;0;0;0;0;0;0;0;1;0;0;0
11/05/2019;16:05:00;193;Acidente com Vítima;140,4;BR-040/MG;Sul;Choque com objeto fixo;1;0;0;0;0;0;0;0;0;0;0;0;0;0;0
11/05/2019;12:13:00;117;Acidente sem Vítima;526,4;BR-040/MG;Sul;Colisão traseira;0;0;0;1;0;0;0;0;0;0;1;0;0;0;0
11/05/2019;10:36:00;97;Acidente sem Vítima;532,2;BR-040/MG;Sul;Colisão traseira;2;0;0;0;0;0;0;0;0;0;2;0;0;0;0
11/05/2019;08:57:00;82;Acidente com Vítima;570,08;BR-040/MG;Sul;Abalroamento longitudinal;2;0;0;0;0;0;0;0;0;0;1;0;1;0;0
11/05/2019;08:01:00;65;Acidente com Vítima;713,2;BR-040/MG;Sul;Queda de Moto;0;1;0;0;0;0;0;0;0;0;0;1;0;0;0
11/05/2019;06:49:00;49;Acidente sem Vítima;102,1;BR-040/GO;Norte;Choque com objeto fixo;2;0;0;0;0;0;0;0;0;0;10;0;0;0;0
11/05/2019;02:54:00;24;Acidente com Morte;92,142;BR-040/MG;Sul;Colisão frontal;1;0;1;0;0;0;0;0;0;0;1;0;0;0;5
11/05/2019;00:36:00;8;Acidente sem Vítima;624,1;BR-040/MG;Sul;Capotamento;1;0;0;0;0;0;0;0;0;0;1;0;0;0;0
10/05/2019;22:58:00;382;Acidente com Vítima;511,12;BR-040/MG;Norte;Queda de Moto;0;0;0;1;0;0;0;0;0;0;0;1;0;0;0
10/05/2019;18:39:00;315;Acidente com Vítima;449,12;BR-040/MG;Norte;Queda de Carga;0;0;1;0;0;0;0;0;0;0;0;1;0;0;0
10/05/2019;18:17:00;305;Acidente sem Vítima;551,12;BR-040/MG;Norte;Colisão traseira;1;0;0;0;0;0;0;0;0;1;3;0;0;0;0
10/05/2019;17:55:00;299;Acidente sem Vítima;613,5;BR-040/MG;Sul;Colisão traseira;3;0;0;0;0;0;0;0;0;0;12;0;0;0;0
10/05/2019;17:44:00;296;Acidente com Vítima;7,1;BR-040/GO;Norte;Colisão traseira;0;0;0;1;0;0;0;0;0;0;0;0;1;0;0
10/05/2019;17:07:00;283;Acidente sem Vítima;731,05;BR-040/MG;Sul;Abalroamento longitudinal;1;0;1;0;0;0;0;0;0;0;2;0;0;0;0
10/05/2019;11:35:00;183;Acidente com Vítima;2,6;BR-040/DF;Sul;Abalroamento longitudinal;1;0;0;1;0;0;0;0;0;0;1;0;0;0;0
10/05/2019;09:30:00;150;Atropelamento sem Morte;507,5;BR-040/MG;Sul;Atropelamento de pedestre atravessando;1;0;0;1;0;0;0;0;0;0;2;0;0;1;0
10/05/2019;08:43:00;137;Acidente sem Vítima;551,13;BR-040/MG;Norte;Choque com objeto fixo;1;0;0;0;0;0;0;0;0;0;1;0;0;0;0
10/05/2019;07:54:00;123;Acidente sem Vítima;551,1;BR-040/MG;Sul;Choque com objeto fixo;1;0;0;0;0;0;0;0;0;0;1;0;0;0;0
10/05/2019;07:26:00;117;Acidente sem Vítima;609,6;BR-040/MG;Sul;Abalroamento longitudinal;1;0;1;0;0;0;0;0;0;0;2;0;0;0;0
10/05/2019;07:15:00;115;Acidente com Vítima;543,2;BR-040/MG;Sul;Abalroamento longitudinal;1;0;0;1;0;0;0;0;0;0;1;2;0;0;0
09/05/2019;14:44:00;208;Acidente sem Vítima;496,9;BR-040/MG;Norte;Colisão traseira;1;0;0;1;0;0;0;0;0;0;2;0;0;0;0
09/05/2019;13:47:00;197;Acidente com Vítima;7,9;BR-040/GO;Sul;Queda de Moto;0;0;0;2;0;0;0;0;0;0;1;1;0;0;0
09/05/2019;12:00:00;176;Acidente sem Vítima;588,568;BR-040/MG;Norte;Queda de Carga;0;0;1;0;0;0;0;0;0;0;1;0;0;0;0
09/05/2019;06:03:00;98;Acidente sem Vítima;2,1;BR-040/GO;Sul;Colisão traseira;2;0;0;0;0;0;0;0;0;0;2;0;0;0;0
09/05/2019;05:41:00;96;Acidente com Vítima;695,107;BR-040/MG;Norte;Choque com objeto fixo;1;0;0;0;0;0;0;0;0;0;1;2;0;0;0
08/05/2019;20:38:00;294;Acidente com Vítima;618,5;BR-040/MG;Sul;Capotamento;1;0;0;0;0;0;0;0;0;0;0;1;0;0;0
08/05/2019;20:30:00;293;Acidente com Vítima;1,2;BR-040/GO;Norte;Abalroamento longitudinal;1;0;0;1;0;0;0;0;0;0;5;1;0;0;0
08/05/2019;20:10:00;288;Acidente sem Vítima;36,5;BR-040/MG;Norte;Atropelamento de animal;1;0;0;0;0;0;0;0;0;0;1;0;0;0;0
08/05/2019;18:56:00;271;Acidente com Vítima;537,1;BR-040/MG;Norte;Abalroamento longitudinal;1;0;0;1;0;0;0;0;0;0;1;0;1;0;0
08/05/2019;17:35:00;253;Acidente sem Vítima;470,5;BR-040/MG;Sul;Outros;1;0;0;0;0;0;0;0;0;0;1;0;0;0;0
08/05/2019;17:14:00;247;Acidente com Morte;383,4;BR-040/MG;Norte;Choque com objeto fixo;0;0;1;0;0;0;0;0;0;0;0;0;0;0;1
08/05/2019;16:44:00;237;Acidente sem Vítima;91,01;BR-040/MG;Sul;Colisão traseira;0;0;1;0;0;1;0;0;0;0;2;0;0;0;0
08/05/2019;15:33:00;221;Acidente sem Vítima;505,1;BR-040/MG;Norte;Choque com objeto fixo;0;0;1;0;0;0;0;0;0;0;3;0;0;0;0
08/05/2019;14:47:00;213;Acidente sem Vítima;562,1;BR-040/MG;Sul;Abalroamento longitudinal;1;0;1;0;0;0;0;0;0;0;2;0;0;0;0
08/05/2019;14:28:00;207;Acidente sem Vítima;297,7;BR-040/MG;Sul;Capotamento;1;0;0;0;0;0;0;0;0;0;2;0;0;0;0
08/05/2019;13:57:00;203;Acidente sem Vítima;562,1;BR-040/MG;Sul;Colisão traseira;0;0;1;0;0;1;0;0;0;0;2;0;0;0;0
08/05/2019;13:16:00;197;Acidente com Vítima;562,1;BR-040/MG;Sul;Choque com objeto fixo;1;0;0;0;0;0;0;0;0;0;1;1;0;0;0
08/05/2019;13:15:00;196;Acidente sem Vítima;465,5;BR-040/MG;Norte;Choque com objeto fixo;0;0;1;0;0;0;0;0;0;0;1;0;0;0;0
08/05/2019;12:21:00;187;Acidente com Vítima;563,1;BR-040/MG;Sul;Choque em barreira New Jersey;0;0;1;0;0;0;0;0;0;0;1;1;0;0;0
08/05/2019;02:15:00;75;Atropelamento com Morte;437,5;BR-040/MG;Sul;Atropelamento de pedestre caminhando;0;0;1;0;0;0;0;0;0;0;1;0;0;0;1
07/05/2019;20:24:00;317;Acidente com Vítima;6,1;BR-040/DF;Sul;Abalroamento longitudinal;0;0;0;1;0;0;0;0;0;0;0;1;0;0;0
07/05/2019;19:13:00;300;Acidente com Vítima;538,3;BR-040/MG;Sul;Queda de Moto;0;0;0;1;0;0;0;0;0;0;0;1;0;0;0
07/05/2019;18:50:00;294;Acidente com Vítima;3,2;BR-040/DF;Sul;Abalroamento longitudinal;1;0;0;1;0;0;0;0;0;0;3;1;0;0;0
07/05/2019;18:08:00;284;Acidente com Vítima;537,98;BR-040/MG;Norte;Abalroamento longitudinal;0;0;0;2;0;0;0;0;0;0;1;1;0;0;0
07/05/2019;15:34:00;256;Acidente com Vítima;449,6;BR-040/MG;Norte;Capotamento;1;0;0;0;0;0;0;0;0;0;0;1;0;0;0
07/05/2019;11:19:00;196;Acidente sem Vítima;533,45;BR-040/MG;Norte;Abalroamento longitudinal;1;0;1;0;0;0;0;0;0;0;2;0;0;0;0
07/05/2019;09:01:00;146;Acidente sem Vítima;540,4;BR-040/MG;Sul;Queda de Moto;0;0;0;2;0;0;0;0;0;0;2;0;0;0;0
07/05/2019;08:57:00;143;Acidente com Vítima;669,1;BR-040/MG;Norte;Abalroamento longitudinal;2;0;1;0;0;0;0;0;0;0;3;1;0;0;0
07/05/2019;07:40:00;113;Acidente com Vítima;523,6;BR-040/MG;Sul;Abalroamento longitudinal;1;0;0;1;0;0;0;0;0;0;2;0;1;0;0
07/05/2019;06:37:00;89;Acidente com Vítima;531,5;BR-040/MG;Norte;Colisão traseira;1;0;1;0;0;0;0;0;0;0;2;0;1;0;0
06/05/2019;20:53:00;349;Acidente sem Vítima;115,8;BR-040/GO;Sul;Choque com objeto fixo;1;0;0;0;0;0;0;0;0;0;1;0;0;0;0
06/05/2019;16:06:00;290;Atropelamento com Morte;20,1;BR-040/GO;Sul;Atropelamento de pedestre atravessando;0;0;0;1;1;0;0;0;0;0;1;0;0;0;1
06/05/2019;15:40:00;284;Acidente com Vítima;534,1;BR-040/MG;Norte;Colisão traseira;0;0;0;0;0;0;0;0;0;0;0;0;1;0;0