data;horario;n_da_ocorrencia;tipo_de_ocorrencia;km;trecho;sentido;tipo_de_acidente;automovel;bicicleta;caminhao;moto;onibus;outros;tracao_animal;transporte_de_cargas_especiais;trator_maquinas;utilitarios;ilesos;levemente_feridos;moderadamente_feridos;gravemente_feridos;mortos
06/05/2019;15:21:00;277;Acidente com Vítima;666,011;BR-040/MG;Sul;Abalroamento longitudinal;1;0;0;1;0;0;0;0;0;0;1;1;0;0;0
06/05/2019;12:33:00;228;Acidente com Vítima;529,1;BR-040/MG;Sul;Colisão traseira;1;0;1;0;0;0;0;0;0;0;1;1;0;0;0
06/05/2019;12:14:00;224;Acidente sem Vítima;528,9;BR-040/MG;Sul;Colisão traseira;0;0;0;0;0;0;0;0;0;0;0;0;0;0;0
06/05/2019;11:38:00;215;Acidente sem Vítima;5,01;BR-040/GO;Norte;Colisão traseira;2;0;0;0;0;0;0;0;0;0;2;0;0;0;0
06/05/2019;07:51:00;136;Atropelamento sem Morte;535,4;BR-040/MG;Norte;Atropelamento de pedestre atravessando;1;0;0;1;0;0;0;0;0;0;1;1;0;0;0
06/05/2019;00:17:00;3;Acidente com Vítima;7,191;BR-040/GO;Sul;Queda de Moto;0;0;0;1;0;0;0;0;0;0;1;1;0;0;0
05/05/2019;23:07:00;239;Acidente sem Vítima;714,1;BR-040/MG;Norte;Abalroamento longitudinal;2;0;0;0;0;0;0;0;0;0;9;0;0;0;0
05/05/2019;17:57:00;175;Acidente com Vítima;551,5;BR-040/MG;Norte;Abalroamento longitudinal;1;0;0;1;0;0;0;0;0;0;1;2;0;0;0
05/05/2019;17:10:00;161;Acidente sem Vítima;19,1;BR-040/GO;Sul;Colisão traseira;2;0;0;0;0;0;0;0;0;0;2;0;0;0;0
05/05/2019;16:49:00;153;Acidente sem Vítima;513,4;BR-040/MG;Sul;Abalroamento longitudinal;2;0;0;0;0;0;0;0;0;0;2;0;0;0;0
05/05/2019;16:27:00;150;Acidente sem Vítima;13,1;BR-040/MG;Sul;Colisão traseira;1;0;1;0;0;0;0;0;0;0;2;0;0;0;0
05/05/2019;15:19:00;137;Acidente com Morte;516,1;BR-040/MG;Sul;Capotamento;1;0;0;0;0;0;0;0;0;0;0;0;0;0;1
05/05/2019;14:22:00;123;Acidente sem Vítima;15,1;BR-040/GO;Norte;Outros;1;0;0;0;0;0;0;0;0;0;1;0;0;0;0
05/05/2019;13:35:00;106;Acidente com Vítima;3,1;BR-040/DF;Norte;Queda de Moto;0;0;0;1;0;0;0;0;0;0;0;0;0;0;0
05/05/2019;11:03:00;75;Acidente com Vítima;608,25;BR-040/MG;Sul;Abalroamento transversal;2;0;0;0;0;0;0;0;0;0;0;0;3;0;0
05/05/2019;08:19:00;48;Acidente com Vítima;556,4;BR-040/MG;Sul;Queda de Moto;0;0;0;1;0;0;0;0;0;0;1;0;1;0;0
05/05/2019;06:51:00;37;Acidente com Vítima;29,4;BR-040/GO;Sul;Capotamento;1;0;0;0;0;0;0;0;0;0;0;0;0;0;0
05/05/2019;02:58:00;15;Acidente com Vítima;535,3;BR-040/MG;Sul;Capotamento;1;0;0;0;0;0;0;0;0;0;1;0;1;0;0
05/05/2019;02:46:00;14;Acidente com Vítima;96,5;BR-040/GO;Norte;Abalroamento transversal;0;0;0;1;0;1;0;0;0;0;1;0;0;1;0
05/05/2019;01:49:00;13;Acidente sem Vítima;527,21;BR-040/MG;Sul;Choque com objeto fixo;1;0;0;0;0;0;0;0;0;0;2;0;0;0;0
05/05/2019;00:43:00;4;Acidente sem Vítima;5,5;BR-040/GO;Sul;Colisão traseira;2;0;0;0;0;0;0;0;0;0;6;0;0;0;0
04/05/2019;22:12:00;257;Acidente sem Vítima;3,5;BR-040/GO;Norte;Choque com objeto fixo;1;0;0;0;0;0;0;0;0;0;2;0;0;0;0
04/05/2019;19:26:00;218;Acidente sem Vítima;770,3;BR-040/MG;Sul;Colisão traseira;2;0;0;0;0;0;0;0;0;0;2;0;0;0;0
04/05/2019;18:38:00;205;Acidente com Vítima;3,3;BR-040/GO;Norte;Abalroamento transversal;0;0;0;2;0;0;0;0;0;0;1;2;0;0;0
04/05/2019;15:43:00;175;Acidente sem Vítima;587,1;BR-040/MG;Sul;Choque em barreira New Jersey;1;0;0;0;0;0;0;0;0;0;1;0;0;0;0
04/05/2019;13:35:00;156;Acidente com Vítima;5,1;BR-040/GO;Sul;Abalroamento transversal;1;0;0;1;0;0;0;0;0;0;1;0;0;1;0
04/05/2019;11:43:00;133;Acidente sem Vítima;502,8;BR-040/MG;Sul;Abalroamento longitudinal;1;0;0;0;0;0;0;0;0;0;1;0;0;0;0
04/05/2019;10:48:00;117;Acidente com Vítima;42,5;BR-040/MG;Sul;Colisão traseira;1;0;0;1;0;0;0;0;0;0;2;1;0;0;0
04/05/2019;08:52:00;81;Acidente sem Vítima;549,1;BR-040/MG;Norte;Outros;1;0;1;0;0;0;0;0;0;0;2;0;0;0;0
04/05/2019;05:43:00;45;Acidente com Vítima;754,599;BR-040/MG;Sul;Capotamento;0;0;1;0;0;0;0;0;0;0;1;0;1;0;0
04/05/2019;05:17:00;40;;138,11;BR-040/MG;Norte;;1;0;0;0;0;0;0;0;0;0;1;0;0;0;0
04/05/2019;04:34:00;34;Acidente sem Vítima;518,124;BR-040/MG;Norte;Outros;1;0;0;0;0;0;0;0;0;0;1;0;0;0;0
04/05/2019;03:52:00;30;Acidente com Vítima;509,204;BR-040/MG;Norte;Queda de Moto;0;0;0;1;0;0;0;0;0;0;0;0;0;2;0
04/05/2019;01:27:00;23;Acidente sem Vítima;640,228;BR-040/MG;Sul;Choque com objeto fixo;1;0;0;0;0;0;0;0;0;0;1;0;0;0;0
03/05/2019;22:31:00;370;Atropelamento sem Morte;519,179;BR-040/MG;Norte;Atropelamento de pedestre atravessando;1;0;0;0;0;0;0;0;0;0;1;0;0;1;0
03/05/2019;21:35:00;361;Acidente sem Vítima;586,1;BR-040/MG;Norte;Abalroamento longitudinal;2;0;0;0;0;0;0;0;0;0;2;0;0;0;0
03/05/2019;18:17:00;317;Acidente sem Vítima;742,285;BR-040/MG;Norte;Capotamento;1;0;0;0;0;0;0;0;0;0;1;0;0;0;0
03/05/2019;17:57:00;307;Acidente com Vítima;547,12;BR-040/MG;Sul;Choque em barreira New Jersey;1;0;0;0;0;0;0;0;0;0;1;1;0;0;0
03/05/2019;16:51:00;293;Acidente com Vítima;529,3;BR-040/MG;Norte;Colisão traseira;1;0;0;1;0;0;0;0;0;0;1;1;0;0;0
03/05/2019;16:38:00;287;Acidente sem Vítima;730,2;BR-040/MG;Norte;Choque em defensa;1;0;0;0;0;0;0;0;0;0;1;0;0;0;0
03/05/2019;16:38:00;288;Acidente sem Vítima;16,001;BR-040/GO;Norte;Colisão traseira;3;0;0;0;0;0;0;0;0;0;3;0;0;0;0
03/05/2019;16:24:00;283;Acidente com Vítima;445,2;BR-040/MG;Sul;Choque com objeto fixo;1;0;0;0;0;0;0;0;0;0;3;1;0;0;0
03/05/2019;15:51:00;275;Acidente sem Vítima;612,1;BR-040/MG;Sul;Colisão traseira;3;0;0;0;0;0;0;0;0;0;8;0;0;0;0
03/05/2019;15:02:00;262;Acidente com Vítima;1,1;BR-040/GO;Sul;Colisão traseira;1;0;2;0;1;0;0;0;0;0;87;1;0;0;0
03/05/2019;14:06:00;245;Acidente com Vítima;462,4;BR-040/MG;Sul;Abalroamento transversal;2;0;1;0;0;0;0;0;0;0;3;0;2;0;0
03/05/2019;13:01:00;221;Acidente sem Vítima;42,5;BR-040/MG;Norte;Abalroamento longitudinal;1;0;0;1;0;0;0;0;0;0;3;0;0;0;0
03/05/2019;12:57:00;218;Acidente sem Vítima;535,6;BR-040/MG;Sul;Colisão traseira;3;0;0;0;0;0;0;0;0;0;3;0;0;0;0
03/05/2019;10:43:00;184;Acidente sem Vítima;558,3;BR-040/MG;Norte;Abalroamento longitudinal;1;0;1;0;0;0;0;0;0;0;16;0;0;0;0
03/05/2019;06:15:00;93;Acidente com Vítima;514,1;BR-040/MG;Sul;Abalroamento longitudinal;1;0;1;0;0;0;0;0;0;0;1;1;0;0;0
03/05/2019;05:04:00;63;Acidente sem Vítima;8,2;BR-040/GO;Norte;Choque com objeto fixo;1;0;0;0;0;0;0;0;0;0;1;0;0;0;0
03/05/2019;03:38:00;50;Acidente sem Vítima;685,1;BR-040/MG;Norte;Abalroamento longitudinal;0;0;2;0;0;0;0;0;0;0;2;0;0;0;0
03/05/2019;00:04:00;1;Acidente sem Vítima;509,6;BR-040/MG;Sul;Colisão traseira;1;0;1;0;0;0;0;0;0;0;2;0;0;0;0
02/05/2019;22:58:00;434;Acidente com Vítima;539,12;BR-040/MG;Norte;Choque em barreira New Jersey;4;0;1;0;0;0;0;0;0;0;4;0;0;0;0
02/05/2019;19:45:00;400;Acidente sem Vítima;13,1;BR-040/GO;Norte;Abalroamento transversal;2;0;0;0;0;0;0;0;0;0;3;0;0;0;0
02/05/2019;19:30:00;389;Acidente sem Vítima;613,524;BR-040/MG;Sul;Abalroamento longitudinal;0;0;2;0;0;0;0;0;0;0;2;0;0;0;0
02/05/2019;18:48:00;377;Acidente sem Vítima;526,12;BR-040/MG;Sul;Abalroamento longitudinal;1;0;1;0;0;0;0;0;0;0;2;0;0;0;0
02/05/2019;17:18:00;347;Acidente sem Vítima;462,152;BR-040/MG;Sul;Choque com objeto fixo;1;0;0;0;0;0;0;0;0;0;1;0;0;0;0
02/05/2019;16:51:00;336;Acidente sem Vítima;111,05;BR-040/MG;Sul;Outros;1;0;0;0;0;0;0;0;0;0;1;0;0;0;0
02/05/2019;16:44:00;333;Acidente com Vítima;542,3;BR-040/MG;Norte;Queda de Moto;0;0;0;1;0;0;0;0;0;0;0;1;0;0;0
02/05/2019;16:22:00;326;Acidente sem Vítima;487,3;BR-040/MG;Sul;Colisão traseira;2;0;0;0;0;0;0;0;0;0;2;0;0;0;0
02/05/2019;15:14:00;293;Acidente sem Vítima;565,4;BR-040/MG;Sul;Colisão traseira;2;0;0;0;0;0;0;0;0;0;2;0;0;0;0
02/05/2019;14:48:00;283;Acidente com Vítima;631,1;BR-040/MG;Sul;Abalroamento transversal;1;0;0;1;0;0;0;0;0;0;2;1;0;0;0
02/05/2019;14:29:00;275;Acidente sem Vítima;656,35;BR-040/MG;Sul;Capotamento;1;0;0;0;0;0;0;0;0;0;1;0;0;0;0
02/05/2019;14:20:00;272;Acidente sem Vítima;544,4;BR-040/MG;Sul;Colisão traseira;2;0;0;0;0;0;0;0;0;0;2;0;0;0;0
02/05/2019;11:12:00;227;Acidente com Vítima;507,3;BR-040/MG;Norte;Choque em defensa;1;0;0;0;0;0;0;0;0;0;2;0;1;0;0
02/05/2019;07:44:00;153;Acidente sem Vítima;749,001;BR-040/MG;Norte;Choque em defensa;1;0;0;0;0;0;0;0;0;0;1;0;0;0;0
02/05/2019;07:35:00;150;Acidente sem Vítima;543,6;BR-040/MG;Norte;Colisão traseira;2;0;0;0;0;0;0;0;0;0;2;0;0;0;0
02/05/2019;01:26:00;39;Acidente sem Vítima;663,005;BR-040/MG;Sul;Atropelamento de animal;0;0;0;0;0;0;0;0;0;1;15;0;0;0;0
02/05/2019;00:49:00;32;Acidente sem Vítima;8,17;BR-040/GO;Sul;Choque com objeto fixo;1;0;0;0;0;0;0;0;0;0;2;0;0;0;0
01/05/2019;23:31:00;222;Acidente sem Vítima;94,6;BR-040/MG;Norte;Atropelamento de animal;1;0;0;0;0;0;0;0;0;0;1;0;0;0;0
01/05/2019;15:58:00;134;Acidente sem Vítima;188,1;BR-040/MG;Norte;Outros;1;0;1;0;0;0;0;0;0;0;2;0;0;0;0
01/05/2019;14:27:00;108;Acidente sem Vítima;484,3;BR-040/MG;Sul;Choque com objeto fixo;1;0;0;0;0;0;0;0;0;0;4;0;0;0;0
01/05/2019;13:44:00;101;Acidente sem Vítima;611,538;BR-040/MG;Sul;Colisão traseira;2;0;0;0;0;0;0;0;0;0;4;0;0;0;0
01/05/2019;10:51:00;70;Acidente sem Vítima;522,1;BR-040/MG;Norte;Outros;1;0;1;0;0;0;0;0;0;0;2;0;0;0;0
01/05/2019;09:31:00;55;Acidente com Vítima;588,15;BR-040/MG;Sul;Colisão traseira;1;0;0;1;0;0;0;0;0;0;1;1;0;0;0
01/05/2019;09:08:00;53;Acidente sem Vítima;71,1;BR-040/MG;Sul;Abalroamento longitudinal;1;0;1;0;0;0;0;0;0;0;2;0;0;0;0
01/05/2019;03:29:00;19;Acidente sem Vítima;507,3;BR-040/MG;Sul;Colisão frontal;2;0;0;0;0;0;0;0;0;0;4;0;0;0;0
01/05/2019;02:25:00;18;Acidente sem Vítima;503,3;BR-040/MG;Sul;Capotamento;1;0;0;0;0;0;0;0;0;0;1;0;0;0;0
01/05/2019;00:30:00;9;Acidente com Vítima;614,2;BR-040/MG;Norte;Choque com objeto fixo;2;0;0;0;0;0;0;0;0;0;1;1;0;0;0
30/04/2019;23:57:00;369;Acidente sem Vítima;554,1;BR-040/MG;Norte;Choque com objeto fixo;1;0;0;0;0;0;0;0;0;0;1;0;0;0;0
30/04/2019;20:22:00;323;Acidente com Vítima;3,6;BR-040/GO;Sul;Colisão traseira;0;0;0;1;0;1;0;0;0;0;1;0;0;1;0
30/04/2019;18:41:00;282;Atropelamento sem Morte;6,9;BR-040/GO;Sul;Atropelamento de pedestre atravessando;0;0;0;0;0;1;0;0;0;0;1;1;0;0;0
30/04/2019;14:24:00;220;Acidente com Vítima;240,289;BR-040/MG;Norte;Abalroamento longitudinal;1;0;1;0;0;0;0;0;0;0;1;1;0;0;0
30/04/2019;12:47:00;198;Acidente sem Vítima;667,5;BR-040/MG;Norte;Colisão traseira;1;0;1;0;0;0;0;0;0;0;6;0;0;0;0
30/04/2019;08:43:00;126;Acidente com Vítima;535,1;BR-040/MG;Norte;Abalroamento longitudinal;1;0;0;1;0;0;0;0;0;0;1;1;0;0;0
30/04/2019;08:13:00;117;Acidente com Vítima;619,5;BR-040/MG;Norte;Capotamento;1;0;0;0;0;0;0;0;0;0;0;1;0;0;0
30/04/2019;06:49:00;90;Acidente com Vítima;619,84;BR-040/MG;Norte;Queda de Moto;0;0;0;1;0;0;0;0;0;0;1;1;0;0;0
30/04/2019;06:24:00;81;Acidente sem Vítima;617,9;BR-040/MG;Norte;Capotamento;1;0;0;0;0;0;0;0;0;0;4;0;0;0;0
30/04/2019;06:21:00;80;Acidente sem Vítima;619,8;BR-040/MG;Norte;Choque com objeto fixo;1;0;0;0;0;0;0;0;0;0;1;0;0;0;0
30/04/2019;06:16:00;78;Acidente com Vítima;619,7;BR-040/MG;Sul;Choque com objeto fixo;1;0;0;0;0;0;0;0;0;0;3;0;1;0;0
30/04/2019;02:52:00;46;Acidente com Vítima;200,224;BR-040/MG;Sul;Choque com objeto fixo;0;0;0;0;1;0;0;0;0;0;9;1;1;0;0
30/04/2019;02:08:00;45;Acidente sem Vítima;470,5;BR-040/MG;Sul;Atropelamento de animal;1;0;0;0;0;0;0;0;0;0;1;0;0;0;0
29/04/2019;22:44:00;401;Acidente sem Vítima;463,909;BR-040/MG;Norte;Queda de Carga;0;0;1;0;0;0;0;0;0;0;1;0;0;0;0
29/04/2019;18:45:00;353;Acidente com Vítima;534,12;BR-040/MG;Norte;Colisão traseira;1;0;0;1;0;0;0;0;0;0;1;0;1;0;0
29/04/2019;18:40:00;347;Acidente sem Vítima;714,1;BR-040/MG;Sul;Colisão traseira;1;0;1;0;0;0;0;0;0;0;5;0;0;0;0
29/04/2019;18:03:00;338;Acidente com Vítima;682,403;BR-040/MG;Sul;Abalroamento transversal;2;0;0;0;0;0;0;0;0;0;1;1;1;1;0
29/04/2019;12:37:00;225;Acidente sem Vítima;10,5;BR-040/GO;Sul;Abalroamento longitudinal;0;0;1;0;0;1;0;0;0;0;2;0;0;0;0
29/04/2019;10:02:00;190;Acidente com Vítima;532,8;BR-040/MG;Sul;Abalroamento longitudinal;0;0;1;1;0;0;0;0;0;0;1;0;0;1;0
29/04/2019;07:57:00;143;Acidente sem Vítima;2,8;BR-040/GO;Norte;Abalroamento longitudinal;2;0;0;0;0;0;0;0;0;0;3;0;0;0;0
29/04/2019;06:48:00;117;Acidente com Vítima;694,8;BR-040/MG;Sul;Colisão frontal;2;0;0;0;0;0;0;0;0;0;1;0;1;1;0
28/04/2019;18:52:00;254;Atropelamento sem Morte;9,425;BR-040/GO;Norte;Atropelamento de pedestre atravessando;0;0;0;1;0;0;0;0;0;0;0;0;0;2;0
28/04/2019;18:23:00;248;Acidente sem Vítima;449,5;BR-040/MG;Norte;Choque em defensa;2;0;0;0;0;0;0;0;0;0;1;0;0;0;0
28/04/2019;14:57:00;197;Acidente com Vítima;120,4;BR-040/MG;Norte;Colisão traseira;1;0;1;0;0;0;0;0;0;0;2;0;1;1;0
28/04/2019;12:42:00;159;Acidente com Vítima;2,001;BR-040/GO;Sul;Colisão traseira;1;0;0;1;0;0;0;0;0;0;1;1;0;0;0
28/04/2019;10:18:00;114;Acidente com Vítima;3,1;BR-040/DF;Sul;Choque com objeto fixo;1;0;0;0;0;0;0;0;0;0;2;1;0;0;0
28/04/2019;05:56:00;38;Acidente com Vítima;687,9;BR-040/MG;Norte;Colisão traseira;1;0;0;0;0;1;0;0;0;0;0;0;0;1;0
28/04/2019;02:26:00;17;Acidente com Vítima;10,5;BR-040/GO;Norte;Queda de Moto;0;0;0;1;0;0;0;0;0;0;1;1;0;0;0
27/04/2019;22:17:00;262;Acidente sem Vítima;5,2;BR-040/GO;Sul;Colisão traseira;2;0;0;0;0;2;0;0;0;0;4;0;0;0;0
27/04/2019;20:49:00;245;Acidente com Morte;5,8;BR-040/GO;Sul;Colisão traseira;0;0;0;1;0;0;0;0;0;1;1;0;0;0;1
27/04/2019;18:48:00;225;Acidente com Vítima;509,01;BR-040/MG;Norte;Colisão traseira;3;0;0;0;0;0;0;0;0;0;2;1;2;0;0
27/04/2019;18:36:00;220;Acidente sem Vítima;9,3;BR-040/GO;Sul;Choque com objeto fixo;1;0;0;0;0;0;0;0;0;0;2;0;0;0;0
27/04/2019;17:23:00;205;Atropelamento com Morte;621,5;BR-040/MG;Sul;Atropelamento de pedestre atravessando;1;0;1;0;0;0;0;0;0;0;3;0;0;0;1
27/04/2019;15:57:00;186;Acidente sem Vítima;30,1;BR-040/GO;Sul;Colisão traseira;3;0;0;0;0;0;0;0;0;0;3;0;0;0;0
27/04/2019;12:22:00;132;Acidente sem Vítima;628,863;BR-040/MG;Norte;Abalroamento longitudinal;1;0;1;0;0;0;0;0;0;0;3;0;0;0;0
27/04/2019;11:50:00;125;Acidente sem Vítima;413,3;BR-040/MG;Norte;Abalroamento longitudinal;2;0;0;0;0;0;0;0;0;0;2;0;0;0;0
27/04/2019;11:21:00;117;Acidente sem Vítima;36,1;BR-040/MG;Norte;Abalroamento longitudinal;1;0;0;1;0;0;0;0;0;0;2;0;0;0;0
27/04/2019;09:32:00;100;Acidente com Vítima;564,5;BR-040/MG;Norte;Outros;0;0;0;1;0;0;0;0;0;0;0;1;0;0;0
26/04/2019;18:09:00;319;Acidente sem Vítima;608,9;BR-040/MG;Sul;Capotamento;1;0;0;0;0;0;0;0;0;0;1;0;0;0;0
26/04/2019;17:33:00;311;Acidente sem Vítima;537,1;BR-040/MG;Norte;Colisão traseira;0;0;0;0;0;0;0;0;0;0;0;0;0;0;0
26/04/2019;17:18:00;305;Acidente sem Vítima;536,1;BR-040/MG;Norte;Colisão traseira;2;0;0;0;0;0;0;0;0;0;2;0;0;0;0
26/04/2019;17:16:00;304;Acidente sem Vítima;487,3;BR-040/MG;Sul;Colisão traseira;1;0;0;0;0;0;0;0;1;0;2;0;0;0;0
26/04/2019;15:48:00;281;Acidente sem Vítima;565,2;BR-040/MG;Sul;Colisão traseira;1;0;1;0;0;0;0;0;0;0;2;0;0;0;0
26/04/2019;15:38:00;279;Acidente sem Vítima;476,1;BR-040/MG;Norte;Outros;1;0;0;0;0;0;0;0;0;0;2;0;0;0;0
26/04/2019;13:02:00;229;Acidente sem Vítima;365,1;BR-040/MG;Norte;Choque com objeto fixo;1;0;0;0;0;0;0;0;0;0;1;0;0;0;0
26/04/2019;12:47:00;222;Acidente sem Vítima;1,8;BR-040/GO;Sul;Colisão traseira;3;0;0;0;0;0;0;0;0;0;3;0;0;0;0
26/04/2019;08:39:00;159;Acidente sem Vítima;598,3;BR-040/MG;Sul;Choque com objeto fixo;1;0;0;0;0;0;0;0;0;0;1;0;0;0;0
26/04/2019;07:57:00;148;Acidente sem Vítima;514,1;BR-040/MG;Sul;Colisão traseira;2;0;0;0;0;0;0;0;0;0;2;0;0;0;0
26/04/2019;07:19:00;136;Acidente sem Vítima;4,9;BR-040/DF;Norte;Capotamento;1;0;0;0;0;0;0;0;0;0;1;0;0;0;0
26/04/2019;05:35:00;107;Acidente sem Vítima;516,8;BR-040/MG;Sul;Colisão traseira;0;0;2;0;0;0;0;0;0;0;2;0;0;0;0
26/04/2019;01:57:00;24;Acidente sem Vítima;519,12;BR-040/MG;Sul;Capotamento;1;0;0;0;0;0;0;0;0;0;1;0;0;0;0
25/04/2019;23:41:00;410;Acidente sem Vítima;598,3;BR-040/MG;Norte;Choque com objeto fixo;0;0;1;0;0;0;0;0;0;0;1;0;0;0;0
25/04/2019;22:44:00;401;Acidente com Vítima;628,29;BR-040/MG;Norte;Colisão traseira;1;0;0;1;0;0;0;0;0;0;1;0;1;0;0
25/04/2019;21:07:00;387;Acidente com Vítima;4,1;BR-040/DF;Sul;Colisão traseira;2;0;0;0;0;0;0;0;0;0;4;1;0;0;0
25/04/2019;19:55:00;373;Acidente com Vítima;536,12;BR-040/MG;Norte;Abalroamento longitudinal;1;0;0;1;0;0;0;0;0;0;1;0;1;0;0
25/04/2019;19:38:00;368;Acidente sem Vítima;729,6;BR-040/MG;Sul;Queda de Carga;0;0;1;0;0;0;0;0;0;0;0;0;0;0;0
25/04/2019;18:18:00;342;Acidente com Vítima;3,1;BR-040/GO;Norte;Colisão traseira;0;0;0;2;0;0;0;0;0;0;1;1;0;0;0
25/04/2019;11:33:00;223;Acidente sem Vítima;534,3;BR-040/MG;Sul;Choque em barreira New Jersey;1;0;0;0;0;0;0;0;0;0;1;0;0;0;0
25/04/2019;10:52:00;212;Acidente com Vítima;498,1;BR-040/MG;Norte;Choque com objeto fixo;0;0;1;0;0;0;0;0;0;0;0;1;0;0;0
25/04/2019;07:48:00;147;Acidente com Vítima;511,8;BR-040/MG;Sul;Queda de Moto;0;0;0;1;0;0;0;0;0;0;0;2;0;0;0
25/04/2019;07:21:00;135;Acidente com Vítima;41,5;BR-040/MG;Sul;Abalroamento transversal;1;0;0;1;0;0;0;0;0;0;0;2;0;0;0
25/04/2019;06:11:00;102;Acidente sem Vítima;2,1;BR-040/GO;Norte;Abalroamento longitudinal;1;0;0;1;0;0;0;0;0;0;2;0;0;0;0
25/04/2019;00:44:00;4;Acidente com Vítima;506,5;BR-040/MG;Norte;Capotamento;1;0;0;0;0;0;0;0;0;0;0;1;0;0;0
24/04/2019;19:39:00;330;Acidente com Morte;585,366;BR-040/MG;Sul;Queda de Carga;0;0;1;0;0;0;0;0;0;0;0;0;0;0;1
24/04/2019;19:23:00;325;Acidente com Vítima;24,1;BR-040/GO;Norte;Abalroamento transversal;1;0;0;1;0;0;0;0;0;0;1;0;1;0;0
24/04/2019;17:51:00;307;Acidente com Vítima;527,4;BR-040/MG;Sul;Abalroamento transversal;1;0;0;1;0;0;0;0;0;0;1;1;0;0;0
24/04/2019;16:06:00;275;Acidente sem Vítima;528,1;BR-040/MG;Sul;Colisão traseira;1;0;1;0;1;0;0;0;0;0;3;0;0;0;0
24/04/2019;12:13:00;207;Acidente com Vítima;42,3;BR-040/MG;Norte;Abalroamento transversal;1;0;0;1;0;0;0;0;0;0;3;1;0;0;0
24/04/2019;11:40:00;204;Acidente com Vítima;2,9;BR-040/GO;Sul;Colisão traseira;1;0;0;1;0;0;0;0;0;0;1;0;1;0;0
24/04/2019;10:33:00;193;Atropelamento sem Morte;42,6;BR-040/MG;Sul;Atropelamento de pedestre atravessando;0;0;0;1;0;0;0;0;0;0;1;1;1;0;0
24/04/2019;09:46:00;179;Acidente sem Vítima;571,8;BR-040/MG;Sul;Abalroamento transversal;1;0;1;0;0;0;0;0;0;0;2;0;0;0;0
24/04/2019;09:15:00;169;Acidente sem Vítima;610,366;BR-040/MG;Norte;Abalroamento longitudinal;2;0;0;0;0;0;0;0;0;0;2;0;0;0;0
24/04/2019;08:18:00;151;Atropelamento sem Morte;508,4;BR-040/MG;Sul;Atropelamento de pedestre atravessando;2;0;0;0;0;0;0;0;0;0;2;1;0;0;0
24/04/2019;06:29:00;112;Acidente com Vítima;3,9;BR-040/GO;Sul;Queda de Moto;0;0;0;1;0;0;0;0;0;0;0;0;1;0;0
23/04/2019;20:59:00;350;Acidente sem Vítima;6,6;BR-040/GO;Sul;Colisão traseira;1;0;0;1;0;0;0;0;0;0;2;0;0;0;0
23/04/2019;19:48:00;329;Acidente sem Vítima;4,016;BR-040/GO;Sul;Abalroamento transversal;1;0;0;0;1;0;0;0;0;0;2;0;0;0;0
23/04/2019;18:21:00;306;Acidente sem Vítima;535,1;BR-040/MG;Norte;Colisão traseira;1;0;1;0;0;0;0;0;0;0;2;0;0;0;0
23/04/2019;16:59:00;276;Acidente com Vítima;652,1;BR-040/MG;Norte;Abalroamento longitudinal;1;0;1;0;0;0;0;0;0;0;1;1;0;0;0
23/04/2019;16:14:00;268;Acidente sem Vítima;671,1;BR-040/MG;Norte;Atropelamento de animal;1;0;0;0;0;0;0;0;0;0;1;0;0;0;0
23/04/2019;14:04:00;233;Acidente com Vítima;589,738;BR-040/MG;Norte;Capotamento;1;0;0;0;0;0;0;0;0;0;0;1;0;0;0
23/04/2019;13:30:00;225;Acidente sem Vítima;513,1;BR-040/MG;Norte;Abalroamento longitudinal;0;0;2;0;0;0;0;0;0;0;2;0;0;0;0
23/04/2019;12:39:00;215;Acidente com Vítima;2,8;BR-040/GO;Norte;Abalroamento longitudinal;1;0;0;1;0;0;0;0;0;0;1;1;0;0;0
23/04/2019;09:02:00;169;Acidente sem Vítima;642,1;BR-040/MG;Norte;Choque em defensa;0;0;2;0;0;0;0;0;0;0;2;0;0;0;0
23/04/2019;08:47:00;165;Acidente sem Vítima;520,1;BR-040/MG;Sul;Queda de Moto;0;0;0;1;0;0;0;0;0;0;1;0;0;0;0
23/04/2019;07:40:00;144;Acidente com Vítima;24,4;BR-040/GO;Sul;Abalroamento longitudinal;1;0;0;1;0;0;0;0;0;0;1;1;0;0;0
23/04/2019;07:17:00;137;Acidente sem Vítima;611,2;BR-040/MG;Norte;Colisão traseira;0;0;2;0;0;0;0;0;0;0;2;0;0;0;0
23/04/2019;06:28:00;119;Acidente sem Vítima;5,5;BR-040/DF;Norte;Outros;2;0;0;0;0;0;0;0;0;0;5;0;0;0;0
23/04/2019;00:56:00;36;Acidente sem Vítima;548,2;BR-040/MG;Sul;Choque com objeto fixo;1;0;0;0;0;0;0;0;0;0;1;0;0;0;0
22/04/2019;23:28:00;417;Acidente sem Vítima;626,15;BR-040/MG;Sul;Colisão traseira;0;0;2;0;0;0;0;0;0;0;2;0;0;0;0
22/04/2019;22:18:00;397;Acidente sem Vítima;703,3;BR-040/MG;Sul;Atropelamento de animal;1;0;0;0;0;0;0;0;0;0;1;0;0;0;0