data;horario;n_da_ocorrencia;tipo_de_ocorrencia;km;trecho;sentido;tipo_de_acidente;automovel;bicicleta;caminhao;moto;onibus;outros;tracao_animal;transporte_de_cargas_especiais;trator_maquinas;utilitarios;ilesos;levemente_feridos;moderadamente_feridos;gravemente_feridos;mortos
28/06/2019;09:23:00;176;Acidente sem Vítima;546,23;BR-040/MG;Norte;Choque em barreira New Jersey;2;0;0;0;0;0;0;0;0;0;2;0;0;0;0
28/06/2019;09:04:00;165;Acidente com Vítima;7,3;BR-040/DF;Norte;Atropelamento de animal;0;0;0;1;0;0;0;0;0;0;1;1;0;0;0
28/06/2019;08:44:00;160;Acidente sem Vítima;441,5;BR-040/MG;Norte;Choque com objeto fixo;1;0;0;0;0;0;0;0;0;0;1;0;0;0;0
28/06/2019;07:56:00;129;Acidente com Vítima;544,016;BR-040/MG;Sul;Abalroamento longitudinal;1;0;0;2;0;0;0;0;0;0;4;1;0;0;0
28/06/2019;07:25:00;114;Acidente sem Vítima;537,241;BR-040/MG;Norte;Colisão traseira;1;0;1;0;1;0;0;0;0;0;22;0;0;0;0
28/06/2019;05:01:00;79;Acidente com Vítima;663,1;BR-040/MG;Norte;Queda de Carga;0;0;0;1;0;0;0;0;0;0;0;0;2;0;0
27/06/2019;20:24:00;314;Acidente com Vítima;118,1;BR-040/MG;Sul;Colisão frontal;1;0;1;0;0;0;0;0;0;0;1;0;2;1;0
27/06/2019;18:03:00;289;Atropelamento sem Morte;612,005;BR-040/MG;Sul;Atropelamento de pedestre atravessando;1;0;0;0;0;0;0;0;0;0;1;1;0;0;0
27/06/2019;15:11:00;254;Acidente sem Vítima;546,547;BR-040/MG;Norte;Abalroamento longitudinal;0;0;0;0;0;0;0;0;0;0;0;0;0;0;0
27/06/2019;14:21:00;241;Acidente sem Vítima;3,3;BR-040/DF;Norte;Abalroamento longitudinal;2;0;0;0;0;0;0;0;0;0;2;0;0;0;0
27/06/2019;10:48:00;204;Acidente com Vítima;590,746;BR-040/MG;Norte;Capotamento;1;0;0;0;0;0;0;0;0;0;1;2;0;0;0
27/06/2019;09:27:00;176;Acidente sem Vítima;148,3;BR-040/GO;Sul;Outros;1;0;1;0;0;0;0;0;0;0;4;0;0;0;0
27/06/2019;07:30:00;124;Acidente sem Vítima;542,4;BR-040/MG;Sul;Colisão traseira;2;0;0;0;0;0;0;0;0;0;2;0;0;0;0
27/06/2019;04:47:00;85;Acidente sem Vítima;551,945;BR-040/MG;Sul;Colisão traseira;1;0;0;1;0;0;0;0;0;0;2;0;0;0;0
27/06/2019;02:55:00;80;Acidente sem Vítima;533,54;BR-040/MG;Norte;Queda de Carga;0;0;1;0;0;0;0;0;0;0;1;0;0;0;0
26/06/2019;20:37:00;295;Acidente sem Vítima;589,1;BR-040/MG;Sul;Colisão traseira;1;0;1;0;0;0;0;0;0;0;2;0;0;0;0
26/06/2019;20:09:00;289;Acidente com Vítima;3,01;BR-040/DF;Sul;Abalroamento longitudinal;1;0;0;1;0;0;0;0;0;0;1;1;0;0;0
26/06/2019;18:05:00;253;Acidente com Vítima;2,05;BR-040/DF;Sul;Colisão traseira;1;0;0;1;0;0;0;0;0;0;1;0;1;0;0
26/06/2019;17:42:00;249;Acidente sem Vítima;40,4;BR-040/MG;Sul;Abalroamento longitudinal;1;0;1;0;0;0;0;0;0;0;2;0;0;0;0
26/06/2019;17:19:00;245;Acidente sem Vítima;517,1;BR-040/MG;Norte;Capotamento;1;0;0;0;0;0;0;0;0;0;1;0;0;0;0
26/06/2019;14:56:00;208;Acidente com Vítima;528,3;BR-040/MG;Sul;Abalroamento longitudinal;1;0;0;1;0;0;0;0;0;0;1;1;0;0;0
26/06/2019;09:32:00;132;Acidente com Vítima;470,1;BR-040/MG;Sul;Queda de Carga;0;0;0;1;0;0;0;0;0;0;0;1;0;0;0
26/06/2019;09:04:00;126;Acidente sem Vítima;567,1;BR-040/MG;Norte;Colisão traseira;0;0;1;0;0;1;0;0;0;0;2;0;0;0;0
26/06/2019;07:23:00;97;Acidente sem Vítima;658,6;BR-040/MG;Norte;Choque em barreira New Jersey;1;0;0;0;0;0;0;0;0;0;1;0;0;0;0
26/06/2019;07:15:00;94;Atropelamento sem Morte;1,3;BR-040/GO;Norte;Atropelamento de pedestre atravessando;0;0;0;1;0;0;0;0;0;0;1;0;1;0;0
25/06/2019;21:57:00;292;Acidente com Morte;14,995;BR-040/GO;Norte;Colisão traseira;0;0;1;1;0;0;0;0;0;0;1;0;0;0;1
25/06/2019;20:07:00;274;Acidente com Vítima;511,19;BR-040/MG;Norte;Colisão traseira;0;0;0;1;0;0;0;0;0;1;1;0;0;0;0
25/06/2019;19:00:00;262;Acidente com Vítima;522,37;BR-040/MG;Norte;Colisão traseira;1;0;1;0;0;0;0;0;0;0;3;1;1;0;0
25/06/2019;17:36:00;237;Acidente com Vítima;515,27;BR-040/MG;Norte;Queda de Carga;0;0;0;1;0;0;0;0;0;0;0;2;0;0;0
25/06/2019;14:05:00;191;Acidente sem Vítima;0,3;BR-040/GO;Norte;Colisão traseira;2;0;0;0;0;0;0;0;0;0;4;0;0;0;0
25/06/2019;12:05:00;176;Acidente sem Vítima;120,05;BR-040/GO;Sul;Choque com objeto fixo;1;0;0;0;0;0;0;0;0;0;2;0;0;0;0
25/06/2019;09:43:00;146;Acidente sem Vítima;49,3;BR-040/MG;Norte;Colisão traseira;0;0;1;0;1;0;0;0;0;0;2;0;0;0;0
25/06/2019;09:28:00;144;Acidente com Vítima;14,001;BR-040/GO;Norte;Queda de Moto;0;0;0;1;0;0;0;0;0;0;0;0;0;0;0
25/06/2019;09:13:00;136;Acidente com Vítima;5,001;BR-040/DF;Norte;Colisão traseira;1;0;0;0;0;0;0;0;0;1;5;1;0;0;0
25/06/2019;07:18:00;94;Acidente sem Vítima;741,1;BR-040/MG;Norte;Abalroamento transversal;2;0;0;0;0;0;0;0;0;0;7;0;0;0;0
25/06/2019;06:26:00;83;Acidente sem Vítima;667,958;BR-040/MG;Sul;Colisão traseira;0;0;2;0;0;0;0;0;0;0;2;0;0;0;0
25/06/2019;03:50:00;66;Acidente sem Vítima;550,5;BR-040/MG;Sul;Choque com objeto fixo;1;0;0;0;0;0;0;0;0;0;1;0;0;0;0
25/06/2019;00:48:00;4;Acidente sem Vítima;172,1;BR-040/MG;Norte;Choque com objeto fixo;0;0;0;0;0;0;0;0;0;0;0;0;0;0;0
24/06/2019;22:26:00;326;Acidente com Vítima;293,1;BR-040/MG;Norte;Queda de Moto;0;0;0;1;0;0;0;0;0;0;0;1;0;0;0
24/06/2019;22:13:00;323;Acidente com Vítima;494,4;BR-040/MG;Sul;Queda de Moto;0;0;0;1;0;0;0;0;0;0;0;2;0;0;0
24/06/2019;18:17:00;279;Acidente com Vítima;7,1;BR-040/GO;Norte;Abalroamento longitudinal;0;0;0;1;0;0;0;0;0;0;0;1;0;0;0
24/06/2019;13:21:00;222;Acidente com Vítima;3,7;BR-040/GO;Sul;Colisão traseira;2;0;0;0;0;0;0;0;0;0;2;1;0;0;0
24/06/2019;12:07:00;200;Acidente sem Vítima;660,636;BR-040/MG;Sul;Atropelamento de animal;1;0;0;0;0;0;0;0;0;0;2;0;0;0;0
24/06/2019;10:57:00;185;Acidente sem Vítima;543,211;BR-040/MG;Sul;Colisão traseira;0;0;2;0;0;0;0;0;0;0;2;0;0;0;0
24/06/2019;10:46:00;182;Acidente sem Vítima;28,8;BR-040/MG;Norte;Choque com objeto fixo;1;0;0;0;0;0;0;0;0;0;2;0;0;0;0
24/06/2019;09:16:00;152;Acidente com Vítima;624,83;BR-040/MG;Norte;Capotamento;1;0;0;0;0;0;0;0;0;0;0;0;3;0;0
24/06/2019;08:14:00;126;Acidente sem Vítima;541,37;BR-040/MG;Sul;Colisão traseira;1;0;0;0;0;1;0;0;0;0;2;0;0;0;0
24/06/2019;07:34:00;102;Acidente sem Vítima;746,005;BR-040/MG;Sul;Abalroamento transversal;2;0;0;0;0;0;0;0;0;0;2;0;0;0;0
24/06/2019;06:53:00;81;Acidente sem Vítima;528,826;BR-040/MG;Norte;Queda de Moto;0;0;0;1;0;0;0;0;0;0;1;0;0;0;0
24/06/2019;05:09:00;70;Acidente com Vítima;407,5;BR-040/MG;Sul;Capotamento;1;0;0;0;0;0;0;0;0;0;0;1;0;0;0
24/06/2019;00:05:00;1;Acidente sem Vítima;632,477;BR-040/MG;Norte;Choque com objeto fixo;1;0;0;0;0;0;0;0;0;0;1;0;0;0;0
23/06/2019;22:07:00;285;Acidente sem Vítima;633,1;BR-040/MG;Sul;Abalroamento transversal;1;0;1;0;0;0;0;0;0;0;2;0;0;0;0
23/06/2019;19:53:00;260;Acidente sem Vítima;507,01;BR-040/MG;Sul;Choque com objeto fixo;1;0;0;0;0;0;0;0;0;0;1;0;0;0;0
23/06/2019;18:41:00;245;Acidente com Vítima;404,1;BR-040/MG;Norte;Abalroamento longitudinal;1;0;1;0;0;0;0;0;0;0;4;1;0;0;0
23/06/2019;18:20:00;238;Acidente sem Vítima;496,35;BR-040/MG;Sul;Colisão traseira;2;0;0;0;0;0;0;0;0;0;2;0;0;0;0
23/06/2019;17:16:00;220;Acidente sem Vítima;662,1;BR-040/MG;Sul;Abalroamento longitudinal;2;0;0;0;0;0;0;0;0;0;2;0;0;0;0
23/06/2019;16:36:00;205;Acidente sem Vítima;504,4;BR-040/MG;Sul;Colisão traseira;6;0;0;0;0;0;0;0;0;0;9;0;0;0;0
23/06/2019;15:57:00;190;Acidente sem Vítima;172,1;BR-040/MG;Sul;Colisão traseira;2;0;0;0;0;0;0;0;0;0;2;0;0;0;0
23/06/2019;14:58:00;170;Acidente com Vítima;771,314;BR-040/MG;Sul;Abalroamento longitudinal;2;0;0;0;0;0;0;0;0;0;4;1;0;0;0
23/06/2019;13:37:00;147;Acidente com Vítima;533,45;BR-040/MG;Norte;Colisão traseira;1;0;0;1;0;0;0;0;0;0;2;1;0;0;0
23/06/2019;11:56:00;109;Acidente sem Vítima;532,49;BR-040/MG;Sul;Colisão traseira;3;0;0;0;0;0;0;0;0;0;5;0;0;0;0
23/06/2019;11:19:00;99;Acidente sem Vítima;465,12;BR-040/MG;Sul;Colisão traseira;1;0;1;0;0;0;0;0;0;0;2;0;0;0;0
23/06/2019;06:51:00;36;Acidente com Vítima;14,1;BR-040/GO;Norte;Capotamento;1;0;0;0;0;0;0;0;0;0;0;0;0;0;0
23/06/2019;02:14:00;12;Acidente com Vítima;759,4;BR-040/MG;Sul;Queda de Carga;0;0;1;0;0;0;0;0;0;0;0;1;0;0;0
22/06/2019;20:34:00;208;Acidente com Vítima;533,626;BR-040/MG;Norte;Queda de Moto;0;0;0;1;0;0;0;0;0;0;0;1;1;0;0
22/06/2019;17:59:00;161;Acidente sem Vítima;5,01;BR-040/GO;Norte;Queda de Moto;1;0;0;0;0;0;0;0;0;0;1;0;0;0;0
22/06/2019;12:52:00;111;Acidente sem Vítima;39,1;BR-040/GO;Sul;Choque com objeto fixo;1;0;0;0;0;0;0;0;0;0;1;0;0;0;0
22/06/2019;11:10:00;101;Acidente sem Vítima;548,9;BR-040/MG;Sul;Colisão traseira;2;0;0;0;0;0;0;0;0;0;2;0;0;0;0
22/06/2019;10:25:00;96;Acidente sem Vítima;721,523;BR-040/MG;Norte;Colisão traseira;2;0;0;0;0;0;0;0;0;0;2;0;0;0;0
22/06/2019;07:43:00;55;Acidente sem Vítima;3,5;BR-040/DF;Norte;Colisão traseira;3;0;0;0;0;0;0;0;0;0;4;0;0;0;0
21/06/2019;19:44:00;256;Acidente com Vítima;385,4;BR-040/MG;Norte;Choque com objeto fixo;1;0;0;0;0;0;0;0;0;0;0;1;0;0;0
21/06/2019;15:50:00;200;Acidente sem Vítima;532,1;BR-040/MG;Norte;Queda de Moto;1;0;0;2;0;0;0;0;0;0;3;0;0;0;0
21/06/2019;15:35:00;189;Acidente sem Vítima;2,6;BR-040/GO;Norte;Abalroamento longitudinal;2;0;0;0;0;0;0;0;0;0;2;0;0;0;0
21/06/2019;14:37:00;166;Acidente sem Vítima;487,1;BR-040/MG;Sul;Colisão traseira;1;0;1;0;0;0;0;0;0;0;2;0;0;0;0
21/06/2019;11:27:00;126;Acidente com Vítima;197,05;BR-040/MG;Sul;Queda de Moto;0;0;0;1;0;0;0;0;0;0;1;1;0;0;0
21/06/2019;09:40:00;102;Acidente com Vítima;498,1;BR-040/MG;Sul;Queda de Carga;2;0;1;0;0;0;0;0;0;0;1;1;0;1;0
21/06/2019;08:17:00;82;Acidente sem Vítima;118,9;BR-040/MG;Sul;Choque com objeto fixo;1;0;0;0;0;0;0;0;0;0;1;0;0;0;0
21/06/2019;00:19:00;3;Acidente sem Vítima;465,9;BR-040/MG;Norte;Choque com objeto fixo;1;0;0;0;0;0;0;0;0;0;1;0;0;0;0
20/06/2019;20:55:00;303;Acidente com Vítima;709,6;BR-040/MG;Norte;Choque com objeto fixo;1;0;0;0;0;0;0;0;0;0;1;1;0;0;0
20/06/2019;20:47:00;301;Acidente sem Vítima;456,2;BR-040/MG;Norte;Colisão frontal;2;0;0;0;0;0;0;0;0;0;2;0;0;0;0
20/06/2019;18:50:00;282;Acidente com Vítima;43,5;BR-040/MG;Sul;Choque com objeto fixo;0;0;0;1;0;0;0;0;0;0;0;0;1;0;0
20/06/2019;15:07:00;221;Acidente sem Vítima;2,3;BR-040/GO;Sul;Colisão traseira;1;0;0;0;1;0;0;0;0;0;55;0;0;0;0
20/06/2019;14:49:00;214;Acidente sem Vítima;1,05;BR-040/GO;Norte;Colisão traseira;5;0;0;0;0;0;0;0;0;0;6;0;0;0;0
20/06/2019;14:32:00;212;Acidente com Vítima;699,9;BR-040/MG;Sul;Abalroamento longitudinal;2;0;0;0;0;0;0;0;0;0;4;1;0;0;0
20/06/2019;13:28:00;189;Acidente sem Vítima;510,3;BR-040/MG;Norte;Colisão traseira;3;0;0;0;0;0;0;0;0;0;3;0;0;0;0
20/06/2019;13:03:00;182;Acidente sem Vítima;472,4;BR-040/MG;Norte;Queda de Carga;0;0;0;0;0;0;0;0;0;1;1;0;0;0;0
20/06/2019;11:53:00;165;Acidente sem Vítima;510,45;BR-040/MG;Norte;Colisão traseira;1;0;0;0;0;1;0;0;0;0;3;0;0;0;0
20/06/2019;11:49:00;163;Acidente com Vítima;474,4;BR-040/MG;Norte;Colisão traseira;1;0;0;1;0;0;0;0;0;0;2;2;0;0;0
20/06/2019;11:09:00;152;Acidente com Vítima;299,8;BR-040/MG;Norte;Queda de Carga;1;0;0;0;0;0;0;0;0;0;0;2;0;0;0
20/06/2019;10:32:00;134;Acidente sem Vítima;518,4;BR-040/MG;Norte;Colisão traseira;3;0;0;0;0;0;0;0;0;0;7;0;0;0;0
20/06/2019;10:20:00;130;Acidente sem Vítima;585,1;BR-040/MG;Norte;Colisão traseira;1;0;0;0;0;1;0;0;0;0;2;0;0;0;0
20/06/2019;09:17:00;106;Acidente sem Vítima;463,24;BR-040/MG;Norte;Colisão traseira;2;0;0;0;0;0;0;0;0;0;5;0;0;0;0
20/06/2019;09:11:00;105;Acidente sem Vítima;702,3;BR-040/MG;Norte;Atropelamento de animal;1;0;0;0;0;0;0;0;0;0;3;0;0;0;0
20/06/2019;08:41:00;93;Acidente sem Vítima;628,8;BR-040/MG;Sul;Abalroamento longitudinal;0;0;0;0;0;1;0;0;0;0;1;0;0;0;0
20/06/2019;06:06:00;56;Acidente sem Vítima;201,1;BR-040/MG;Norte;Choque com objeto fixo;1;0;0;0;0;0;0;0;0;0;2;0;0;0;0
20/06/2019;01:48:00;16;Acidente sem Vítima;2,3;BR-040/GO;Sul;Choque com objeto fixo;1;0;0;0;0;0;0;0;0;0;2;0;0;0;0
19/06/2019;18:22:00;298;Acidente com Vítima;523,1;BR-040/MG;Norte;Queda de Moto;0;0;0;1;0;0;0;0;0;0;0;1;0;0;0
19/06/2019;18:10:00;293;Acidente sem Vítima;508,15;BR-040/MG;Sul;Colisão traseira;2;0;0;0;0;0;0;0;0;0;2;0;0;0;0
19/06/2019;17:21:00;283;Acidente com Vítima;274,1;BR-040/MG;Sul;Abalroamento longitudinal;1;0;0;1;0;0;0;0;0;0;1;0;0;1;0
19/06/2019;06:01:00;71;Acidente sem Vítima;5,005;BR-040/DF;Norte;Abalroamento longitudinal;1;0;1;0;0;0;0;0;0;0;2;0;0;0;0
19/06/2019;04:13:00;52;Acidente com Vítima;455,2;BR-040/MG;Sul;Capotamento;1;0;0;0;0;0;0;0;0;0;2;2;0;0;0
19/06/2019;02:26:00;49;Acidente sem Vítima;588,8;BR-040/MG;Norte;Atropelamento de animal;0;0;0;0;0;1;0;0;0;0;1;0;0;0;0
18/06/2019;23:59:00;358;Acidente sem Vítima;729,7;BR-040/MG;Sul;Choque com objeto fixo;0;0;1;0;0;0;0;0;0;0;1;0;0;0;0
18/06/2019;23:22:00;349;Acidente sem Vítima;517,5;BR-040/MG;Sul;Abalroamento longitudinal;2;0;0;0;0;0;0;0;0;0;3;0;0;0;0
18/06/2019;17:46:00;280;Acidente com Vítima;541,1;BR-040/MG;Norte;Abalroamento longitudinal;1;0;0;1;0;0;0;0;0;0;1;1;0;0;0
18/06/2019;17:37:00;276;Acidente com Vítima;523,25;BR-040/MG;Sul;Capotamento;1;0;0;0;0;0;0;0;0;0;0;1;0;0;0
18/06/2019;17:37:00;277;Acidente sem Vítima;24,05;BR-040/GO;Sul;Abalroamento transversal;1;0;0;1;0;0;0;0;0;0;3;0;0;0;0
18/06/2019;17:03:00;273;Acidente sem Vítima;423,1;BR-040/MG;Sul;Colisão traseira;2;0;0;0;0;0;0;0;0;0;2;0;0;0;0
18/06/2019;16:12:00;259;Acidente sem Vítima;50,8;BR-040/MG;Norte;Abalroamento transversal;2;0;0;0;0;0;0;0;0;0;4;0;0;0;0
18/06/2019;15:51:00;256;Atropelamento com Morte;27,8;BR-040/GO;Norte;Atropelamento de ciclista;0;1;1;0;0;0;0;0;0;0;2;0;0;0;1
18/06/2019;14:27:00;237;Acidente sem Vítima;5,1;BR-040/GO;Sul;Colisão traseira;2;0;0;0;0;0;0;0;0;0;2;0;0;0;0
18/06/2019;12:34:00;215;Acidente com Vítima;1,1;BR-040/DF;Norte;Abalroamento longitudinal;2;0;0;0;0;0;0;0;0;0;1;1;0;0;0
18/06/2019;11:50:00;211;Acidente sem Vítima;623,01;BR-040/MG;Norte;Colisão traseira;1;0;0;1;0;0;0;0;0;0;2;0;0;0;0
18/06/2019;11:42:00;208;Acidente sem Vítima;190,8;BR-040/MG;Sul;Colisão traseira;1;0;1;0;0;0;0;0;0;0;2;0;0;0;0
18/06/2019;11:14:00;197;Acidente com Vítima;12,1;BR-040/GO;Sul;Abalroamento transversal;1;0;0;1;0;0;0;0;0;0;1;1;0;0;0
18/06/2019;08:34:00;159;Acidente sem Vítima;336,7;BR-040/MG;Sul;Colisão traseira;1;0;1;0;0;0;0;0;0;0;2;0;0;0;0
17/06/2019;21:07:00;304;Acidente com Vítima;576,03;BR-040/MG;Norte;Abalroamento transversal;2;0;0;0;0;0;0;0;0;0;1;0;5;0;0
17/06/2019;18:48:00;275;Acidente com Vítima;465,9;BR-040/MG;Norte;Queda de Moto;0;0;0;1;0;0;0;0;0;0;1;1;0;0;0
17/06/2019;17:31:00;261;Acidente sem Vítima;1,8;BR-040/GO;Sul;Abalroamento longitudinal;1;0;0;1;0;0;0;0;0;0;2;0;0;0;0
17/06/2019;17:00:00;253;Acidente sem Vítima;527,1;BR-040/MG;Norte;Abalroamento longitudinal;1;0;1;0;0;0;0;0;0;0;2;0;0;0;0
17/06/2019;14:27:00;213;Acidente sem Vítima;658,633;BR-040/MG;Norte;Choque em defensa;1;0;0;0;0;0;0;0;0;0;1;0;0;0;0
17/06/2019;11:55:00;190;Acidente com Vítima;5,1;BR-040/GO;Sul;Abalroamento longitudinal;1;0;0;1;0;0;0;0;0;0;2;0;1;0;0
17/06/2019;09:45:00;159;Acidente sem Vítima;739,4;BR-040/MG;Norte;Queda de Carga;0;0;1;0;0;0;0;0;0;0;1;0;0;0;0
17/06/2019;08:48:00;143;Acidente sem Vítima;559,1;BR-040/MG;Norte;Choque com objeto fixo;1;0;0;0;0;0;0;0;0;0;1;0;0;0;0
17/06/2019;07:35:00;113;Acidente sem Vítima;2,1;BR-040/GO;Norte;Colisão traseira;0;0;2;0;0;0;0;0;0;0;2;0;0;0;0
17/06/2019;06:52:00;100;Acidente com Vítima;509,1;BR-040/MG;Sul;Colisão traseira;2;0;0;1;0;0;0;0;0;0;2;1;0;0;0
17/06/2019;01:19:00;41;Acidente sem Vítima;667,95;BR-040/MG;Norte;Choque com objeto fixo;1;0;0;0;0;0;0;0;0;0;1;0;0;0;0
16/06/2019;20:56:00;257;Acidente sem Vítima;141,25;BR-040/MG;Norte;Abalroamento transversal;2;0;0;0;0;0;0;0;0;0;3;0;0;0;0
16/06/2019;20:02:00;245;Acidente sem Vítima;735,3;BR-040/MG;Sul;Abalroamento longitudinal;1;0;1;0;0;0;0;0;0;0;2;0;0;0;0
16/06/2019;19:56:00;240;Acidente com Vítima;632,9;BR-040/MG;Sul;Atropelamento de animal;0;0;0;1;0;0;0;0;0;0;1;0;0;0;0
16/06/2019;19:13:00;225;Acidente com Vítima;480,4;BR-040/MG;Norte;Capotamento;1;0;0;0;0;0;0;0;0;0;0;0;2;0;0
16/06/2019;16:43:00;175;Atropelamento sem Morte;43,7;BR-040/MG;Sul;Atropelamento de ciclista;1;1;0;0;0;0;0;0;0;0;3;1;0;0;0
16/06/2019;15:48:00;162;Acidente sem Vítima;7,5;BR-040/GO;Sul;Colisão traseira;2;0;0;0;0;0;0;0;0;0;3;0;0;0;0
16/06/2019;14:54:00;148;Acidente sem Vítima;577,1;BR-040/MG;Sul;Abalroamento longitudinal;2;0;0;0;0;0;0;0;0;0;6;0;0;0;0
16/06/2019;14:03:00;132;Acidente com Vítima;123,1;BR-040/MG;Sul;Abalroamento longitudinal;2;0;0;0;0;0;0;0;0;0;4;3;0;0;0
16/06/2019;10:18:00;91;Acidente com Morte;507,4;BR-040/MG;Norte;Choque com objeto fixo;0;0;0;0;0;1;0;0;0;0;0;0;0;0;1
16/06/2019;09:53:00;84;Acidente com Vítima;44,5;BR-040/MG;Norte;Abalroamento transversal;1;0;0;1;0;0;0;0;0;0;3;0;2;0;0
16/06/2019;09:39:00;79;Acidente sem Vítima;531,8;BR-040/MG;Norte;Abalroamento longitudinal;1;0;1;0;0;0;0;0;0;0;2;0;0;0;0
16/06/2019;04:21:00;23;Acidente sem Vítima;466,02;BR-040/MG;Norte;Capotamento;1;0;0;0;0;0;0;0;0;0;1;0;0;0;0
16/06/2019;01:54:00;13;Acidente sem Vítima;39,3;BR-040/MG;Norte;Choque com objeto fixo;1;0;0;0;0;0;0;0;0;0;1;0;0;0;0
15/06/2019;22:45:00;286;Acidente sem Vítima;608,1;BR-040/MG;Norte;Queda de Carga;1;0;0;0;0;0;0;0;0;0;1;0;0;0;0
15/06/2019;21:46:00;276;Acidente com Vítima;7,01;BR-040/GO;Norte;Colisão traseira;2;0;0;0;0;0;0;0;0;0;2;1;1;0;0
15/06/2019;14:51:00;180;Acidente com Vítima;518,5;BR-040/MG;Sul;Colisão traseira;0;0;0;2;0;0;0;0;0;0;1;1;0;0;0
15/06/2019;13:05:00;155;Acidente sem Vítima;40,3;BR-040/MG;Norte;Colisão traseira;1;0;0;0;0;0;0;0;0;0;1;0;0;0;0
15/06/2019;12:54:00;153;Acidente sem Vítima;7,1;BR-040/GO;Norte;Abalroamento longitudinal;3;0;0;0;0;0;0;0;0;0;3;0;0;0;0
15/06/2019;11:16:00;135;Acidente com Vítima;483,3;BR-040/MG;Norte;Queda de Carga;1;0;1;0;0;0;0;0;0;0;1;1;1;0;0
15/06/2019;08:27:00;83;Acidente com Vítima;2,3;BR-040/DF;Norte;Queda de Moto;0;0;0;1;0;0;0;0;0;0;0;1;0;0;0
15/06/2019;08:06:00;75;Acidente sem Vítima;750,1;BR-040/MG;Norte;Outros;1;0;0;0;0;0;0;0;0;0;2;0;0;0;0
15/06/2019;07:28:00;59;Acidente sem Vítima;727,015;BR-040/MG;Sul;Capotamento;1;0;0;0;0;0;0;0;0;0;1;0;0;0;0
15/06/2019;04:32:00;33;Acidente com Vítima;527,839;BR-040/MG;Norte;Colisão frontal;1;0;0;1;0;0;0;0;0;0;1;0;1;0;0
15/06/2019;00:27:00;3;Acidente sem Vítima;515,3;BR-040/MG;Sul;Colisão traseira;0;0;2;0;0;0;0;0;0;0;2;0;0;0;0
14/06/2019;23:48:00;394;Acidente sem Vítima;541,744;BR-040/MG;Norte;Colisão traseira;2;0;1;0;0;0;0;0;0;0;3;0;0;0;0
14/06/2019;21:47:00;369;Acidente com Vítima;5,8;BR-040/GO;Sul;Queda de Moto;0;0;0;1;0;0;0;0;0;0;0;0;1;0;0
14/06/2019;21:38:00;364;Acidente sem Vítima;50,5;BR-040/MG;Sul;Choque com objeto fixo;1;0;0;0;0;0;0;0;0;0;2;0;0;0;0
14/06/2019;19:53:00;332;Acidente com Vítima;344,4;BR-040/MG;Sul;Colisão traseira;1;0;0;1;0;0;0;0;0;0;1;0;0;1;0
14/06/2019;19:50:00;331;Acidente sem Vítima;6,6;BR-040/GO;Sul;Colisão traseira;1;0;0;2;0;0;0;0;0;0;3;0;0;0;0
14/06/2019;17:46:00;297;Acidente com Vítima;527,1;BR-040/MG;Norte;Queda de Moto;0;0;0;1;0;0;0;0;0;0;1;1;0;0;0
14/06/2019;17:21:00;290;Atropelamento sem Morte;2,1;BR-040/GO;Sul;Atropelamento de pedestre atravessando;0;0;0;1;0;0;0;0;0;0;0;1;1;0;0
14/06/2019;16:30:00;280;Acidente com Vítima;771,4;BR-040/MG;Sul;Colisão traseira;2;0;0;0;0;0;0;0;0;0;3;0;1;0;0
14/06/2019;15:22:00;266;Acidente sem Vítima;496,1;BR-040/MG;Norte;Abalroamento longitudinal;1;0;1;0;0;0;0;0;0;0;2;0;0;0;0
14/06/2019;14:55:00;258;Acidente com Vítima;43,5;BR-040/MG;Sul;Queda de Moto;0;0;0;1;0;0;0;0;0;0;0;1;0;0;0
14/06/2019;14:44:00;255;Acidente sem Vítima;536,1;BR-040/MG;Norte;Colisão traseira;1;0;0;0;0;0;0;0;0;0;1;0;0;0;0
14/06/2019;13:41:00;240;Acidente sem Vítima;414,1;BR-040/MG;Sul;Colisão traseira;2;0;0;0;0;0;0;0;0;0;2;0;0;0;0
14/06/2019;12:22:00;223;Acidente sem Vítima;659,1;BR-040/MG;Sul;Outros;0;0;0;0;0;0;0;0;0;0;0;0;0;0;0
14/06/2019;11:49:00;219;Acidente com Vítima;602,15;BR-040/MG;Sul;Abalroamento transversal;0;0;0;1;0;1;0;0;0;0;1;0;1;0;0
14/06/2019;11:42:00;218;Atropelamento sem Morte;540,1;BR-040/MG;Sul;Atropelamento de pedestre atravessando;1;0;0;0;0;0;0;0;0;0;1;1;0;0;0
14/06/2019;11:39:00;217;Acidente sem Vítima;10,1;BR-040/GO;Norte;Colisão traseira;2;0;0;0;0;0;0;0;0;0;2;0;0;0;0
14/06/2019;09:40:00;189;Acidente com Vítima;740,02;BR-040/MG;Sul;Abalroamento transversal;2;0;0;0;0;0;0;0;0;0;1;0;1;0;0
14/06/2019;08:53:00;175;Acidente com Morte;549,9;BR-040/MG;Sul;Abalroamento longitudinal;2;0;0;1;0;0;0;0;0;0;2;0;0;0;1