data;horario;n_da_ocorrencia;tipo_de_ocorrencia;km;trecho;sentido;tipo_de_acidente;automovel;bicicleta;caminhao;moto;onibus;outros;tracao_animal;transporte_de_cargas_especiais;trator_maquinas;utilitarios;ilesos;levemente_feridos;moderadamente_feridos;gravemente_feridos;mortos
14/06/2019;08:20:00;162;Acidente com Vítima;5,001;BR-040/GO;Norte;Colisão traseira;1;0;0;1;0;0;0;0;0;0;1;1;0;0;0
14/06/2019;07:58:00;153;Acidente sem Vítima;462,9;BR-040/MG;Norte;Colisão traseira;2;0;0;0;0;0;0;0;0;0;2;0;0;0;0
14/06/2019;07:20:00;135;Acidente sem Vítima;472,1;BR-040/MG;Norte;Choque com objeto fixo;1;0;0;0;0;0;0;0;0;0;1;0;0;0;0
14/06/2019;06:53:00;117;Acidente sem Vítima;523,1;BR-040/MG;Sul;Colisão traseira;5;0;1;0;0;0;0;0;0;0;6;0;0;0;0
14/06/2019;05:13:00;98;Acidente sem Vítima;479,609;BR-040/MG;Norte;Choque com objeto fixo;1;0;0;0;0;0;0;0;0;0;1;0;0;0;0
14/06/2019;02:49:00;70;Acidente sem Vítima;424,933;BR-040/MG;Norte;Choque com objeto fixo;1;0;0;0;0;0;0;0;0;0;1;0;0;0;0
13/06/2019;21:50:00;376;Acidente com Vítima;533,498;BR-040/MG;Norte;Queda de Moto;0;0;0;1;0;0;0;0;0;0;0;1;0;0;0
13/06/2019;16:14:00;287;Acidente sem Vítima;721,4;BR-040/MG;Norte;Colisão traseira;1;0;0;0;0;0;0;0;0;0;1;0;0;0;0
13/06/2019;14:56:00;261;Acidente sem Vítima;652,001;BR-040/MG;Norte;Choque em defensa;1;0;0;0;0;0;0;0;0;0;1;0;0;0;0
13/06/2019;14:40:00;255;Acidente sem Vítima;135,5;BR-040/MG;Norte;Capotamento;1;0;1;0;0;0;0;0;0;0;2;0;0;0;0
13/06/2019;11:57:00;222;Acidente sem Vítima;714,15;BR-040/MG;Sul;Colisão traseira;1;0;1;0;0;0;0;0;0;0;3;0;0;0;0
13/06/2019;10:44:00;207;Acidente sem Vítima;514,1;BR-040/MG;Sul;Colisão traseira;3;0;0;0;0;0;0;0;0;0;3;0;0;0;0
13/06/2019;08:47:00;171;Acidente sem Vítima;547,1;BR-040/MG;Sul;Colisão traseira;2;0;0;0;0;0;0;0;0;0;2;0;0;0;0
13/06/2019;08:25:00;162;Acidente sem Vítima;547,1;BR-040/MG;Norte;Abalroamento longitudinal;2;0;0;0;0;0;0;0;0;0;2;0;0;0;0
13/06/2019;07:59:00;146;Acidente com Vítima;534,1;BR-040/MG;Sul;Colisão traseira;2;0;0;2;0;0;0;0;0;0;2;2;0;0;0
13/06/2019;07:59:00;147;Acidente sem Vítima;547,01;BR-040/MG;Norte;Capotamento;1;0;0;0;0;0;0;0;0;0;1;0;0;0;0
13/06/2019;07:13:00;120;Acidente sem Vítima;510,1;BR-040/MG;Norte;Choque com objeto fixo;0;0;1;0;0;0;0;0;0;0;1;0;0;0;0
13/06/2019;06:39:00;110;Acidente sem Vítima;544,1;BR-040/MG;Sul;Colisão traseira;2;0;0;0;0;0;0;0;0;0;2;0;0;0;0
13/06/2019;01:37:00;12;Acidente com Vítima;544,5;BR-040/MG;Sul;Abalroamento longitudinal;2;0;0;0;0;0;0;0;0;0;1;1;2;0;0
12/06/2019;20:21:00;332;Atropelamento com Morte;29,252;BR-040/GO;Norte;Atropelamento de pedestre atravessando;0;0;1;0;0;0;0;0;0;0;1;0;0;0;1
12/06/2019;19:49:00;320;Acidente com Vítima;134,8;BR-040/GO;Sul;Capotamento;1;0;0;0;0;0;0;0;0;0;0;1;0;0;0
12/06/2019;19:32:00;314;Acidente com Vítima;516,6;BR-040/MG;Norte;Queda de Moto;0;0;0;1;0;0;0;0;0;0;1;1;0;0;0
12/06/2019;15:50:00;255;Acidente sem Vítima;600,15;BR-040/MG;Sul;Abalroamento longitudinal;0;0;2;0;0;0;0;0;0;0;2;0;0;0;0
12/06/2019;14:44:00;243;Acidente com Vítima;531,788;BR-040/MG;Sul;Colisão traseira;0;0;1;1;0;0;0;0;0;0;1;1;0;0;0
12/06/2019;14:43:00;242;Acidente com Vítima;118,8;BR-040/MG;Norte;Abalroamento transversal;1;0;1;0;0;0;0;0;0;0;1;0;1;0;0
12/06/2019;12:32:00;219;Acidente sem Vítima;604,06;BR-040/MG;Sul;Queda de Carga;0;0;1;0;0;0;0;0;0;0;1;0;0;0;0
12/06/2019;10:04:00;180;Acidente sem Vítima;542,47;BR-040/MG;Norte;Queda de Carga;0;0;0;0;1;0;0;0;0;0;1;0;0;0;0
12/06/2019;09:41:00;172;Acidente com Vítima;561,3;BR-040/MG;Sul;Queda de Moto;0;0;0;1;0;0;0;0;0;0;0;1;0;0;0
12/06/2019;07:50:00;137;Atropelamento sem Morte;1,1;BR-040/DF;Norte;Atropelamento de pedestre atravessando;0;0;0;1;0;0;0;0;0;0;1;0;1;0;0
12/06/2019;07:03:00;118;Acidente com Vítima;544,6;BR-040/MG;Norte;Choque em defensa;1;0;0;0;0;0;0;0;0;0;1;1;0;0;0
12/06/2019;06:48:00;110;Acidente com Vítima;527,8;BR-040/MG;Sul;Capotamento;1;0;0;0;0;0;0;0;0;0;1;1;0;0;0
12/06/2019;05:52:00;71;Acidente sem Vítima;507,3;BR-040/MG;Norte;Atropelamento de animal;0;0;1;0;0;0;0;0;0;0;1;0;0;0;0
11/06/2019;19:22:00;363;Acidente com Vítima;4,1;BR-040/GO;Sul;Colisão traseira;1;0;0;1;1;0;0;0;0;0;3;0;0;0;0
11/06/2019;18:29:00;345;Acidente sem Vítima;1,8;BR-040/DF;Sul;Colisão traseira;2;0;0;0;0;0;0;0;0;0;2;0;0;0;0
11/06/2019;16:08:00;305;Acidente sem Vítima;594,2;BR-040/MG;Sul;Colisão traseira;0;0;2;0;0;0;0;0;0;0;2;0;0;0;0
11/06/2019;14:24:00;283;Acidente com Vítima;462,2;BR-040/MG;Sul;Capotamento;0;0;1;0;0;0;0;0;0;0;1;0;0;1;0
11/06/2019;14:04:00;270;Acidente sem Vítima;477,4;BR-040/MG;Norte;Choque com objeto fixo;1;0;0;0;0;0;0;0;0;0;1;0;0;0;0
11/06/2019;13:19:00;255;Acidente sem Vítima;7,1;BR-040/GO;Norte;Abalroamento transversal;1;0;0;0;0;0;0;0;0;0;1;0;0;0;0
11/06/2019;11:22:00;225;Acidente sem Vítima;741,2;BR-040/MG;Sul;Choque com objeto fixo;1;0;0;0;0;0;0;0;0;0;1;0;0;0;0
11/06/2019;09:31:00;187;Acidente com Vítima;472,8;BR-040/MG;Norte;Abalroamento longitudinal;1;0;1;0;0;0;0;0;0;0;2;1;0;0;0
11/06/2019;08:50:00;173;Acidente sem Vítima;618,1;BR-040/MG;Norte;Capotamento;1;0;0;0;0;0;0;0;0;0;1;0;0;0;0
11/06/2019;06:42:00;115;Acidente sem Vítima;515,8;BR-040/MG;Sul;Colisão traseira;1;0;1;0;0;0;0;0;0;0;10;0;0;0;0
11/06/2019;06:22:00;107;Acidente com Vítima;536,4;BR-040/MG;Sul;Queda de Moto;0;0;0;1;0;0;0;0;0;0;0;1;0;0;0
11/06/2019;03:41:00;29;Acidente sem Vítima;675,514;BR-040/MG;Sul;Queda de Carga;0;0;1;0;0;0;0;0;0;0;1;0;0;0;0
11/06/2019;02:38:00;25;Acidente sem Vítima;24,7;BR-040/GO;Norte;Choque com objeto fixo;0;0;1;0;0;0;0;0;0;0;1;0;0;0;0
10/06/2019;19:50:00;301;Atropelamento sem Morte;15,1;BR-040/GO;Norte;Atropelamento de ciclista;1;0;0;0;0;0;0;0;0;0;2;0;0;0;0
10/06/2019;17:39:00;268;Acidente sem Vítima;3,8;BR-040/GO;Sul;Colisão traseira;2;0;0;0;0;0;0;0;0;0;1;0;0;0;0
10/06/2019;17:31:00;266;Acidente sem Vítima;487,1;BR-040/MG;Sul;Colisão traseira;2;0;0;0;0;0;0;0;0;0;2;0;0;0;0
10/06/2019;15:45:00;251;Acidente sem Vítima;2,3;BR-040/GO;Norte;Queda de Moto;1;0;0;1;0;0;0;0;0;0;2;0;0;0;0
10/06/2019;13:41:00;229;Acidente com Vítima;2,8;BR-040/GO;Sul;Abalroamento longitudinal;1;0;0;1;0;0;0;0;0;0;1;0;1;0;0
10/06/2019;12:48:00;221;Acidente sem Vítima;673,937;BR-040/MG;Sul;Colisão traseira;1;0;1;0;0;0;0;0;0;0;2;0;0;0;0
10/06/2019;11:24:00;202;Acidente com Vítima;121,2;BR-040/MG;Sul;Choque com objeto fixo;1;0;0;0;0;1;0;0;0;0;0;0;1;0;0
10/06/2019;10:42:00;188;Acidente sem Vítima;585,663;BR-040/MG;Sul;Abalroamento longitudinal;1;0;1;0;0;0;0;0;0;0;2;0;0;0;0
10/06/2019;10:42:00;189;Acidente sem Vítima;545,1;BR-040/MG;Sul;Choque em barreira New Jersey;1;0;0;0;0;0;0;0;0;0;1;0;0;0;0
10/06/2019;08:15:00;140;Acidente com Vítima;49,1;BR-040/MG;Sul;Queda de Moto;0;0;0;1;0;0;0;0;0;0;1;1;0;0;0
09/06/2019;22:12:00;242;Acidente sem Vítima;483,5;BR-040/MG;Sul;Choque com objeto fixo;1;0;0;0;0;0;0;0;0;0;1;0;0;0;0
09/06/2019;20:42:00;221;Acidente com Vítima;143,998;BR-040/MG;Norte;Abalroamento longitudinal;2;0;0;0;0;0;0;0;0;0;0;0;0;0;0
09/06/2019;20:06:00;219;Acidente sem Vítima;538,9;BR-040/MG;Norte;Colisão traseira;1;0;1;0;0;0;0;0;0;0;3;0;0;0;0
09/06/2019;19:51:00;211;Acidente com Vítima;537,8;BR-040/MG;Sul;Abalroamento longitudinal;1;0;0;1;0;0;0;0;0;0;1;0;0;0;0
09/06/2019;18:51:00;194;Acidente com Vítima;514,2;BR-040/MG;Sul;Choque com objeto fixo;1;0;0;0;0;0;0;0;0;0;0;0;1;0;0
09/06/2019;18:42:00;192;Acidente sem Vítima;12,5;BR-040/GO;Sul;Colisão traseira;2;0;0;0;0;0;0;0;0;0;1;0;0;0;0
09/06/2019;18:27:00;187;Atropelamento sem Morte;524,9;BR-040/MG;Norte;Atropelamento de pedestre atravessando;0;0;0;1;0;0;0;0;0;0;0;0;0;1;0
09/06/2019;18:01:00;178;Acidente com Vítima;690,4;BR-040/MG;Norte;Abalroamento transversal;2;0;0;0;0;0;0;0;0;0;1;2;0;0;0
09/06/2019;15:08:00;136;Acidente com Vítima;757,321;BR-040/MG;Sul;Queda de Moto;0;0;0;1;0;0;0;0;0;0;0;1;0;0;0
09/06/2019;14:48:00;135;Acidente com Vítima;167,2;BR-040/MG;Sul;Capotamento;1;0;0;0;0;0;0;0;0;0;1;1;0;0;0
09/06/2019;14:29:00;132;Acidente com Vítima;506,1;BR-040/MG;Norte;Colisão traseira;2;0;0;0;0;0;0;0;0;0;2;0;1;0;0
09/06/2019;14:00:00;125;Acidente sem Vítima;502,1;BR-040/MG;Sul;Abalroamento longitudinal;1;0;1;0;0;0;0;0;0;0;3;0;0;0;0
09/06/2019;07:12:00;40;Acidente sem Vítima;726,032;BR-040/MG;Sul;Choque em barreira New Jersey;1;0;0;0;0;0;0;0;0;0;1;0;0;0;0
09/06/2019;06:07:00;28;Acidente com Vítima;618,517;BR-040/MG;Sul;Colisão traseira;4;0;0;0;0;0;0;0;0;0;4;0;2;0;0
09/06/2019;02:48:00;15;Acidente sem Vítima;548,5;BR-040/MG;Norte;Queda de Carga;0;0;1;0;0;0;0;0;0;0;2;0;0;0;0
09/06/2019;02:07:00;9;Acidente com Vítima;26,3;BR-040/GO;Norte;Queda de Moto;0;0;0;1;0;0;0;0;0;0;0;0;1;0;0
08/06/2019;23:15:00;318;Acidente com Vítima;515,1;BR-040/MG;Norte;Colisão traseira;1;0;0;1;0;0;0;0;0;0;1;0;1;0;0
08/06/2019;17:27:00;247;Acidente sem Vítima;703,1;BR-040/MG;Sul;Choque com objeto fixo;1;0;0;0;0;0;0;0;0;0;1;0;0;0;0
08/06/2019;11:03:00;143;Acidente sem Vítima;3,2;BR-040/GO;Norte;Colisão traseira;4;0;0;0;0;0;0;0;0;0;8;0;0;0;0
08/06/2019;08:25:00;87;Acidente sem Vítima;507,7;BR-040/MG;Norte;Colisão traseira;2;0;0;0;0;0;0;0;0;0;2;0;0;0;0
08/06/2019;07:24:00;67;Acidente sem Vítima;443,4;BR-040/MG;Sul;Queda de Carga;0;0;1;0;0;0;0;0;0;0;22;0;0;0;0
08/06/2019;06:40:00;50;Atropelamento com Morte;507,44;BR-040/MG;Sul;Atropelamento de pedestre atravessando;1;0;0;0;0;0;0;0;0;0;1;0;0;0;1
08/06/2019;03:59:00;29;Acidente sem Vítima;6,8;BR-040/GO;Sul;Choque com objeto fixo;1;0;0;0;0;0;0;0;0;0;1;0;0;0;0
08/06/2019;03:16:00;24;Acidente sem Vítima;448,5;BR-040/MG;Norte;Colisão traseira;1;0;1;0;0;0;0;0;0;0;2;0;0;0;0
07/06/2019;22:25:00;393;Acidente com Morte;281,3;BR-040/MG;Sul;Colisão frontal;2;0;0;0;0;0;0;0;0;0;0;1;1;0;1
07/06/2019;18:30:00;331;Acidente sem Vítima;522,1;BR-040/MG;Norte;Colisão traseira;2;0;1;0;0;0;0;0;0;0;3;0;0;0;0
07/06/2019;18:02:00;323;Acidente com Vítima;507,5;BR-040/MG;Sul;Queda de Moto;0;0;0;1;0;0;0;0;0;0;0;0;1;0;0
07/06/2019;17:54:00;322;Acidente com Vítima;1,1;BR-040/GO;Sul;Colisão traseira;0;0;1;1;0;0;0;0;0;0;1;0;0;0;0
07/06/2019;10:37:00;191;Acidente sem Vítima;755,212;BR-040/MG;Sul;Abalroamento longitudinal;0;0;2;0;0;0;0;0;0;0;2;0;0;0;0
07/06/2019;08:20:00;140;Acidente sem Vítima;546,4;BR-040/MG;Norte;Abalroamento longitudinal;1;0;1;0;0;0;0;0;0;0;2;0;0;0;0
07/06/2019;08:12:00;134;Acidente sem Vítima;540,8;BR-040/MG;Sul;Colisão traseira;2;0;0;0;0;0;0;0;0;0;2;0;0;0;0
07/06/2019;04:53:00;80;Acidente sem Vítima;526,8;BR-040/MG;Sul;Colisão traseira;2;0;0;0;0;0;0;0;0;0;2;0;0;0;0
07/06/2019;04:30:00;78;Acidente sem Vítima;303,5;BR-040/MG;Sul;Colisão traseira;1;0;1;0;0;0;0;0;0;0;2;0;0;0;0
06/06/2019;21:44:00;312;Atropelamento sem Morte;576,3;BR-040/MG;Norte;Atropelamento de pedestre atravessando;1;0;0;0;0;0;0;0;0;0;1;0;1;0;0
06/06/2019;21:32:00;308;Acidente com Vítima;528,5;BR-040/MG;Sul;Queda de Moto;0;0;0;1;0;0;0;0;0;0;0;1;0;0;0
06/06/2019;20:25:00;294;Acidente com Vítima;527,3;BR-040/MG;Norte;Queda de Moto;0;0;0;1;0;0;0;0;0;0;0;1;0;0;0
06/06/2019;20:24:00;293;Acidente com Vítima;1,9;BR-040/GO;Norte;Colisão traseira;1;0;0;1;0;0;0;0;0;0;2;0;1;0;0
06/06/2019;19:19:00;276;Acidente sem Vítima;0,5;BR-040/DF;Sul;Abalroamento longitudinal;1;0;1;0;0;0;0;0;0;0;2;0;0;0;0
06/06/2019;17:37:00;247;Acidente sem Vítima;406,3;BR-040/MG;Norte;Choque com objeto fixo;1;0;0;0;0;0;0;0;0;0;1;0;0;0;0
06/06/2019;17:32:00;242;Acidente com Vítima;614,5;BR-040/MG;Norte;Abalroamento transversal;2;0;0;0;0;0;0;0;0;0;1;0;2;0;0
06/06/2019;17:31:00;241;Acidente sem Vítima;645,5;BR-040/MG;Norte;Atropelamento de animal;0;0;1;0;0;0;0;0;0;0;1;0;0;0;0
06/06/2019;16:04:00;219;Atropelamento sem Morte;0,4;BR-040/GO;Sul;Atropelamento de pedestre atravessando;0;0;0;1;0;0;0;0;0;0;1;1;0;0;0
06/06/2019;15:53:00;216;Acidente sem Vítima;604,522;BR-040/MG;Norte;Abalroamento longitudinal;2;0;0;0;0;0;0;0;0;0;2;0;0;0;0
06/06/2019;15:20:00;213;Acidente sem Vítima;7,8;BR-040/GO;Norte;Colisão traseira;1;0;0;1;0;0;0;0;0;0;2;0;0;0;0
06/06/2019;14:37:00;204;Acidente com Vítima;144,1;BR-040/MG;Norte;Abalroamento transversal;2;0;0;0;0;0;0;0;0;0;2;0;0;0;0
06/06/2019;09:02:00;145;Acidente sem Vítima;128,9;BR-040/MG;Norte;Choque com objeto fixo;1;0;0;0;0;0;0;0;0;0;2;0;0;0;0
06/06/2019;06:16:00;83;Acidente sem Vítima;511,1;BR-040/MG;Sul;Colisão traseira;4;0;0;0;0;0;0;0;0;0;4;0;0;0;0
06/06/2019;05:26:00;80;Acidente sem Vítima;513,05;BR-040/MG;Sul;Colisão traseira;2;0;0;0;1;0;0;0;0;0;3;0;0;0;0
05/06/2019;23:02:00;351;Acidente com Vítima;2,2;BR-040/GO;Sul;Choque com objeto fixo;1;0;0;0;0;0;0;0;0;0;1;1;0;0;0
05/06/2019;23:01:00;350;Acidente sem Vítima;224,5;BR-040/MG;Sul;Queda de Carga;0;0;1;0;0;0;0;0;0;0;1;0;0;0;0
05/06/2019;19:21:00;299;Acidente com Vítima;533,9;BR-040/MG;Norte;Queda de Moto;0;0;0;1;0;0;0;0;0;0;0;1;0;0;0
05/06/2019;18:45:00;287;Atropelamento sem Morte;531,5;BR-040/MG;Sul;Atropelamento de pedestre atravessando;0;0;0;1;0;0;0;0;0;0;0;2;0;0;0
05/06/2019;18:29:00;283;Atropelamento sem Morte;5,01;BR-040/GO;Norte;Atropelamento de ciclista;0;1;0;0;1;0;0;0;0;0;1;0;0;0;0
05/06/2019;14:53:00;235;Acidente sem Vítima;48,8;BR-040/GO;Sul;Colisão traseira;1;0;2;0;0;0;0;0;0;0;3;0;0;0;0
05/06/2019;13:51:00;224;Acidente sem Vítima;535,4;BR-040/MG;Norte;Abalroamento longitudinal;1;0;1;0;0;0;0;0;0;0;2;0;0;0;0
05/06/2019;13:40:00;220;Acidente sem Vítima;69,25;BR-040/MG;Sul;Colisão traseira;1;0;0;1;0;0;0;0;0;0;2;0;0;0;0
05/06/2019;13:24:00;215;Acidente sem Vítima;633,3;BR-040/MG;Norte;Colisão traseira;0;0;2;0;0;0;0;0;0;0;2;0;0;0;0
05/06/2019;13:14:00;212;Atropelamento sem Morte;0,1;BR-040/GO;Norte;Atropelamento de pedestre atravessando;1;0;1;0;0;0;0;0;0;0;2;0;0;1;0
05/06/2019;09:22:00;162;Acidente sem Vítima;339,5;BR-040/MG;Sul;Abalroamento longitudinal;1;0;1;0;0;0;0;0;0;0;2;0;0;0;0
05/06/2019;08:16:00;137;Acidente sem Vítima;726,907;BR-040/MG;Norte;Choque em barreira New Jersey;1;0;0;0;0;0;0;0;0;0;1;0;0;0;0
05/06/2019;07:29:00;115;Acidente sem Vítima;551,1;BR-040/MG;Norte;Colisão traseira;2;0;0;0;0;0;0;0;0;0;2;0;0;0;0
05/06/2019;07:00:00;105;Acidente sem Vítima;540,1;BR-040/MG;Sul;Colisão traseira;3;0;0;0;0;0;0;0;0;0;3;0;0;0;0
04/06/2019;22:45:00;389;Acidente com Vítima;24,8;BR-040/GO;Norte;Abalroamento transversal;0;0;0;2;0;0;0;0;0;0;0;0;1;0;0
04/06/2019;22:37:00;388;Acidente sem Vítima;288,1;BR-040/MG;Norte;Outros;1;0;0;0;0;0;0;0;0;0;0;0;0;0;0
04/06/2019;20:41:00;370;Acidente sem Vítima;516,12;BR-040/MG;Norte;Colisão traseira;1;0;0;0;1;0;0;0;0;0;21;0;0;0;0
04/06/2019;20:29:00;364;Acidente com Vítima;509,12;BR-040/MG;Sul;Atropelamento de animal;0;0;0;1;0;0;0;0;0;0;1;1;0;0;0
04/06/2019;18:29:00;322;Acidente com Vítima;510,12;BR-040/MG;Sul;Queda de Moto;0;0;0;1;0;0;0;0;0;0;0;1;0;0;0
04/06/2019;18:15:00;321;Acidente com Vítima;96,01;BR-040/GO;Sul;Colisão frontal;1;0;0;1;0;0;0;0;0;0;1;0;1;0;0
04/06/2019;17:57:00;316;Acidente com Vítima;608,351;BR-040/MG;Norte;Abalroamento longitudinal;1;0;1;0;0;0;0;0;0;0;2;1;0;0;0
04/06/2019;16:09:00;291;Acidente sem Vítima;541,4;BR-040/MG;Norte;Choque com objeto fixo;0;0;1;0;0;0;0;0;0;0;1;0;0;0;0
04/06/2019;15:56:00;287;Acidente sem Vítima;749,5;BR-040/MG;Norte;Queda de Carga;0;0;1;0;0;0;0;0;0;0;1;0;0;0;0
04/06/2019;14:27:00;267;Acidente com Vítima;741,5;BR-040/MG;Norte;Capotamento;1;0;0;0;0;0;0;0;0;0;5;0;1;0;0
04/06/2019;14:26:00;266;Acidente sem Vítima;450,4;BR-040/MG;Sul;Choque com objeto fixo;1;0;0;0;0;0;0;0;0;0;1;0;0;0;0
04/06/2019;12:52:00;241;Acidente sem Vítima;588,321;BR-040/MG;Sul;Abalroamento longitudinal;0;0;2;0;0;0;0;0;0;0;2;0;0;0;0
04/06/2019;12:32:00;237;Acidente sem Vítima;716,31;BR-040/MG;Sul;Queda de Carga;0;0;1;0;0;0;0;0;0;0;1;0;0;0;0
04/06/2019;11:37:00;222;Acidente com Vítima;8,2;BR-040/GO;Sul;Abalroamento longitudinal;1;0;0;0;0;0;0;0;0;0;0;0;1;0;0
04/06/2019;11:25:00;221;Acidente com Vítima;111,1;BR-040/MG;Norte;Abalroamento longitudinal;1;0;0;1;0;0;0;0;0;0;1;1;0;0;0
04/06/2019;11:16:00;215;Acidente sem Vítima;555,4;BR-040/MG;Norte;Colisão traseira;0;0;1;0;0;1;0;0;0;0;3;0;0;0;0
04/06/2019;10:20:00;190;Acidente sem Vítima;754,213;BR-040/MG;Sul;Choque com objeto fixo;1;0;0;0;0;0;0;0;0;0;1;0;0;0;0
04/06/2019;10:12:00;188;Acidente com Vítima;762,561;BR-040/MG;Sul;Choque com objeto fixo;1;0;2;0;0;0;0;0;0;0;7;1;0;0;0
04/06/2019;09:43:00;177;Acidente sem Vítima;541,12;BR-040/MG;Norte;Colisão traseira;2;0;0;0;0;0;0;0;0;0;2;0;0;0;0
04/06/2019;06:21:00;96;Acidente sem Vítima;558,8;BR-040/MG;Norte;Choque com objeto fixo;2;0;0;0;0;0;0;0;0;0;2;0;0;0;0
04/06/2019;06:06:00;90;Acidente com Vítima;9,8;BR-040/GO;Norte;Colisão traseira;0;0;0;1;0;0;0;0;0;0;1;1;0;0;0
03/06/2019;20:55:00;380;Acidente sem Vítima;625,6;BR-040/MG;Sul;Queda de Moto;0;0;1;1;0;0;0;0;0;0;2;0;0;0;0
03/06/2019;20:25:00;367;Acidente com Vítima;529,12;BR-040/MG;Sul;Queda de Moto;0;0;0;1;0;0;0;0;0;0;0;2;0;0;0
03/06/2019;20:10:00;360;Acidente sem Vítima;477,152;BR-040/MG;Norte;Choque com objeto fixo;1;0;0;0;0;0;0;0;0;0;1;0;0;0;0
03/06/2019;19:49:00;350;Acidente sem Vítima;513,2;BR-040/MG;Sul;Queda de Carga;1;0;0;0;0;0;0;0;0;0;1;0;0;0;0
03/06/2019;19:00:00;337;Acidente sem Vítima;553,12;BR-040/MG;Sul;Choque com objeto fixo;1;0;0;0;0;0;0;0;0;0;3;0;0;0;0
03/06/2019;18:28:00;327;Acidente sem Vítima;4,4;BR-040/DF;Sul;Colisão traseira;1;0;0;0;0;0;0;0;0;0;2;0;0;0;0
03/06/2019;17:18:00;310;Acidente com Vítima;41,299;BR-040/GO;Sul;Queda de Carga;0;0;1;0;0;0;0;0;0;0;0;0;1;0;0
03/06/2019;17:05:00;306;Acidente sem Vítima;749,5;BR-040/MG;Norte;Choque em defensa;1;0;0;0;0;0;0;0;0;0;1;0;0;0;0
03/06/2019;14:48:00;275;Acidente sem Vítima;5,5;BR-040/DF;Sul;Capotamento;1;0;0;0;0;0;0;0;0;0;1;0;0;0;0
03/06/2019;12:28:00;227;Acidente sem Vítima;67,65;BR-040/GO;Norte;Choque com objeto fixo;1;0;0;0;0;0;0;0;0;0;1;0;0;0;0
03/06/2019;10:34:00;197;Acidente sem Vítima;522,9;BR-040/MG;Sul;Colisão traseira;0;0;1;1;0;0;0;0;0;0;3;0;0;0;0
03/06/2019;09:24:00;179;Acidente com Vítima;522,9;BR-040/MG;Sul;Capotamento;1;0;0;0;0;0;0;0;0;0;1;0;1;0;0
03/06/2019;08:49:00;165;Acidente com Vítima;597,5;BR-040/MG;Norte;Abalroamento transversal;0;0;3;0;0;0;0;0;0;0;2;0;1;0;0
03/06/2019;08:15:00;153;Acidente com Vítima;519,7;BR-040/MG;Sul;Colisão traseira;1;0;0;2;0;0;0;0;0;0;2;0;2;0;0
03/06/2019;06:58:00;120;Acidente com Vítima;523,5;BR-040/MG;Norte;Queda de Moto;0;0;0;1;0;0;0;0;0;0;1;1;0;0;0
03/06/2019;06:48:00;116;Acidente com Vítima;624,05;BR-040/MG;Sul;Colisão traseira;1;0;1;1;0;0;0;0;0;0;2;1;0;0;0
03/06/2019;06:03:00;104;Acidente com Vítima;0,5;BR-040/GO;Norte;Abalroamento longitudinal;1;0;0;1;0;0;0;0;0;0;2;1;0;0;0
02/06/2019;23:20:00;316;Acidente sem Vítima;762,5;BR-040/MG;Norte;Queda de Moto;0;0;0;1;0;0;0;0;0;0;1;0;0;0;0
02/06/2019;22:36:00;309;Atropelamento com Morte;507,5;BR-040/MG;Sul;Atropelamento de pedestre atravessando;0;0;0;0;1;0;0;0;0;0;1;0;0;0;1
02/06/2019;21:08:00;290;Acidente com Morte;545,2;BR-040/MG;Norte;Queda de Moto;1;0;0;1;0;0;0;0;0;0;3;0;0;0;1
02/06/2019;18:44:00;240;Acidente com Vítima;553,3;BR-040/MG;Norte;Colisão traseira;2;0;0;1;0;0;0;0;0;0;3;0;1;0;0
02/06/2019;14:19:00;171;Acidente com Vítima;5,8;BR-040/DF;Norte;Colisão traseira;1;0;0;0;0;0;0;0;0;1;7;1;0;0;0
02/06/2019;13:05:00;152;Acidente com Vítima;0,5;BR-040/DF;Sul;Choque em barreira New Jersey;1;0;0;0;0;0;0;0;0;0;1;1;0;0;0
02/06/2019;11:45:00;140;Acidente com Vítima;527,25;BR-040/MG;Norte;Capotamento;1;0;0;0;0;0;0;0;0;0;0;1;0;0;0
02/06/2019;08:36:00;92;Atropelamento sem Morte;543,1;BR-040/MG;Sul;Atropelamento de ciclista;1;1;0;0;0;0;0;0;0;0;1;1;0;0;0
02/06/2019;04:16:00;41;Acidente com Vítima;509,2;BR-040/MG;Norte;Capotamento;1;0;0;0;0;0;0;0;0;0;0;0;1;0;0
01/06/2019;22:10:00;256;Acidente sem Vítima;533,5;BR-040/MG;Sul;Choque com objeto fixo;0;0;0;1;0;0;0;0;0;0;1;0;0;0;0
01/06/2019;21:20:00;243;Acidente sem Vítima;524,2;BR-040/MG;Sul;Choque com objeto fixo;1;0;0;0;0;0;0;0;0;0;1;0;0;0;0
01/06/2019;17:55:00;204;Atropelamento sem Morte;141,06;BR-040/MG;Norte;Atropelamento de pedestre atravessando;0;0;0;0;1;0;0;0;0;0;40;0;0;0;0
01/06/2019;15:54:00;182;Acidente sem Vítima;1,2;BR-040/GO;Norte;Colisão traseira;0;0;0;2;0;0;0;0;0;0;2;0;0;0;0