data;horario;n_da_ocorrencia;tipo_de_ocorrencia;km;trecho;sentido;tipo_de_acidente;automovel;bicicleta;caminhao;moto;onibus;outros;tracao_animal;transporte_de_cargas_especiais;trator_maquinas;utilitarios;ilesos;levemente_feridos;moderadamente_feridos;gravemente_feridos;mortos
19/07/2019;15:59:00;273;Acidente sem Vítima;566,1;BR-040/MG;Sul;Queda de Carga;1;0;1;0;0;0;0;0;0;0;2;0;0;0;0
19/07/2019;15:30:00;266;Acidente sem Vítima;668,15;BR-040/MG;Sul;Abalroamento transversal;2;0;0;1;0;0;0;0;0;0;3;0;0;0;0
19/07/2019;15:02:00;257;Acidente sem Vítima;4,8;BR-040/GO;Norte;Colisão traseira;3;0;0;0;0;0;0;0;0;0;3;0;0;0;0
19/07/2019;15:00:00;255;Acidente sem Vítima;461,1;BR-040/MG;Sul;Abalroamento longitudinal;2;0;0;0;0;0;0;0;0;0;2;0;0;0;0
19/07/2019;14:46:00;248;Acidente sem Vítima;3,6;BR-040/DF;Norte;Queda de Moto;0;0;0;1;0;0;0;0;0;0;1;0;0;0;0
19/07/2019;13:54:00;236;Acidente sem Vítima;565,1;BR-040/MG;Norte;Colisão traseira;2;0;0;0;0;0;0;0;0;0;2;0;0;0;0
19/07/2019;13:45:00;233;Acidente sem Vítima;2,5;BR-040/DF;Sul;Choque em defensa;1;0;0;0;0;0;0;0;0;0;1;0;0;0;0
19/07/2019;12:37:00;217;Acidente com Morte;87,35;BR-040/MG;Sul;Abalroamento longitudinal;2;0;2;0;0;0;0;0;0;0;6;1;0;0;4
19/07/2019;11:58:00;206;Acidente sem Vítima;480,8;BR-040/MG;Sul;Choque com objeto fixo;2;0;0;0;0;0;0;0;0;0;2;0;0;0;0
19/07/2019;10:26:00;178;Acidente sem Vítima;534,7;BR-040/MG;Sul;Colisão traseira;2;0;0;0;0;0;0;0;0;0;2;0;0;0;0
19/07/2019;07:16:00;116;Acidente sem Vítima;523,5;BR-040/MG;Sul;Colisão traseira;4;0;0;0;0;0;0;0;0;0;4;0;0;0;0
19/07/2019;06:16:00;98;Acidente sem Vítima;544,01;BR-040/MG;Norte;Colisão traseira;1;0;0;0;1;0;0;0;0;0;2;0;0;0;0
19/07/2019;05:18:00;94;Acidente com Vítima;2,8;BR-040/GO;Sul;Colisão traseira;1;0;0;1;0;0;0;0;0;0;1;1;0;0;0
19/07/2019;03:38:00;88;Acidente sem Vítima;296,2;BR-040/MG;Sul;Atropelamento de animal;1;0;0;0;0;0;0;0;0;0;4;0;0;0;0
18/07/2019;23:24:00;377;Acidente sem Vítima;566,1;BR-040/MG;Sul;Choque em defensa;1;0;0;0;0;0;0;0;0;0;1;0;0;0;0
18/07/2019;22:23:00;367;Acidente sem Vítima;338,5;BR-040/MG;Sul;Abalroamento longitudinal;1;0;1;0;0;0;0;0;0;0;5;0;0;0;0
18/07/2019;20:24:00;342;Acidente com Vítima;5,2;BR-040/DF;Sul;Colisão traseira;3;0;0;0;0;0;0;0;0;0;2;0;1;0;0
18/07/2019;17:33:00;297;Acidente com Vítima;3,432;BR-040/GO;Sul;Colisão traseira;0;0;0;1;0;0;0;0;0;0;0;0;0;0;0
18/07/2019;15:38:00;263;Acidente sem Vítima;588,2;BR-040/MG;Norte;Queda de Moto;1;0;0;0;0;0;0;0;0;0;1;0;0;0;0
18/07/2019;14:33:00;251;Acidente sem Vítima;536,168;BR-040/MG;Norte;Colisão traseira;0;0;2;0;0;0;0;0;0;0;2;0;0;0;0
18/07/2019;11:06:00;205;Acidente com Vítima;75,022;BR-040/MG;Norte;Capotamento;1;0;0;0;0;0;0;0;0;0;0;1;0;0;0
18/07/2019;08:57:00;164;Acidente sem Vítima;577,15;BR-040/MG;Sul;Choque com objeto fixo;1;0;0;0;0;0;0;0;0;0;2;0;0;0;0
18/07/2019;04:10:00;84;Acidente sem Vítima;666,8;BR-040/MG;Sul;Queda de Carga;0;0;1;0;0;0;0;0;0;0;7;2;0;0;0
18/07/2019;00:04:00;3;Atropelamento com Morte;4,4;BR-040/GO;Sul;Atropelamento de pedestre atravessando;0;0;0;1;0;0;0;0;0;0;0;0;0;1;1
17/07/2019;19:42:00;315;Acidente com Vítima;529,1;BR-040/MG;Sul;Abalroamento longitudinal;1;0;0;1;0;0;0;0;0;0;1;0;1;0;0
17/07/2019;19:29:00;311;Acidente com Vítima;1,3;BR-040/DF;Sul;Queda de Moto;0;0;0;1;0;0;0;0;0;0;0;0;0;0;0
17/07/2019;19:26:00;308;Acidente sem Vítima;93,1;BR-040/GO;Norte;Colisão traseira;2;0;0;0;0;0;0;0;0;0;2;0;0;0;0
17/07/2019;19:21:00;307;Acidente sem Vítima;537,1;BR-040/MG;Norte;Colisão traseira;3;0;0;0;0;0;0;0;0;0;3;0;0;0;0
17/07/2019;18:34:00;296;Acidente sem Vítima;538,1;BR-040/MG;Norte;Colisão traseira;3;0;2;0;0;0;0;0;0;0;5;0;0;0;0
17/07/2019;18:27:00;295;Acidente sem Vítima;509,502;BR-040/MG;Norte;Colisão traseira;2;0;0;0;0;0;0;0;0;0;2;0;0;0;0
17/07/2019;17:21:00;280;Acidente sem Vítima;109,765;BR-040/GO;Sul;Atropelamento de animal;1;0;0;0;0;0;0;0;0;0;1;0;0;0;0
17/07/2019;16:42:00;268;Acidente com Vítima;635,4;BR-040/MG;Sul;Abalroamento transversal;2;0;1;1;0;0;0;0;0;0;2;0;0;0;0
17/07/2019;14:05:00;226;Acidente sem Vítima;6,4;BR-040/GO;Norte;Colisão traseira;2;0;0;0;0;0;0;0;0;0;2;0;0;0;0
17/07/2019;11:13:00;196;Acidente com Vítima;527,394;BR-040/MG;Sul;Abalroamento longitudinal;0;0;1;0;1;0;0;0;0;0;16;1;0;0;0
17/07/2019;05:08:00;96;Acidente sem Vítima;743,692;BR-040/MG;Norte;Queda de Carga;0;0;1;0;0;0;0;0;0;0;1;0;0;0;0
17/07/2019;00:08:00;2;Acidente sem Vítima;530,3;BR-040/MG;Sul;Colisão traseira;0;0;2;0;0;0;0;0;0;0;2;0;0;0;0
16/07/2019;23:08:00;345;Acidente com Vítima;281,432;BR-040/MG;Norte;Choque com objeto fixo;1;0;0;0;0;0;0;0;0;0;0;0;1;0;0
16/07/2019;20:05:00;315;Acidente com Vítima;534,719;BR-040/MG;Sul;Colisão traseira;1;0;0;1;0;0;0;0;0;0;1;1;0;0;0
16/07/2019;19:13:00;300;Acidente com Vítima;535,486;BR-040/MG;Norte;Queda de Carga;0;0;0;1;0;0;0;0;0;0;0;1;0;0;0
16/07/2019;18:43:00;286;Acidente sem Vítima;543,1;BR-040/MG;Norte;Colisão traseira;3;0;0;0;0;0;0;0;0;0;3;0;0;0;0
16/07/2019;14:27:00;211;Acidente sem Vítima;612,3;BR-040/MG;Sul;Colisão traseira;1;0;1;0;0;0;0;0;0;0;7;0;0;0;0
16/07/2019;13:36:00;198;Acidente sem Vítima;552,1;BR-040/MG;Norte;Queda de Carga;0;0;1;0;0;0;0;0;0;0;1;0;0;0;0
16/07/2019;11:43:00;176;Acidente com Vítima;5,1;BR-040/GO;Sul;Abalroamento transversal;1;0;0;1;0;0;0;0;0;0;1;1;0;0;0
16/07/2019;10:07:00;158;Acidente sem Vítima;91,1;BR-040/MG;Sul;Choque com objeto fixo;0;0;2;0;0;0;0;0;0;0;2;0;0;0;0
16/07/2019;07:42:00;108;Acidente sem Vítima;599,151;BR-040/MG;Norte;Colisão traseira;2;0;2;0;0;0;0;0;0;0;4;0;0;0;0
16/07/2019;07:04:00;97;Acidente com Vítima;43,5;BR-040/MG;Norte;Queda de Carga;0;0;0;1;0;0;0;0;0;0;1;1;0;0;0
16/07/2019;05:17:00;86;Acidente sem Vítima;531,04;BR-040/MG;Norte;Choque com objeto fixo;1;0;0;0;0;0;0;0;0;0;1;0;0;0;0
15/07/2019;22:36:00;325;Acidente sem Vítima;6,1;BR-040/DF;Norte;Capotamento;1;0;0;0;0;0;0;0;0;0;3;0;0;0;0
15/07/2019;18:55:00;283;Acidente sem Vítima;534,1;BR-040/MG;Norte;Colisão traseira;1;0;0;1;0;0;0;0;0;0;2;0;0;0;0
15/07/2019;17:02:00;250;Acidente sem Vítima;2,001;BR-040/GO;Sul;Colisão traseira;1;0;2;0;0;0;0;0;0;0;3;0;0;0;0
15/07/2019;15:58:00;233;Acidente com Vítima;729,63;BR-040/MG;Sul;Colisão traseira;1;0;0;0;0;1;0;0;0;0;2;2;0;0;0
15/07/2019;15:39:00;227;Acidente sem Vítima;83,3;BR-040/GO;Sul;Choque com objeto fixo;1;0;0;0;0;0;0;0;0;0;1;0;0;0;0
15/07/2019;14:55:00;218;Acidente sem Vítima;533,1;BR-040/MG;Sul;Choque em barreira New Jersey;1;0;0;0;0;0;0;0;0;0;1;0;0;0;0
15/07/2019;13:19:00;197;Acidente sem Vítima;468,1;BR-040/MG;Sul;Choque com objeto fixo;1;0;0;0;0;0;0;0;0;0;1;0;0;0;0
15/07/2019;12:44:00;185;Acidente sem Vítima;604,236;BR-040/MG;Sul;Queda de Carga;1;0;0;0;0;1;0;0;0;0;2;0;0;0;0
15/07/2019;09:50:00;143;Acidente com Vítima;44,001;BR-040/MG;Sul;Abalroamento transversal;1;0;0;1;0;0;0;0;0;0;1;1;0;0;0
15/07/2019;07:20:00;88;Acidente com Vítima;658,049;BR-040/MG;Norte;Choque com objeto fixo;1;0;0;0;0;0;0;0;0;0;2;2;0;0;0
15/07/2019;06:31:00;70;Acidente sem Vítima;423,7;BR-040/MG;Sul;Choque em barreira New Jersey;1;0;0;0;0;0;0;0;0;0;1;0;0;0;0
15/07/2019;02:01:00;23;Acidente com Vítima;563,1;BR-040/MG;Norte;Colisão frontal;1;0;1;0;0;0;0;0;0;0;1;1;2;0;0
14/07/2019;23:06:00;290;Atropelamento sem Morte;529,15;BR-040/MG;Norte;Atropelamento de pedestre atravessando;0;0;0;0;1;0;0;0;0;0;1;0;0;1;0
14/07/2019;21:53:00;279;Acidente com Vítima;705,1;BR-040/MG;Sul;Outros;1;0;0;0;0;0;0;0;0;0;1;1;0;0;0
14/07/2019;21:16:00;271;Acidente com Vítima;7,5;BR-040/GO;Sul;Abalroamento transversal;0;0;0;1;0;0;0;0;0;0;0;0;0;1;0
14/07/2019;20:17:00;257;Acidente com Morte;9,4;BR-040/GO;Sul;Colisão traseira;0;0;0;2;0;0;0;0;0;0;1;0;0;0;1
14/07/2019;18:45:00;238;Atropelamento sem Morte;7,6;BR-040/GO;Norte;Atropelamento de pedestre caminhando;1;0;0;0;0;0;0;0;0;0;5;0;1;0;0
14/07/2019;16:57:00;193;Acidente sem Vítima;576,552;BR-040/MG;Norte;Abalroamento longitudinal;2;0;0;0;0;0;0;0;0;0;3;0;0;0;0
14/07/2019;12:33:00;131;Acidente com Vítima;572,8;BR-040/MG;Norte;Colisão traseira;2;0;0;0;0;0;0;0;0;0;5;2;0;0;0
14/07/2019;11:51:00;121;Acidente com Vítima;11,1;BR-040/GO;Norte;Queda de Carga;1;0;0;0;0;0;0;0;0;0;0;0;1;0;0
14/07/2019;11:18:00;114;Acidente sem Vítima;468,3;BR-040/MG;Norte;Choque com objeto fixo;1;0;0;0;0;0;0;0;0;0;1;0;0;0;0
14/07/2019;09:33:00;81;Acidente com Vítima;632,883;BR-040/MG;Sul;Abalroamento transversal;1;0;0;1;0;0;0;0;0;0;1;0;0;0;0
14/07/2019;08:45:00;72;Acidente com Vítima;762,442;BR-040/MG;Norte;Queda de Moto;1;0;0;0;0;0;0;0;0;0;2;1;0;0;0
14/07/2019;06:34:00;27;Acidente sem Vítima;671,4;BR-040/MG;Norte;Choque com objeto fixo;2;0;0;0;0;0;0;0;0;0;2;0;0;0;0
14/07/2019;04:20:00;19;Acidente sem Vítima;524,928;BR-040/MG;Norte;Choque com objeto fixo;1;0;0;0;0;0;0;0;0;0;1;0;0;0;0
14/07/2019;04:02:00;17;Acidente sem Vítima;12,6;BR-040/GO;Norte;Capotamento;1;0;0;0;0;0;0;0;0;0;3;0;0;0;0
14/07/2019;03:47:00;16;Acidente sem Vítima;448,1;BR-040/MG;Norte;Capotamento;1;0;0;0;0;0;0;0;0;0;1;0;0;0;0
14/07/2019;02:33:00;14;Acidente sem Vítima;585,1;BR-040/MG;Sul;Outros;1;0;0;0;0;0;0;0;0;0;1;0;0;0;0
14/07/2019;01:51:00;11;Acidente com Vítima;440,385;BR-040/MG;Sul;Capotamento;1;0;0;0;0;0;0;0;0;0;3;0;1;0;0
13/07/2019;22:52:00;338;Acidente sem Vítima;301,2;BR-040/MG;Sul;Atropelamento de animal;0;0;1;0;0;0;0;0;0;0;1;0;0;0;0
13/07/2019;21:06:00;326;Acidente sem Vítima;7,1;BR-040/GO;Sul;Capotamento;1;0;0;0;0;0;0;0;0;0;1;0;0;0;0
13/07/2019;20:51:00;323;Acidente sem Vítima;538,605;BR-040/MG;Norte;Abalroamento longitudinal;3;0;1;0;0;0;0;0;0;0;4;0;0;0;0
13/07/2019;18:55:00;292;Acidente com Vítima;0,1;BR-040/GO;Norte;Colisão traseira;0;0;0;1;0;0;0;0;0;0;0;0;1;0;0
13/07/2019;18:39:00;289;Acidente sem Vítima;0,7;BR-040/GO;Sul;Colisão traseira;2;0;0;0;0;0;0;0;0;0;2;0;0;0;0
13/07/2019;14:55:00;227;Acidente com Vítima;2,1;BR-040/DF;Norte;Abalroamento longitudinal;2;0;0;0;0;0;0;0;0;0;2;0;1;0;0
13/07/2019;13:51:00;210;Acidente com Vítima;446,3;BR-040/MG;Norte;Queda de Carga;0;0;0;1;0;0;0;0;0;0;0;1;0;0;0
13/07/2019;11:54:00;168;Acidente sem Vítima;12,9;BR-040/GO;Sul;Abalroamento transversal;2;0;0;0;0;0;0;0;0;0;2;0;0;0;0
13/07/2019;11:19:00;155;Acidente sem Vítima;614,9;BR-040/MG;Sul;Colisão traseira;2;0;0;0;0;0;0;0;0;0;2;0;0;0;0
13/07/2019;08:45:00;115;Acidente sem Vítima;3,2;BR-040/DF;Sul;Colisão traseira;3;0;0;0;0;0;0;0;0;0;6;0;0;0;0
13/07/2019;05:33:00;59;Acidente sem Vítima;462,8;BR-040/MG;Norte;Colisão traseira;2;0;0;0;0;0;0;0;0;0;7;0;0;0;0
13/07/2019;05:00:00;53;Acidente sem Vítima;6,3;BR-040/DF;Sul;Capotamento;1;0;0;0;0;0;0;0;0;0;1;0;0;0;0
12/07/2019;23:33:00;392;Acidente com Vítima;9,3;BR-040/GO;Norte;Colisão traseira;1;0;1;0;0;0;0;0;0;0;1;0;1;0;0
12/07/2019;22:12:00;372;Acidente com Vítima;486,5;BR-040/MG;Sul;Abalroamento longitudinal;1;0;1;0;0;0;0;0;0;0;2;0;1;0;0
12/07/2019;21:46:00;362;Acidente com Vítima;627,5;BR-040/MG;Sul;Abalroamento transversal;1;0;0;1;0;0;0;0;0;0;1;1;0;0;0
12/07/2019;20:57:00;348;Acidente sem Vítima;1,8;BR-040/GO;Sul;Choque com objeto fixo;1;0;0;0;0;0;0;0;0;0;1;0;0;0;0
12/07/2019;20:12:00;336;Acidente sem Vítima;509,3;BR-040/MG;Norte;Choque em defensa;1;0;0;0;0;0;0;0;0;0;1;0;0;0;0
12/07/2019;17:04:00;271;Acidente sem Vítima;136,001;BR-040/MG;Sul;Capotamento;1;0;0;0;0;0;0;0;0;0;1;0;0;0;0
12/07/2019;16:44:00;266;Acidente sem Vítima;541,1;BR-040/MG;Norte;Colisão traseira;4;0;0;0;0;0;0;0;0;0;4;0;0;0;0
12/07/2019;16:34:00;263;Acidente sem Vítima;531,1;BR-040/MG;Norte;Colisão traseira;2;0;0;1;0;0;0;0;0;0;3;0;0;0;0
12/07/2019;14:47:00;232;Acidente sem Vítima;529,8;BR-040/MG;Sul;Abalroamento longitudinal;2;0;1;0;0;0;0;0;0;0;3;0;0;0;0
12/07/2019;13:08:00;215;Acidente com Vítima;408,1;BR-040/MG;Sul;Choque com objeto fixo;0;0;1;0;0;0;0;0;0;0;0;0;1;0;0
12/07/2019;11:08:00;188;Acidente sem Vítima;18,001;BR-040/MG;Norte;Colisão traseira;2;0;0;0;0;0;0;0;0;0;4;0;0;0;0
12/07/2019;11:03:00;186;Acidente sem Vítima;517,1;BR-040/MG;Sul;Colisão traseira;2;0;0;0;0;0;0;0;0;0;2;0;0;0;0
12/07/2019;10:30:00;176;Acidente com Vítima;710,375;BR-040/MG;Sul;Queda de Carga;2;0;1;0;0;0;0;0;0;0;3;2;2;0;0
12/07/2019;10:17:00;174;Acidente com Vítima;275,1;BR-040/MG;Norte;Abalroamento transversal;2;0;0;0;0;0;0;0;0;0;1;1;1;0;0
12/07/2019;09:11:00;160;Acidente com Vítima;453,25;BR-040/MG;Sul;Capotamento;2;0;0;0;0;0;0;0;0;0;1;3;0;0;0
12/07/2019;08:03:00;137;Acidente sem Vítima;3,3;BR-040/DF;Sul;Capotamento;1;0;0;0;0;0;0;0;0;0;2;0;0;0;0
12/07/2019;07:51:00;135;Acidente sem Vítima;435,95;BR-040/MG;Sul;Atropelamento de animal;1;0;0;0;0;0;0;0;0;0;1;0;0;0;0
12/07/2019;07:48:00;134;Atropelamento sem Morte;4,001;BR-040/GO;Sul;Atropelamento de pedestre caminhando;1;0;0;0;0;0;0;0;0;0;1;1;0;1;0
12/07/2019;07:40:00;124;Acidente sem Vítima;544,1;BR-040/MG;Sul;Abalroamento longitudinal;1;0;1;0;0;0;0;0;0;0;2;0;0;0;0
12/07/2019;00:49:00;30;Acidente com Vítima;548,39;BR-040/MG;Norte;Colisão traseira;0;0;2;0;0;0;0;0;0;0;1;0;1;0;0
11/07/2019;22:34:00;356;Acidente sem Vítima;434,585;BR-040/MG;Sul;Colisão traseira;1;0;1;0;0;0;0;0;0;0;2;0;0;0;0
11/07/2019;20:11:00;318;Acidente com Vítima;531,037;BR-040/MG;Norte;Colisão traseira;1;0;0;1;0;0;0;0;0;0;1;1;0;0;0
11/07/2019;18:59:00;293;Acidente sem Vítima;540,1;BR-040/MG;Norte;Colisão traseira;2;0;0;0;0;0;0;0;0;0;2;0;0;0;0
11/07/2019;18:53:00;292;Acidente sem Vítima;422,55;BR-040/MG;Sul;Abalroamento longitudinal;2;0;0;0;0;0;0;0;0;0;2;0;0;0;0
11/07/2019;18:29:00;286;Acidente com Vítima;642,5;BR-040/MG;Norte;Queda de Carga;0;0;0;1;0;0;0;0;0;0;0;1;0;0;0
11/07/2019;17:51:00;272;Acidente sem Vítima;434,785;BR-040/MG;Norte;Capotamento;1;0;0;0;0;0;0;0;0;0;2;0;0;0;0
11/07/2019;17:22:00;263;Acidente sem Vítima;1,7;BR-040/GO;Norte;Colisão traseira;2;0;1;0;0;0;0;0;0;0;3;0;0;0;0
11/07/2019;17:08:00;257;Atropelamento sem Morte;510,3;BR-040/MG;Sul;Atropelamento de pedestre atravessando;1;0;0;0;0;0;0;0;0;0;1;0;0;1;0
11/07/2019;17:06:00;256;Acidente sem Vítima;145,3;BR-040/MG;Sul;Abalroamento transversal;1;0;1;0;0;0;0;0;0;0;2;0;0;0;0
11/07/2019;14:49:00;224;Acidente sem Vítima;426,1;BR-040/MG;Norte;Abalroamento longitudinal;1;0;0;0;0;0;0;0;0;1;9;0;0;0;0
11/07/2019;11:02:00;188;Acidente com Vítima;532,1;BR-040/MG;Sul;Colisão traseira;2;0;0;1;0;0;0;0;0;0;2;0;1;0;0
11/07/2019;10:50:00;184;Acidente sem Vítima;537,1;BR-040/MG;Norte;Colisão traseira;3;0;0;0;0;0;0;0;0;0;3;0;0;0;0
11/07/2019;09:47:00;165;Acidente com Vítima;534,1;BR-040/MG;Norte;Abalroamento longitudinal;1;0;0;1;0;0;0;0;0;0;1;0;1;0;0
11/07/2019;08:33:00;138;Acidente sem Vítima;661,043;BR-040/MG;Sul;Choque em defensa;1;0;0;0;0;0;0;0;0;0;1;0;0;0;0
11/07/2019;06:20:00;109;Acidente com Vítima;525,1;BR-040/MG;Sul;Queda de Carga;0;0;0;1;0;0;0;0;0;0;0;0;1;0;0
11/07/2019;06:04:00;105;Acidente com Vítima;140,2;BR-040/MG;Norte;Capotamento;1;0;0;0;0;0;0;0;0;0;0;3;0;0;0
11/07/2019;02:02:00;72;Acidente sem Vítima;1,5;BR-040/DF;Norte;Capotamento;1;0;0;0;0;0;0;0;0;0;3;0;0;0;0
10/07/2019;20:52:00;374;Acidente sem Vítima;621,4;BR-040/MG;Sul;Abalroamento transversal;2;0;0;0;0;0;0;0;0;0;3;0;0;0;0
10/07/2019;19:46:00;353;Acidente com Vítima;652,7;BR-040/MG;Sul;Abalroamento transversal;1;0;1;0;0;0;0;0;0;0;2;1;0;0;0
10/07/2019;18:14:00;327;Atropelamento sem Morte;42,71;BR-040/MG;Sul;Atropelamento de ciclista;0;1;0;1;0;0;0;0;0;0;3;0;0;0;0
10/07/2019;17:24:00;313;Acidente sem Vítima;634,8;BR-040/MG;Sul;Outros;1;0;0;0;0;0;0;0;0;0;1;0;0;0;0
10/07/2019;14:27:00;253;Acidente sem Vítima;588,354;BR-040/MG;Norte;Choque com objeto fixo;1;0;0;0;0;0;0;0;0;0;2;0;0;0;0
10/07/2019;13:46:00;245;Acidente sem Vítima;564,6;BR-040/MG;Norte;Queda de Carga;0;0;0;1;0;0;0;0;0;0;2;0;0;0;0
10/07/2019;12:51:00;234;Acidente com Vítima;533,873;BR-040/MG;Sul;Colisão traseira;1;0;0;1;0;0;0;0;0;0;2;1;0;0;0
10/07/2019;11:51:00;218;Acidente sem Vítima;714,15;BR-040/MG;Norte;Colisão traseira;1;0;1;0;0;0;0;0;0;0;5;0;0;0;0
10/07/2019;08:43:00;159;Acidente com Vítima;1,8;BR-040/DF;Sul;Abalroamento longitudinal;1;0;0;1;0;0;0;0;0;0;1;1;0;0;0
10/07/2019;07:30:00;129;Acidente sem Vítima;4,5;BR-040/GO;Norte;Capotamento;1;0;0;0;0;0;0;0;0;0;2;0;0;0;0
10/07/2019;07:13:00;119;Acidente com Vítima;517,8;BR-040/MG;Sul;Abalroamento longitudinal;1;0;0;1;0;0;0;0;0;0;2;1;0;0;0
10/07/2019;06:00:00;91;Acidente sem Vítima;2,252;BR-040/DF;Norte;Abalroamento longitudinal;1;0;0;0;1;0;0;0;0;0;32;0;0;0;0
10/07/2019;01:15:00;7;Acidente com Vítima;119,1;BR-040/MG;Norte;Choque com objeto fixo;1;0;0;0;0;0;0;0;0;0;1;1;0;0;0
09/07/2019;22:46:00;381;Acidente sem Vítima;563,043;BR-040/MG;Norte;Choque com objeto fixo;1;0;0;0;0;0;0;0;0;0;1;0;0;0;0
09/07/2019;21:38:00;372;Acidente com Vítima;127,5;BR-040/MG;Norte;Abalroamento transversal;2;0;0;0;0;0;0;0;0;0;6;2;0;0;0
09/07/2019;16:31:00;292;Acidente sem Vítima;531,984;BR-040/MG;Sul;Abalroamento longitudinal;1;0;0;1;0;0;0;0;0;0;2;0;0;0;0
09/07/2019;15:39:00;277;Acidente com Vítima;477,15;BR-040/MG;Norte;Capotamento;0;0;0;1;0;0;0;0;0;0;0;0;1;0;0
09/07/2019;14:38:00;254;Acidente com Vítima;475,159;BR-040/MG;Norte;Colisão traseira;1;0;1;0;0;0;0;0;0;0;1;0;1;0;0
09/07/2019;13:09:00;239;Acidente com Vítima;522,444;BR-040/MG;Sul;Queda de Carga;0;0;0;1;0;0;0;0;0;0;0;2;0;0;0
09/07/2019;12:16:00;213;Acidente sem Vítima;505,021;BR-040/MG;Sul;Colisão traseira;2;0;0;0;0;0;0;0;0;0;2;0;0;0;0
09/07/2019;09:00:00;153;Acidente sem Vítima;602,6;BR-040/MG;Norte;Abalroamento longitudinal;1;0;0;0;0;0;0;0;0;0;1;0;0;0;0
09/07/2019;08:51:00;148;Acidente sem Vítima;593,5;BR-040/MG;Sul;Colisão traseira;2;0;1;0;0;0;0;0;0;0;3;0;0;0;0
09/07/2019;06:05:00;85;Acidente sem Vítima;81,5;BR-040/MG;Norte;Abalroamento longitudinal;1;0;1;0;0;0;0;0;0;0;2;0;0;0;0
08/07/2019;18:05:00;263;Acidente com Vítima;538,145;BR-040/MG;Norte;Colisão traseira;1;0;0;1;0;0;0;0;0;0;1;1;0;0;0
08/07/2019;12:35:00;183;Acidente sem Vítima;413,15;BR-040/MG;Norte;Abalroamento longitudinal;1;0;1;0;0;0;0;0;0;0;2;0;0;0;0
08/07/2019;10:42:00;156;Acidente sem Vítima;542,1;BR-040/MG;Sul;Colisão traseira;3;0;0;0;0;0;0;0;0;0;3;0;0;0;0
08/07/2019;10:30:00;150;Acidente sem Vítima;469,1;BR-040/MG;Norte;Queda de Carga;1;0;1;0;0;0;0;0;0;0;2;0;0;0;0
08/07/2019;07:48:00;119;Acidente com Vítima;8,8;BR-040/GO;Norte;Colisão traseira;2;0;0;0;0;0;0;0;0;0;2;1;0;0;0
08/07/2019;07:44:00;115;Acidente com Vítima;8,1;BR-040/GO;Norte;Colisão traseira;1;0;0;1;0;0;0;0;0;0;1;1;0;0;0
08/07/2019;07:06:00;100;Acidente com Morte;608,288;BR-040/MG;Norte;Abalroamento transversal;1;0;0;0;0;0;0;0;0;1;1;2;0;0;1
08/07/2019;06:57:00;98;Acidente sem Vítima;509,1;BR-040/MG;Sul;Colisão traseira;2;0;0;0;0;0;0;0;0;0;2;0;0;0;0
08/07/2019;05:37:00;80;Acidente sem Vítima;515,1;BR-040/MG;Sul;Abalroamento longitudinal;1;0;0;0;1;0;0;0;0;0;2;0;0;0;0
07/07/2019;21:25:00;284;Acidente sem Vítima;766,96;BR-040/MG;Sul;Capotamento;1;0;0;0;0;0;0;0;0;0;1;0;0;0;0
07/07/2019;19:36:00;254;Acidente com Vítima;508,9;BR-040/MG;Sul;Colisão traseira;2;0;0;0;0;0;0;0;0;0;4;3;0;0;0
07/07/2019;19:22:00;249;Acidente sem Vítima;715,16;BR-040/MG;Norte;Choque com objeto fixo;1;0;0;0;0;0;0;0;0;0;1;0;0;0;0
07/07/2019;17:44:00;225;Acidente com Vítima;509,8;BR-040/MG;Norte;Queda de Moto;2;0;0;0;0;0;0;0;0;0;2;0;1;0;0
07/07/2019;17:41:00;224;Acidente sem Vítima;717,5;BR-040/MG;Sul;Choque com objeto fixo;1;0;0;0;0;0;0;0;0;0;2;0;0;0;0
07/07/2019;17:06:00;207;Acidente sem Vítima;512,1;BR-040/MG;Sul;Colisão traseira;2;0;0;0;0;0;0;0;0;0;2;0;0;0;0
07/07/2019;16:21:00;196;Acidente com Vítima;542,07;BR-040/MG;Norte;Choque em barreira New Jersey;1;0;0;0;0;0;0;0;0;0;3;1;0;0;0
07/07/2019;16:17:00;195;Acidente com Vítima;715,5;BR-040/MG;Norte;Queda de Carga;0;0;0;1;0;0;0;0;0;0;0;0;1;0;0
07/07/2019;15:44:00;185;Acidente sem Vítima;612,274;BR-040/MG;Norte;Colisão traseira;2;0;0;0;0;0;0;0;0;0;2;0;0;0;0
07/07/2019;15:25:00;181;Acidente sem Vítima;611,8;BR-040/MG;Norte;Colisão traseira;2;0;0;0;0;0;0;0;0;0;2;0;0;0;0
07/07/2019;15:19:00;180;Acidente sem Vítima;477,1;BR-040/MG;Norte;Choque com objeto fixo;1;0;0;0;0;0;0;0;0;0;1;0;0;0;0
07/07/2019;12:49:00;147;Acidente sem Vítima;519,1;BR-040/MG;Sul;Queda de Carga;1;0;0;0;0;0;0;0;0;0;1;0;0;0;0