data;horario;n_da_ocorrencia;tipo_de_ocorrencia;km;trecho;sentido;tipo_de_acidente;automovel;bicicleta;caminhao;moto;onibus;outros;tracao_animal;transporte_de_cargas_especiais;trator_maquinas;utilitarios;ilesos;levemente_feridos;moderadamente_feridos;gravemente_feridos;mortos
07/07/2019;11:08:00;124;Acidente com Vítima;728,083;BR-040/MG;Sul;Queda de Carga;0;0;0;1;0;0;0;0;0;0;0;0;1;0;0
07/07/2019;09:19:00;94;Acidente sem Vítima;455,1;BR-040/MG;Norte;Queda de Carga;0;0;1;0;0;0;0;0;0;0;1;0;0;0;0
07/07/2019;04:28:00;36;Acidente sem Vítima;515,446;BR-040/MG;Sul;Capotamento;1;0;0;0;0;0;0;0;0;0;2;0;0;0;0
06/07/2019;20:45:00;304;Acidente sem Vítima;360,2;BR-040/MG;Norte;Abalroamento longitudinal;1;0;0;0;0;0;0;0;0;0;3;0;0;0;0
06/07/2019;19:59:00;289;Acidente com Vítima;117,6;BR-040/GO;Sul;Queda de Moto;0;0;0;1;0;0;0;0;0;0;1;1;0;0;0
06/07/2019;19:46:00;288;Acidente sem Vítima;625,39;BR-040/MG;Norte;Abalroamento longitudinal;2;0;0;0;0;0;0;0;0;0;2;0;0;0;0
06/07/2019;18:52:00;273;Acidente sem Vítima;129,512;BR-040/GO;Norte;Capotamento;1;0;0;0;0;0;0;0;0;0;2;0;0;0;0
06/07/2019;18:49:00;274;Atropelamento sem Morte;670,4;BR-040/MG;Sul;Atropelamento de pedestre atravessando;1;0;0;0;0;0;0;0;0;0;1;0;0;0;0
06/07/2019;17:59:00;258;Acidente com Vítima;670,4;BR-040/MG;Sul;Capotamento;1;0;0;0;0;0;0;0;0;0;0;0;2;1;0
06/07/2019;17:27:00;247;Acidente sem Vítima;511,041;BR-040/MG;Sul;Colisão traseira;2;0;0;0;0;0;0;0;0;0;2;0;0;0;0
06/07/2019;15:54:00;217;Acidente com Vítima;2,8;BR-040/GO;Sul;Colisão traseira;1;0;0;1;0;0;0;0;0;0;3;1;0;0;0
06/07/2019;14:38:00;189;Atropelamento sem Morte;15,4;BR-040/GO;Norte;Atropelamento de pedestre atravessando;0;0;0;0;0;0;0;0;0;0;0;2;0;0;0
06/07/2019;13:56:00;167;Acidente sem Vítima;565,3;BR-040/MG;Sul;Choque em defensa;1;0;0;0;0;0;0;0;0;0;5;0;0;0;0
06/07/2019;12:24:00;150;Acidente com Vítima;6,2;BR-040/GO;Norte;Colisão traseira;4;0;0;0;0;0;0;0;0;0;4;1;0;0;0
06/07/2019;08:25:00;87;Acidente com Vítima;137,1;BR-040/MG;Norte;Choque com objeto fixo;1;0;0;0;0;0;0;0;0;0;0;1;0;0;0
06/07/2019;07:12:00;58;Acidente sem Vítima;562,803;BR-040/MG;Norte;Abalroamento longitudinal;2;0;0;0;0;0;0;0;0;0;2;0;0;0;0
06/07/2019;04:02:00;23;Acidente com Morte;583,722;BR-040/MG;Norte;Choque em defensa;0;0;1;0;0;0;0;0;0;0;0;0;0;0;1
05/07/2019;23:40:00;412;Acidente sem Vítima;747,9;BR-040/MG;Sul;Abalroamento longitudinal;2;0;0;0;0;0;0;0;0;0;2;0;0;0;0
05/07/2019;21:30:00;387;Acidente sem Vítima;469,6;BR-040/MG;Norte;Colisão traseira;1;0;2;0;0;0;0;0;0;0;3;0;0;0;0
05/07/2019;21:20:00;385;Acidente sem Vítima;518,888;BR-040/MG;Sul;Choque com objeto fixo;1;0;0;0;0;0;0;0;0;0;2;0;0;0;0
05/07/2019;20:22:00;368;Acidente com Vítima;9,8;BR-040/GO;Norte;Queda de Carga;0;0;1;0;0;0;0;0;0;0;1;0;0;0;0
05/07/2019;20:04:00;360;Acidente com Vítima;120,402;BR-040/MG;Sul;Abalroamento transversal;2;0;0;0;0;0;0;0;0;0;1;1;0;0;0
05/07/2019;19:37:00;357;Atropelamento sem Morte;8,1;BR-040/GO;Sul;Atropelamento de pedestre atravessando;0;0;0;1;0;0;0;0;0;0;0;0;0;0;0
05/07/2019;19:27:00;348;Acidente com Vítima;10,2;BR-040/GO;Norte;Choque com objeto fixo;1;0;0;0;0;0;0;0;0;0;0;1;0;0;0
05/07/2019;18:44:00;328;Acidente com Vítima;9,3;BR-040/GO;Norte;Colisão traseira;2;0;0;0;0;0;0;0;0;0;2;1;0;0;0
05/07/2019;18:20:00;322;Acidente sem Vítima;2,3;BR-040/GO;Norte;Colisão traseira;2;0;1;1;0;0;0;0;0;0;9;0;0;0;0
05/07/2019;18:17:00;321;Acidente com Vítima;541,1;BR-040/MG;Norte;Colisão traseira;1;0;0;1;0;0;0;0;0;0;2;1;0;0;0
05/07/2019;17:28:00;314;Acidente sem Vítima;510,844;BR-040/MG;Norte;Colisão traseira;4;0;0;0;0;0;0;0;0;0;4;0;0;0;0
05/07/2019;17:18:00;312;Acidente sem Vítima;545,631;BR-040/MG;Norte;Colisão traseira;2;0;0;0;0;0;0;0;0;0;2;0;0;0;0
05/07/2019;17:00:00;307;Acidente sem Vítima;21,2;BR-040/GO;Norte;Queda de Carga;0;0;1;0;0;0;0;0;0;0;1;0;0;0;0
05/07/2019;16:56:00;303;Acidente sem Vítima;299,2;BR-040/MG;Norte;Choque com objeto fixo;1;0;0;0;0;0;0;0;0;0;1;0;0;0;0
05/07/2019;16:53:00;300;Acidente sem Vítima;509,8;BR-040/MG;Norte;Colisão traseira;2;0;0;1;0;0;0;0;0;0;5;0;0;0;0
05/07/2019;16:52:00;299;Acidente com Vítima;3,8;BR-040/GO;Norte;Colisão traseira;1;0;0;1;0;0;0;0;0;0;1;1;0;0;0
05/07/2019;15:17:00;268;Acidente sem Vítima;587,362;BR-040/MG;Norte;Abalroamento longitudinal;0;0;1;0;0;1;0;0;0;0;2;0;0;0;0
05/07/2019;14:28:00;253;Acidente sem Vítima;510,4;BR-040/MG;Norte;Abalroamento longitudinal;1;0;0;1;0;0;0;0;0;0;2;0;0;0;0
05/07/2019;14:08:00;248;Acidente sem Vítima;625,784;BR-040/MG;Norte;Abalroamento longitudinal;1;0;0;0;0;0;0;0;0;0;1;0;0;0;0
05/07/2019;12:52:00;219;Acidente com Vítima;530,25;BR-040/MG;Sul;Colisão traseira;1;0;0;1;0;0;0;0;0;0;1;1;0;0;0
05/07/2019;12:14:00;212;Acidente sem Vítima;528,183;BR-040/MG;Sul;Colisão traseira;2;0;1;0;0;0;0;0;0;0;4;0;0;0;0
05/07/2019;11:42:00;209;Acidente sem Vítima;599,186;BR-040/MG;Norte;Colisão traseira;1;0;2;0;0;0;0;0;0;0;3;0;0;0;0
05/07/2019;11:11:00;203;Acidente sem Vítima;526,834;BR-040/MG;Norte;Colisão traseira;1;0;0;1;0;0;0;0;0;0;2;0;0;0;0
05/07/2019;10:42:00;199;Acidente sem Vítima;717,439;BR-040/MG;Norte;Choque em defensa;1;0;0;0;0;0;0;0;0;0;1;0;0;0;0
05/07/2019;08:47:00;158;Acidente sem Vítima;716,9;BR-040/MG;Norte;Choque com objeto fixo;1;0;0;0;0;0;0;0;0;0;1;0;0;0;0
05/07/2019;08:24:00;150;Acidente com Vítima;8,1;BR-040/DF;Norte;Abalroamento longitudinal;1;0;0;1;0;0;0;0;0;0;1;0;1;0;0
05/07/2019;08:18:00;147;Acidente sem Vítima;5,4;BR-040/DF;Norte;Abalroamento longitudinal;1;0;0;2;0;0;0;0;0;0;3;0;0;0;0
05/07/2019;06:37:00;86;Acidente sem Vítima;523,656;BR-040/MG;Sul;Colisão traseira;3;0;0;0;0;0;0;0;0;0;3;0;0;0;0
05/07/2019;02:37:00;61;Acidente sem Vítima;275,03;BR-040/MG;Norte;Colisão traseira;2;0;0;0;0;0;0;0;0;0;5;0;0;0;0
04/07/2019;18:13:00;251;Acidente sem Vítima;2,12;BR-040/MG;Sul;Colisão traseira;2;0;0;0;0;0;0;0;0;0;3;0;0;0;0
04/07/2019;16:38:00;233;Acidente sem Vítima;421,1;BR-040/MG;Norte;Abalroamento transversal;1;0;0;1;0;0;0;0;0;0;2;0;0;0;0
04/07/2019;16:14:00;227;Acidente sem Vítima;539,1;BR-040/MG;Sul;Abalroamento longitudinal;1;0;1;0;0;0;0;0;0;0;2;0;0;0;0
04/07/2019;16:06:00;224;Acidente com Vítima;7,9;BR-040/GO;Sul;Colisão traseira;1;0;0;1;0;0;0;0;0;0;2;1;0;0;0
04/07/2019;13:59:00;207;Acidente sem Vítima;607,223;BR-040/MG;Sul;Abalroamento transversal;2;0;0;0;0;0;0;0;0;0;2;0;0;0;0
04/07/2019;13:43:00;201;Acidente com Vítima;5,5;BR-040/GO;Sul;Queda de Moto;1;0;0;1;0;0;0;0;0;0;2;1;0;0;0
04/07/2019;12:38:00;184;Acidente com Vítima;549,15;BR-040/MG;Sul;Colisão traseira;1;0;0;1;0;0;0;0;0;0;1;1;0;0;0
04/07/2019;11:55:00;174;Acidente sem Vítima;527,1;BR-040/MG;Norte;Colisão traseira;2;0;0;0;0;0;0;0;0;0;2;0;0;0;0
04/07/2019;07:48:00;116;Acidente com Vítima;510,1;BR-040/MG;Sul;Colisão traseira;0;0;1;1;0;0;0;0;0;0;1;0;1;0;0
04/07/2019;07:06:00;106;Acidente sem Vítima;534,1;BR-040/MG;Sul;Colisão traseira;3;0;0;0;0;0;0;0;0;0;3;0;0;0;0
04/07/2019;06:43:00;98;Acidente com Vítima;513,1;BR-040/MG;Sul;Abalroamento longitudinal;1;0;0;1;0;0;0;0;0;0;0;0;2;0;0
03/07/2019;20:12:00;317;Acidente sem Vítima;620,9;BR-040/MG;Norte;Capotamento;1;0;0;0;0;0;0;0;0;0;1;0;0;0;0
03/07/2019;19:48:00;312;Acidente com Vítima;1,3;BR-040/DF;Sul;Colisão traseira;1;0;0;1;0;0;0;0;0;0;1;1;0;0;0
03/07/2019;17:41:00;280;Acidente sem Vítima;5,1;BR-040/GO;Sul;Abalroamento transversal;2;0;0;0;0;0;0;0;0;0;2;0;0;0;0
03/07/2019;12:57:00;214;Acidente sem Vítima;3,5;BR-040/DF;Norte;Colisão traseira;2;0;0;0;0;0;0;0;0;0;2;0;0;0;0
03/07/2019;12:39:00;209;Acidente sem Vítima;632,5;BR-040/MG;Norte;Atropelamento de animal;0;0;0;1;0;0;0;0;0;0;1;0;0;0;0
03/07/2019;12:04:00;199;Acidente sem Vítima;515,2;BR-040/MG;Norte;Colisão traseira;2;0;0;0;0;0;0;0;0;0;2;0;0;0;0
03/07/2019;10:55:00;181;Acidente sem Vítima;537,7;BR-040/MG;Norte;Colisão traseira;6;0;1;0;0;0;0;0;0;0;7;0;0;0;0
03/07/2019;10:02:00;163;Acidente com Vítima;3,5;BR-040/GO;Norte;Queda de Carga;0;0;0;1;0;0;0;0;0;0;0;1;0;0;0
02/07/2019;23:00:00;399;Acidente sem Vítima;723,4;BR-040/MG;Norte;Choque com objeto fixo;1;0;0;0;0;0;0;0;0;0;1;0;0;0;0
02/07/2019;18:53:00;348;Acidente com Morte;463,8;BR-040/MG;Norte;Choque em defensa;0;0;0;1;0;0;0;0;0;0;0;0;0;0;1
02/07/2019;16:26:00;306;Acidente sem Vítima;7,3;BR-040/GO;Norte;Abalroamento longitudinal;3;0;0;0;0;0;0;0;0;0;4;0;0;0;0
02/07/2019;15:55:00;293;Acidente com Vítima;1,3;BR-040/GO;Sul;Colisão traseira;4;0;0;0;0;0;0;0;0;0;4;1;0;0;0
02/07/2019;09:56:00;172;Acidente com Vítima;514,377;BR-040/MG;Norte;Queda de Carga;0;0;0;1;0;0;0;0;0;0;1;1;0;0;0
02/07/2019;09:34:00;163;Acidente sem Vítima;533,171;BR-040/MG;Norte;Colisão traseira;4;0;1;1;0;0;0;0;0;0;6;0;0;0;0
02/07/2019;08:52:00;155;Acidente sem Vítima;424,753;BR-040/MG;Norte;Colisão traseira;1;0;2;0;0;0;0;0;0;0;3;0;0;0;0
02/07/2019;08:09:00;138;Acidente sem Vítima;112,8;BR-040/MG;Norte;Queda de Carga;1;0;0;0;0;0;0;0;0;0;1;0;0;0;0
01/07/2019;11:46:00;192;Acidente sem Vítima;6,8;BR-040/DF;Norte;Colisão traseira;2;0;0;0;0;0;0;0;0;0;2;0;0;0;0
01/07/2019;09:12:00;142;Acidente sem Vítima;525,6;BR-040/MG;Norte;Colisão traseira;2;0;0;0;0;0;0;0;0;0;2;0;0;0;0
01/07/2019;06:48:00;89;Acidente com Vítima;34,4;BR-040/GO;Sul;Capotamento;1;0;0;0;0;0;0;0;0;0;0;2;0;0;0
30/09/2019;23:59:00;353;Atropelamento com Morte;357,4;BR-040/MG;Norte;Atropelamento de pedestre caminhando;0;0;0;0;1;0;0;0;0;0;21;0;0;0;1
30/09/2019;22:33:00;340;Acidente sem Vítima;709,149;BR-040/MG;Norte;Choque com objeto fixo;0;0;1;0;0;0;0;0;0;0;1;0;0;0;0
30/09/2019;21:49:00;332;Acidente sem Vítima;709,149;BR-040/MG;Norte;;1;0;0;0;0;0;0;0;0;0;1;0;0;0;0
30/09/2019;20:34:00;310;Acidente sem Vítima;709,149;BR-040/MG;Sul;Queda de Carga;0;0;1;0;0;0;0;0;0;0;1;0;0;0;0
30/09/2019;18:26:00;287;Acidente sem Vítima;98,1;BR-040/GO;Sul;Colisão traseira;2;0;0;0;0;0;0;0;0;0;3;0;0;0;0
30/09/2019;17:46:00;278;Acidente com Vítima;72,25;BR-040/GO;Sul;Capotamento;1;0;0;0;0;0;0;0;0;0;0;0;1;0;0
30/09/2019;12:22:00;192;Acidente sem Vítima;6,9;BR-040/GO;Sul;Queda de Carga;0;0;0;1;0;0;0;0;0;0;0;1;0;0;0
30/09/2019;11:49:00;185;Acidente com Vítima;567,346;BR-040/MG;Sul;Abalroamento longitudinal;1;0;0;1;0;0;0;0;0;0;1;1;0;0;0
30/09/2019;08:36:00;132;Acidente sem Vítima;728,5;BR-040/MG;Sul;Choque em barreira New Jersey;1;0;0;0;0;0;0;0;0;0;1;0;0;0;0
30/09/2019;08:09:00;122;Acidente com Vítima;42,1;BR-040/MG;Sul;Queda de Carga;0;1;0;0;0;0;0;0;0;0;0;1;0;0;0
30/09/2019;07:48:00;116;Acidente sem Vítima;757,7;BR-040/MG;Norte;Choque com objeto fixo;1;0;0;0;0;0;0;0;0;0;1;0;0;0;0
30/09/2019;07:42:00;114;Acidente com Vítima;716,1;BR-040/MG;Norte;Choque em defensa;1;0;0;0;0;0;0;0;0;0;0;1;0;0;0
30/09/2019;07:04:00;107;Acidente com Vítima;460,8;BR-040/MG;Sul;Choque com objeto fixo;0;0;0;1;0;1;0;0;0;0;1;0;1;1;0
30/09/2019;06:56:00;101;Acidente sem Vítima;541,399;BR-040/MG;Sul;Abalroamento longitudinal;2;0;0;0;0;0;0;0;0;0;2;0;0;0;0
30/09/2019;06:44:00;97;Acidente sem Vítima;7,2;BR-040/GO;Norte;Colisão traseira;3;0;1;0;0;0;0;0;0;0;4;0;0;0;0
30/09/2019;01:23:00;59;Acidente sem Vítima;6,01;BR-040/GO;Norte;Choque em defensa;1;0;0;0;0;0;0;0;0;0;1;0;0;0;0
29/09/2019;22:50:00;265;Acidente com Vítima;699,125;BR-040/MG;Norte;Choque em defensa;1;0;0;0;0;0;0;0;0;0;1;0;1;0;0
29/09/2019;21:51:00;253;Acidente sem Vítima;710,5;BR-040/MG;Sul;Choque em defensa;1;0;0;0;0;0;0;0;0;0;1;0;0;0;0
29/09/2019;20:37:00;227;Acidente com Vítima;6,9;BR-040/GO;Sul;Colisão traseira;1;0;0;1;0;0;0;0;0;0;3;1;0;0;0
29/09/2019;19:20:00;203;Acidente com Vítima;648,565;BR-040/MG;Sul;Colisão traseira;3;0;0;0;0;0;0;0;0;0;4;2;0;0;0
29/09/2019;19:02:00;196;Acidente com Vítima;6,7;BR-040/GO;Sul;Colisão traseira;2;0;0;0;0;0;0;0;0;0;2;1;0;0;0
29/09/2019;17:43:00;170;Acidente sem Vítima;3,1;BR-040/GO;Norte;Colisão traseira;2;0;0;0;0;0;0;0;0;0;5;0;0;0;0
29/09/2019;12:22:00;105;Acidente sem Vítima;462,1;BR-040/MG;Norte;Capotamento;0;0;0;1;0;1;0;0;0;0;2;0;0;0;0
29/09/2019;11:26:00;95;Acidente sem Vítima;479,428;BR-040/MG;Norte;Abalroamento longitudinal;1;0;0;0;0;0;0;0;0;0;1;0;0;0;0
29/09/2019;10:52:00;86;Acidente sem Vítima;749,7;BR-040/MG;Sul;Choque com objeto fixo;1;0;0;0;0;0;0;0;0;0;1;0;0;0;0
29/09/2019;10:35:00;80;Atropelamento sem Morte;12,048;BR-040/GO;Norte;Atropelamento de ciclista;0;1;0;1;0;0;0;0;0;0;1;1;0;0;0
29/09/2019;06:16:00;42;Acidente sem Vítima;665,65;BR-040/MG;Norte;Choque com objeto fixo;1;0;0;0;0;0;0;0;0;0;1;0;0;0;0
29/09/2019;05:38:00;39;Acidente sem Vítima;677,745;BR-040/MG;Norte;Choque com objeto fixo;1;0;0;0;0;0;0;0;0;0;1;0;0;0;0
29/09/2019;02:35:00;22;Acidente sem Vítima;690,59;BR-040/MG;Sul;Choque com objeto fixo;1;0;0;0;0;0;0;0;0;0;2;0;0;0;0
29/09/2019;01:05:00;8;Acidente sem Vítima;90,1;BR-040/GO;Norte;Outros;1;0;0;0;0;0;0;0;0;0;1;0;0;0;0
29/09/2019;00:10:00;2;Acidente sem Vítima;0,1;BR-040/DF;Sul;Colisão traseira;1;0;0;1;0;0;0;0;0;0;2;0;0;0;0
28/09/2019;23:29:00;306;Acidente sem Vítima;43,1;BR-040/MG;Sul;Colisão frontal;2;0;0;0;0;0;0;0;0;0;2;0;0;0;0
28/09/2019;22:16:00;292;Acidente com Vítima;139,1;BR-040/MG;Norte;Capotamento;1;0;0;0;0;0;0;0;0;0;0;1;0;0;0
28/09/2019;22:15:00;291;Acidente com Vítima;137,5;BR-040/MG;Sul;Capotamento;1;0;0;0;0;0;0;0;0;0;0;0;0;1;0
28/09/2019;21:14:00;284;Acidente sem Vítima;747,94;BR-040/MG;Sul;Choque com objeto fixo;1;0;0;0;0;0;0;0;0;0;1;0;0;0;0
28/09/2019;20:39:00;279;Atropelamento sem Morte;719,3;BR-040/MG;Sul;Atropelamento de pedestre atravessando;1;0;0;0;0;0;0;0;0;0;1;0;1;0;0
28/09/2019;20:25:00;276;Atropelamento sem Morte;143,325;BR-040/MG;Norte;Atropelamento de pedestre atravessando;0;0;0;1;0;0;0;0;0;0;0;3;0;0;0
28/09/2019;20:11:00;272;Acidente sem Vítima;480,5;BR-040/MG;Norte;Capotamento;1;0;0;0;0;0;0;0;0;0;3;0;0;0;0
28/09/2019;18:25:00;245;Acidente sem Vítima;258,5;BR-040/MG;Sul;Capotamento;2;0;0;0;0;0;0;0;0;0;2;0;0;0;0
28/09/2019;17:09:00;224;Acidente sem Vítima;669,1;BR-040/MG;Sul;Abalroamento transversal;2;0;0;0;0;0;0;0;0;0;3;0;0;0;0
28/09/2019;12:10:00;144;Acidente com Vítima;5,058;BR-040/GO;Norte;Abalroamento transversal;2;0;0;0;0;0;0;0;0;0;3;1;0;0;0
28/09/2019;11:48:00;139;Acidente sem Vítima;507,124;BR-040/MG;Sul;Choque em barreira New Jersey;1;0;0;0;0;0;0;0;0;0;3;0;0;0;0
28/09/2019;11:13:00;125;Atropelamento sem Morte;9,2;BR-040/GO;Sul;Atropelamento de pedestre atravessando;1;0;0;0;0;0;0;0;0;0;1;0;1;0;0
28/09/2019;02:18:00;21;Atropelamento sem Morte;701,1;BR-040/MG;Sul;Atropelamento de pedestre atravessando;0;0;0;1;0;0;0;0;0;0;2;0;1;0;0
28/09/2019;02:13:00;19;Acidente sem Vítima;615,2;BR-040/MG;Sul;Colisão traseira;0;0;1;0;1;0;0;0;0;0;3;0;0;0;0
27/09/2019;19:23:00;348;Acidente com Vítima;5,01;BR-040/GO;Norte;Choque com objeto fixo;0;0;0;1;0;0;0;0;0;0;0;0;1;0;0
27/09/2019;18:56:00;340;Atropelamento sem Morte;13,8;BR-040/GO;Sul;Atropelamento de ciclista;1;1;0;0;0;0;0;0;0;0;3;0;0;0;0
27/09/2019;18:26:00;331;Acidente com Vítima;1,1;BR-040/GO;Sul;Abalroamento longitudinal;1;0;0;1;0;0;0;0;0;0;1;1;0;0;0
27/09/2019;17:20:00;320;Acidente sem Vítima;605,05;BR-040/MG;Sul;Abalroamento longitudinal;1;0;2;0;0;0;0;0;0;0;3;0;0;0;0
27/09/2019;17:16:00;317;Acidente com Vítima;141,537;BR-040/MG;Norte;Colisão frontal;1;0;1;0;0;0;0;0;0;0;0;1;1;0;0
27/09/2019;16:59:00;314;Acidente com Vítima;543,785;BR-040/MG;Sul;Abalroamento longitudinal;0;0;0;1;1;0;0;0;0;0;1;0;1;0;0
27/09/2019;16:10:00;298;Acidente sem Vítima;6,2;BR-040/DF;Sul;Choque com objeto fixo;1;1;0;0;0;0;0;0;0;0;3;0;0;0;0
27/09/2019;15:56:00;291;Acidente sem Vítima;530,321;BR-040/MG;Sul;Colisão traseira;1;0;0;1;0;0;0;0;0;0;2;0;0;0;0
27/09/2019;14:33:00;273;Acidente com Vítima;10,1;BR-040/GO;Norte;Queda de Carga;0;0;0;0;0;0;0;0;0;0;0;1;0;0;0
27/09/2019;14:00:00;260;Acidente sem Vítima;563,15;BR-040/MG;Sul;Colisão traseira;3;0;0;0;0;0;0;0;0;0;6;0;0;0;0
27/09/2019;11:44:00;227;Acidente com Vítima;724,5;BR-040/MG;Sul;Queda de Carga;0;0;0;1;0;0;0;0;0;0;0;1;0;0;0
27/09/2019;11:00:00;212;Acidente sem Vítima;661,2;BR-040/MG;Sul;Capotamento;1;0;0;0;0;0;0;0;0;0;1;0;0;0;0
27/09/2019;07:15:00;132;Acidente com Vítima;389,6;BR-040/MG;Sul;Colisão traseira;3;0;0;0;0;0;0;0;0;0;4;0;1;0;0
27/09/2019;00:35:00;8;Acidente sem Vítima;654,2;BR-040/MG;Sul;Choque com objeto fixo;0;0;1;0;0;0;0;0;0;0;1;0;0;0;0
26/09/2019;23:58:00;339;Acidente sem Vítima;523,3;BR-040/MG;Norte;Choque com objeto fixo;1;0;0;0;0;0;0;0;0;0;1;0;0;0;0
26/09/2019;23:05:00;337;Acidente sem Vítima;305,1;BR-040/MG;Norte;Colisão traseira;2;0;0;0;0;1;0;0;0;0;5;0;0;0;0
26/09/2019;22:28:00;334;Acidente sem Vítima;526,6;BR-040/MG;Sul;Queda de Carga;0;0;0;1;0;0;0;0;0;0;1;0;0;0;0
26/09/2019;21:19:00;326;Acidente com Vítima;514,4;BR-040/MG;Sul;Capotamento;1;0;0;0;0;0;0;0;0;0;0;0;1;0;0
26/09/2019;20:49:00;318;Acidente sem Vítima;517,7;BR-040/MG;Norte;Choque com objeto fixo;1;0;0;0;0;0;0;0;0;0;3;0;0;0;0
26/09/2019;19:28:00;300;Acidente com Vítima;444,5;BR-040/MG;Sul;;1;0;0;0;0;0;0;0;0;0;0;0;1;0;0
26/09/2019;18:06:00;285;Acidente sem Vítima;3,8;BR-040/GO;Sul;Colisão traseira;3;0;0;1;0;0;0;0;0;0;4;0;0;0;0
26/09/2019;17:43:00;277;Acidente com Vítima;467,56;BR-040/MG;Sul;Capotamento;1;0;0;0;0;0;0;0;0;0;1;0;1;0;0
26/09/2019;17:37:00;274;Acidente com Vítima;639,4;BR-040/MG;Sul;Capotamento;1;0;0;0;0;0;0;0;0;0;2;2;0;0;0
26/09/2019;16:59:00;263;Acidente sem Vítima;668,618;BR-040/MG;Norte;Abalroamento transversal;1;0;0;0;1;0;0;0;0;0;7;0;0;0;0
26/09/2019;16:25:00;253;Acidente sem Vítima;91,1;BR-040/GO;Sul;Abalroamento transversal;2;0;0;0;0;0;0;0;0;0;7;0;0;0;0
26/09/2019;14:16:00;218;Acidente com Vítima;5,1;BR-040/DF;Norte;Colisão traseira;3;0;0;0;0;0;0;0;0;0;3;0;0;0;0
26/09/2019;13:49:00;214;Acidente sem Vítima;487,5;BR-040/MG;Sul;Colisão traseira;1;0;1;0;0;0;0;0;0;0;2;0;0;0;0
26/09/2019;13:25:00;207;Acidente sem Vítima;738,65;BR-040/MG;Sul;Choque com objeto fixo;1;0;0;0;0;0;0;0;0;0;2;0;0;0;0
26/09/2019;11:33:00;188;Acidente com Vítima;651,242;BR-040/MG;Norte;Choque com objeto fixo;1;0;0;0;0;0;0;0;0;0;1;1;0;0;0
26/09/2019;11:24:00;187;Acidente sem Vítima;656,329;BR-040/MG;Norte;Choque com objeto fixo;1;0;0;0;0;0;0;0;0;0;1;0;0;0;0
26/09/2019;11:06:00;178;Acidente sem Vítima;746,8;BR-040/MG;Sul;Choque com objeto fixo;1;0;0;0;0;0;0;0;0;0;1;0;0;0;0
26/09/2019;09:26:00;154;Acidente sem Vítima;717,666;BR-040/MG;Norte;Choque com objeto fixo;1;0;0;0;0;0;0;0;0;0;1;0;0;0;0
26/09/2019;08:22:00;140;Acidente sem Vítima;592,4;BR-040/MG;Norte;Choque com objeto fixo;0;0;1;0;0;0;0;0;0;0;1;0;0;0;0
26/09/2019;08:19:00;139;Atropelamento sem Morte;4,1;BR-040/GO;Norte;Atropelamento de ciclista;0;1;0;1;0;0;0;0;0;0;1;1;0;0;0
26/09/2019;07:09:00;112;Acidente com Vítima;514,6;BR-040/MG;Norte;Abalroamento longitudinal;1;0;0;1;0;0;0;0;0;0;1;1;0;0;0
26/09/2019;06:52:00;110;Acidente sem Vítima;695,4;BR-040/MG;Norte;Choque em defensa;1;0;0;0;0;0;0;0;0;0;1;0;0;0;0
26/09/2019;06:33:00;105;Acidente sem Vítima;405,45;BR-040/MG;Norte;Colisão traseira;1;0;0;1;0;0;0;0;0;0;2;0;0;0;0
26/09/2019;00:32:00;23;Acidente sem Vítima;2,9;BR-040/DF;Sul;Choque com objeto fixo;1;0;0;0;0;0;0;0;0;0;1;0;0;0;0
25/09/2019;23:43:00;384;Acidente sem Vítima;516,6;BR-040/MG;Sul;Capotamento;1;0;0;0;0;0;0;0;0;0;2;0;0;0;0
25/09/2019;23:08:00;377;Acidente sem Vítima;196,4;BR-040/MG;Norte;Colisão traseira;3;0;0;0;0;0;0;0;0;0;5;0;0;0;0
25/09/2019;22:34:00;372;Acidente sem Vítima;462,2;BR-040/MG;Sul;Colisão traseira;2;0;0;0;0;0;0;0;0;0;2;0;0;0;0
25/09/2019;21:52:00;365;Acidente sem Vítima;21,01;BR-040/GO;Norte;Capotamento;1;0;1;0;0;0;0;0;0;0;3;0;0;0;0
25/09/2019;21:06:00;351;Acidente sem Vítima;712,12;BR-040/MG;Norte;Abalroamento longitudinal;1;0;1;0;0;0;0;0;0;0;1;0;0;0;0
25/09/2019;19:56:00;327;Acidente com Morte;196,4;BR-040/MG;Norte;Queda de Moto;0;0;1;0;0;0;0;0;0;0;0;0;0;0;1
25/09/2019;18:48:00;316;Acidente sem Vítima;525,1;BR-040/MG;Norte;Colisão traseira;2;0;0;0;0;0;0;0;0;0;2;0;0;0;0
25/09/2019;18:32:00;309;Acidente sem Vítima;662,47;BR-040/MG;Sul;Choque com objeto fixo;1;0;0;0;0;0;0;0;0;0;2;0;0;0;0
25/09/2019;18:27:00;306;Acidente com Vítima;42,3;BR-040/MG;Sul;Abalroamento transversal;1;0;0;1;0;0;0;0;0;0;1;0;1;0;0