data;horario;n_da_ocorrencia;tipo_de_ocorrencia;km;trecho;sentido;tipo_de_acidente;automovel;bicicleta;caminhao;moto;onibus;outros;tracao_animal;transporte_de_cargas_especiais;trator_maquinas;utilitarios;ilesos;levemente_feridos;moderadamente_feridos;gravemente_feridos;mortos
25/09/2019;18:12:00;297;Acidente sem Vítima;461,65;BR-040/MG;Sul;Colisão traseira;0;0;2;0;0;0;0;0;0;0;2;0;0;0;0
25/09/2019;17:07:00;279;Acidente com Vítima;462,604;BR-040/MG;Sul;Colisão traseira;0;0;1;0;1;0;0;0;0;0;1;12;7;9;0
25/09/2019;16:16:00;259;Acidente com Vítima;662,977;BR-040/MG;Norte;Colisão traseira;1;0;1;0;0;0;0;0;0;0;1;2;0;0;0
25/09/2019;16:15:00;258;Acidente sem Vítima;618,799;BR-040/MG;Sul;Colisão traseira;2;0;0;0;0;0;0;0;0;0;2;0;0;0;0
25/09/2019;15:45:00;247;Acidente sem Vítima;726,1;BR-040/MG;Sul;Choque com objeto fixo;1;0;0;0;0;0;0;0;0;0;1;0;0;0;0
25/09/2019;14:55:00;235;Acidente sem Vítima;749,15;BR-040/MG;Sul;Choque em defensa;1;0;0;0;0;0;0;0;0;0;1;0;0;0;0
25/09/2019;14:40:00;231;Acidente sem Vítima;739,1;BR-040/MG;Norte;Capotamento;1;0;0;0;0;0;0;0;0;0;1;0;0;0;0
25/09/2019;14:25:00;226;Acidente sem Vítima;520,65;BR-040/MG;Norte;Abalroamento longitudinal;0;0;0;2;0;0;0;0;0;0;2;0;0;0;0
25/09/2019;13:37:00;209;Acidente sem Vítima;562,2;BR-040/MG;Norte;Queda de Moto;1;0;0;0;0;0;0;0;0;0;1;0;0;0;0
25/09/2019;12:30:00;194;Acidente sem Vítima;716,45;BR-040/MG;Norte;Capotamento;1;0;0;0;0;0;0;0;0;0;1;0;0;0;0
25/09/2019;12:12:00;190;Acidente sem Vítima;661,1;BR-040/MG;Sul;;1;0;0;0;0;0;0;0;0;0;1;0;0;0;0
25/09/2019;10:41:00;171;Acidente com Vítima;535,5;BR-040/MG;Norte;Colisão traseira;0;0;0;1;0;0;0;0;0;0;0;1;0;0;0
25/09/2019;10:37:00;168;Acidente sem Vítima;536,6;BR-040/MG;Sul;Choque com objeto fixo;1;0;0;0;0;0;0;0;0;0;1;0;0;0;0
25/09/2019;09:47:00;157;Acidente com Vítima;717,1;BR-040/MG;Norte;Choque em defensa;1;0;0;0;0;0;0;0;0;0;0;1;0;0;0
25/09/2019;09:45:00;156;Acidente sem Vítima;230,556;BR-040/MG;Norte;Colisão traseira;1;0;2;0;0;0;0;0;0;0;5;0;0;0;0
25/09/2019;08:51:00;140;Acidente sem Vítima;638,5;BR-040/MG;Norte;Choque com objeto fixo;1;0;0;0;0;0;0;0;0;0;1;0;0;0;0
25/09/2019;08:22:00;132;Acidente sem Vítima;16,296;BR-040/MG;Sul;Queda de Carga;0;0;1;0;0;0;0;0;0;0;1;0;0;0;0
25/09/2019;07:31:00;106;Acidente sem Vítima;74,1;BR-040/GO;Sul;Colisão traseira;0;0;2;0;0;0;0;0;0;0;2;0;0;0;0
25/09/2019;04:56:00;68;Acidente sem Vítima;150,5;BR-040/MG;Sul;Colisão traseira;1;0;1;0;0;0;0;0;0;0;2;0;0;0;0
24/09/2019;20:06:00;307;Acidente com Vítima;633,06;BR-040/MG;Sul;Abalroamento transversal;1;0;0;1;0;0;0;0;0;0;1;1;0;0;0
24/09/2019;19:36:00;296;Acidente sem Vítima;92,65;BR-040/GO;Sul;Abalroamento transversal;2;0;0;0;0;0;0;0;0;0;4;0;0;0;0
24/09/2019;18:34:00;280;Acidente sem Vítima;531,1;BR-040/MG;Sul;Colisão traseira;0;0;0;1;1;0;0;0;0;0;2;0;0;0;0
24/09/2019;18:04:00;273;Acidente sem Vítima;487,01;BR-040/MG;Sul;Colisão traseira;1;0;1;0;0;0;0;0;0;0;3;0;0;0;0
24/09/2019;17:41:00;269;Acidente com Vítima;536,1;BR-040/MG;Norte;Colisão traseira;2;0;0;1;0;0;0;0;0;0;3;1;0;0;0
24/09/2019;16:35:00;253;Acidente com Vítima;584,1;BR-040/MG;Sul;Abalroamento transversal;1;0;1;0;0;0;0;0;0;0;1;0;0;1;0
24/09/2019;13:43:00;213;Acidente com Vítima;337,291;BR-040/MG;Norte;Colisão frontal;2;0;1;0;0;0;0;0;0;0;3;1;0;1;0
24/09/2019;12:48:00;203;Acidente sem Vítima;503,1;BR-040/MG;Sul;Abalroamento longitudinal;1;0;1;0;0;0;0;0;0;0;2;0;0;0;0
24/09/2019;09:21:00;154;Acidente com Vítima;467,7;BR-040/MG;Sul;Choque com objeto fixo;1;0;0;0;0;0;0;0;0;0;0;1;0;0;0
24/09/2019;08:53:00;141;Acidente com Vítima;532,122;BR-040/MG;Sul;Colisão traseira;2;0;0;0;0;0;0;0;0;0;2;1;0;0;0
24/09/2019;08:05:00;127;Acidente sem Vítima;534,211;BR-040/MG;Norte;Abalroamento longitudinal;1;0;1;0;0;0;0;0;0;0;2;0;0;0;0
24/09/2019;07:12:00;108;Acidente sem Vítima;656,1;BR-040/MG;Norte;Choque com objeto fixo;1;0;0;0;0;0;0;0;0;0;1;0;0;0;0
24/09/2019;06:31:00;99;Acidente com Vítima;538,3;BR-040/MG;Norte;Abalroamento longitudinal;1;0;0;1;0;0;0;0;0;0;1;1;0;0;0
24/09/2019;03:18:00;39;Acidente sem Vítima;495,7;BR-040/MG;Sul;Colisão traseira;0;0;2;0;0;0;0;0;0;0;2;0;0;0;0
24/09/2019;00:01:00;2;Acidente sem Vítima;349,425;BR-040/MG;Norte;Outros;0;0;1;0;0;0;0;0;0;0;27;0;0;0;0
23/09/2019;18:55:00;294;Acidente com Vítima;717,1;BR-040/MG;Norte;Queda de Carga;1;0;0;0;0;0;0;0;0;0;1;3;0;0;0
23/09/2019;15:52:00;256;Acidente sem Vítima;6,396;BR-040/GO;Norte;Colisão traseira;1;0;0;0;1;0;0;0;0;0;4;0;0;0;0
23/09/2019;08:22:00;137;Acidente com Vítima;549,615;BR-040/MG;Sul;Queda de Carga;0;0;0;1;0;1;0;0;0;0;1;0;0;1;0
23/09/2019;07:29:00;124;Acidente sem Vítima;113,344;BR-040/GO;Norte;Capotamento;1;0;0;0;0;0;0;0;0;0;2;0;0;0;0
23/09/2019;06:29:00;97;Acidente com Vítima;535,474;BR-040/MG;Norte;Queda de Carga;0;0;1;0;0;0;0;0;0;0;0;0;1;0;0
23/09/2019;00:22:00;4;Acidente sem Vítima;728,015;BR-040/MG;Sul;Choque com objeto fixo;1;0;0;0;0;0;0;0;0;0;4;0;0;0;0
23/09/2019;00:14:00;2;Acidente sem Vítima;590,12;BR-040/MG;Norte;Choque com objeto fixo;1;0;0;0;0;0;0;0;0;0;1;0;0;0;0
22/09/2019;22:19:00;260;Acidente sem Vítima;5,12;BR-040/GO;Norte;Choque com objeto fixo;2;0;0;0;0;0;0;0;0;0;3;0;0;0;0
22/09/2019;21:48:00;255;Acidente com Vítima;730,315;BR-040/MG;Norte;Choque em barreira New Jersey;1;0;0;0;0;0;0;0;0;0;1;1;0;0;0
22/09/2019;21:34:00;249;Acidente com Vítima;97,12;BR-040/GO;Norte;Capotamento;2;0;0;0;0;0;0;0;0;0;0;0;1;0;0
22/09/2019;21:05:00;245;Acidente sem Vítima;458,64;BR-040/MG;Sul;Queda de Carga;0;0;0;1;0;0;0;0;0;0;0;0;0;1;0
22/09/2019;21:00:00;243;Acidente sem Vítima;544,1;BR-040/MG;Sul;;1;0;0;0;0;0;0;0;0;0;2;0;0;0;0
22/09/2019;20:22:00;226;Acidente sem Vítima;491,2;BR-040/MG;Sul;Choque com objeto fixo;1;0;0;0;0;0;0;0;0;0;1;0;0;0;0
22/09/2019;19:44:00;217;Acidente sem Vítima;305,1;BR-040/MG;Norte;Atropelamento de animal;1;0;0;0;0;0;0;0;0;0;1;0;0;0;0
22/09/2019;19:38:00;212;Acidente sem Vítima;491,2;BR-040/MG;Sul;Choque com objeto fixo;1;0;0;0;0;0;0;0;0;0;1;0;0;0;0
22/09/2019;19:19:00;204;Acidente sem Vítima;717,5;BR-040/MG;Norte;Choque em barreira New Jersey;1;0;0;0;0;0;0;0;0;0;3;0;0;0;0
22/09/2019;17:50:00;172;Acidente sem Vítima;731,5;BR-040/MG;Sul;Choque com objeto fixo;1;0;0;0;0;0;0;0;0;0;1;0;0;0;0
22/09/2019;17:25:00;168;Acidente com Vítima;517,49;BR-040/MG;Sul;Colisão traseira;4;0;0;0;0;0;0;0;0;0;9;1;0;0;0
22/09/2019;17:11:00;161;Acidente com Vítima;694,1;BR-040/MG;Sul;Colisão frontal;1;0;0;0;1;0;0;0;0;0;30;0;0;1;0
22/09/2019;16:45:00;152;Acidente sem Vítima;588,87;BR-040/MG;Sul;Queda de Carga;0;0;1;0;0;0;0;0;0;0;1;0;0;0;0
22/09/2019;16:27:00;146;Acidente sem Vítima;717,1;BR-040/MG;Norte;Choque em defensa;1;0;0;0;0;0;0;0;0;0;1;0;0;0;0
22/09/2019;16:26:00;145;Acidente sem Vítima;487,033;BR-040/MG;Sul;Colisão traseira;2;0;0;0;0;0;0;0;0;0;3;0;0;0;0
22/09/2019;15:29:00;131;Acidente com Vítima;739,5;BR-040/MG;Sul;Colisão traseira;1;0;0;1;0;0;0;0;0;0;2;1;1;0;0
22/09/2019;15:15:00;128;Acidente sem Vítima;737,9;BR-040/MG;Sul;Abalroamento longitudinal;2;0;0;0;0;0;0;0;0;0;2;0;0;0;0
22/09/2019;14:59:00;121;Acidente sem Vítima;727,5;BR-040/MG;Sul;Choque em barreira New Jersey;1;0;0;0;0;0;0;0;0;0;1;0;0;0;0
22/09/2019;14:22:00;115;Acidente com Vítima;568,2;BR-040/MG;Sul;Capotamento;1;0;0;0;0;0;0;0;0;0;0;1;0;0;0
22/09/2019;13:47:00;105;Acidente sem Vítima;710,4;BR-040/MG;Norte;;1;0;0;0;0;0;0;0;0;0;1;0;0;0;0
22/09/2019;13:24:00;100;Acidente sem Vítima;665,042;BR-040/MG;Sul;Abalroamento transversal;2;0;0;0;0;0;0;0;0;0;4;0;0;0;0
22/09/2019;13:20:00;98;Acidente sem Vítima;717,538;BR-040/MG;Norte;Abalroamento longitudinal;1;0;0;1;0;0;0;0;0;0;2;0;0;0;0
22/09/2019;12:58:00;87;Acidente sem Vítima;710,4;BR-040/MG;Norte;Choque em barreira New Jersey;1;0;0;0;0;0;0;0;0;0;2;0;0;0;0
22/09/2019;10:42:00;72;Acidente com Vítima;60,1;BR-040/GO;Norte;Abalroamento longitudinal;2;0;0;0;0;0;0;0;0;0;5;1;1;0;0
22/09/2019;08:28:00;47;Acidente sem Vítima;729,8;BR-040/MG;Norte;Choque em defensa;1;0;0;0;0;0;0;0;0;0;1;0;0;0;0
22/09/2019;07:30:00;29;Acidente com Vítima;749,7;BR-040/MG;Norte;Choque em defensa;1;0;0;0;0;0;0;0;0;0;0;2;0;0;0
22/09/2019;07:08:00;27;Acidente sem Vítima;737,7;BR-040/MG;Sul;Choque em defensa;1;0;0;0;0;0;0;0;0;0;1;0;0;0;0
22/09/2019;06:12:00;16;Acidente sem Vítima;740,1;BR-040/MG;Sul;Capotamento;1;0;0;0;0;0;0;0;0;0;1;0;0;0;0
21/09/2019;20:50:00;289;Acidente sem Vítima;522,9;BR-040/MG;Sul;Choque com objeto fixo;1;0;0;0;0;0;0;0;0;0;1;0;0;0;0
21/09/2019;18:48:00;260;Acidente sem Vítima;7,85;BR-040/GO;Norte;Abalroamento longitudinal;2;0;0;0;0;0;0;0;0;0;6;0;0;0;0
21/09/2019;17:32:00;239;Acidente com Vítima;755,3;BR-040/MG;Sul;Choque com objeto fixo;2;0;0;0;0;0;0;0;0;0;1;1;0;0;0
21/09/2019;16:39:00;221;Acidente com Vítima;540,15;BR-040/MG;Sul;Colisão traseira;1;0;1;0;0;0;0;0;0;0;1;1;0;0;0
21/09/2019;15:52:00;204;Acidente sem Vítima;535,5;BR-040/MG;Norte;Colisão traseira;1;0;0;0;0;0;0;0;0;0;1;0;0;0;0
21/09/2019;13:26:00;163;Acidente com Vítima;632,479;BR-040/MG;Sul;Capotamento;1;0;0;0;0;0;0;0;0;0;0;0;0;0;0
21/09/2019;13:24:00;162;Acidente sem Vítima;448,2;BR-040/MG;Norte;Choque com objeto fixo;1;0;0;0;0;0;0;0;0;0;1;0;0;0;0
21/09/2019;11:58:00;131;Acidente sem Vítima;4,1;BR-040/DF;Sul;Colisão traseira;1;0;1;0;0;0;0;0;0;0;2;0;0;0;0
21/09/2019;11:42:00;127;Acidente com Vítima;535,65;BR-040/MG;Sul;Queda de Carga;0;0;0;1;0;0;0;0;0;0;1;1;0;0;0
21/09/2019;10:46:00;115;Acidente sem Vítima;521,738;BR-040/MG;Norte;Colisão traseira;3;0;0;0;0;0;0;0;0;0;3;0;0;0;0
21/09/2019;10:32:00;110;Acidente com Vítima;5,5;BR-040/DF;Sul;Colisão traseira;3;0;0;0;0;0;0;0;0;0;2;1;0;0;0
21/09/2019;08:50:00;80;Acidente sem Vítima;487,5;BR-040/MG;Norte;Colisão traseira;1;0;1;0;0;0;0;0;0;0;2;0;0;0;0
21/09/2019;08:47:00;79;Acidente sem Vítima;548,2;BR-040/MG;Sul;Colisão traseira;2;0;0;0;0;0;0;0;0;0;2;0;0;0;0
21/09/2019;08:26:00;75;Acidente sem Vítima;185,15;BR-040/MG;Sul;Colisão traseira;1;0;1;0;0;0;0;0;0;0;2;0;0;0;0
20/09/2019;19:51:00;372;Acidente com Vítima;6,1;BR-040/GO;Sul;Abalroamento longitudinal;0;0;0;1;0;0;0;0;0;0;0;0;1;0;0
20/09/2019;19:05:00;353;Acidente com Vítima;523,41;BR-040/MG;Norte;Colisão traseira;3;0;1;0;0;0;0;0;0;0;4;1;0;0;0
20/09/2019;17:27:00;325;Acidente sem Vítima;515,101;BR-040/MG;Sul;Colisão traseira;1;0;1;0;0;0;0;0;0;0;2;0;0;0;0
20/09/2019;17:20:00;321;Acidente sem Vítima;515,4;BR-040/MG;Norte;Colisão traseira;3;0;0;1;0;0;0;0;0;0;4;0;0;0;0
20/09/2019;12:03:00;224;Acidente sem Vítima;424,321;BR-040/MG;Norte;;1;0;1;0;0;0;0;0;0;0;2;0;0;0;0
20/09/2019;08:03:00;155;Acidente sem Vítima;544,861;BR-040/MG;Sul;Colisão traseira;2;0;0;0;0;0;0;0;0;0;2;0;0;0;0
20/09/2019;07:48:00;147;Acidente sem Vítima;519,5;BR-040/MG;Sul;Colisão traseira;0;0;2;0;0;0;0;0;0;0;2;0;0;0;0
20/09/2019;07:14:00;131;Atropelamento sem Morte;520,1;BR-040/MG;Sul;Atropelamento de ciclista;1;1;0;0;0;0;0;0;0;0;1;0;1;0;0
20/09/2019;07:02:00;125;Acidente sem Vítima;538,1;BR-040/MG;Norte;Abalroamento longitudinal;1;0;1;0;0;0;0;0;0;0;2;0;0;0;0
20/09/2019;05:13:00;91;Acidente com Vítima;665,457;BR-040/MG;Norte;Choque com objeto fixo;0;0;0;0;0;0;0;0;0;1;2;1;1;0;0
19/09/2019;22:53:00;469;Acidente com Vítima;515,3;BR-040/MG;Norte;Colisão traseira;0;0;2;0;0;0;0;0;0;0;3;1;0;0;0
19/09/2019;21:34:00;456;Acidente sem Vítima;5,15;BR-040/DF;Sul;Colisão traseira;1;0;1;0;0;0;0;0;0;0;2;0;1;0;0
19/09/2019;20:16:00;438;Acidente sem Vítima;468,1;BR-040/MG;Norte;;1;0;0;0;0;0;0;0;0;0;3;0;0;0;0
19/09/2019;18:53:00;415;Acidente sem Vítima;583,2;BR-040/MG;Sul;Outros;2;0;1;0;0;0;0;0;0;0;4;0;0;0;0
19/09/2019;18:17:00;402;Acidente com Vítima;30,1;BR-040/GO;Sul;Abalroamento transversal;2;0;0;0;0;0;0;0;0;0;2;1;0;0;0
19/09/2019;17:44:00;390;Acidente sem Vítima;1,2;BR-040/DF;Sul;Colisão traseira;0;0;0;2;0;0;0;0;0;0;0;0;0;0;0
19/09/2019;15:07:00;343;Acidente com Vítima;520,1;BR-040/MG;Norte;Abalroamento longitudinal;1;0;1;0;0;0;0;0;0;0;1;1;0;0;0
19/09/2019;14:37:00;335;Acidente com Vítima;492,7;BR-040/MG;Norte;Queda de Carga;0;0;1;0;0;0;0;0;0;0;1;0;0;0;0
19/09/2019;13:58:00;325;Acidente sem Vítima;534,1;BR-040/MG;Sul;Colisão traseira;3;0;0;0;0;0;0;0;0;0;3;0;0;0;0
19/09/2019;12:33:00;302;Acidente com Vítima;2,7;BR-040/GO;Norte;Colisão frontal;1;0;0;1;0;0;0;0;0;0;1;0;0;0;0
19/09/2019;12:14:00;295;Acidente sem Vítima;480,321;BR-040/MG;Norte;Queda de Carga;0;0;1;0;0;0;0;0;0;0;1;0;0;0;0
19/09/2019;10:56:00;272;Acidente com Vítima;547,351;BR-040/MG;Sul;Colisão traseira;1;0;0;1;0;0;0;0;0;0;1;1;0;0;0
19/09/2019;06:37:00;170;Acidente sem Vítima;537,534;BR-040/MG;Norte;Colisão traseira;1;0;0;1;0;0;0;0;0;0;2;0;0;0;0
19/09/2019;06:21:00;164;Acidente com Vítima;3,054;BR-040/GO;Norte;Colisão traseira;2;0;0;0;0;0;0;0;0;0;4;1;1;0;0
19/09/2019;03:58:00;149;Acidente sem Vítima;555,5;BR-040/MG;Norte;Colisão traseira;0;0;2;0;0;0;0;0;0;0;2;0;0;0;0
18/09/2019;20:38:00;333;Acidente sem Vítima;553,1;BR-040/MG;Norte;Choque com objeto fixo;1;0;0;0;0;0;0;0;0;0;1;0;0;0;0
18/09/2019;18:43:00;301;Acidente sem Vítima;526,2;BR-040/MG;Norte;Colisão traseira;4;0;0;0;0;0;0;0;0;0;9;0;0;0;0
18/09/2019;18:26:00;292;Acidente com Vítima;7,1;BR-040/GO;Sul;Colisão traseira;1;0;0;1;0;0;0;0;0;0;5;1;0;0;0
18/09/2019;18:22:00;295;Acidente sem Vítima;547,1;BR-040/MG;Sul;Colisão traseira;3;0;0;0;0;0;0;0;0;0;4;0;0;0;0
18/09/2019;16:59:00;262;Acidente com Vítima;550,12;BR-040/MG;Norte;Capotamento;1;0;0;0;0;0;0;0;0;0;1;0;0;0;0
18/09/2019;14:43:00;229;Acidente com Morte;588,7;BR-040/MG;Norte;Capotamento;0;0;1;0;0;0;0;0;0;0;0;0;1;0;1
18/09/2019;14:15:00;224;Acidente sem Vítima;594,3;BR-040/MG;Sul;Colisão traseira;1;0;0;0;0;0;0;0;0;1;2;0;0;0;0
18/09/2019;13:08:00;212;Acidente com Vítima;770,3;BR-040/MG;Norte;Queda de Carga;0;0;1;0;0;0;0;0;0;0;1;1;0;0;0
18/09/2019;13:01:00;210;Acidente sem Vítima;540,2;BR-040/MG;Sul;Colisão traseira;2;0;0;0;0;0;0;0;0;0;2;0;0;0;0
18/09/2019;12:53:00;204;Acidente com Morte;698,5;BR-040/MG;Norte;Colisão frontal;1;0;1;1;0;0;0;0;0;0;1;0;1;0;1
18/09/2019;10:09:00;168;Acidente sem Vítima;473,4;BR-040/MG;Norte;Colisão traseira;1;0;0;0;0;0;0;0;0;0;1;0;0;0;0
18/09/2019;10:04:00;164;Acidente sem Vítima;545,095;BR-040/MG;Sul;Queda de Carga;1;0;0;0;0;0;0;0;0;0;1;0;0;0;0
18/09/2019;09:24:00;152;Atropelamento sem Morte;525,558;BR-040/MG;Norte;;0;0;1;0;0;0;0;0;0;0;1;0;1;0;0
18/09/2019;07:56:00;118;Acidente com Vítima;3,8;BR-040/DF;Norte;Abalroamento longitudinal;1;0;0;1;0;0;0;0;0;0;1;1;0;0;0
18/09/2019;07:32:00;110;Acidente com Vítima;5,9;BR-040/DF;Norte;Abalroamento longitudinal;1;0;0;1;0;0;0;0;0;0;1;1;0;0;0
18/09/2019;07:05:00;101;Acidente com Vítima;515,602;BR-040/MG;Norte;Colisão traseira;1;0;0;1;0;0;0;0;0;0;2;1;0;0;0
18/09/2019;05:08:00;88;Acidente sem Vítima;60,5;BR-040/MG;Norte;Abalroamento longitudinal;0;0;2;0;0;0;0;0;0;0;2;0;0;0;0
18/09/2019;04:35:00;87;Acidente sem Vítima;448,5;BR-040/MG;Sul;Atropelamento de animal;0;0;0;0;0;1;0;0;0;0;1;0;0;0;0
18/09/2019;02:31:00;66;Acidente com Vítima;718,115;BR-040/MG;Sul;Capotamento;1;0;0;0;0;0;0;0;0;0;0;1;0;0;0
17/09/2019;21:40:00;396;Acidente sem Vítima;12,01;BR-040/GO;Norte;;1;0;0;0;0;0;0;0;0;0;1;0;0;0;0
17/09/2019;19:47:00;369;Acidente com Vítima;507,59;BR-040/MG;Sul;Queda de Carga;0;0;0;1;0;0;0;0;0;0;0;0;1;0;0
17/09/2019;19:14:00;355;Atropelamento sem Morte;9,01;BR-040/GO;Sul;;0;0;0;1;0;0;0;0;0;0;1;0;1;0;0
17/09/2019;18:35:00;342;Acidente sem Vítima;614,59;BR-040/MG;Norte;Colisão traseira;1;0;1;0;1;1;0;0;0;0;4;0;0;0;0
17/09/2019;17:46:00;328;Acidente com Vítima;7,6;BR-040/DF;Sul;Queda de Moto;0;0;0;1;0;0;0;0;0;0;1;1;0;0;0
17/09/2019;16:23:00;303;Acidente sem Vítima;1,7;BR-040/GO;Sul;Colisão traseira;1;0;0;1;0;0;0;0;0;0;3;0;1;0;0
17/09/2019;13:46:00;261;Acidente sem Vítima;597,1;BR-040/MG;Norte;Colisão traseira;1;0;1;0;0;0;0;0;0;0;2;0;0;0;0
17/09/2019;13:08:00;250;Acidente sem Vítima;707,1;BR-040/MG;Norte;Choque em defensa;0;0;1;0;0;0;0;0;0;0;1;0;0;0;0
17/09/2019;09:11:00;184;Acidente com Vítima;724,1;BR-040/MG;Sul;Capotamento;1;0;0;0;0;0;0;0;0;0;0;1;0;0;0
17/09/2019;01:55:00;63;Acidente sem Vítima;543,5;BR-040/MG;Norte;Queda de Carga;1;0;0;0;0;0;0;0;0;0;1;0;0;0;0
17/09/2019;00:56:00;15;Acidente sem Vítima;548,6;BR-040/MG;Sul;Colisão traseira;0;0;2;0;0;0;0;0;0;0;2;0;0;0;0
16/09/2019;21:41:00;353;Acidente sem Vítima;552,55;BR-040/MG;Norte;Abalroamento longitudinal;2;0;0;0;0;0;0;0;0;0;2;0;0;0;0
16/09/2019;18:41:00;320;Acidente sem Vítima;545,3;BR-040/MG;Norte;Colisão traseira;0;0;1;0;0;1;0;0;0;0;2;0;0;0;0
16/09/2019;18:28:00;317;Acidente sem Vítima;1,9;BR-040/DF;Sul;Colisão traseira;4;0;0;0;0;0;0;0;0;0;4;0;0;0;0
16/09/2019;17:45:00;306;Acidente sem Vítima;530,1;BR-040/MG;Sul;Queda de Carga;0;0;0;1;0;0;0;0;0;0;1;0;0;0;0
16/09/2019;16:52:00;299;Acidente com Vítima;134,1;BR-040/MG;Norte;Choque com objeto fixo;1;0;0;0;0;0;0;0;0;0;0;1;0;0;0
16/09/2019;16:47:00;294;Acidente sem Vítima;429,128;BR-040/MG;Norte;Atropelamento de animal;1;0;0;0;0;0;0;0;0;0;3;0;0;0;0
16/09/2019;15:30:00;277;Acidente sem Vítima;2,6;BR-040/GO;Norte;Colisão traseira;4;0;0;0;0;0;0;0;0;0;6;0;0;0;0
16/09/2019;14:57:00;267;Acidente sem Vítima;129,1;BR-040/MG;Norte;Abalroamento longitudinal;1;0;0;0;0;1;0;0;0;0;2;0;0;0;0
16/09/2019;14:45:00;261;Acidente sem Vítima;5,1;BR-040/GO;Sul;Colisão traseira;0;0;0;0;0;0;0;0;0;0;0;0;0;0;0
16/09/2019;13:18:00;240;Acidente com Vítima;495,2;BR-040/MG;Sul;Abalroamento transversal;0;0;2;0;0;0;0;0;0;0;0;0;0;2;0
16/09/2019;12:42:00;234;Acidente com Vítima;630,345;BR-040/MG;Norte;Abalroamento longitudinal;1;0;0;1;0;0;0;0;0;0;2;0;0;0;0
16/09/2019;11:37:00;222;Acidente sem Vítima;504,932;BR-040/MG;Sul;Choque em defensa;1;0;0;0;0;1;0;0;0;0;2;0;0;0;0
16/09/2019;11:28:00;219;Acidente com Vítima;487,321;BR-040/MG;Sul;Abalroamento longitudinal;1;0;0;1;0;0;0;0;0;0;1;1;0;0;0
16/09/2019;09:28:00;189;Acidente sem Vítima;739,9;BR-040/MG;Sul;Choque com objeto fixo;1;0;0;0;0;0;0;0;0;0;0;0;0;0;0
16/09/2019;09:18:00;186;Acidente com Vítima;513,8;BR-040/MG;Sul;Queda de Carga;1;0;0;1;0;0;0;0;0;0;1;1;0;0;0
16/09/2019;09:15:00;187;Acidente sem Vítima;727,1;BR-040/MG;Sul;Choque com objeto fixo;1;0;0;0;0;0;0;0;0;0;2;0;0;0;0
16/09/2019;08:55:00;177;Acidente sem Vítima;5,5;BR-040/DF;Norte;Colisão traseira;2;0;0;0;0;0;0;0;0;0;2;0;0;0;0
16/09/2019;08:12:00;158;Acidente sem Vítima;728,3;BR-040/MG;Sul;Choque com objeto fixo;1;0;0;0;0;0;0;0;0;0;1;0;0;0;0
16/09/2019;07:49:00;149;Acidente sem Vítima;717,1;BR-040/MG;Norte;;1;0;0;0;0;0;0;0;0;0;3;0;0;0;0
16/09/2019;07:07:00;134;Acidente sem Vítima;749,8;BR-040/MG;Sul;Capotamento;1;0;0;0;0;0;0;0;0;0;1;0;0;0;0
16/09/2019;07:06:00;135;Atropelamento sem Morte;2,1;BR-040/GO;Norte;Atropelamento de pedestre atravessando;0;0;0;1;0;0;0;0;0;0;1;1;0;0;0
16/09/2019;06:50:00;125;Acidente com Vítima;513,556;BR-040/MG;Sul;Abalroamento longitudinal;1;0;0;1;0;0;0;0;0;0;1;0;1;0;0
16/09/2019;06:48:00;124;Acidente sem Vítima;522,321;BR-040/MG;Sul;Colisão traseira;2;0;0;1;0;0;0;0;0;0;3;0;0;0;0
16/09/2019;06:45:00;122;Acidente com Vítima;617,2;BR-040/MG;Sul;Abalroamento longitudinal;0;0;1;1;0;0;0;0;0;0;1;0;1;0;0
16/09/2019;04:01:00;83;Acidente com Vítima;641,7;BR-040/MG;Sul;Queda de Moto;1;0;0;0;0;0;0;0;0;0;0;0;1;0;0
16/09/2019;01:10:00;27;Acidente com Vítima;533,7;BR-040/MG;Sul;Choque com objeto fixo;1;0;0;0;0;0;0;0;0;0;1;1;0;0;0
15/09/2019;20:13:00;273;Acidente com Vítima;619,92;BR-040/MG;Norte;Abalroamento transversal;2;0;0;0;0;0;0;0;0;0;1;0;0;1;0
15/09/2019;18:43:00;241;Acidente sem Vítima;4,393;BR-040/DF;Norte;Queda de Moto;2;0;0;1;0;0;0;0;0;0;2;0;0;0;0
15/09/2019;18:32:00;235;Acidente com Vítima;551,15;BR-040/MG;Norte;Colisão traseira;4;0;0;1;0;0;0;0;0;0;5;1;0;0;0
15/09/2019;17:45:00;221;Acidente sem Vítima;490,932;BR-040/MG;Sul;Choque com objeto fixo;1;0;0;0;0;0;0;0;0;0;5;0;0;0;0
15/09/2019;16:16:00;186;Acidente com Vítima;129,672;BR-040/GO;Sul;Colisão frontal;4;0;1;0;0;0;0;0;0;0;8;2;2;0;0
15/09/2019;14:48:00;171;Acidente sem Vítima;101,367;BR-040/GO;Sul;Capotamento;1;0;0;0;0;0;0;0;0;0;1;0;0;0;0
15/09/2019;14:41:00;170;Acidente com Vítima;443,341;BR-040/MG;Sul;Capotamento;1;0;0;0;0;0;0;0;0;0;0;1;0;0;0
15/09/2019;11:18:00;126;Acidente com Vítima;705,9;BR-040/MG;Norte;Colisão traseira;3;0;0;0;0;0;0;0;0;0;2;1;0;0;0