data;horario;n_da_ocorrencia;tipo_de_ocorrencia;km;trecho;sentido;tipo_de_acidente;automovel;bicicleta;caminhao;moto;onibus;outros;tracao_animal;transporte_de_cargas_especiais;trator_maquinas;utilitarios;ilesos;levemente_feridos;moderadamente_feridos;gravemente_feridos;mortos
15/09/2019;10:52:00;121;Acidente com Vítima;608,1;BR-040/MG;Sul;Abalroamento longitudinal;2;0;0;0;0;0;0;0;0;0;2;4;0;0;0
15/09/2019;10:19:00;114;Acidente sem Vítima;735,1;BR-040/MG;Sul;Capotamento;1;0;0;0;0;0;0;0;0;0;1;0;0;0;0
15/09/2019;09:52:00;110;Acidente sem Vítima;717,1;BR-040/MG;Norte;Choque em defensa;1;0;0;0;0;0;0;0;0;0;3;0;0;0;0
15/09/2019;09:21:00;103;Acidente sem Vítima;716,5;BR-040/MG;Norte;Choque em defensa;1;0;0;0;0;0;0;0;0;0;4;0;0;0;0
15/09/2019;06:51:00;66;Acidente sem Vítima;417,9;BR-040/MG;Sul;Queda de Carga;1;0;0;1;0;0;0;0;0;0;3;0;0;0;0
15/09/2019;06:03:00;62;Acidente com Vítima;512,01;BR-040/MG;Sul;Choque com objeto fixo;1;0;0;0;0;0;0;0;0;0;0;1;0;0;0
14/09/2019;21:39:00;269;Acidente sem Vítima;8,001;BR-040/DF;Norte;Choque com objeto fixo;2;0;0;0;0;0;0;0;0;0;2;0;0;0;0
14/09/2019;20:27:00;252;Atropelamento sem Morte;546,7;BR-040/MG;Norte;;1;0;0;0;0;0;0;0;0;0;1;0;1;0;0
14/09/2019;19:23:00;238;Acidente com Vítima;524,2;BR-040/MG;Norte;Atropelamento de animal;0;0;0;1;0;0;0;0;0;0;0;0;1;0;0
14/09/2019;19:22:00;239;Acidente sem Vítima;268,1;BR-040/MG;Sul;Atropelamento de animal;1;0;0;0;0;0;0;0;0;0;2;0;0;0;0
14/09/2019;17:37:00;205;Acidente com Vítima;18,645;BR-040/GO;Sul;Capotamento;1;0;0;0;0;0;0;0;0;0;0;0;2;0;0
14/09/2019;16:27:00;183;Acidente sem Vítima;563,05;BR-040/MG;Norte;Abalroamento longitudinal;2;0;0;0;0;0;0;0;0;0;9;0;0;0;0
14/09/2019;16:15:00;179;Acidente sem Vítima;11,6;BR-040/GO;Norte;Capotamento;1;0;0;0;0;0;0;0;0;0;1;0;0;0;0
14/09/2019;15:57:00;175;Atropelamento sem Morte;15,001;BR-040/GO;Sul;Atropelamento de ciclista;1;1;0;0;0;0;0;0;0;0;1;1;0;0;0
14/09/2019;12:52:00;139;Acidente sem Vítima;425,35;BR-040/MG;Norte;Choque com objeto fixo;1;0;0;0;0;0;0;0;0;0;4;0;0;0;0
14/09/2019;12:22:00;130;Acidente com Vítima;623,033;BR-040/MG;Norte;Queda de Carga;1;0;0;1;0;0;0;0;0;0;1;1;0;0;0
14/09/2019;11:13:00;119;Acidente sem Vítima;488,8;BR-040/MG;Sul;Choque em defensa;1;0;0;1;0;0;0;0;0;0;2;0;0;0;0
14/09/2019;06:35:00;45;Acidente com Vítima;2,7;BR-040/DF;Sul;Colisão traseira;2;0;0;0;0;0;0;0;0;0;1;2;0;0;0
14/09/2019;05:06:00;36;Acidente sem Vítima;516,7;BR-040/MG;Norte;Capotamento;1;0;0;0;0;0;0;0;0;0;1;0;0;0;0
14/09/2019;02:51:00;27;Acidente sem Vítima;521,15;BR-040/MG;Sul;Atropelamento de animal;1;0;0;0;0;0;0;0;0;0;1;0;0;0;0
14/09/2019;02:02:00;23;Acidente sem Vítima;469,389;BR-040/MG;Sul;;1;0;0;0;0;0;0;0;0;0;1;0;0;0;0
14/09/2019;01:44:00;19;Acidente com Vítima;5,9;BR-040/GO;Norte;Capotamento;1;0;0;0;0;0;0;0;0;0;0;1;0;0;0
14/09/2019;00:01:00;1;Acidente sem Vítima;9,8;BR-040/GO;Norte;Colisão traseira;2;0;0;0;0;0;0;0;0;0;2;0;0;0;0
13/09/2019;20:04:00;347;Acidente com Vítima;66,1;BR-040/MG;Norte;Queda de Carga;0;0;0;1;0;0;0;0;0;0;1;1;0;0;0
13/09/2019;19:13:00;330;Acidente sem Vítima;6,1;BR-040/DF;Sul;Abalroamento transversal;1;0;1;0;0;0;0;0;0;0;3;0;0;0;0
13/09/2019;18:25:00;318;Acidente sem Vítima;75,12;BR-040/MG;Norte;Colisão traseira;1;0;1;1;0;0;0;0;0;0;3;0;0;0;0
13/09/2019;18:24:00;317;Acidente sem Vítima;103,8;BR-040/GO;Sul;Atropelamento de animal;1;0;0;0;0;0;0;0;0;0;4;0;0;0;0
13/09/2019;15:34:00;257;Acidente sem Vítima;756,211;BR-040/MG;Norte;Abalroamento transversal;2;0;0;0;0;0;0;0;0;0;2;0;0;0;0
13/09/2019;11:32:00;196;Acidente sem Vítima;467,608;BR-040/MG;Norte;Colisão traseira;2;0;0;0;0;0;0;0;0;0;2;0;0;0;0
13/09/2019;09:52:00;170;Acidente sem Vítima;151,6;BR-040/GO;Sul;Colisão traseira;1;0;0;1;0;0;0;0;0;0;1;0;0;0;0
13/09/2019;09:14:00;160;Acidente sem Vítima;91,1;BR-040/MG;Sul;Choque em defensa;0;0;1;0;0;0;0;0;0;0;1;0;0;0;0
13/09/2019;07:52:00;135;Acidente com Vítima;535,6;BR-040/MG;Sul;Colisão traseira;3;0;0;0;0;0;0;0;0;0;3;1;0;0;0
13/09/2019;07:52:00;136;Acidente com Vítima;705,053;BR-040/MG;Norte;Queda de Carga;0;0;1;0;0;0;0;0;0;0;0;0;0;1;0
13/09/2019;07:28:00;125;Acidente sem Vítima;535,95;BR-040/MG;Norte;Colisão traseira;1;0;0;1;0;0;0;0;0;0;3;0;0;0;0
13/09/2019;06:25:00;106;Acidente com Vítima;628,4;BR-040/MG;Norte;Abalroamento transversal;0;0;0;1;1;0;0;0;0;0;1;1;0;0;0
13/09/2019;04:47:00;95;Acidente com Morte;551,474;BR-040/MG;Sul;Colisão traseira;0;0;2;0;0;0;0;0;0;0;1;0;0;0;1
13/09/2019;03:50:00;91;Acidente sem Vítima;585,37;BR-040/MG;Norte;Queda de Carga;0;0;0;0;0;1;0;0;0;0;1;0;0;0;0
13/09/2019;03:19:00;73;Acidente sem Vítima;96,5;BR-040/MG;Sul;Atropelamento de animal;1;0;0;0;0;0;0;0;0;0;3;0;0;0;0
12/09/2019;20:51:00;401;Acidente sem Vítima;629,1;BR-040/MG;Sul;Choque com objeto fixo;1;0;0;0;0;0;0;0;0;0;1;0;0;0;0
12/09/2019;20:38:00;396;Atropelamento sem Morte;529,1;BR-040/MG;Norte;;0;0;0;1;0;0;0;0;0;0;0;1;2;0;0
12/09/2019;19:10:00;368;Acidente com Vítima;27,4;BR-040/MG;Norte;Colisão frontal;2;0;0;0;0;0;0;0;0;0;0;2;0;0;0
12/09/2019;17:48:00;340;Acidente sem Vítima;144,1;BR-040/MG;Norte;Abalroamento transversal;2;0;0;0;0;0;0;0;0;0;6;0;0;0;0
12/09/2019;17:42:00;337;Acidente sem Vítima;9,8;BR-040/GO;Sul;Colisão traseira;2;0;0;0;0;0;0;0;0;0;2;0;0;0;0
12/09/2019;17:12:00;327;Acidente sem Vítima;516,01;BR-040/MG;Norte;Colisão traseira;3;0;0;0;0;0;0;0;0;0;5;0;0;0;0
12/09/2019;17:03:00;324;Acidente com Vítima;102,5;BR-040/GO;Sul;Queda de Carga;0;0;1;0;0;0;0;0;0;0;0;0;1;0;0
12/09/2019;16:08:00;306;Acidente sem Vítima;194,25;BR-040/MG;Sul;Choque com objeto fixo;1;0;0;0;0;0;0;0;0;0;3;0;0;0;0
12/09/2019;13:47:00;252;Acidente com Vítima;3,589;BR-040/GO;Norte;Colisão traseira;1;0;0;1;0;0;0;0;0;0;1;1;0;0;0
12/09/2019;06:56:00;124;Acidente com Vítima;129,5;BR-040/MG;Norte;Queda de Carga;1;0;0;1;0;0;0;0;0;0;4;1;0;0;0
12/09/2019;06:20:00;114;Acidente com Vítima;0,015;BR-040/GO;Norte;Queda de Carga;1;0;0;1;0;0;0;0;0;0;3;1;0;0;0
12/09/2019;05:26:00;103;Acidente sem Vítima;40,003;BR-040/MG;Norte;Queda de Carga;0;0;1;0;0;0;0;0;0;0;1;0;0;0;0
12/09/2019;03:01:00;66;Acidente sem Vítima;151,1;BR-040/MG;Sul;Atropelamento de animal;0;0;1;0;0;0;0;0;0;0;1;0;0;0;0
12/09/2019;00:31:00;4;Acidente com Vítima;627,2;BR-040/MG;Norte;Abalroamento transversal;0;0;2;0;0;0;0;0;0;0;1;1;0;0;0
11/09/2019;19:37:00;340;Acidente com Vítima;3,1;BR-040/GO;Sul;Abalroamento longitudinal;1;0;0;1;0;0;0;0;0;0;1;1;0;0;0
11/09/2019;17:54:00;310;Acidente sem Vítima;248,3;BR-040/MG;Sul;Queda de Carga;0;0;1;0;0;0;0;0;0;0;1;0;0;0;0
11/09/2019;17:16:00;300;Acidente sem Vítima;509,491;BR-040/MG;Sul;Colisão traseira;2;0;0;0;0;0;0;0;0;0;2;0;0;0;0
11/09/2019;15:24:00;264;Acidente sem Vítima;2,5;BR-040/GO;Norte;Colisão traseira;1;0;0;1;0;0;0;0;0;0;2;0;0;0;0
11/09/2019;11:15:00;198;Acidente com Vítima;683,15;BR-040/MG;Norte;Capotamento;1;0;0;0;0;0;0;0;0;0;2;0;0;0;0
11/09/2019;11:09:00;195;Acidente sem Vítima;549,088;BR-040/MG;Sul;Colisão traseira;2;0;0;0;0;0;0;0;0;0;2;0;0;0;0
11/09/2019;10:08:00;181;Acidente com Vítima;690,1;BR-040/MG;Norte;Abalroamento longitudinal;1;0;0;1;0;0;0;0;0;0;0;0;0;0;0
11/09/2019;00:23:00;31;Acidente sem Vítima;4,9;BR-040/GO;Norte;Colisão traseira;1;0;0;1;0;0;0;0;0;0;2;0;0;0;0
10/09/2019;23:31:00;378;Acidente sem Vítima;749,5;BR-040/MG;Norte;Choque em defensa;0;0;1;0;0;0;0;0;0;0;1;0;0;0;0
10/09/2019;17:04:00;279;Acidente com Vítima;522,6;BR-040/MG;Norte;Queda de Carga;0;0;0;1;0;0;0;0;0;0;0;1;1;0;0
10/09/2019;16:31:00;267;Acidente sem Vítima;7,9;BR-040/GO;Norte;Capotamento;1;0;1;0;0;0;0;0;0;0;2;0;0;0;0
10/09/2019;10:39:00;176;Acidente sem Vítima;529,5;BR-040/MG;Sul;Queda de Moto;0;0;0;1;0;0;0;0;0;0;1;0;0;0;0
10/09/2019;08:59:00;140;Acidente com Vítima;1,5;BR-040/GO;Norte;Queda de Carga;0;0;0;1;0;0;0;0;0;0;0;1;0;0;0
10/09/2019;08:19:00;118;Acidente sem Vítima;7,001;BR-040/GO;Norte;Queda de Carga;0;0;0;1;0;0;0;0;0;0;1;0;0;0;0
10/09/2019;07:29:00;107;Acidente sem Vítima;2,7;BR-040/GO;Norte;Colisão traseira;1;0;0;0;1;0;0;0;0;0;2;0;0;0;0
10/09/2019;07:19:00;97;Acidente sem Vítima;5,001;BR-040/GO;Norte;Colisão traseira;2;0;0;0;0;0;0;0;0;0;2;0;0;0;0
10/09/2019;06:20:00;80;Acidente sem Vítima;542,465;BR-040/MG;Norte;Choque com objeto fixo;0;0;1;0;0;0;0;0;0;0;1;0;0;0;0
09/09/2019;20:15:00;376;Acidente sem Vítima;3,7;BR-040/GO;Sul;Colisão traseira;2;0;0;0;0;0;0;0;0;0;4;0;0;0;0
09/09/2019;19:00:00;349;Acidente sem Vítima;0,3;BR-040/GO;Sul;Choque com objeto fixo;1;0;0;0;0;0;0;0;0;0;1;0;0;0;0
09/09/2019;18:39:00;344;Acidente sem Vítima;7,1;BR-040/DF;Sul;Colisão traseira;4;0;0;0;0;0;0;0;0;0;4;0;0;0;0
09/09/2019;15:37:00;290;Acidente com Vítima;16,5;BR-040/GO;Sul;Queda de Carga;0;0;0;1;0;0;0;0;0;0;0;1;0;0;0
09/09/2019;14:46:00;280;Acidente sem Vítima;705,1;BR-040/MG;Sul;Abalroamento longitudinal;1;0;1;0;0;0;0;0;0;0;2;0;0;0;0
09/09/2019;12:02:00;239;Acidente sem Vítima;467,1;BR-040/MG;Sul;Colisão traseira;2;0;0;0;0;0;0;0;0;0;4;0;0;0;0
09/09/2019;10:21:00;199;Acidente sem Vítima;1,7;BR-040/GO;Norte;Colisão traseira;0;0;1;1;0;0;0;0;0;0;2;0;0;0;0
09/09/2019;09:29:00;183;Atropelamento sem Morte;1,001;BR-040/GO;Norte;Atropelamento de ciclista;1;1;0;0;0;0;0;0;0;0;1;1;0;0;0
09/09/2019;08:46:00;173;Acidente sem Vítima;24,1;BR-040/GO;Sul;Colisão traseira;2;0;0;0;0;0;0;0;0;0;3;0;0;0;0
09/09/2019;07:28:00;146;Acidente sem Vítima;2,9;BR-040/DF;Sul;Colisão traseira;2;0;0;0;0;0;0;0;0;0;2;0;0;0;0
09/09/2019;07:09:00;136;Atropelamento sem Morte;539,2;BR-040/MG;Sul;;0;0;0;1;0;0;0;0;0;0;1;2;0;0;0
09/09/2019;06:38:00;122;Acidente sem Vítima;699,1;BR-040/MG;Sul;Abalroamento longitudinal;2;0;0;0;0;0;0;0;0;0;2;0;0;0;0
09/09/2019;06:34:00;119;Acidente com Vítima;726,843;BR-040/MG;Sul;Capotamento;1;0;0;0;0;0;0;0;0;0;0;1;0;0;0
09/09/2019;04:36:00;84;Acidente sem Vítima;587,6;BR-040/MG;Norte;Choque com objeto fixo;1;0;0;0;0;0;0;0;0;0;2;0;0;0;0
09/09/2019;01:04:00;12;Acidente com Vítima;4,5;BR-040/DF;Sul;Colisão traseira;2;0;0;0;0;0;0;0;0;0;2;1;0;0;0
08/09/2019;23:39:00;320;Acidente sem Vítima;449,5;BR-040/MG;Sul;Capotamento;2;0;0;0;0;0;0;0;0;0;5;0;0;0;0
08/09/2019;21:37:00;287;Acidente sem Vítima;509,005;BR-040/MG;Sul;Capotamento;1;0;0;0;0;0;0;0;0;0;1;0;0;0;0
08/09/2019;18:47:00;228;Acidente sem Vítima;479,487;BR-040/MG;Norte;Queda de Carga;1;0;0;0;0;0;0;0;0;0;4;0;0;0;0
08/09/2019;16:31:00;177;Acidente sem Vítima;457,214;BR-040/MG;Sul;Colisão traseira;3;0;0;1;0;0;0;0;0;0;4;0;0;0;0
08/09/2019;16:27:00;174;Acidente sem Vítima;129,015;BR-040/MG;Sul;Colisão traseira;2;0;0;0;0;0;0;0;0;0;8;0;0;0;0
08/09/2019;16:25:00;173;Acidente sem Vítima;510,321;BR-040/MG;Sul;Colisão traseira;3;0;0;0;0;0;0;0;0;0;3;0;0;0;0
08/09/2019;15:01:00;150;Acidente sem Vítima;594,4;BR-040/MG;Norte;Capotamento;1;0;0;0;0;0;0;0;0;0;2;0;0;0;0
08/09/2019;13:31:00;124;Acidente sem Vítima;504,313;BR-040/MG;Norte;Colisão traseira;2;0;0;0;0;0;0;0;0;0;4;0;0;0;0
08/09/2019;11:56:00;99;Acidente com Vítima;100,984;BR-040/MG;Sul;Choque com objeto fixo;1;0;0;0;0;0;0;0;0;0;2;1;0;1;0
08/09/2019;08:33:00;56;Acidente sem Vítima;415,217;BR-040/MG;Norte;Queda de Carga;0;0;0;1;0;0;0;0;0;0;1;0;0;0;0
07/09/2019;23:49:00;380;Acidente sem Vítima;455,8;BR-040/MG;Norte;Capotamento;2;0;0;0;0;0;0;0;0;0;2;0;0;0;0
07/09/2019;22:03:00;364;Acidente sem Vítima;458,1;BR-040/MG;Sul;Choque com objeto fixo;2;0;0;0;0;0;0;0;0;0;2;0;0;0;0
07/09/2019;21:58:00;362;Acidente sem Vítima;143,071;BR-040/MG;Norte;Capotamento;1;0;0;0;0;0;0;0;0;0;1;0;0;0;0
07/09/2019;14:13:00;229;Acidente sem Vítima;463,1;BR-040/MG;Norte;Choque em defensa;1;0;0;0;0;0;0;0;0;0;1;0;0;0;0
07/09/2019;14:06:00;228;Acidente com Vítima;525,5;BR-040/MG;Norte;Colisão traseira;0;0;0;1;0;0;0;0;0;1;1;1;0;0;0
07/09/2019;08:34:00;117;Acidente sem Vítima;9,674;BR-040/GO;Norte;Capotamento;2;0;0;0;0;0;0;0;0;0;2;0;0;0;0
07/09/2019;07:05:00;70;Acidente com Vítima;535,054;BR-040/MG;Norte;Queda de Carga;0;0;0;1;0;0;0;0;0;0;0;1;0;0;0
07/09/2019;06:01:00;46;Acidente sem Vítima;711,1;BR-040/MG;Sul;Choque em barreira New Jersey;1;0;0;0;0;0;0;0;0;0;3;0;0;0;0
07/09/2019;05:50:00;43;Acidente sem Vítima;513,746;BR-040/MG;Sul;Capotamento;1;0;0;0;0;0;0;0;0;0;0;0;0;0;0
07/09/2019;05:21:00;38;Acidente sem Vítima;740,3;BR-040/MG;Sul;Choque com objeto fixo;1;0;0;0;0;0;0;0;0;0;3;0;0;0;0
07/09/2019;04:09:00;31;Acidente sem Vítima;20,4;BR-040/GO;Norte;Capotamento;1;0;0;0;0;0;0;0;0;0;1;0;0;0;0
07/09/2019;01:44:00;14;Acidente com Vítima;8,1;BR-040/GO;Sul;Capotamento;2;0;0;0;0;0;0;0;0;0;2;1;0;0;0
07/09/2019;00:34:00;2;Acidente com Vítima;557,3;BR-040/MG;Sul;Abalroamento transversal;1;0;1;0;0;0;0;0;0;0;1;1;1;0;0
06/09/2019;22:35:00;426;Acidente sem Vítima;15,1;BR-040/MG;Norte;Abalroamento longitudinal;1;0;1;0;0;0;0;0;0;0;3;0;0;0;0
06/09/2019;21:27:00;405;Acidente sem Vítima;6,27;BR-040/GO;Sul;Abalroamento longitudinal;2;0;0;0;0;0;0;0;0;0;6;0;0;0;0
06/09/2019;19:24:00;356;Acidente sem Vítima;538,6;BR-040/MG;Norte;Colisão traseira;2;0;3;0;0;0;0;0;0;0;5;0;0;0;0
06/09/2019;17:36:00;322;Acidente sem Vítima;737,1;BR-040/MG;Sul;Abalroamento transversal;2;0;0;0;0;0;0;0;0;0;2;0;0;0;0
06/09/2019;15:39:00;284;Acidente sem Vítima;719,1;BR-040/MG;Norte;Abalroamento longitudinal;2;0;0;0;0;0;0;0;0;0;2;0;0;0;0
06/09/2019;11:42:00;231;Acidente com Vítima;139,565;BR-040/GO;Norte;Colisão frontal;4;0;0;0;0;0;0;0;0;0;4;3;1;1;0
06/09/2019;11:07:00;224;Acidente sem Vítima;5,5;BR-040/DF;Norte;Abalroamento longitudinal;1;0;0;0;1;0;0;0;0;0;2;0;0;0;0
06/09/2019;10:04:00;205;Acidente sem Vítima;698,1;BR-040/MG;Sul;Colisão traseira;1;0;1;0;0;0;0;0;0;0;2;0;0;0;0
06/09/2019;09:59:00;203;Acidente sem Vítima;431,65;BR-040/MG;Norte;Choque com objeto fixo;1;0;0;0;0;0;0;0;0;0;2;0;0;0;0
06/09/2019;09:18:00;192;Acidente com Vítima;535,45;BR-040/MG;Sul;Colisão traseira;1;0;0;1;0;0;0;0;0;0;2;1;0;0;0
06/09/2019;08:52:00;182;Acidente com Morte;415,106;BR-040/MG;Sul;Abalroamento transversal;1;0;1;0;0;0;0;0;0;0;2;3;0;0;1
06/09/2019;08:27:00;172;Acidente sem Vítima;735,1;BR-040/MG;Sul;Choque com objeto fixo;1;0;0;0;0;0;0;0;0;0;1;0;0;0;0
06/09/2019;08:14:00;167;Acidente com Vítima;3,132;BR-040/GO;Norte;Queda de Carga;1;0;0;1;0;0;0;0;0;0;1;1;0;0;0
06/09/2019;07:58:00;160;Acidente com Vítima;2,8;BR-040/DF;Norte;Queda de Carga;0;0;0;1;0;0;0;0;0;0;0;1;0;0;0
06/09/2019;07:55:00;157;Acidente sem Vítima;520,182;BR-040/MG;Sul;Colisão traseira;1;0;0;1;0;0;0;0;0;0;2;0;0;0;0
06/09/2019;03:15:00;86;Acidente sem Vítima;21,008;BR-040/GO;Sul;Capotamento;1;0;0;0;0;0;0;0;0;0;1;0;0;0;0
05/09/2019;21:20:00;408;Acidente sem Vítima;700,5;BR-040/MG;Sul;Choque em defensa;1;0;0;0;0;0;0;0;0;0;1;0;0;0;0
05/09/2019;17:42:00;345;Acidente com Vítima;538,6;BR-040/MG;Norte;Colisão traseira;1;0;0;2;0;0;0;0;0;0;1;2;0;0;0
05/09/2019;14:52:00;284;Acidente sem Vítima;509,1;BR-040/MG;Sul;Colisão traseira;1;0;0;0;1;0;0;0;0;0;2;0;0;0;0
05/09/2019;14:04:00;272;Acidente sem Vítima;0,15;BR-040/GO;Sul;Queda de Moto;0;0;0;1;0;0;0;0;0;0;1;0;0;0;0
05/09/2019;13:50:00;268;Acidente sem Vítima;516,362;BR-040/MG;Sul;Choque com objeto fixo;1;0;0;0;0;0;0;0;0;0;1;0;0;0;0
05/09/2019;13:43:00;267;Acidente sem Vítima;59,15;BR-040/GO;Sul;Colisão traseira;2;0;0;0;0;0;0;0;0;0;2;0;0;0;0
05/09/2019;10:26:00;197;Acidente sem Vítima;414,5;BR-040/MG;Sul;Choque com objeto fixo;1;0;0;0;0;1;0;0;0;0;3;0;0;0;0
05/09/2019;08:13:00;148;Acidente sem Vítima;2,5;BR-040/DF;Norte;Colisão traseira;1;0;1;0;0;0;0;0;0;0;2;0;0;0;0
05/09/2019;07:21:00;119;Acidente com Vítima;510,5;BR-040/MG;Sul;Queda de Carga;0;0;0;1;0;0;0;0;0;0;0;1;0;0;0
05/09/2019;06:37:00;108;Acidente com Vítima;530,5;BR-040/MG;Norte;Abalroamento longitudinal;1;0;0;1;0;0;0;0;0;0;1;1;0;0;0
05/09/2019;06:30:00;105;Acidente sem Vítima;517,5;BR-040/MG;Sul;Colisão traseira;1;0;1;0;0;0;0;0;0;0;2;0;0;0;0
04/09/2019;18:55:00;379;Acidente sem Vítima;1,153;BR-040/DF;Sul;Colisão traseira;3;0;0;0;0;0;0;0;0;0;3;0;0;0;0
04/09/2019;18:14:00;364;Acidente com Vítima;508,6;BR-040/MG;Norte;Abalroamento longitudinal;0;1;0;1;0;0;0;0;0;0;1;1;0;0;0
04/09/2019;16:39:00;333;Acidente com Vítima;545,161;BR-040/MG;Norte;Colisão traseira;1;0;0;1;0;0;0;0;0;0;1;1;0;0;0
04/09/2019;15:40:00;312;Acidente sem Vítima;562,165;BR-040/MG;Sul;Abalroamento longitudinal;1;0;1;0;0;0;0;0;0;0;2;0;0;0;0
04/09/2019;14:11:00;286;Acidente com Vítima;617,1;BR-040/MG;Norte;Abalroamento transversal;1;0;1;0;0;0;0;0;0;0;2;0;1;0;0
04/09/2019;13:52:00;278;Acidente sem Vítima;487,132;BR-040/MG;Norte;Abalroamento longitudinal;1;0;1;0;0;0;0;0;0;0;2;0;0;0;0
04/09/2019;11:14:00;238;Acidente sem Vítima;727,2;BR-040/MG;Sul;Capotamento;1;0;0;0;0;0;0;0;0;0;1;0;0;0;0
04/09/2019;11:10:00;236;Acidente sem Vítima;3,034;BR-040/DF;Norte;Colisão traseira;2;0;0;0;0;0;0;0;0;0;2;0;0;0;0
04/09/2019;07:27:00;146;Acidente sem Vítima;6,5;BR-040/DF;Norte;Abalroamento longitudinal;1;0;0;1;0;0;0;0;0;0;2;0;0;0;0
04/09/2019;06:47:00;131;Acidente com Vítima;531,137;BR-040/MG;Sul;Abalroamento longitudinal;0;0;0;2;0;0;0;0;0;0;1;1;0;0;0
03/09/2019;23:21:00;406;Acidente sem Vítima;664,2;BR-040/MG;Norte;Atropelamento de animal;1;0;0;0;0;0;0;0;0;0;1;0;0;0;0
03/09/2019;22:35:00;397;Acidente sem Vítima;621,8;BR-040/MG;Norte;Colisão traseira;1;0;0;0;0;0;0;0;0;0;1;0;0;0;0
03/09/2019;21:45:00;385;Atropelamento sem Morte;531,2;BR-040/MG;Norte;;1;0;0;0;0;0;0;0;0;0;1;1;0;0;0
03/09/2019;21:19:00;375;Acidente sem Vítima;748,11;BR-040/MG;Norte;Choque em defensa;1;0;0;0;0;0;0;0;0;0;1;0;0;0;0
03/09/2019;20:12:00;366;Acidente sem Vítima;274,698;BR-040/MG;Norte;Outros;0;0;1;0;0;0;0;0;0;0;1;0;0;0;0
03/09/2019;19:47:00;361;Acidente sem Vítima;615,1;BR-040/MG;Norte;Abalroamento transversal;2;0;0;0;0;0;0;0;0;0;2;1;0;0;0
03/09/2019;17:52:00;341;Acidente com Vítima;615,54;BR-040/MG;Sul;Colisão frontal;0;0;3;0;0;0;0;0;0;0;1;1;0;1;0
03/09/2019;17:44:00;338;Acidente sem Vítima;557,132;BR-040/MG;Norte;Choque com objeto fixo;1;0;0;0;0;0;0;0;0;0;3;0;0;0;0
03/09/2019;16:53:00;322;Acidente sem Vítima;552,388;BR-040/MG;Sul;Abalroamento longitudinal;0;0;1;1;0;0;0;0;0;0;2;0;0;0;0
03/09/2019;15:26:00;296;Acidente com Vítima;543,5;BR-040/MG;Sul;Abalroamento longitudinal;1;0;0;1;0;0;0;0;0;0;2;1;0;0;0
03/09/2019;13:39:00;261;Acidente sem Vítima;510,032;BR-040/MG;Norte;Abalroamento longitudinal;1;0;0;0;1;0;0;0;0;0;2;0;0;0;0
03/09/2019;13:18:00;256;Acidente sem Vítima;534,533;BR-040/MG;Sul;Colisão traseira;0;0;0;1;0;1;0;0;0;0;2;0;0;0;0
03/09/2019;10:43:00;204;Acidente sem Vítima;525,535;BR-040/MG;Sul;Abalroamento longitudinal;1;0;1;0;0;0;0;0;0;0;2;0;0;0;0
03/09/2019;09:26:00;183;Acidente sem Vítima;488,1;BR-040/MG;Norte;Abalroamento longitudinal;1;0;0;0;0;1;0;0;0;0;3;0;0;0;0
03/09/2019;07:58:00;144;Acidente com Vítima;528,656;BR-040/MG;Norte;Colisão traseira;0;0;0;1;1;0;0;0;0;0;1;1;0;0;0
03/09/2019;07:26:00;129;Acidente sem Vítima;520,564;BR-040/MG;Norte;Colisão traseira;1;0;0;1;0;0;0;0;0;0;2;0;0;0;0
03/09/2019;01:27:00;48;Acidente sem Vítima;511,2;BR-040/MG;Norte;Queda de Carga;0;0;1;0;0;0;0;0;0;0;1;0;0;0;0
02/09/2019;20:50:00;350;Acidente com Vítima;129,1;BR-040/MG;Norte;Colisão traseira;1;0;0;0;0;0;0;0;0;0;1;0;1;0;0
02/09/2019;19:45:00;337;Acidente sem Vítima;565,4;BR-040/MG;Sul;;1;0;0;0;0;0;0;0;0;0;1;0;0;0;0
02/09/2019;19:33:00;330;Acidente sem Vítima;1,9;BR-040/GO;Sul;Queda de Carga;0;0;0;1;0;0;0;0;0;0;2;0;0;0;0
02/09/2019;18:33:00;310;Acidente com Vítima;483,4;BR-040/MG;Norte;Queda de Carga;0;0;0;1;0;0;0;0;0;0;0;1;0;0;0
02/09/2019;18:25:00;307;Acidente sem Vítima;537,5;BR-040/MG;Norte;Colisão traseira;0;0;2;0;0;0;0;0;0;0;2;0;0;0;0
02/09/2019;18:16:00;301;Acidente sem Vítima;756,9;BR-040/MG;Sul;Atropelamento de animal;0;0;1;0;0;0;0;0;0;0;1;0;0;0;0
02/09/2019;16:51:00;282;Acidente com Vítima;543,5;BR-040/MG;Norte;Abalroamento longitudinal;1;0;0;1;0;0;0;0;0;0;4;2;0;0;0
02/09/2019;16:08:00;262;Acidente sem Vítima;543,5;BR-040/MG;Norte;Colisão traseira;2;0;0;0;0;0;0;0;0;0;2;0;0;0;0
02/09/2019;09:44:00;162;Acidente sem Vítima;636,1;BR-040/MG;Norte;Colisão traseira;0;0;2;0;0;0;0;0;0;0;2;0;0;0;0
02/09/2019;09:26:00;155;Acidente com Vítima;543,8;BR-040/MG;Sul;Abalroamento longitudinal;1;0;0;0;0;0;0;0;0;0;1;1;0;0;0