data;horario;n_da_ocorrencia;tipo_de_ocorrencia;km;trecho;sentido;tipo_de_acidente;automovel;bicicleta;caminhao;moto;onibus;outros;tracao_animal;transporte_de_cargas_especiais;trator_maquinas;utilitarios;ilesos;levemente_feridos;moderadamente_feridos;gravemente_feridos;mortos
02/09/2019;08:05:00;125;Acidente sem Vítima;515,1;BR-040/MG;Sul;Colisão traseira;0;0;0;0;0;0;0;0;0;0;0;0;0;0;0
02/09/2019;07:14:00;103;Acidente com Vítima;4,9;BR-040/GO;Norte;Colisão traseira;1;0;0;1;0;1;0;0;0;0;2;1;0;0;0
02/09/2019;06:57:00;99;Acidente com Vítima;2,7;BR-040/DF;Norte;Abalroamento longitudinal;1;0;0;0;0;0;0;0;0;0;1;1;0;0;0
02/09/2019;03:45:00;61;Acidente com Vítima;739,589;BR-040/MG;Sul;Queda de Carga;0;0;1;0;0;0;0;0;0;0;1;0;1;0;0
01/09/2019;17:25:00;191;Acidente sem Vítima;479,1;BR-040/MG;Sul;Abalroamento longitudinal;1;0;0;1;0;0;0;0;0;0;2;0;0;0;0
01/09/2019;17:04:00;182;Acidente sem Vítima;551,1;BR-040/MG;Norte;Colisão traseira;2;0;0;0;0;0;0;0;0;0;2;0;0;0;0
01/09/2019;16:25:00;169;Acidente sem Vítima;446,5;BR-040/MG;Sul;Queda de Carga;0;0;0;1;0;0;0;0;0;0;1;0;0;0;0
01/09/2019;15:40:00;149;Acidente com Vítima;11,8;BR-040/GO;Sul;Abalroamento longitudinal;1;0;0;0;0;0;0;0;0;1;6;0;0;0;0
01/09/2019;13:24:00;118;Acidente com Vítima;446,5;BR-040/MG;Norte;Queda de Carga;0;0;1;0;0;0;0;0;0;0;1;0;1;0;0
01/09/2019;11:34:00;86;Acidente com Vítima;418,8;BR-040/MG;Norte;Queda de Carga;0;0;0;1;0;0;0;0;0;0;0;2;0;0;0
01/09/2019;09:23:00;54;Acidente sem Vítima;520,1;BR-040/MG;Norte;Colisão traseira;1;0;1;0;0;0;0;0;0;0;2;0;0;0;0
01/09/2019;05:19:00;25;Acidente sem Vítima;621,3;BR-040/MG;Sul;Colisão traseira;2;0;0;0;0;0;0;0;0;0;2;0;0;0;0
01/09/2019;04:55:00;21;Acidente sem Vítima;522,05;BR-040/MG;Norte;Colisão traseira;1;0;0;1;0;0;0;0;0;0;3;0;0;0;0
01/09/2019;03:29:00;17;Acidente com Vítima;701,5;BR-040/MG;Sul;Choque em barreira New Jersey;1;0;0;0;0;0;0;0;0;0;0;0;0;0;0
31/08/2019;23:16:00;292;Acidente sem Vítima;505,577;BR-040/MG;Sul;Atropelamento de animal;1;0;0;0;0;0;0;0;0;0;1;0;0;0;0
31/08/2019;21:12:00;268;Acidente sem Vítima;610,126;BR-040/MG;Sul;Choque em defensa;0;0;1;0;0;0;0;0;0;0;1;0;0;0;0
31/08/2019;20:22:00;261;Acidente com Vítima;8,1;BR-040/GO;Sul;Colisão traseira;1;0;0;1;0;0;0;0;0;0;1;0;1;0;0
31/08/2019;19:37:00;253;Acidente sem Vítima;506,01;BR-040/MG;Norte;Colisão traseira;2;0;0;0;0;0;0;0;0;0;2;0;0;0;0
31/08/2019;16:26:00;209;Acidente com Vítima;573,433;BR-040/MG;Sul;Queda de Carga;0;0;1;0;0;0;0;0;0;0;1;2;0;0;0
31/08/2019;15:33:00;195;Acidente sem Vítima;525,011;BR-040/MG;Sul;Colisão traseira;3;0;0;0;0;0;0;0;0;0;3;0;0;0;0
31/08/2019;14:47:00;187;Acidente sem Vítima;536,7;BR-040/MG;Sul;Capotamento;1;0;0;0;0;0;0;0;0;0;1;0;0;0;0
31/08/2019;13:44:00;163;Acidente sem Vítima;425,368;BR-040/MG;Norte;Colisão traseira;1;0;1;0;0;0;0;0;0;0;2;0;0;0;0
31/08/2019;13:41:00;161;Acidente com Vítima;517,156;BR-040/MG;Norte;Choque com objeto fixo;1;0;0;0;0;0;0;0;0;0;1;1;0;0;0
31/08/2019;11:06:00;124;Acidente com Vítima;0,3;BR-040/DF;Norte;Queda de Carga;0;0;0;1;0;0;0;0;0;0;0;2;0;0;0
31/08/2019;10:47:00;118;Acidente com Vítima;632,3;BR-040/MG;Sul;Abalroamento longitudinal;2;0;0;0;0;0;0;0;0;0;2;0;0;0;0
31/08/2019;08:43:00;73;Acidente sem Vítima;525,177;BR-040/MG;Sul;Queda de Carga;0;0;0;1;0;0;0;0;0;0;1;0;0;0;0
31/08/2019;07:08:00;48;Acidente sem Vítima;653,378;BR-040/MG;Norte;Choque com objeto fixo;1;0;0;0;0;0;0;0;0;0;1;0;0;0;0
31/08/2019;06:09:00;34;Acidente sem Vítima;722,015;BR-040/MG;Sul;Choque com objeto fixo;0;0;1;0;0;0;0;0;0;0;1;0;0;0;0
31/08/2019;05:00:00;29;Acidente com Vítima;16,2;BR-040/GO;Sul;Choque com objeto fixo;1;0;0;0;0;0;0;0;0;0;0;0;1;0;0
30/08/2019;21:39:00;400;Acidente sem Vítima;424,1;BR-040/MG;Norte;Colisão traseira;1;0;1;0;0;0;0;0;0;0;6;0;0;0;0
30/08/2019;21:14:00;395;Acidente sem Vítima;272,65;BR-040/MG;Sul;Abalroamento longitudinal;2;0;0;0;0;0;0;0;0;0;2;0;0;0;0
30/08/2019;20:44:00;384;Acidente com Vítima;335,5;BR-040/MG;Sul;Colisão traseira;2;0;0;0;0;0;0;0;0;0;1;0;1;0;0
30/08/2019;20:38:00;380;Acidente sem Vítima;658,2;BR-040/MG;Norte;Choque com objeto fixo;1;0;0;0;0;0;0;0;0;0;1;0;0;0;0
30/08/2019;16:56:00;307;Acidente com Vítima;509,321;BR-040/MG;Norte;Abalroamento longitudinal;1;0;0;1;0;0;0;0;0;0;1;0;1;0;0
30/08/2019;16:46:00;302;Acidente sem Vítima;565,4;BR-040/MG;Sul;Colisão traseira;4;0;0;0;0;0;0;0;0;0;6;1;0;0;0
30/08/2019;16:41:00;300;Acidente com Vítima;0,1;BR-040/DF;Norte;Queda de Carga;0;0;0;1;0;0;0;0;0;0;1;0;0;0;0
30/08/2019;16:36:00;298;Acidente sem Vítima;521,526;BR-040/MG;Sul;Colisão traseira;1;0;0;0;1;0;0;0;0;0;16;0;0;0;0
30/08/2019;16:30:00;296;Acidente com Vítima;274,1;BR-040/MG;Sul;Queda de Carga;0;0;0;1;0;0;0;0;0;0;0;0;1;1;0
30/08/2019;14:09:00;260;Acidente com Vítima;567,1;BR-040/MG;Sul;Colisão traseira;2;0;0;0;0;1;0;0;0;0;3;1;2;0;0
30/08/2019;14:04:00;258;Acidente sem Vítima;43,1;BR-040/MG;Sul;Abalroamento transversal;2;0;0;0;0;0;0;0;0;0;3;0;0;0;0
30/08/2019;11:15:00;209;Acidente sem Vítima;772,5;BR-040/MG;Sul;Choque com objeto fixo;1;0;0;0;0;0;0;0;0;0;1;0;0;0;0
30/08/2019;11:12:00;208;Acidente sem Vítima;126,1;BR-040/MG;Sul;Abalroamento longitudinal;2;0;0;0;0;0;0;0;0;0;6;0;0;0;0
30/08/2019;10:02:00;183;Acidente sem Vítima;530,5;BR-040/MG;Sul;Colisão traseira;3;0;0;0;0;0;0;0;0;0;4;0;0;0;0
30/08/2019;09:27:00;174;Acidente com Vítima;5,8;BR-040/DF;Norte;Abalroamento longitudinal;1;0;0;1;0;0;0;0;0;0;1;1;0;0;0
30/08/2019;08:18:00;149;Acidente com Vítima;2,7;BR-040/DF;Norte;Abalroamento longitudinal;1;0;0;1;0;0;0;0;0;0;1;1;0;0;0
30/08/2019;08:00:00;138;Acidente sem Vítima;599,075;BR-040/MG;Sul;Colisão traseira;2;0;0;0;0;0;0;0;0;0;2;0;0;0;0
30/08/2019;07:13:00;114;Acidente com Vítima;3,3;BR-040/DF;Norte;Abalroamento longitudinal;1;0;0;1;0;0;0;0;0;0;1;0;1;0;0
30/08/2019;03:18:00;81;Acidente sem Vítima;332,9;BR-040/MG;Norte;Choque com objeto fixo;1;0;0;0;0;0;0;0;0;0;1;0;0;0;0
29/08/2019;21:40:00;328;Acidente sem Vítima;476,61;BR-040/MG;Norte;Abalroamento longitudinal;2;0;0;0;0;0;0;0;0;0;2;0;0;0;0
29/08/2019;21:01:00;316;Acidente com Vítima;12,5;BR-040/GO;Norte;Colisão traseira;2;0;0;0;0;0;0;0;0;0;1;1;0;0;0
29/08/2019;20:47:00;319;Acidente sem Vítima;551,5;BR-040/MG;Sul;Colisão traseira;2;0;0;0;0;0;0;0;0;0;3;0;0;0;0
29/08/2019;19:30:00;288;Acidente sem Vítima;525,5;BR-040/MG;Norte;Abalroamento longitudinal;1;0;0;0;1;0;0;0;0;0;41;0;0;0;0
29/08/2019;15:53:00;233;Acidente sem Vítima;180,5;BR-040/MG;Norte;Queda de Carga;0;0;0;1;0;0;0;0;0;0;1;0;0;0;0
29/08/2019;15:48:00;232;Acidente com Vítima;632,1;BR-040/MG;Norte;Abalroamento transversal;1;0;0;1;0;0;0;0;0;0;1;0;1;0;0
29/08/2019;15:18:00;225;Acidente sem Vítima;4,3;BR-040/DF;Sul;Choque com objeto fixo;2;0;0;0;0;0;0;0;0;0;2;0;0;0;0
29/08/2019;11:00:00;184;Acidente com Vítima;645,5;BR-040/MG;Sul;Abalroamento transversal;2;0;0;0;0;0;0;0;0;0;0;0;4;0;0
29/08/2019;10:56:00;183;Acidente sem Vítima;447,3;BR-040/MG;Norte;Abalroamento longitudinal;1;0;1;0;0;1;0;0;0;0;3;0;0;0;0
29/08/2019;08:07:00;134;Acidente com Vítima;540,9;BR-040/MG;Sul;Colisão traseira;1;0;0;1;0;0;0;0;0;0;1;1;0;0;0
29/08/2019;03:04:00;68;Atropelamento sem Morte;3,6;BR-040/GO;Sul;Atropelamento de pedestre caminhando;1;0;0;0;0;0;0;0;0;0;2;0;2;0;0
29/08/2019;01:58:00;59;Acidente com Vítima;3,9;BR-040/GO;Sul;Colisão traseira;2;0;0;0;0;0;0;0;0;0;2;1;0;0;0
28/08/2019;23:18:00;343;Acidente sem Vítima;555,3;BR-040/MG;Norte;Choque com objeto fixo;1;0;0;0;0;0;0;0;0;0;1;0;0;0;0
28/08/2019;20:03:00;303;Acidente com Vítima;506,5;BR-040/MG;Norte;Colisão traseira;1;0;0;1;0;0;0;0;0;0;2;1;0;0;0
28/08/2019;17:19:00;264;Acidente sem Vítima;725,1;BR-040/MG;Norte;Outros;1;0;0;0;0;1;0;0;0;0;2;0;0;0;0
28/08/2019;16:00:00;241;Acidente sem Vítima;528,25;BR-040/MG;Sul;Colisão traseira;0;0;2;0;1;0;0;0;0;0;3;0;0;0;0
28/08/2019;12:20:00;194;Acidente sem Vítima;763,5;BR-040/MG;Norte;Colisão traseira;2;0;0;0;0;0;0;0;0;0;2;0;0;0;0
28/08/2019;10:38:00;165;Acidente com Vítima;509,1;BR-040/MG;Norte;Abalroamento longitudinal;1;0;0;1;0;0;0;0;0;0;1;1;0;0;0
28/08/2019;07:25:00;120;Acidente com Vítima;41,257;BR-040/MG;Norte;Abalroamento transversal;1;0;0;1;0;0;0;0;0;0;1;1;0;0;0
28/08/2019;07:08:00;117;Acidente sem Vítima;6,5;BR-040/GO;Norte;Colisão traseira;2;0;0;0;0;0;0;0;0;0;2;0;0;0;0
28/08/2019;07:02:00;115;Acidente sem Vítima;587,58;BR-040/MG;Norte;Colisão traseira;1;0;2;0;0;0;0;0;0;0;5;0;0;0;0
28/08/2019;06:45:00;112;Acidente com Vítima;3,1;BR-040/GO;Norte;Abalroamento longitudinal;1;0;0;1;0;0;0;0;0;0;1;1;0;0;0
28/08/2019;06:37:00;109;Acidente com Vítima;517,9;BR-040/MG;Sul;Abalroamento longitudinal;1;0;0;1;0;0;0;0;0;0;1;1;0;0;0
28/08/2019;06:32:00;105;Acidente sem Vítima;586,5;BR-040/MG;Sul;Queda de Carga;0;0;1;0;0;0;0;0;0;0;1;0;0;0;0
28/08/2019;06:14:00;101;Acidente sem Vítima;461,1;BR-040/MG;Sul;Choque com objeto fixo;1;0;0;0;0;0;0;0;0;0;1;0;0;0;0
27/08/2019;23:12:00;391;Acidente sem Vítima;494,04;BR-040/MG;Norte;Atropelamento de animal;1;0;0;0;0;0;0;0;0;0;1;0;0;0;0
27/08/2019;22:30:00;386;Acidente com Vítima;12,2;BR-040/GO;Norte;Colisão traseira;1;0;0;1;0;0;0;0;0;0;1;0;1;0;0
27/08/2019;21:27:00;374;Acidente com Vítima;13,7;BR-040/GO;Norte;Queda de Carga;0;0;0;1;0;0;0;0;0;0;0;1;0;0;0
27/08/2019;21:11:00;371;Acidente com Vítima;39,95;BR-040/MG;Norte;Abalroamento longitudinal;1;0;0;1;0;0;0;0;0;0;1;2;0;0;0
27/08/2019;19:16:00;345;Acidente sem Vítima;586,1;BR-040/MG;Norte;Colisão traseira;0;0;1;0;1;0;0;0;0;0;15;0;0;0;0
27/08/2019;19:09:00;343;Acidente sem Vítima;532,1;BR-040/MG;Norte;Colisão traseira;2;0;0;1;0;0;0;0;0;0;3;0;0;0;0
27/08/2019;17:12:00;317;Acidente com Vítima;536,6;BR-040/MG;Norte;Abalroamento longitudinal;0;0;0;1;0;0;0;0;0;0;1;1;0;0;0
27/08/2019;15:28:00;287;Acidente sem Vítima;535,458;BR-040/MG;Norte;Colisão traseira;0;0;2;0;0;0;0;0;0;0;2;0;0;0;0
27/08/2019;10:34:00;197;Acidente sem Vítima;588,003;BR-040/MG;Sul;Abalroamento longitudinal;2;0;0;0;0;0;0;0;0;0;2;0;0;0;0
27/08/2019;07:18:00;105;Acidente com Vítima;3,1;BR-040/DF;Norte;Colisão traseira;0;0;0;2;0;0;0;0;0;0;3;1;0;0;0
27/08/2019;06:47:00;94;Acidente sem Vítima;739,3;BR-040/MG;Norte;Choque em defensa;1;0;0;0;0;0;0;0;0;0;1;0;0;0;0
26/08/2019;22:28:00;362;Acidente sem Vítima;544,4;BR-040/MG;Norte;Abalroamento longitudinal;2;0;0;0;0;0;0;0;0;0;2;0;0;0;0
26/08/2019;20:36:00;337;Acidente sem Vítima;533,1;BR-040/MG;Norte;Colisão traseira;2;0;0;0;0;0;0;0;0;0;2;0;0;0;0
26/08/2019;19:35:00;327;Acidente sem Vítima;53,5;BR-040/GO;Sul;Choque em defensa;1;0;0;0;0;0;0;0;0;0;1;0;0;0;0
26/08/2019;19:15:00;322;Acidente sem Vítima;587,1;BR-040/MG;Norte;Outros;0;0;2;0;0;0;0;0;0;0;2;0;0;0;0
26/08/2019;19:11:00;320;Acidente com Vítima;10,35;BR-040/GO;Norte;Abalroamento longitudinal;1;0;0;1;0;0;0;0;0;0;1;0;1;0;0
26/08/2019;18:31:00;312;Acidente com Vítima;637,7;BR-040/MG;Norte;Choque com objeto fixo;0;0;1;0;0;0;0;0;0;0;0;0;0;0;0
26/08/2019;14:58:00;261;Acidente com Vítima;527,098;BR-040/MG;Norte;Queda de Carga;0;0;0;1;0;0;0;0;0;0;0;1;0;0;0
26/08/2019;14:56:00;260;Acidente sem Vítima;487,033;BR-040/MG;Sul;Colisão traseira;1;0;0;1;0;0;0;0;0;0;3;0;0;0;0
26/08/2019;13:41:00;247;Acidente com Vítima;5,1;BR-040/GO;Norte;Colisão traseira;2;0;0;0;0;0;0;0;0;0;5;2;0;0;0
26/08/2019;09:09:00;157;Acidente com Vítima;516,058;BR-040/MG;Sul;Colisão traseira;2;0;1;0;0;0;0;0;0;0;2;0;1;0;0
26/08/2019;07:05:00;101;Acidente com Vítima;14,1;BR-040/GO;Sul;Queda de Carga;0;0;0;1;0;0;0;0;0;0;1;1;0;0;0
26/08/2019;06:50:00;97;Acidente sem Vítima;532,572;BR-040/MG;Sul;Colisão traseira;0;0;3;0;0;0;0;0;0;0;3;0;0;0;0
26/08/2019;04:20:00;84;Acidente sem Vítima;75,9;BR-040/GO;Sul;Colisão traseira;0;0;2;0;0;0;0;0;0;0;2;0;0;0;0
26/08/2019;00:15:00;14;Acidente com Morte;695,73;BR-040/MG;Sul;Colisão frontal;1;0;1;0;0;0;0;0;0;0;32;1;0;0;1
25/08/2019;23:37:00;280;Acidente com Vítima;485,2;BR-040/MG;Sul;Colisão traseira;1;0;0;0;0;0;0;0;0;0;0;0;0;2;0
25/08/2019;20:49:00;247;Acidente sem Vítima;110,1;BR-040/GO;Sul;Atropelamento de animal;1;0;0;0;0;0;0;0;0;0;1;0;0;0;0
25/08/2019;20:31:00;237;Acidente com Vítima;552,7;BR-040/MG;Norte;Colisão traseira;2;0;0;0;0;0;0;0;0;0;3;1;1;0;0
25/08/2019;18:53:00;211;Acidente com Vítima;552,6;BR-040/MG;Norte;Colisão traseira;2;0;0;0;0;0;0;0;0;0;4;1;0;0;0
25/08/2019;18:50:00;208;Acidente com Vítima;519,3;BR-040/MG;Norte;Queda de Moto;0;0;0;1;0;0;0;0;0;0;0;1;0;0;0
25/08/2019;18:39:00;204;Acidente sem Vítima;552,3;BR-040/MG;Norte;Colisão traseira;2;0;0;0;0;0;0;0;0;0;4;0;0;0;0
25/08/2019;17:58:00;191;Acidente sem Vítima;419,9;BR-040/MG;Norte;Capotamento;1;0;0;0;0;0;0;0;0;0;2;0;0;0;0
25/08/2019;17:52:00;189;Acidente com Vítima;502,8;BR-040/MG;Sul;Capotamento;1;0;0;0;0;0;0;0;0;0;2;1;0;0;0
25/08/2019;17:38:00;181;Acidente sem Vítima;585,078;BR-040/MG;Norte;Capotamento;1;0;0;0;0;0;0;0;0;0;2;0;0;0;0
25/08/2019;17:00:00;171;Acidente sem Vítima;699,3;BR-040/MG;Norte;Choque com objeto fixo;1;0;0;0;0;0;0;0;0;0;2;0;0;0;0
25/08/2019;15:46:00;156;Acidente com Morte;680,637;BR-040/MG;Norte;Choque em defensa;0;0;0;1;0;0;0;0;0;0;0;0;1;0;1
25/08/2019;07:03:00;48;Acidente sem Vítima;583,933;BR-040/MG;Sul;Queda de Carga;0;0;1;0;0;0;0;0;0;0;1;0;0;0;0
25/08/2019;05:10:00;38;Acidente sem Vítima;509,7;BR-040/MG;Norte;Choque com objeto fixo;1;0;0;0;0;0;0;0;0;0;1;0;0;0;0
25/08/2019;04:50:00;35;Acidente sem Vítima;478,1;BR-040/MG;Norte;Choque com objeto fixo;1;0;0;0;0;0;0;0;0;0;3;0;0;0;0
25/08/2019;03:24:00;28;Acidente sem Vítima;593,685;BR-040/MG;Norte;Choque com objeto fixo;1;0;0;0;0;0;0;0;0;0;1;0;0;0;0
25/08/2019;03:04:00;25;Acidente sem Vítima;7,003;BR-040/DF;Sul;Choque com objeto fixo;1;0;0;0;0;0;0;0;0;0;2;0;0;0;0
24/08/2019;23:16:00;311;Acidente sem Vítima;717,8;BR-040/MG;Sul;Choque com objeto fixo;1;0;0;0;0;0;0;0;0;0;1;0;0;0;0
24/08/2019;23:15:00;310;Acidente com Vítima;545,7;BR-040/MG;Sul;Choque com objeto fixo;1;0;0;0;0;0;0;0;0;0;0;0;1;0;0
24/08/2019;20:27:00;285;Acidente sem Vítima;503,3;BR-040/MG;Sul;Abalroamento longitudinal;2;0;0;0;0;0;0;0;0;0;2;0;0;0;0
24/08/2019;19:43:00;275;Acidente com Vítima;26,5;BR-040/GO;Norte;Abalroamento longitudinal;0;0;1;1;0;0;0;0;0;0;1;0;1;0;0
24/08/2019;18:47:00;260;Acidente sem Vítima;465,1;BR-040/MG;Norte;Atropelamento de animal;1;0;0;0;0;0;0;0;0;0;2;0;0;0;0
24/08/2019;17:25:00;238;Acidente com Vítima;534,14;BR-040/MG;Sul;Capotamento;1;0;0;0;0;0;0;0;0;0;0;2;0;0;0
24/08/2019;15:04:00;190;Acidente sem Vítima;5,6;BR-040/GO;Sul;Colisão traseira;2;0;0;0;0;0;0;0;0;0;2;0;0;0;0
24/08/2019;11:00:00;145;Acidente com Vítima;19,2;BR-040/GO;Norte;Abalroamento longitudinal;0;0;0;2;0;0;0;0;0;0;1;1;0;0;0
24/08/2019;10:55:00;143;Acidente sem Vítima;519,1;BR-040/MG;Sul;Queda de Carga;0;0;0;1;0;0;0;0;0;0;1;0;0;0;0
24/08/2019;10:46:00;139;Acidente com Vítima;556,1;BR-040/MG;Sul;Colisão traseira;5;0;0;0;0;0;0;0;0;0;5;1;0;0;0
24/08/2019;10:05:00;131;Acidente com Morte;122,449;BR-040/GO;Norte;Capotamento;0;0;1;0;0;0;0;0;0;0;0;0;0;0;1
24/08/2019;08:39:00;108;Acidente sem Vítima;180,5;BR-040/MG;Sul;Queda de Carga;1;0;1;0;0;0;0;0;0;0;3;0;0;0;0
24/08/2019;07:22:00;93;Atropelamento sem Morte;12,4;BR-040/GO;Sul;Atropelamento de ciclista;1;0;0;0;0;1;0;0;0;0;2;0;0;0;0
24/08/2019;06:40:00;80;Acidente sem Vítima;587,1;BR-040/MG;Sul;Choque com objeto fixo;1;0;0;0;0;1;0;0;0;0;2;0;0;0;0
24/08/2019;05:31:00;73;Acidente sem Vítima;545,5;BR-040/MG;Sul;Choque com objeto fixo;1;0;0;0;0;0;0;0;0;0;1;0;0;0;0
24/08/2019;02:55:00;52;Atropelamento com Morte;2,21;BR-040/GO;Sul;Atropelamento de pedestre caminhando;1;0;0;0;0;0;0;0;0;0;2;0;0;0;1
24/08/2019;01:13:00;20;Acidente sem Vítima;730,1;BR-040/MG;Norte;Choque em defensa;0;0;1;0;0;0;0;0;0;0;1;0;0;0;0
23/08/2019;21:50:00;412;Acidente sem Vítima;513,01;BR-040/MG;Sul;Colisão traseira;3;0;0;0;0;0;0;0;0;0;4;0;0;0;0
23/08/2019;21:13:00;401;Acidente com Vítima;585,6;BR-040/MG;Norte;Choque com objeto fixo;1;0;0;0;0;0;0;0;0;0;1;0;1;0;0
23/08/2019;20:27:00;385;Acidente sem Vítima;664,1;BR-040/MG;Sul;Atropelamento de animal;1;0;0;0;0;0;0;0;0;0;3;0;0;0;0
23/08/2019;19:55:00;363;Acidente sem Vítima;0;Fora_Rota;Leste;Queda de Carga;0;0;1;0;0;0;0;0;0;0;1;0;0;0;0
23/08/2019;18:19:00;329;Acidente sem Vítima;545,15;BR-040/MG;Sul;Colisão traseira;5;0;0;0;0;0;0;0;0;0;5;0;0;0;0
23/08/2019;17:59:00;322;Acidente sem Vítima;741,1;BR-040/MG;Norte;Capotamento;1;0;0;0;0;0;0;0;0;0;2;0;0;0;0
23/08/2019;17:53:00;320;Acidente sem Vítima;749,8;BR-040/MG;Sul;Choque com objeto fixo;1;0;0;0;0;0;0;0;0;0;1;0;0;0;0
23/08/2019;17:48:00;318;Acidente sem Vítima;717,2;BR-040/MG;Norte;Capotamento;1;0;0;0;0;0;0;0;0;0;5;0;0;0;0
23/08/2019;16:53:00;303;Acidente sem Vítima;544,068;BR-040/MG;Sul;Choque em barreira New Jersey;1;0;0;0;0;0;0;0;0;0;1;0;0;0;0
23/08/2019;16:50:00;302;Acidente com Vítima;605,972;BR-040/MG;Norte;Colisão frontal;0;0;2;0;1;0;0;0;0;0;5;12;5;0;0
23/08/2019;16:45:00;299;Acidente sem Vítima;579,4;BR-040/MG;Sul;Choque em barreira New Jersey;1;0;0;0;0;0;0;0;0;0;1;0;0;0;0
23/08/2019;16:33:00;296;Acidente sem Vítima;656,7;BR-040/MG;Norte;Choque em barreira New Jersey;1;0;0;0;0;0;0;0;0;0;1;0;0;0;0
23/08/2019;16:22:00;292;Acidente sem Vítima;605,9;BR-040/MG;Norte;Choque com objeto fixo;0;0;0;0;0;0;0;0;0;1;1;0;0;0;0
23/08/2019;16:13:00;290;Acidente sem Vítima;538,2;BR-040/MG;Sul;Choque com objeto fixo;1;0;0;0;0;0;0;0;0;0;1;0;0;0;0
23/08/2019;16:01:00;285;Acidente com Vítima;513,2;BR-040/MG;Norte;Abalroamento longitudinal;0;0;0;1;0;0;0;0;0;0;0;0;1;0;0
23/08/2019;15:13:00;274;Acidente com Vítima;513,165;BR-040/MG;Sul;Choque com objeto fixo;1;0;0;0;0;0;0;0;0;0;1;0;0;0;0
23/08/2019;14:50:00;269;Acidente sem Vítima;661,3;BR-040/MG;Sul;Outros;1;0;0;0;0;0;0;0;0;0;1;0;0;0;0
23/08/2019;14:49:00;268;Acidente com Vítima;5,1;BR-040/GO;Norte;Queda de Carga;2;0;0;0;0;0;0;0;0;0;2;1;0;0;0
23/08/2019;13:50:00;253;Acidente com Vítima;552,65;BR-040/MG;Sul;Abalroamento longitudinal;1;0;0;1;0;0;0;0;0;0;2;1;0;0;0
23/08/2019;13:42:00;248;Acidente sem Vítima;462,736;BR-040/MG;Norte;Colisão traseira;1;0;0;0;0;0;0;0;0;0;1;0;0;0;0
23/08/2019;12:44:00;232;Acidente com Vítima;462,736;BR-040/MG;Sul;Abalroamento longitudinal;2;0;0;0;0;0;0;0;0;0;0;1;1;0;0
23/08/2019;12:18:00;224;Acidente com Vítima;764,3;BR-040/MG;Sul;Capotamento;1;0;0;0;0;0;0;0;0;0;1;1;0;0;0
23/08/2019;11:00:00;210;Acidente sem Vítima;731,8;BR-040/MG;Sul;Choque em barreira New Jersey;1;0;0;0;0;0;0;0;0;0;2;0;0;0;0
23/08/2019;09:21:00;172;Acidente sem Vítima;719,7;BR-040/MG;Norte;Choque em barreira New Jersey;1;0;0;0;0;0;0;0;0;0;1;0;0;0;0
23/08/2019;09:06:00;171;Acidente sem Vítima;539,412;BR-040/MG;Sul;Colisão traseira;3;0;0;0;0;0;0;0;0;0;3;0;0;0;0
23/08/2019;08:44:00;158;Acidente sem Vítima;38,4;BR-040/GO;Sul;Colisão traseira;2;0;0;0;0;0;0;0;0;0;4;0;0;0;0
23/08/2019;08:26:00;152;Acidente sem Vítima;754,7;BR-040/MG;Sul;Capotamento;1;0;0;0;0;0;0;0;0;0;1;0;0;0;0
23/08/2019;08:11:00;142;Acidente sem Vítima;458,4;BR-040/MG;Sul;Colisão traseira;0;0;2;0;0;0;0;0;0;0;2;0;0;0;0
23/08/2019;06:49:00;108;Atropelamento sem Morte;537,45;BR-040/MG;Sul;Atropelamento de pedestre atravessando;0;0;0;1;0;0;0;0;0;0;2;1;0;0;0
23/08/2019;06:33:00;102;Acidente sem Vítima;713,5;BR-040/MG;Norte;Capotamento;1;0;0;0;0;0;0;0;0;0;2;0;0;0;0
23/08/2019;06:17:00;99;Acidente com Vítima;575,006;BR-040/MG;Sul;Choque com objeto fixo;0;0;1;0;0;0;0;0;0;0;0;0;1;0;0
22/08/2019;22:59:00;421;Acidente sem Vítima;7,15;BR-040/GO;Norte;Colisão traseira;2;0;0;0;0;0;0;0;0;0;2;0;0;0;0
22/08/2019;22:17:00;409;Acidente sem Vítima;5,3;BR-040/GO;Norte;Colisão traseira;1;0;1;0;0;0;0;0;0;0;2;0;0;0;0
22/08/2019;20:39:00;386;Acidente sem Vítima;35,65;BR-040/GO;Sul;Atropelamento de animal;0;0;1;0;0;0;0;0;0;0;1;0;0;0;0
22/08/2019;16:38:00;325;Acidente sem Vítima;537,65;BR-040/MG;Norte;Choque em barreira New Jersey;0;0;1;1;0;0;0;0;0;0;2;0;0;0;0
22/08/2019;15:44:00;312;Acidente sem Vítima;576,2;BR-040/MG;Sul;Colisão traseira;2;0;1;0;0;0;0;0;0;0;3;0;0;0;0
22/08/2019;11:58:00;251;Acidente sem Vítima;640,688;BR-040/MG;Sul;Choque com objeto fixo;1;0;0;0;0;0;0;0;0;0;2;0;0;0;0