data;horario;n_da_ocorrencia;tipo_de_ocorrencia;km;trecho;sentido;tipo_de_acidente;automovel;bicicleta;caminhao;moto;onibus;outros;tracao_animal;transporte_de_cargas_especiais;trator_maquinas;utilitarios;ilesos;levemente_feridos;moderadamente_feridos;gravemente_feridos;mortos
22/08/2019;07:58:00;166;Acidente sem Vítima;543,372;BR-040/MG;Sul;Choque em veículo parado na pista;0;0;1;1;0;0;0;0;0;0;2;0;0;0;0
22/08/2019;07:14:00;142;Acidente com Vítima;1,2;BR-040/GO;Norte;Abalroamento longitudinal;1;0;0;1;0;0;0;0;0;0;1;0;1;0;0
22/08/2019;07:05:00;120;Acidente com Vítima;534,743;BR-040/MG;Sul;Abalroamento longitudinal;1;0;0;1;0;0;0;0;0;0;1;1;0;0;0
22/08/2019;02:48:00;45;Acidente sem Vítima;591,29;BR-040/MG;Norte;Choque em defensa;2;0;0;0;0;0;0;0;0;0;2;0;0;0;0
22/08/2019;00:31:00;25;Acidente com Morte;278,07;BR-040/MG;Sul;Colisão frontal;1;0;1;0;0;0;0;0;0;0;1;0;0;1;1
21/08/2019;19:31:00;467;Acidente sem Vítima;169,5;BR-040/MG;Norte;Abalroamento longitudinal;2;0;0;0;0;0;0;0;0;0;2;0;0;0;0
21/08/2019;17:30:00;337;Acidente com Vítima;446,1;BR-040/MG;Sul;Capotamento;1;0;0;0;0;0;0;0;0;0;0;0;1;0;0
21/08/2019;11:23:00;229;Acidente sem Vítima;203,2;BR-040/MG;Sul;Choque com objeto fixo;1;0;0;0;0;0;0;0;0;0;1;0;0;0;0
21/08/2019;02:06:00;72;Acidente sem Vítima;547,1;BR-040/MG;Sul;Colisão traseira;0;0;2;0;0;0;0;0;0;0;2;0;0;0;0
21/08/2019;00:54:00;52;Acidente sem Vítima;592,48;BR-040/MG;Norte;Choque em defensa;1;0;0;0;0;0;0;0;0;0;2;0;0;0;0
20/08/2019;23:27:00;413;Acidente sem Vítima;484,1;BR-040/MG;Sul;Outros;1;0;0;0;0;0;0;0;0;0;1;0;0;0;0
20/08/2019;20:47:00;375;Atropelamento sem Morte;471,2;BR-040/MG;Norte;Atropelamento de pedestre caminhando;0;0;0;1;0;0;0;0;0;0;0;0;0;2;0
20/08/2019;20:07:00;355;Acidente sem Vítima;618,185;BR-040/MG;Norte;Choque com objeto fixo;0;0;1;0;0;0;0;0;0;0;1;0;0;0;0
20/08/2019;19:20:00;339;Acidente sem Vítima;730,3;BR-040/MG;Norte;Choque em barreira New Jersey;1;0;0;0;0;0;0;0;0;0;1;0;0;0;0
20/08/2019;18:31:00;318;Acidente com Vítima;43,061;BR-040/MG;Sul;Abalroamento transversal;1;0;0;1;0;0;0;0;0;0;2;0;1;1;0
20/08/2019;17:27:00;293;Acidente sem Vítima;538,1;BR-040/MG;Norte;Colisão traseira;2;0;0;0;0;0;0;0;0;0;2;0;0;0;0
20/08/2019;17:13:00;286;Acidente sem Vítima;657,1;BR-040/MG;Sul;Choque com objeto fixo;1;0;0;0;0;0;0;0;0;0;1;0;0;0;0
20/08/2019;15:07:00;242;Acidente sem Vítima;577,1;BR-040/MG;Sul;Colisão traseira;0;0;2;0;0;0;0;0;0;0;2;0;0;0;0
20/08/2019;13:20:00;208;Acidente sem Vítima;503,1;BR-040/MG;Sul;Choque em defensa;1;0;0;0;0;0;0;0;0;0;1;0;0;0;0
20/08/2019;12:04:00;194;Acidente com Vítima;282,01;BR-040/MG;Norte;Abalroamento transversal;1;0;1;0;0;0;0;0;0;0;5;1;0;0;0
20/08/2019;11:52:00;190;Acidente sem Vítima;2,2;BR-040/GO;Norte;Colisão traseira;1;0;0;1;0;0;0;0;0;0;2;0;0;0;0
20/08/2019;11:32:00;185;Acidente com Vítima;656,328;BR-040/MG;Norte;Capotamento;1;0;0;0;0;0;0;0;0;0;0;1;1;0;0
20/08/2019;09:08:00;147;Acidente sem Vítima;527,1;BR-040/MG;Norte;Queda de Carga;0;0;0;1;0;0;0;0;0;0;1;0;0;0;0
20/08/2019;08:32:00;135;Acidente sem Vítima;2,035;BR-040/GO;Sul;Colisão traseira;3;0;0;0;0;0;0;0;0;0;3;0;0;0;0
20/08/2019;04:02:00;80;Acidente sem Vítima;140,7;BR-040/MG;Norte;Atropelamento de animal;0;0;1;0;0;0;0;0;0;0;12;0;0;0;0
20/08/2019;00:02:00;1;Acidente com Vítima;490,3;BR-040/MG;Norte;Colisão frontal;2;0;0;0;0;0;0;0;0;0;0;1;2;1;0
19/08/2019;22:13:00;344;Acidente com Vítima;7,8;BR-040/DF;Norte;Capotamento;1;0;0;0;0;0;0;0;0;0;0;0;0;1;0
19/08/2019;20:02:00;323;Atropelamento sem Morte;701,4;BR-040/MG;Sul;Atropelamento de pedestre atravessando;1;0;0;0;0;0;0;0;0;0;3;0;1;0;0
19/08/2019;17:25:00;284;Acidente sem Vítima;513,45;BR-040/MG;Sul;Colisão traseira;2;0;0;0;0;0;0;0;0;0;6;0;0;0;0
19/08/2019;14:47:00;237;Acidente com Vítima;514,116;BR-040/MG;Sul;Colisão traseira;0;0;1;0;0;1;0;0;0;0;3;0;1;0;0
19/08/2019;08:59:00;156;Acidente com Vítima;106,2;BR-040/GO;Norte;Outros;1;0;0;0;0;0;0;0;0;0;1;1;0;0;0
19/08/2019;07:03:00;118;Acidente sem Vítima;512,65;BR-040/MG;Sul;Colisão traseira;2;0;0;0;0;0;0;0;0;0;5;0;0;0;0
19/08/2019;06:50:00;115;Acidente com Vítima;539,37;BR-040/MG;Sul;Abalroamento longitudinal;1;0;0;1;0;0;0;0;0;0;1;2;0;0;0
19/08/2019;05:16:00;95;Acidente com Morte;62,602;BR-040/MG;Norte;Colisão frontal;1;0;0;0;0;1;0;0;0;0;3;3;0;0;1
19/08/2019;01:06:00;10;Acidente sem Vítima;129,7;BR-040/GO;Norte;Choque com objeto fixo;2;0;0;0;0;0;0;0;0;0;4;0;0;0;0
18/08/2019;21:41:00;270;Acidente sem Vítima;755,5;BR-040/MG;Norte;Colisão traseira;2;0;0;0;0;0;0;0;0;0;3;0;0;0;0
18/08/2019;21:33:00;267;Acidente sem Vítima;448,15;BR-040/MG;Sul;Choque em defensa;1;0;0;0;0;0;0;0;0;0;4;0;0;0;0
18/08/2019;21:24:00;264;Acidente com Vítima;516,15;BR-040/MG;Sul;Capotamento;2;0;0;0;0;0;0;0;0;0;2;1;1;0;0
18/08/2019;19:23:00;226;Acidente com Vítima;5,5;BR-040/DF;Sul;Colisão traseira;2;0;0;0;0;0;0;0;0;0;2;1;2;0;0
18/08/2019;19:21:00;225;Acidente sem Vítima;5,7;BR-040/GO;Norte;Abalroamento longitudinal;0;0;0;1;0;0;0;0;0;0;1;0;0;0;0
18/08/2019;18:44:00;214;Acidente sem Vítima;5,1;BR-040/GO;Norte;Abalroamento longitudinal;2;0;0;0;0;0;0;0;0;0;2;0;0;0;0
18/08/2019;18:43:00;215;Acidente sem Vítima;755,1;BR-040/MG;Norte;Queda de Carga;1;0;1;0;0;0;0;0;0;0;3;0;0;0;0
18/08/2019;18:38:00;212;Acidente sem Vítima;535,6;BR-040/MG;Norte;Colisão traseira;3;0;0;0;0;0;0;0;0;0;3;0;0;0;0
18/08/2019;18:27:00;206;Acidente sem Vítima;10,02;BR-040/GO;Norte;Abalroamento longitudinal;2;0;0;0;0;0;0;0;0;0;4;0;0;0;0
18/08/2019;18:19:00;202;Atropelamento com Morte;569,6;BR-040/MG;Norte;Atropelamento de pedestre atravessando;1;0;0;0;0;0;0;0;0;0;1;0;0;0;1
18/08/2019;18:15:00;200;Acidente sem Vítima;509,4;BR-040/MG;Sul;Colisão traseira;4;0;0;0;0;0;0;0;0;0;11;0;0;0;0
18/08/2019;17:51:00;192;Acidente sem Vítima;9,2;BR-040/GO;Sul;Abalroamento longitudinal;2;0;0;0;0;0;0;0;0;0;2;0;0;0;0
18/08/2019;17:35:00;189;Acidente sem Vítima;510,565;BR-040/MG;Sul;Colisão traseira;2;0;0;0;0;0;0;0;0;0;3;0;0;0;0
18/08/2019;15:50:00;157;Acidente sem Vítima;522,65;BR-040/MG;Sul;Colisão traseira;2;0;0;0;0;0;0;0;0;0;7;0;0;0;0
18/08/2019;14:59:00;145;Acidente com Vítima;0,1;BR-040/DF;Sul;Queda de Carga;0;0;1;0;0;0;0;0;0;0;1;0;0;0;0
18/08/2019;14:19:00;134;Acidente sem Vítima;467,588;BR-040/MG;Norte;Choque com objeto fixo;2;0;0;0;0;0;0;0;0;0;3;0;0;0;0
18/08/2019;14:17:00;132;Atropelamento sem Morte;10,2;BR-040/GO;Sul;Atropelamento de pedestre caminhando;1;0;0;0;0;0;0;0;0;0;1;0;1;0;0
18/08/2019;10:44:00;84;Acidente sem Vítima;563,36;BR-040/MG;Sul;Capotamento;1;0;0;0;0;0;0;0;0;0;1;0;0;0;0
18/08/2019;07:40:00;43;Acidente sem Vítima;589,168;BR-040/MG;Norte;Choque com objeto fixo;1;0;0;0;0;0;0;0;0;0;5;0;0;0;0
18/08/2019;06:32:00;29;Acidente sem Vítima;8,2;BR-040/DF;Sul;Choque com objeto fixo;1;0;0;0;0;0;0;0;0;0;2;0;0;0;0
18/08/2019;05:39:00;26;Acidente sem Vítima;516,322;BR-040/MG;Norte;Colisão traseira;1;0;1;0;0;0;0;0;0;0;7;0;0;0;0
18/08/2019;04:48:00;25;Acidente sem Vítima;516,322;BR-040/MG;Norte;Choque com objeto fixo;1;0;0;0;0;0;0;0;0;0;2;0;0;0;0
18/08/2019;03:47:00;22;Acidente com Vítima;520,15;BR-040/MG;Norte;Atropelamento de animal;0;0;0;1;0;0;0;0;0;0;0;1;0;0;0
18/08/2019;02:27:00;17;Acidente com Vítima;464,35;BR-040/MG;Sul;Choque com objeto fixo;1;0;0;0;0;0;0;0;0;0;0;3;0;0;0
18/08/2019;02:25:00;18;Acidente com Morte;501,4;BR-040/MG;Norte;Capotamento;1;0;0;0;0;0;0;0;0;0;0;0;0;0;1
18/08/2019;00:04:00;1;Acidente sem Vítima;648,225;BR-040/MG;Norte;Atropelamento de animal;1;0;0;0;0;0;0;0;0;0;1;0;0;0;0
17/08/2019;23:35:00;267;Acidente com Vítima;3,1;BR-040/DF;Sul;Colisão traseira;3;0;0;0;0;0;0;0;0;0;2;2;0;0;0
17/08/2019;23:21:00;266;Acidente com Vítima;299,7;BR-040/MG;Norte;Queda de Carga;0;0;1;0;0;0;0;0;0;0;0;0;0;0;0
17/08/2019;21:51:00;251;Acidente sem Vítima;35,1;BR-040/GO;Norte;Abalroamento transversal;2;0;0;0;0;0;0;0;0;0;2;0;0;0;0
17/08/2019;21:19:00;242;Acidente com Vítima;517,1;BR-040/MG;Sul;Abalroamento transversal;2;0;0;0;0;0;0;0;0;0;1;2;0;0;0
17/08/2019;19:29:00;220;Atropelamento sem Morte;505,95;BR-040/MG;Norte;Atropelamento de pedestre caminhando;1;0;0;0;0;0;0;0;0;0;1;0;1;0;0
17/08/2019;19:02:00;209;Acidente com Vítima;117,347;BR-040/GO;Norte;Colisão traseira;2;0;0;0;0;0;0;0;0;0;1;2;1;0;0
17/08/2019;17:00:00;176;Acidente sem Vítima;413,1;BR-040/MG;Norte;Colisão traseira;2;0;0;0;0;0;0;0;0;0;2;0;0;0;0
17/08/2019;14:16:00;146;Acidente com Vítima;276,575;BR-040/MG;Sul;Queda de Moto;1;0;0;0;0;0;0;0;0;0;0;1;0;0;0
17/08/2019;12:35:00;121;Acidente sem Vítima;509,01;BR-040/MG;Sul;Colisão traseira;0;0;0;2;0;0;0;0;0;0;2;0;0;0;0
17/08/2019;11:38:00;108;Acidente sem Vítima;1,25;BR-040/GO;Norte;Abalroamento longitudinal;1;0;0;1;0;0;0;0;0;0;2;0;0;0;0
17/08/2019;09:18:00;71;Acidente com Vítima;636,636;BR-040/MG;Sul;Choque com objeto fixo;1;0;0;0;0;0;0;0;0;0;0;0;2;0;0
17/08/2019;06:56:00;46;Acidente sem Vítima;91,95;BR-040/GO;Norte;Atropelamento de animal;0;0;1;0;0;0;0;0;0;0;1;0;0;0;0
17/08/2019;03:30:00;25;Acidente com Vítima;509,9;BR-040/MG;Norte;Capotamento;1;0;0;0;0;0;0;0;0;0;0;0;1;0;0
17/08/2019;02:51:00;19;Acidente com Vítima;8,5;BR-040/GO;Norte;Abalroamento transversal;1;0;1;0;0;0;0;0;0;0;1;0;0;1;0
16/08/2019;22:10:00;346;Acidente sem Vítima;7,2;BR-040/GO;Norte;Abalroamento longitudinal;1;0;0;1;0;0;0;0;0;0;2;0;0;0;0
16/08/2019;20:08:00;304;Acidente sem Vítima;536,1;BR-040/MG;Norte;Abalroamento longitudinal;1;0;0;1;0;0;0;0;0;0;2;0;0;0;0
16/08/2019;19:55:00;300;Atropelamento sem Morte;631,29;BR-040/MG;Sul;Atropelamento de pedestre atravessando;1;0;0;0;0;0;0;0;0;0;1;0;1;0;0
16/08/2019;19:15:00;290;Atropelamento sem Morte;79,1;BR-040/GO;Sul;Atropelamento de ciclista;1;1;0;0;0;0;0;0;0;0;1;0;1;0;0
16/08/2019;19:01:00;284;Acidente sem Vítima;711,1;BR-040/MG;Sul;Choque em barreira New Jersey;1;0;0;0;0;0;0;0;0;0;3;0;0;0;0
16/08/2019;16:30:00;250;Acidente sem Vítima;503,1;BR-040/MG;Sul;Choque com objeto fixo;1;0;0;0;0;0;0;0;0;0;1;0;0;0;0
16/08/2019;15:47:00;238;Acidente sem Vítima;656,1;BR-040/MG;Sul;Choque com objeto fixo;1;0;0;0;0;0;0;0;0;0;1;0;0;0;0
16/08/2019;15:18:00;233;Acidente sem Vítima;569,1;BR-040/MG;Sul;Choque com objeto fixo;1;0;0;0;0;0;0;0;0;0;3;0;0;0;0
16/08/2019;15:02:00;222;Acidente com Vítima;532,8;BR-040/MG;Sul;Abalroamento longitudinal;2;0;0;0;0;0;0;0;0;0;1;1;0;0;0
16/08/2019;08:42:00;133;Acidente sem Vítima;513,1;BR-040/MG;Sul;Abalroamento longitudinal;1;0;0;0;0;0;0;0;0;1;2;0;0;0;0
16/08/2019;07:00:00;100;Atropelamento sem Morte;515,1;BR-040/MG;Sul;Atropelamento de pedestre atravessando;0;0;0;1;0;0;0;0;0;0;1;1;1;0;0
16/08/2019;06:42:00;94;Acidente sem Vítima;2,4;BR-040/GO;Norte;Colisão traseira;2;0;0;0;0;0;0;0;0;0;2;0;0;0;0
16/08/2019;05:49:00;82;Acidente com Vítima;522,9;BR-040/MG;Sul;Colisão frontal;1;0;0;1;0;0;0;0;0;0;1;0;0;1;0
15/08/2019;23:19:00;355;Acidente sem Vítima;528,1;BR-040/MG;Sul;Colisão traseira;1;0;1;0;0;0;0;0;0;0;2;0;0;0;0
15/08/2019;23:05:00;352;Acidente com Morte;72,37;BR-040/GO;Sul;Colisão traseira;1;0;1;0;0;0;0;0;0;0;1;0;0;0;1
15/08/2019;19:02:00;300;Acidente sem Vítima;0,1;BR-040/GO;Sul;Colisão traseira;2;0;0;0;0;0;0;0;0;0;2;0;0;0;0
15/08/2019;09:06:00;155;Acidente sem Vítima;7,8;BR-040/GO;Norte;Abalroamento longitudinal;2;0;0;0;0;0;0;0;0;0;2;0;0;0;0
15/08/2019;08:48:00;150;Acidente sem Vítima;130,1;BR-040/MG;Sul;Colisão traseira;2;0;0;0;0;0;0;0;0;0;4;0;0;0;0
15/08/2019;06:54:00;127;Acidente sem Vítima;543,882;BR-040/MG;Sul;Abalroamento longitudinal;1;0;0;1;0;0;0;0;0;0;2;0;0;0;0
15/08/2019;03:55:00;96;Atropelamento sem Morte;634,6;BR-040/MG;Sul;Atropelamento de ciclista;0;0;0;0;1;0;0;0;0;0;4;0;0;0;0
15/08/2019;01:55:00;65;Acidente sem Vítima;476,5;BR-040/MG;Sul;Choque com objeto fixo;1;0;0;0;0;0;0;0;0;0;3;0;0;0;0
14/08/2019;20:00:00;351;Acidente sem Vítima;118,05;BR-040/MG;Sul;Atropelamento de animal;1;0;0;0;0;0;0;0;0;0;1;0;0;0;0
14/08/2019;18:39:00;324;Acidente sem Vítima;7,25;BR-040/GO;Norte;Colisão traseira;4;0;0;0;0;0;0;0;0;0;4;0;0;0;0
14/08/2019;18:37:00;323;Acidente com Vítima;525,75;BR-040/MG;Sul;Colisão traseira;2;0;0;0;1;0;0;0;0;0;3;1;0;0;0
14/08/2019;14:06:00;247;Acidente com Vítima;463,65;BR-040/MG;Norte;Abalroamento longitudinal;1;0;1;0;1;0;0;0;0;0;1;2;0;0;0
14/08/2019;13:30:00;231;Acidente sem Vítima;524,044;BR-040/MG;Sul;Colisão traseira;1;0;1;0;0;0;0;0;0;0;2;0;0;0;0
14/08/2019;13:14:00;225;Acidente sem Vítima;548,539;BR-040/MG;Norte;Choque em barreira New Jersey;1;0;0;0;0;0;0;0;0;0;1;0;0;0;0
14/08/2019;08:26:00;135;Acidente com Vítima;525,971;BR-040/MG;Sul;Colisão traseira;3;0;1;0;0;0;0;0;0;0;5;2;0;0;0
14/08/2019;07:52:00;121;Acidente sem Vítima;4,3;BR-040/GO;Sul;Abalroamento longitudinal;1;1;0;0;0;0;0;0;0;0;2;0;0;0;0
14/08/2019;07:21:00;104;Acidente com Vítima;541,234;BR-040/MG;Sul;Queda de Carga;1;0;0;1;0;0;0;0;0;0;2;1;0;0;0
14/08/2019;02:37:00;50;Acidente sem Vítima;324,04;BR-040/MG;Norte;Atropelamento de animal;1;0;0;0;0;0;0;0;0;0;5;0;0;0;0
13/08/2019;23:40:00;338;Acidente com Vítima;367,197;BR-040/MG;Norte;Colisão traseira;0;0;1;0;0;1;0;0;0;0;1;0;1;0;0
13/08/2019;21:03:00;310;Acidente sem Vítima;484,9;BR-040/MG;Sul;Atropelamento de animal;2;0;0;0;0;0;0;0;0;0;5;0;0;0;0
13/08/2019;20:31:00;303;Acidente com Vítima;0,9;BR-040/DF;Sul;Abalroamento longitudinal;1;0;0;1;0;0;0;0;0;0;1;1;0;0;0
13/08/2019;19:43:00;290;Acidente sem Vítima;508,01;BR-040/MG;Sul;Choque com objeto fixo;1;0;0;0;0;0;0;0;0;0;1;0;0;0;0
13/08/2019;18:59:00;281;Acidente com Vítima;74,1;BR-040/GO;Sul;Atropelamento de animal;0;0;0;1;0;0;0;0;0;0;0;1;0;0;0
13/08/2019;18:27:00;269;Acidente com Vítima;2,6;BR-040/DF;Sul;Abalroamento longitudinal;1;0;0;1;0;0;0;0;0;0;1;1;0;0;0
13/08/2019;14:58:00;222;Acidente com Vítima;464,1;BR-040/MG;Sul;Choque com objeto fixo;1;0;0;0;0;0;0;0;0;0;0;0;0;1;0
13/08/2019;14:23:00;215;Acidente com Vítima;141,34;BR-040/MG;Norte;Abalroamento transversal;1;0;0;1;0;0;0;0;0;0;1;0;0;0;0
13/08/2019;10:31:00;169;Acidente sem Vítima;136,2;BR-040/MG;Norte;Colisão traseira;0;0;2;0;0;0;0;0;0;0;2;0;0;0;0
13/08/2019;08:46:00;148;Acidente com Vítima;530,8;BR-040/MG;Sul;Queda de Carga;0;0;0;1;0;0;0;0;0;0;0;2;0;0;0
13/08/2019;07:28:00;121;Acidente com Vítima;7,7;BR-040/GO;Norte;Colisão traseira;2;0;0;1;0;0;0;0;0;0;2;1;0;0;0
13/08/2019;06:27:00;109;Acidente com Morte;615,05;BR-040/MG;Sul;Colisão traseira;0;0;1;1;0;0;0;0;0;0;1;0;0;0;1
13/08/2019;05:14:00;95;Acidente sem Vítima;97,109;BR-040/GO;Norte;Atropelamento de animal;1;0;0;0;0;0;0;0;0;0;1;0;0;0;0
12/08/2019;19:19:00;312;Acidente sem Vítima;628,8;BR-040/MG;Norte;Abalroamento longitudinal;1;0;1;0;0;0;0;0;0;0;2;0;0;0;0
12/08/2019;19:16:00;310;Acidente sem Vítima;527,44;BR-040/MG;Norte;Abalroamento transversal;2;0;0;0;0;0;0;0;0;0;2;0;0;0;0
12/08/2019;18:19:00;296;Acidente sem Vítima;536,7;BR-040/MG;Norte;Abalroamento longitudinal;1;0;0;1;0;0;0;0;0;0;2;0;0;0;0
12/08/2019;18:00:00;289;Acidente sem Vítima;487,34;BR-040/MG;Norte;Colisão traseira;0;0;2;0;0;0;0;0;0;0;2;0;0;0;0
12/08/2019;16:14:00;263;Acidente sem Vítima;42,061;BR-040/GO;Norte;Abalroamento longitudinal;1;0;1;0;0;0;0;0;0;0;2;0;0;0;0
12/08/2019;13:11:00;226;Acidente com Vítima;700,402;BR-040/MG;Norte;Abalroamento longitudinal;1;0;0;1;0;0;0;0;0;0;1;0;2;0;0
12/08/2019;12:43:00;213;Acidente sem Vítima;6,44;BR-040/DF;Norte;Abalroamento longitudinal;2;0;0;0;0;0;0;0;0;0;2;0;0;0;0
12/08/2019;12:40:00;211;Acidente sem Vítima;563,105;BR-040/MG;Sul;Abalroamento longitudinal;1;0;1;0;0;0;0;0;0;0;2;0;0;0;0
12/08/2019;11:15:00;185;Acidente sem Vítima;511,1;BR-040/MG;Norte;Colisão traseira;1;0;1;0;0;0;0;0;0;0;2;0;0;0;0
12/08/2019;08:36:00;144;Acidente com Vítima;526,1;BR-040/MG;Norte;Colisão traseira;1;0;0;1;0;0;0;0;0;0;1;1;0;0;0
12/08/2019;08:13:00;135;Acidente com Vítima;2,7;BR-040/GO;Norte;Queda de Moto;0;0;0;1;0;0;0;0;0;0;0;1;0;0;0
12/08/2019;07:41:00;122;Acidente sem Vítima;108,9;BR-040/GO;Norte;Choque com objeto fixo;1;0;0;0;0;0;0;0;0;0;1;0;0;0;0
12/08/2019;07:12:00;116;Acidente com Vítima;521,8;BR-040/MG;Sul;Colisão traseira;0;0;1;1;0;0;0;0;0;0;1;0;1;0;0
12/08/2019;06:15:00;98;Acidente com Vítima;316,5;BR-040/MG;Norte;Colisão traseira;1;0;0;0;1;0;0;0;0;0;2;1;1;0;0
12/08/2019;06:15:00;99;Acidente sem Vítima;174,5;BR-040/MG;Norte;Colisão traseira;0;0;2;0;0;0;0;0;0;0;2;0;0;0;0
12/08/2019;03:50:00;86;Acidente sem Vítima;1,2;BR-040/GO;Sul;Abalroamento longitudinal;2;0;0;0;0;0;0;0;0;0;2;0;0;0;0
11/08/2019;23:20:00;330;Acidente sem Vítima;465,143;BR-040/MG;Norte;Atropelamento de animal;1;0;0;0;0;0;0;0;0;0;1;0;0;0;0
11/08/2019;19:42:00;288;Acidente sem Vítima;752,2;BR-040/MG;Sul;Abalroamento longitudinal;0;0;1;1;0;0;0;0;0;0;2;0;0;0;0
11/08/2019;19:26:00;283;Acidente sem Vítima;4,189;BR-040/GO;Norte;Abalroamento longitudinal;1;0;0;1;0;0;0;0;0;0;3;0;0;0;0
11/08/2019;19:04:00;278;Acidente sem Vítima;508,5;BR-040/MG;Sul;Colisão traseira;2;0;0;0;0;0;0;0;0;0;2;0;0;0;0
11/08/2019;12:06:00;146;Acidente sem Vítima;526,049;BR-040/MG;Norte;Choque em barreira New Jersey;1;0;0;0;0;0;0;0;0;0;1;0;0;0;0
11/08/2019;11:08:00;128;Acidente com Vítima;140,1;BR-040/MG;Sul;Choque com objeto fixo;1;0;0;0;0;0;0;0;0;0;1;0;0;0;0
11/08/2019;05:34:00;55;Acidente sem Vítima;536,539;BR-040/MG;Sul;Choque em defensa;1;0;0;0;0;0;0;0;0;0;1;0;0;0;0
10/08/2019;19:29:00;258;Acidente sem Vítima;7,053;BR-040/GO;Sul;Colisão traseira;3;0;0;0;0;0;0;0;0;0;4;0;0;0;0
10/08/2019;15:18:00;206;Atropelamento sem Morte;5,2;BR-040/GO;Sul;Atropelamento de pedestre atravessando;0;0;0;1;0;0;0;0;0;0;1;1;0;0;0
10/08/2019;15:13:00;205;Atropelamento sem Morte;526,106;BR-040/MG;Norte;Atropelamento de pedestre atravessando;0;0;0;0;1;0;0;0;0;0;1;1;0;0;0
10/08/2019;14:40:00;197;Acidente com Vítima;528,453;BR-040/MG;Sul;Colisão traseira;0;0;0;1;0;0;0;0;0;1;1;1;0;0;0
10/08/2019;14:24:00;192;Acidente com Vítima;7,15;BR-040/GO;Norte;Abalroamento transversal;0;0;0;1;1;0;0;0;0;0;2;1;0;0;0
10/08/2019;14:03:00;186;Acidente sem Vítima;5,9;BR-040/GO;Sul;Colisão traseira;2;0;0;0;0;0;0;0;0;0;2;0;0;0;0
10/08/2019;12:22:00;167;Acidente sem Vítima;565,319;BR-040/MG;Sul;Colisão traseira;1;0;1;0;0;0;0;0;0;0;2;0;0;0;0
10/08/2019;09:57:00;120;Acidente com Vítima;446,321;BR-040/MG;Norte;Queda de Carga;0;0;0;1;0;0;0;0;0;0;0;0;1;0;0
10/08/2019;09:56:00;119;Acidente com Vítima;751,194;BR-040/MG;Sul;Abalroamento longitudinal;1;0;0;0;0;1;0;0;0;0;2;0;2;0;0
10/08/2019;08:34:00;96;Acidente com Vítima;405,031;BR-040/MG;Sul;Queda de Carga;0;0;0;1;0;0;0;0;0;0;1;0;1;0;0
10/08/2019;04:59:00;33;Acidente sem Vítima;463,5;BR-040/MG;Sul;Atropelamento de animal;1;0;0;0;0;0;0;0;0;0;1;0;0;0;0
10/08/2019;04:58:00;34;Acidente com Morte;761,34;BR-040/MG;Sul;Colisão frontal;1;0;1;0;0;0;0;0;0;0;1;0;0;0;1
10/08/2019;04:37:00;27;Acidente com Vítima;7,8;BR-040/DF;Sul;Colisão traseira;1;0;0;0;0;0;0;0;0;0;1;1;0;0;0
09/08/2019;23:01:00;369;Acidente sem Vítima;522,7;BR-040/MG;Norte;Queda de Moto;0;0;0;1;0;0;0;0;0;0;1;0;0;0;0
09/08/2019;20:32:00;330;Acidente com Vítima;1,3;BR-040/DF;Sul;Abalroamento longitudinal;2;0;0;1;0;0;0;0;0;0;2;0;0;0;0
09/08/2019;19:23:00;313;Acidente sem Vítima;5,5;BR-040/DF;Sul;Colisão traseira;1;0;0;1;0;0;0;0;0;0;2;0;0;0;0
09/08/2019;19:15:00;312;Acidente sem Vítima;538,5;BR-040/MG;Norte;Abalroamento longitudinal;1;0;0;1;0;0;0;0;0;0;2;0;0;0;0
09/08/2019;18:53:00;304;Acidente com Vítima;6,536;BR-040/GO;Sul;Colisão traseira;1;0;0;1;0;0;0;0;0;0;1;2;0;0;0
09/08/2019;18:53:00;305;Acidente com Vítima;728,46;BR-040/MG;Norte;Abalroamento longitudinal;1;0;0;0;0;0;0;0;0;0;2;1;0;0;0
09/08/2019;18:39:00;296;Acidente sem Vítima;526,7;BR-040/MG;Norte;Abalroamento longitudinal;1;0;1;0;0;0;0;0;0;0;2;0;0;0;0
09/08/2019;17:04:00;268;Acidente sem Vítima;596,1;BR-040/MG;Norte;Choque com objeto fixo;1;0;0;0;0;0;0;0;0;0;1;0;0;0;0
09/08/2019;15:36:00;252;Acidente sem Vítima;524,1;BR-040/MG;Sul;Abalroamento longitudinal;1;0;2;0;0;0;0;0;0;0;3;0;0;0;0
09/08/2019;14:38:00;238;Acidente sem Vítima;487,1;BR-040/MG;Norte;Abalroamento longitudinal;2;0;0;0;0;0;0;0;0;0;2;0;0;0;0
09/08/2019;12:43:00;215;Acidente sem Vítima;1,9;BR-040/GO;Norte;Abalroamento longitudinal;2;0;0;0;0;0;0;0;0;0;2;0;0;0;0
09/08/2019;11:54:00;207;Acidente com Morte;355,933;BR-040/MG;Sul;Colisão frontal;1;0;0;2;0;0;0;0;0;0;5;0;0;0;1