data;horario;n_da_ocorrencia;tipo_de_ocorrencia;km;trecho;sentido;tipo_de_acidente;automovel;bicicleta;caminhao;moto;onibus;outros;tracao_animal;transporte_de_cargas_especiais;trator_maquinas;utilitarios;ilesos;levemente_feridos;moderadamente_feridos;gravemente_feridos;mortos
29/10/2019;23:10:00;311;Acidente sem Vítimas;697,15;BR-040/MG;Sul;Choque c/ Objeto Fixo;1;0;0;0;0;0;0;0;0;0;1;0;0;0;0
29/10/2019;23:28:00;313;Acidente sem Vítimas;507,4;BR-040/MG;Norte;Atropelamento de animal;2;0;0;0;0;1;0;0;0;0;13;0;0;0;0
28/10/2019;20:45:00;313;Acidente sem Vítima;601,1;BR-040/MG;Sul;Colisão traseira;1;0;1;0;0;0;0;0;0;0;3;0;0;0;0
28/10/2019;18:52:00;278;Acidente sem Vítima;25,1;BR-040/GO;Sul;Choque com objeto na pista;1;0;0;0;0;0;0;0;0;0;1;0;0;0;0
28/10/2019;18:39:00;273;Acidente sem Vítima;433,5;BR-040/MG;Norte;Choque com objeto fixo;1;0;0;0;0;0;0;0;0;0;1;0;0;0;0
28/10/2019;18:21:00;267;Acidente sem Vítima;119,1;BR-040/GO;Norte;Capotamento;2;0;0;0;0;0;0;0;0;0;1;0;0;0;0
28/10/2019;16:30:00;243;Acidente sem Vítima;540,01;BR-040/MG;Norte;Colisão traseira;2;0;0;0;0;0;0;0;0;0;2;0;0;0;0
28/10/2019;15:50:00;236;Acidente sem Vítima;495,265;BR-040/MG;Norte;Choque com objeto fixo;1;0;0;0;0;0;0;0;0;0;1;0;0;0;0
28/10/2019;15:48:00;235;Acidente com Vítima;515,517;BR-040/MG;Norte;Choque em defensa;0;0;1;0;0;0;0;0;0;0;1;0;1;0;0
28/10/2019;15:46:00;233;Acidente sem Vítima;615,1;BR-040/MG;Sul;Colisão traseira;2;0;0;0;0;0;0;0;0;0;2;0;0;0;0
28/10/2019;14:46:00;219;Acidente sem Vítima;658,1;BR-040/MG;Norte;Capotamento;1;0;0;0;0;0;0;0;0;0;1;0;0;0;0
28/10/2019;13:47:00;209;Acidente com Vítima;735,1;BR-040/MG;Norte;Choque com objeto fixo;1;0;0;0;0;0;0;0;0;0;0;2;0;0;0
28/10/2019;13:14:00;204;Acidente com Vítima;510,733;BR-040/MG;Norte;Colisão traseira;1;0;1;0;1;0;0;0;0;0;6;7;0;0;0
28/10/2019;13:11:00;202;Acidente com Vítima;727,5;BR-040/MG;Sul;Capotamento;2;0;0;0;0;0;0;0;0;0;1;1;0;0;0
28/10/2019;13:02:00;197;Acidente sem Vítima;510,5;BR-040/MG;Norte;Choque em defensa;0;0;1;0;0;0;0;0;0;0;1;0;0;0;0
28/10/2019;12:37:00;193;Acidente sem Vítima;727,15;BR-040/MG;Sul;Choque com objeto fixo;1;0;0;0;0;0;0;0;0;0;1;0;0;0;0
28/10/2019;12:32:00;191;Acidente com Vítima;751,5;BR-040/MG;Sul;Choque com objeto fixo;0;0;1;0;0;0;0;0;0;0;0;1;0;0;0
28/10/2019;12:18:00;190;Acidente sem Vítima;570,499;BR-040/MG;Sul;Abalroamento longitudinal;1;0;1;0;0;0;0;0;0;0;3;0;0;0;0
28/10/2019;12:08:00;188;Acidente sem Vítima;570,012;BR-040/MG;Sul;Colisão traseira;1;0;2;0;0;0;0;0;0;0;7;0;0;0;0
28/10/2019;11:45:00;184;Acidente sem Vítima;729,5;BR-040/MG;Sul;Choque em barreira New Jersey;1;0;0;0;0;0;0;0;0;0;1;0;0;0;0
28/10/2019;09:52:00;152;Acidente sem Vítima;550,1;BR-040/MG;Sul;Colisão traseira;3;0;0;0;0;0;0;0;0;0;3;0;0;0;0
28/10/2019;07:45:00;124;Acidente sem Vítima;735,1;BR-040/MG;Sul;Capotamento;1;0;0;0;0;0;0;0;0;0;1;0;0;0;0
28/10/2019;07:36:00;118;Acidente sem Vítima;530,5;BR-040/MG;Sul;Abalroamento longitudinal;1;0;0;1;0;0;0;0;0;0;2;0;0;0;0
28/10/2019;06:54:00;110;Acidente sem Vítima;713,1;BR-040/MG;Sul;Choque com objeto fixo;1;0;0;0;0;0;0;0;0;0;1;0;0;0;0
27/10/2019;22:20:00;256;Acidente sem Vítima;535,05;BR-040/MG;Norte;Colisão traseira;2;0;0;0;0;0;0;0;0;0;2;0;0;0;0
27/10/2019;21:48:00;245;Acidente com Vítima;687,636;BR-040/MG;Sul;Queda de Moto;1;0;0;0;0;0;0;0;0;0;1;1;0;1;0
27/10/2019;20:19:00;221;Acidente com Vítima;279,94;BR-040/MG;Sul;Abalroamento transversal;1;0;0;1;0;0;0;0;0;0;1;0;0;1;0
27/10/2019;19:26:00;207;Acidente com Vítima;16,2;BR-040/GO;Sul;Abalroamento transversal;2;0;0;0;0;0;0;0;0;0;0;0;0;0;0
27/10/2019;18:45:00;193;Acidente com Vítima;771,12;BR-040/MG;Sul;Queda de Carga;0;0;0;1;0;0;0;0;0;0;0;1;0;0;0
27/10/2019;18:37:00;190;Acidente sem Vítima;514,04;BR-040/MG;Sul;Colisão traseira;1;0;0;0;0;3;0;0;0;0;4;0;0;0;0
27/10/2019;17:59:00;184;Acidente com Vítima;512,2;BR-040/MG;Sul;Abalroamento longitudinal;1;0;0;1;0;0;0;0;0;0;2;1;0;0;0
27/10/2019;17:39:00;179;Acidente sem Vítima;543,2;BR-040/MG;Sul;Colisão traseira;2;0;0;0;0;0;0;0;0;0;5;0;0;0;0
27/10/2019;17:26:00;177;Acidente sem Vítima;2,3;BR-040/GO;Norte;Abalroamento longitudinal;3;0;0;0;0;0;0;0;0;0;3;0;0;0;0
27/10/2019;16:22:00;157;Acidente com Vítima;528,114;BR-040/MG;Sul;Colisão traseira;1;0;0;1;0;0;0;0;0;0;1;1;0;0;0
27/10/2019;16:16:00;155;Acidente com Vítima;86,5;BR-040/MG;Sul;Choque com objeto fixo;1;0;0;0;0;0;0;0;0;0;0;0;0;0;0
27/10/2019;15:47:00;148;Acidente sem Vítima;454,521;BR-040/MG;Sul;Colisão traseira;2;0;0;0;0;0;0;0;0;0;4;0;0;0;0
27/10/2019;13:53:00;115;Acidente com Vítima;0,3;BR-040/GO;Sul;Abalroamento longitudinal;0;0;0;1;0;0;0;0;0;0;0;1;0;0;0
27/10/2019;11:59:00;98;Acidente sem Vítima;720,8;BR-040/MG;Norte;Colisão traseira;2;0;0;0;0;0;0;0;0;1;3;0;0;0;0
27/10/2019;03:41:00;18;Acidente sem Vítima;762,05;BR-040/MG;Sul;;1;0;0;0;0;0;0;0;0;0;1;0;0;0;0
27/10/2019;01:45:00;10;Acidente com Vítima;108,253;BR-040/MG;Sul;Queda de Carga;1;0;0;0;0;0;0;0;0;0;0;1;0;0;0
27/10/2019;01:05:00;6;Acidente com Vítima;511,1;BR-040/MG;Sul;Abalroamento longitudinal;1;0;1;0;0;0;0;0;0;0;4;1;0;0;0
26/10/2019;23:02:00;281;Acidente sem Vítima;620,1;BR-040/MG;Sul;Choque com objeto fixo;1;0;0;0;0;0;0;0;0;0;4;0;0;0;0
26/10/2019;22:51:00;279;Atropelamento sem Morte;96,4;BR-040/GO;Sul;Atropelamento de pedestre caminhando;0;0;0;1;0;0;0;0;0;0;0;1;1;0;0
26/10/2019;21:51:00;272;Acidente com Vítima;655,5;BR-040/MG;Sul;Choque com objeto fixo;1;0;0;0;0;0;0;0;0;0;3;1;0;0;0
26/10/2019;17:32:00;240;Acidente sem Vítima;524,269;BR-040/MG;Sul;Abalroamento longitudinal;1;0;0;0;0;0;0;0;0;0;1;0;0;0;0
26/10/2019;17:16:00;235;Acidente com Vítima;530,012;BR-040/MG;Norte;Abalroamento longitudinal;1;0;0;1;0;0;0;0;0;0;2;1;0;0;0
26/10/2019;16:55:00;230;Acidente sem Vítima;534,4;BR-040/MG;Norte;Choque com objeto fixo;0;0;0;1;0;0;0;0;0;0;1;0;0;0;0
26/10/2019;16:37:00;223;Acidente sem Vítima;4,6;BR-040/DF;Sul;Abalroamento longitudinal;2;0;0;0;0;0;0;0;0;0;2;0;0;0;0
26/10/2019;16:31:00;221;Acidente com Vítima;509,107;BR-040/MG;Norte;Choque em defensa;0;0;1;0;0;0;0;0;0;0;1;1;0;0;0
26/10/2019;14:14:00;182;Acidente com Vítima;614,3;BR-040/MG;Sul;Colisão frontal;1;0;1;0;0;0;0;0;0;0;1;0;2;0;0
26/10/2019;12:49:00;160;Acidente com Vítima;716,45;BR-040/MG;Norte;Queda de Carga;0;0;0;1;0;0;0;0;0;0;1;1;0;0;0
26/10/2019;10:38:00;119;Acidente sem Vítima;708,745;BR-040/MG;Norte;Outros;1;0;0;0;0;0;0;0;0;0;3;0;0;0;0
26/10/2019;09:52:00;101;Acidente com Morte;734,744;BR-040/MG;Norte;Abalroamento transversal;2;0;0;0;0;1;0;0;0;0;2;0;0;0;1
26/10/2019;09:14:00;93;Acidente sem Vítima;494,646;BR-040/MG;Norte;Capotamento;1;0;0;0;0;0;0;0;0;0;1;0;0;0;0
26/10/2019;09:09:00;90;Acidente sem Vítima;719,5;BR-040/MG;Norte;Choque em defensa;1;0;0;0;0;0;0;0;0;0;1;0;0;0;0
26/10/2019;07:46:00;72;Acidente sem Vítima;559,77;BR-040/MG;Norte;Choque em defensa;2;0;0;0;0;0;0;0;0;0;2;0;0;0;0
26/10/2019;06:30:00;58;Acidente sem Vítima;196,281;BR-040/MG;Sul;Queda de Carga;0;0;1;0;0;0;0;0;0;0;1;0;0;0;0
26/10/2019;05:53:00;53;Acidente sem Vítima;511,1;BR-040/MG;Norte;Abalroamento longitudinal;1;0;0;1;0;0;0;0;0;0;2;0;0;0;0
26/10/2019;05:33:00;49;Acidente sem Vítima;554,8;BR-040/MG;Norte;Capotamento;1;0;0;0;0;0;0;0;0;0;3;0;0;0;0
26/10/2019;05:30:00;48;Atropelamento sem Morte;3,8;BR-040/GO;Norte;Atropelamento de ciclista;1;1;0;0;0;0;0;0;0;0;3;0;0;0;0
26/10/2019;04:58:00;45;Acidente com Vítima;16,01;BR-040/GO;Norte;Capotamento;1;0;0;0;0;0;0;0;0;0;0;0;1;0;0
26/10/2019;04:56:00;44;Acidente sem Vítima;13,8;BR-040/GO;Sul;Choque com objeto fixo;1;0;0;0;0;0;0;0;0;0;2;0;0;0;0
26/10/2019;02:44:00;20;Atropelamento sem Morte;22,51;BR-040/GO;Sul;Atropelamento de ciclista;1;1;0;0;0;0;0;0;0;0;1;1;0;0;0
26/10/2019;00:41:00;7;Acidente sem Vítima;0,1;BR-040/DF;Sul;Queda de Carga;0;0;0;1;0;0;0;0;0;0;0;0;0;1;0
25/10/2019;23:30:00;385;Acidente sem Vítima;763,1;BR-040/MG;Norte;Colisão traseira;1;0;1;0;0;0;0;0;0;0;5;0;0;0;0
25/10/2019;22:47:00;379;Acidente com Vítima;559,2;BR-040/MG;Norte;Colisão traseira;1;0;1;0;0;0;0;0;0;0;2;1;0;0;0
25/10/2019;22:39:00;377;Acidente com Vítima;607,1;BR-040/MG;Sul;Colisão traseira;1;0;0;0;0;0;0;0;0;0;4;1;0;0;0
25/10/2019;22:21:00;369;Acidente sem Vítima;727,15;BR-040/MG;Sul;Choque com objeto fixo;1;0;0;0;0;0;0;0;0;0;1;0;0;0;0
25/10/2019;22:06:00;362;Acidente sem Vítima;706,1;BR-040/MG;Norte;Choque com objeto fixo;1;0;0;0;0;0;0;0;0;0;1;0;0;0;0
25/10/2019;20:59:00;347;Acidente sem Vítima;412,15;BR-040/MG;Sul;Atropelamento de animal;1;0;0;0;0;0;0;0;0;0;2;0;0;0;0
25/10/2019;20:01:00;331;Acidente sem Vítima;712,3;BR-040/MG;Sul;Abalroamento longitudinal;1;0;1;0;0;0;0;0;0;0;2;0;0;0;0
25/10/2019;18:47:00;312;Acidente sem Vítima;5,6;BR-040/DF;Sul;Abalroamento longitudinal;1;0;0;1;0;0;0;0;0;0;2;0;0;0;0
25/10/2019;18:23:00;301;Acidente com Vítima;500,8;BR-040/MG;Norte;Colisão traseira;0;0;1;1;0;0;0;0;0;0;1;0;1;0;0
25/10/2019;17:46:00;296;Acidente sem Vítima;614,3;BR-040/MG;Norte;Abalroamento longitudinal;1;0;0;0;0;1;0;0;0;0;2;0;0;0;0
25/10/2019;17:40:00;292;Acidente sem Vítima;750,5;BR-040/MG;Sul;Choque com objeto fixo;1;0;0;0;0;0;0;0;0;0;1;0;0;0;0
25/10/2019;17:35:00;290;Acidente sem Vítima;464,221;BR-040/MG;Sul;Choque com objeto fixo;0;0;1;0;0;0;0;0;0;0;1;0;0;0;0
25/10/2019;17:24:00;286;Acidente sem Vítima;489,12;BR-040/MG;Norte;;1;0;0;0;0;0;0;0;0;0;3;0;0;0;0
25/10/2019;17:05:00;278;Acidente sem Vítima;614,3;BR-040/MG;Sul;Colisão traseira;1;0;1;0;0;0;0;0;0;0;2;0;0;0;0
25/10/2019;16:40:00;274;Acidente sem Vítima;491,156;BR-040/MG;Norte;;1;0;0;0;0;0;0;0;0;0;1;0;0;0;0
25/10/2019;15:36:00;260;Acidente sem Vítima;533,145;BR-040/MG;Norte;Colisão traseira;0;0;1;0;0;0;0;0;0;0;1;0;0;0;0
25/10/2019;15:29:00;256;Acidente sem Vítima;635,379;BR-040/MG;Sul;Abalroamento transversal;1;0;1;0;0;0;0;0;0;0;2;0;0;0;0
25/10/2019;15:09:00;246;Acidente sem Vítima;610,3;BR-040/MG;Sul;Atropelamento de animal;0;0;1;0;0;0;0;0;0;0;1;0;0;0;0
25/10/2019;13:01:00;213;Acidente com Vítima;517,45;BR-040/MG;Sul;Abalroamento transversal;1;0;0;1;0;0;0;0;0;0;1;1;0;0;0
25/10/2019;11:58:00;192;Acidente sem Vítima;523,987;BR-040/MG;Sul;Queda de Carga;0;0;0;1;0;0;0;0;0;0;2;0;0;0;0
25/10/2019;09:46:00;158;Acidente sem Vítima;549,4;BR-040/MG;Norte;Colisão traseira;2;0;0;0;0;0;0;0;0;0;2;0;0;0;0
25/10/2019;07:28:00;116;Acidente sem Vítima;535,231;BR-040/MG;Norte;Abalroamento longitudinal;1;0;1;0;0;0;0;0;0;0;3;0;0;0;0
25/10/2019;07:03:00;108;Acidente com Vítima;167,4;BR-040/MG;Sul;Capotamento;1;0;0;0;0;0;0;0;0;0;1;1;0;0;0
25/10/2019;06:45:00;103;Acidente com Vítima;514,333;BR-040/MG;Sul;Colisão traseira;3;0;0;0;0;0;0;0;0;0;4;0;1;0;0
25/10/2019;03:21:00;85;Acidente sem Vítima;277,6;BR-040/MG;Sul;Queda de Carga;0;0;1;0;0;0;0;0;0;0;1;0;0;0;0
24/10/2019;21:11:00;281;Acidente sem Vítima;535,02;BR-040/MG;Norte;Abalroamento longitudinal;1;0;1;0;0;0;0;0;0;0;2;0;0;0;0
24/10/2019;17:47:00;235;Acidente com Vítima;0,1;BR-040/GO;Sul;Atropelamento de animal;0;0;0;0;0;0;0;0;0;0;0;0;1;1;0
24/10/2019;15:36:00;211;Acidente com Vítima;26,2;BR-040/GO;Norte;Colisão traseira;1;0;0;0;0;0;0;0;0;0;0;3;0;0;0
24/10/2019;10:25:00;161;Acidente sem Vítima;343,7;BR-040/MG;Norte;Colisão traseira;2;0;0;1;0;0;0;0;0;0;3;1;0;0;0
24/10/2019;09:58:00;157;Acidente sem Vítima;731,2;BR-040/MG;Norte;Choque em barreira New Jersey;1;0;0;0;0;0;0;0;0;0;1;0;0;0;0
24/10/2019;09:29:00;150;Acidente sem Vítima;727,1;BR-040/MG;Norte;;1;0;0;0;0;0;0;0;0;0;1;0;0;0;0
24/10/2019;08:05:00;125;Acidente sem Vítima;523,01;BR-040/MG;Sul;Colisão traseira;1;0;0;2;0;0;0;0;0;0;3;0;0;0;0
24/10/2019;07:05:00;111;Acidente sem Vítima;67,8;BR-040/MG;Sul;Abalroamento longitudinal;1;0;1;0;0;0;0;0;0;0;3;0;0;0;0
24/10/2019;00:00:00;1;Acidente sem Vítima;466,6;BR-040/MG;Norte;Choque com objeto fixo;1;0;0;0;0;0;0;0;0;0;1;0;0;0;0
23/10/2019;20:32:00;328;Acidente sem Vítima;539,79;BR-040/MG;Norte;Choque com objeto fixo;1;0;0;0;0;0;0;0;0;0;1;0;0;0;0
23/10/2019;18:35:00;297;Acidente sem Vítima;43,02;BR-040/MG;Sul;Colisão traseira;1;0;0;1;0;0;0;0;0;0;2;0;0;0;0
23/10/2019;17:21:00;270;Acidente sem Vítima;428,8;BR-040/MG;Norte;Queda de Carga;1;0;0;0;0;0;0;0;0;0;1;0;0;0;0
23/10/2019;16:22:00;254;Acidente com Vítima;77,5;BR-040/GO;Norte;Queda de Carga;0;0;1;0;0;0;0;0;0;0;0;0;0;0;0
23/10/2019;16:19:00;252;Acidente sem Vítima;462,12;BR-040/MG;Sul;Choque com objeto fixo;0;0;1;0;0;0;0;0;0;0;1;0;0;0;0
23/10/2019;14:02:00;232;Acidente sem Vítima;541,2;BR-040/MG;Sul;Abalroamento longitudinal;1;0;1;0;0;0;0;0;0;0;2;0;0;0;0
23/10/2019;06:37:00;88;Acidente sem Vítima;735,1;BR-040/MG;Sul;Capotamento;1;0;0;0;0;0;0;0;0;0;1;0;0;0;0
23/10/2019;02:57:00;49;Acidente com Vítima;587,135;BR-040/MG;Sul;Queda de Carga;0;0;1;0;0;0;0;0;0;0;1;1;0;0;0
23/10/2019;01:01:00;21;Acidente com Vítima;1,8;BR-040/GO;Sul;Atropelamento de animal;0;0;0;1;0;0;0;0;0;0;0;1;0;0;0
23/10/2019;00:08:00;1;Acidente com Vítima;710,5;BR-040/MG;Sul;Choque em barreira New Jersey;1;0;0;0;0;0;0;0;0;0;1;1;2;0;0
22/10/2019;21:23:00;331;Acidente com Vítima;142,9;BR-040/MG;Norte;Abalroamento longitudinal;1;0;0;1;0;0;0;0;0;0;1;0;0;0;0
22/10/2019;16:29:00;268;Acidente sem Vítima;542,654;BR-040/MG;Sul;Colisão traseira;2;0;0;0;0;0;0;0;0;0;2;0;0;0;0
22/10/2019;13:47:00;221;Acidente sem Vítima;7,478;BR-040/DF;Norte;;0;0;1;0;0;0;0;0;0;0;1;0;0;0;0
22/10/2019;12:14:00;203;Acidente sem Vítima;520,353;BR-040/MG;Sul;;1;0;0;0;0;0;0;0;0;0;2;0;0;0;0
22/10/2019;11:51:00;197;Acidente sem Vítima;475,574;BR-040/MG;Sul;Colisão traseira;1;0;1;0;0;0;0;0;0;0;2;0;0;0;0
22/10/2019;11:27:00;190;Acidente sem Vítima;536,032;BR-040/MG;Norte;Colisão traseira;1;0;0;0;0;0;0;0;0;0;1;0;0;0;0
22/10/2019;09:43:00;164;Acidente com Vítima;5,28;BR-040/DF;Sul;Colisão traseira;4;0;0;0;0;0;0;0;0;0;5;1;0;0;0
22/10/2019;08:21:00;129;Acidente sem Vítima;116,2;BR-040/MG;Sul;Choque com objeto fixo;0;0;1;0;0;0;0;0;0;0;2;0;0;0;0
21/10/2019;23:44:00;367;Acidente sem Vítima;424,5;BR-040/MG;Norte;Outros;1;0;1;0;0;0;0;0;0;0;2;0;0;0;0
21/10/2019;20:56:00;348;Acidente sem Vítima;534,001;BR-040/MG;Sul;Choque com objeto fixo;1;0;0;0;0;0;0;0;0;0;1;0;0;0;0
21/10/2019;20:20:00;347;Acidente sem Vítima;490,1;BR-040/MG;Sul;Abalroamento longitudinal;1;0;1;0;0;0;0;0;0;0;2;0;0;0;0
21/10/2019;17:35:00;300;Acidente sem Vítima;557,551;BR-040/MG;Sul;Choque com objeto fixo;2;0;0;0;0;0;0;0;0;0;2;0;0;0;0
21/10/2019;15:47:00;267;Acidente sem Vítima;12,45;BR-040/GO;Sul;Capotamento;2;0;0;0;0;0;0;0;0;0;3;0;0;0;0
21/10/2019;15:16:00;258;Acidente com Vítima;434,726;BR-040/MG;Sul;Colisão traseira;1;0;1;0;0;0;0;0;0;0;3;1;1;0;0
21/10/2019;14:33:00;248;Acidente sem Vítima;593,65;BR-040/MG;Norte;Choque com objeto fixo;1;0;0;0;0;0;0;0;0;0;1;0;0;0;0
21/10/2019;12:10:00;212;Acidente sem Vítima;697,45;BR-040/MG;Norte;Choque em barreira New Jersey;0;0;0;0;0;0;0;0;0;0;0;0;0;0;0
21/10/2019;11:55:00;208;Acidente sem Vítima;631,45;BR-040/MG;Sul;Choque com objeto fixo;0;0;0;0;0;1;0;0;0;0;1;0;0;0;0
21/10/2019;11:48:00;203;Acidente sem Vítima;737,9;BR-040/MG;Sul;Choque em defensa;1;0;0;0;0;0;0;0;0;0;1;0;0;0;0
21/10/2019;11:41:00;201;Acidente com Vítima;697,45;BR-040/MG;Sul;Choque em barreira New Jersey;1;0;0;0;0;0;0;0;0;0;0;1;0;0;0
21/10/2019;11:15:00;194;Acidente sem Vítima;738,7;BR-040/MG;Sul;Choque com objeto fixo;2;0;0;0;0;0;0;0;0;0;5;0;0;0;0
21/10/2019;11:07:00;190;Acidente com Vítima;757,612;BR-040/MG;Sul;Colisão frontal;1;0;1;0;0;0;0;0;0;0;1;0;1;1;0
21/10/2019;08:07:00;118;Acidente sem Vítima;538,27;BR-040/MG;Sul;Abalroamento longitudinal;1;0;0;1;0;0;0;0;0;0;2;0;0;0;0
21/10/2019;08:05:00;117;Acidente sem Vítima;539,633;BR-040/MG;Sul;Abalroamento longitudinal;1;0;1;0;0;0;0;0;0;0;2;0;0;0;0
21/10/2019;07:46:00;111;Acidente sem Vítima;541,1;BR-040/MG;Norte;Colisão traseira;2;0;0;0;0;0;0;0;0;0;2;0;0;0;0
21/10/2019;06:54:00;83;Acidente com Vítima;538,273;BR-040/MG;Sul;Colisão traseira;2;0;0;1;0;0;0;0;0;0;2;1;0;0;0
20/10/2019;19:26:00;206;Acidente sem Vítima;5,8;BR-040/GO;Sul;Colisão traseira;2;0;0;0;0;0;0;0;0;0;2;0;0;0;0
20/10/2019;18:55:00;196;Acidente sem Vítima;254,1;BR-040/MG;Sul;Atropelamento de animal;1;0;0;0;0;0;0;0;0;0;1;0;0;0;0
20/10/2019;16:49:00;151;Acidente com Vítima;6,6;BR-040/GO;Norte;Colisão traseira;4;0;0;0;0;0;0;0;0;0;4;0;0;0;0
20/10/2019;16:49:00;152;Acidente sem Vítima;128,1;BR-040/GO;Sul;Atropelamento de animal;1;0;0;0;0;0;0;0;0;0;5;0;0;0;0
20/10/2019;16:38:00;147;Acidente sem Vítima;447,5;BR-040/MG;Norte;Colisão traseira;1;0;1;0;0;0;0;0;0;0;4;0;0;0;0
20/10/2019;16:33:00;146;Acidente com Vítima;731,1;BR-040/MG;Sul;Abalroamento longitudinal;1;0;0;1;0;0;0;0;0;0;1;1;0;0;0
20/10/2019;11:53:00;90;Acidente com Vítima;436;BR-040/MG;Sul;Queda de Moto;0;0;0;1;0;0;0;0;0;0;0;1;0;0;0
20/10/2019;07:56:00;47;Acidente com Vítima;374,25;BR-040/MG;Sul;Capotamento;1;0;0;0;0;0;0;0;0;0;0;3;0;0;0
20/10/2019;07:55:00;46;Acidente sem Vítima;10,8;BR-040/GO;Sul;Outros;2;0;0;0;0;0;0;0;0;0;4;0;0;0;0
20/10/2019;07:04:00;38;Acidente sem Vítima;5,1;BR-040/GO;Sul;Abalroamento transversal;2;0;0;0;0;0;0;0;0;0;4;0;0;0;0
20/10/2019;06:13:00;30;Acidente com Vítima;487,5;BR-040/MG;Norte;Choque com objeto fixo;1;0;0;0;0;0;0;0;0;0;2;1;0;0;0
20/10/2019;05:49:00;29;Acidente com Vítima;461,2;BR-040/MG;Sul;Capotamento;1;0;0;0;0;0;0;0;0;0;0;2;0;0;0
20/10/2019;05:33:00;28;Acidente com Vítima;705,1;BR-040/MG;Sul;Capotamento;1;0;0;0;0;0;0;0;0;0;1;2;0;0;0
20/10/2019;03:41:00;19;Acidente sem Vítima;546,8;BR-040/MG;Sul;Choque com objeto fixo;4;0;0;0;0;0;0;0;0;0;7;0;0;0;0
19/10/2019;20:09:00;257;Acidente sem Vítima;54,6;BR-040/GO;Norte;Capotamento;1;0;0;0;0;0;0;0;0;0;4;0;0;0;0
19/10/2019;19:33:00;248;Acidente sem Vítima;515,77;BR-040/MG;Norte;Abalroamento longitudinal;1;0;1;0;0;0;0;0;0;0;4;0;0;0;0
19/10/2019;18:46:00;235;Acidente com Vítima;553,1;BR-040/MG;Norte;Colisão traseira;1;0;1;0;0;0;0;0;0;0;3;1;0;0;0
19/10/2019;18:25:00;226;Acidente sem Vítima;726,9;BR-040/MG;Sul;Choque em barreira New Jersey;1;0;0;0;0;0;0;0;0;0;1;0;0;0;0
19/10/2019;18:07:00;220;Acidente sem Vítima;509,7;BR-040/MG;Norte;Choque com objeto fixo;1;0;0;0;0;0;0;0;0;0;1;0;0;0;0
19/10/2019;17:59:00;217;Acidente sem Vítima;484,3;BR-040/MG;Norte;Abalroamento longitudinal;2;0;0;0;0;0;0;0;0;0;5;0;0;0;0
19/10/2019;17:56:00;216;Acidente sem Vítima;738,8;BR-040/MG;Sul;Capotamento;1;0;0;0;0;0;0;0;0;0;2;0;0;0;0
19/10/2019;16:28:00;190;Acidente com Vítima;3,1;BR-040/DF;Sul;Capotamento;1;0;0;0;0;0;0;0;0;0;0;1;0;0;0
19/10/2019;16:01:00;184;Acidente com Vítima;544,366;BR-040/MG;Sul;Abalroamento longitudinal;1;0;0;1;0;0;0;0;0;0;1;1;0;0;0
19/10/2019;15:15:00;175;Acidente sem Vítima;144,001;BR-040/MG;Sul;Abalroamento transversal;2;0;0;0;0;0;0;0;0;0;7;0;0;0;0
19/10/2019;13:27:00;148;Acidente com Vítima;394,9;BR-040/MG;Norte;Choque com objeto fixo;1;0;0;0;0;0;0;0;0;0;1;0;1;0;0
19/10/2019;13:21:00;146;Acidente com Vítima;534,603;BR-040/MG;Sul;Queda de Moto;0;0;0;0;0;0;0;0;0;0;0;0;0;0;0
19/10/2019;11:24:00;123;Acidente com Vítima;527,7;BR-040/MG;Norte;Choque em defensa;1;0;0;0;0;0;0;0;0;0;0;0;0;0;0
19/10/2019;11:05:00;119;Acidente com Vítima;635,943;BR-040/MG;Norte;Capotamento;1;0;0;0;0;0;0;0;0;0;0;0;0;0;0
19/10/2019;10:40:00;114;Atropelamento sem Morte;526,5;BR-040/MG;Sul;Atropelamento de pedestre atravessando;1;0;0;0;0;0;0;0;0;0;1;0;1;0;0
19/10/2019;10:04:00;104;Acidente sem Vítima;534,2;BR-040/MG;Sul;Colisão traseira;0;0;0;0;0;0;0;0;0;0;0;0;0;0;0
19/10/2019;07:36:00;59;Acidente com Vítima;642,1;BR-040/MG;Norte;Queda de Carga;0;0;1;1;0;0;0;0;0;0;1;1;0;0;0
19/10/2019;05:38:00;40;Acidente com Vítima;44,1;BR-040/MG;Sul;Queda de Carga;0;1;0;0;0;0;0;0;0;0;0;1;0;0;0
19/10/2019;00:28:00;5;Acidente sem Vítima;555,005;BR-040/MG;Sul;;1;0;0;0;0;0;0;0;0;0;1;0;0;0;0
18/10/2019;23:19:00;457;Atropelamento sem Morte;553,11;BR-040/MG;Sul;;0;0;0;0;0;0;0;0;0;0;0;0;1;0;0
18/10/2019;20:31:00;408;Acidente com Vítima;522,4;BR-040/MG;Norte;Colisão traseira;2;0;0;0;0;0;0;0;0;0;1;1;0;0;0
18/10/2019;19:58:00;397;Acidente sem Vítima;607,15;BR-040/MG;Sul;Colisão traseira;2;0;0;0;0;0;0;0;0;0;3;0;0;0;0
18/10/2019;19:53:00;392;Acidente com Vítima;96,1;BR-040/GO;Sul;Abalroamento transversal;1;0;0;0;0;1;0;0;0;0;0;1;0;0;0