data;horario;n_da_ocorrencia;tipo_de_ocorrencia;km;trecho;sentido;tipo_de_acidente;automovel;bicicleta;caminhao;moto;onibus;outros;tracao_animal;transporte_de_cargas_especiais;trator_maquinas;utilitarios;ilesos;levemente_feridos;moderadamente_feridos;gravemente_feridos;mortos
18/10/2019;18:58:00;376;Acidente sem Vítima;603,382;BR-040/MG;Norte;Abalroamento longitudinal;1;0;0;0;0;1;0;0;0;0;4;0;0;0;0
18/10/2019;18:13:00;361;Acidente sem Vítima;600,3;BR-040/MG;Sul;Colisão traseira;1;0;1;0;0;0;0;0;0;0;2;0;0;0;0
18/10/2019;16:58:00;335;Acidente com Vítima;537,321;BR-040/MG;Norte;Colisão traseira;1;0;0;1;0;0;0;0;0;0;1;0;1;0;0
18/10/2019;16:58:00;336;Acidente sem Vítima;699,894;BR-040/MG;Sul;Abalroamento longitudinal;1;0;1;0;0;0;0;0;0;0;5;0;0;0;0
18/10/2019;16:44:00;329;Acidente sem Vítima;538,4;BR-040/MG;Norte;Colisão traseira;0;0;2;0;0;0;0;0;0;0;2;0;0;0;0
18/10/2019;16:33:00;325;Acidente com Vítima;224,343;BR-040/MG;Norte;Queda de Carga;0;0;1;0;0;0;0;0;0;0;2;1;0;0;0
18/10/2019;16:19:00;323;Atropelamento com Morte;517,242;BR-040/MG;Norte;;1;0;0;0;0;0;0;0;0;0;1;0;0;1;1
18/10/2019;15:28:00;298;Acidente com Vítima;605,721;BR-040/MG;Sul;Choque com objeto fixo;1;0;0;0;0;0;0;0;0;0;2;0;2;0;0
18/10/2019;14:19:00;278;Acidente sem Vítima;530,248;BR-040/MG;Sul;Colisão traseira;3;0;0;0;0;0;0;0;0;0;5;0;0;0;0
18/10/2019;14:13:00;273;Acidente com Vítima;538,11;BR-040/MG;Sul;Colisão traseira;3;0;1;0;0;0;0;0;0;0;5;3;2;0;0
18/10/2019;13:33:00;257;Acidente com Vítima;541,2;BR-040/MG;Sul;Colisão traseira;1;0;0;2;0;0;0;0;0;0;2;0;0;1;0
18/10/2019;13:33:00;258;Acidente com Vítima;7,8;BR-040/GO;Norte;Colisão traseira;2;0;0;0;0;0;0;0;0;0;3;1;0;0;0
18/10/2019;10:36:00;194;Acidente com Vítima;7,2;BR-040/GO;Sul;Queda de Carga;1;0;0;1;0;0;0;0;0;0;2;1;0;0;0
18/10/2019;09:47:00;180;Acidente sem Vítima;3,6;BR-040/DF;Norte;Abalroamento longitudinal;1;0;0;1;0;0;0;0;0;0;2;0;0;0;0
18/10/2019;08:14:00;148;Acidente sem Vítima;719,5;BR-040/MG;Sul;Colisão traseira;2;0;0;0;0;0;0;0;0;0;2;0;0;0;0
18/10/2019;06:25:00;105;Acidente sem Vítima;602,498;BR-040/MG;Sul;Colisão frontal;2;0;1;0;0;0;0;0;0;0;5;0;0;0;0
18/10/2019;06:24:00;106;Acidente com Vítima;359,8;BR-040/MG;Sul;Queda de Carga;0;0;0;1;0;0;0;0;0;0;1;1;0;0;0
17/10/2019;19:51:00;352;Acidente sem Vítima;509,2;BR-040/MG;Sul;;3;0;0;0;0;0;0;0;0;0;3;0;0;0;0
17/10/2019;19:34:00;349;Acidente com Vítima;467,15;BR-040/MG;Sul;Choque com objeto fixo;1;0;0;0;0;0;0;0;0;0;4;1;0;0;0
17/10/2019;18:29:00;336;Acidente sem Vítima;611,1;BR-040/MG;Norte;Colisão traseira;0;0;1;0;0;1;0;0;0;0;2;0;0;0;0
17/10/2019;18:07:00;329;Acidente sem Vítima;496,1;BR-040/MG;Sul;;1;0;0;0;0;0;0;0;0;0;1;0;0;0;0
17/10/2019;16:49:00;311;Acidente com Vítima;7,016;BR-040/GO;Norte;Colisão frontal;1;0;0;1;0;0;0;0;0;0;2;1;0;0;0
17/10/2019;16:25:00;306;Acidente com Vítima;715,326;BR-040/MG;Norte;Queda de Carga;0;0;0;1;0;0;0;0;0;0;0;1;0;0;0
17/10/2019;15:16:00;290;Acidente sem Vítima;117,028;BR-040/GO;Sul;Capotamento;1;0;0;0;0;0;0;0;0;0;1;0;0;0;0
17/10/2019;13:28:00;257;Acidente sem Vítima;521,148;BR-040/MG;Norte;Abalroamento longitudinal;2;0;0;0;0;0;0;0;0;0;5;0;0;0;0
17/10/2019;13:11:00;253;Acidente com Vítima;128,51;BR-040/MG;Norte;Queda de Carga;0;0;1;0;0;0;0;0;0;0;2;1;0;0;0
17/10/2019;12:20:00;236;Acidente sem Vítima;523,656;BR-040/MG;Norte;Choque com objeto fixo;0;0;1;0;0;0;0;0;0;0;1;0;0;0;0
17/10/2019;11:27:00;229;Acidente com Vítima;464,117;BR-040/MG;Norte;Queda de Carga;0;0;1;0;0;0;0;0;0;0;0;1;0;0;0
17/10/2019;09:46:00;192;Acidente com Vítima;709,723;BR-040/MG;Sul;Capotamento;1;0;0;0;0;0;0;0;0;0;3;1;0;0;0
17/10/2019;09:39:00;188;Acidente sem Vítima;542,321;BR-040/MG;Sul;Queda de Carga;0;0;0;1;0;0;0;0;0;0;1;0;0;0;0
17/10/2019;06:31:00;88;Acidente com Vítima;1,2;BR-040/GO;Norte;Abalroamento longitudinal;0;0;0;2;0;0;0;0;0;0;1;1;0;0;0
16/10/2019;23:47:00;327;Acidente sem Vítima;290,6;BR-040/MG;Sul;Choque com objeto fixo;1;0;0;0;0;0;0;0;0;0;1;0;0;0;0
16/10/2019;21:19:00;302;Acidente sem Vítima;93,275;BR-040/GO;Sul;Choque com objeto fixo;0;0;1;0;0;0;0;0;0;0;1;0;0;0;0
16/10/2019;18:53:00;268;Acidente sem Vítima;525,8;BR-040/MG;Sul;Colisão traseira;2;0;0;0;0;0;0;0;0;0;2;0;0;0;0
16/10/2019;18:07:00;249;Acidente sem Vítima;529,37;BR-040/MG;Sul;Abalroamento longitudinal;1;0;0;0;0;1;0;0;0;0;3;0;0;0;0
16/10/2019;10:57:00;156;Acidente sem Vítima;509,466;BR-040/MG;Norte;Colisão traseira;0;0;0;0;0;0;0;0;0;0;0;0;0;0;0
16/10/2019;07:44:00;106;Acidente com Vítima;522,6;BR-040/MG;Sul;Abalroamento longitudinal;1;0;0;1;0;0;0;0;0;0;2;1;0;0;0
16/10/2019;07:11:00;97;Acidente com Vítima;14,001;BR-040/GO;Norte;Choque com objeto fixo;0;0;0;1;0;0;0;0;0;0;1;0;1;0;0
15/10/2019;23:35:00;351;Acidente sem Vítima;245,15;BR-040/MG;Norte;Queda de Carga;0;0;0;1;0;0;0;0;0;0;2;0;0;0;0
15/10/2019;22:54:00;349;Acidente sem Vítima;551,8;BR-040/MG;Norte;Colisão traseira;0;0;2;0;0;0;0;0;0;0;2;0;0;0;0
15/10/2019;21:59:00;343;Acidente com Morte;463,405;BR-040/MG;Norte;Choque em defensa;0;0;1;0;0;0;0;0;0;0;0;0;0;0;2
15/10/2019;21:07:00;334;Atropelamento sem Morte;11,7;BR-040/GO;Sul;Atropelamento de ciclista;0;1;0;1;0;0;0;0;0;0;1;0;1;0;0
15/10/2019;20:57:00;333;Acidente sem Vítima;500,9;BR-040/MG;Norte;Atropelamento de animal;1;0;0;0;0;0;0;0;0;0;1;0;0;0;0
15/10/2019;19:18:00;313;Acidente com Vítima;155,01;BR-040/GO;Norte;Choque com objeto fixo;0;0;0;1;0;0;0;0;0;0;0;1;0;0;0
15/10/2019;19:10:00;309;Acidente com Vítima;649,012;BR-040/MG;Norte;Colisão traseira;1;0;0;1;0;0;0;0;0;0;1;0;1;0;0
15/10/2019;18:20:00;296;Acidente sem Vítima;537,5;BR-040/MG;Norte;Colisão traseira;0;0;1;0;0;1;0;0;0;0;2;0;0;0;0
15/10/2019;17:34:00;281;Acidente sem Vítima;534,2;BR-040/MG;Norte;Choque com objeto fixo;1;0;0;0;0;0;0;0;0;0;1;0;0;0;0
15/10/2019;17:29:00;279;Atropelamento sem Morte;36,1;BR-040/MG;Norte;Atropelamento de ciclista;1;1;0;0;0;0;0;0;0;0;1;1;0;0;0
15/10/2019;16:24:00;262;Acidente sem Vítima;689,1;BR-040/MG;Norte;Abalroamento transversal;2;0;0;0;0;0;0;0;0;0;2;0;0;0;0
15/10/2019;15:57:00;252;Acidente sem Vítima;645,1;BR-040/MG;Norte;Choque com objeto fixo;1;0;0;0;0;1;0;0;0;0;2;0;0;0;0
15/10/2019;15:24:00;246;Acidente sem Vítima;665,1;BR-040/MG;Sul;Choque com objeto fixo;2;0;0;0;0;0;0;0;0;0;2;0;0;0;0
15/10/2019;14:02:00;218;Acidente com Vítima;34,1;BR-040/MG;Sul;Colisão traseira;2;0;0;0;0;0;0;0;0;0;1;3;1;0;0
15/10/2019;13:08:00;204;Acidente sem Vítima;673,1;BR-040/MG;Norte;Choque com objeto fixo;0;0;1;0;0;0;0;0;0;0;1;0;0;0;0
15/10/2019;12:04:00;182;Acidente sem Vítima;508,01;BR-040/MG;Norte;Colisão traseira;2;0;0;0;0;0;0;0;0;1;3;0;0;0;0
15/10/2019;10:36:00;160;Acidente sem Vítima;537,01;BR-040/MG;Sul;Colisão traseira;1;0;0;1;0;0;0;0;0;0;2;0;0;0;0
15/10/2019;10:02:00;145;Acidente sem Vítima;1,5;BR-040/GO;Norte;Colisão traseira;3;0;0;0;0;0;0;0;0;0;3;0;0;0;0
15/10/2019;09:03:00;133;Acidente sem Vítima;588,1;BR-040/MG;Sul;Abalroamento longitudinal;1;0;1;0;0;1;0;0;0;0;3;0;0;0;0
15/10/2019;07:45:00;109;Atropelamento com Morte;520,316;BR-040/MG;Sul;;0;0;1;3;0;0;0;0;0;0;3;0;0;0;1
15/10/2019;06:55:00;97;Acidente com Vítima;543,855;BR-040/MG;Sul;Abalroamento longitudinal;2;0;0;1;0;0;0;0;0;0;2;1;0;0;0
15/10/2019;06:22:00;87;Acidente com Vítima;4,8;BR-040/DF;Norte;Abalroamento transversal;1;0;0;1;0;0;0;0;0;0;2;1;0;0;0
15/10/2019;06:10:00;82;Acidente sem Vítima;195,001;BR-040/MG;Sul;Choque com objeto fixo;0;0;1;0;0;0;0;0;0;0;1;0;0;0;0
15/10/2019;05:50:00;79;Acidente sem Vítima;488,001;BR-040/MG;Sul;Colisão traseira;0;0;1;1;0;0;0;0;0;0;2;0;0;0;0
14/10/2019;20:28:00;352;Acidente sem Vítima;699,1;BR-040/MG;Norte;Atropelamento de animal;0;0;1;0;0;0;0;0;0;0;1;0;0;0;0
14/10/2019;20:03:00;344;Acidente sem Vítima;485,1;BR-040/MG;Sul;Abalroamento longitudinal;1;0;1;0;0;0;0;0;0;0;5;0;0;0;0
14/10/2019;18:23:00;308;Acidente sem Vítima;2,1;BR-040/GO;Sul;Colisão traseira;0;0;1;0;1;0;0;0;0;0;2;0;0;0;0
14/10/2019;18:03:00;299;Acidente sem Vítima;527,3;BR-040/MG;Sul;Queda de Moto;0;0;0;1;0;0;0;0;0;0;1;0;0;0;0
14/10/2019;16:59:00;283;Acidente sem Vítima;9,341;BR-040/GO;Norte;Colisão traseira;1;0;0;1;0;0;0;0;0;0;4;0;0;0;0
14/10/2019;15:39:00;266;Acidente sem Vítima;721,341;BR-040/MG;Sul;Colisão traseira;0;0;2;0;0;0;0;0;0;0;2;0;0;0;0
14/10/2019;15:37:00;265;Acidente com Vítima;722,1;BR-040/MG;Norte;Abalroamento longitudinal;1;0;0;1;0;0;0;0;0;0;1;0;1;0;0
14/10/2019;15:21:00;261;Acidente sem Vítima;607,338;BR-040/MG;Norte;Choque com objeto fixo;1;0;0;0;0;0;0;0;0;0;1;0;0;0;0
14/10/2019;14:48:00;249;Acidente com Vítima;708,1;BR-040/MG;Norte;Abalroamento longitudinal;0;0;1;1;0;0;0;0;0;0;2;0;1;0;0
14/10/2019;14:45:00;248;Acidente sem Vítima;476,188;BR-040/MG;Sul;Abalroamento longitudinal;1;0;1;0;0;0;0;0;0;0;2;1;0;0;0
14/10/2019;14:17:00;236;Acidente com Vítima;563,032;BR-040/MG;Norte;Choque com objeto fixo;1;0;0;0;0;0;0;0;0;0;0;1;0;0;0
14/10/2019;12:55:00;211;Acidente com Vítima;577,67;BR-040/MG;Norte;Abalroamento transversal;1;0;0;1;0;0;0;0;0;0;3;1;0;0;0
14/10/2019;12:08:00;197;Acidente sem Vítima;608,5;BR-040/MG;Sul;Colisão frontal;2;0;0;0;0;0;0;0;0;0;4;0;0;0;0
14/10/2019;11:41:00;187;Acidente sem Vítima;89,45;BR-040/GO;Norte;Abalroamento longitudinal;1;0;0;1;0;0;0;0;0;0;2;0;0;0;0
14/10/2019;11:41:00;188;Acidente sem Vítima;524,95;BR-040/MG;Sul;Abalroamento longitudinal;1;0;1;0;0;0;0;0;0;0;2;0;0;0;0
14/10/2019;10:46:00;172;Acidente sem Vítima;3,25;BR-040/DF;Norte;Choque com objeto fixo;2;0;0;0;0;0;0;0;0;0;2;0;0;0;0
14/10/2019;09:33:00;150;Acidente sem Vítima;538,5;BR-040/MG;Sul;Capotamento;1;0;1;0;0;0;0;0;0;0;3;0;0;0;0
14/10/2019;08:28:00;128;Acidente sem Vítima;418,111;BR-040/MG;Norte;Choque com objeto fixo;0;0;0;1;0;0;0;0;0;0;1;0;0;0;0
14/10/2019;08:22:00;126;Acidente sem Vítima;490,321;BR-040/MG;Sul;Capotamento;1;0;0;0;0;0;0;0;0;0;1;0;0;0;0
14/10/2019;08:14:00;123;Acidente sem Vítima;605,975;BR-040/MG;Norte;Colisão traseira;2;0;0;0;0;0;0;0;0;0;2;0;0;0;0
14/10/2019;07:45:00;108;Acidente com Vítima;5,307;BR-040/DF;Norte;Abalroamento longitudinal;0;0;0;2;0;0;0;0;0;0;1;1;0;0;0
14/10/2019;05:15:00;75;Acidente com Vítima;501,039;BR-040/MG;Sul;Abalroamento longitudinal;1;0;0;0;0;0;0;0;0;0;1;0;1;0;0
13/10/2019;21:43:00;350;Acidente sem Vítima;615,1;BR-040/MG;Norte;Abalroamento longitudinal;1;0;1;0;0;0;0;0;0;0;4;0;0;0;0
13/10/2019;21:01:00;339;Acidente sem Vítima;129,5;BR-040/GO;Norte;Abalroamento longitudinal;1;0;0;0;0;1;0;0;0;0;5;0;0;0;0
13/10/2019;20:00:00;315;Acidente com Vítima;505,5;BR-040/MG;Sul;Abalroamento longitudinal;1;0;0;1;0;0;0;0;0;0;1;0;1;0;0
13/10/2019;19:52:00;313;Acidente com Vítima;636,964;BR-040/MG;Sul;Capotamento;1;0;0;0;0;0;0;0;0;0;0;1;0;0;0
13/10/2019;19:48:00;312;Acidente sem Vítima;6,5;BR-040/GO;Norte;Colisão traseira;2;0;0;0;0;0;0;0;0;0;5;0;0;0;0
13/10/2019;19:01:00;290;Acidente sem Vítima;656,189;BR-040/MG;Norte;Choque com objeto fixo;1;0;0;0;0;0;0;0;0;0;1;0;0;0;0
13/10/2019;18:32:00;279;Acidente com Vítima;588,202;BR-040/MG;Sul;Abalroamento transversal;2;0;0;0;0;0;0;0;0;0;3;6;0;0;0
13/10/2019;18:16:00;272;Acidente com Vítima;67,1;BR-040/GO;Norte;Queda de Moto;1;0;0;0;0;0;0;0;0;0;2;2;0;0;0
13/10/2019;17:31:00;255;Acidente sem Vítima;417,213;BR-040/MG;Sul;Abalroamento longitudinal;2;0;0;0;0;0;0;0;0;0;3;0;0;0;0
13/10/2019;16:19:00;222;Acidente sem Vítima;510,5;BR-040/MG;Sul;Colisão traseira;1;0;0;1;0;0;0;0;0;0;3;0;0;0;0
13/10/2019;14:14:00;180;Acidente sem Vítima;513,633;BR-040/MG;Norte;Choque com objeto fixo;1;0;0;0;0;0;0;0;0;0;2;0;0;0;0
13/10/2019;11:54:00;151;Acidente sem Vítima;0,123;BR-040/GO;Sul;Colisão traseira;0;0;2;0;0;0;0;0;0;0;35;0;0;0;0
13/10/2019;07:42:00;71;Acidente com Vítima;726,443;BR-040/MG;Sul;Choque com objeto fixo;1;0;0;0;0;0;0;0;0;0;2;0;1;0;0
13/10/2019;07:11:00;57;Acidente sem Vítima;275,6;BR-040/MG;Norte;Colisão traseira;1;0;0;1;0;0;0;0;0;0;2;2;0;0;0
13/10/2019;06:11:00;40;Acidente sem Vítima;512,012;BR-040/MG;Norte;Capotamento;1;0;0;0;0;0;0;0;0;0;2;0;0;0;0
13/10/2019;06:00:00;38;Acidente sem Vítima;700,281;BR-040/MG;Sul;Choque com objeto fixo;1;0;0;0;0;0;0;0;0;0;4;0;0;0;0
13/10/2019;04:15:00;30;Acidente sem Vítima;284,43;BR-040/MG;Norte;Colisão traseira;2;0;0;0;0;0;0;0;0;0;10;0;0;0;0
13/10/2019;03:55:00;28;Acidente sem Vítima;690,3;BR-040/MG;Sul;Choque com objeto fixo;1;0;0;0;0;0;0;0;0;0;1;0;0;0;0
12/10/2019;19:13:00;261;Acidente com Vítima;7,8;BR-040/GO;Sul;Queda de Carga;0;0;0;1;0;0;0;0;0;0;1;1;0;0;0
12/10/2019;18:52:00;254;Acidente com Vítima;5,5;BR-040/DF;Norte;Abalroamento longitudinal;1;0;0;1;0;0;0;0;0;0;1;0;1;0;0
12/10/2019;18:42:00;252;Atropelamento sem Morte;509,3;BR-040/MG;Sul;Atropelamento de pedestre atravessando;0;0;0;0;0;1;0;0;0;0;1;0;1;0;0
12/10/2019;18:37:00;250;Acidente com Vítima;509,015;BR-040/MG;Sul;Abalroamento longitudinal;1;0;0;1;0;0;0;0;0;0;3;1;0;0;0
12/10/2019;18:33:00;247;Acidente com Vítima;141,27;BR-040/MG;Norte;Abalroamento transversal;1;0;0;1;0;0;0;0;0;0;1;0;0;0;0
12/10/2019;17:20:00;224;Acidente sem Vítima;520,5;BR-040/MG;Norte;Choque com objeto fixo;1;0;0;0;0;0;0;0;0;0;1;0;0;0;0
12/10/2019;16:56:00;217;Acidente sem Vítima;768,1;BR-040/MG;Sul;Choque em barreira New Jersey;1;0;0;0;0;0;0;0;0;0;1;0;0;0;0
12/10/2019;16:33:00;215;Acidente sem Vítima;509,14;BR-040/MG;Norte;Colisão traseira;3;0;0;0;0;0;0;0;0;0;3;0;0;0;0
12/10/2019;16:11:00;207;Atropelamento sem Morte;4,001;BR-040/GO;Sul;Atropelamento de pedestre caminhando;1;0;1;0;0;0;0;0;0;0;1;0;1;0;0
12/10/2019;16:02:00;204;Acidente sem Vítima;615,1;BR-040/MG;Norte;Colisão traseira;4;0;0;0;0;0;0;0;0;0;4;0;0;0;0
12/10/2019;15:15:00;193;Acidente com Morte;119,3;BR-040/GO;Norte;Choque com objeto fixo;1;0;0;0;0;0;0;0;0;0;0;0;1;0;1
12/10/2019;14:26:00;182;Acidente sem Vítima;29,9;BR-040/GO;Norte;Capotamento;1;0;0;0;0;0;0;0;0;0;1;0;0;0;0
12/10/2019;14:05:00;176;Acidente com Vítima;525,362;BR-040/MG;Sul;Queda de Moto;0;0;0;1;0;0;0;0;0;0;0;1;0;0;0
12/10/2019;11:09:00;128;Acidente com Vítima;544,11;BR-040/MG;Norte;Queda de Carga;0;0;1;0;0;0;0;0;0;0;0;1;0;0;0
12/10/2019;10:40:00;117;Acidente sem Vítima;509,6;BR-040/MG;Norte;Colisão traseira;9;0;0;0;0;0;0;0;0;0;9;0;0;0;0
12/10/2019;10:00:00;107;Acidente sem Vítima;479,54;BR-040/MG;Norte;Colisão traseira;0;0;2;0;0;0;0;0;0;0;2;0;0;0;0
12/10/2019;09:18:00;95;Acidente com Vítima;91,1;BR-040/GO;Sul;Abalroamento transversal;2;0;0;0;0;0;0;0;0;0;2;1;0;0;0
12/10/2019;07:06:00;51;Acidente sem Vítima;727,5;BR-040/MG;Norte;Choque em barreira New Jersey;1;0;0;0;0;0;0;0;0;0;1;0;0;0;0
12/10/2019;04:59:00;32;Acidente sem Vítima;643,1;BR-040/MG;Sul;Choque com objeto fixo;1;0;0;0;0;0;0;0;0;0;4;0;0;0;0
12/10/2019;03:29:00;26;Acidente sem Vítima;552,9;BR-040/MG;Norte;Queda de Carga;1;0;0;0;0;0;0;0;0;0;1;0;0;0;0
12/10/2019;02:37:00;20;Acidente sem Vítima;524,4;BR-040/MG;Norte;Choque com objeto fixo;1;0;0;0;0;0;0;0;0;0;2;0;0;0;0
12/10/2019;01:35:00;14;Acidente sem Vítima;6,1;BR-040/DF;Sul;Abalroamento longitudinal;2;0;0;0;0;0;0;0;0;0;2;0;0;0;0
11/10/2019;22:03:00;392;Atropelamento sem Morte;8,8;BR-040/GO;Norte;Atropelamento de ciclista;1;1;0;0;0;0;0;0;0;0;1;0;1;0;0
11/10/2019;21:00:00;378;Acidente com Vítima;534,4;BR-040/MG;Sul;Abalroamento longitudinal;1;0;0;1;0;0;0;0;0;0;1;0;0;0;0
11/10/2019;20:51:00;375;Atropelamento sem Morte;526,6;BR-040/MG;Norte;Atropelamento em abrigo de ônibus;0;0;0;1;1;0;0;0;0;0;36;1;0;0;0
11/10/2019;20:40:00;372;Acidente sem Vítima;526,6;BR-040/MG;Norte;Abalroamento transversal;1;0;1;0;0;0;0;0;0;0;2;0;0;0;0
11/10/2019;19:38:00;346;Acidente sem Vítima;731,9;BR-040/MG;Sul;Colisão traseira;2;0;1;0;0;0;0;0;0;0;6;0;0;0;0
11/10/2019;18:55:00;336;Acidente sem Vítima;523,3;BR-040/MG;Norte;Colisão traseira;1;0;1;0;0;0;0;0;0;0;2;0;0;0;0
11/10/2019;18:42:00;329;Acidente com Vítima;538,8;BR-040/MG;Norte;Colisão traseira;1;0;0;1;0;0;0;0;0;0;1;1;0;0;0
11/10/2019;18:07:00;318;Atropelamento sem Morte;9,2;BR-040/GO;Sul;Atropelamento de pedestre atravessando;0;0;0;1;0;0;0;0;0;0;1;1;0;1;0
11/10/2019;17:54:00;317;Acidente com Vítima;629,5;BR-040/MG;Norte;Capotamento;2;0;0;0;0;0;0;0;0;0;0;0;0;0;0
11/10/2019;17:52:00;316;Acidente sem Vítima;5,1;BR-040/GO;Norte;Colisão traseira;1;0;0;0;0;0;0;0;0;0;1;0;0;0;0
11/10/2019;16:49:00;298;Acidente sem Vítima;526,59;BR-040/MG;Norte;Colisão traseira;3;0;0;0;0;0;0;0;0;0;3;0;0;0;0
11/10/2019;16:44:00;296;Acidente com Vítima;274,1;BR-040/MG;Sul;Colisão traseira;1;0;0;1;0;0;0;0;0;0;1;0;1;0;0
11/10/2019;15:43:00;272;Acidente sem Vítima;652,1;BR-040/MG;Norte;Atropelamento de animal;1;0;0;0;0;0;0;0;0;0;1;0;0;0;0
11/10/2019;15:42:00;269;Acidente com Vítima;413,5;BR-040/MG;Norte;Abalroamento transversal;2;0;0;0;0;0;0;0;0;0;3;1;0;0;0
11/10/2019;15:36:00;265;Acidente sem Vítima;549,2;BR-040/MG;Sul;Colisão traseira;5;0;0;0;0;0;0;0;0;0;5;0;0;0;0
11/10/2019;13:58:00;242;Acidente com Vítima;18,3;BR-040/GO;Norte;Colisão traseira;2;0;0;0;0;0;0;0;0;0;2;1;0;0;0
11/10/2019;13:47:00;233;Acidente sem Vítima;462,5;BR-040/MG;Norte;Colisão traseira;2;0;0;0;0;0;0;0;0;0;2;0;0;0;0
11/10/2019;12:31:00;214;Acidente com Vítima;509,5;BR-040/MG;Norte;Colisão traseira;1;0;0;1;0;0;0;0;0;0;1;0;1;0;0
11/10/2019;11:52:00;208;Acidente sem Vítima;528,01;BR-040/MG;Sul;Colisão traseira;2;0;0;0;0;0;0;0;0;0;2;0;0;0;0
11/10/2019;11:39:00;206;Acidente sem Vítima;541,252;BR-040/MG;Sul;Colisão traseira;1;0;0;0;0;0;0;0;0;0;1;0;0;0;0
11/10/2019;09:36:00;165;Acidente sem Vítima;720,5;BR-040/MG;Norte;Colisão traseira;0;0;0;2;0;0;0;0;0;0;2;0;0;0;0
11/10/2019;06:26:00;106;Acidente com Morte;411,395;BR-040/MG;Norte;Colisão traseira;1;0;2;0;0;0;0;0;0;0;2;0;0;0;2
11/10/2019;02:12:00;33;Acidente sem Vítima;475,1;BR-040/MG;Sul;Capotamento;1;0;0;0;0;0;0;0;0;0;1;0;0;0;0
10/10/2019;23:18:00;424;Acidente sem Vítima;731,3;BR-040/MG;Sul;Abalroamento longitudinal;0;0;2;0;0;0;0;0;0;0;2;0;0;0;0
10/10/2019;22:24:00;409;Acidente sem Vítima;730,5;BR-040/MG;Sul;Choque com objeto fixo;1;0;0;0;0;0;0;0;0;0;1;0;0;0;0
10/10/2019;22:10:00;407;Acidente com Vítima;566,3;BR-040/MG;Norte;Capotamento;1;0;0;0;0;0;0;0;0;0;0;0;2;0;0
10/10/2019;19:17:00;366;Acidente com Vítima;3,1;BR-040/GO;Sul;Colisão traseira;1;0;0;1;0;0;0;0;0;0;1;0;1;0;0
10/10/2019;18:37:00;357;Acidente sem Vítima;1,5;BR-040/GO;Sul;Colisão traseira;1;0;0;1;0;0;0;0;0;0;2;0;0;0;0
10/10/2019;18:00:00;349;Acidente com Vítima;527,459;BR-040/MG;Norte;Abalroamento longitudinal;1;0;0;1;0;0;0;0;0;0;1;0;1;0;0
10/10/2019;16:12:00;318;Acidente sem Vítima;730,222;BR-040/MG;Sul;Choque em barreira New Jersey;1;0;0;0;0;0;0;0;0;0;1;0;0;0;0
10/10/2019;15:52:00;311;Acidente sem Vítima;735,088;BR-040/MG;Sul;Capotamento;1;0;0;0;0;0;0;0;0;0;1;0;0;0;0
10/10/2019;15:50:00;310;Acidente sem Vítima;544,065;BR-040/MG;Norte;Colisão traseira;1;0;1;0;0;0;0;0;0;0;2;0;0;0;0
10/10/2019;15:39:00;307;Acidente com Vítima;7,9;BR-040/GO;Norte;Abalroamento longitudinal;2;0;0;1;0;0;0;0;0;0;2;0;1;0;0
10/10/2019;14:59:00;297;Acidente sem Vítima;731,9;BR-040/MG;Sul;Choque em barreira New Jersey;1;0;0;0;0;0;0;0;0;0;2;0;0;0;0
10/10/2019;13:55:00;278;Atropelamento sem Morte;8,3;BR-040/GO;Sul;Atropelamento de ciclista;1;1;0;0;0;0;0;0;0;0;1;0;0;1;0
10/10/2019;12:56:00;262;Acidente com Vítima;357,542;BR-040/MG;Sul;Colisão traseira;4;0;0;0;0;0;0;0;0;0;7;1;0;0;0
10/10/2019;08:32:00;166;Acidente sem Vítima;540,323;BR-040/MG;Sul;Colisão traseira;3;0;0;0;0;0;0;0;0;0;3;0;0;0;0
10/10/2019;08:17:00;160;Acidente com Morte;736,04;BR-040/MG;Norte;Colisão frontal;1;0;1;0;0;0;0;0;0;0;1;0;0;0;1
10/10/2019;07:41:00;147;Acidente sem Vítima;7,95;BR-040/GO;Norte;Colisão traseira;2;0;0;0;0;0;0;0;0;0;3;0;0;0;0
10/10/2019;07:31:00;144;Acidente sem Vítima;730,2;BR-040/MG;Norte;Choque em barreira New Jersey;1;0;0;0;0;0;0;0;0;0;2;0;0;0;0
10/10/2019;06:35:00;129;Acidente sem Vítima;1,4;BR-040/GO;Sul;Colisão traseira;2;0;0;0;0;0;0;0;0;0;8;0;0;0;0
10/10/2019;06:17:00;124;Acidente sem Vítima;717,631;BR-040/MG;Norte;Choque com objeto fixo;1;0;0;0;0;0;0;0;0;0;1;0;0;0;0
10/10/2019;05:54:00;119;Acidente com Vítima;58,383;BR-040/MG;Norte;Choque com objeto fixo;0;0;1;0;0;0;0;0;0;0;1;0;0;0;0
10/10/2019;04:26:00;105;Acidente com Vítima;521,5;BR-040/MG;Norte;Queda de Carga;0;0;0;1;0;0;0;0;0;0;0;1;0;0;0