data;horario;n_da_ocorrencia;tipo_de_ocorrencia;km;trecho;sentido;tipo_de_acidente;automovel;bicicleta;caminhao;moto;onibus;outros;tracao_animal;transporte_de_cargas_especiais;trator_maquinas;utilitarios;ilesos;levemente_feridos;moderadamente_feridos;gravemente_feridos;mortos
10/10/2019;01:58:00;95;Acidente sem Vítima;139,502;BR-040/MG;Norte;Atropelamento de animal;0;0;1;0;0;0;0;0;0;0;1;0;0;0;0
09/10/2019;21:55:00;354;Acidente sem Vítima;0,5;BR-040/GO;Sul;Colisão traseira;2;0;1;0;0;0;0;0;0;0;6;0;0;0;0
09/10/2019;21:37:00;346;Acidente com Vítima;450,1;BR-040/MG;Sul;Atropelamento de animal;1;0;0;0;0;0;0;0;0;0;1;1;0;0;0
09/10/2019;18:34:00;305;Acidente sem Vítima;5,2;BR-040/GO;Sul;Abalroamento longitudinal;1;0;0;1;0;0;0;0;0;0;2;0;0;0;0
09/10/2019;11:54:00;184;Acidente sem Vítima;487,38;BR-040/MG;Norte;Colisão traseira;2;0;0;0;0;0;0;0;0;0;2;0;0;0;0
09/10/2019;11:48:00;182;Acidente sem Vítima;509,65;BR-040/MG;Sul;Colisão traseira;1;0;1;0;0;0;0;0;0;0;2;0;0;0;0
09/10/2019;10:25:00;153;Acidente sem Vítima;1,6;BR-040/DF;Sul;Colisão traseira;1;0;0;1;0;0;0;0;0;0;2;0;0;0;0
09/10/2019;07:58:00;107;Acidente sem Vítima;727,331;BR-040/MG;Sul;Queda de Carga;1;0;0;0;0;0;0;0;0;0;1;0;0;0;0
09/10/2019;07:23:00;95;Acidente sem Vítima;738,601;BR-040/MG;Sul;Choque em defensa;1;0;0;0;0;0;0;0;0;0;2;0;0;0;0
09/10/2019;07:03:00;82;Acidente com Vítima;413,2;BR-040/MG;Norte;Queda de Carga;1;0;0;0;0;0;0;0;0;0;0;1;0;0;0
09/10/2019;05:55:00;72;Acidente com Vítima;3,333;BR-040/GO;Norte;Queda de Carga;1;0;0;1;0;0;0;0;0;0;2;0;1;0;0
09/10/2019;01:48:00;61;Acidente sem Vítima;547,5;BR-040/MG;Sul;Colisão traseira;1;0;1;0;0;0;0;0;0;0;2;0;0;0;0
08/10/2019;23:54:00;376;Acidente com Vítima;3,1;BR-040/DF;Norte;Queda de Carga;0;0;0;1;0;0;0;0;0;0;0;0;0;0;0
08/10/2019;19:15:00;322;Acidente sem Vítima;506,6;BR-040/MG;Norte;Colisão traseira;1;0;0;1;0;0;0;0;0;0;3;0;0;0;0
08/10/2019;18:33:00;305;Acidente com Vítima;654,1;BR-040/MG;Sul;Colisão traseira;1;0;1;0;0;0;0;0;0;0;1;0;2;0;0
08/10/2019;17:36:00;282;Acidente com Vítima;539,2;BR-040/MG;Sul;Choque em barreira New Jersey;1;0;0;0;0;0;0;0;0;0;0;0;1;0;0
08/10/2019;17:26:00;278;Acidente sem Vítima;705,1;BR-040/MG;Norte;Choque com objeto fixo;1;0;0;0;0;0;0;0;0;0;1;0;0;0;0
08/10/2019;17:10:00;272;Acidente com Vítima;587,74;BR-040/MG;Norte;Choque com objeto fixo;0;0;1;0;0;0;0;0;0;0;0;1;0;0;0
08/10/2019;16:44:00;258;Acidente sem Vítima;637,65;BR-040/MG;Norte;Colisão traseira;2;0;0;0;0;0;0;0;0;0;2;0;0;0;0
08/10/2019;15:31:00;238;Acidente sem Vítima;602,3;BR-040/MG;Norte;Abalroamento transversal;1;0;1;0;0;0;0;0;0;0;2;0;0;0;0
08/10/2019;14:12:00;222;Acidente sem Vítima;603,4;BR-040/MG;Norte;Abalroamento longitudinal;1;0;1;0;0;0;0;0;0;0;2;0;0;0;0
08/10/2019;13:18:00;212;Acidente com Vítima;23,3;BR-040/GO;Sul;Capotamento;1;0;0;0;0;0;0;0;0;0;1;1;0;0;0
08/10/2019;08:28:00;133;Acidente com Vítima;6,5;BR-040/DF;Norte;Abalroamento longitudinal;1;0;1;1;0;0;0;0;0;0;2;0;1;0;0
08/10/2019;05:17:00;83;Acidente com Morte;481,82;BR-040/MG;Norte;Capotamento;1;0;0;0;0;0;0;0;0;0;0;0;1;0;1
07/10/2019;23:38:00;368;Acidente com Vítima;549,11;BR-040/MG;Sul;Atropelamento de animal;0;0;0;1;0;0;0;0;0;0;0;0;1;0;0
07/10/2019;17:44:00;308;Acidente com Vítima;517,213;BR-040/MG;Norte;Abalroamento longitudinal;1;0;0;1;0;0;0;0;0;0;2;1;0;0;0
07/10/2019;16:27:00;293;Acidente com Vítima;756,025;BR-040/MG;Norte;Choque com objeto fixo;1;0;0;0;0;0;0;0;0;0;2;1;0;0;0
07/10/2019;16:11:00;287;Acidente sem Vítima;132,5;BR-040/MG;Sul;Abalroamento longitudinal;1;0;1;0;0;0;0;0;0;0;2;0;0;0;0
07/10/2019;15:14:00;268;Acidente com Vítima;706,8;BR-040/MG;Sul;Capotamento;1;0;0;0;0;0;0;0;0;0;0;0;2;0;0
07/10/2019;14:03:00;247;Acidente sem Vítima;545,2;BR-040/MG;Norte;Choque em barreira New Jersey;1;0;0;1;0;0;0;0;0;0;1;0;0;0;0
07/10/2019;13:53:00;243;Acidente sem Vítima;525,52;BR-040/MG;Norte;Outros;1;0;1;0;0;0;0;0;0;0;2;0;0;0;0
07/10/2019;13:21:00;232;Acidente sem Vítima;7,5;BR-040/DF;Norte;Capotamento;1;0;0;0;0;0;0;0;0;0;1;0;0;0;0
07/10/2019;09:14:00;143;Acidente com Vítima;513,2;BR-040/MG;Norte;Queda de Moto;0;0;0;1;0;0;0;0;0;0;1;1;0;0;0
07/10/2019;06:42:00;88;Acidente com Vítima;543,1;BR-040/MG;Sul;Abalroamento longitudinal;1;0;0;1;0;0;0;0;0;0;1;1;0;0;0
07/10/2019;06:38:00;86;Acidente com Vítima;541,2;BR-040/MG;Sul;Abalroamento longitudinal;1;0;0;1;0;0;0;0;0;0;1;1;0;0;0
07/10/2019;06:08:00;84;Acidente com Vítima;1,9;BR-040/GO;Sul;Abalroamento transversal;1;0;0;1;0;0;0;0;0;0;1;0;1;0;0
07/10/2019;04:44:00;78;Acidente com Vítima;768,7;BR-040/MG;Norte;Choque com objeto fixo;1;0;0;0;0;0;0;0;0;0;0;1;0;0;0
06/10/2019;23:44:00;288;Acidente sem Vítima;371,6;BR-040/MG;Sul;Choque com objeto fixo;1;0;0;0;0;0;0;0;0;0;1;0;0;0;0
06/10/2019;22:39:00;281;Acidente com Vítima;649,1;BR-040/MG;Norte;Abalroamento transversal;1;0;0;1;0;0;0;0;0;0;1;0;1;0;0
06/10/2019;18:19:00;222;Acidente com Vítima;485,005;BR-040/MG;Sul;Abalroamento transversal;3;0;0;0;0;0;0;0;0;0;11;1;0;0;0
06/10/2019;16:57:00;190;Acidente sem Vítima;502,744;BR-040/MG;Sul;Queda de Carga;0;0;0;1;0;0;0;0;0;0;2;0;0;0;0
06/10/2019;16:38:00;184;Acidente com Vítima;563,12;BR-040/MG;Norte;Queda de Carga;1;0;0;0;0;0;0;0;0;0;0;0;1;0;0
06/10/2019;16:25:00;180;Acidente com Vítima;82,5;BR-040/MG;Norte;Choque com objeto fixo;1;0;0;0;0;0;0;0;0;0;0;1;0;0;0
06/10/2019;15:53:00;169;Acidente com Vítima;555,175;BR-040/MG;Sul;Queda de Moto;1;0;0;0;0;0;0;0;0;0;0;0;1;0;0
06/10/2019;15:18:00;154;Acidente sem Vítima;25,05;BR-040/GO;Sul;Choque com objeto fixo;1;0;0;0;0;0;0;0;0;0;1;0;0;0;0
06/10/2019;11:44:00;114;Acidente sem Vítima;213,8;BR-040/MG;Sul;Choque com objeto fixo;2;0;0;0;0;0;0;0;0;0;3;0;0;0;0
06/10/2019;08:38:00;68;Acidente sem Vítima;524,8;BR-040/MG;Norte;Capotamento;0;0;0;0;0;0;0;0;0;0;0;0;0;0;0
06/10/2019;06:28:00;37;Acidente sem Vítima;549,286;BR-040/MG;Sul;Capotamento;1;0;0;0;0;0;0;0;0;0;1;0;0;0;0
06/10/2019;06:19:00;35;Acidente sem Vítima;442,773;BR-040/MG;Norte;Capotamento;1;0;0;0;0;0;0;0;0;0;3;0;0;0;0
05/10/2019;19:32:00;268;Atropelamento sem Morte;12,5;BR-040/GO;Norte;Atropelamento de pedestre caminhando;1;0;0;0;0;0;0;0;0;0;2;0;1;0;0
05/10/2019;19:25:00;265;Acidente com Vítima;611,1;BR-040/MG;Norte;Queda de Carga;0;0;0;1;0;0;0;0;0;0;0;0;0;0;0
05/10/2019;18:00:00;248;Acidente com Vítima;378,4;BR-040/MG;Sul;Queda de Carga;0;0;1;1;0;0;0;0;0;0;1;0;1;0;0
05/10/2019;14:12:00;181;Acidente sem Vítima;520,5;BR-040/MG;Norte;Queda de Carga;0;1;0;1;0;0;0;0;0;0;2;0;0;0;0
05/10/2019;12:24:00;149;Atropelamento com Morte;696,8;BR-040/MG;Sul;Atropelamento de ciclista;1;1;0;0;0;0;0;0;0;0;2;0;0;0;1
05/10/2019;10:04:00;113;Acidente com Vítima;0,377;BR-040/GO;Sul;Abalroamento longitudinal;1;0;0;1;0;0;0;0;0;0;2;1;0;0;0
05/10/2019;09:38:00;103;Acidente sem Vítima;621,316;BR-040/MG;Sul;Colisão traseira;3;0;0;0;0;0;0;0;0;0;3;0;0;0;0
05/10/2019;09:29:00;101;Acidente sem Vítima;543,543;BR-040/MG;Sul;Queda de Carga;0;1;0;1;0;0;0;0;0;0;2;0;0;0;0
05/10/2019;03:41:00;31;Acidente sem Vítima;524,2;BR-040/MG;Norte;Choque com objeto fixo;1;0;0;0;0;0;0;0;0;0;1;0;0;0;0
05/10/2019;01:39:00;16;Acidente sem Vítima;4,5;BR-040/GO;Sul;Abalroamento longitudinal;2;0;0;0;0;0;0;0;0;0;2;0;0;0;0
04/10/2019;21:43:00;351;Atropelamento com Morte;275,98;BR-040/MG;Norte;Atropelamento de pedestre atravessando;1;0;0;0;0;0;0;0;0;0;1;0;0;0;1
04/10/2019;20:56:00;341;Acidente com Vítima;1,8;BR-040/GO;Sul;Abalroamento longitudinal;1;0;0;1;0;0;0;0;0;0;1;1;0;0;0
04/10/2019;20:51:00;340;Acidente com Vítima;748,8;BR-040/MG;Sul;Queda de Carga;0;0;1;0;0;0;0;0;0;0;0;1;0;0;0
04/10/2019;17:56:00;286;Acidente sem Vítima;544,35;BR-040/MG;Norte;Colisão traseira;1;0;0;0;0;3;0;0;0;0;4;0;0;0;0
04/10/2019;15:52:00;251;Acidente com Vítima;0,1;BR-040/DF;Sul;Queda de Carga;1;0;0;1;0;0;0;0;0;0;1;1;0;0;0
04/10/2019;15:35:00;245;Acidente sem Vítima;669,5;BR-040/MG;Norte;Colisão traseira;2;0;0;0;0;0;0;0;0;0;2;0;0;0;0
04/10/2019;14:55:00;232;Acidente com Vítima;668,3;BR-040/MG;Sul;Abalroamento longitudinal;2;0;0;0;0;0;0;0;0;0;2;1;0;0;0
04/10/2019;14:07:00;214;Acidente com Vítima;533,2;BR-040/MG;Sul;Colisão traseira;1;1;0;0;0;0;0;0;0;0;1;1;0;0;0
04/10/2019;10:44:00;172;Acidente com Vítima;617,322;BR-040/MG;Sul;Colisão traseira;1;0;0;1;0;0;0;0;0;0;1;0;1;0;0
04/10/2019;08:30:00;144;Acidente sem Vítima;2,1;BR-040/DF;Norte;Choque com objeto fixo;1;0;0;0;0;0;0;0;0;0;1;0;0;0;0
04/10/2019;08:22:00;139;Acidente sem Vítima;536,2;BR-040/MG;Norte;Colisão traseira;3;0;0;0;0;0;0;0;0;0;4;0;0;0;0
04/10/2019;06:32:00;107;Atropelamento sem Morte;532,4;BR-040/MG;Sul;Atropelamento de pedestre atravessando;0;0;0;1;0;0;0;0;0;0;1;1;0;0;0
04/10/2019;06:00:00;96;Acidente com Vítima;550,417;BR-040/MG;Norte;Outros;2;0;0;0;1;0;0;0;0;0;10;1;0;0;0
04/10/2019;01:19:00;26;Acidente com Vítima;669,803;BR-040/MG;Norte;Abalroamento longitudinal;0;0;2;0;0;0;0;0;0;0;0;2;0;0;0
04/10/2019;00:16:00;1;Acidente com Vítima;522,325;BR-040/MG;Norte;Colisão frontal;2;0;0;0;0;0;0;0;0;0;0;0;7;1;0
03/10/2019;23:56:00;378;Acidente sem Vítima;12,3;BR-040/GO;Sul;Choque em barreira New Jersey;1;0;0;0;0;0;0;0;0;0;1;0;0;0;0
03/10/2019;18:58:00;316;Acidente com Vítima;715,5;BR-040/MG;Norte;Abalroamento longitudinal;1;0;0;1;0;0;0;0;0;0;1;2;0;0;0
03/10/2019;17:20:00;292;Acidente com Vítima;10,965;BR-040/GO;Sul;Abalroamento transversal;0;0;0;2;0;0;0;0;0;0;1;0;1;0;0
03/10/2019;07:29:00;128;Atropelamento sem Morte;6,6;BR-040/DF;Norte;Atropelamento de ciclista;0;1;0;1;0;0;0;0;0;0;1;0;0;0;0
03/10/2019;07:17:00;123;Acidente com Vítima;19,1;BR-040/GO;Sul;Capotamento;1;0;0;0;0;0;0;0;0;0;2;0;0;0;0
03/10/2019;04:23:00;101;Acidente sem Vítima;598,1;BR-040/MG;Norte;Colisão traseira;0;0;1;0;0;1;0;0;0;0;2;0;0;0;0
03/10/2019;02:36:00;34;Acidente sem Vítima;93,693;BR-040/MG;Sul;Atropelamento de animal;0;0;0;0;1;0;0;0;0;0;28;0;0;0;0
03/10/2019;00:26:00;3;Acidente sem Vítima;101,102;BR-040/GO;Sul;Atropelamento de animal;1;0;0;0;0;0;0;0;0;0;1;0;0;0;0
02/10/2019;20:17:00;354;Acidente sem Vítima;545,1;BR-040/MG;Sul;Abalroamento longitudinal;0;0;2;0;0;0;0;0;0;0;2;0;0;0;0
02/10/2019;18:48:00;332;Atropelamento sem Morte;192,1;BR-040/MG;Sul;Atropelamento de pedestre atravessando;0;0;1;0;0;0;0;0;0;0;1;0;1;0;0
02/10/2019;16:13:00;297;Acidente sem Vítima;0,5;BR-040/GO;Sul;Abalroamento longitudinal;1;0;1;0;0;0;0;0;0;0;3;0;0;0;0
02/10/2019;14:06:00;248;Acidente sem Vítima;3,028;BR-040/GO;Sul;Choque com objeto fixo;0;0;1;0;0;0;0;0;0;0;1;0;0;0;0
02/10/2019;08:09:00;130;Acidente sem Vítima;1,5;BR-040/GO;Sul;Colisão traseira;1;0;0;2;0;0;0;0;0;0;3;0;0;0;0
02/10/2019;07:52:00;120;Acidente sem Vítima;43,5;BR-040/MG;Sul;Queda de Carga;0;0;0;1;0;0;0;0;0;0;2;0;0;0;0
02/10/2019;07:32:00;117;Acidente sem Vítima;18,95;BR-040/GO;Sul;Queda de Carga;0;0;0;2;0;0;0;0;0;0;2;0;0;0;0
02/10/2019;06:40:00;99;Acidente com Vítima;541,1;BR-040/MG;Sul;Colisão traseira;1;0;0;1;0;0;0;0;0;0;1;1;0;0;0
02/10/2019;01:04:00;12;Acidente sem Vítima;81,01;BR-040/GO;Norte;Atropelamento de animal;0;0;0;0;0;1;0;0;0;0;1;0;0;0;0
01/10/2019;20:23:00;306;Acidente sem Vítima;4,2;BR-040/GO;Sul;Colisão traseira;1;0;0;1;0;0;0;0;0;0;2;0;0;0;0
01/10/2019;19:02:00;287;Acidente com Vítima;486,1;BR-040/MG;Sul;Colisão traseira;1;0;1;0;0;0;0;0;0;0;1;0;0;1;0
01/10/2019;18:42:00;279;Acidente com Vítima;539,5;BR-040/MG;Sul;Abalroamento longitudinal;0;0;0;2;0;0;0;0;0;0;3;1;0;0;0
01/10/2019;18:35:00;277;Acidente sem Vítima;643,01;BR-040/MG;Sul;Choque em barreira New Jersey;1;0;0;0;0;0;0;0;0;0;2;0;0;0;0
01/10/2019;17:45:00;273;Acidente sem Vítima;538,7;BR-040/MG;Norte;Colisão traseira;1;0;1;0;0;0;0;0;0;0;2;0;0;0;0
01/10/2019;16:46:00;259;Acidente sem Vítima;8,01;BR-040/DF;Norte;Colisão traseira;2;0;0;0;0;0;0;0;0;0;4;0;0;0;0
01/10/2019;16:36:00;256;Acidente com Vítima;7,481;BR-040/DF;Norte;Colisão traseira;3;0;0;0;0;0;0;0;0;0;4;1;0;0;0
01/10/2019;09:36:00;137;Acidente sem Vítima;533,1;BR-040/MG;Sul;Colisão traseira;1;0;0;1;0;0;0;0;0;0;2;0;0;0;0
01/10/2019;09:28:00;135;Acidente sem Vítima;535,45;BR-040/MG;Sul;Abalroamento longitudinal;1;0;1;0;0;0;0;0;0;0;2;0;0;0;0
01/10/2019;09:07:00;123;Acidente sem Vítima;533,4;BR-040/MG;Sul;Colisão traseira;1;0;0;1;0;0;0;0;0;0;2;0;0;0;0
01/10/2019;07:30:00;95;Acidente com Vítima;2,165;BR-040/GO;Sul;Colisão traseira;1;0;0;0;1;0;0;0;0;0;2;1;0;0;0
01/10/2019;07:28:00;94;Acidente sem Vítima;535,122;BR-040/MG;Sul;Abalroamento longitudinal;1;0;1;0;0;0;0;0;0;0;2;0;0;0;0
01/10/2019;07:18:00;90;Atropelamento sem Morte;539,1;BR-040/MG;Sul;Atropelamento de ciclista;1;1;0;0;0;0;0;0;0;0;2;0;0;0;0
01/10/2019;06:42:00;76;Acidente sem Vítima;538,1;BR-040/MG;Sul;Colisão traseira;0;0;1;1;0;0;0;0;0;0;2;0;0;0;0
01/11/2019;01:32:00;55;Acidente sem Vítimas;2,3;BR-040/GO;Sul;Colisão Lateral;1;0;0;0;0;1;0;0;0;0;2;0;0;0;0
01/11/2019;06:53:00;100;Acidente com Vítimas;6,1;BR-040/DF;Norte;Atropelamento de Andarilho;1;0;0;0;0;1;0;0;0;0;1;1;0;0;0
01/11/2019;06:56:00;101;Acidente sem Vítimas;600,1;BR-040/MG;Norte;Colisão traseira;0;0;2;0;1;0;0;0;0;0;3;0;0;0;0
01/11/2019;07:20:00;103;Acidente com Vítimas;524,9;BR-040/MG;Sul;Colisão lateral;0;0;0;1;0;1;0;0;0;0;1;0;1;0;0
01/11/2019;11:03:00;148;Acidente com Vítimas;555,4;BR-040/MG;Sul;Tombamento;0;0;0;0;0;1;0;0;0;0;1;0;0;0;0
01/11/2019;11:21:00;152;Acidente com Vítimas;729,6;BR-040/MG;Norte;Colisão lateral;3;0;0;0;0;0;0;0;0;0;4;4;0;0;0
01/11/2019;11:52:00;158;Acidente sem Vítimas;729,2;BR-040/MG;Sul;Choque c/ Objeto Fixo;1;0;0;0;0;0;0;0;0;0;1;0;0;0;0
01/11/2019;12:22:00;164;Acidente com Vítimas;545,5;BR-040/MG;Norte;Tombamento de Moto;0;0;0;1;0;0;0;0;0;0;0;1;0;0;0
01/11/2019;12:27:00;169;Acidente com Vítimas;381,2;BR-040/MG;Norte;Tombamento de Moto;0;0;0;1;0;0;0;0;0;0;0;1;0;0;0
01/11/2019;14:16:00;186;Acidente sem Vítimas;572,1;BR-040/MG;Norte;Queda Veículo;1;0;0;0;0;0;0;0;0;0;1;0;0;0;0
01/11/2019;14:47:00;192;Acidente sem Vítimas;3,9;BR-040/GO;Norte;Colisão traseira;2;0;0;0;0;1;0;0;0;0;3;0;0;0;0
01/11/2019;15:46:00;205;Acidente com Vítimas;246,1;BR-040/MG;Sul;Choque com objeto;0;0;0;0;0;1;0;0;0;0;2;1;0;0;0
01/11/2019;16:14:00;217;Acidente sem Vítimas;526,12;BR-040/MG;Norte;Colisão traseira;3;0;0;0;0;1;0;0;0;0;1;0;0;0;0
01/11/2019;17:24:00;231;Acidente sem Vítimas;224,4;BR-040/MG;Sul;Tombamento;0;0;0;1;0;0;0;0;0;0;1;0;0;0;0
01/11/2019;17:43:00;239;Acidente sem Vítimas;119,1;BR-040/MG;Norte;Colisão traseira;2;0;0;0;0;0;0;0;0;0;6;0;0;0;0
01/11/2019;18:04:00;242;Acidente sem Vítimas;413,3;BR-040/MG;Sul;Colisão traseira;2;0;0;0;0;0;0;0;0;0;5;0;0;0;0
01/11/2019;18:53:00;259;Acidente sem Vítimas;11,1;BR-040/GO;Sul;Tombamento de Moto;1;0;0;1;0;0;0;0;0;0;1;0;0;0;0
01/11/2019;19:15:00;264;Acidente com Vítimas;93,1;BR-040/MG;Sul;Colisão frontal;2;0;0;0;0;0;0;0;0;0;2;1;1;0;0
01/11/2019;21:06:00;288;Acidente Fatal;21,27;BR-040/GO;Norte;Atropelamento de Ciclista;1;0;0;0;0;1;0;0;0;0;4;0;0;0;1
01/11/2019;22:22:00;305;Acidente com Vítimas;5,6;BR-040/GO;Sul;Colisão lateral;1;0;0;1;0;1;0;0;0;0;2;0;2;0;0
01/11/2019;22:32:00;304;Acidente com Vítimas;526,6;BR-040/MG;Norte;Tombamento de Moto;0;0;0;0;0;1;0;0;0;0;1;1;0;0;0
01/11/2019;23:06:00;314;Acidente sem Vítimas;511,1;BR-040/MG;Sul;Choque c/ Objeto Fixo;0;0;1;0;0;1;0;0;0;0;1;0;0;0;0
01/11/2019;23:14:00;313;Acidente sem Vítimas;653,3;BR-040/MG;Norte;Atropelamento de Animal;1;1;0;0;0;1;0;0;0;0;5;0;0;0;0
02/11/2019;01:47:00;11;Acidente sem Vítimas;510,1;BR-040/MG;Norte;Colisão lateral;1;0;0;1;0;0;0;0;0;0;1;0;0;0;0
02/11/2019;03:06:00;16;Acidente sem Vítimas;607,204;BR-040/MG;Sul;Colisão lateral;2;0;0;0;0;0;0;0;0;0;3;0;0;0;0
02/11/2019;05:59:00;24;Acidente com Vítimas;547,321;BR-040/MG;Sul;Queda de Viaduto;1;0;0;0;0;0;0;0;0;0;0;1;0;0;0
02/11/2019;11:24:00;94;Acidente sem Vítimas;546,313;BR-040/MG;Sul;Colisão lateral;1;0;0;0;1;0;0;0;0;0;3;0;0;0;0
02/11/2019;16:06:00;142;Acidente com Vítimas;288,6;BR-040/MG;Sul;Capotamento;2;0;0;0;0;2;0;0;0;0;0;1;1;0;0
03/11/2019;04:20:00;905;Acidente sem Vítimas;542,1;BR-040/MG;Norte;Choque / objeto não identificado;1;0;0;0;0;0;0;0;0;0;1;0;0;0;0
03/11/2019;16:57:00;9115;Acidente Fatal;41,23;BR-040/GO;Sul;Colisão frontal;2;0;0;0;0;0;0;0;0;0;0;0;0;3;2
03/11/2019;19:00:00;9137;Acidente sem Vítimas;696,1;BR-040/MG;Norte;Tombamento;0;0;0;0;0;1;0;0;0;0;1;0;0;0;0
03/11/2019;21:58:00;9161;Acidente com Vítimas;530,1;BR-040/MG;Norte;Tombamento;0;0;0;1;0;0;0;0;0;0;1;0;0;0;0
04/11/2019;12:29:00;7;Acidente sem Vítimas;46,1;BR-040/GO;Sul;Atropelamento de Animal;1;0;0;0;0;0;0;0;0;0;1;0;0;0;0
04/11/2019;12:59:00;12;Acidente com Vítimas;514,4;BR-040/MG;Sul;Engavetamento;3;0;0;0;0;0;0;0;0;0;3;0;1;0;0
04/11/2019;18:44:00;69;Acidente com Vítimas;520,135;BR-040/MG;Norte;Atropelamento de Pedestre;0;0;0;0;0;2;0;0;0;0;0;0;1;1;0
04/11/2019;21:23:00;108;Acidente sem Vítimas;515,3;BR-040/MG;Sul;Choque c/ Objeto Fixo;1;0;0;0;0;1;0;0;0;0;1;0;0;0;0
04/11/2019;21:36:00;115;Acidente com Vítimas;7,7;BR-040/GO;Sul;Atropelamento de Animal;0;0;0;1;0;0;0;0;0;0;0;0;1;0;0
05/11/2019;03:02:00;74;Acidente sem Vítimas;92,3;BR-040/MG;Sul;Atropelamento de Animal;0;0;0;0;1;0;0;0;0;0;1;0;0;0;0
05/11/2019;07:50:00;116;Acidente com Vítimas;4,478;BR-040/DF;Sul;Colisão lateral;1;0;0;1;0;0;0;0;0;0;1;0;0;0;0
05/11/2019;07:52:00;118;Acidente com Vítimas;521,15;BR-040/MG;Sul;Queda Veículo;0;0;0;1;0;0;0;0;0;0;0;1;0;0;0
05/11/2019;08:10:00;123;Acidente sem Vítimas;529,11;BR-040/MG;Sul;Colisão lateral;1;0;0;0;0;0;0;0;0;0;2;0;0;0;0
05/11/2019;14:59:00;220;Acidente sem Vítimas;141,8;BR-040/MG;Norte;Colisão traseira;1;0;0;0;0;0;0;0;0;0;1;0;0;0;0
05/11/2019;16:36:00;243;Acidente com Vítimas;631,1;BR-040/MG;Sul;Colisão transversal;1;0;0;1;0;0;0;0;0;0;1;0;0;0;0
05/11/2019;17:24:00;250;Acidente com Vítimas;523,2;BR-040/MG;Sul;Tombamento de Moto;0;0;0;1;0;1;0;0;0;0;0;0;1;0;0
05/11/2019;23:28:00;318;Acidente sem Vítimas;444,4;BR-040/MG;Sul;Tombamento;0;0;2;0;0;0;0;0;0;0;1;0;0;0;0
06/11/2019;00:10:00;4;Acidente com Vítimas;476,64;BR-040/MG;Norte;Colisão traseira;0;0;0;0;0;0;0;0;0;0;1;0;0;0;0
06/11/2019;03:18:00;91;Acidente sem Vítimas;560,1;BR-040/MG;Sul;Choque c/ Objeto Fixo;0;0;0;0;0;1;0;0;0;0;2;0;0;0;0
06/11/2019;04:35:00;95;Acidente com Vítimas;591,591;BR-040/MG;Norte;Colisão transversal;0;0;0;0;1;2;0;0;0;0;1;0;1;0;0
06/11/2019;05:08:00;98;Acidente sem Vítimas;12,4;BR-040/GO;Norte;Colisão traseira;2;0;0;0;0;0;0;0;0;0;2;0;0;0;0
06/11/2019;05:45:00;100;Acidente sem Vítimas;7,194;BR-040/DF;Sul;Tombamento;0;0;0;0;0;1;0;0;0;0;1;0;0;0;0
06/11/2019;06:46:00;105;Acidente sem Vítimas;444,698;BR-040/MG;Sul;Colisão lateral;1;0;1;0;0;0;0;0;0;0;2;0;0;0;0
06/11/2019;08:23:00;144;Acidente com Vítimas;0,12;BR-040/DF;Sul;Colisão traseira;0;0;0;1;0;0;0;0;0;0;1;0;0;0;0
06/11/2019;10:43:00;177;Acidente sem Vítimas;535,52;BR-040/MG;Norte;Colisão traseira;1;0;0;0;1;0;0;0;0;0;2;0;0;0;0
06/11/2019;14:04:00;235;Acidente sem Vítimas;593,5;BR-040/MG;Norte;Colisão lateral;0;0;1;0;0;2;0;0;0;0;1;0;0;0;0
06/11/2019;15:46:00;253;Acidente sem Vítimas;656,5;BR-040/MG;Norte;Choque com objeto;1;0;0;0;0;0;0;0;0;0;1;0;0;0;0
06/11/2019;16:00:00;258;Acidente sem Vítimas;735,3;BR-040/MG;Norte;Choque com objeto;0;0;0;0;0;1;0;0;0;0;1;0;0;0;0
06/11/2019;16:19:00;265;Acidente com Vítimas;491,7;BR-040/MG;Norte;Colisão lateral;1;0;1;0;0;2;0;0;0;0;1;8;0;0;0
06/11/2019;16:40:00;270;Acidente sem Vítimas;523,104;BR-040/MG;Norte;Capotamento;0;0;0;0;0;1;0;0;0;0;3;0;0;0;0
06/11/2019;17:17:00;275;Acidente sem Vítimas;408,541;BR-040/MG;Sul;Colisão lateral;1;0;1;0;0;0;0;0;0;0;3;0;0;0;0
06/11/2019;17:25:00;278;Acidente sem Vítimas;440,321;BR-040/MG;Sul;Choque c/ Objeto Fixo;0;0;0;0;0;1;0;0;0;0;1;0;0;0;0
06/11/2019;17:29:00;279;Acidente com Vítimas;524,9;BR-040/MG;Norte;Atropelamento de Pedestre;0;0;0;0;0;2;0;0;0;0;1;0;1;0;0
07/11/2019;02:17:00;16;Acidente sem Vítimas;456,1;BR-040/MG;Norte;Choque c/ Objeto Fixo;2;0;0;0;0;0;0;0;0;0;1;0;0;0;0
07/11/2019;04:28:00;88;Acidente sem Vítimas;1,225;BR-040/GO;Norte;Atropelamento de Animal;1;0;0;0;0;0;0;0;0;0;1;0;0;0;0
07/11/2019;04:36:00;89;Acidente sem Vítimas;460,3;BR-040/MG;Sul;Tombamento;0;0;1;0;0;0;0;0;0;0;1;0;0;0;0