data;horario;n_da_ocorrencia;tipo_de_ocorrencia;km;trecho;sentido;tipo_de_acidente;automovel;bicicleta;caminhao;moto;onibus;outros;tracao_animal;transporte_de_cargas_especiais;trator_maquinas;utilitarios;ilesos;levemente_feridos;moderadamente_feridos;gravemente_feridos;mortos
07/11/2019;05:33:00;94;Acidente sem Vítimas;81,1;BR-040/MG;Norte;Choque c/ Objeto Fixo;0;0;0;0;0;1;0;0;0;0;2;0;0;0;0
07/11/2019;05:47:00;96;Acidente com Vítimas;603,811;BR-040/MG;Norte;Colisão frontal;0;0;1;0;1;0;0;0;0;0;2;2;0;0;0
07/11/2019;06:17:00;100;Acidente sem Vítimas;559,453;BR-040/MG;Sul;Capotamento;0;0;1;0;0;0;0;0;0;0;1;0;0;0;0
07/11/2019;06:30:00;108;Acidente com Vítimas;579,579;BR-040/MG;Norte;Choque c/ Objeto Fixo;0;0;2;0;0;1;0;0;0;0;1;13;3;0;0
07/11/2019;06:41:00;110;Acidente sem Vítimas;3,2;BR-040/DF;Norte;Choque c/ Objeto Fixo;1;0;0;0;0;0;0;0;0;0;3;0;0;0;0
07/11/2019;07:06:00;118;Acidente com Vítimas;671,81;BR-040/MG;Sul;Choque c/ Objeto Fixo;2;0;0;0;0;0;0;0;0;0;3;1;0;0;0
07/11/2019;11:11:00;181;Acidente com Vítimas;741,2;BR-040/MG;Norte;Colisão frontal;3;0;0;0;0;0;0;0;0;0;5;2;0;2;0
07/11/2019;11:57:00;192;Acidente sem Vítimas;146,6;BR-040/MG;Sul;Choque c/ Objeto Fixo;1;0;0;0;0;0;0;0;0;0;1;0;0;0;0
07/11/2019;11:58:00;193;Acidente com Vítimas;12,2;BR-040/GO;Sul;Colisão traseira;2;0;0;0;0;0;0;0;0;0;2;0;0;0;0
07/11/2019;12:10:00;195;Acidente com Vítimas;466,354;BR-040/MG;Norte;Colisão lateral;0;0;0;1;0;1;0;0;0;0;1;1;0;0;0
07/11/2019;13:05:00;202;Acidente sem Vítimas;700,5;BR-040/MG;Sul;Atropelamento de Andarilho;1;0;0;0;0;1;0;0;0;0;1;0;0;0;0
07/11/2019;15:19:00;232;Acidente com Vítimas;532,183;BR-040/MG;Norte;Colisão lateral;1;0;0;1;0;0;0;0;0;0;1;1;0;0;0
07/11/2019;16:12:00;247;Acidente sem Vítimas;516,85;BR-040/MG;Norte;Colisão traseira;1;0;0;0;0;2;0;0;0;0;5;0;0;0;0
07/11/2019;17:19:00;261;Acidente sem Vítimas;254,2;BR-040/MG;Norte;Choque c/ Objeto Fixo;0;0;1;0;0;0;0;0;0;0;1;0;0;0;0
07/11/2019;19:00:00;281;Acidente sem Vítimas;8,1;BR-040/GO;Norte;Atropelamento de Animal;0;0;1;0;0;0;0;0;0;0;1;0;0;0;0
07/11/2019;20:41:00;303;Acidente sem Vítimas;463,424;BR-040/MG;Norte;Choque c/ Objeto Fixo;1;0;0;0;0;0;0;0;0;0;1;0;0;0;0
07/11/2019;22:49:00;323;Acidente com Vítimas;11,1;BR-040/GO;Norte;Colisão lateral;1;0;0;1;0;0;0;0;0;0;3;0;1;0;0
08/11/2019;02:47:00;12;Acidente com Vítimas;510,5;BR-040/MG;Norte;Tombamento de Moto;0;0;0;0;0;1;0;0;0;0;1;1;0;0;0
08/11/2019;06:46:00;109;Acidente com Vítimas;518,8;BR-040/MG;Sul;Atropelamento de Pedestre;1;0;0;0;0;0;0;0;0;0;1;0;1;0;0
08/11/2019;07:32:00;122;Acidente sem Vítimas;510,5;BR-040/MG;Norte;Colisão traseira;2;0;0;0;0;1;0;0;0;0;2;0;0;0;0
08/11/2019;07:58:00;132;Acidente com Vítimas;196,1;BR-040/MG;Sul;Tombamento;0;0;0;0;0;1;0;0;0;0;8;4;1;0;0
08/11/2019;09:59:00;162;Acidente sem Vítimas;526;BR-040/MG;Sul;Colisão lateral;1;0;0;0;0;0;0;0;0;0;1;0;0;0;0
08/11/2019;10:10:00;161;Acidente sem Vítimas;731,8;BR-040/MG;Norte;Choque c/ Objeto Fixo;1;0;0;0;0;0;0;0;0;0;1;0;0;0;0
08/11/2019;10:40:00;168;Acidente sem Vítimas;1,8;BR-040/GO;Norte;Colisão lateral;0;0;0;1;0;1;0;0;0;0;1;0;0;0;0
08/11/2019;11:03:00;171;Acidente sem Vítimas;527,8;BR-040/MG;Norte;Colisão lateral;0;0;1;0;0;1;0;0;0;0;1;0;0;0;0
08/11/2019;11:24:00;176;Acidente sem Vítimas;714,714;BR-040/MG;Sul;Colisão lateral;2;0;0;0;0;0;0;0;0;0;1;0;0;0;0
08/11/2019;11:33:00;177;Acidente com Vítimas;49,1;BR-040/MG;Norte;Colisão frontal;0;0;1;0;0;3;0;0;0;0;3;0;0;1;0
08/11/2019;11:38:00;178;Acidente sem Vítimas;768,1;BR-040/MG;Norte;Choque c/ Objeto Fixo;1;0;0;0;0;0;0;0;0;0;1;0;0;0;0
08/11/2019;12:20:00;183;Acidente com Vítimas;576,1;BR-040/MG;Norte;Colisão lateral;0;0;0;2;0;1;0;0;0;0;2;0;0;0;0
08/11/2019;14:09:00;204;Acidente sem Vítimas;746,1;BR-040/MG;Sul;Atropelamento de Animal;1;0;0;0;0;0;0;0;0;0;1;0;0;0;0
08/11/2019;14:35:00;209;Acidente com Vítimas;112,1;BR-040/MG;Sul;Tombamento;0;0;1;0;0;0;0;0;0;0;2;0;0;0;0
08/11/2019;15:02:00;214;Acidente sem Vítimas;604,1;BR-040/MG;Sul;Colisão traseira;1;0;0;1;0;1;0;0;0;0;1;0;0;0;0
08/11/2019;16:27:00;225;Acidente sem Vítimas;756,1;BR-040/MG;Sul;Choque com objeto;0;0;0;0;0;1;0;0;0;0;2;0;0;0;0
08/11/2019;16:43:00;228;Acidente com Vítimas;120,1;BR-040/GO;Sul;Choque c/ Objeto Fixo;1;0;0;0;0;0;0;0;0;0;0;0;1;0;0
08/11/2019;18:33:00;257;Acidente com Vítimas;538,8;BR-040/MG;Norte;Colisão lateral;0;0;0;1;0;1;0;0;0;0;1;1;0;0;0
08/11/2019;19:03:00;269;Acidente sem Vítimas;671;BR-040/MG;Norte;Engavetamento;1;0;0;0;0;3;0;0;0;0;4;0;0;0;0
08/11/2019;19:35:00;279;Acidente sem Vítimas;728,3;BR-040/MG;Norte;Outros;1;0;0;0;0;0;0;0;0;0;1;0;0;0;0
08/11/2019;19:36:00;281;Acidente sem Vítimas;523,3;BR-040/MG;Norte;Engavetamento;1;0;0;1;0;1;0;0;0;1;4;0;0;0;0
08/11/2019;20:04:00;288;Acidente sem Vítimas;523,3;BR-040/MG;Norte;Engavetamento;2;0;0;0;0;1;0;0;0;0;4;0;0;0;0
08/11/2019;20:49:00;297;Acidente com Vítimas;23,29;BR-040/MG;Norte;Colisão traseira;0;0;0;1;0;0;0;0;0;0;0;0;1;0;0
08/11/2019;22:42:00;320;Acidente sem Vítimas;521,1;BR-040/MG;Sul;Colisão lateral;1;0;0;0;0;1;0;0;0;0;2;0;0;0;0
08/11/2019;23:08:00;327;Acidente sem Vítimas;505,95;BR-040/MG;Sul;Choque c/ Objeto Fixo;1;0;0;0;0;0;0;0;0;0;1;0;0;0;0
09/11/2019;01:15:00;8;Acidente sem Vítimas;541,1;BR-040/MG;Sul;Colisão traseira;1;0;0;0;0;1;0;0;0;0;1;0;0;0;0
09/11/2019;04:13:00;35;Acidente sem Vítimas;549,9;BR-040/MG;Sul;Colisão traseira;1;0;1;0;0;1;0;0;0;0;2;0;0;0;0
09/11/2019;08:19:00;82;Acidente sem Vítimas;536,65;BR-040/MG;Norte;Colisão lateral;2;0;0;0;0;0;0;0;0;0;1;0;0;0;0
09/11/2019;08:36:00;86;Acidente com Vítimas;436,8;BR-040/MG;Sul;Atropelamento de Ciclista;1;0;0;0;0;0;0;0;0;0;1;0;0;1;0
09/11/2019;10:15:00;102;Acidente com Vítimas;5,1;BR-040/GO;Sul;Colisão transversal;1;0;0;1;0;0;0;0;0;0;1;1;0;0;0
09/11/2019;15:03:00;165;Acidente sem Vítimas;766,1;BR-040/MG;Sul;Choque c/ Objeto Fixo;1;0;0;0;0;0;0;0;0;0;2;0;0;0;0
09/11/2019;15:31:00;168;Acidente sem Vítimas;365,7;BR-040/MG;Sul;Choque com objeto;1;0;0;0;1;0;0;0;0;0;2;0;0;0;0
09/11/2019;15:37:00;170;Acidente sem Vítimas;733,1;BR-040/MG;Sul;Choque c/ Objeto Fixo;2;0;0;0;0;0;0;0;0;0;1;0;0;0;0
09/11/2019;16:25:00;181;Acidente com Vítimas;621,1;BR-040/MG;Norte;Colisão frontal;2;0;0;0;0;0;0;0;0;0;0;0;2;0;0
09/11/2019;17:26:00;192;Acidente com Vítimas;589,589;BR-040/MG;Sul;Capotamento;1;0;0;0;0;0;0;0;0;0;0;0;1;0;0
09/11/2019;17:29:00;193;Acidente sem Vítimas;716,1;BR-040/MG;Norte;Choque c/ Objeto Fixo;1;0;0;0;0;0;0;0;0;0;1;0;0;0;0
09/11/2019;20:32:00;231;Acidente sem Vítimas;3,5;BR-040/GO;Norte;Colisão traseira;1;0;0;0;0;1;0;0;0;0;2;0;0;0;0
09/11/2019;20:45:00;233;Acidente sem Vítimas;728,1;BR-040/MG;Norte;Choque c/ Objeto Fixo;0;0;0;0;0;1;0;0;0;0;4;0;0;0;0
09/11/2019;21:22:00;236;Acidente sem Vítimas;656,5;BR-040/MG;Norte;Choque c/ Objeto Fixo;1;0;0;0;0;0;0;0;0;0;1;0;0;0;0
10/11/2019;01:38:00;13;Acidente sem Vítimas;523,5;BR-040/MG;Sul;Choque c/ Objeto Fixo;1;0;0;0;0;0;0;0;0;0;3;0;0;0;0
10/11/2019;04:45:00;27;Acidente sem Vítimas;548,1;BR-040/MG;Norte;Choque c/ Objeto Fixo;0;0;0;0;0;0;0;0;0;0;1;0;0;0;0
10/11/2019;07:23:00;48;Acidente Fatal;530,17;BR-040/MG;Norte;Tombamento de Moto;0;0;0;1;0;0;0;0;0;0;0;1;0;0;1
10/11/2019;12:16:00;139;Acidente com Vítimas;299,23;BR-040/MG;Sul;Tombamento;0;0;0;0;1;0;0;0;0;0;0;1;0;0;0
10/11/2019;12:38:00;141;Acidente sem Vítimas;533,35;BR-040/MG;Norte;Choque c/ Objeto Fixo;1;0;0;0;0;0;0;0;0;0;1;0;0;0;0
10/11/2019;12:46:00;143;Acidente sem Vítimas;1,8;BR-040/GO;Sul;Colisão traseira;1;0;0;1;0;0;0;0;0;0;2;1;0;0;0
10/11/2019;13:44:00;157;Acidente sem Vítimas;540,15;BR-040/MG;Norte;Capotamento;1;0;0;0;0;0;0;0;0;0;1;0;0;0;0
10/11/2019;17:10:00;200;Acidente com Vítimas;8,7;BR-040/GO;Norte;Colisão lateral;1;0;0;1;0;0;0;0;0;0;0;1;0;0;0
10/11/2019;18:06:00;215;Acidente com Vítimas;751,1;BR-040/MG;Sul;Capotamento;2;0;0;0;0;0;0;0;0;0;2;0;0;0;0
10/11/2019;19:27:00;241;Acidente sem Vítimas;40,125;BR-040/MG;Sul;Colisão lateral;0;0;0;1;0;1;0;0;0;0;1;1;0;0;0
10/11/2019;19:52:00;248;Acidente com Vítimas;12,4;BR-040/GO;Sul;Atropelamento de Pedestre;0;0;0;0;0;1;0;0;0;0;0;0;1;0;0
10/11/2019;21:10:00;266;Acidente sem Vítimas;608,1;BR-040/MG;Sul;Atropelamento de Animal;0;0;0;0;0;1;0;0;0;0;1;0;0;0;0
10/11/2019;22:48:00;282;Acidente sem Vítimas;565,2;BR-040/MG;Norte;Colisão frontal;0;0;0;0;0;1;0;0;0;0;1;0;0;0;0
10/11/2019;23:40:00;287;Acidente com Vítimas;511,6;BR-040/MG;Sul;Choque com objeto;1;0;0;0;0;0;0;0;0;0;1;0;1;0;0
11/11/2019;08:00:00;126;Acidente com Vítimas;5,13;BR-040/DF;Norte;Colisão lateral;1;0;0;1;0;0;0;0;0;0;2;1;0;0;0
11/11/2019;09:32:00;157;Acidente sem Vítimas;42,43;BR-040/MG;Sul;Colisão lateral;1;0;0;1;0;0;0;0;0;0;2;0;1;0;0
11/11/2019;11:21:00;178;Acidente com Vítimas;746,8;BR-040/MG;Norte;Tombamento de Moto;0;0;0;1;0;0;0;0;0;0;0;1;0;0;0
11/11/2019;12:28:00;195;Acidente com Vítimas;510,353;BR-040/MG;Sul;Engavetamento;2;0;0;0;0;0;0;0;0;0;2;0;0;0;0
11/11/2019;13:47:00;215;Acidente sem Vítimas;749,2;BR-040/MG;Sul;Choque com objeto;1;0;0;0;0;1;0;0;0;0;1;0;0;0;0
11/11/2019;13:59:00;219;Acidente sem Vítimas;533,542;BR-040/MG;Norte;Tombamento de Moto;1;0;0;1;0;1;0;0;0;0;1;0;0;0;0
11/11/2019;14:35:00;227;Acidente sem Vítimas;541,1;BR-040/MG;Sul;Colisão traseira;1;0;0;0;0;1;0;0;0;0;1;0;0;0;0
11/11/2019;16:59:00;262;Acidente com Vítimas;512,929;BR-040/MG;Sul;Tombamento de Moto;0;0;0;1;0;0;0;0;0;0;1;1;0;0;0
11/11/2019;19:01:00;297;Acidente sem Vítimas;6,5;BR-040/GO;Norte;Colisão traseira;0;0;0;1;0;1;0;0;0;0;1;0;0;0;0
11/11/2019;19:03:00;298;Acidente com Vítimas;24,255;BR-040/GO;Sul;Colisão frontal;3;0;0;0;0;0;0;0;0;0;4;1;1;0;0
11/11/2019;19:14:00;301;Acidente com Vítimas;7,25;BR-040/GO;Norte;Queda Veículo;0;0;0;1;0;0;0;0;0;0;0;1;0;0;0
11/11/2019;20:38:00;322;Acidente sem Vítimas;518,1;BR-040/MG;Sul;Tombamento;0;0;0;1;0;0;0;0;0;0;1;0;0;0;0
11/11/2019;22:16:00;339;Acidente sem Vítimas;105,4;BR-040/GO;Sul;Capotamento;1;0;0;0;0;0;0;0;0;0;1;0;0;0;0
12/11/2019;03:28:00;42;Acidente sem Vítimas;321,125;BR-040/MG;Sul;Choque c/ Objeto Fixo;0;0;0;0;1;0;0;0;0;0;1;0;0;0;0
12/11/2019;03:55:00;54;Acidente com Vítimas;321,125;BR-040/MG;Sul;Colisão traseira;0;0;0;0;0;0;0;0;0;0;0;1;0;0;0
12/11/2019;07:25:00;113;Acidente com Vítimas;561,942;BR-040/MG;Sul;Tombamento de Moto;0;0;0;0;0;1;0;0;0;0;0;1;1;0;0
12/11/2019;10:56:00;154;Acidente sem Vítimas;407,36;BR-040/MG;Norte;Colisão traseira;2;0;0;0;0;0;0;0;0;0;2;0;0;0;0
12/11/2019;13:35:00;183;Acidente sem Vítimas;1,95;BR-040/GO;Norte;Colisão traseira;1;0;0;0;0;0;0;0;0;0;1;0;0;0;0
12/11/2019;13:35:00;184;Acidente com Vítimas;694,1;BR-040/MG;Sul;Colisão traseira;0;0;1;1;0;0;0;0;0;0;1;1;0;0;0
12/11/2019;14:07:00;192;Acidente sem Vítimas;592,1;BR-040/MG;Sul;Choque c/ Objeto Fixo;1;0;0;0;0;0;0;0;0;0;1;0;0;0;0
12/11/2019;14:14:00;193;Acidente com Vítimas;59,6;BR-040/GO;Sul;Colisão frontal;1;0;1;0;0;0;0;0;0;0;1;0;0;1;0
12/11/2019;15:02:00;203;Acidente sem Vítimas;536,65;BR-040/MG;Norte;Engavetamento;1;0;0;0;0;1;0;0;0;0;1;0;0;0;0
12/11/2019;17:14:00;233;Acidente sem Vítimas;422,25;BR-040/MG;Norte;Choque c/ Objeto Fixo;0;0;0;0;0;1;0;0;0;0;2;0;0;0;0
12/11/2019;18:28:00;247;Acidente com Vítimas;543,3;BR-040/MG;Sul;Colisão traseira;1;0;0;1;0;0;0;0;0;0;1;0;1;0;0
12/11/2019;18:46:00;253;Acidente com Vítimas;10,15;BR-040/GO;Sul;Colisão traseira;0;0;0;2;0;0;0;0;0;0;1;0;1;0;0
12/11/2019;19:05:00;254;Acidente com Vítimas;42,15;BR-040/MG;Norte;Colisão traseira;0;0;0;0;0;1;0;0;0;0;0;0;2;0;0
12/11/2019;21:24:00;279;Acidente sem Vítimas;506,125;BR-040/MG;Norte;Colisão traseira;0;0;1;0;1;0;0;0;0;0;2;0;0;0;0
13/11/2019;02:42:00;81;Acidente sem Vítimas;136,7;BR-040/GO;Sul;Tombamento;0;0;0;0;1;0;0;0;0;0;1;0;0;0;0
13/11/2019;03:37:00;84;Acidente sem Vítimas;595,1;BR-040/MG;Norte;Colisão traseira;0;0;0;0;1;1;0;0;0;0;1;0;0;0;0
13/11/2019;05:17:00;90;Acidente sem Vítimas;726,5;BR-040/MG;Sul;Choque c/ Objeto Fixo;0;0;0;0;0;1;0;0;0;0;1;0;0;0;0
13/11/2019;07:03:00;102;Acidente sem Vítimas;245,5;BR-040/MG;Norte;Choque c/ Objeto Fixo;0;0;0;1;0;0;0;0;0;0;1;0;0;0;0
13/11/2019;07:09:00;107;Acidente sem Vítimas;735,1;BR-040/MG;Sul;Colisão traseira;1;0;0;1;1;0;0;0;0;0;1;0;0;0;0
13/11/2019;07:26:00;113;Acidente com Vítimas;614,1;BR-040/MG;Sul;Tombamento de Moto;0;0;0;1;0;2;0;0;0;0;1;0;0;0;0
13/11/2019;08:54:00;128;Acidente sem Vítimas;730,3;BR-040/MG;Sul;Capotamento;1;0;0;0;0;0;0;0;0;0;1;0;0;0;0
13/11/2019;09:50:00;143;Acidente sem Vítimas;487,33;BR-040/MG;Sul;Colisão traseira;1;0;1;0;0;0;0;0;0;0;1;0;0;0;0
13/11/2019;10:06:00;146;Acidente sem Vítimas;671,1;BR-040/MG;Norte;Tombamento;0;0;0;0;1;1;0;0;0;0;1;0;0;0;0
13/11/2019;11:33:00;164;Acidente sem Vítimas;1,8;BR-040/GO;Sul;Tombamento;0;0;0;1;0;0;0;0;0;0;1;0;0;0;0
13/11/2019;13:57:00;192;Acidente sem Vítimas;5,1;BR-040/DF;Sul;Colisão lateral;2;0;0;0;0;0;0;0;0;0;2;0;0;0;0
13/11/2019;15:52:00;213;Acidente sem Vítimas;487,33;BR-040/MG;Norte;Colisão traseira;1;0;0;1;0;0;0;0;0;0;1;0;0;0;0
13/11/2019;17:52:00;235;Acidente sem Vítimas;633,12;BR-040/MG;Sul;Colisão lateral;1;0;0;1;0;0;0;0;0;0;1;1;0;0;0
13/11/2019;18:24:00;242;Acidente sem Vítimas;455,9;BR-040/MG;Norte;Tombamento;0;0;1;0;0;1;0;0;0;0;1;0;0;0;0
13/11/2019;18:48:00;246;Acidente sem Vítimas;470,5;BR-040/MG;Sul;Choque c/ Objeto Fixo;1;0;0;0;0;0;0;0;0;0;1;0;0;0;0
13/11/2019;19:55:00;249;Acidente Fatal;2,1;BR-040/GO;Norte;Atropelamento de Pedestre;1;0;0;0;0;0;0;0;0;0;1;0;0;0;1
13/11/2019;23:15:00;283;Acidente sem Vítimas;325,8;BR-040/MG;Sul;Atropelamento de Animal;0;0;1;0;0;0;0;0;0;0;1;0;0;0;0
14/11/2019;01:30:00;46;Acidente sem Vítimas;535,35;BR-040/MG;Norte;Choque c/ Objeto Fixo;1;0;0;0;0;0;0;0;0;0;1;0;0;0;0
14/11/2019;07:16:00;93;Acidente sem Vítimas;768,142;BR-040/MG;Sul;Choque c/ Objeto Fixo;1;0;0;0;0;0;0;0;0;0;2;0;0;0;0
14/11/2019;07:31:00;100;Acidente com Vítimas;5,5;BR-040/DF;Norte;Atropelamento de Pedestre;0;0;0;0;1;2;0;0;0;0;1;0;1;0;0
14/11/2019;07:52:00;105;Acidente sem Vítimas;519,438;BR-040/MG;Sul;Engavetamento;4;0;0;0;0;0;0;0;0;0;3;0;0;0;0
14/11/2019;08:21:00;109;Acidente sem Vítimas;727,656;BR-040/MG;Sul;Choque c/ Objeto Fixo;0;1;0;0;0;1;0;0;0;0;3;0;0;0;0
14/11/2019;09:40:00;131;Acidente sem Vítimas;538,3;BR-040/MG;Norte;Engavetamento;4;0;0;0;0;0;0;0;0;0;4;0;0;0;0
14/11/2019;10:24:00;146;Acidente sem Vítimas;539,847;BR-040/MG;Sul;Colisão traseira;1;0;0;1;0;0;0;0;0;0;2;0;0;0;0
14/11/2019;12:53:00;179;Acidente sem Vítimas;614,1;BR-040/MG;Sul;Choque c/ Objeto Fixo;0;0;0;0;0;1;0;0;0;0;0;1;0;0;0
14/11/2019;14:41:00;210;Acidente sem Vítimas;460,1;BR-040/MG;Sul;Choque c/ Objeto Fixo;1;0;0;0;0;0;0;0;0;0;0;1;0;0;0
14/11/2019;15:21:00;220;Acidente sem Vítimas;615,753;BR-040/MG;Sul;Colisão traseira;3;0;0;0;0;2;0;0;0;0;0;1;0;0;0
14/11/2019;15:22:00;215;Acidente com Vítimas;697,15;BR-040/MG;Norte;Capotamento;1;0;0;0;0;0;0;0;0;0;1;2;0;0;0
14/11/2019;15:43:00;217;Acidente com Vítimas;8,1;BR-040/DF;Sul;Colisão traseira;1;0;0;0;0;1;0;0;0;0;1;1;0;0;0
14/11/2019;16:40:00;230;Acidente sem Vítimas;726,225;BR-040/MG;Sul;Choque c/ Objeto Fixo;1;0;0;0;0;0;0;0;0;0;0;1;0;0;0
14/11/2019;17:15:00;233;Acidente sem Vítimas;492,265;BR-040/MG;Norte;Choque c/ Objeto Fixo;0;0;0;0;0;1;0;0;0;0;1;0;0;0;0
14/11/2019;17:19:00;235;Acidente sem Vítimas;518,3;BR-040/MG;Sul;Choque c/ Objeto Fixo;1;0;0;0;0;0;0;0;0;0;1;0;0;0;0
14/11/2019;17:26:00;242;Acidente sem Vítimas;728,311;BR-040/MG;Sul;Choque c/ Objeto Fixo;1;0;0;0;0;1;0;0;0;0;1;0;0;0;0
14/11/2019;17:38:00;245;Acidente Fatal;573,102;BR-040/MG;Norte;Tombamento de Moto;1;0;0;1;0;0;0;0;0;0;0;0;0;0;1
14/11/2019;17:51:00;251;Acidente sem Vítimas;462,5;BR-040/MG;Sul;Colisão traseira;2;0;0;0;0;1;0;0;0;0;2;0;0;0;0
14/11/2019;17:55:00;253;Acidente sem Vítimas;537;BR-040/MG;Sul;Colisão traseira;0;0;0;0;0;1;0;0;0;0;0;1;0;0;0
14/11/2019;18:08:00;255;Acidente sem Vítimas;416,5;BR-040/MG;Sul;Tombamento;0;0;1;0;0;0;0;0;0;0;0;1;0;0;0
14/11/2019;19:45:00;277;Acidente sem Vítimas;642,1;BR-040/MG;Sul;Colisão traseira;1;0;0;0;0;1;0;0;0;0;1;0;0;0;0
14/11/2019;21:24:00;303;Acidente Fatal;15,248;BR-040/MG;Sul;Colisão traseira;0;0;0;1;1;0;0;0;0;0;0;0;0;0;1
14/11/2019;21:49:00;310;Acidente sem Vítimas;526,8;BR-040/MG;Norte;Colisão traseira;1;0;0;0;0;1;0;0;0;0;0;1;0;0;0
14/11/2019;22:32:00;323;Acidente com Vítimas;543,15;BR-040/MG;Norte;Tombamento de Moto;0;0;0;0;0;0;0;0;0;0;0;1;0;0;0
15/11/2019;01:08:00;6;Acidente sem Vítimas;617,5;BR-040/MG;Sul;Colisão traseira;1;0;0;0;0;1;0;0;0;0;0;1;0;0;0
15/11/2019;05:57:00;36;Acidente sem Vítimas;670,243;BR-040/MG;Sul;Capotamento;1;0;0;0;0;0;0;0;0;0;2;0;0;0;0
15/11/2019;06:16:00;37;Acidente com Vítimas;245,5;BR-040/MG;Sul;Choque c/ Objeto Fixo;0;0;0;0;0;1;0;0;0;0;0;1;0;0;0
15/11/2019;06:19:00;39;Acidente sem Vítimas;522,4;BR-040/MG;Norte;Choque c/ Objeto Fixo;1;0;0;0;0;0;0;0;0;0;1;0;0;0;0
15/11/2019;06:27:00;40;Acidente Fatal;309,9;BR-040/MG;Sul;Choque c/ Objeto Fixo;1;0;0;0;0;0;0;0;0;0;0;1;1;0;1
15/11/2019;07:00:00;44;Acidente sem Vítimas;718,453;BR-040/MG;Sul;Capotamento;1;0;0;0;0;0;0;0;0;0;1;0;0;0;0
15/11/2019;07:03:00;45;Acidente sem Vítimas;147,9;BR-040/GO;Sul;Atropelamento de Animal;1;0;0;0;0;0;0;0;0;0;3;0;0;0;0
15/11/2019;07:12:00;48;Acidente sem Vítimas;469,3;BR-040/MG;Norte;Capotamento;2;0;0;0;0;0;0;0;0;0;1;0;0;0;0
15/11/2019;07:21:00;51;Acidente sem Vítimas;728,312;BR-040/MG;Sul;Colisão traseira;1;0;0;0;0;0;0;0;0;0;1;0;0;0;0
15/11/2019;07:54:00;67;Acidente Fatal;731,18;BR-040/MG;Sul;Choque c/ Objeto Fixo;2;0;0;0;0;0;0;0;0;0;0;0;4;0;1
15/11/2019;08:07:00;72;Acidente sem Vítimas;508,3;BR-040/MG;Sul;Atropelamento de Animal;1;0;0;0;0;0;0;0;0;0;1;0;0;0;0
15/11/2019;08:13:00;73;Acidente sem Vítimas;727,515;BR-040/MG;Sul;Colisão traseira;1;0;0;0;0;0;0;0;0;0;1;0;0;0;0
15/11/2019;08:54:00;78;Acidente com Vítimas;130,1;BR-040/MG;Sul;Colisão traseira;1;0;0;0;0;1;0;0;0;0;4;1;1;0;0
15/11/2019;08:58:00;79;Acidente sem Vítimas;132,5;BR-040/MG;Norte;Choque c/ Objeto Fixo;1;0;0;0;0;0;0;0;0;0;1;0;0;0;0
15/11/2019;09:05:00;80;Acidente sem Vítimas;465,6;BR-040/MG;Norte;Choque c/ Objeto Fixo;1;0;0;0;0;0;0;0;0;0;1;0;0;0;0
15/11/2019;09:53:00;86;Acidente com Vítimas;462,123;BR-040/MG;Norte;Colisão lateral;2;0;0;0;0;0;0;0;0;0;4;1;1;0;0
15/11/2019;10:00:00;94;Acidente com Vítimas;771,321;BR-040/MG;Sul;Choque c/ Objeto Fixo;1;0;1;0;0;0;0;0;0;0;1;0;1;0;0
15/11/2019;10:36:00;107;Acidente sem Vítimas;510,5;BR-040/MG;Sul;Colisão traseira;3;0;0;0;0;0;0;0;0;0;5;0;0;0;0
15/11/2019;11:23:00;114;Acidente sem Vítimas;557,3;BR-040/MG;Sul;Colisão traseira;2;0;0;0;0;1;0;0;0;0;5;0;0;0;0
15/11/2019;12:24:00;128;Acidente sem Vítimas;519,7;BR-040/MG;Norte;Colisão traseira;3;0;0;0;0;0;0;0;0;0;5;0;0;0;0
15/11/2019;12:49:00;136;Acidente com Vítimas;515,3;BR-040/MG;Norte;Colisão traseira;2;0;0;0;0;0;0;0;0;0;2;0;0;0;0
15/11/2019;13:01:00;137;Acidente sem Vítimas;276,25;BR-040/MG;Sul;Colisão transversal;2;0;0;0;0;0;0;0;0;0;3;0;0;0;0
15/11/2019;13:35:00;144;Acidente sem Vítimas;498,6;BR-040/MG;Sul;Colisão traseira;2;0;0;0;0;0;0;0;0;0;2;0;0;0;0
15/11/2019;15:59:00;184;Acidente sem Vítimas;577,453;BR-040/MG;Sul;Choque c/ Objeto Fixo;1;0;0;0;0;0;0;0;0;0;0;1;0;0;0
15/11/2019;16:04:00;185;Acidente com Vítimas;718,455;BR-040/MG;Norte;Choque c/ Objeto Fixo;1;0;0;0;0;0;0;0;0;0;2;0;0;0;0
15/11/2019;16:43:00;193;Acidente com Vítimas;622,321;BR-040/MG;Sul;Capotamento;1;0;0;0;0;0;0;0;0;0;0;1;0;0;0
15/11/2019;17:20:00;203;Acidente sem Vítimas;467,3;BR-040/MG;Sul;Choque c/ Objeto Fixo;1;0;0;0;0;1;0;0;0;0;1;0;0;0;0
16/11/2019;00:12:00;1;Acidente sem Vítimas;73,5;BR-040/GO;Sul;Colisão transversal;2;0;0;0;0;0;0;0;0;0;6;0;0;0;0
16/11/2019;06:44:00;34;Acidente Fatal;358,3;BR-040/MG;Sul;Colisão frontal;1;0;0;0;1;0;0;0;0;0;3;0;1;0;1
16/11/2019;08:06:00;44;Acidente sem Vítimas;756,8;BR-040/MG;Sul;Tombamento;0;0;1;0;0;1;0;0;0;0;1;0;0;0;0
16/11/2019;09:56:00;55;Acidente com Vítimas;408,81;BR-040/MG;Sul;Tombamento;0;0;0;0;1;0;0;0;0;0;1;1;0;0;0
16/11/2019;14:53:00;112;Acidente sem Vítimas;556,6;BR-040/MG;Sul;Choque c/ Objeto Fixo;0;0;0;0;0;0;0;0;0;0;1;0;0;0;0
16/11/2019;16:04:00;135;Acidente sem Vítimas;767,146;BR-040/MG;Norte;Choque c/ Objeto Fixo;0;0;0;0;1;0;0;0;0;0;1;0;0;0;0