data;horario;n_da_ocorrencia;tipo_de_ocorrencia;km;trecho;sentido;tipo_de_acidente;automovel;bicicleta;caminhao;moto;onibus;outros;tracao_animal;transporte_de_cargas_especiais;trator_maquinas;utilitarios;ilesos;levemente_feridos;moderadamente_feridos;gravemente_feridos;mortos
28/11/2019;21:27:00;269;Acidente sem Vítimas;464,9;BR-040/MG;Norte;Tombamento;0;0;1;0;0;0;0;0;0;0;1;0;0;0;0
28/11/2019;21:33:00;271;Acidente sem Vítimas;624,5;BR-040/MG;Sul;Tombamento;0;0;1;0;0;0;0;0;0;0;0;1;0;0;0
28/11/2019;23:28:00;282;Acidente sem Vítimas;527,7;BR-040/MG;Sul;Choque c/ Objeto Fixo;1;0;0;0;0;0;0;0;0;0;2;0;0;0;0
29/11/2019;04:59:00;90;Acidente sem Vítimas;504,455;BR-040/MG;Sul;Colisão traseira;1;0;0;0;0;0;0;0;0;0;0;1;0;0;0
29/11/2019;05:45:00;93;Acidente sem Vítimas;92,8;BR-040/GO;Norte;Tombamento;0;0;0;0;1;0;0;0;0;0;2;0;0;0;0
29/11/2019;06:37:00;101;Acidente sem Vítimas;241,6;BR-040/MG;Norte;Choque c/ Objeto Fixo;1;0;0;0;0;0;0;0;0;0;2;0;0;0;0
29/11/2019;07:23:00;112;Acidente sem Vítimas;736,2;BR-040/MG;Norte;Choque c/ Objeto Fixo;1;0;0;0;0;0;0;0;0;0;0;1;0;0;0
29/11/2019;11:05:00;167;Acidente sem Vítimas;714,1;BR-040/MG;Norte;Colisão lateral;0;0;0;0;1;1;0;0;0;0;1;0;0;0;0
29/11/2019;12:02:00;179;Acidente sem Vítimas;143,6;BR-040/MG;Norte;Colisão transversal;1;0;0;0;0;1;0;0;0;0;2;0;0;0;0
29/11/2019;13:49:00;199;Acidente sem Vítimas;248,248;BR-040/MG;Sul;Choque c/ Objeto Fixo;1;0;0;0;0;0;0;0;0;0;3;0;0;0;0
29/11/2019;13:55:00;201;Acidente sem Vítimas;41,41;BR-040/MG;Sul;Capotamento;1;0;0;0;0;1;0;0;0;0;0;2;0;0;0
29/11/2019;15:03:00;209;Acidente com Vítimas;12,12;BR-040/GO;Sul;Colisão traseira;2;0;0;0;0;0;0;0;0;0;2;1;0;0;0
29/11/2019;17:47:00;242;Acidente sem Vítimas;4,3;BR-040/DF;Norte;Colisão traseira;2;0;0;0;0;0;0;0;0;0;2;0;0;0;0
29/11/2019;17:53:00;246;Acidente com Vítimas;682,1;BR-040/MG;Sul;Atropelamento de Animal;0;0;1;1;0;0;0;0;0;0;0;1;0;0;0
29/11/2019;18:07:00;245;Acidente com Vítimas;15,6;BR-040/MG;Sul;Capotamento;1;0;0;0;0;0;0;0;0;0;0;4;0;0;0
29/11/2019;18:58:00;260;Acidente com Vítimas;9,2;BR-040/GO;Sul;Atropelamento de Pedestre;0;0;0;0;0;1;0;0;0;0;1;2;1;0;0
29/11/2019;19:18:00;265;Acidente com Vítimas;633,1;BR-040/MG;Norte;Colisão lateral;0;0;0;1;0;0;0;0;0;0;1;0;1;0;0
29/11/2019;19:36:00;268;Acidente sem Vítimas;535,3;BR-040/MG;Sul;Colisão traseira;1;0;0;1;0;0;0;0;0;0;3;0;0;0;0
29/11/2019;21:47:00;292;Acidente com Vítimas;282,1;BR-040/MG;Norte;Atropelamento de Pedestre;0;0;0;0;1;0;0;0;0;0;1;0;0;0;0
29/11/2019;22:12:00;295;Acidente sem Vítimas;87,1;BR-040/GO;Norte;Tombamento;0;0;0;1;0;0;0;0;0;0;1;0;0;0;0
29/11/2019;22:39:00;298;Acidente sem Vítimas;234,1;BR-040/MG;Sul;Choque c/ Objeto Fixo;1;0;0;0;0;0;0;0;0;0;1;0;0;0;0
30/11/2019;01:27:00;19;Acidente sem Vítimas;513,8;BR-040/MG;Norte;Choque c/ Objeto Fixo;1;0;0;0;0;0;0;0;0;0;1;0;0;0;0
30/11/2019;04:58:00;50;Acidente sem Vítimas;528,5;BR-040/MG;Norte;Choque c/ Objeto Fixo;1;0;0;0;0;0;0;0;0;0;0;1;0;0;0
30/11/2019;05:25:00;51;Acidente sem Vítimas;521,6;BR-040/MG;Norte;Choque c/ Objeto Fixo;1;0;0;0;0;0;0;0;0;0;1;0;0;0;0
30/11/2019;05:57:00;54;Acidente com Vítimas;735,324;BR-040/MG;Norte;Tombamento de Moto;0;0;0;1;0;0;0;0;0;0;0;1;1;0;0
30/11/2019;07:45:00;71;Acidente com Vítimas;1,6;BR-040/GO;Norte;Colisão lateral;0;0;0;1;0;1;0;0;0;0;0;0;1;0;0
30/11/2019;09:25:00;87;Acidente com Vítimas;536,536;BR-040/MG;Norte;Atropelamento de Pedestre;0;0;0;0;0;1;0;0;0;0;0;0;0;1;0
30/11/2019;11:36:00;110;Acidente com Vítimas;1,14;BR-040/GO;Norte;Colisão lateral;1;0;0;1;0;0;0;0;0;0;0;0;1;0;0
30/11/2019;12:22:00;120;Acidente sem Vítimas;506,605;BR-040/MG;Sul;Outros;1;0;0;0;0;0;0;0;0;0;0;1;0;0;0
30/11/2019;13:31:00;132;Acidente sem Vítimas;42,8;BR-040/MG;Sul;Colisão transversal;2;0;0;0;0;0;0;0;0;0;2;2;0;0;0
30/11/2019;16:36:00;169;Acidente sem Vítimas;462;BR-040/MG;Sul;Outros;0;0;0;0;0;0;0;0;0;0;0;1;0;0;0
30/11/2019;17:43:00;178;Acidente sem Vítimas;535,2;BR-040/MG;Norte;Colisão lateral;0;0;0;1;0;1;0;0;0;0;1;0;1;0;0
30/11/2019;23:17:00;219;Acidente sem Vítimas;397,2;BR-040/MG;Norte;Colisão frontal;1;0;1;0;0;0;0;0;0;0;1;0;0;0;0
30/11/2019;23:35:00;222;Acidente sem Vítimas;2,5;BR-040/DF;Sul;Colisão traseira;2;0;0;0;0;0;0;0;0;0;0;1;0;0;0
01/12/2019;00:43:00;4;Acidente sem Vítimas;537,7;BR-040/MG;Norte;Choque c/ Objeto Fixo;1;0;0;0;0;0;0;0;0;0;1;0;0;0;0
01/12/2019;01:31:00;7;Acidente sem Vítimas;555,7;BR-040/MG;Sul;Choque com objeto;0;0;0;0;1;0;0;0;0;0;1;0;0;0;0
01/12/2019;03:50:00;15;Acidente sem Vítimas;206,256;BR-040/MG;Norte;Outros;0;0;0;0;0;1;0;0;0;0;2;0;0;0;0
01/12/2019;04:11:00;16;Acidente sem Vítimas;593,6;BR-040/MG;Sul;Colisão lateral;1;0;0;0;0;0;0;0;0;0;2;0;0;0;0
01/12/2019;06:19:00;27;Acidente sem Vítimas;510,9;BR-040/MG;Sul;Capotamento;1;0;0;0;0;1;0;0;0;0;1;0;0;0;0
01/12/2019;08:14:00;42;Acidente com Vítimas;5,3;BR-040/GO;Sul;Colisão lateral;3;0;0;0;0;1;0;0;0;0;1;2;2;0;0
01/12/2019;08:54:00;48;Acidente com Vítimas;92,5;BR-040/GO;Sul;Capotamento;2;0;0;0;0;0;0;0;0;0;5;1;0;0;0
01/12/2019;14:29:00;91;Acidente com Vítimas;632,148;BR-040/MG;Sul;Choque c/ Objeto Fixo;1;0;0;0;0;0;0;0;0;0;1;1;0;0;0
01/12/2019;15:39:00;106;Acidente sem Vítimas;716,441;BR-040/MG;Norte;Choque com objeto;1;0;0;0;0;0;0;0;0;0;1;0;0;0;0
01/12/2019;16:56:00;127;Acidente sem Vítimas;31,2;BR-040/GO;Norte;Tombamento;1;0;0;0;0;0;0;0;0;0;1;0;0;0;0
01/12/2019;18:09:00;141;Acidente com Vítimas;283,15;BR-040/MG;Sul;Atropelamento de Animal;0;0;0;1;0;0;0;0;0;0;0;0;1;0;0
01/12/2019;18:21:00;142;Acidente Fatal;535,294;BR-040/MG;Sul;Atropelamento de Pedestre;1;0;0;0;0;1;0;0;0;0;1;0;0;0;1
01/12/2019;19:11:00;151;Acidente com Vítimas;632,8;BR-040/MG;Norte;Colisão transversal;1;0;0;1;0;1;0;0;0;0;1;0;1;1;0
01/12/2019;20:08:00;169;Acidente sem Vítimas;527,8;BR-040/MG;Norte;Capotamento;1;0;0;0;0;0;0;0;0;0;1;0;0;0;0
01/12/2019;20:15:00;164;Acidente com Vítimas;475,8;BR-040/MG;Sul;Tombamento de Moto;0;0;0;0;0;0;0;0;0;0;1;0;0;0;0
01/12/2019;21:17:00;180;Acidente com Vítimas;55,5;BR-040/GO;Norte;Capotamento;1;0;0;0;0;0;0;0;0;0;1;0;0;0;0
01/12/2019;22:05:00;203;Acidente sem Vítimas;592,12;BR-040/MG;Norte;Choque c/ Objeto Fixo;1;0;0;0;0;0;0;0;0;0;1;0;0;0;0
02/12/2019;07:10:00;57;Acidente sem Vítimas;536,9;BR-040/MG;Norte;Engavetamento;4;0;0;0;0;0;0;0;0;0;3;0;0;0;0
02/12/2019;08:12:00;74;Acidente sem Vítimas;607,3;BR-040/MG;Norte;Colisão traseira;0;0;0;0;0;0;0;0;0;0;1;0;0;0;0
02/12/2019;08:24:00;80;Acidente com Vítimas;1,5;BR-040/DF;Norte;Choque c/ Objeto Fixo;0;0;0;1;0;0;0;0;0;0;0;1;0;0;0
02/12/2019;08:54:00;93;Acidente sem Vítimas;649,3;BR-040/MG;Sul;Choque c/ Objeto Fixo;0;0;0;0;0;0;0;0;0;0;2;0;0;0;0
02/12/2019;09:19:00;104;Acidente sem Vítimas;4,2;BR-040/DF;Norte;Engavetamento;3;0;0;0;0;0;0;0;0;0;2;0;0;0;0
02/12/2019;10:15:00;136;Acidente sem Vítimas;28,1;BR-040/MG;Norte;Choque c/ Objeto Fixo;1;0;0;0;0;1;0;0;0;0;1;0;0;0;0
02/12/2019;14:02:00;192;Acidente com Vítimas;730,1;BR-040/MG;Sul;Colisão transversal;2;0;0;0;0;0;0;0;0;0;3;0;0;0;0
02/12/2019;15:28:00;211;Acidente sem Vítimas;730,1;BR-040/MG;Sul;Choque c/ Objeto Fixo;1;0;0;0;0;0;0;0;0;0;1;0;0;0;0
02/12/2019;16:46:00;241;Acidente sem Vítimas;533,36;BR-040/MG;Sul;Colisão lateral;0;0;0;0;0;1;0;0;0;0;2;0;0;0;0
02/12/2019;17:16:00;254;Acidente sem Vítimas;703,8;BR-040/MG;Sul;Colisão lateral;1;0;1;0;0;0;0;0;0;0;2;0;0;0;0
02/12/2019;19:20:00;295;Acidente sem Vítimas;396,1;BR-040/MG;Norte;Colisão traseira;1;0;0;0;0;1;0;0;0;0;2;1;0;0;0
02/12/2019;19:49:00;304;Acidente sem Vítimas;503,7;BR-040/MG;Norte;Choque c/ Objeto Fixo;1;0;0;0;0;0;0;0;0;0;1;0;0;0;0
02/12/2019;20:15:00;312;Acidente Fatal;680,153;BR-040/MG;Norte;Colisão traseira;0;0;1;1;0;1;0;0;0;0;0;0;1;0;1
02/12/2019;20:23:00;313;Acidente sem Vítimas;464,4;BR-040/MG;Norte;Choque c/ Objeto Fixo;0;0;1;0;0;0;0;0;0;0;1;0;0;0;0
02/12/2019;21:30:00;324;Acidente com Vítimas;532,8;BR-040/MG;Norte;Atropelamento de Pedestre;1;0;0;0;0;0;0;0;0;0;1;0;1;0;0
02/12/2019;22:01:00;328;Acidente sem Vítimas;555,44;BR-040/MG;Sul;Capotamento;0;0;0;0;0;1;0;0;0;0;1;0;0;0;0
02/12/2019;22:28:00;331;Acidente sem Vítimas;678,12;BR-040/MG;Norte;Tombamento;0;0;0;1;0;0;0;0;0;0;1;0;0;0;0
02/12/2019;23:44:00;338;Acidente sem Vítimas;746,11;BR-040/MG;Sul;Atropelamento de Animal;0;0;1;0;0;0;0;0;0;0;1;0;0;0;0
03/12/2019;03:53:00;39;Acidente sem Vítimas;353,35;BR-040/MG;Sul;Colisão traseira;0;0;1;0;0;0;0;0;0;0;1;0;0;0;0
03/12/2019;04:52:00;83;Acidente sem Vítimas;505,5;BR-040/MG;Sul;Atropelamento de Animal;1;1;0;0;0;0;0;0;0;0;1;0;0;0;0
03/12/2019;06:56:00;101;Acidente sem Vítimas;735,1;BR-040/MG;Sul;Choque c/ Objeto Fixo;1;0;0;0;0;0;0;0;0;0;1;0;0;0;0
03/12/2019;08:31:00;127;Acidente com Vítimas;544,544;BR-040/MG;Norte;Colisão traseira;1;0;0;1;0;0;0;0;0;0;2;1;0;0;0
03/12/2019;08:43:00;132;Acidente com Vítimas;2,4;BR-040/GO;Norte;Colisão lateral;1;0;0;1;0;0;0;0;0;0;1;2;0;0;0
03/12/2019;09:21:00;143;Acidente sem Vítimas;512,647;BR-040/MG;Sul;Choque c/ Objeto Fixo;1;0;0;0;0;0;0;0;0;0;1;0;0;0;0
03/12/2019;12:06:00;175;Acidente sem Vítimas;490,9;BR-040/MG;Sul;Choque c/ Objeto Fixo;1;0;0;0;0;1;0;0;0;0;1;0;0;0;0
03/12/2019;19:04:00;260;Acidente sem Vítimas;427,7;BR-040/MG;Norte;Colisão traseira;0;0;0;0;0;1;0;0;0;0;2;0;0;0;0
04/12/2019;00:22:00;4;Acidente sem Vítimas;461,5;BR-040/MG;Sul;Tombamento;0;0;1;0;0;0;0;0;0;0;2;0;0;0;0
04/12/2019;07:18:00;127;Acidente com Vítimas;526,5;BR-040/MG;Norte;Colisão traseira;2;0;0;0;0;1;0;0;0;0;2;1;0;0;0
04/12/2019;07:19:00;123;Acidente com Vítimas;522,4;BR-040/MG;Norte;Colisão traseira;0;0;0;1;0;0;0;0;0;0;0;2;0;0;0
04/12/2019;08:17:00;141;Acidente sem Vítimas;715,173;BR-040/MG;Sul;Colisão lateral;0;0;0;0;1;1;0;0;0;0;2;0;0;0;0
04/12/2019;10:06:00;186;Acidente sem Vítimas;541,6;BR-040/MG;Sul;Engavetamento;2;0;0;0;0;1;0;0;0;0;2;0;0;0;0
04/12/2019;13:10:00;232;Acidente sem Vítimas;621,5;BR-040/MG;Sul;Colisão frontal;2;0;0;0;1;2;0;0;0;0;1;0;0;0;0
04/12/2019;15:15:00;259;Acidente sem Vítimas;729,591;BR-040/MG;Sul;Tombamento;1;0;1;0;0;1;0;0;0;0;3;0;0;0;0
04/12/2019;15:23:00;260;Acidente sem Vítimas;63,9;BR-040/GO;Sul;Tombamento;1;0;0;0;0;0;0;0;0;0;1;0;0;0;0
04/12/2019;17:16:00;282;Acidente sem Vítimas;541,3;BR-040/MG;Norte;Colisão traseira;1;0;0;0;0;0;0;0;0;0;1;0;0;0;0
04/12/2019;17:37:00;283;Acidente com Vítimas;535,4;BR-040/MG;Norte;Colisão traseira;1;0;0;1;0;0;0;0;0;0;1;0;1;0;0
04/12/2019;17:54:00;289;Acidente sem Vítimas;544,4;BR-040/MG;Norte;Engavetamento;2;0;0;0;0;1;0;0;0;0;3;0;0;0;0
04/12/2019;18:11:00;292;Acidente sem Vítimas;5,8;BR-040/GO;Norte;Colisão traseira;2;0;0;0;0;0;0;0;0;0;1;0;0;0;0
04/12/2019;21:34:00;330;Acidente sem Vítimas;450,3;BR-040/MG;Sul;Atropelamento de Animal;1;0;0;0;0;0;0;0;0;0;1;0;0;0;0
04/12/2019;22:28:00;340;Acidente sem Vítimas;508,5;BR-040/MG;Sul;Queda Veículo;1;0;0;0;0;0;0;0;0;0;1;0;0;0;0
04/12/2019;22:51:00;338;Acidente com Vítimas;544,1;BR-040/MG;Sul;Outros;1;0;0;0;0;0;0;0;0;0;0;1;1;0;0
05/12/2019;00:28:00;2;Acidente sem Vítimas;633,3;BR-040/MG;Norte;Atropelamento de Animal;2;0;0;0;0;0;0;0;0;0;1;0;0;0;0
05/12/2019;00:41:00;4;Acidente com Vítimas;536,1;BR-040/MG;Norte;Choque com objeto;0;0;0;1;0;0;0;0;0;0;0;0;1;0;0
05/12/2019;03:35:00;13;Acidente sem Vítimas;554,135;BR-040/MG;Sul;Colisão traseira;0;0;1;1;0;0;0;0;0;0;1;0;0;0;0
05/12/2019;04:48:00;49;Acidente sem Vítimas;435,5;BR-040/MG;Sul;Outros;1;0;0;0;0;0;0;0;0;0;2;0;0;0;0
05/12/2019;06:39:00;81;Acidente com Vítimas;3,3;BR-040/DF;Norte;Colisão traseira;0;0;0;1;0;0;0;0;0;0;0;0;1;0;0
05/12/2019;06:42:00;83;Acidente sem Vítimas;544,3;BR-040/MG;Norte;Colisão traseira;1;0;0;1;0;0;0;0;0;0;2;0;0;0;0
05/12/2019;07:39:00;98;Acidente com Vítimas;520,3;BR-040/MG;Sul;Colisão lateral;1;0;0;1;0;0;0;0;0;0;1;1;0;0;0
05/12/2019;08:25:00;115;Acidente sem Vítimas;2,5;BR-040/DF;Norte;Tombamento de Moto;0;0;0;0;0;3;0;0;0;0;1;0;0;0;0
05/12/2019;09:45:00;140;Acidente com Vítimas;4,5;BR-040/DF;Norte;Atropelamento de Pedestre;0;0;0;1;0;0;0;0;0;0;1;0;0;0;0
05/12/2019;10:03:00;153;Acidente sem Vítimas;3,5;BR-040/GO;Norte;Colisão lateral;1;0;0;0;0;2;0;0;0;0;1;0;0;0;0
05/12/2019;12:27:00;185;Acidente com Vítimas;565,394;BR-040/MG;Sul;Tombamento;0;0;1;0;0;1;0;0;0;0;0;0;1;1;0
05/12/2019;13:09:00;189;Acidente com Vítimas;526,4;BR-040/MG;Norte;Tombamento de Moto;0;0;0;1;0;0;0;0;0;0;1;0;1;0;0
05/12/2019;13:15:00;190;Acidente sem Vítimas;464,15;BR-040/MG;Norte;Choque c/ Objeto Fixo;1;0;0;0;0;0;0;0;0;0;1;0;0;0;0
05/12/2019;14:15:00;197;Acidente sem Vítimas;37,3;BR-040/MG;Norte;Capotamento;1;0;0;0;0;1;0;0;0;0;1;0;0;0;0
05/12/2019;14:54:00;206;Acidente sem Vítimas;37,3;BR-040/MG;Norte;Choque c/ Objeto Fixo;1;0;0;0;0;0;0;0;0;0;1;0;0;0;0
05/12/2019;15:05:00;212;Acidente sem Vítimas;717,2;BR-040/MG;Norte;Choque c/ Objeto Fixo;1;0;0;0;0;1;0;0;0;0;1;0;0;0;0
05/12/2019;15:05:00;215;Acidente sem Vítimas;544,1;BR-040/MG;Norte;Colisão traseira;0;0;0;0;0;3;0;0;0;0;2;0;0;0;0
05/12/2019;17:03:00;228;Acidente sem Vítimas;525,9;BR-040/MG;Norte;Colisão lateral;1;1;0;0;0;0;0;0;0;0;2;0;0;0;0
05/12/2019;17:23:00;234;Acidente sem Vítimas;542,5;BR-040/MG;Norte;Tombamento de Moto;0;0;0;1;0;1;0;0;0;0;1;2;0;0;0
05/12/2019;18:59:00;256;Acidente com Vítimas;2,8;BR-040/DF;Sul;Colisão traseira;0;0;0;1;1;0;0;0;0;0;2;0;0;0;0
05/12/2019;19:02:00;257;Acidente com Vítimas;536,15;BR-040/MG;Norte;Atropelamento de Pedestre;0;0;0;1;0;0;0;0;0;0;1;1;0;0;0
05/12/2019;19:21:00;276;Acidente sem Vítimas;534,5;BR-040/MG;Norte;Colisão lateral;1;0;0;1;0;0;0;0;0;0;2;0;0;0;0
05/12/2019;19:53:00;269;Acidente sem Vítimas;661,5;BR-040/MG;Norte;Queda Veículo;1;0;0;0;0;0;0;0;0;0;1;0;0;0;0
05/12/2019;20:50:00;282;Acidente sem Vítimas;442,9;BR-040/MG;Norte;Tombamento;0;0;0;0;0;0;0;0;0;0;1;0;0;0;0
05/12/2019;21:07:00;284;Acidente sem Vítimas;464,15;BR-040/MG;Norte;Choque c/ Objeto Fixo;0;0;0;0;0;1;0;0;0;0;1;0;0;0;0
05/12/2019;21:33:00;289;Acidente sem Vítimas;129,5;BR-040/GO;Norte;Choque com objeto;1;0;0;0;0;0;0;0;0;0;2;0;0;0;0
06/12/2019;00:40:00;5;Acidente sem Vítimas;1,5;BR-040/GO;Sul;Outros;1;0;0;0;0;0;0;0;0;0;1;0;0;0;0
06/12/2019;02:33:00;15;Acidente com Vítimas;5,9;BR-040/GO;Norte;Choque c/ Objeto Fixo;1;0;0;0;0;0;0;0;0;0;0;1;0;0;0
06/12/2019;06:46:00;115;Acidente com Vítimas;2,15;BR-040/GO;Norte;Tombamento;0;0;0;1;0;0;0;0;0;0;1;1;0;0;0
06/12/2019;07:56:00;131;Acidente com Vítimas;517,236;BR-040/MG;Sul;Colisão lateral;2;0;0;1;0;0;0;0;0;0;3;1;0;0;0
06/12/2019;08:11:00;136;Acidente sem Vítimas;242,5;BR-040/MG;Sul;Colisão traseira;0;0;1;0;0;2;0;0;0;0;2;0;0;0;0
06/12/2019;13:12:00;193;Acidente sem Vítimas;718,1;BR-040/MG;Sul;Choque c/ Objeto Fixo;1;0;0;0;0;0;0;0;0;0;2;0;0;0;0
06/12/2019;13:43:00;201;Acidente sem Vítimas;729;BR-040/MG;Sul;Choque c/ Objeto Fixo;1;0;0;0;0;0;0;0;0;0;1;0;0;0;0
06/12/2019;15:49:00;215;Acidente sem Vítimas;532,4;BR-040/MG;Sul;Engavetamento;2;0;0;0;0;1;0;0;0;0;4;0;0;0;0
06/12/2019;16:37:00;228;Acidente sem Vítimas;551,398;BR-040/MG;Norte;Colisão traseira;2;0;0;0;0;0;0;0;0;0;2;0;0;0;0
06/12/2019;18:06:00;250;Acidente com Vítimas;626,1;BR-040/MG;Norte;Outros;2;0;0;0;0;1;0;0;0;0;1;0;0;0;0
06/12/2019;18:22:00;257;Acidente sem Vítimas;141,1;BR-040/MG;Norte;Colisão transversal;1;0;0;0;0;0;0;0;0;0;1;0;0;0;0
06/12/2019;18:25:00;260;Acidente sem Vítimas;751,95;BR-040/MG;Norte;Tombamento de Moto;0;0;0;1;0;0;0;0;0;0;1;0;0;0;0
06/12/2019;18:50:00;268;Acidente sem Vítimas;770,1;BR-040/MG;Sul;Colisão frontal;1;0;0;0;0;0;0;0;0;0;1;0;0;0;0
06/12/2019;18:51:00;269;Acidente sem Vítimas;483,505;BR-040/MG;Sul;Choque c/ Objeto Fixo;0;0;0;0;0;0;0;0;0;0;1;0;0;0;0
06/12/2019;19:50:00;286;Acidente sem Vítimas;631,1;BR-040/MG;Norte;Colisão traseira;2;0;0;0;0;0;0;0;0;0;1;0;0;0;0
06/12/2019;20:10:00;294;Acidente sem Vítimas;16,8;BR-040/MG;Sul;Colisão traseira;0;0;0;0;0;0;0;0;0;0;1;0;0;0;0
07/12/2019;00:23:00;4;Acidente com Vítimas;550,7;BR-040/MG;Norte;Tombamento;1;0;1;0;0;0;0;0;0;0;1;0;1;0;0
07/12/2019;00:36:00;7;Acidente sem Vítimas;705,3;BR-040/MG;Sul;Choque c/ Objeto Fixo;1;0;0;0;0;0;0;0;0;0;1;0;0;0;0
07/12/2019;03:38:00;52;Acidente sem Vítimas;469,3;BR-040/MG;Norte;Choque c/ Objeto Fixo;1;0;0;0;0;0;0;0;0;0;1;0;0;0;0
07/12/2019;05:49:00;65;Acidente sem Vítimas;30,1;BR-040/GO;Sul;Choque c/ Objeto Fixo;1;0;0;0;0;0;0;0;0;0;1;0;0;0;0
07/12/2019;08:08:00;94;Acidente com Vítimas;591,25;BR-040/MG;Norte;Tombamento;0;0;2;0;0;0;0;0;0;0;0;1;0;0;0
07/12/2019;08:28:00;97;Acidente com Vítimas;43,1;BR-040/MG;Sul;Colisão traseira;1;0;0;1;0;0;0;0;0;0;0;1;0;0;0
07/12/2019;09:27:00;108;Acidente com Vítimas;55,1;BR-040/MG;Norte;Colisão frontal;1;0;0;1;0;1;0;0;0;0;1;0;0;0;0
07/12/2019;11:01:00;122;Acidente sem Vítimas;524,9;BR-040/MG;Norte;Atropelamento de Animal;2;0;0;0;0;2;0;0;0;0;5;0;0;0;0
07/12/2019;12:29:00;134;Acidente sem Vítimas;462,489;BR-040/MG;Sul;Choque c/ Objeto Fixo;1;0;0;0;0;0;0;0;0;0;1;0;0;0;0
07/12/2019;13:19:00;146;Acidente sem Vítimas;554,9;BR-040/MG;Sul;Colisão lateral;1;0;0;0;0;1;0;0;0;0;1;0;0;0;0
07/12/2019;13:40:00;156;Acidente sem Vítimas;58,2;BR-040/MG;Sul;Choque c/ Objeto Fixo;1;0;0;0;0;0;0;0;0;0;2;0;0;0;0
07/12/2019;15:28:00;181;Acidente sem Vítimas;515,4;BR-040/MG;Sul;Colisão traseira;1;0;0;1;0;0;0;0;0;0;2;0;0;0;0
07/12/2019;16:13:00;187;Acidente sem Vítimas;5,5;BR-040/GO;Sul;Colisão traseira;2;0;0;0;0;0;0;0;0;0;2;0;0;0;0
07/12/2019;16:35:00;191;Acidente sem Vítimas;527,9;BR-040/MG;Sul;Tombamento de Moto;0;0;0;1;0;1;0;0;0;0;1;0;0;0;0
07/12/2019;19:00:00;234;Acidente sem Vítimas;2,1;BR-040/DF;Norte;Choque c/ Objeto Fixo;1;0;0;0;0;0;0;0;0;0;1;0;0;0;0
07/12/2019;19:10:00;237;Acidente sem Vítimas;9;BR-040/GO;Norte;Colisão lateral;1;0;0;1;0;1;0;0;0;0;1;0;0;0;0
07/12/2019;20:14:00;251;Acidente sem Vítimas;517,63;BR-040/MG;Norte;Choque c/ Objeto Fixo;1;0;0;0;0;0;0;0;0;0;1;0;0;0;0
08/12/2019;10:10:00;54;Acidente sem Vítimas;236,87;BR-040/MG;Sul;Choque c/ Objeto Fixo;1;0;0;0;0;1;0;0;0;0;1;0;0;0;0
08/12/2019;11:26:00;69;Acidente com Vítimas;421,593;BR-040/MG;Sul;Capotamento;1;0;0;0;0;0;0;0;0;0;1;0;3;0;0
08/12/2019;11:33:00;67;Acidente sem Vítimas;760,444;BR-040/MG;Norte;Tombamento de Moto;2;0;0;1;0;0;0;0;0;0;2;0;0;0;0
08/12/2019;12:34:00;82;Acidente sem Vítimas;613,515;BR-040/MG;Norte;Colisão frontal;2;0;0;0;0;1;0;0;0;0;1;0;1;0;0
08/12/2019;13:52:00;95;Acidente sem Vítimas;5,1;BR-040/GO;Sul;Colisão traseira;1;0;0;0;0;0;0;0;0;0;1;0;0;0;0
08/12/2019;13:55:00;96;Acidente sem Vítimas;154,15;BR-040/GO;Norte;Choque c/ Objeto Fixo;1;0;0;0;0;0;0;0;0;0;2;0;0;0;0
08/12/2019;15:31:00;106;Acidente sem Vítimas;8,17;BR-040/GO;Sul;Capotamento;2;0;0;0;0;0;0;0;0;0;3;0;0;0;0
08/12/2019;15:34:00;108;Acidente Fatal;635,93;BR-040/MG;Sul;Colisão frontal;2;0;0;0;0;1;0;0;0;0;0;2;3;0;1
08/12/2019;17:31:00;124;Acidente sem Vítimas;49,7;BR-040/MG;Sul;Capotamento;1;0;0;0;0;0;0;0;0;0;1;0;0;0;0
08/12/2019;18:04:00;128;Acidente sem Vítimas;6,1;BR-040/GO;Norte;Colisão traseira;0;0;0;1;0;0;0;0;0;0;1;0;0;0;0
08/12/2019;19:16:00;150;Acidente sem Vítimas;264,2;BR-040/MG;Sul;Capotamento;1;0;0;0;0;0;0;0;0;0;1;0;0;0;0
08/12/2019;20:12:00;163;Acidente com Vítimas;517;BR-040/MG;Sul;Colisão lateral;1;0;0;0;0;0;0;0;0;0;0;0;2;0;0
08/12/2019;20:26:00;165;Acidente sem Vítimas;5,6;BR-040/GO;Sul;Choque c/ Objeto Fixo;1;0;0;0;0;0;0;0;0;0;1;0;0;0;0
08/12/2019;20:56:00;169;Acidente com Vítimas;592,15;BR-040/MG;Sul;Colisão traseira;1;0;1;0;0;0;0;0;0;0;0;1;0;0;0
09/12/2019;06:03:00;70;Acidente sem Vítimas;541,6;BR-040/MG;Sul;Engavetamento;3;0;0;0;0;1;0;0;0;0;3;0;0;0;0
09/12/2019;07:20:00;86;Acidente com Vítimas;731,8;BR-040/MG;Sul;Choque c/ Objeto Fixo;1;0;0;0;0;0;0;0;0;0;0;1;0;0;0
09/12/2019;08:27:00;104;Acidente com Vítimas;538,604;BR-040/MG;Sul;Tombamento de Moto;0;0;0;2;0;0;0;0;0;0;2;1;0;0;0
09/12/2019;09:26:00;125;Acidente com Vítimas;533,232;BR-040/MG;Norte;Colisão traseira;1;0;0;1;0;0;0;0;0;0;1;1;0;0;0
09/12/2019;09:37:00;128;Acidente sem Vítimas;442,262;BR-040/MG;Norte;Tombamento;1;0;0;0;0;0;0;0;0;0;1;0;0;0;0
09/12/2019;11:01:00;144;Acidente sem Vítimas;617,5;BR-040/MG;Norte;Choque c/ Objeto Fixo;0;0;0;0;0;1;0;0;0;0;1;0;0;0;0
09/12/2019;11:40:00;151;Acidente sem Vítimas;729,121;BR-040/MG;Sul;Choque c/ Objeto Fixo;0;0;0;0;1;0;0;0;0;0;1;0;0;0;0