data;horario;n_da_ocorrencia;tipo_de_ocorrencia;km;trecho;sentido;tipo_de_acidente;automovel;bicicleta;caminhao;moto;onibus;outros;tracao_animal;transporte_de_cargas_especiais;trator_maquinas;utilitarios;ilesos;levemente_feridos;moderadamente_feridos;gravemente_feridos;mortos
02/06/2020;11:18:00;167;Acidente com Vítimas;540,29;BR-040/MG;Sul;Tombamento de Moto;0;0;0;1;0;0;0;0;0;0;1;1;0;0;0
02/06/2020;14:35:00;207;Acidente sem Vítimas;356,5;BR-040/MG;Norte;Tombamento de Moto;0;0;0;1;0;0;0;0;0;0;1;1;0;0;0
02/06/2020;15:13:00;216;Acidente sem Vítimas;576,6;BR-040/MG;Norte;Colisão lateral;2;0;0;0;0;0;0;0;0;0;2;0;0;0;0
02/06/2020;17:58:00;242;Acidente com Vítimas;609,7;BR-040/MG;Sul;Colisão traseira;1;0;0;0;1;1;0;0;0;0;1;0;1;0;0
02/06/2020;18:35:00;248;Acidente sem Vítimas;523,1;BR-040/MG;Sul;Choque com objeto;1;0;2;0;0;0;0;0;0;0;12;0;0;0;0
02/06/2020;20:38:00;261;Acidente sem Vítimas;354,8;BR-040/MG;Sul;Colisão lateral;1;0;0;0;1;1;0;0;0;0;0;0;0;0;0
03/06/2020;03:44:00;95;Acidente sem Vítimas;520,1;BR-040/MG;Sul;Capotamento;1;0;0;0;0;0;0;0;0;0;1;0;0;0;0
03/06/2020;04:06:00;96;Acidente com Vítimas;27,5;BR-040/GO;Sul;Choque c/ Objeto Fixo;1;0;0;0;0;0;0;0;0;0;0;1;0;0;0
03/06/2020;06:34:00;114;Acidente com Vítimas;541,3;BR-040/MG;Sul;Colisão traseira;1;0;0;1;0;0;0;0;0;0;0;1;0;0;0
03/06/2020;08:57:00;165;Acidente com Vítimas;638,1;BR-040/MG;Norte;Tombamento de Moto;0;0;0;0;0;1;0;0;0;0;0;1;0;0;0
03/06/2020;10:58:00;190;Acidente sem Vítimas;1,2;BR-040/GO;Sul;Engavetamento;2;0;0;0;0;1;0;0;0;0;3;0;0;0;0
03/06/2020;12:22:00;205;Acidente sem Vítimas;532,6;BR-040/MG;Sul;Colisão traseira;3;0;0;0;0;0;0;0;0;0;2;0;0;0;0
03/06/2020;15:09:00;229;Acidente sem Vítimas;758,3;BR-040/MG;Norte;Capotamento;1;0;0;0;0;0;0;0;0;0;2;0;0;0;0
03/06/2020;19:55:00;287;Acidente sem Vítimas;2,78;BR-040/DF;Sul;Engavetamento;3;0;0;0;0;1;0;0;0;0;3;0;0;0;0
03/06/2020;21:40:00;300;Acidente com Vítimas;695,7;BR-040/MG;Norte;Tombamento de Moto;0;0;0;1;0;0;0;0;0;0;0;1;1;0;0
04/06/2020;02:34:00;47;Acidente sem Vítimas;2,2;BR-040/DF;Sul;Choque c/ Objeto Fixo;1;0;0;0;0;0;0;0;0;0;0;0;0;0;0
04/06/2020;06:10:00;87;Acidente com Vítimas;529,15;BR-040/MG;Sul;Tombamento de Moto;0;0;0;0;0;1;0;0;0;0;1;1;0;0;0
04/06/2020;08:29:00;119;Acidente com Vítimas;510,8;BR-040/MG;Norte;Colisão traseira;1;0;1;0;0;0;0;0;0;0;1;0;1;0;0
04/06/2020;11:24:00;168;Acidente sem Vítimas;39,1;BR-040/GO;Norte;Tombamento;0;0;0;0;0;1;0;0;0;0;1;0;0;0;0
04/06/2020;12:45:00;183;Acidente sem Vítimas;608,135;BR-040/MG;Sul;Colisão transversal;0;0;1;1;0;0;0;0;0;0;2;0;0;0;0
04/06/2020;15:12:00;211;Acidente sem Vítimas;628,1;BR-040/MG;Norte;Colisão lateral;0;0;0;0;2;0;0;0;0;0;2;0;0;0;0
04/06/2020;15:54:00;216;Acidente com Vítimas;522,1;BR-040/MG;Norte;Colisão lateral;0;0;0;0;0;2;0;0;0;0;1;0;1;0;0
04/06/2020;17:05:00;225;Acidente com Vítimas;73,4;BR-040/MG;Norte;Capotamento;0;0;0;1;0;1;0;0;0;0;0;1;0;0;0
04/06/2020;20:12:00;271;Acidente sem Vítimas;79,5;BR-040/GO;Norte;Atropelamento de Animal;0;0;0;0;0;1;0;0;0;0;1;0;0;0;0
04/06/2020;21:14:00;284;Acidente com Vítimas;700,2;BR-040/MG;Sul;Colisão transversal;1;0;0;1;0;0;0;0;0;0;0;1;1;0;0
04/06/2020;22:56:00;295;Acidente sem Vítimas;543,1;BR-040/MG;Norte;Colisão traseira;1;0;0;0;1;0;0;0;0;0;2;0;0;0;0
05/06/2020;05:59:00;82;Acidente sem Vítimas;27;BR-040/GO;Sul;Colisão frontal;1;0;0;0;0;1;0;0;0;0;1;0;0;0;0
05/06/2020;10:39:00;149;Acidente com Vítimas;535,4;BR-040/MG;Norte;Choque c/ Objeto Fixo;0;0;0;1;0;0;0;0;0;0;1;0;0;0;0
05/06/2020;14:39:00;189;Acidente com Vítimas;467,1;BR-040/MG;Norte;Capotamento;1;0;0;0;0;0;0;0;0;0;1;0;0;0;0
05/06/2020;15:48:00;203;Acidente sem Vítimas;526,7;BR-040/MG;Norte;Colisão lateral;1;0;1;0;0;0;0;0;0;0;2;0;0;0;0
05/06/2020;17:15:00;224;Acidente com Vítimas;91,85;BR-040/GO;Norte;Colisão transversal;1;0;0;1;0;1;0;0;0;0;3;1;0;0;0
05/06/2020;17:48:00;232;Acidente sem Vítimas;636,5;BR-040/MG;Sul;Colisão lateral;1;0;1;0;0;0;0;0;0;0;0;0;0;0;0
05/06/2020;18:27:00;239;Acidente com Vítimas;12,6;BR-040/GO;Norte;Atropelamento de Pedestre;0;0;0;0;0;0;0;0;0;0;0;0;0;0;0
05/06/2020;20:14:00;266;Acidente sem Vítimas;179,95;BR-040/MG;Norte;Tombamento;1;0;0;0;2;0;0;0;0;0;1;0;0;0;0
06/06/2020;01:49:00;7;Acidente sem Vítimas;544,1;BR-040/MG;Sul;Colisão lateral;0;0;0;1;0;0;0;0;0;0;0;0;1;0;0
06/06/2020;03:02:00;17;Acidente sem Vítimas;11,2;BR-040/GO;Sul;Capotamento;1;0;0;0;0;0;0;0;0;0;0;0;0;0;0
06/06/2020;04:41:00;30;Acidente sem Vítimas;108,4;BR-040/MG;Norte;Capotamento;2;0;0;0;0;0;0;0;0;0;3;0;0;0;0
06/06/2020;04:58:00;32;Acidente sem Vítimas;473,1;BR-040/MG;Sul;Choque c/ Objeto Fixo;1;0;0;0;0;0;0;0;0;0;1;0;0;0;0
06/06/2020;05:02:00;33;Acidente sem Vítimas;728,7;BR-040/MG;Sul;Capotamento;1;0;0;0;0;1;0;0;0;0;0;0;0;0;0
06/06/2020;05:10:00;34;Acidente sem Vítimas;3,4;BR-040/GO;Sul;Colisão traseira;2;0;0;0;0;0;0;0;0;0;1;0;0;0;0
06/06/2020;07:46:00;59;Acidente sem Vítimas;518,25;BR-040/MG;Sul;Colisão lateral;1;0;0;1;1;1;0;0;0;0;3;0;0;0;0
06/06/2020;08:23:00;62;Acidente sem Vítimas;36,33;BR-040/MG;Sul;Colisão lateral;1;0;0;0;0;1;0;0;0;0;2;0;0;0;0
06/06/2020;08:25:00;63;Acidente sem Vítimas;2,1;BR-040/DF;Sul;Capotamento;1;0;0;0;0;2;0;0;0;0;2;0;0;0;0
06/06/2020;11:06:00;90;Acidente sem Vítimas;276,5;BR-040/MG;Sul;Atropelamento de Pedestre;0;0;0;1;0;0;0;0;0;0;1;1;0;0;0
06/06/2020;12:59:00;118;Acidente com Vítimas;498,634;BR-040/MG;Norte;Tombamento de Moto;0;0;0;1;0;0;0;0;0;0;1;0;1;0;0
06/06/2020;13:20:00;125;Acidente sem Vítimas;250,2;BR-040/MG;Sul;Engavetamento;1;0;0;0;1;1;0;0;0;0;3;0;0;0;0
06/06/2020;14:07:00;133;Acidente com Vítimas;532,814;BR-040/MG;Norte;Colisão traseira;1;0;0;1;0;2;0;0;0;0;1;0;1;0;0
06/06/2020;14:16:00;134;Acidente sem Vítimas;539,97;BR-040/MG;Sul;Colisão traseira;2;0;0;1;0;0;0;0;0;0;3;0;0;0;0
06/06/2020;14:36:00;136;Acidente sem Vítimas;3,3;BR-040/GO;Norte;Colisão traseira;2;0;0;0;0;2;0;0;0;0;3;0;0;0;0
06/06/2020;15:17:00;143;Acidente com Vítimas;281,3;BR-040/MG;Sul;Choque c/ Objeto Fixo;1;0;0;0;0;1;0;0;0;0;1;1;0;0;0
07/06/2020;05:42:00;14;Acidente sem Vítimas;483,6;BR-040/MG;Norte;Choque c/ Objeto Fixo;1;0;0;0;0;1;0;0;0;0;2;0;0;0;0
07/06/2020;08:30:00;36;Acidente com Vítimas;40,8;BR-040/MG;Norte;Colisão transversal;0;0;0;1;0;1;0;0;0;0;2;2;0;0;0
07/06/2020;09:06:00;37;Acidente sem Vítimas;106,6;BR-040/MG;Sul;Capotamento;1;0;0;0;0;0;0;0;0;0;0;1;0;0;0
07/06/2020;09:29:00;43;Acidente com Vítimas;517,63;BR-040/MG;Norte;Tombamento de Moto;0;0;0;1;0;1;0;0;0;0;0;1;0;0;0
07/06/2020;13:06:00;76;Acidente sem Vítimas;275,652;BR-040/MG;Sul;Choque c/ Objeto Fixo;1;0;0;0;0;0;0;0;0;0;1;0;0;0;0
07/06/2020;13:18:00;80;Acidente sem Vítimas;738,1;BR-040/MG;Norte;Choque c/ Objeto Fixo;1;0;0;0;0;0;0;0;0;0;4;0;0;0;0
07/06/2020;16:35:00;106;Acidente com Vítimas;551,49;BR-040/MG;Sul;Colisão transversal;1;0;0;0;0;1;0;0;0;0;2;1;0;0;0
08/06/2020;10:27:00;158;Acidente com Vítimas;11,5;BR-040/GO;Norte;Colisão traseira;1;0;0;0;0;1;0;0;0;0;0;0;0;0;0
08/06/2020;12:15:00;182;Acidente sem Vítimas;544,3;BR-040/MG;Norte;Tombamento;0;0;0;0;1;0;0;0;0;0;1;0;0;0;0
08/06/2020;15:49:00;221;Acidente com Vítimas;6,4;BR-040/GO;Sul;Tombamento de Moto;0;0;0;1;0;0;0;0;0;0;0;1;0;0;0
08/06/2020;17:58:00;245;Acidente sem Vítimas;576,1;BR-040/MG;Sul;Choque c/ Objeto Fixo;0;0;0;1;0;1;0;0;0;0;0;0;0;0;0
08/06/2020;18:07:00;248;Acidente sem Vítimas;532,7;BR-040/MG;Norte;Engavetamento;3;0;0;0;0;0;0;0;0;0;3;0;0;0;0
08/06/2020;19:10:00;256;Acidente com Vítimas;575,8;BR-040/MG;Sul;Atropelamento de Pedestre;1;0;0;0;0;1;0;0;0;0;0;0;1;0;0
08/06/2020;19:23:00;258;Acidente sem Vítimas;86,9;BR-040/MG;Norte;Atropelamento de Animal;0;0;0;0;1;0;0;0;0;0;1;0;0;0;0
08/06/2020;19:27:00;259;Acidente sem Vítimas;7,6;BR-040/DF;Sul;Atropelamento de Animal;0;0;0;0;0;2;0;0;0;0;1;0;0;0;0
08/06/2020;20:19:00;266;Acidente sem Vítimas;511,1;BR-040/MG;Sul;Colisão traseira;1;0;0;0;0;1;0;0;0;0;1;0;0;0;0
09/06/2020;08:04:00;116;Acidente com Vítimas;555,5;BR-040/MG;Sul;Colisão lateral;1;0;0;1;0;0;0;0;0;0;0;0;1;0;0
09/06/2020;12:57:00;186;Acidente sem Vítimas;377,7;BR-040/MG;Norte;Colisão traseira;2;0;0;0;0;0;0;0;0;0;1;0;0;0;0
09/06/2020;13:33:00;194;Acidente com Vítimas;607,1;BR-040/MG;Norte;Atropelamento de Animal;0;0;0;1;0;0;0;0;0;0;0;1;0;0;0
09/06/2020;15:33:00;219;Acidente com Vítimas;523,255;BR-040/MG;Norte;Tombamento de Moto;0;0;0;1;0;0;0;0;0;0;1;1;0;0;0
09/06/2020;17:47:00;243;Acidente Fatal;696,8;BR-040/MG;Sul;Atropelamento de Pedestre;0;0;0;0;0;1;0;0;0;0;1;0;1;0;1
09/06/2020;22:56:00;298;Acidente sem Vítimas;597,2;BR-040/MG;Sul;Colisão transversal;2;0;0;0;0;1;0;0;0;0;0;0;0;0;0
09/06/2020;23:34:00;303;Acidente sem Vítimas;728,2;BR-040/MG;Sul;Colisão traseira;0;0;1;1;0;0;0;0;0;0;0;0;0;0;0
10/06/2020;08:33:00;142;Acidente com Vítimas;127,15;BR-040/MG;Norte;Capotamento;1;0;0;0;0;0;0;0;0;0;1;0;0;0;0
10/06/2020;09:37:00;163;Acidente com Vítimas;540,29;BR-040/MG;Sul;Colisão traseira;0;0;1;1;0;0;0;0;0;0;2;0;1;0;0
10/06/2020;12:18:00;200;Acidente sem Vítimas;668,15;BR-040/MG;Sul;Colisão transversal;2;0;0;0;0;1;0;0;0;0;3;0;0;0;0
10/06/2020;12:44:00;204;Acidente sem Vítimas;531,2;BR-040/MG;Norte;Engavetamento;2;0;0;0;0;1;0;0;0;0;3;0;0;0;0
10/06/2020;13:21:00;209;Acidente sem Vítimas;236,7;BR-040/MG;Norte;Choque c/ Objeto Fixo;0;0;0;0;0;2;0;0;0;0;1;0;0;0;0
10/06/2020;18:09:00;262;Acidente sem Vítimas;550,5;BR-040/MG;Sul;Colisão lateral;1;0;0;1;1;0;0;0;0;0;0;0;0;0;0
10/06/2020;18:42:00;268;Acidente com Vítimas;502,2;BR-040/MG;Norte;Atropelamento de Pedestre;1;0;0;0;0;1;0;0;0;0;1;0;1;0;0
10/06/2020;19:15:00;277;Acidente com Vítimas;448,1;BR-040/MG;Sul;Capotamento;1;0;0;0;0;1;0;0;0;0;1;2;0;0;0
11/06/2020;06:23:00;80;Acidente sem Vítimas;487,206;BR-040/MG;Norte;Colisão traseira;2;0;0;0;0;0;0;0;0;0;8;0;0;0;0
11/06/2020;08:28:00;108;Acidente com Vítimas;30,3;BR-040/MG;Sul;Colisão frontal;1;0;0;0;1;1;0;0;0;0;3;1;1;1;0
11/06/2020;10:09:00;141;Acidente com Vítimas;611,5;BR-040/MG;Norte;Choque c/ Objeto Fixo;1;0;0;0;0;0;0;0;0;0;0;2;0;0;0
11/06/2020;12:40:00;171;Acidente com Vítimas;72,6;BR-040/GO;Sul;Capotamento;1;0;0;0;0;0;0;0;0;0;0;1;0;0;0
11/06/2020;16:18:00;219;Acidente sem Vítimas;446,318;BR-040/MG;Norte;Tombamento;0;0;0;0;0;2;0;0;0;0;1;0;0;0;0
11/06/2020;22:46:00;296;Acidente com Vítimas;465,5;BR-040/MG;Norte;Choque c/ Objeto Fixo;1;0;0;0;0;0;0;0;0;0;2;2;1;0;0
12/06/2020;02:01:00;13;Acidente com Vítimas;436,15;BR-040/MG;Sul;Colisão traseira;1;0;1;0;0;1;0;0;0;0;2;1;0;0;0
12/06/2020;10:36:00;108;Acidente sem Vítimas;530,9;BR-040/MG;Sul;Colisão traseira;1;0;0;0;0;1;0;0;0;0;4;0;0;0;0
12/06/2020;12:26:00;131;Acidente com Vítimas;482,8;BR-040/MG;Sul;Choque c/ Objeto Fixo;1;0;0;0;0;1;0;0;0;0;0;0;1;0;0
12/06/2020;12:34:00;134;Acidente com Vítimas;1,25;BR-040/GO;Sul;Colisão lateral;1;0;0;1;0;0;0;0;0;0;0;1;0;0;0
12/06/2020;13:48:00;144;Acidente com Vítimas;568,785;BR-040/MG;Sul;Engavetamento;3;0;0;0;0;0;0;0;0;0;6;0;1;0;0
12/06/2020;15:20:00;163;Acidente sem Vítimas;684,4;BR-040/MG;Norte;Capotamento;1;0;0;0;0;0;0;0;0;0;0;0;0;0;0
12/06/2020;16:52:00;181;Acidente com Vítimas;478,7;BR-040/MG;Norte;Capotamento;1;0;0;0;0;1;0;0;0;0;0;1;1;2;0
12/06/2020;16:55:00;183;Acidente sem Vítimas;524,9;BR-040/MG;Norte;Tombamento de Moto;0;0;0;1;0;2;0;0;0;0;3;0;0;0;0
12/06/2020;19:01:00;206;Acidente com Vítimas;42,1;BR-040/MG;Sul;Colisão transversal;0;0;0;1;0;1;0;0;0;0;0;1;0;0;0
12/06/2020;19:37:00;214;Acidente sem Vítimas;508,7;BR-040/MG;Norte;Colisão traseira;1;0;0;0;1;0;0;0;0;0;2;0;0;0;0
12/06/2020;20:08:00;217;Acidente com Vítimas;279,3;BR-040/MG;Norte;Colisão transversal;1;0;0;0;0;2;0;0;0;0;3;0;0;1;0
12/06/2020;22:26:00;234;Acidente com Vítimas;485,3;BR-040/MG;Norte;Tombamento de Moto;0;0;0;1;0;0;0;0;0;0;0;2;0;0;0
13/06/2020;05:37:00;22;Acidente sem Vítimas;100,35;BR-040/GO;Sul;Atropelamento de Animal;0;0;0;0;0;1;0;0;0;0;3;0;0;0;0
13/06/2020;06:36:00;31;Acidente com Vítimas;557,1;BR-040/MG;Sul;Tombamento;0;0;0;0;1;0;0;0;0;0;0;0;0;1;0
13/06/2020;06:55:00;33;Acidente com Vítimas;533,6;BR-040/MG;Sul;Tombamento de Moto;0;0;0;1;0;1;0;0;0;0;2;1;0;0;0
13/06/2020;10:01:00;59;Acidente com Vítimas;554,32;BR-040/MG;Sul;Colisão lateral;0;0;0;1;0;1;0;0;0;0;1;0;1;0;0
13/06/2020;12:29:00;83;Acidente sem Vítimas;560,8;BR-040/MG;Sul;Tombamento de Moto;0;0;0;1;0;0;0;0;0;0;1;1;0;0;0
13/06/2020;15:40:00;113;Acidente Fatal;749,3;BR-040/MG;Sul;Colisão transversal;0;0;0;1;1;0;0;0;0;0;1;0;0;0;1
13/06/2020;20:14:00;166;Acidente sem Vítimas;446,5;BR-040/MG;Norte;Tombamento de Moto;0;0;0;1;0;0;0;0;0;0;0;1;0;0;0
13/06/2020;21:47:00;178;Acidente com Vítimas;2,8;BR-040/GO;Norte;Colisão traseira;1;0;0;1;0;1;0;0;0;0;3;0;1;0;0
13/06/2020;22:59:00;185;Acidente com Vítimas;7,5;BR-040/GO;Norte;Atropelamento de Animal;0;0;0;1;0;0;0;0;0;0;1;0;1;0;0
14/06/2020;05:10:00;25;Acidente sem Vítimas;150,5;BR-040/GO;Sul;Tombamento;0;0;0;0;1;1;0;0;0;0;2;0;0;0;0
14/06/2020;06:05:00;28;Acidente sem Vítimas;16,4;BR-040/GO;Sul;Capotamento;1;0;0;0;0;0;0;0;0;0;1;0;0;0;0
14/06/2020;08:00:00;45;Acidente sem Vítimas;535,316;BR-040/MG;Sul;Choque c/ Objeto Fixo;1;0;0;0;0;0;0;0;0;0;1;0;0;0;0
14/06/2020;11:22:00;96;Acidente sem Vítimas;529,61;BR-040/MG;Norte;Colisão traseira;2;0;0;0;0;0;0;0;0;0;2;0;0;0;0
14/06/2020;13:01:00;117;Acidente sem Vítimas;146,9;BR-040/MG;Sul;Choque c/ Objeto Fixo;1;0;0;0;0;1;0;0;0;0;1;0;0;0;0
14/06/2020;13:19:00;123;Acidente sem Vítimas;712,5;BR-040/MG;Sul;Colisão traseira;2;0;0;0;0;0;0;0;0;0;2;0;0;0;0
14/06/2020;13:42:00;129;Acidente sem Vítimas;532,8;BR-040/MG;Sul;Choque c/ Objeto Fixo;1;0;0;0;0;1;0;0;0;0;0;0;0;0;0
14/06/2020;15:35:00;155;Acidente com Vítimas;541,62;BR-040/MG;Norte;Colisão lateral;0;0;0;2;0;0;0;0;0;0;1;1;0;0;0
14/06/2020;16:08:00;165;Acidente sem Vítimas;456,8;BR-040/MG;Sul;Colisão traseira;2;0;0;0;0;0;0;0;0;0;7;0;0;0;0
14/06/2020;17:10:00;179;Acidente com Vítimas;10,5;BR-040/GO;Norte;Capotamento;0;0;0;0;1;1;0;0;0;0;0;0;0;1;0
14/06/2020;17:43:00;189;Acidente com Vítimas;433,84;BR-040/MG;Sul;Tombamento de Moto;0;0;0;1;0;0;0;0;0;0;0;1;0;0;0
14/06/2020;17:45:00;191;Acidente com Vítimas;517,155;BR-040/MG;Sul;Colisão traseira;1;0;0;0;0;2;0;0;0;0;6;0;2;0;0
14/06/2020;18:30:00;200;Acidente sem Vítimas;557,3;BR-040/MG;Norte;Colisão lateral;2;0;0;0;0;0;0;0;0;0;2;0;0;0;0
14/06/2020;18:38:00;202;Acidente sem Vítimas;757,5;BR-040/MG;Norte;Colisão lateral;2;0;0;0;0;0;0;0;0;0;0;0;0;0;0
14/06/2020;19:03:00;207;Acidente com Vítimas;552,1;BR-040/MG;Norte;Colisão traseira;0;0;0;1;0;0;0;0;0;0;1;0;0;0;0
14/06/2020;20:29:00;228;Acidente sem Vítimas;0,2;BR-040/MG;Norte;Atropelamento de Animal;1;0;0;0;0;0;0;0;0;0;0;0;0;0;0
14/06/2020;21:38:00;240;Acidente sem Vítimas;74,365;BR-040/GO;Norte;Atropelamento de Animal;1;0;0;0;0;0;0;0;0;0;0;0;0;0;0
15/06/2020;05:04:00;64;Acidente sem Vítimas;0,6;BR-040/GO;Norte;Colisão traseira;2;0;0;0;0;0;0;0;0;0;0;0;0;0;0
15/06/2020;07:42:00;90;Acidente sem Vítimas;73,6;BR-040/MG;Norte;Capotamento;1;0;0;0;0;0;0;0;0;0;1;0;0;0;0
15/06/2020;08:09:00;100;Acidente com Vítimas;530,69;BR-040/MG;Sul;Colisão traseira;0;0;0;1;0;0;0;0;0;0;0;1;1;0;0
15/06/2020;08:24:00;103;Acidente com Vítimas;727,1;BR-040/MG;Sul;Choque c/ Objeto Fixo;1;0;0;0;0;1;0;0;0;0;1;1;0;0;0
15/06/2020;08:48:00;111;Acidente sem Vítimas;541,42;BR-040/MG;Sul;Choque c/ Objeto Fixo;2;0;0;0;0;1;0;0;0;0;2;0;0;0;0
15/06/2020;09:00:00;118;Acidente sem Vítimas;717,1;BR-040/MG;Sul;Capotamento;1;0;0;0;0;1;0;0;0;0;1;0;0;0;0
15/06/2020;09:13:00;127;Acidente sem Vítimas;717,5;BR-040/MG;Sul;Capotamento;1;0;0;0;0;0;0;0;0;0;1;0;0;0;0
15/06/2020;09:15:00;128;Acidente com Vítimas;512,46;BR-040/MG;Sul;Colisão traseira;1;0;0;1;0;0;0;0;0;0;1;2;0;0;0
15/06/2020;13:35:00;187;Acidente sem Vítimas;235,6;BR-040/MG;Norte;Capotamento;1;0;0;0;0;2;0;0;0;0;1;0;0;0;0
15/06/2020;17:49:00;227;Acidente sem Vítimas;645,5;BR-040/MG;Sul;Colisão transversal;2;0;0;0;0;1;0;0;0;0;2;0;0;0;0
15/06/2020;18:13:00;232;Acidente com Vítimas;614,1;BR-040/MG;Norte;Tombamento;0;0;0;1;0;0;0;0;0;0;0;1;0;0;0
15/06/2020;20:09:00;256;Acidente com Vítimas;511,5;BR-040/MG;Norte;Atropelamento de Pedestre;0;0;0;0;0;1;0;0;0;0;1;1;0;0;0
16/06/2020;07:15:00;111;Acidente sem Vítimas;768,6;BR-040/MG;Sul;Capotamento;1;0;0;0;0;0;0;0;0;0;1;0;0;0;0
16/06/2020;07:44:00;120;Acidente com Vítimas;757,1;BR-040/MG;Sul;Colisão lateral;1;0;0;0;0;1;0;0;0;0;1;0;0;0;0
16/06/2020;08:08:00;127;Acidente sem Vítimas;731,1;BR-040/MG;Sul;Choque c/ Objeto Fixo;1;0;0;0;0;0;0;0;0;0;1;0;0;0;0
16/06/2020;08:11:00;129;Acidente sem Vítimas;486,5;BR-040/MG;Norte;Colisão traseira;0;0;0;0;0;2;0;0;0;0;2;0;0;0;0
16/06/2020;08:52:00;139;Acidente sem Vítimas;738,3;BR-040/MG;Norte;Choque c/ Objeto Fixo;1;0;0;0;0;0;0;0;0;0;1;0;0;0;0
16/06/2020;10:48:00;166;Acidente com Vítimas;532,4;BR-040/MG;Norte;Colisão lateral;1;0;0;1;0;0;0;0;0;0;2;0;0;0;0
16/06/2020;15:45:00;218;Acidente com Vítimas;1,8;BR-040/GO;Sul;Atropelamento de Pedestre;0;0;0;0;0;1;0;0;0;0;0;0;1;0;0
16/06/2020;19:43:00;264;Acidente sem Vítimas;728,2;BR-040/MG;Sul;Capotamento;1;0;0;0;0;0;0;0;0;0;0;0;0;0;0
16/06/2020;19:52:00;266;Acidente sem Vítimas;405,35;BR-040/MG;Sul;Colisão traseira;0;0;1;1;0;0;0;0;0;0;2;0;0;0;0
16/06/2020;20:41:00;281;Acidente sem Vítimas;731,8;BR-040/MG;Norte;Choque c/ Objeto Fixo;0;0;0;0;0;1;0;0;0;0;0;0;0;0;0
17/06/2020;02:24:00;43;Acidente com Vítimas;1,5;BR-040/GO;Norte;Capotamento;1;0;0;0;0;0;0;0;0;0;0;0;0;0;0
17/06/2020;04:18:00;65;Acidente sem Vítimas;133,5;BR-040/MG;Norte;Choque c/ Objeto Fixo;1;0;0;0;0;0;0;0;0;0;2;0;0;0;0
17/06/2020;06:47:00;89;Acidente sem Vítimas;431,1;BR-040/MG;Norte;Atropelamento de Animal;1;0;0;0;0;1;0;0;0;0;1;0;0;0;0
17/06/2020;07:59:00;117;Acidente sem Vítimas;522,5;BR-040/MG;Sul;Engavetamento;3;0;1;0;0;1;0;0;0;0;4;0;0;0;0
17/06/2020;08:01:00;115;Acidente sem Vítimas;705,3;BR-040/MG;Norte;Choque c/ Objeto Fixo;1;0;0;0;0;0;0;0;0;0;1;0;0;0;0
17/06/2020;08:03:00;116;Acidente com Vítimas;529,5;BR-040/MG;Sul;Tombamento de Moto;0;0;0;1;0;0;0;0;0;0;0;0;1;0;0
17/06/2020;09:01:00;143;Acidente sem Vítimas;502,1;BR-040/MG;Norte;Colisão traseira;2;0;0;0;0;0;0;0;0;0;2;0;0;0;0
17/06/2020;14:18:00;218;Acidente com Vítimas;34,5;BR-040/GO;Norte;Capotamento;1;0;0;0;0;2;0;0;0;0;0;2;1;0;0
17/06/2020;14:27:00;223;Acidente sem Vítimas;680,3;BR-040/MG;Norte;Choque c/ Objeto Fixo;1;0;0;0;0;0;0;0;0;0;1;0;0;0;0
17/06/2020;18:37:00;267;Acidente sem Vítimas;543,2;BR-040/MG;Norte;Choque c/ Objeto Fixo;0;0;1;0;0;0;0;0;0;0;1;0;0;0;0
17/06/2020;19:32:00;276;Acidente com Vítimas;0,1;BR-040/DF;Sul;Colisão lateral;1;0;0;0;0;1;0;0;0;0;2;1;0;0;0
17/06/2020;22:50:00;307;Acidente sem Vítimas;575,2;BR-040/MG;Norte;Colisão lateral;0;0;0;0;2;0;0;0;0;0;2;0;0;0;0
17/06/2020;23:44:00;312;Acidente com Vítimas;526,6;BR-040/MG;Sul;Atropelamento de Pedestre;1;0;0;0;0;0;0;0;0;0;1;0;0;1;0
18/06/2020;01:57:00;53;Acidente sem Vítimas;524,5;BR-040/MG;Sul;Atropelamento de Animal;1;0;0;0;0;0;0;0;0;0;1;0;0;0;0
18/06/2020;06:26:00;85;Acidente sem Vítimas;7,9;BR-040/DF;Norte;Colisão lateral;1;0;0;0;0;2;0;0;0;0;2;0;0;0;0
18/06/2020;06:46:00;91;Acidente sem Vítimas;523,12;BR-040/MG;Sul;Colisão traseira;1;0;0;0;0;1;0;0;0;0;2;0;0;0;0
18/06/2020;08:12:00;109;Acidente sem Vítimas;516,23;BR-040/MG;Sul;Engavetamento;2;0;0;1;0;0;0;0;0;0;2;0;0;0;0
18/06/2020;08:53:00;117;Acidente com Vítimas;5,1;BR-040/GO;Sul;Colisão transversal;0;0;0;1;0;1;0;0;0;0;0;1;0;0;0
18/06/2020;11:56:00;162;Acidente com Vítimas;533,132;BR-040/MG;Sul;Engavetamento;2;0;0;0;0;3;0;0;0;1;6;1;0;0;0
18/06/2020;13:46:00;186;Acidente sem Vítimas;545,1;BR-040/MG;Sul;Colisão traseira;0;0;1;0;0;0;0;0;0;0;0;0;0;0;0
18/06/2020;17:17:00;225;Acidente sem Vítimas;407,7;BR-040/MG;Sul;Capotamento;0;0;0;0;0;1;0;0;0;0;1;0;0;0;0
18/06/2020;18:08:00;246;Acidente com Vítimas;541,6;BR-040/MG;Norte;Tombamento de Moto;0;0;0;1;0;0;0;0;0;0;0;1;0;0;0
18/06/2020;19:35:00;265;Acidente sem Vítimas;36,5;BR-040/MG;Norte;Colisão traseira;1;0;0;0;0;0;0;0;0;0;0;0;0;0;0
18/06/2020;22:39:00;293;Acidente sem Vítimas;461,32;BR-040/MG;Sul;Capotamento;1;0;1;0;0;0;0;0;0;0;4;0;0;0;0