data;horario;n_da_ocorrencia;tipo_de_ocorrencia;km;trecho;sentido;tipo_de_acidente;automovel;bicicleta;caminhao;moto;onibus;outros;tracao_animal;transporte_de_cargas_especiais;trator_maquinas;utilitarios;ilesos;levemente_feridos;moderadamente_feridos;gravemente_feridos;mortos
19/06/2020;08:50:00;122;Acidente sem Vítimas;618,1;BR-040/MG;Sul;Colisão traseira;1;0;0;0;0;1;0;0;0;0;2;0;0;0;0
19/06/2020;13:39:00;180;Acidente sem Vítimas;496,503;BR-040/MG;Norte;Colisão lateral;2;0;0;0;0;0;0;0;0;0;5;0;0;0;0
19/06/2020;16:25:00;208;Acidente sem Vítimas;524,44;BR-040/MG;Norte;Choque c/ Objeto Fixo;1;0;0;0;0;0;0;0;0;0;1;0;0;0;0
19/06/2020;17:57:00;227;Acidente com Vítimas;640,3;BR-040/MG;Norte;Colisão transversal;1;0;0;2;0;0;0;0;0;0;2;1;0;0;0
19/06/2020;18:08:00;229;Acidente sem Vítimas;726,4;BR-040/MG;Norte;Colisão traseira;1;0;0;0;1;0;0;0;0;0;4;0;0;0;0
19/06/2020;18:51:00;236;Acidente sem Vítimas;5,7;BR-040/GO;Sul;Tombamento de Moto;0;0;0;1;0;1;0;0;0;0;2;0;0;0;0
19/06/2020;19:50:00;245;Acidente sem Vítimas;525,2;BR-040/MG;Norte;Colisão lateral;1;0;0;1;0;0;0;0;0;0;2;0;0;0;0
19/06/2020;20:52:00;250;Acidente com Vítimas;12,3;BR-040/GO;Sul;Atropelamento de Ciclista;1;1;0;0;0;0;0;0;0;0;0;1;0;0;0
19/06/2020;22:31:00;266;Acidente com Vítimas;12,9;BR-040/GO;Sul;Atropelamento de Pedestre;0;0;0;0;0;2;0;0;0;0;0;0;1;0;0
20/06/2020;01:47:00;7;Acidente sem Vítimas;536,2;BR-040/MG;Sul;Choque c/ Objeto Fixo;1;0;0;0;0;0;0;0;0;0;1;0;0;0;0
20/06/2020;02:55:00;14;Acidente sem Vítimas;430,1;BR-040/MG;Norte;Choque c/ Objeto Fixo;1;0;0;0;0;0;0;0;0;0;1;0;0;0;0
20/06/2020;06:57:00;48;Acidente Fatal;72,7;BR-040/GO;Sul;Atropelamento de Pedestre;0;0;0;0;0;1;0;0;0;0;0;0;0;0;1
20/06/2020;07:52:00;57;Acidente sem Vítimas;754,7;BR-040/MG;Sul;Tombamento;0;0;0;0;1;0;0;0;0;0;1;0;0;0;0
20/06/2020;08:25:00;65;Acidente sem Vítimas;521,1;BR-040/MG;Norte;Capotamento;1;0;0;0;0;0;0;0;0;0;1;0;0;0;0
20/06/2020;12:49:00;102;Acidente com Vítimas;763,4;BR-040/MG;Sul;Colisão frontal;3;0;0;0;0;0;0;0;0;0;0;3;0;1;0
20/06/2020;13:45:00;119;Acidente com Vítimas;0,4;BR-040/GO;Norte;Colisão lateral;0;0;0;1;1;0;0;0;0;0;2;0;0;0;0
20/06/2020;15:44:00;139;Acidente sem Vítimas;717,3;BR-040/MG;Norte;Choque com objeto;1;0;0;0;0;0;0;0;0;0;1;0;0;0;0
20/06/2020;16:52:00;151;Acidente sem Vítimas;525,25;BR-040/MG;Sul;Colisão traseira;2;0;0;0;0;0;0;0;0;0;2;0;0;0;0
20/06/2020;19:04:00;170;Acidente com Vítimas;3,5;BR-040/GO;Norte;Colisão traseira;1;0;0;1;0;0;0;0;0;0;1;1;0;0;0
20/06/2020;21:10:00;200;Acidente sem Vítimas;526,1;BR-040/MG;Sul;Colisão traseira;1;0;0;1;0;1;0;0;0;0;2;0;0;0;0
21/06/2020;00:54:00;3;Acidente sem Vítimas;425,4;BR-040/MG;Sul;Tombamento;0;0;1;0;0;1;0;0;0;0;1;0;0;0;0
21/06/2020;06:17:00;26;Acidente sem Vítimas;45,2;BR-040/MG;Norte;Colisão traseira;0;0;0;1;0;1;0;0;0;0;2;1;0;0;0
21/06/2020;09:27:00;60;Acidente com Vítimas;544,3;BR-040/MG;Norte;Tombamento de Moto;0;0;0;1;0;0;0;0;0;0;0;0;0;0;0
21/06/2020;09:32:00;62;Acidente com Vítimas;484,8;BR-040/MG;Norte;Tombamento de Moto;0;0;0;1;0;0;0;0;0;0;1;0;0;0;0
21/06/2020;10:36:00;81;Acidente com Vítimas;12,85;BR-040/GO;Sul;Colisão traseira;1;1;0;1;0;1;0;0;0;0;3;1;0;0;0
21/06/2020;13:01:00;102;Acidente com Vítimas;713,9;BR-040/MG;Sul;Tombamento de Moto;1;0;0;0;0;0;0;0;0;0;0;0;1;1;0
21/06/2020;16:59:00;152;Acidente sem Vítimas;721,1;BR-040/MG;Norte;Colisão traseira;1;0;0;0;0;0;0;0;0;0;0;0;0;0;0
21/06/2020;17:15:00;157;Acidente com Vítimas;312,6;BR-040/MG;Sul;Capotamento;1;0;0;0;0;0;0;0;0;0;0;1;0;0;0
21/06/2020;17:15:00;158;Acidente com Vítimas;603,2;BR-040/MG;Norte;Tombamento;0;0;2;0;0;0;0;0;0;0;2;0;1;0;0
21/06/2020;18:44:00;180;Acidente sem Vítimas;516,7;BR-040/MG;Norte;Colisão lateral;1;0;0;0;1;0;0;0;0;0;2;0;0;0;0
21/06/2020;20:47:00;210;Acidente sem Vítimas;522,1;BR-040/MG;Sul;Tombamento de Moto;0;0;0;1;0;0;0;0;0;0;1;0;0;0;0
21/06/2020;20:59:00;213;Acidente sem Vítimas;522,1;BR-040/MG;Sul;Atropelamento de Animal;1;0;0;0;0;0;0;0;0;0;1;0;0;0;0
21/06/2020;23:17:00;229;Acidente sem Vítimas;506,5;BR-040/MG;Norte;Atropelamento de Animal;2;0;0;0;0;0;0;0;0;0;2;0;0;0;0
22/06/2020;05:31:00;99;Acidente sem Vítimas;433,9;BR-040/MG;Sul;Capotamento;1;0;0;0;0;1;0;0;0;0;1;0;0;0;0
22/06/2020;06:07:00;104;Acidente com Vítimas;525,125;BR-040/MG;Sul;Colisão frontal;0;0;0;2;0;0;0;0;0;0;1;0;1;0;0
22/06/2020;06:56:00;117;Acidente com Vítimas;8,11;BR-040/DF;Norte;Tombamento de Moto;0;0;0;1;0;0;0;0;0;0;1;0;0;0;0
22/06/2020;06:59:00;118;Acidente sem Vítimas;548,17;BR-040/MG;Sul;Tombamento de Moto;0;0;0;1;0;0;0;0;0;0;1;0;0;0;0
22/06/2020;07:14:00;122;Acidente com Vítimas;511,81;BR-040/MG;Sul;Tombamento de Moto;0;0;0;1;0;0;0;0;0;0;0;1;0;0;0
22/06/2020;08:14:00;136;Acidente sem Vítimas;6,8;BR-040/DF;Norte;Colisão traseira;2;0;0;0;0;0;0;0;0;0;2;0;0;0;0
22/06/2020;08:30:00;139;Acidente sem Vítimas;597,35;BR-040/MG;Sul;Colisão traseira;1;0;0;0;0;1;0;0;0;0;2;0;0;0;0
22/06/2020;12:29:00;222;Acidente sem Vítimas;516,3;BR-040/MG;Norte;Colisão traseira;0;0;1;0;0;1;0;0;0;0;2;0;0;0;0
22/06/2020;14:18:00;241;Acidente sem Vítimas;730,1;BR-040/MG;Sul;Choque c/ Objeto Fixo;2;0;0;0;0;0;0;0;0;0;1;0;0;0;0
22/06/2020;19:08:00;287;Acidente sem Vítimas;511,2;BR-040/MG;Norte;Colisão lateral;1;0;0;1;0;1;0;0;0;0;2;0;0;0;0
22/06/2020;19:51:00;296;Acidente com Vítimas;2,9;BR-040/DF;Norte;Atropelamento de Ciclista;1;1;0;0;0;0;0;0;0;0;1;0;0;0;0
23/06/2020;03:32:00;51;Acidente sem Vítimas;677,1;BR-040/MG;Norte;Choque c/ Objeto Fixo;0;0;0;1;0;0;0;0;0;0;1;0;0;0;0
23/06/2020;08:02:00;128;Acidente com Vítimas;2,4;BR-040/GO;Sul;Colisão traseira;1;0;0;0;0;1;0;0;0;0;1;1;0;0;0
23/06/2020;08:09:00;130;Acidente com Vítimas;7,2;BR-040/GO;Sul;Colisão lateral;0;0;0;1;0;1;0;0;0;0;1;0;0;0;0
23/06/2020;08:22:00;131;Acidente com Vítimas;4,5;BR-040/GO;Norte;Colisão lateral;1;0;0;1;0;0;0;0;0;0;1;0;0;0;0
23/06/2020;09:13:00;144;Acidente Fatal;545,463;BR-040/MG;Norte;Choque c/ Objeto Fixo;0;0;0;0;0;2;0;0;0;0;0;0;0;0;1
23/06/2020;10:15:00;150;Acidente sem Vítimas;1,8;BR-040/GO;Sul;Colisão lateral;0;0;0;0;0;2;0;0;0;0;2;0;0;0;0
23/06/2020;13:55:00;185;Acidente sem Vítimas;523,7;BR-040/MG;Sul;Colisão lateral;1;0;0;0;1;0;0;0;0;0;0;0;0;0;0
23/06/2020;16:57:00;227;Acidente com Vítimas;537,36;BR-040/MG;Norte;Colisão traseira;1;0;0;1;1;1;0;0;0;0;2;0;0;1;0
23/06/2020;17:08:00;230;Acidente sem Vítimas;643,1;BR-040/MG;Norte;Tombamento de Moto;0;0;0;1;0;0;0;0;0;0;1;0;0;0;0
24/06/2020;06:05:00;97;Acidente sem Vítimas;524,8;BR-040/MG;Sul;Capotamento;1;0;1;0;0;0;0;0;0;0;2;0;0;0;0
24/06/2020;06:08:00;98;Acidente sem Vítimas;711,1;BR-040/MG;Norte;Choque c/ Objeto Fixo;1;0;0;0;0;0;0;0;0;0;0;0;0;0;0
24/06/2020;10:34:00;157;Acidente Fatal;728,877;BR-040/MG;Sul;Tombamento;0;0;0;0;1;0;0;0;0;0;0;0;0;0;1
24/06/2020;11:46:00;165;Acidente sem Vítimas;534,1;BR-040/MG;Norte;Colisão lateral;1;0;2;0;0;0;0;0;0;0;3;0;0;0;0
24/06/2020;15:46:00;206;Acidente sem Vítimas;538,7;BR-040/MG;Norte;Colisão traseira;1;0;0;0;0;2;0;0;0;0;3;0;0;0;0
24/06/2020;19:50:00;263;Acidente sem Vítimas;477,1;BR-040/MG;Norte;Colisão traseira;0;0;1;0;0;0;0;0;0;0;1;0;0;0;0
24/06/2020;20:29:00;268;Acidente sem Vítimas;1,9;BR-040/GO;Sul;Colisão traseira;2;0;0;0;0;0;0;0;0;0;2;0;0;0;0
24/06/2020;22:59:00;294;Acidente sem Vítimas;455,5;BR-040/MG;Norte;Choque com objeto;0;0;1;0;0;0;0;0;0;0;1;0;0;0;0
24/06/2020;23:58:00;299;Acidente sem Vítimas;458,2;BR-040/MG;Sul;Tombamento;0;0;1;0;0;0;0;0;0;0;1;0;0;0;0
25/06/2020;05:19:00;127;Acidente com Vítimas;551,1;BR-040/MG;Norte;Colisão traseira;1;0;0;1;0;1;0;0;0;0;3;0;0;0;0
25/06/2020;10:21:00;196;Acidente sem Vítimas;0,4;BR-040/GO;Norte;Colisão traseira;1;0;0;1;0;0;0;0;0;0;1;0;0;0;0
25/06/2020;11:06:00;205;Acidente sem Vítimas;5,6;BR-040/GO;Sul;Outros;1;0;0;0;0;0;1;0;0;0;0;0;0;0;0
25/06/2020;16:38:00;267;Acidente sem Vítimas;540,1;BR-040/MG;Norte;Engavetamento;0;0;0;0;0;1;0;0;0;0;1;0;0;0;0
25/06/2020;16:48:00;272;Acidente sem Vítimas;506,3;BR-040/MG;Sul;Choque c/ Objeto Fixo;1;0;0;0;0;0;0;0;0;0;1;0;0;0;0
25/06/2020;17:54:00;290;Acidente sem Vítimas;522,5;BR-040/MG;Norte;Colisão traseira;1;0;0;1;0;1;0;0;0;0;2;0;0;0;0
25/06/2020;17:58:00;287;Acidente com Vítimas;651,7;BR-040/MG;Sul;Choque c/ Objeto Fixo;1;0;0;0;0;1;0;0;0;0;0;1;0;0;0
25/06/2020;18:29:00;291;Acidente sem Vítimas;2,4;BR-040/DF;Sul;Colisão lateral;0;0;0;1;0;2;0;0;0;0;2;1;0;0;0
25/06/2020;19:39:00;306;Acidente sem Vítimas;426,3;BR-040/MG;Sul;Tombamento;0;0;1;0;0;1;0;0;0;0;1;0;0;0;0
25/06/2020;20:48:00;318;Acidente sem Vítimas;97,1;BR-040/MG;Norte;Atropelamento de Animal;1;0;0;0;0;0;0;0;0;0;1;0;0;0;0
26/06/2020;06:20:00;106;Acidente sem Vítimas;3,3;BR-040/GO;Norte;Choque c/ Objeto Fixo;1;0;0;0;0;1;0;0;0;0;3;0;0;0;0
26/06/2020;07:34:00;121;Acidente sem Vítimas;541,5;BR-040/MG;Sul;Colisão traseira;2;0;0;0;0;0;0;0;0;0;0;0;0;0;0
26/06/2020;07:46:00;123;Acidente sem Vítimas;540,9;BR-040/MG;Sul;Colisão traseira;2;0;0;0;0;0;0;0;0;0;2;0;0;0;0
26/06/2020;08:42:00;146;Acidente com Vítimas;545,145;BR-040/MG;Sul;Tombamento de Moto;0;0;1;1;0;0;0;0;0;0;1;0;1;0;0
26/06/2020;08:51:00;149;Acidente com Vítimas;7,9;BR-040/DF;Sul;Atropelamento de Ciclista;1;1;0;0;0;0;0;0;0;0;1;0;0;1;0
26/06/2020;09:32:00;156;Acidente sem Vítimas;68,5;BR-040/GO;Sul;Colisão traseira;1;0;0;0;0;1;0;0;0;0;1;0;0;0;0
26/06/2020;10:56:00;184;Acidente sem Vítimas;7,9;BR-040/GO;Sul;Colisão traseira;1;0;0;0;1;1;0;0;0;0;7;0;0;0;0
26/06/2020;14:24:00;223;Acidente sem Vítimas;628,1;BR-040/MG;Norte;Colisão lateral;1;0;0;0;1;0;0;0;0;0;2;0;0;0;0
26/06/2020;14:40:00;230;Acidente com Vítimas;144,11;BR-040/MG;Norte;Tombamento de Moto;0;0;0;1;0;0;0;0;0;0;1;0;0;0;0
26/06/2020;15:16:00;238;Acidente sem Vítimas;463,52;BR-040/MG;Norte;Colisão lateral;1;0;1;0;0;0;0;0;0;0;2;0;0;0;0
26/06/2020;15:57:00;249;Acidente sem Vítimas;747,3;BR-040/MG;Norte;Colisão transversal;0;0;0;0;0;1;0;0;0;0;1;0;0;0;0
26/06/2020;16:28:00;256;Acidente sem Vítimas;538,4;BR-040/MG;Norte;Outros;1;0;0;1;0;1;0;0;0;0;3;0;0;0;0
26/06/2020;17:17:00;273;Acidente com Vítimas;7,3;BR-040/DF;Norte;Tombamento de Moto;0;0;0;1;0;1;0;0;0;0;2;0;0;0;0
26/06/2020;19:14:00;307;Acidente sem Vítimas;533,1;BR-040/MG;Norte;Colisão lateral;1;0;0;0;0;1;0;0;0;0;2;0;0;0;0
26/06/2020;19:33:00;314;Acidente sem Vítimas;614,1;BR-040/MG;Sul;Colisão traseira;0;0;1;0;0;1;0;0;0;0;2;0;0;0;0
26/06/2020;21:04:00;332;Acidente com Vítimas;10,6;BR-040/GO;Sul;Atropelamento de Pedestre;0;0;0;1;0;0;0;0;0;0;0;1;0;0;0
26/06/2020;23:21:00;351;Acidente sem Vítimas;138,9;BR-040/MG;Norte;Colisão frontal;1;0;1;0;0;1;0;0;0;0;0;0;0;0;0
27/06/2020;07:26:00;43;Acidente com Vítimas;748,9;BR-040/MG;Norte;Tombamento de Moto;0;0;0;1;0;0;0;0;0;0;0;2;0;0;0
27/06/2020;10:43:00;76;Acidente sem Vítimas;481,4;BR-040/MG;Norte;Engavetamento;2;0;0;0;0;1;0;0;0;0;5;0;0;0;0
27/06/2020;10:53:00;80;Acidente com Vítimas;607,1;BR-040/MG;Sul;Tombamento de Moto;0;0;0;1;0;0;0;0;0;0;0;0;1;0;0
27/06/2020;13:39:00;105;Acidente sem Vítimas;360,45;BR-040/MG;Norte;Colisão transversal;0;0;0;0;1;1;0;0;0;0;2;2;0;0;0
27/06/2020;14:40:00;116;Acidente sem Vítimas;554,95;BR-040/MG;Sul;Choque c/ Objeto Fixo;2;0;0;0;0;1;0;0;0;0;6;0;0;0;0
27/06/2020;15:54:00;131;Acidente sem Vítimas;291,6;BR-040/MG;Norte;Engavetamento;2;0;0;0;1;0;0;0;0;0;3;0;0;0;0
27/06/2020;16:19:00;136;Acidente com Vítimas;142,8;BR-040/MG;Norte;Colisão transversal;1;0;0;1;0;0;0;0;0;0;2;1;0;0;0
27/06/2020;16:37:00;138;Acidente sem Vítimas;4,6;BR-040/GO;Norte;Colisão traseira;0;0;0;1;0;1;0;0;0;0;1;0;0;0;0
27/06/2020;17:00:00;142;Acidente com Vítimas;2,3;BR-040/GO;Norte;Colisão traseira;1;0;0;1;0;0;0;0;0;0;2;1;0;0;0
27/06/2020;18:21:00;151;Acidente sem Vítimas;5,6;BR-040/GO;Norte;Colisão traseira;1;0;0;1;0;1;0;0;0;0;0;0;0;0;0
27/06/2020;18:33:00;155;Acidente sem Vítimas;5,5;BR-040/GO;Norte;Queda Veículo;0;0;0;0;0;2;0;0;0;0;0;0;0;0;0
27/06/2020;18:51:00;156;Acidente com Vítimas;5,8;BR-040/DF;Sul;Tombamento de Moto;0;0;0;1;0;2;0;0;0;0;0;0;0;0;0
28/06/2020;00:27:00;5;Acidente sem Vítimas;4,7;BR-040/GO;Sul;Choque c/ Objeto Fixo;1;0;0;0;0;0;0;0;0;0;1;0;0;0;0
28/06/2020;07:36:00;40;Acidente sem Vítimas;621,2;BR-040/MG;Sul;Colisão traseira;0;0;0;2;0;0;0;0;0;0;2;0;0;0;0
28/06/2020;11:58:00;75;Acidente sem Vítimas;500,8;BR-040/MG;Norte;Atropelamento de Animal;2;0;0;0;0;0;0;0;0;0;4;0;0;0;0
28/06/2020;14:55:00;98;Acidente sem Vítimas;488,2;BR-040/MG;Sul;Colisão traseira;2;0;0;0;0;0;0;0;0;0;3;0;0;0;0
28/06/2020;15:21:00;101;Acidente sem Vítimas;537,1;BR-040/MG;Norte;Colisão lateral;1;0;0;1;0;0;0;0;0;0;2;0;0;0;0
28/06/2020;16:44:00;114;Acidente com Vítimas;14,15;BR-040/GO;Norte;Choque c/ Objeto Fixo;3;0;0;0;0;0;0;0;0;0;2;0;0;0;0
28/06/2020;18:33:00;137;Acidente com Vítimas;501,5;BR-040/MG;Norte;Atropelamento de Ciclista;0;1;0;1;0;0;0;0;0;0;1;1;0;0;0
28/06/2020;18:39:00;139;Acidente sem Vítimas;301,1;BR-040/MG;Norte;Colisão traseira;2;0;0;0;0;0;0;0;0;0;4;0;0;0;0
28/06/2020;18:40:00;140;Acidente sem Vítimas;555,1;BR-040/MG;Norte;Engavetamento;3;0;0;0;0;0;0;0;0;0;10;0;0;0;0
28/06/2020;20:39:00;155;Acidente com Vítimas;1,3;BR-040/GO;Sul;Colisão traseira;1;0;0;1;0;0;0;0;0;0;2;0;1;0;0
28/06/2020;21:30:00;157;Acidente com Vítimas;524,1;BR-040/MG;Sul;Colisão lateral;0;0;0;1;0;0;0;0;0;0;0;2;0;0;0
28/06/2020;23:49:00;166;Acidente sem Vítimas;4,5;BR-040/GO;Norte;Choque c/ Objeto Fixo;1;0;0;0;0;0;0;0;0;0;1;0;0;0;0
29/06/2020;06:26:00;106;Acidente com Vítimas;5,5;BR-040/DF;Norte;Colisão lateral;1;0;0;0;0;1;0;0;0;0;1;1;0;0;0
29/06/2020;06:54:00;115;Acidente com Vítimas;514,1;BR-040/MG;Norte;Tombamento de Moto;0;0;0;1;0;0;0;0;0;0;0;0;0;0;0
29/06/2020;07:36:00;124;Acidente com Vítimas;350,5;BR-040/MG;Sul;Queda Veículo;1;0;0;0;0;0;0;0;0;0;0;0;1;0;0
29/06/2020;08:06:00;137;Acidente sem Vítimas;656,1;BR-040/MG;Norte;Choque c/ Objeto Fixo;1;0;0;0;0;0;0;0;0;0;0;0;0;0;0
29/06/2020;08:16:00;139;Acidente sem Vítimas;452,8;BR-040/MG;Sul;Tombamento;1;0;1;0;0;0;0;0;0;0;2;0;0;0;0
29/06/2020;09:55:00;165;Acidente sem Vítimas;615,12;BR-040/MG;Sul;Colisão traseira;0;0;0;0;1;1;0;0;0;0;2;0;0;0;0
29/06/2020;10:44:00;180;Acidente sem Vítimas;643,7;BR-040/MG;Sul;Colisão traseira;0;0;1;1;0;0;0;0;0;0;2;0;0;0;0
29/06/2020;10:48:00;181;Acidente Fatal;295,75;BR-040/MG;Norte;Capotamento;1;0;0;0;0;0;0;0;0;0;1;0;2;1;1
29/06/2020;15:59:00;239;Acidente sem Vítimas;466,2;BR-040/MG;Norte;Colisão frontal;1;0;1;0;0;0;0;0;0;0;3;0;0;0;0
29/06/2020;17:15:00;252;Acidente com Vítimas;541,2;BR-040/MG;Norte;Colisão lateral;1;1;1;0;0;0;0;0;0;0;3;1;0;0;0
29/06/2020;19:10:00;278;Acidente sem Vítimas;4,1;BR-040/GO;Norte;Tombamento de Moto;0;0;0;1;0;0;0;0;0;0;1;0;0;0;0
29/06/2020;23:38:00;328;Acidente com Vítimas;588,38;BR-040/MG;Norte;Tombamento;0;0;0;0;0;2;0;0;0;0;0;0;1;0;0
01/04/2020;01:50:00;53;Acidente sem Vítimas;274,15;BR-040/MG;Sul;Colisão frontal;1;0;0;0;1;1;0;0;0;0;2;0;0;1;0
01/04/2020;10:03:00;150;Acidente com Vítimas;544,1;BR-040/MG;Norte;Tombamento de Moto;0;0;0;1;0;1;0;0;0;0;2;1;0;0;0
01/04/2020;11:23:00;164;Acidente sem Vítimas;614,2;BR-040/MG;Norte;Colisão traseira;0;0;0;0;0;3;0;0;0;0;2;0;0;0;0
01/04/2020;15:51:00;199;Acidente sem Vítimas;463,1;BR-040/MG;Norte;Colisão transversal;0;0;1;0;0;1;0;0;0;0;2;0;0;0;0
01/04/2020;21:09:00;267;Acidente Fatal;509,2;BR-040/MG;Sul;Atropelamento de Pedestre;0;0;0;0;0;3;0;0;0;0;0;0;0;0;2
02/04/2020;04:27:00;104;Acidente sem Vítimas;514,8;BR-040/MG;Sul;Atropelamento de Animal;1;0;0;0;0;0;0;0;0;0;3;0;0;0;0
02/04/2020;05:45:00;114;Acidente com Vítimas;525,5;BR-040/MG;Norte;Tombamento de Moto;0;0;0;0;0;1;0;0;0;0;0;1;0;0;0
02/04/2020;07:06:00;126;Acidente sem Vítimas;525,4;BR-040/MG;Norte;Colisão lateral;0;0;0;0;1;0;0;0;0;1;2;0;0;0;0
02/04/2020;07:52:00;143;Acidente sem Vítimas;451,4;BR-040/MG;Sul;Choque c/ Objeto Fixo;0;0;1;0;0;0;0;0;0;0;1;0;0;0;0
02/04/2020;19:14:00;274;Acidente com Vítimas;35,4;BR-040/GO;Sul;Atropelamento de Andarilho;0;0;0;0;0;0;0;0;0;0;0;1;0;0;0
02/04/2020;22:52:00;307;Acidente sem Vítimas;527,4;BR-040/MG;Sul;Capotamento;0;0;0;0;0;1;0;0;0;0;1;0;1;0;0
03/04/2020;05:28:00;102;Acidente com Vítimas;121,4;BR-040/GO;Sul;Choque c/ Objeto Fixo;0;0;1;0;0;0;0;0;0;0;0;1;1;0;0
03/04/2020;09:05:00;141;Acidente com Vítimas;55,1;BR-040/GO;Sul;Tombamento de Moto;0;0;0;1;0;0;0;0;0;0;1;2;0;0;0
03/04/2020;09:47:00;150;Acidente sem Vítimas;438,9;BR-040/MG;Sul;Tombamento;0;0;2;0;0;0;0;0;0;0;1;0;0;0;0
03/04/2020;10:20:00;159;Acidente sem Vítimas;488,4;BR-040/MG;Sul;Choque c/ Objeto Fixo;0;0;0;0;0;1;0;0;0;0;1;0;0;0;0
03/04/2020;12:06:00;176;Acidente sem Vítimas;558,4;BR-040/MG;Sul;Colisão traseira;0;0;0;0;0;1;0;0;0;0;1;0;0;0;0
03/04/2020;13:51:00;195;Acidente com Vítimas;535,7;BR-040/MG;Sul;Tombamento de Moto;1;0;0;0;0;1;0;0;0;0;2;1;0;0;0
03/04/2020;17:18:00;226;Acidente sem Vítimas;536,4;BR-040/MG;Norte;Colisão traseira;2;0;0;0;0;0;0;0;0;0;2;0;0;0;0
03/04/2020;22:33:00;276;Acidente sem Vítimas;563,1;BR-040/MG;Norte;Choque c/ Objeto Fixo;1;0;0;0;0;0;0;0;0;0;1;0;0;0;0
04/04/2020;22:39:00;190;Acidente com Vítimas;535,5;BR-040/MG;Norte;Atropelamento de Pedestre;1;0;0;0;0;1;0;0;0;0;0;0;2;0;0
05/04/2020;03:22:00;12;Acidente sem Vítimas;750,1;BR-040/MG;Norte;Choque c/ Objeto Fixo;1;0;0;0;0;0;0;0;0;0;0;1;0;0;0
05/04/2020;10:03:00;55;Acidente com Vítimas;224,5;BR-040/MG;Norte;Tombamento de Moto;0;0;0;1;0;0;0;0;0;0;0;1;0;0;0
05/04/2020;12:56:00;85;Acidente sem Vítimas;646,15;BR-040/MG;Sul;Capotamento;1;0;0;0;0;0;0;0;0;0;0;0;0;0;0
05/04/2020;18:49:00;136;Acidente sem Vítimas;1,5;BR-040/GO;Sul;Choque c/ Objeto Fixo;2;0;0;0;0;1;0;0;0;0;2;0;0;0;0
05/04/2020;20:18:00;158;Acidente sem Vítimas;18,6;BR-040/GO;Norte;Outros;0;0;1;0;0;0;0;0;0;0;1;0;0;0;0
06/04/2020;14:45:00;216;Acidente com Vítimas;593,7;BR-040/MG;Sul;Tombamento de Moto;0;0;0;1;0;1;0;0;0;0;2;1;0;0;0
06/04/2020;15:16:00;220;Acidente com Vítimas;5,1;BR-040/GO;Sul;Tombamento;1;0;0;0;0;1;0;0;0;0;1;1;0;0;0
06/04/2020;15:17:00;221;Acidente com Vítimas;38,1;BR-040/GO;Norte;Tombamento de Moto;0;0;0;1;0;0;0;0;0;0;1;2;0;0;0
06/04/2020;19:34:00;259;Acidente sem Vítimas;477,1;BR-040/MG;Sul;Choque com objeto;1;0;0;0;0;0;0;0;0;0;1;0;0;0;0
06/04/2020;20:29:00;261;Acidente sem Vítimas;129,4;BR-040/GO;Norte;Queda Veículo;1;0;0;0;0;0;0;0;0;0;2;0;0;0;0
06/04/2020;22:59:00;277;Acidente sem Vítimas;2,4;BR-040/GO;Sul;Colisão lateral;1;0;0;1;0;0;0;0;0;0;2;0;0;0;0
07/04/2020;05:25:00;93;Acidente sem Vítimas;529,1;BR-040/MG;Sul;Tombamento de Moto;0;0;0;1;0;0;0;0;0;0;1;0;0;0;0
07/04/2020;05:28:00;94;Acidente sem Vítimas;155,4;BR-040/GO;Sul;Queda Veículo;0;0;0;0;1;0;0;0;0;0;1;0;0;0;0
07/04/2020;09:28:00;134;Acidente com Vítimas;439,15;BR-040/MG;Norte;Capotamento;0;0;0;0;0;1;0;0;0;0;1;1;0;0;0
07/04/2020;10:09:00;145;Acidente sem Vítimas;465,15;BR-040/MG;Norte;Tombamento;0;0;1;0;0;1;0;0;0;0;1;0;0;0;0
07/04/2020;10:53:00;151;Acidente sem Vítimas;462,5;BR-040/MG;Sul;Capotamento;1;0;0;0;0;0;0;0;0;0;1;0;0;0;0
07/04/2020;13:58:00;181;Acidente com Vítimas;6,2;BR-040/DF;Norte;Tombamento de Moto;0;0;0;1;0;0;0;0;0;0;0;1;0;0;0
07/04/2020;14:37:00;187;Acidente com Vítimas;103,8;BR-040/GO;Norte;Colisão traseira;2;0;0;0;0;0;0;0;0;0;2;0;1;0;0
07/04/2020;18:23:00;218;Acidente Fatal;526,2;BR-040/MG;Norte;Atropelamento de Pedestre;2;0;0;0;0;1;0;0;0;0;2;0;0;0;1
08/04/2020;05:02:00;105;Acidente Fatal;492,1;BR-040/MG;Norte;Atropelamento de Andarilho;1;0;0;0;0;0;0;0;0;0;1;0;0;0;1
08/04/2020;05:44:00;107;Acidente sem Vítimas;450,1;BR-040/MG;Sul;Colisão traseira;0;0;0;0;0;2;0;0;0;0;4;0;0;0;0
08/04/2020;07:59:00;131;Acidente sem Vítimas;511,15;BR-040/MG;Sul;Atropelamento de Animal;2;0;0;0;0;1;0;0;0;0;2;0;0;0;0
08/04/2020;08:09:00;133;Acidente sem Vítimas;485,47;BR-040/MG;Sul;Choque c/ Objeto Fixo;1;0;0;0;0;0;0;0;0;0;1;0;0;0;0
08/04/2020;10:42:00;164;Acidente com Vítimas;94,5;BR-040/GO;Norte;Outros;0;0;1;0;0;0;0;0;0;0;1;1;0;0;0
08/04/2020;11:36:00;174;Acidente sem Vítimas;43,56;BR-040/MG;Sul;Colisão transversal;1;0;0;1;0;0;0;0;0;0;2;0;0;0;0
08/04/2020;13:17:00;193;Acidente com Vítimas;2,5;BR-040/DF;Sul;Capotamento;0;0;0;0;0;1;0;0;0;0;1;0;0;0;0
08/04/2020;14:14:00;197;Acidente com Vítimas;6,5;BR-040/GO;Sul;Tombamento de Moto;0;0;0;1;0;1;0;0;0;0;2;1;0;0;0