data;horario;n_da_ocorrencia;tipo_de_ocorrencia;km;trecho;sentido;tipo_de_acidente;automovel;bicicleta;caminhao;moto;onibus;outros;tracao_animal;transporte_de_cargas_especiais;trator_maquinas;utilitarios;ilesos;levemente_feridos;moderadamente_feridos;gravemente_feridos;mortos
08/04/2020;15:17:00;201;Acidente sem Vítimas;504,1;BR-040/MG;Norte;Choque c/ Objeto Fixo;0;0;1;0;0;0;0;0;0;0;1;0;0;0;0
08/04/2020;15:25:00;203;Acidente sem Vítimas;592,9;BR-040/MG;Sul;Colisão traseira;1;0;0;0;0;1;0;0;0;0;0;0;0;0;0
08/04/2020;15:34:00;204;Acidente com Vítimas;511,5;BR-040/MG;Norte;Choque com objeto;1;0;0;0;0;0;0;0;0;0;1;1;0;0;0
08/04/2020;16:15:00;211;Acidente com Vítimas;465,1;BR-040/MG;Norte;Engavetamento;1;0;1;0;0;1;0;0;0;0;3;0;1;0;0
08/04/2020;19:19:00;263;Acidente sem Vítimas;474,5;BR-040/MG;Norte;Choque c/ Objeto Fixo;2;0;0;0;0;0;0;0;0;0;1;0;0;0;0
08/04/2020;21:38:00;284;Acidente sem Vítimas;10,3;BR-040/GO;Norte;Colisão traseira;1;0;0;1;0;0;0;0;0;0;0;0;0;0;0
09/04/2020;13:40:00;195;Acidente sem Vítimas;16,1;BR-040/GO;Sul;Colisão traseira;0;0;1;1;0;0;0;0;0;0;0;0;0;0;0
09/04/2020;17:05:00;217;Acidente sem Vítimas;519,1;BR-040/MG;Norte;Engavetamento;2;0;0;0;0;0;0;0;0;1;3;0;0;0;0
09/04/2020;17:29:00;220;Acidente com Vítimas;544,1;BR-040/MG;Sul;Colisão frontal;2;0;0;0;0;0;0;0;0;0;1;1;0;0;0
09/04/2020;17:40:00;223;Acidente sem Vítimas;667,1;BR-040/MG;Sul;Colisão transversal;0;0;0;1;0;0;0;0;0;1;1;2;0;0;0
09/04/2020;17:53:00;225;Acidente com Vítimas;246,3;BR-040/MG;Norte;Choque c/ Objeto Fixo;1;0;0;0;0;0;0;0;0;0;4;1;0;0;0
09/04/2020;18:07:00;227;Acidente com Vítimas;522,9;BR-040/MG;Norte;Colisão traseira;4;0;0;0;0;1;0;0;0;0;4;0;1;0;0
09/04/2020;19:34:00;245;Acidente sem Vítimas;747,1;BR-040/MG;Sul;Colisão lateral;1;0;0;0;1;0;0;0;0;0;1;0;0;0;0
09/04/2020;20:04:00;251;Acidente com Vítimas;301,8;BR-040/MG;Norte;Colisão lateral;2;0;0;0;0;0;0;0;0;0;7;1;0;0;0
09/04/2020;20:46:00;261;Acidente com Vítimas;526,5;BR-040/MG;Norte;Colisão traseira;1;0;0;0;0;1;0;0;0;0;2;2;0;0;0
10/04/2020;05:16:00;27;Acidente com Vítimas;599,1;BR-040/MG;Sul;Tombamento de Moto;0;0;0;1;0;0;0;0;0;0;1;0;1;0;0
10/04/2020;07:01:00;37;Acidente com Vítimas;656,15;BR-040/MG;Norte;Choque c/ Objeto Fixo;1;0;0;0;0;1;0;0;0;0;1;1;0;0;0
10/04/2020;09:19:00;55;Acidente com Vítimas;281,1;BR-040/MG;Norte;Capotamento;1;0;0;0;0;0;0;0;0;0;0;1;1;0;0
10/04/2020;20:51:00;159;Acidente sem Vítimas;134,1;BR-040/GO;Sul;Colisão traseira;1;0;1;0;0;1;0;0;0;0;2;0;0;0;0
11/04/2020;03:00:00;14;Acidente sem Vítimas;530,8;BR-040/MG;Sul;Colisão transversal;2;0;0;0;0;0;0;0;0;0;1;0;0;0;0
11/04/2020;11:14:00;68;Acidente com Vítimas;535,3;BR-040/MG;Norte;Colisão lateral;1;0;0;0;1;1;0;0;0;0;3;1;0;0;0
11/04/2020;19:31:00;128;Acidente sem Vítimas;565,3;BR-040/MG;Norte;Colisão frontal;2;0;0;0;0;1;0;0;0;0;2;0;0;0;0
11/04/2020;20:16:00;133;Acidente com Vítimas;138,3;BR-040/MG;Norte;Choque c/ Objeto Fixo;1;0;0;0;0;0;0;0;0;0;0;1;0;1;0
11/04/2020;20:30:00;135;Acidente sem Vítimas;506,1;BR-040/MG;Norte;Choque c/ Objeto Fixo;1;0;0;0;0;0;0;0;0;0;1;0;0;0;0
11/04/2020;21:17:00;137;Acidente sem Vítimas;503,1;BR-040/MG;Sul;Choque c/ Objeto Fixo;1;0;0;0;0;0;0;0;0;0;1;0;0;0;0
11/04/2020;21:18:00;139;Acidente com Vítimas;19,4;BR-040/GO;Norte;Capotamento;1;0;0;0;0;0;0;0;0;0;0;0;0;0;0
11/04/2020;21:24:00;140;Acidente sem Vítimas;3,4;BR-040/GO;Sul;Colisão lateral;1;0;0;1;0;1;0;0;0;0;2;0;0;0;0
11/04/2020;21:57:00;144;Acidente sem Vítimas;555,2;BR-040/MG;Norte;Colisão traseira;1;0;1;0;0;1;0;0;0;0;2;0;0;0;0
12/04/2020;04:35:00;13;Acidente sem Vítimas;567,1;BR-040/MG;Sul;Choque c/ Objeto Fixo;1;0;0;0;0;0;0;0;0;0;1;0;0;0;0
12/04/2020;05:09:00;14;Acidente sem Vítimas;2,5;BR-040/DF;Norte;Choque c/ Objeto Fixo;1;0;0;0;0;0;0;0;0;0;0;0;0;0;0
12/04/2020;08:30:00;27;Acidente sem Vítimas;731,9;BR-040/MG;Sul;Choque com objeto;1;0;0;0;0;0;0;0;0;0;2;0;0;0;0
12/04/2020;08:46:00;30;Acidente sem Vítimas;717,25;BR-040/MG;Norte;Choque com objeto;1;0;0;0;0;0;0;0;0;0;1;0;0;0;0
12/04/2020;17:26:00;123;Acidente sem Vítimas;668,3;BR-040/MG;Sul;Atropelamento de Animal;0;0;0;0;0;1;0;0;0;0;2;0;0;0;0
12/04/2020;23:11:00;189;Acidente com Vítimas;739,5;BR-040/MG;Norte;Tombamento;0;0;1;0;0;0;0;0;0;0;0;0;1;0;0
12/04/2020;23:53:00;194;Acidente com Vítimas;442,8;BR-040/MG;Norte;Capotamento;1;0;0;0;0;0;0;0;0;0;0;0;0;0;0
13/04/2020;04:54:00;104;Acidente sem Vítimas;2,1;BR-040/DF;Norte;Colisão lateral;1;0;0;0;1;0;0;0;0;0;1;0;0;0;0
13/04/2020;07:26:00;120;Acidente com Vítimas;10,1;BR-040/GO;Norte;Capotamento;1;0;0;0;0;1;0;0;0;0;0;0;0;0;0
13/04/2020;09:46:00;161;Acidente sem Vítimas;540,1;BR-040/MG;Sul;Engavetamento;2;0;0;0;0;1;0;0;0;0;3;0;0;0;0
13/04/2020;19:10:00;272;Acidente com Vítimas;536,5;BR-040/MG;Sul;Colisão traseira;1;0;0;0;1;0;0;0;0;0;11;0;0;0;0
13/04/2020;22:06:00;298;Acidente sem Vítimas;717,3;BR-040/MG;Norte;Tombamento;0;0;0;0;1;0;0;0;0;0;1;0;0;0;0
14/04/2020;06:34:00;118;Acidente com Vítimas;81,1;BR-040/GO;Sul;Capotamento;2;0;0;0;0;0;0;0;0;0;0;1;0;0;0
14/04/2020;07:32:00;127;Acidente com Vítimas;12,1;BR-040/GO;Norte;Atropelamento de Ciclista;0;1;0;0;0;1;0;0;0;0;0;2;0;0;0
14/04/2020;09:10:00;150;Acidente com Vítimas;92,5;BR-040/GO;Norte;Colisão transversal;1;0;0;0;0;1;0;0;0;0;1;1;1;0;0
14/04/2020;09:12:00;153;Acidente com Vítimas;747,5;BR-040/MG;Norte;Choque c/ Objeto Fixo;0;0;0;1;0;0;0;0;0;0;0;0;1;0;0
14/04/2020;11:50:00;184;Acidente sem Vítimas;690,4;BR-040/MG;Sul;Capotamento;1;0;0;0;0;0;0;0;0;0;1;0;0;0;0
14/04/2020;12:03:00;185;Acidente sem Vítimas;539,99;BR-040/MG;Norte;Colisão lateral;0;0;0;0;1;2;0;0;0;0;2;0;0;0;0
14/04/2020;14:04:00;204;Acidente sem Vítimas;545,2;BR-040/MG;Norte;Choque com objeto;1;0;0;0;0;1;0;0;0;0;2;0;0;0;0
14/04/2020;17:18:00;241;Acidente com Vítimas;524,8;BR-040/MG;Norte;Atropelamento de Pedestre;0;0;0;0;0;0;0;0;0;0;0;0;1;0;0
14/04/2020;17:47:00;245;Acidente com Vítimas;4,15;BR-040/MG;Norte;Capotamento;1;0;0;0;0;0;0;0;0;0;0;3;0;0;0
14/04/2020;18:18:00;253;Acidente sem Vítimas;7,4;BR-040/GO;Sul;Queda Veículo;0;0;0;0;0;1;0;0;0;0;0;0;1;0;0
14/04/2020;18:38:00;256;Acidente sem Vítimas;526,1;BR-040/MG;Norte;Tombamento de Moto;0;0;0;1;0;0;0;0;0;0;1;0;0;0;0
15/04/2020;07:09:00;125;Acidente com Vítimas;533,8;BR-040/MG;Sul;Colisão traseira;1;0;0;1;0;0;0;0;0;0;2;1;0;0;0
15/04/2020;12:17:00;190;Acidente com Vítimas;529,4;BR-040/MG;Norte;Tombamento de Moto;0;0;0;1;0;1;0;0;0;0;1;0;1;0;0
15/04/2020;14:30:00;200;Acidente com Vítimas;21,3;BR-040/GO;Sul;Colisão traseira;2;0;0;0;0;0;0;0;0;0;0;0;0;0;0
15/04/2020;17:01:00;220;Acidente sem Vítimas;299,1;BR-040/MG;Sul;Choque c/ Objeto Fixo;1;0;0;0;0;0;0;0;0;0;1;0;0;0;0
15/04/2020;17:11:00;223;Acidente sem Vítimas;0,5;BR-040/DF;Norte;Choque c/ Objeto Fixo;1;0;0;0;0;0;0;0;0;0;1;0;0;0;0
15/04/2020;17:17:00;224;Acidente sem Vítimas;513,2;BR-040/MG;Sul;Colisão traseira;2;0;0;0;0;0;0;0;0;0;2;0;0;0;0
15/04/2020;18:53:00;238;Acidente sem Vítimas;528,1;BR-040/MG;Sul;Colisão traseira;1;0;0;0;0;1;0;0;0;0;1;0;0;0;0
15/04/2020;21:13:00;270;Acidente sem Vítimas;560,1;BR-040/MG;Norte;Choque c/ Objeto Fixo;1;0;0;0;0;0;0;0;0;0;1;0;0;0;0
15/04/2020;21:40:00;273;Acidente com Vítimas;556,1;BR-040/MG;Norte;Colisão traseira;1;0;0;0;1;0;0;0;0;0;2;1;1;0;0
15/04/2020;22:07:00;275;Acidente sem Vítimas;520,1;BR-040/MG;Norte;Choque com objeto;2;0;0;0;0;0;0;0;0;0;1;0;0;0;0
16/04/2020;07:07:00;120;Acidente sem Vítimas;541,1;BR-040/MG;Sul;Engavetamento;4;0;0;0;0;0;0;0;0;0;3;0;0;0;0
16/04/2020;07:14:00;122;Acidente sem Vítimas;3,5;BR-040/DF;Sul;Choque c/ Objeto Fixo;1;0;0;0;0;0;0;0;0;0;1;0;0;0;0
16/04/2020;09:09:00;150;Acidente com Vítimas;552,1;BR-040/MG;Norte;Tombamento de Moto;0;0;0;1;0;1;0;0;0;0;0;0;0;0;0
16/04/2020;11:06:00;179;Acidente com Vítimas;250,5;BR-040/MG;Norte;Choque c/ Objeto Fixo;0;0;0;0;0;1;0;0;0;0;1;1;0;0;0
16/04/2020;13:54:00;207;Acidente sem Vítimas;5,1;BR-040/GO;Sul;Tombamento de Moto;0;0;0;1;0;0;0;0;0;0;1;0;0;0;0
16/04/2020;19:44:00;259;Acidente sem Vítimas;2,8;BR-040/GO;Norte;Colisão traseira;3;0;0;0;0;0;0;0;0;0;2;0;0;0;0
16/04/2020;20:43:00;272;Acidente sem Vítimas;524,5;BR-040/MG;Norte;Queda Veículo;1;0;0;0;0;2;0;0;0;0;2;0;0;0;0
16/04/2020;22:58:00;281;Acidente sem Vítimas;209,5;BR-040/MG;Sul;Colisão lateral;1;0;0;0;1;0;0;0;0;0;2;0;0;0;0
17/04/2020;08:59:00;146;Acidente com Vítimas;3,4;BR-040/GO;Sul;Choque c/ Objeto Fixo;1;0;1;0;0;0;0;0;0;0;2;1;0;0;0
17/04/2020;11:12:00;171;Acidente com Vítimas;376,5;BR-040/MG;Norte;Tombamento;0;0;0;0;1;0;0;0;0;0;0;1;0;0;0
17/04/2020;12:01:00;181;Acidente com Vítimas;510,122;BR-040/MG;Norte;Tombamento de Moto;1;0;0;1;0;0;0;0;0;0;0;1;0;0;0
17/04/2020;17:07:00;240;Acidente sem Vítimas;409,1;BR-040/MG;Norte;Tombamento de Moto;0;0;0;1;0;0;0;0;0;0;1;0;0;0;0
17/04/2020;17:59:00;249;Acidente sem Vítimas;6,7;BR-040/GO;Sul;Colisão traseira;2;0;0;0;0;1;0;0;0;0;0;0;0;0;0
17/04/2020;18:53:00;262;Acidente com Vítimas;5,5;BR-040/GO;Sul;Colisão transversal;0;0;0;2;0;0;0;0;0;0;0;1;0;0;0
17/04/2020;19:00:00;270;Acidente sem Vítimas;523,5;BR-040/MG;Norte;Colisão traseira;3;0;0;0;0;0;0;0;0;0;3;0;0;0;0
17/04/2020;21:43:00;303;Acidente sem Vítimas;96,5;BR-040/GO;Sul;Atropelamento de Animal;0;0;0;1;0;0;0;0;0;0;1;0;0;0;0
18/04/2020;07:55:00;77;Acidente com Vítimas;623,781;BR-040/MG;Norte;Queda de Ribanceira;0;0;1;0;0;1;0;0;0;0;0;1;0;0;0
18/04/2020;13:06:00;128;Acidente com Vítimas;509,5;BR-040/MG;Norte;Atropelamento de Pedestre;2;0;0;0;0;1;0;0;0;0;2;0;0;1;0
18/04/2020;13:52:00;134;Acidente com Vítimas;52,1;BR-040/GO;Norte;Tombamento;0;0;0;1;0;0;0;0;0;0;0;1;0;0;0
18/04/2020;15:23:00;151;Acidente sem Vítimas;529,2;BR-040/MG;Sul;Choque c/ Objeto Fixo;0;0;0;0;0;1;0;0;0;0;3;0;0;0;0
18/04/2020;16:51:00;169;Acidente sem Vítimas;533,8;BR-040/MG;Norte;Colisão traseira;1;0;0;0;0;1;0;0;0;0;2;0;0;0;0
18/04/2020;19:14:00;200;Acidente com Vítimas;614,95;BR-040/MG;Sul;Tombamento de Moto;0;0;0;1;0;1;0;0;0;0;0;0;0;0;0
18/04/2020;19:18:00;201;Acidente com Vítimas;421,3;BR-040/MG;Sul;Colisão transversal;2;0;0;0;0;1;0;0;0;0;2;0;1;0;0
18/04/2020;23:03:00;220;Acidente com Vítimas;139,5;BR-040/MG;Norte;Colisão traseira;1;0;0;1;0;1;0;0;0;0;2;1;0;0;0
19/04/2020;02:03:00;9;Acidente com Vítimas;534,6;BR-040/MG;Norte;Colisão traseira;1;0;0;0;1;0;0;0;0;0;4;0;0;0;0
19/04/2020;07:10:00;23;Acidente sem Vítimas;535,5;BR-040/MG;Norte;Choque c/ Objeto Fixo;1;0;0;0;0;0;0;0;0;0;1;0;0;0;0
19/04/2020;11:09:00;52;Acidente com Vítimas;47,9;BR-040/GO;Norte;Tombamento de Moto;1;0;0;1;0;0;0;0;0;0;0;2;0;0;0
19/04/2020;11:14:00;53;Acidente sem Vítimas;159,5;BR-040/MG;Norte;Atropelamento de Animal;1;0;0;0;0;0;0;0;0;0;1;0;0;0;0
19/04/2020;12:15:00;56;Acidente sem Vítimas;544,1;BR-040/MG;Sul;Colisão lateral;0;0;0;2;0;1;0;0;0;0;2;0;0;0;0
19/04/2020;14:08:00;79;Acidente com Vítimas;12,9;BR-040/GO;Sul;Choque c/ Objeto Fixo;1;0;0;0;0;0;0;0;0;0;0;2;0;0;0
19/04/2020;14:37:00;85;Acidente sem Vítimas;362,1;BR-040/MG;Sul;Capotamento;1;0;0;0;0;0;0;0;0;0;1;0;0;0;0
19/04/2020;16:26:00;102;Acidente com Vítimas;552,9;BR-040/MG;Norte;Choque c/ Objeto Fixo;1;0;0;0;0;1;0;0;0;0;2;1;0;0;0
19/04/2020;18:24:00;127;Acidente com Vítimas;518,9;BR-040/MG;Norte;Choque c/ Objeto Fixo;1;0;0;0;0;1;0;0;0;0;1;1;1;0;0
19/04/2020;18:42:00;130;Acidente com Vítimas;555,1;BR-040/MG;Norte;Engavetamento;3;0;0;1;0;0;0;0;0;0;11;0;0;0;0
20/04/2020;08:10:00;113;Acidente com Vítimas;534,1;BR-040/MG;Norte;Colisão lateral;1;0;0;1;0;1;0;0;0;0;1;0;1;0;0
20/04/2020;14:37:00;200;Acidente com Vítimas;7,256;BR-040/GO;Norte;Tombamento de Moto;0;0;0;1;0;0;0;0;0;0;0;1;0;0;0
20/04/2020;19:43:00;249;Acidente sem Vítimas;622,1;BR-040/MG;Norte;Colisão traseira;1;0;0;0;0;1;0;0;0;0;2;0;0;0;0
20/04/2020;20:25:00;260;Acidente sem Vítimas;7,2;BR-040/GO;Sul;Colisão traseira;2;0;0;0;0;1;0;0;0;0;0;0;0;0;0
20/04/2020;20:35:00;262;Acidente com Vítimas;18,5;BR-040/GO;Sul;Atropelamento de Ciclista;1;4;0;0;0;0;0;0;0;0;0;2;1;0;0
21/04/2020;06:59:00;44;Acidente com Vítimas;16,256;BR-040/GO;Norte;Colisão traseira;0;0;0;1;0;2;0;0;0;0;0;0;1;0;0
21/04/2020;13:49:00;99;Acidente com Vítimas;378,9;BR-040/MG;Sul;Capotamento;1;0;0;0;0;1;0;0;0;0;1;3;1;0;0
21/04/2020;16:41:00;129;Acidente sem Vítimas;72,256;BR-040/GO;Norte;Choque c/ Objeto Fixo;1;0;0;0;0;0;0;0;0;0;3;0;0;0;0
21/04/2020;18:59:00;154;Acidente com Vítimas;68,7;BR-040/MG;Norte;Atropelamento de Pedestre;0;0;0;0;0;1;0;0;0;0;1;1;0;0;0
22/04/2020;03:14:00;97;Acidente sem Vítimas;485,6;BR-040/MG;Sul;Choque c/ Objeto Fixo;0;0;0;0;0;2;0;0;0;0;4;0;0;0;0
22/04/2020;04:35:00;111;Acidente sem Vítimas;535,5;BR-040/MG;Norte;Choque c/ Objeto Fixo;0;0;0;1;0;0;0;0;0;0;2;0;0;0;0
22/04/2020;05:41:00;121;Acidente sem Vítimas;526,8;BR-040/MG;Norte;Capotamento;1;0;0;0;0;0;0;0;0;0;1;0;0;0;0
22/04/2020;07:35:00;143;Acidente com Vítimas;0,1;BR-040/GO;Norte;Colisão traseira;1;0;0;0;0;2;0;0;0;0;2;1;0;0;0
22/04/2020;08:13:00;152;Acidente com Vítimas;538,3;BR-040/MG;Norte;Colisão traseira;1;0;0;0;0;1;0;0;0;0;2;1;0;0;0
22/04/2020;11:48:00;198;Acidente sem Vítimas;43,5;BR-040/MG;Sul;Colisão frontal;1;0;0;1;0;0;0;0;0;0;0;0;0;0;0
22/04/2020;16:47:00;248;Acidente com Vítimas;63,8;BR-040/GO;Sul;Tombamento;0;0;1;0;0;0;0;0;0;0;0;1;0;0;0
22/04/2020;17:01:00;252;Acidente sem Vítimas;103,1;BR-040/GO;Norte;Capotamento;1;0;0;0;0;0;0;0;0;0;0;0;0;0;0
22/04/2020;18:44:00;271;Acidente com Vítimas;476,1;BR-040/MG;Norte;Colisão traseira;0;0;1;0;1;0;0;0;0;0;1;0;0;1;0
22/04/2020;21:14:00;297;Acidente sem Vítimas;523,8;BR-040/MG;Sul;Choque c/ Objeto Fixo;1;0;0;0;0;0;0;0;0;0;1;0;0;0;0
22/04/2020;21:18:00;298;Acidente sem Vítimas;601,3;BR-040/MG;Norte;Colisão traseira;0;0;2;0;0;0;0;0;0;0;2;0;0;0;0
23/04/2020;06:53:00;125;Acidente sem Vítimas;534,3;BR-040/MG;Sul;Colisão lateral;1;0;0;2;0;0;0;0;0;0;3;0;0;0;0
23/04/2020;07:25:00;134;Acidente sem Vítimas;7,8;BR-040/DF;Sul;Tombamento;0;0;1;0;0;0;0;0;0;0;0;0;0;0;0
23/04/2020;14:45:00;244;Acidente sem Vítimas;0,1;BR-040/GO;Norte;Tombamento;0;0;0;0;0;1;0;0;0;0;1;0;0;0;0
24/04/2020;06:44:00;105;Acidente sem Vítimas;585;BR-040/MG;Norte;Colisão transversal;1;0;1;0;0;1;0;0;0;0;1;0;0;0;0
24/04/2020;06:51:00;109;Acidente sem Vítimas;12,256;BR-040/GO;Norte;Colisão traseira;3;0;0;0;0;0;0;0;0;0;1;0;0;0;0
24/04/2020;07:52:00;126;Acidente sem Vítimas;530,1;BR-040/MG;Sul;Engavetamento;4;0;0;0;0;0;0;0;0;0;4;0;0;0;0
24/04/2020;16:28:00;228;Acidente sem Vítimas;540,85;BR-040/MG;Norte;Engavetamento;5;0;0;0;0;0;0;0;0;0;5;0;0;0;0
24/04/2020;18:42:00;244;Acidente com Vítimas;1,1;BR-040/GO;Sul;Atropelamento de Pedestre;1;1;0;0;0;0;0;0;0;0;3;0;1;0;0
24/04/2020;19:50:00;255;Acidente sem Vítimas;1,8;BR-040/DF;Sul;Engavetamento;3;0;0;0;0;1;0;0;0;0;0;0;0;0;0
24/04/2020;21:54:00;276;Acidente sem Vítimas;6,95;BR-040/GO;Sul;Colisão lateral;2;0;0;0;0;0;0;0;0;0;0;0;0;0;0
24/04/2020;22:01:00;277;Acidente sem Vítimas;195,1;BR-040/MG;Norte;Choque c/ Objeto Fixo;2;0;0;0;0;1;0;0;0;0;0;0;0;0;0
25/04/2020;00:10:00;2;Acidente sem Vítimas;459,15;BR-040/MG;Sul;Colisão traseira;1;0;0;0;1;1;0;0;0;0;2;0;0;0;0
25/04/2020;07:01:00;36;Acidente com Vítimas;480,3;BR-040/MG;Norte;Capotamento;1;0;0;0;0;0;0;0;0;0;0;0;1;0;0
25/04/2020;08:48:00;54;Acidente sem Vítimas;616,9;BR-040/MG;Norte;Choque c/ Objeto Fixo;1;0;0;0;0;1;0;0;0;0;0;0;0;0;0
25/04/2020;12:10:00;86;Acidente sem Vítimas;1,3;BR-040/DF;Norte;Choque c/ Objeto Fixo;1;0;0;0;0;0;0;0;0;0;0;0;0;0;0
25/04/2020;14:53:00;111;Acidente com Vítimas;682,7;BR-040/MG;Norte;Atropelamento de Pedestre;1;0;0;0;0;0;0;0;0;0;1;0;0;1;0
25/04/2020;15:04:00;112;Acidente sem Vítimas;600,3;BR-040/MG;Norte;Colisão traseira;0;0;0;2;1;0;0;0;0;0;1;0;0;0;0
25/04/2020;15:44:00;117;Acidente com Vítimas;26,3;BR-040/GO;Norte;Capotamento;0;0;0;0;0;2;0;0;0;0;0;0;0;0;0
25/04/2020;17:40:00;129;Acidente com Vítimas;2,1;BR-040/GO;Norte;Colisão lateral;1;0;0;1;0;0;0;0;0;0;0;1;0;0;0
25/04/2020;18:03:00;133;Acidente com Vítimas;7,8;BR-040/GO;Sul;Atropelamento de Pedestre;0;1;0;0;0;1;0;0;0;0;0;0;0;0;0
25/04/2020;18:55:00;146;Acidente sem Vítimas;747,1;BR-040/MG;Norte;Colisão transversal;1;0;0;1;0;0;0;0;0;0;2;0;0;0;0
26/04/2020;00:18:00;3;Acidente com Vítimas;507,1;BR-040/MG;Norte;Capotamento;1;0;0;0;0;1;0;0;0;0;1;0;0;0;0
26/04/2020;01:18:00;7;Acidente sem Vítimas;25,2;BR-040/GO;Sul;Choque c/ Objeto Fixo;1;0;0;0;0;0;0;0;0;0;0;0;0;0;0
26/04/2020;06:51:00;23;Acidente sem Vítimas;1,4;BR-040/GO;Sul;Choque c/ Objeto Fixo;1;0;0;0;0;1;0;0;0;0;4;0;0;0;0
26/04/2020;07:32:00;30;Acidente com Vítimas;303,7;BR-040/MG;Sul;Capotamento;1;0;0;0;0;1;0;0;0;0;0;1;0;0;0
26/04/2020;12:42:00;73;Acidente sem Vítimas;653,95;BR-040/MG;Norte;Tombamento;0;0;0;0;1;0;0;0;0;0;0;0;0;0;0
26/04/2020;15:03:00;87;Acidente com Vítimas;468,45;BR-040/MG;Norte;Tombamento;0;0;2;0;0;0;0;0;0;0;0;1;0;0;0
26/04/2020;15:53:00;89;Acidente com Vítimas;31,9;BR-040/MG;Sul;Colisão lateral;1;0;0;1;0;1;0;0;0;0;2;1;0;0;0
26/04/2020;17:36:00;107;Acidente com Vítimas;96,1;BR-040/MG;Norte;Colisão transversal;0;0;0;1;0;1;0;0;0;0;0;1;0;0;0
26/04/2020;17:43:00;113;Acidente com Vítimas;18,1;BR-040/GO;Sul;Tombamento de Moto;1;0;0;1;0;0;0;0;0;0;1;1;0;0;0
26/04/2020;18:12:00;118;Acidente com Vítimas;510,2;BR-040/MG;Sul;Colisão lateral;1;0;0;1;0;0;0;0;0;0;4;2;0;0;0
26/04/2020;19:41:00;131;Acidente sem Vítimas;507,1;BR-040/MG;Sul;Colisão traseira;2;0;0;0;0;0;0;0;0;0;5;0;0;0;0
26/04/2020;23:22:00;149;Acidente com Vítimas;2,4;BR-040/GO;Norte;Colisão traseira;1;0;0;0;0;1;0;0;0;0;1;1;2;0;0
27/04/2020;01:43:00;3;Acidente sem Vítimas;11,4;BR-040/GO;Sul;Choque c/ Objeto Fixo;2;0;0;0;0;0;0;0;0;0;4;0;0;0;0
27/04/2020;05:28:00;47;Acidente sem Vítimas;644,1;BR-040/MG;Norte;Atropelamento de Animal;1;0;0;0;0;0;0;0;0;0;0;0;0;0;0
27/04/2020;06:38:00;58;Acidente sem Vítimas;3,5;BR-040/GO;Sul;Colisão lateral;0;0;0;1;0;1;0;0;0;0;2;0;0;0;0
27/04/2020;07:08:00;67;Acidente sem Vítimas;541,9;BR-040/MG;Sul;Engavetamento;2;0;0;0;0;2;0;0;0;0;4;0;0;0;0
27/04/2020;08:04:00;84;Acidente sem Vítimas;524,11;BR-040/MG;Sul;Engavetamento;2;0;0;0;0;1;0;0;0;0;3;0;0;0;0
27/04/2020;13:00:00;178;Acidente com Vítimas;41,9;BR-040/MG;Norte;Colisão transversal;1;0;0;1;0;0;0;0;0;0;1;1;0;0;0
27/04/2020;15:13:00;209;Acidente com Vítimas;0,8;BR-040/DF;Sul;Colisão lateral;1;0;0;1;0;0;0;0;0;0;1;1;0;0;0
27/04/2020;16:54:00;234;Acidente sem Vítimas;517,7;BR-040/MG;Sul;Colisão lateral;1;0;0;1;0;0;0;0;0;0;2;0;0;0;0
27/04/2020;21:27:00;275;Acidente com Vítimas;549,1;BR-040/MG;Sul;Colisão traseira;0;0;1;0;1;1;0;0;0;0;2;0;1;0;0
28/04/2020;06:56:00;106;Acidente sem Vítimas;541,5;BR-040/MG;Sul;Engavetamento;1;0;0;0;0;2;0;0;0;0;1;0;0;0;0
28/04/2020;10:37:00;155;Acidente sem Vítimas;521,4;BR-040/MG;Sul;Choque c/ Objeto Fixo;1;0;0;0;0;0;0;0;0;0;0;0;0;0;0
28/04/2020;11:36:00;165;Acidente com Vítimas;31,6;BR-040/GO;Norte;Colisão lateral;2;0;0;0;0;1;0;0;0;0;2;2;1;0;0
28/04/2020;17:07:00;223;Acidente com Vítimas;668,89;BR-040/MG;Norte;Capotamento;2;0;0;0;0;0;0;0;0;0;1;0;0;0;0
28/04/2020;19:17:00;255;Acidente sem Vítimas;1,9;BR-040/GO;Sul;Colisão traseira;2;0;0;0;0;0;0;0;0;0;2;0;0;0;0
29/04/2020;00:14:00;2;Acidente sem Vítimas;656,2;BR-040/MG;Norte;Choque c/ Objeto Fixo;1;0;0;0;0;0;0;0;0;0;1;0;0;0;0
29/04/2020;12:03:00;178;Acidente com Vítimas;568,1;BR-040/MG;Norte;Colisão traseira;1;0;0;0;1;0;0;0;0;0;1;0;0;1;0
29/04/2020;13:14:00;188;Acidente com Vítimas;11,256;BR-040/GO;Sul;Colisão transversal;1;0;0;1;0;1;0;0;0;0;0;0;1;0;0
29/04/2020;16:30:00;226;Acidente sem Vítimas;550,1;BR-040/MG;Sul;Colisão transversal;1;0;0;0;0;1;0;0;0;0;0;0;0;0;0
29/04/2020;16:52:00;231;Acidente sem Vítimas;5,1;BR-040/DF;Sul;Colisão traseira;0;0;2;0;0;0;0;0;0;0;4;0;0;0;0
29/04/2020;17:39:00;247;Acidente com Vítimas;7,6;BR-040/GO;Sul;Colisão lateral;0;0;0;1;0;1;0;0;0;0;0;0;0;1;0
29/04/2020;17:50:00;249;Acidente com Vítimas;528,9;BR-040/MG;Norte;Atropelamento de Pedestre;0;0;0;1;0;0;0;0;0;0;1;1;0;0;0
29/04/2020;21:55:00;294;Acidente sem Vítimas;183,8;BR-040/MG;Sul;Colisão lateral;1;0;0;0;1;1;0;0;0;0;0;0;0;0;0
01/02/2020;06:30:00;69;Acidente com Vítimas;309,15;BR-040/MG;Sul;Outros;2;0;0;0;0;0;0;0;0;0;1;1;0;0;0