data;horario;n_da_ocorrencia;tipo_de_ocorrencia;km;trecho;sentido;tipo_de_acidente;automovel;bicicleta;caminhao;moto;onibus;outros;tracao_animal;transporte_de_cargas_especiais;trator_maquinas;utilitarios;ilesos;levemente_feridos;moderadamente_feridos;gravemente_feridos;mortos
12/02/2020;18:46:00;269;Acidente sem Vítimas;544,4;BR-040/MG;Norte;Colisão lateral;1;0;0;0;1;0;0;0;0;0;2;0;0;0;0
12/02/2020;19:19:00;288;Acidente sem Vítimas;2,9;BR-040/DF;Sul;Tombamento de Moto;0;0;0;1;0;0;0;0;0;0;2;0;0;0;0
12/02/2020;19:25:00;287;Acidente Fatal;497,7;BR-040/MG;Sul;Atropelamento de Pedestre;0;0;0;0;0;2;0;0;0;0;3;0;0;0;1
12/02/2020;22:32:00;331;Acidente sem Vítimas;771,3;BR-040/MG;Sul;Choque c/ Objeto Fixo;0;1;0;0;1;0;0;0;0;0;1;0;0;0;0
13/02/2020;02:31:00;64;Acidente sem Vítimas;668,5;BR-040/MG;Norte;Choque c/ Objeto Fixo;0;0;1;0;0;0;0;0;0;0;0;1;0;0;0
13/02/2020;04:12:00;71;Acidente sem Vítimas;628,5;BR-040/MG;Norte;Choque c/ Objeto Fixo;0;0;0;0;1;0;0;0;0;0;0;0;0;0;0
13/02/2020;06:00:00;118;Acidente sem Vítimas;282,8;BR-040/MG;Norte;Colisão lateral;0;0;1;0;0;2;0;0;0;0;6;0;0;0;0
13/02/2020;06:31:00;131;Acidente sem Vítimas;728,8;BR-040/MG;Sul;Choque c/ Objeto Fixo;0;0;0;0;0;0;0;0;0;1;0;0;0;0;0
13/02/2020;06:45:00;136;Acidente sem Vítimas;126,1;BR-040/MG;Norte;Colisão traseira;1;0;1;0;0;0;0;0;0;0;2;0;0;0;0
13/02/2020;08:32:00;173;Acidente com Vítimas;3,1;BR-040/DF;Norte;Colisão traseira;1;0;0;1;0;0;0;0;0;0;2;0;0;0;0
13/02/2020;13:56:00;278;Acidente com Vítimas;5,1;BR-040/GO;Norte;Outros;1;0;0;0;0;1;0;0;0;0;2;0;0;0;0
13/02/2020;14:31:00;285;Acidente sem Vítimas;643,1;BR-040/MG;Norte;Choque c/ Objeto Fixo;1;0;0;0;0;0;0;0;0;0;0;0;0;0;0
13/02/2020;14:53:00;289;Acidente sem Vítimas;452,92;BR-040/MG;Sul;Choque c/ Objeto Fixo;0;0;0;1;0;1;0;0;0;0;1;0;0;0;0
13/02/2020;17:52:00;337;Acidente sem Vítimas;587,2;BR-040/MG;Norte;Choque c/ Objeto Fixo;0;0;0;1;0;0;0;0;0;0;0;0;0;0;0
13/02/2020;18:28:00;343;Acidente com Vítimas;247,3;BR-040/MG;Sul;Outros;0;0;0;0;0;1;0;0;0;0;0;1;0;0;0
13/02/2020;18:41:00;348;Acidente sem Vítimas;697,5;BR-040/MG;Norte;Colisão transversal;1;0;0;0;0;1;0;0;0;0;1;0;0;0;0
13/02/2020;18:46:00;349;Acidente com Vítimas;513,3;BR-040/MG;Norte;Colisão lateral;1;0;0;0;1;1;0;0;0;0;2;0;1;0;0
13/02/2020;19:39:00;366;Acidente com Vítimas;517,7;BR-040/MG;Norte;Tombamento de Moto;0;0;0;0;0;1;0;0;0;0;1;1;0;0;0
13/02/2020;20:39:00;389;Acidente sem Vítimas;506,8;BR-040/MG;Norte;Choque c/ Objeto Fixo;1;0;0;0;0;0;0;0;0;0;1;0;0;0;0
13/02/2020;23:09:00;418;Acidente sem Vítimas;515,5;BR-040/MG;Norte;Atropelamento de Animal;1;0;0;0;0;0;0;0;0;0;2;0;0;0;0
13/02/2020;23:24:00;420;Acidente sem Vítimas;515,5;BR-040/MG;Norte;Atropelamento de Animal;0;0;0;0;0;1;0;0;0;0;1;0;0;0;0
14/02/2020;00:36:00;26;Acidente com Vítimas;92,5;BR-040/MG;Sul;Colisão frontal;0;0;0;0;1;2;0;0;0;0;0;0;0;1;0
14/02/2020;03:43:00;113;Acidente sem Vítimas;586,9;BR-040/MG;Sul;Choque c/ Objeto Fixo;0;0;0;0;1;0;0;0;0;0;0;0;0;0;0
14/02/2020;07:58:00;171;Acidente sem Vítimas;534,8;BR-040/MG;Norte;Colisão lateral;1;0;0;1;0;1;0;0;0;0;0;0;0;0;0
14/02/2020;09:01:00;190;Acidente sem Vítimas;538,55;BR-040/MG;Norte;Queda Veículo;0;0;0;1;0;0;0;0;0;0;1;0;0;0;0
14/02/2020;11:56:00;228;Acidente com Vítimas;632,2;BR-040/MG;Sul;Colisão transversal;1;0;0;1;0;0;0;0;0;0;2;0;0;0;0
14/02/2020;12:41:00;244;Acidente sem Vítimas;528,25;BR-040/MG;Norte;Atropelamento de Animal;0;0;0;0;1;2;0;0;0;0;0;0;0;0;0
14/02/2020;13:16:00;248;Acidente sem Vítimas;523,7;BR-040/MG;Norte;Choque c/ Objeto Fixo;1;0;0;0;0;1;0;0;0;0;1;0;0;0;0
14/02/2020;13:39:00;251;Acidente sem Vítimas;6,8;BR-040/GO;Sul;Tombamento;0;0;1;0;0;1;0;0;0;0;0;0;0;0;0
14/02/2020;15:08:00;278;Acidente sem Vítimas;527,5;BR-040/MG;Norte;Atropelamento de Animal;1;0;0;0;0;0;0;0;0;0;1;0;0;0;0
14/02/2020;18:35:00;340;Acidente sem Vítimas;541,2;BR-040/MG;Norte;Colisão traseira;1;0;0;0;0;0;0;0;0;1;2;0;0;0;0
14/02/2020;20:13:00;373;Acidente sem Vítimas;536,5;BR-040/MG;Norte;Colisão traseira;0;0;0;1;0;1;0;0;0;0;1;0;0;0;0
14/02/2020;20:31:00;378;Acidente sem Vítimas;536,4;BR-040/MG;Norte;Colisão traseira;1;0;0;1;0;0;0;0;0;0;3;0;0;0;0
14/02/2020;20:58:00;385;Acidente sem Vítimas;738,4;BR-040/MG;Sul;Colisão lateral;0;0;0;0;1;0;0;0;0;0;1;0;0;0;0
14/02/2020;21:15:00;394;Acidente Fatal;528,5;BR-040/MG;Norte;Choque c/ Objeto Fixo;0;0;0;1;0;0;0;0;0;0;0;0;0;0;1
14/02/2020;22:36:00;406;Acidente sem Vítimas;485,3;BR-040/MG;Norte;Atropelamento de Animal;2;0;0;0;0;0;0;0;0;0;1;0;0;0;0
14/02/2020;23:57:00;415;Acidente com Vítimas;2,3;BR-040/GO;Sul;Tombamento de Moto;0;0;0;1;0;0;0;0;0;0;0;1;0;0;0
15/02/2020;02:29:00;62;Acidente com Vítimas;11,1;BR-040/GO;Sul;Choque c/ Objeto Fixo;1;0;0;0;0;0;0;0;0;0;0;1;0;0;0
15/02/2020;06:08:00;80;Acidente sem Vítimas;472,3;BR-040/MG;Sul;Choque c/ Objeto Fixo;0;0;0;0;1;0;0;0;0;0;1;0;0;0;0
15/02/2020;06:52:00;92;Acidente sem Vítimas;103,1;BR-040/MG;Norte;Tombamento;0;0;1;0;0;0;0;0;0;0;1;0;0;0;0
15/02/2020;09:29:00;135;Acidente sem Vítimas;470,3;BR-040/MG;Norte;Colisão lateral;1;0;0;0;0;2;0;0;0;0;2;0;0;0;0
15/02/2020;10:27:00;147;Acidente sem Vítimas;515,4;BR-040/MG;Norte;Colisão traseira;1;0;0;0;0;0;0;0;0;0;1;0;0;0;0
15/02/2020;13:03:00;204;Acidente sem Vítimas;445,6;BR-040/MG;Norte;Choque c/ Objeto Fixo;1;0;0;0;0;0;0;0;0;0;4;0;0;0;0
15/02/2020;13:05:00;200;Acidente sem Vítimas;12,242;BR-040/GO;Sul;Choque c/ Objeto Fixo;0;0;0;0;2;0;0;0;0;0;1;0;0;0;0
15/02/2020;14:24:00;224;Acidente sem Vítimas;42,5;BR-040/MG;Sul;Colisão lateral;2;0;0;0;0;0;0;0;0;0;2;0;0;0;0
15/02/2020;14:42:00;235;Acidente sem Vítimas;7,4;BR-040/DF;Sul;Choque c/ Objeto Fixo;0;0;1;0;0;1;0;0;0;0;0;0;0;0;0
15/02/2020;15:47:00;250;Acidente com Vítimas;134,8;BR-040/MG;Sul;Outros;1;0;0;0;0;1;0;0;0;0;0;1;0;0;0
15/02/2020;16:33:00;259;Acidente com Vítimas;154,1;BR-040/MG;Norte;Colisão traseira;0;0;0;0;0;1;0;0;0;1;5;1;0;0;0
15/02/2020;17:31:00;276;Acidente sem Vítimas;639,5;BR-040/MG;Sul;Choque c/ Objeto Fixo;1;0;0;0;0;1;0;0;0;0;1;0;0;0;0
15/02/2020;18:47:00;290;Acidente sem Vítimas;637,4;BR-040/MG;Sul;Outros;1;0;0;0;0;0;0;0;0;0;1;0;0;0;0
15/02/2020;19:49:00;309;Acidente sem Vítimas;643,2;BR-040/MG;Sul;Outros;1;0;0;0;0;0;0;0;0;0;2;0;0;0;0
15/02/2020;20:57:00;332;Acidente sem Vítimas;543,6;BR-040/MG;Norte;Tombamento de Moto;0;0;0;1;0;0;0;0;0;0;1;1;0;0;0
16/02/2020;01:25:00;11;Acidente com Vítimas;9;BR-040/GO;Norte;Capotamento;1;0;0;0;0;1;0;0;0;0;1;1;0;0;0
16/02/2020;01:39:00;14;Acidente sem Vítimas;5;BR-040/GO;Sul;Capotamento;2;0;0;0;0;0;0;0;0;0;1;0;0;0;0
16/02/2020;09:19:00;62;Acidente com Vítimas;472,472;BR-040/MG;Norte;Colisão lateral;0;0;0;2;0;0;0;0;0;0;1;1;0;0;0
16/02/2020;11:55:00;102;Acidente sem Vítimas;579,32;BR-040/MG;Sul;Colisão traseira;1;0;1;0;0;1;0;0;0;0;2;0;0;0;0
16/02/2020;13:32:00;114;Acidente sem Vítimas;297,801;BR-040/MG;Norte;Capotamento;1;0;0;0;0;1;0;0;0;0;1;0;0;0;0
16/02/2020;15:22:00;142;Acidente sem Vítimas;512,105;BR-040/MG;Norte;Outros;1;0;0;0;0;0;0;0;0;0;0;0;0;0;0
16/02/2020;17:09:00;177;Acidente sem Vítimas;4,8;BR-040/GO;Sul;Colisão traseira;2;0;0;0;0;0;0;0;0;0;2;0;0;0;0
16/02/2020;17:34:00;183;Acidente sem Vítimas;16,2;BR-040/GO;Norte;Atropelamento de Pedestre;1;0;0;0;0;0;0;0;0;0;1;1;0;0;0
16/02/2020;17:59:00;193;Acidente sem Vítimas;37,2;BR-040/GO;Norte;Atropelamento de Animal;1;0;0;0;0;0;0;0;0;0;1;0;0;0;0
16/02/2020;21:58:00;255;Acidente sem Vítimas;502,2;BR-040/MG;Sul;Capotamento;1;0;0;0;0;0;0;0;0;0;2;0;0;0;0
17/02/2020;02:25:00;90;Acidente sem Vítimas;462,5;BR-040/MG;Sul;Choque c/ Objeto Fixo;0;0;0;1;0;1;0;0;0;0;2;0;0;0;0
17/02/2020;03:25:00;94;Acidente com Vítimas;436,6;BR-040/MG;Sul;Colisão lateral;0;0;0;0;2;0;0;0;0;0;29;0;5;0;0
17/02/2020;04:55:00;106;Acidente sem Vítimas;448,5;BR-040/MG;Norte;Choque c/ Objeto Fixo;1;0;0;0;0;0;0;0;0;0;1;0;0;0;0
17/02/2020;05:22:00;110;Acidente sem Vítimas;6,2;BR-040/GO;Norte;Colisão lateral;2;0;1;0;0;0;0;0;0;0;5;0;0;0;0
17/02/2020;05:26:00;109;Acidente com Vítimas;133,7;BR-040/MG;Norte;Colisão traseira;2;0;0;0;0;0;0;0;0;0;1;1;0;0;0
17/02/2020;06:10:00;120;Acidente sem Vítimas;507,25;BR-040/MG;Norte;Choque c/ Objeto Fixo;1;0;0;0;0;0;0;0;0;0;0;0;0;0;0
17/02/2020;06:53:00;133;Acidente com Vítimas;463,25;BR-040/MG;Sul;Choque c/ Objeto Fixo;0;0;0;0;0;0;0;0;0;1;0;0;1;0;0
17/02/2020;07:00:00;136;Acidente sem Vítimas;463,25;BR-040/MG;Norte;Colisão lateral;2;0;0;0;0;1;0;0;0;0;2;0;0;0;0
17/02/2020;07:08:00;138;Acidente sem Vítimas;717,4;BR-040/MG;Norte;Choque c/ Objeto Fixo;1;0;0;0;0;0;0;0;0;0;1;0;0;0;0
17/02/2020;07:34:00;141;Acidente sem Vítimas;538,502;BR-040/MG;Sul;Colisão traseira;0;0;0;0;0;2;0;0;0;0;1;0;0;0;0
17/02/2020;08:18:00;154;Acidente sem Vítimas;449,2;BR-040/MG;Norte;Capotamento;2;0;0;0;0;0;0;0;0;0;0;0;0;0;0
17/02/2020;09:10:00;173;Acidente com Vítimas;513,52;BR-040/MG;Norte;Colisão traseira;2;0;0;0;0;1;0;0;0;0;0;1;0;0;0
17/02/2020;10:10:00;191;Acidente sem Vítimas;1,8;BR-040/GO;Sul;Colisão traseira;1;0;0;0;0;1;0;0;0;0;1;1;0;0;0
17/02/2020;10:25:00;199;Acidente sem Vítimas;549,25;BR-040/MG;Sul;Engavetamento;3;0;0;0;0;0;0;0;0;0;1;0;0;0;0
17/02/2020;11:09:00;208;Acidente com Vítimas;50,5;BR-040/MG;Sul;Tombamento;1;0;0;0;0;1;0;0;0;0;1;1;0;0;0
17/02/2020;13:08:00;235;Acidente com Vítimas;1,2;BR-040/GO;Norte;Atropelamento de Pedestre;0;0;0;1;0;0;0;0;0;0;1;0;1;0;0
17/02/2020;13:23:00;243;Acidente sem Vítimas;535,5;BR-040/MG;Sul;Colisão traseira;1;0;1;0;0;0;0;0;0;0;0;0;0;0;0
17/02/2020;14:27:00;263;Acidente sem Vítimas;567,5;BR-040/MG;Norte;Choque c/ Objeto Fixo;1;0;0;0;0;0;0;0;0;0;0;0;0;0;0
17/02/2020;14:34:00;264;Acidente com Vítimas;694,2;BR-040/MG;Norte;Tombamento de Moto;1;0;0;1;0;0;0;0;0;0;1;0;0;0;0
17/02/2020;17:23:00;310;Acidente com Vítimas;682,1;BR-040/MG;Sul;Atropelamento de Pedestre;0;0;0;0;0;1;0;0;0;0;1;1;0;0;0
17/02/2020;18:24:00;329;Acidente sem Vítimas;179,9;BR-040/MG;Sul;Choque c/ Objeto Fixo;0;0;0;0;0;1;0;0;0;0;1;0;0;0;0
17/02/2020;19:47:00;359;Acidente com Vítimas;105,5;BR-040/GO;Sul;Tombamento;1;0;1;0;0;0;0;0;0;0;2;0;0;0;0
17/02/2020;21:41:00;394;Acidente sem Vítimas;446,6;BR-040/MG;Norte;Choque com objeto;0;0;0;0;1;1;0;0;0;0;2;0;0;0;0
18/02/2020;07:24:00;125;Acidente sem Vítimas;517,85;BR-040/MG;Sul;Colisão traseira;1;0;0;0;0;1;0;0;0;0;2;0;0;0;0
18/02/2020;07:48:00;133;Acidente com Vítimas;543,925;BR-040/MG;Norte;Colisão lateral;1;0;0;1;0;0;0;0;0;0;2;0;0;0;0
18/02/2020;08:25:00;148;Acidente com Vítimas;526,7;BR-040/MG;Sul;Colisão lateral;1;0;0;1;0;0;0;0;0;0;1;1;0;0;0
18/02/2020;09:01:00;160;Acidente com Vítimas;527,3;BR-040/MG;Sul;Engavetamento;3;0;0;0;0;0;0;0;0;0;3;1;0;0;0
18/02/2020;09:31:00;167;Acidente sem Vítimas;618,15;BR-040/MG;Norte;Colisão traseira;2;0;0;0;0;0;0;0;0;0;0;0;0;0;0
18/02/2020;09:45:00;170;Acidente com Vítimas;8,3;BR-040/DF;Norte;Colisão traseira;1;0;0;0;0;2;0;0;0;0;0;1;0;0;0
18/02/2020;10:50:00;188;Acidente com Vítimas;541,3;BR-040/MG;Norte;Tombamento;0;0;0;0;1;0;0;0;0;1;2;0;1;0;0
18/02/2020;11:44:00;199;Acidente com Vítimas;97,8;BR-040/GO;Sul;Capotamento;1;0;0;0;0;0;0;0;0;0;0;4;0;0;0
18/02/2020;15:07:00;243;Acidente sem Vítimas;467,321;BR-040/MG;Norte;Colisão lateral;1;0;0;0;1;1;0;0;0;0;2;0;0;0;0
18/02/2020;21:19:00;309;Acidente sem Vítimas;510,256;BR-040/MG;Sul;Choque c/ Objeto Fixo;1;0;0;0;0;1;0;0;0;0;1;0;0;0;0
18/02/2020;21:36:00;311;Acidente com Vítimas;456;BR-040/MG;Norte;Capotamento;1;0;0;0;0;0;0;0;0;0;0;2;0;0;0
18/02/2020;22:02:00;318;Acidente sem Vítimas;7,4;BR-040/DF;Sul;Queda Veículo;0;0;0;1;0;0;0;0;0;0;0;1;0;0;0
19/02/2020;04:51:00;88;Acidente com Vítimas;609,8;BR-040/MG;Norte;Tombamento;0;0;0;0;1;1;0;0;0;0;0;0;1;0;0
19/02/2020;05:50:00;93;Acidente sem Vítimas;92,4;BR-040/GO;Norte;Choque c/ Objeto Fixo;0;0;0;0;0;1;0;0;0;0;1;0;0;0;0
19/02/2020;07:42:00;130;Acidente com Vítimas;510,8;BR-040/MG;Norte;Colisão lateral;1;0;0;1;0;1;0;0;0;0;2;0;1;0;0
19/02/2020;10:31:00;182;Acidente sem Vítimas;412,22;BR-040/MG;Norte;Tombamento;0;0;0;1;0;0;0;0;0;0;1;0;0;0;0
19/02/2020;10:43:00;187;Acidente sem Vítimas;532,6;BR-040/MG;Sul;Colisão lateral;1;0;0;0;1;1;0;0;0;0;2;0;0;0;0
19/02/2020;14:40:00;240;Acidente sem Vítimas;582,15;BR-040/MG;Norte;Choque c/ Objeto Fixo;0;0;0;0;0;1;0;0;0;0;0;0;0;0;0
19/02/2020;14:59:00;245;Acidente com Vítimas;343,2;BR-040/MG;Norte;Outros;0;0;1;0;0;0;0;0;0;0;0;0;0;1;0
19/02/2020;18:48:00;299;Acidente sem Vítimas;534,1;BR-040/MG;Norte;Tombamento de Moto;0;0;0;1;0;0;0;0;0;0;1;0;0;0;0
19/02/2020;21:13:00;323;Acidente com Vítimas;2,7;BR-040/DF;Sul;Colisão lateral;0;0;0;1;0;1;0;0;0;0;1;0;0;0;0
19/02/2020;21:36:00;326;Acidente com Vítimas;552,1;BR-040/MG;Norte;Choque c/ Objeto Fixo;0;0;0;0;0;1;0;0;0;0;0;0;1;0;0
20/02/2020;08:00:00;135;Acidente com Vítimas;533,8;BR-040/MG;Sul;Colisão traseira;1;0;0;1;0;0;0;0;0;0;0;1;0;0;0
20/02/2020;13:44:00;220;Acidente sem Vítimas;463,452;BR-040/MG;Sul;Capotamento;1;0;0;0;0;0;0;0;0;0;0;0;0;0;0
20/02/2020;13:56:00;222;Acidente com Vítimas;53,8;BR-040/GO;Sul;Colisão traseira;2;0;0;0;0;1;0;0;0;0;5;0;0;0;0
20/02/2020;15:24:00;253;Acidente sem Vítimas;613,3;BR-040/MG;Sul;Colisão traseira;2;0;0;0;0;0;0;0;0;0;2;0;0;0;0
20/02/2020;18:00:00;291;Acidente com Vítimas;581,2;BR-040/MG;Norte;Choque com objeto;0;0;0;0;1;1;0;0;0;0;1;0;1;0;0
20/02/2020;18:26:00;302;Acidente sem Vítimas;571,3;BR-040/MG;Norte;Tombamento;0;0;0;1;0;0;0;0;0;0;0;0;0;0;0
20/02/2020;18:40:00;307;Acidente sem Vítimas;495,5;BR-040/MG;Sul;Colisão transversal;1;0;0;0;1;1;0;0;0;0;2;0;0;0;0
20/02/2020;18:45:00;308;Acidente sem Vítimas;542,135;BR-040/MG;Norte;Colisão traseira;2;0;0;0;0;0;0;0;0;0;2;0;0;0;0
20/02/2020;19:05:00;314;Acidente com Vítimas;1,7;BR-040/DF;Norte;Colisão lateral;1;0;0;1;0;0;0;0;0;0;0;0;0;0;0
20/02/2020;20:37:00;343;Acidente Fatal;608,1;BR-040/MG;Sul;Colisão transversal;0;0;0;2;0;1;0;0;0;0;1;0;0;0;1
20/02/2020;20:38:00;342;Acidente com Vítimas;516,1;BR-040/MG;Norte;Atropelamento de Andarilho;1;0;0;0;0;0;0;0;0;0;1;0;1;0;0
21/02/2020;01:32:00;78;Acidente sem Vítimas;9,1;BR-040/GO;Sul;Choque com objeto;1;0;0;0;0;0;0;0;0;0;0;0;0;0;0
21/02/2020;02:27:00;79;Acidente sem Vítimas;754,4;BR-040/MG;Sul;Tombamento;0;0;1;0;0;1;0;0;0;0;1;0;0;0;0
21/02/2020;02:51:00;81;Acidente sem Vítimas;0;BR-040/MG;Norte;Colisão lateral;1;0;0;0;0;1;0;0;0;0;2;0;0;0;0
21/02/2020;07:01:00;141;Acidente com Vítimas;23,5;BR-040/GO;Sul;Outros;0;0;0;0;1;0;0;0;0;1;30;0;0;0;0
21/02/2020;08:59:00;185;Acidente sem Vítimas;648,15;BR-040/MG;Sul;Colisão transversal;2;0;0;0;0;1;0;0;0;0;0;0;0;0;0
21/02/2020;15:09:00;298;Acidente sem Vítimas;631,5;BR-040/MG;Norte;Queda Veículo;1;0;0;1;0;0;0;0;0;0;0;0;0;0;0
21/02/2020;15:41:00;306;Acidente sem Vítimas;730;BR-040/MG;Norte;Choque c/ Objeto Fixo;1;0;0;0;0;0;0;0;0;0;1;0;0;0;0
21/02/2020;15:57:00;309;Acidente sem Vítimas;615,15;BR-040/MG;Sul;Colisão traseira;1;0;0;1;0;0;0;0;0;0;2;0;0;0;0
21/02/2020;16:23:00;324;Acidente sem Vítimas;721,9;BR-040/MG;Norte;Choque c/ Objeto Fixo;1;0;0;0;0;1;0;0;0;0;0;0;0;0;0
21/02/2020;16:47:00;331;Acidente sem Vítimas;750,25;BR-040/MG;Norte;Choque c/ Objeto Fixo;1;0;0;0;0;0;0;0;0;0;1;0;0;0;0
21/02/2020;16:49:00;330;Acidente sem Vítimas;480,48;BR-040/MG;Norte;Choque c/ Objeto Fixo;0;0;0;0;1;0;0;0;0;0;1;0;0;0;0
21/02/2020;16:54:00;332;Acidente sem Vítimas;697,15;BR-040/MG;Sul;Colisão lateral;0;0;0;1;0;1;0;0;0;0;3;0;0;0;0
21/02/2020;17:05:00;335;Acidente sem Vítimas;518;BR-040/MG;Norte;Colisão traseira;2;0;0;0;0;0;0;0;0;0;0;0;0;0;0
21/02/2020;17:26:00;341;Acidente com Vítimas;3,1;BR-040/GO;Sul;Colisão traseira;0;0;0;1;0;0;0;0;0;0;0;0;1;0;0
21/02/2020;18:13:00;356;Acidente com Vítimas;535,5;BR-040/MG;Sul;Colisão lateral;1;0;0;1;0;0;0;0;0;0;1;1;0;0;0
21/02/2020;18:29:00;362;Acidente sem Vítimas;728,5;BR-040/MG;Norte;Choque c/ Objeto Fixo;1;0;0;0;0;0;0;0;0;0;0;0;0;0;0
21/02/2020;19:09:00;383;Acidente com Vítimas;2,6;BR-040/DF;Norte;Colisão frontal;1;0;0;0;0;0;0;0;1;0;0;0;0;0;0
21/02/2020;20:19:00;414;Acidente com Vítimas;517,7;BR-040/MG;Norte;Atropelamento de Ciclista;1;1;0;0;0;0;0;0;0;0;1;0;1;0;0
21/02/2020;20:53:00;424;Acidente sem Vítimas;546,7;BR-040/MG;Sul;Outros;0;0;0;0;1;0;0;0;0;0;1;0;0;0;0
21/02/2020;21:43:00;444;Acidente com Vítimas;18,9;BR-040/GO;Sul;Outros;1;0;0;0;1;0;0;0;0;0;64;1;0;0;0
21/02/2020;23:12:00;467;Acidente sem Vítimas;58,8;BR-040/GO;Sul;Colisão traseira;1;0;0;0;1;0;0;0;0;0;1;0;0;0;0
22/02/2020;06:08:00;61;Acidente sem Vítimas;499,15;BR-040/MG;Norte;Colisão traseira;1;0;0;0;1;1;0;0;0;0;3;0;0;0;0
22/02/2020;06:10:00;60;Acidente sem Vítimas;229,3;BR-040/MG;Sul;Capotamento;1;0;0;0;0;0;0;0;0;0;0;0;0;0;0
22/02/2020;06:39:00;69;Acidente sem Vítimas;602,15;BR-040/MG;Sul;Colisão lateral;1;0;0;0;1;1;0;0;0;0;0;0;0;0;0
22/02/2020;08:29:00;105;Acidente sem Vítimas;372,125;BR-040/MG;Norte;Colisão traseira;2;0;0;0;0;1;0;0;0;0;6;0;0;0;0
22/02/2020;09:07:00;116;Acidente sem Vítimas;543,725;BR-040/MG;Sul;Colisão lateral;1;0;0;1;0;0;0;0;0;0;2;0;0;0;0
22/02/2020;09:16:00;121;Acidente com Vítimas;305,8;BR-040/MG;Sul;Colisão transversal;2;0;0;0;0;1;0;0;0;0;2;0;4;0;0
22/02/2020;09:20:00;122;Acidente sem Vítimas;406,5;BR-040/MG;Norte;Capotamento;0;0;0;0;0;2;0;0;0;0;1;0;0;0;0
22/02/2020;09:55:00;133;Acidente sem Vítimas;407,65;BR-040/MG;Norte;Engavetamento;2;0;0;0;0;1;0;0;0;0;3;0;0;0;0
22/02/2020;10:33:00;143;Acidente sem Vítimas;406,5;BR-040/MG;Norte;Engavetamento;3;0;0;0;0;0;0;0;0;0;5;0;0;0;0
22/02/2020;13:28:00;187;Acidente sem Vítimas;548,3;BR-040/MG;Norte;Colisão lateral;1;0;0;0;0;2;0;0;0;0;3;0;3;0;0
22/02/2020;14:08:00;199;Acidente com Vítimas;666,15;BR-040/MG;Norte;Colisão transversal;2;0;0;0;0;0;0;0;0;0;1;0;1;0;0
22/02/2020;14:45:00;208;Acidente com Vítimas;6,7;BR-040/DF;Sul;Tombamento;0;0;1;0;0;0;0;0;0;0;0;1;0;0;0
22/02/2020;14:49:00;210;Acidente com Vítimas;611,15;BR-040/MG;Norte;Colisão traseira;1;0;0;0;0;0;0;0;0;0;1;0;1;0;0
22/02/2020;16:18:00;237;Acidente com Vítimas;713,2;BR-040/MG;Sul;Colisão traseira;1;0;0;0;1;0;0;0;0;0;1;3;0;0;0
22/02/2020;16:21:00;241;Acidente sem Vítimas;619,15;BR-040/MG;Sul;Colisão traseira;2;0;0;0;0;0;0;0;0;0;1;0;0;0;0
22/02/2020;16:48:00;246;Acidente sem Vítimas;732,5;BR-040/MG;Norte;Choque c/ Objeto Fixo;1;0;0;0;0;0;0;0;0;0;1;0;0;0;0
22/02/2020;17:32:00;257;Acidente com Vítimas;660,15;BR-040/MG;Norte;Capotamento;1;0;0;0;0;0;0;0;0;0;1;0;0;0;0
22/02/2020;19:05:00;277;Acidente sem Vítimas;416,1;BR-040/MG;Norte;Colisão lateral;1;0;2;0;0;0;0;0;0;0;3;0;0;0;0
22/02/2020;20:10:00;286;Acidente sem Vítimas;485,1;BR-040/MG;Sul;Choque c/ Objeto Fixo;1;0;0;0;0;0;0;0;0;0;3;0;0;0;0
22/02/2020;21:08:00;299;Acidente sem Vítimas;700,2;BR-040/MG;Sul;Colisão lateral;2;0;0;0;0;0;0;0;0;0;4;2;0;0;0
22/02/2020;21:23:00;302;Acidente sem Vítimas;593,2;BR-040/MG;Norte;Choque c/ Objeto Fixo;2;0;0;0;0;0;0;0;0;0;1;0;0;0;0
22/02/2020;21:42:00;305;Acidente sem Vítimas;512,1;BR-040/MG;Norte;Choque c/ Objeto Fixo;1;0;0;0;0;1;0;0;0;0;1;0;0;0;0
22/02/2020;22:02:00;309;Acidente sem Vítimas;24,4;BR-040/GO;Sul;Capotamento;1;0;0;0;0;0;0;0;0;0;0;0;0;0;0
23/02/2020;04:55:00;29;Acidente sem Vítimas;593,1;BR-040/MG;Norte;Choque c/ Objeto Fixo;0;0;0;0;1;0;0;0;0;0;0;0;0;0;0
23/02/2020;05:27:00;33;Acidente Fatal;418,13;BR-040/MG;Norte;Colisão frontal;0;0;0;0;1;2;0;0;0;0;1;0;0;0;2
23/02/2020;06:06:00;34;Acidente com Vítimas;752,15;BR-040/MG;Sul;Capotamento;1;0;0;0;0;0;0;0;0;0;1;1;0;0;0
23/02/2020;10:00:00;81;Acidente com Vítimas;471,6;BR-040/MG;Norte;Tombamento;0;0;0;1;0;0;0;0;0;0;1;1;0;0;0
23/02/2020;11:44:00;98;Acidente com Vítimas;10,9;BR-040/GO;Norte;Atropelamento de Ciclista;1;1;0;0;0;0;0;0;0;0;1;0;1;0;0
23/02/2020;13:58:00;122;Acidente sem Vítimas;544,8;BR-040/MG;Sul;Capotamento;0;0;0;0;1;2;0;0;0;0;1;0;0;0;0
23/02/2020;15:02:00;144;Acidente sem Vítimas;15,51;BR-040/GO;Sul;Colisão lateral;1;0;0;0;0;1;0;0;0;0;0;0;0;0;0
23/02/2020;16:34:00;168;Acidente sem Vítimas;466,3;BR-040/MG;Sul;Tombamento;0;0;0;0;0;1;0;0;0;0;1;0;0;0;0
23/02/2020;16:36:00;169;Acidente sem Vítimas;749,5;BR-040/MG;Norte;Colisão traseira;1;0;0;0;0;0;0;0;0;0;0;0;0;0;0
23/02/2020;19:19:00;206;Acidente sem Vítimas;153,6;BR-040/GO;Sul;Queda Veículo;1;0;0;0;0;0;0;0;0;0;1;0;0;0;0