data;horario;n_da_ocorrencia;tipo_de_ocorrencia;km;trecho;sentido;tipo_de_acidente;automovel;bicicleta;caminhao;moto;onibus;outros;tracao_animal;transporte_de_cargas_especiais;trator_maquinas;utilitarios;ilesos;levemente_feridos;moderadamente_feridos;gravemente_feridos;mortos
23/02/2020;19:32:00;210;Acidente com Vítimas;392,7;BR-040/MG;Sul;Colisão lateral;1;0;0;0;1;0;0;0;0;0;2;0;1;0;0
23/02/2020;20:35:00;221;Acidente sem Vítimas;447;BR-040/MG;Sul;Colisão traseira;1;0;0;0;0;1;0;0;0;0;1;0;0;0;0
23/02/2020;21:44:00;225;Acidente sem Vítimas;25,1;BR-040/GO;Sul;Choque c/ Objeto Fixo;1;0;0;0;0;0;0;0;0;0;1;0;0;0;0
24/02/2020;03:27:00;84;Acidente sem Vítimas;0,1;BR-040/DF;Sul;Outros;1;0;0;0;0;0;0;0;0;0;1;0;0;0;0
24/02/2020;09:44:00;146;Acidente com Vítimas;467,1;BR-040/MG;Sul;Capotamento;1;0;0;0;0;1;0;0;0;0;0;1;0;0;0
24/02/2020;12:43:00;195;Acidente com Vítimas;590,1;BR-040/MG;Norte;Capotamento;1;0;0;0;0;1;0;0;0;0;0;2;0;0;0
24/02/2020;14:46:00;221;Acidente sem Vítimas;5,147;BR-040/DF;Sul;Choque c/ Objeto Fixo;0;0;0;0;0;1;0;0;0;0;0;0;0;0;0
24/02/2020;17:59:00;256;Acidente com Vítimas;443,3;BR-040/MG;Norte;Capotamento;1;0;0;0;0;1;0;0;0;1;0;1;0;0;0
24/02/2020;18:05:00;255;Acidente sem Vítimas;462,1;BR-040/MG;Sul;Colisão traseira;1;0;0;0;0;1;0;0;0;0;2;0;0;0;0
24/02/2020;18:54:00;274;Acidente sem Vítimas;455,3;BR-040/MG;Norte;Choque c/ Objeto Fixo;0;0;0;0;0;0;0;0;0;2;16;0;0;0;0
25/02/2020;03:09:00;47;Acidente sem Vítimas;635,4;BR-040/MG;Sul;Choque c/ Objeto Fixo;1;0;0;0;0;0;0;0;0;0;2;0;0;0;0
25/02/2020;04:19:00;53;Acidente sem Vítimas;680,1;BR-040/MG;Sul;Capotamento;1;0;0;0;0;1;0;0;0;0;2;0;0;0;0
25/02/2020;05:16:00;58;Acidente sem Vítimas;583,4;BR-040/MG;Norte;Outros;1;0;0;0;0;0;0;0;0;0;1;0;0;0;0
25/02/2020;08:07:00;69;Acidente com Vítimas;112,1;BR-040/MG;Norte;Capotamento;1;0;0;0;0;1;0;0;0;0;4;1;0;0;0
25/02/2020;13:50:00;143;Acidente sem Vítimas;515,105;BR-040/MG;Sul;Engavetamento;3;0;0;0;0;0;0;0;0;0;1;0;0;0;0
25/02/2020;15:13:00;179;Acidente com Vítimas;738,5;BR-040/MG;Norte;Choque c/ Objeto Fixo;1;0;0;0;0;1;0;0;0;0;1;0;0;0;0
25/02/2020;16:03:00;193;Acidente sem Vítimas;769,1;BR-040/MG;Norte;Choque c/ Objeto Fixo;0;0;0;0;0;2;0;0;0;0;1;0;0;0;0
25/02/2020;17:18:00;214;Acidente com Vítimas;162,1;BR-040/MG;Sul;Choque c/ Objeto Fixo;1;0;0;0;0;0;0;0;0;0;3;2;0;0;0
25/02/2020;18:16:00;227;Acidente sem Vítimas;479,8;BR-040/MG;Sul;Colisão traseira;1;0;0;0;0;0;0;0;0;0;0;3;0;0;0
25/02/2020;20:02:00;268;Acidente sem Vítimas;676,256;BR-040/MG;Norte;Capotamento;1;0;0;0;0;0;0;0;0;0;3;0;0;0;0
25/02/2020;22:07:00;305;Acidente sem Vítimas;513,9;BR-040/MG;Sul;Capotamento;1;0;0;0;0;1;0;0;0;0;1;0;0;0;0
26/02/2020;06:20:00;93;Acidente com Vítimas;598,3;BR-040/MG;Norte;Colisão frontal;1;0;0;0;0;1;0;0;0;0;0;0;3;0;0
26/02/2020;06:40:00;96;Acidente com Vítimas;25,5;BR-040/GO;Sul;Colisão frontal;1;0;0;1;0;0;0;0;0;0;0;1;2;1;0
26/02/2020;11:29:00;165;Acidente sem Vítimas;558,9;BR-040/MG;Norte;Engavetamento;2;0;0;0;1;0;0;0;0;0;3;0;0;0;0
26/02/2020;13:04:00;184;Acidente sem Vítimas;473,6;BR-040/MG;Sul;Tombamento de Moto;0;0;0;1;0;0;0;0;0;0;1;0;0;0;0
26/02/2020;14:16:00;204;Acidente com Vítimas;49,1;BR-040/GO;Sul;Choque c/ Objeto Fixo;1;0;0;0;0;0;0;0;0;0;2;1;0;0;0
26/02/2020;14:37:00;212;Acidente com Vítimas;1,8;BR-040/GO;Norte;Tombamento de Moto;0;0;0;0;0;2;0;0;0;0;0;0;1;0;0
26/02/2020;16:09:00;234;Acidente sem Vítimas;617,541;BR-040/MG;Sul;Colisão traseira;2;0;0;0;0;0;0;0;0;0;0;0;0;0;0
26/02/2020;16:52:00;251;Acidente com Vítimas;717,3;BR-040/MG;Sul;Capotamento;1;0;0;0;0;1;0;0;0;0;0;0;0;0;0
26/02/2020;18:31:00;271;Acidente sem Vítimas;3,4;BR-040/GO;Norte;Engavetamento;3;0;0;0;0;1;0;0;0;0;3;0;0;0;0
26/02/2020;22:09:00;325;Acidente sem Vítimas;718,1;BR-040/MG;Sul;Choque c/ Objeto Fixo;0;0;0;0;0;1;0;0;0;0;1;0;0;0;0
26/02/2020;23:45:00;336;Acidente sem Vítimas;24,9;BR-040/GO;Norte;Capotamento;1;0;0;0;0;0;0;0;0;0;1;0;0;0;0
27/02/2020;00:04:00;1;Acidente com Vítimas;585,3;BR-040/MG;Sul;Capotamento;1;0;0;0;0;0;0;0;0;0;2;0;1;0;0
27/02/2020;04:08:00;109;Acidente sem Vítimas;731,2;BR-040/MG;Norte;Choque c/ Objeto Fixo;1;0;0;0;0;0;0;0;0;0;1;0;0;0;0
27/02/2020;04:32:00;112;Acidente sem Vítimas;414,1;BR-040/MG;Sul;Choque com objeto;0;0;0;0;1;0;0;0;0;0;28;0;0;0;0
27/02/2020;05:12:00;116;Acidente sem Vítimas;447,1;BR-040/MG;Norte;Choque c/ Objeto Fixo;0;0;0;0;0;0;0;0;0;1;1;0;0;0;0
27/02/2020;05:27:00;119;Acidente sem Vítimas;3,5;BR-040/GO;Norte;Colisão traseira;0;0;0;1;0;0;0;0;0;0;0;0;0;0;0
27/02/2020;06:16:00;130;Acidente sem Vítimas;505,6;BR-040/MG;Norte;Choque c/ Objeto Fixo;1;0;0;0;0;0;0;0;0;0;1;0;0;0;0
27/02/2020;08:22:00;183;Acidente sem Vítimas;7,265;BR-040/GO;Norte;Engavetamento;3;0;0;0;0;0;0;0;0;0;3;0;0;0;0
27/02/2020;12:40:00;269;Acidente sem Vítimas;528,7;BR-040/MG;Sul;Colisão traseira;1;0;0;0;1;1;0;0;0;0;3;0;0;0;0
27/02/2020;15:30:00;313;Acidente com Vítimas;510,6;BR-040/MG;Sul;Atropelamento de Pedestre;0;0;0;1;1;1;0;0;0;0;26;0;1;0;0
27/02/2020;18:10:00;353;Acidente sem Vítimas;462,2;BR-040/MG;Sul;Tombamento;0;0;0;0;0;1;0;0;0;1;2;0;0;0;0
27/02/2020;18:14:00;356;Acidente sem Vítimas;497,15;BR-040/MG;Norte;Colisão lateral;1;0;1;0;0;0;0;0;0;0;0;0;0;0;0
27/02/2020;19:39:00;378;Acidente sem Vítimas;10,1;BR-040/GO;Sul;Colisão lateral;1;0;0;0;0;1;0;0;0;0;3;0;0;0;0
27/02/2020;20:32:00;386;Acidente com Vítimas;1,4;BR-040/DF;Sul;Colisão lateral;1;0;0;1;0;1;0;0;0;0;1;0;0;0;0
27/02/2020;20:58:00;391;Acidente com Vítimas;509,15;BR-040/MG;Norte;Capotamento;1;0;0;0;0;2;0;0;0;0;0;2;1;1;0
28/02/2020;00:14:00;3;Acidente sem Vítimas;561,5;BR-040/MG;Norte;Choque c/ Objeto Fixo;1;0;0;0;0;1;0;0;0;0;1;0;0;0;0
28/02/2020;05:37:00;113;Acidente sem Vítimas;481,15;BR-040/MG;Sul;Colisão traseira;0;0;0;1;1;1;0;0;0;0;2;0;0;0;0
28/02/2020;06:51:00;130;Acidente com Vítimas;541,3;BR-040/MG;Sul;Outros;0;0;0;1;0;2;0;0;0;0;1;1;0;0;0
28/02/2020;06:58:00;132;Acidente com Vítimas;5,3;BR-040/DF;Norte;Colisão lateral;1;0;0;1;0;0;0;0;0;0;0;0;1;0;0
28/02/2020;07:34:00;141;Acidente com Vítimas;543,1;BR-040/MG;Sul;Colisão traseira;0;0;0;1;1;0;0;0;0;0;1;1;0;0;0
28/02/2020;14:58:00;248;Acidente com Vítimas;664,4;BR-040/MG;Sul;Choque c/ Objeto Fixo;1;0;0;0;0;0;0;0;0;0;0;0;1;0;0
28/02/2020;16:00:00;261;Acidente com Vítimas;457,1;BR-040/MG;Norte;Tombamento;0;0;0;0;0;0;0;0;0;0;0;0;1;0;0
28/02/2020;17:20:00;280;Acidente sem Vítimas;249,5;BR-040/MG;Sul;Choque c/ Objeto Fixo;1;0;0;0;0;0;0;0;0;0;1;0;0;0;0
28/02/2020;17:46:00;287;Acidente sem Vítimas;12,8;BR-040/GO;Sul;Choque c/ Objeto Fixo;1;0;0;0;0;1;0;0;0;0;0;0;0;0;0
28/02/2020;18:45:00;301;Acidente sem Vítimas;643,5;BR-040/MG;Sul;Choque c/ Objeto Fixo;1;0;0;0;0;0;0;0;0;0;1;0;0;0;0
28/02/2020;19:14:00;307;Acidente com Vítimas;551,1;BR-040/MG;Norte;Colisão lateral;0;0;0;1;0;1;0;0;0;0;0;1;0;0;0
28/02/2020;20:00:00;316;Acidente sem Vítimas;457,2;BR-040/MG;Norte;Colisão traseira;0;0;1;0;0;1;0;0;0;0;2;0;0;0;0
28/02/2020;20:04:00;322;Acidente sem Vítimas;466,5;BR-040/MG;Sul;Capotamento;1;0;0;0;0;0;0;0;0;0;1;0;0;0;0
28/02/2020;20:20:00;324;Acidente sem Vítimas;457,3;BR-040/MG;Norte;Colisão traseira;0;0;0;0;2;0;0;0;0;0;2;0;0;0;0
28/02/2020;20:37:00;329;Acidente com Vítimas;710,9;BR-040/MG;Norte;Choque c/ Objeto Fixo;1;0;0;0;0;0;0;0;0;0;1;1;0;0;0
28/02/2020;22:52:00;355;Acidente com Vítimas;431,9;BR-040/MG;Norte;Colisão traseira;0;0;1;0;1;1;0;0;0;0;0;1;0;0;0
01/07/2020;06:32:00;96;Acidente com Vítimas;523,5;BR-040/MG;Sul;Colisão traseira;2;0;0;0;0;0;0;0;0;0;2;1;0;0;0
01/07/2020;06:59:00;103;Acidente sem Vítimas;549,1;BR-040/MG;Sul;Colisão traseira;2;0;0;0;2;0;0;0;0;0;2;0;0;0;0
01/07/2020;08:07:00;124;Acidente com Vítimas;5,6;BR-040/GO;Norte;Colisão lateral;1;0;0;1;0;1;0;0;0;0;2;1;0;0;0
01/07/2020;10:54:00;174;Acidente com Vítimas;113,5;BR-040/MG;Norte;Tombamento;0;0;0;0;1;1;0;0;0;0;1;1;0;0;0
01/07/2020;11:18:00;179;Acidente sem Vítimas;4,5;BR-040/DF;Sul;Colisão traseira;1;0;1;0;0;0;0;0;0;0;2;0;0;0;0
01/07/2020;12:03:00;190;Acidente com Vítimas;700,3;BR-040/MG;Sul;Tombamento de Moto;0;0;0;1;0;0;0;0;0;0;1;0;1;0;0
01/07/2020;16:30:00;235;Acidente sem Vítimas;99,9;BR-040/MG;Sul;Tombamento de Moto;0;0;0;1;0;0;0;0;0;0;1;0;0;0;0
01/07/2020;18:42:00;255;Acidente com Vítimas;10,4;BR-040/GO;Sul;Choque c/ Objeto Fixo;1;0;0;0;0;1;0;0;0;0;0;0;1;0;0
01/07/2020;18:51:00;257;Acidente com Vítimas;536,6;BR-040/MG;Norte;Tombamento;1;0;0;1;0;0;0;0;0;0;1;0;1;0;0
01/07/2020;19:28:00;262;Acidente Fatal;614,83;BR-040/MG;Sul;Atropelamento de Andarilho;1;0;0;0;0;1;0;0;0;0;1;0;0;0;1
02/07/2020;06:32:00;98;Acidente com Vítimas;8,9;BR-040/GO;Norte;Colisão traseira;0;0;0;2;0;1;0;0;0;0;0;0;0;0;0
02/07/2020;10:12:00;155;Acidente com Vítimas;769,9;BR-040/MG;Norte;Colisão transversal;1;0;1;0;0;1;0;0;0;0;1;0;1;0;0
02/07/2020;10:31:00;160;Acidente com Vítimas;509;BR-040/MG;Norte;Colisão lateral;0;0;0;0;1;1;0;0;0;0;0;1;0;0;0
02/07/2020;14:22:00;199;Acidente sem Vítimas;2,3;BR-040/GO;Sul;Engavetamento;3;0;0;0;0;1;0;0;0;0;4;0;0;0;0
02/07/2020;15:24:00;210;Acidente com Vítimas;97,7;BR-040/GO;Norte;Tombamento de Moto;0;0;0;1;0;0;0;0;0;0;0;0;1;0;0
02/07/2020;18:16:00;235;Acidente sem Vítimas;510,1;BR-040/MG;Sul;Colisão lateral;0;0;0;0;1;0;0;0;0;0;1;0;0;0;0
02/07/2020;18:45:00;242;Acidente com Vítimas;511,7;BR-040/MG;Norte;Colisão lateral;0;0;0;1;1;0;0;0;0;0;1;1;0;0;0
02/07/2020;19:27:00;253;Acidente sem Vítimas;608,5;BR-040/MG;Sul;Colisão traseira;2;0;0;0;0;0;0;0;0;0;2;0;0;0;0
02/07/2020;21:25:00;270;Acidente sem Vítimas;474,5;BR-040/MG;Norte;Choque c/ Objeto Fixo;2;0;0;0;0;0;0;0;0;0;2;0;0;0;0
03/07/2020;01:58:00;70;Acidente sem Vítimas;546,1;BR-040/MG;Sul;Choque c/ Objeto Fixo;1;0;0;0;1;1;0;0;0;0;2;0;0;0;0
03/07/2020;06:52:00;115;Acidente sem Vítimas;541;BR-040/MG;Sul;Engavetamento;1;0;0;0;1;2;0;0;0;0;0;0;0;0;0
03/07/2020;08:29:00;145;Acidente sem Vítimas;324,9;BR-040/MG;Norte;Colisão traseira;1;0;1;0;1;0;0;0;0;0;3;0;0;0;0
03/07/2020;08:40:00;154;Acidente com Vítimas;534,25;BR-040/MG;Sul;Outros;1;0;0;1;0;0;0;0;0;0;0;1;0;0;0
03/07/2020;12:05:00;205;Acidente sem Vítimas;589,5;BR-040/MG;Norte;Colisão lateral;1;0;0;0;0;0;0;0;0;0;1;0;0;0;0
03/07/2020;12:48:00;213;Acidente sem Vítimas;7,3;BR-040/GO;Sul;Choque c/ Objeto Fixo;1;0;0;0;0;1;0;0;0;0;2;0;0;0;0
03/07/2020;12:58:00;214;Acidente sem Vítimas;663,7;BR-040/MG;Sul;Colisão traseira;1;0;0;0;0;1;0;0;0;0;2;0;0;0;0
03/07/2020;16:30:00;253;Acidente com Vítimas;534,9;BR-040/MG;Sul;Colisão traseira;1;0;0;0;0;2;0;0;0;0;2;1;1;0;0
03/07/2020;16:50:00;257;Acidente sem Vítimas;538,25;BR-040/MG;Norte;Outros;1;0;0;0;2;0;0;0;0;0;2;0;0;0;0
03/07/2020;18:36:00;279;Acidente com Vítimas;615,3;BR-040/MG;Sul;Colisão traseira;0;0;1;0;2;1;0;0;0;0;2;1;0;0;0
03/07/2020;19:17:00;286;Acidente com Vítimas;526,4;BR-040/MG;Norte;Atropelamento de Pedestre;0;0;0;1;0;0;0;0;0;0;1;2;0;0;0
03/07/2020;22:06:00;311;Acidente sem Vítimas;721,2;BR-040/MG;Norte;Choque c/ Objeto Fixo;1;0;0;0;0;0;0;0;0;0;1;0;0;0;0
04/07/2020;01:23:00;12;Acidente com Vítimas;137,3;BR-040/MG;Norte;Atropelamento de Animal;0;0;0;0;0;1;0;0;0;0;0;0;1;0;0
04/07/2020;02:10:00;15;Acidente com Vítimas;1,9;BR-040/GO;Norte;Tombamento de Moto;0;0;0;1;0;0;0;0;0;0;1;1;0;0;0
04/07/2020;06:23:00;40;Acidente com Vítimas;516,15;BR-040/MG;Sul;Tombamento de Moto;0;0;0;1;0;1;0;0;0;0;2;1;0;0;0
04/07/2020;08:07:00;55;Acidente sem Vítimas;566,7;BR-040/MG;Sul;Choque c/ Objeto Fixo;1;0;0;0;0;0;0;0;0;0;1;0;0;0;0
04/07/2020;08:59:00;69;Acidente com Vítimas;749,801;BR-040/MG;Norte;Choque c/ Objeto Fixo;1;0;0;0;0;0;0;0;0;0;1;1;0;0;0
04/07/2020;09:05:00;70;Acidente com Vítimas;524,998;BR-040/MG;Sul;Colisão lateral;0;0;0;1;1;0;0;0;0;0;13;0;0;1;0
04/07/2020;09:34:00;73;Acidente sem Vítimas;7,3;BR-040/GO;Norte;Engavetamento;3;0;0;0;0;0;0;0;0;0;3;0;0;0;0
04/07/2020;10:01:00;81;Acidente com Vítimas;8,3;BR-040/GO;Norte;Colisão traseira;1;0;0;1;0;1;0;0;0;0;2;1;0;0;0
04/07/2020;11:38:00;101;Acidente com Vítimas;764,52;BR-040/MG;Sul;Tombamento;1;0;0;0;0;0;0;0;0;0;2;1;0;0;0
04/07/2020;12:32:00;111;Acidente com Vítimas;96,5;BR-040/GO;Norte;Colisão transversal;1;0;0;1;0;1;0;0;0;0;2;0;1;0;0
04/07/2020;13:45:00;131;Acidente sem Vítimas;4,2;BR-040/GO;Sul;Engavetamento;2;0;0;0;0;1;0;0;0;0;3;0;0;0;0
04/07/2020;14:34:00;141;Acidente sem Vítimas;532,9;BR-040/MG;Norte;Colisão traseira;0;0;0;0;1;1;0;0;0;0;2;0;0;0;0
04/07/2020;15:02:00;153;Acidente sem Vítimas;519,6;BR-040/MG;Norte;Tombamento de Moto;1;0;0;1;0;0;0;0;0;0;2;0;0;0;0
04/07/2020;15:10:00;154;Acidente sem Vítimas;578,36;BR-040/MG;Norte;Choque c/ Objeto Fixo;1;0;0;0;0;0;0;0;0;0;4;0;0;0;0
04/07/2020;16:13:00;162;Acidente sem Vítimas;0,85;BR-040/GO;Norte;Capotamento;1;0;0;0;0;1;0;0;0;0;3;0;0;0;0
04/07/2020;18:42:00;192;Acidente com Vítimas;12,4;BR-040/GO;Norte;Colisão traseira;0;0;0;0;0;2;0;0;0;0;0;1;0;0;0
04/07/2020;18:50:00;195;Acidente com Vítimas;632,6;BR-040/MG;Norte;Colisão transversal;0;0;0;1;0;2;0;0;0;0;1;0;0;0;0
04/07/2020;19:26:00;201;Acidente sem Vítimas;135,14;BR-040/MG;Sul;Engavetamento;2;0;0;0;0;0;0;0;0;0;6;0;0;0;0
04/07/2020;19:40:00;204;Acidente com Vítimas;733,2;BR-040/MG;Sul;Colisão traseira;0;0;0;1;1;0;0;0;0;0;2;1;0;0;0
04/07/2020;19:43:00;205;Acidente com Vítimas;628,2;BR-040/MG;Sul;Colisão frontal;1;0;0;1;0;0;0;0;0;0;1;0;0;0;0
04/07/2020;19:55:00;207;Acidente com Vítimas;272,5;BR-040/MG;Sul;Colisão lateral;1;0;0;1;0;0;0;0;0;0;1;0;1;0;0
04/07/2020;19:58:00;208;Acidente sem Vítimas;2,4;BR-040/GO;Norte;Colisão frontal;2;0;0;0;0;0;0;0;0;0;3;0;0;0;0
04/07/2020;22:07:00;228;Acidente sem Vítimas;510,12;BR-040/MG;Sul;Choque c/ Objeto Fixo;1;0;0;0;0;0;0;0;0;0;1;0;0;0;0
04/07/2020;23:46:00;241;Acidente sem Vítimas;651,8;BR-040/MG;Sul;Capotamento;1;0;0;0;0;0;0;0;0;0;1;0;0;0;0
05/07/2020;00:10:00;3;Acidente sem Vítimas;771,4;BR-040/MG;Sul;Colisão lateral;2;0;0;0;0;0;0;0;0;0;5;0;0;0;0
05/07/2020;06:56:00;31;Acidente com Vítimas;7,3;BR-040/GO;Norte;Colisão traseira;2;0;0;0;0;0;0;0;0;0;2;0;0;0;0
05/07/2020;17:50:00;157;Acidente sem Vítimas;511,33;BR-040/MG;Sul;Engavetamento;1;0;0;0;0;1;0;0;0;0;1;0;0;0;0
05/07/2020;19:04:00;172;Acidente sem Vítimas;605,2;BR-040/MG;Norte;Colisão traseira;1;0;1;0;0;1;0;0;0;0;5;0;0;0;0
05/07/2020;19:37:00;180;Acidente Fatal;510,1;BR-040/MG;Sul;Capotamento;1;0;0;0;0;1;0;0;0;0;0;0;0;2;1
05/07/2020;22:06:00;204;Acidente sem Vítimas;680,2;BR-040/MG;Sul;Choque c/ Objeto Fixo;1;0;0;0;0;0;0;0;0;0;3;0;0;0;0
05/07/2020;22:12:00;205;Acidente sem Vítimas;703,8;BR-040/MG;Sul;Choque c/ Objeto Fixo;1;0;0;0;0;1;0;0;0;0;1;0;0;0;0
06/07/2020;09:01:00;122;Acidente sem Vítimas;599,3;BR-040/MG;Norte;Choque c/ Objeto Fixo;1;0;1;0;0;0;0;0;0;0;1;0;0;0;0
06/07/2020;09:05:00;121;Acidente com Vítimas;612,135;BR-040/MG;Norte;Tombamento de Moto;0;0;0;0;0;2;0;0;0;0;0;1;0;0;0
06/07/2020;10:45:00;155;Acidente sem Vítimas;2,2;BR-040/GO;Sul;Engavetamento;3;0;0;0;0;1;0;0;0;0;4;0;0;0;0
06/07/2020;14:28:00;203;Acidente sem Vítimas;689,3;BR-040/MG;Norte;Choque c/ Objeto Fixo;1;0;0;0;0;0;0;0;0;0;1;0;0;0;0
06/07/2020;15:46:00;223;Acidente sem Vítimas;3,3;BR-040/GO;Norte;Engavetamento;3;0;0;0;0;0;0;0;0;0;3;0;0;0;0
06/07/2020;16:39:00;237;Acidente sem Vítimas;599,95;BR-040/MG;Norte;Colisão traseira;2;0;0;0;0;0;0;0;0;0;2;0;0;0;0
06/07/2020;17:59:00;248;Acidente sem Vítimas;138,2;BR-040/MG;Sul;Colisão lateral;0;0;0;0;0;2;0;0;0;0;0;0;0;0;0
06/07/2020;18:20:00;254;Acidente com Vítimas;633,1;BR-040/MG;Norte;Colisão transversal;1;0;0;1;0;0;0;0;0;0;1;0;0;0;0
06/07/2020;19:42:00;273;Acidente sem Vítimas;729,5;BR-040/MG;Sul;Choque c/ Objeto Fixo;0;0;1;0;0;0;0;0;0;0;1;0;0;0;0
06/07/2020;20:21:00;283;Acidente com Vítimas;532,1;BR-040/MG;Sul;Tombamento de Moto;0;0;0;1;0;0;0;0;0;0;0;1;0;0;0
07/07/2020;06:49:00;97;Acidente com Vítimas;478,3;BR-040/MG;Norte;Colisão traseira;0;0;1;1;0;1;0;0;0;0;0;1;0;0;0
07/07/2020;07:51:00;106;Acidente com Vítimas;15,9;BR-040/GO;Norte;Colisão traseira;1;0;0;1;0;0;0;0;0;0;2;0;0;0;0
07/07/2020;11:16:00;162;Acidente sem Vítimas;502,258;BR-040/MG;Norte;Tombamento;0;0;1;0;0;1;0;0;0;0;1;0;0;0;0
07/07/2020;11:26:00;167;Acidente com Vítimas;530;BR-040/MG;Norte;Engavetamento;3;0;1;1;0;1;0;0;0;0;3;1;0;0;0
07/07/2020;11:54:00;176;Acidente sem Vítimas;12,3;BR-040/GO;Norte;Colisão traseira;0;0;1;0;0;2;0;0;0;0;2;0;0;0;0
07/07/2020;12:54:00;186;Acidente com Vítimas;523,25;BR-040/MG;Sul;Colisão traseira;1;0;0;0;0;1;0;0;0;0;0;2;0;0;0
07/07/2020;15:27:00;213;Acidente sem Vítimas;1,9;BR-040/GO;Sul;Colisão traseira;2;0;0;0;0;2;0;0;0;0;3;0;0;0;0
07/07/2020;17:45:00;247;Acidente com Vítimas;0,7;BR-040/GO;Sul;Atropelamento de Pedestre;0;0;0;1;0;0;0;0;0;0;0;0;0;1;0
07/07/2020;18:08:00;256;Acidente com Vítimas;552,1;BR-040/MG;Sul;Colisão lateral;1;0;0;1;0;1;0;0;0;0;1;1;0;0;0
08/07/2020;01:51:00;79;Acidente sem Vítimas;456,1;BR-040/MG;Sul;Colisão traseira;0;0;2;0;0;0;0;0;0;0;2;0;0;0;0
08/07/2020;06:40:00;105;Acidente sem Vítimas;7,5;BR-040/DF;Sul;Colisão traseira;2;0;0;0;0;1;0;0;0;0;2;0;0;0;0
08/07/2020;08:22:00;139;Acidente sem Vítimas;758,64;BR-040/MG;Sul;Colisão transversal;1;0;0;0;0;3;0;0;0;0;3;0;0;0;0
08/07/2020;08:56:00;147;Acidente sem Vítimas;442,6;BR-040/MG;Norte;Colisão lateral;1;0;0;0;1;0;0;0;0;0;1;0;0;0;0
08/07/2020;13:23:00;211;Acidente sem Vítimas;95,6;Fora_Rota;Sul;Choque c/ Objeto Fixo;0;0;0;0;1;0;0;0;0;0;1;0;0;0;0
08/07/2020;15:17:00;233;Acidente com Vítimas;517,9;BR-040/MG;Norte;Atropelamento de Pedestre;0;0;0;1;0;0;0;0;0;0;1;0;1;0;0
08/07/2020;17:26:00;268;Acidente sem Vítimas;534,35;BR-040/MG;Norte;Colisão traseira;2;0;0;0;0;0;0;0;0;0;2;0;0;0;0
08/07/2020;18:17:00;276;Acidente sem Vítimas;525,5;BR-040/MG;Norte;Colisão lateral;1;0;0;0;0;1;0;0;0;0;2;0;0;0;0
09/07/2020;00:53:00;3;Acidente sem Vítimas;333,7;BR-040/MG;Norte;Choque c/ Objeto Fixo;1;0;0;0;0;0;0;0;0;0;4;0;0;0;0
09/07/2020;06:18:00;103;Acidente com Vítimas;612,3;BR-040/MG;Sul;Atropelamento de Animal;0;0;0;1;0;0;0;0;0;0;0;1;0;0;0
09/07/2020;08:31:00;131;Acidente sem Vítimas;395,5;BR-040/MG;Norte;Colisão transversal;2;0;0;0;0;1;0;0;0;0;4;0;0;0;0
09/07/2020;12:42:00;178;Acidente com Vítimas;8,3;BR-040/DF;Norte;Engavetamento;2;0;0;1;0;0;0;0;0;0;2;0;1;0;0
09/07/2020;13:09:00;186;Acidente sem Vítimas;685,506;BR-040/MG;Sul;Outros;0;0;1;0;0;0;0;0;0;0;0;0;0;0;0
09/07/2020;14:25:00;199;Acidente sem Vítimas;534,9;BR-040/MG;Norte;Colisão traseira;1;0;0;0;0;1;0;0;0;0;2;0;0;0;0
09/07/2020;14:27:00;203;Acidente com Vítimas;5,1;BR-040/GO;Norte;Engavetamento;2;0;0;1;0;1;0;0;0;0;0;0;1;0;0
09/07/2020;21:35:00;287;Acidente Fatal;534,1;BR-040/MG;Norte;Colisão traseira;0;0;1;1;0;1;0;0;0;0;1;0;0;0;1
09/07/2020;22:09:00;295;Acidente com Vítimas;534,1;BR-040/MG;Sul;Colisão lateral;0;0;0;0;0;2;0;0;0;0;0;1;0;0;0
09/07/2020;23:32:00;311;Acidente sem Vítimas;3,1;BR-040/DF;Norte;Colisão lateral;1;0;0;0;0;1;0;0;0;0;2;0;0;0;0
10/07/2020;05:41:00;98;Acidente sem Vítimas;614,2;BR-040/MG;Norte;Colisão traseira;0;0;2;0;1;0;0;0;0;0;2;0;0;0;0
10/07/2020;06:26:00;102;Acidente com Vítimas;576,2;BR-040/MG;Norte;Colisão transversal;1;0;0;1;0;1;0;0;0;0;2;0;1;0;0
10/07/2020;08:51:00;137;Acidente sem Vítimas;428,9;BR-040/MG;Norte;Capotamento;1;0;0;0;0;1;0;0;0;0;0;0;0;0;0
10/07/2020;11:10:00;173;Acidente sem Vítimas;730,15;BR-040/MG;Norte;Choque c/ Objeto Fixo;1;0;0;0;0;0;0;0;0;0;2;0;0;0;0
10/07/2020;11:52:00;181;Acidente sem Vítimas;580,1;BR-040/MG;Sul;Choque c/ Objeto Fixo;1;0;0;0;0;0;0;0;0;0;1;0;0;0;0
10/07/2020;13:45:00;191;Acidente sem Vítimas;48,3;BR-040/MG;Sul;Choque c/ Objeto Fixo;1;0;0;0;0;0;0;0;0;0;1;0;0;0;0
10/07/2020;14:36:00;198;Acidente sem Vítimas;5,5;BR-040/DF;Sul;Capotamento;2;0;0;0;0;0;0;0;0;0;1;0;0;0;0
10/07/2020;17:00:00;227;Acidente sem Vítimas;538;BR-040/MG;Norte;Colisão traseira;1;0;0;0;0;0;0;0;0;0;0;0;0;0;0
10/07/2020;17:03:00;230;Acidente sem Vítimas;523,1;BR-040/MG;Norte;Engavetamento;4;0;0;0;0;1;0;0;0;0;2;0;0;0;0
10/07/2020;20:55:00;284;Acidente com Vítimas;148,8;BR-040/MG;Norte;Colisão frontal;1;0;0;0;1;0;0;0;0;0;0;0;1;0;0
10/07/2020;21:02:00;286;Acidente com Vítimas;552,8;BR-040/MG;Sul;Tombamento de Moto;1;0;0;1;0;0;0;0;0;0;1;0;1;0;0