data;horario;n_da_ocorrencia;tipo_de_ocorrencia;km;trecho;sentido;tipo_de_acidente;automovel;bicicleta;caminhao;moto;onibus;outros;tracao_animal;transporte_de_cargas_especiais;trator_maquinas;utilitarios;ilesos;levemente_feridos;moderadamente_feridos;gravemente_feridos;mortos
11/07/2020;02:34:00;18;Acidente sem Vítimas;544,55;BR-040/MG;Norte;Choque c/ Objeto Fixo;2;0;0;0;0;0;0;0;0;0;1;0;0;0;0
11/07/2020;05:37:00;27;Acidente sem Vítimas;352,2;BR-040/MG;Norte;Choque c/ Objeto Fixo;1;0;0;0;0;0;0;0;0;0;1;0;0;0;0
11/07/2020;06:04:00;29;Acidente sem Vítimas;3,5;BR-040/GO;Norte;Choque c/ Objeto Fixo;1;0;0;0;0;0;0;0;0;0;0;0;0;0;0
11/07/2020;10:16:00;74;Acidente sem Vítimas;526,215;BR-040/MG;Norte;Colisão traseira;1;0;0;0;0;1;0;0;0;0;0;0;0;0;0
11/07/2020;15:28:00;164;Acidente sem Vítimas;8,15;BR-040/DF;Sul;Capotamento;1;0;0;0;0;0;0;0;0;0;2;0;0;0;0
11/07/2020;16:21:00;178;Acidente sem Vítimas;13,4;BR-040/GO;Norte;Colisão traseira;2;0;0;0;0;0;0;0;0;0;2;0;0;0;0
11/07/2020;17:08:00;190;Acidente sem Vítimas;509,205;BR-040/MG;Sul;Colisão lateral;1;0;0;0;0;1;0;0;0;0;1;0;0;0;0
11/07/2020;17:14:00;192;Acidente com Vítimas;771,6;BR-040/MG;Sul;Capotamento;2;0;0;0;0;0;0;0;0;0;0;0;1;0;0
11/07/2020;18:53:00;207;Acidente com Vítimas;77,5;BR-040/MG;Norte;Colisão traseira;0;0;0;1;0;1;0;0;0;0;0;0;1;0;0
11/07/2020;19:03:00;211;Acidente sem Vítimas;2,8;BR-040/GO;Sul;Engavetamento;1;0;0;1;0;1;0;0;0;0;0;0;0;0;0
11/07/2020;19:20:00;215;Acidente sem Vítimas;5;BR-040/GO;Norte;Colisão lateral;2;0;0;0;0;0;0;0;0;0;0;0;0;0;0
11/07/2020;19:59:00;219;Acidente sem Vítimas;244,85;BR-040/MG;Norte;Colisão traseira;0;0;0;0;2;0;0;0;0;0;0;0;0;0;0
12/07/2020;00:37:00;3;Acidente sem Vítimas;529,5;BR-040/MG;Norte;Capotamento;2;0;0;0;0;0;0;0;0;0;2;0;0;0;0
12/07/2020;02:17:00;19;Acidente com Vítimas;517,5;BR-040/MG;Sul;Engavetamento;3;0;0;0;0;0;0;0;0;0;2;0;0;0;0
12/07/2020;02:40:00;14;Acidente com Vítimas;474,2;BR-040/MG;Sul;Colisão traseira;1;0;0;0;0;1;0;0;0;0;1;1;0;0;0
12/07/2020;03:14:00;22;Acidente sem Vítimas;719,5;BR-040/MG;Norte;Choque c/ Objeto Fixo;1;0;0;0;0;0;0;0;0;0;0;0;0;0;0
12/07/2020;16:44:00;144;Acidente sem Vítimas;700,39;BR-040/MG;Sul;Colisão lateral;1;0;1;0;0;0;0;0;0;0;3;0;0;0;0
12/07/2020;17:25:00;155;Acidente sem Vítimas;621,318;BR-040/MG;Sul;Colisão lateral;2;0;0;0;0;0;0;0;0;0;6;0;0;0;0
12/07/2020;17:52:00;160;Acidente sem Vítimas;561,8;BR-040/MG;Norte;Colisão traseira;1;0;0;0;0;1;0;0;0;0;3;0;0;0;0
12/07/2020;23:27:00;222;Acidente sem Vítimas;617,1;BR-040/MG;Sul;Colisão traseira;1;0;0;0;1;1;0;0;0;0;2;0;0;0;0
13/07/2020;03:58:00;61;Acidente sem Vítimas;7,5;BR-040/GO;Norte;Choque c/ Objeto Fixo;1;0;0;0;0;0;0;0;0;0;3;0;0;0;0
13/07/2020;06:03:00;74;Acidente sem Vítimas;5,3;BR-040/DF;Norte;Colisão traseira;2;0;0;0;0;0;0;0;0;0;2;0;0;0;0
13/07/2020;06:23:00;77;Acidente com Vítimas;0,11;BR-040/GO;Norte;Tombamento de Moto;1;0;0;1;0;0;0;0;0;0;2;1;0;0;0
13/07/2020;09:01:00;127;Acidente com Vítimas;5,3;BR-040/DF;Sul;Engavetamento;3;0;0;0;0;0;0;0;0;0;3;0;0;0;0
13/07/2020;09:05:00;129;Acidente sem Vítimas;525,24;BR-040/MG;Sul;Colisão traseira;0;0;0;0;0;1;0;0;0;0;1;0;0;0;0
13/07/2020;09:21:00;132;Acidente com Vítimas;9,8;BR-040/GO;Sul;Tombamento de Moto;0;0;0;1;0;0;0;0;0;0;1;2;0;0;0
13/07/2020;10:59:00;154;Acidente com Vítimas;519,3;BR-040/MG;Sul;Engavetamento;2;0;1;0;0;0;0;0;0;0;3;0;2;0;0
13/07/2020;11:04:00;155;Acidente sem Vítimas;409,1;BR-040/MG;Sul;Tombamento;1;0;0;0;0;0;0;0;0;0;1;0;0;0;0
13/07/2020;11:26:00;164;Acidente com Vítimas;676,41;BR-040/MG;Sul;Choque c/ Objeto Fixo;1;0;0;0;0;1;0;0;0;0;0;1;0;0;0
13/07/2020;13:37:00;191;Acidente com Vítimas;9,1;BR-040/GO;Norte;Atropelamento de Pedestre;1;0;0;0;0;1;0;0;0;0;1;0;0;0;0
13/07/2020;14:03:00;194;Acidente com Vítimas;41,1;BR-040/MG;Norte;Colisão transversal;1;0;0;1;0;0;0;0;0;0;0;1;0;0;0
13/07/2020;14:19:00;199;Acidente com Vítimas;29,8;BR-040/GO;Norte;Colisão traseira;1;0;1;0;0;1;0;0;0;0;2;4;0;0;0
13/07/2020;15:54:00;217;Acidente sem Vítimas;528,45;BR-040/MG;Sul;Colisão lateral;2;0;0;0;0;1;0;0;0;0;2;0;0;0;0
13/07/2020;17:22:00;238;Acidente com Vítimas;534,8;BR-040/MG;Norte;Choque com objeto;0;0;0;1;0;0;0;0;0;0;1;0;1;0;0
13/07/2020;18:02:00;245;Acidente com Vítimas;552,35;BR-040/MG;Sul;Colisão transversal;1;0;0;1;0;1;0;0;0;0;2;0;0;0;0
13/07/2020;22:33:00;293;Acidente sem Vítimas;466,1;BR-040/MG;Norte;Choque c/ Objeto Fixo;2;0;0;0;0;0;0;0;0;0;1;0;0;0;0
13/07/2020;23:55:00;306;Acidente com Vítimas;535,1;BR-040/MG;Sul;Colisão traseira;0;0;0;0;0;2;0;0;0;0;1;0;0;0;0
14/07/2020;06:11:00;86;Acidente sem Vítimas;700,1;BR-040/MG;Norte;Choque c/ Objeto Fixo;1;0;0;0;0;0;0;0;0;0;1;0;0;0;0
14/07/2020;06:25:00;89;Acidente sem Vítimas;465,1;BR-040/MG;Norte;Outros;1;0;0;0;0;0;0;0;0;0;0;1;0;0;0
14/07/2020;07:00:00;98;Acidente com Vítimas;415,2;BR-040/MG;Norte;Colisão lateral;0;0;1;0;0;1;0;0;0;1;2;10;0;1;0
14/07/2020;07:51:00;116;Acidente sem Vítimas;2,3;BR-040/DF;Norte;Colisão traseira;2;0;0;0;0;0;0;0;0;0;2;0;0;0;0
14/07/2020;10:45:00;159;Acidente com Vítimas;21,3;BR-040/GO;Sul;Atropelamento de Ciclista;1;0;0;0;0;0;0;0;0;0;1;0;0;0;0
14/07/2020;17:19:00;245;Acidente sem Vítimas;631,1;BR-040/MG;Sul;Colisão traseira;2;0;0;0;0;1;0;0;0;0;2;1;0;0;0
14/07/2020;17:36:00;247;Acidente com Vítimas;539,5;BR-040/MG;Norte;Tombamento de Moto;0;0;0;0;0;1;0;0;0;0;0;0;1;0;0
14/07/2020;17:36:00;248;Acidente sem Vítimas;509,5;BR-040/MG;Norte;Colisão lateral;2;0;2;0;0;0;0;0;0;0;3;0;0;0;0
14/07/2020;18:21:00;260;Acidente sem Vítimas;541,2;BR-040/MG;Norte;Engavetamento;3;0;0;0;0;0;0;0;0;0;3;0;0;0;0
14/07/2020;19:18:00;270;Acidente Fatal;601,9;BR-040/MG;Sul;Choque c/ Objeto Fixo;0;0;0;1;0;1;0;0;0;0;0;0;0;0;1
14/07/2020;19:41:00;277;Acidente sem Vítimas;7,8;BR-040/GO;Sul;Capotamento;0;0;0;0;0;2;0;0;0;0;0;0;0;0;0
15/07/2020;02:17:00;62;Acidente com Vítimas;539,9;BR-040/MG;Norte;Capotamento;1;0;0;0;0;1;0;0;0;0;3;1;0;0;0
15/07/2020;09:30:00;174;Acidente sem Vítimas;730,1;BR-040/MG;Sul;Choque c/ Objeto Fixo;1;0;0;0;0;0;0;0;0;0;1;0;0;0;0
15/07/2020;10:28:00;186;Acidente sem Vítimas;735,1;BR-040/MG;Sul;Choque c/ Objeto Fixo;1;0;0;0;0;1;0;0;0;0;0;0;0;0;0
15/07/2020;10:56:00;193;Acidente sem Vítimas;504,1;BR-040/MG;Sul;Choque c/ Objeto Fixo;1;0;0;0;0;0;0;0;0;0;0;0;0;0;0
15/07/2020;11:40:00;207;Acidente sem Vítimas;727,1;BR-040/MG;Sul;Capotamento;1;0;0;0;0;1;0;0;0;0;1;0;0;0;0
15/07/2020;12:44:00;230;Acidente sem Vítimas;731,9;BR-040/MG;Sul;Choque c/ Objeto Fixo;1;0;0;0;0;1;0;0;0;0;1;0;0;0;0
15/07/2020;12:48:00;232;Acidente com Vítimas;604,2;BR-040/MG;Sul;Tombamento;0;1;0;0;1;0;0;0;0;0;0;0;0;0;0
15/07/2020;16:06:00;274;Acidente com Vítimas;536,1;BR-040/MG;Norte;Colisão lateral;1;0;0;1;0;1;0;0;0;0;1;1;0;0;0
15/07/2020;19:45:00;331;Acidente sem Vítimas;45,3;BR-040/MG;Norte;Choque c/ Objeto Fixo;0;0;0;1;0;1;0;0;0;0;0;0;0;0;0
15/07/2020;21:46:00;360;Acidente sem Vítimas;12,2;BR-040/GO;Sul;Colisão traseira;2;0;0;0;0;0;0;0;0;0;0;0;0;0;0
16/07/2020;05:33:00;110;Acidente sem Vítimas;525,5;BR-040/MG;Sul;Engavetamento;1;0;1;0;1;0;0;0;0;0;0;0;0;0;0
16/07/2020;07:25:00;135;Acidente sem Vítimas;533,123;BR-040/MG;Norte;Colisão lateral;1;0;1;0;0;0;0;0;0;0;0;0;0;0;0
16/07/2020;08:04:00;150;Acidente com Vítimas;613,101;BR-040/MG;Sul;Choque c/ Objeto Fixo;1;0;0;0;0;0;0;0;0;0;0;1;0;0;0
16/07/2020;08:56:00;172;Acidente sem Vítimas;4,5;BR-040/GO;Norte;Colisão traseira;2;0;0;0;0;0;0;0;0;0;2;0;0;0;0
16/07/2020;09:24:00;180;Acidente com Vítimas;741,206;BR-040/MG;Sul;Colisão frontal;2;0;0;0;0;1;0;0;0;0;5;1;0;0;0
16/07/2020;10:28:00;194;Acidente sem Vítimas;588,1;BR-040/MG;Sul;Choque c/ Objeto Fixo;0;0;0;0;0;0;0;0;0;0;0;0;0;0;0
16/07/2020;10:38:00;198;Acidente sem Vítimas;737,32;BR-040/MG;Sul;Choque c/ Objeto Fixo;1;0;0;0;0;0;0;0;0;0;3;0;0;0;0
16/07/2020;12:31:00;220;Acidente sem Vítimas;7,4;BR-040/DF;Norte;Engavetamento;2;0;0;0;0;1;0;0;0;0;3;0;0;0;0
16/07/2020;14:05:00;241;Acidente com Vítimas;526,55;BR-040/MG;Sul;Tombamento de Moto;0;0;0;1;0;0;0;0;0;0;0;1;0;0;0
16/07/2020;15:08:00;252;Acidente sem Vítimas;530,2;BR-040/MG;Sul;Colisão traseira;1;0;0;0;0;1;0;0;0;0;2;0;0;0;0
16/07/2020;17:56:00;278;Acidente sem Vítimas;537,95;BR-040/MG;Norte;Engavetamento;4;0;0;0;0;0;0;0;0;0;4;0;0;0;0
16/07/2020;18:32:00;288;Acidente com Vítimas;638,2;BR-040/MG;Norte;Colisão traseira;1;0;0;1;0;0;0;0;0;0;1;0;1;0;0
16/07/2020;18:42:00;289;Acidente Fatal;4,6;BR-040/GO;Norte;Colisão traseira;0;0;0;1;0;2;0;0;0;0;0;0;1;0;1
16/07/2020;19:31:00;297;Acidente com Vítimas;244,4;BR-040/MG;Norte;Colisão lateral;0;0;0;0;1;1;0;0;0;0;1;1;0;0;0
16/07/2020;19:41:00;301;Acidente com Vítimas;682,2;BR-040/MG;Sul;Atropelamento de Pedestre;1;0;0;0;0;1;0;0;0;0;5;0;1;0;0
16/07/2020;21:10:00;313;Acidente com Vítimas;2,4;BR-040/GO;Norte;Colisão traseira;1;0;0;1;0;0;0;0;0;0;2;1;0;0;0
17/07/2020;00:25:00;26;Acidente com Vítimas;511,1;BR-040/MG;Norte;Colisão traseira;1;0;0;1;0;0;0;0;0;0;2;1;0;0;0
17/07/2020;06:28:00;107;Acidente com Vítimas;2,8;BR-040/DF;Norte;Colisão lateral;1;0;0;1;0;1;0;0;0;0;2;1;0;0;0
17/07/2020;11:59:00;180;Acidente com Vítimas;531,9;BR-040/MG;Sul;Atropelamento de Pedestre;0;0;0;1;0;1;0;0;0;0;1;1;0;0;0
17/07/2020;12:38:00;187;Acidente sem Vítimas;4,3;BR-040/GO;Norte;Colisão traseira;0;0;0;1;0;2;0;0;0;0;3;0;0;0;0
17/07/2020;13:57:00;200;Acidente sem Vítimas;41,5;BR-040/MG;Sul;Colisão traseira;2;0;0;0;0;0;0;0;0;0;0;0;0;0;0
17/07/2020;15:17:00;215;Acidente com Vítimas;0,3;BR-040/GO;Norte;Tombamento de Moto;0;0;0;1;0;0;0;0;0;0;1;1;0;0;0
17/07/2020;15:37:00;219;Acidente sem Vítimas;531,1;BR-040/MG;Sul;Engavetamento;2;0;0;0;0;1;0;0;0;0;0;0;0;0;0
17/07/2020;15:52:00;228;Acidente com Vítimas;746,5;BR-040/MG;Norte;Atropelamento de Ciclista;0;1;1;0;0;1;0;0;0;0;1;0;1;0;0
17/07/2020;18:12:00;257;Acidente sem Vítimas;3,4;BR-040/GO;Norte;Colisão lateral;2;0;0;1;0;0;0;0;0;0;3;0;0;0;0
17/07/2020;21:54:00;306;Acidente sem Vítimas;3,4;BR-040/GO;Sul;Atropelamento de Ciclista;0;0;0;1;0;0;0;0;0;0;0;1;2;0;0
17/07/2020;22:58:00;311;Acidente sem Vítimas;534,1;BR-040/MG;Norte;Choque c/ Objeto Fixo;1;0;0;0;0;0;0;0;0;0;1;0;0;0;0
17/07/2020;23:10:00;314;Acidente com Vítimas;5,9;BR-040/GO;Norte;Colisão traseira;2;0;0;0;0;0;0;0;0;0;2;0;0;0;0
18/07/2020;07:05:00;44;Acidente com Vítimas;532,5;BR-040/MG;Sul;Colisão traseira;1;0;0;1;0;1;0;0;0;0;0;1;0;0;0
18/07/2020;09:27:00;83;Acidente com Vítimas;481,15;BR-040/MG;Sul;Outros;1;0;0;0;0;0;0;0;0;0;0;0;0;0;0
18/07/2020;10:29:00;99;Acidente com Vítimas;6,8;BR-040/GO;Norte;Colisão lateral;0;0;0;1;0;1;0;0;0;0;1;0;1;0;0
18/07/2020;12:36:00;127;Acidente sem Vítimas;456;BR-040/MG;Norte;Colisão lateral;1;0;0;0;0;1;0;0;0;0;1;0;0;0;0
18/07/2020;13:02:00;129;Acidente sem Vítimas;575,1;BR-040/MG;Sul;Colisão transversal;1;0;0;0;0;0;0;0;0;0;0;0;0;0;0
18/07/2020;14:00:00;145;Acidente sem Vítimas;10,4;BR-040/GO;Norte;Colisão lateral;2;0;0;0;0;0;0;0;0;0;2;0;0;0;0
18/07/2020;16:07:00;169;Acidente sem Vítimas;10,1;BR-040/GO;Norte;Capotamento;1;0;0;0;1;0;0;0;0;0;2;0;0;0;0
18/07/2020;16:44:00;176;Acidente sem Vítimas;317,8;BR-040/MG;Norte;Choque c/ Objeto Fixo;1;0;0;0;0;0;0;0;0;0;3;0;0;0;0
18/07/2020;17:31:00;182;Acidente com Vítimas;490,2;BR-040/MG;Norte;Capotamento;2;0;0;0;0;0;0;0;0;0;0;0;1;0;0
18/07/2020;19:01:00;193;Acidente com Vítimas;525,5;BR-040/MG;Sul;Tombamento de Moto;0;0;0;1;0;0;0;0;0;0;0;0;1;0;0
18/07/2020;20:05:00;209;Acidente sem Vítimas;524,2;BR-040/MG;Norte;Choque c/ Objeto Fixo;1;0;0;0;0;0;0;0;0;0;3;0;0;0;0
18/07/2020;21:01:00;220;Acidente com Vítimas;44,6;BR-040/MG;Norte;Colisão traseira;1;0;0;1;0;0;0;0;0;0;0;1;0;0;0
18/07/2020;22:13:00;227;Acidente com Vítimas;95,6;BR-040/GO;Sul;Choque c/ Objeto Fixo;1;0;0;0;0;0;0;0;0;0;0;1;0;0;0
19/07/2020;00:51:00;8;Acidente com Vítimas;500,2;BR-040/MG;Norte;Capotamento;1;0;0;0;0;1;0;0;0;0;3;0;2;0;0
19/07/2020;04:14:00;28;Acidente com Vítimas;508,5;BR-040/MG;Sul;Choque c/ Objeto Fixo;1;0;0;0;0;0;0;0;0;0;0;0;0;0;0
19/07/2020;16:28:00;170;Acidente sem Vítimas;649,1;BR-040/MG;Norte;Colisão transversal;2;0;0;0;0;0;0;0;0;0;3;0;0;0;0
19/07/2020;17:37:00;186;Acidente sem Vítimas;459,25;BR-040/MG;Sul;Colisão traseira;1;0;0;0;0;2;0;0;0;0;4;0;0;0;0
19/07/2020;18:51:00;206;Acidente sem Vítimas;565,2;BR-040/MG;Norte;Colisão traseira;3;0;0;0;0;0;0;0;0;0;4;0;0;0;0
19/07/2020;19:36:00;217;Acidente sem Vítimas;16,8;BR-040/GO;Norte;Capotamento;1;0;0;0;0;0;0;0;0;0;1;0;0;0;0
19/07/2020;20:12:00;226;Acidente sem Vítimas;469,2;BR-040/MG;Sul;Choque c/ Objeto Fixo;2;0;0;0;0;0;0;0;0;0;3;0;0;0;0
19/07/2020;21:38:00;245;Acidente com Vítimas;41,1;BR-040/MG;Norte;Choque c/ Objeto Fixo;1;0;0;0;0;0;0;0;0;0;1;1;0;0;0
19/07/2020;21:41:00;246;Acidente com Vítimas;7,1;BR-040/GO;Sul;Colisão transversal;0;0;0;1;0;0;0;0;0;0;0;0;2;0;0
19/07/2020;22:21:00;249;Acidente sem Vítimas;363,1;BR-040/MG;Sul;Choque c/ Objeto Fixo;0;0;1;0;0;0;0;0;0;0;1;0;0;0;0
19/07/2020;22:42:00;250;Acidente com Vítimas;1,5;BR-040/GO;Norte;Choque c/ Objeto Fixo;0;0;0;0;0;0;0;0;0;0;0;0;0;0;0
20/07/2020;01:50:00;53;Acidente sem Vítimas;445,2;BR-040/MG;Sul;Tombamento;0;0;1;0;0;0;0;0;0;0;0;0;0;0;0
20/07/2020;02:15:00;55;Acidente sem Vítimas;557,9;BR-040/MG;Norte;Choque c/ Objeto Fixo;0;0;1;0;1;0;0;0;0;0;1;0;0;0;0
20/07/2020;06:29:00;102;Acidente sem Vítimas;590,55;BR-040/MG;Norte;Colisão traseira;0;0;0;1;0;3;0;0;0;0;10;0;0;0;0
20/07/2020;06:40:00;103;Acidente sem Vítimas;767,8;BR-040/MG;Sul;Colisão traseira;2;0;0;1;1;0;0;0;0;0;3;0;0;0;0
20/07/2020;12:31:00;199;Acidente sem Vítimas;9,8;BR-040/GO;Sul;Colisão traseira;1;0;0;0;0;1;0;0;0;0;2;0;0;0;0
20/07/2020;13:53:00;215;Acidente sem Vítimas;547,9;BR-040/MG;Sul;Colisão lateral;0;0;0;0;0;2;0;0;0;0;0;0;0;0;0
20/07/2020;14:18:00;226;Acidente sem Vítimas;629,3;BR-040/MG;Norte;Tombamento;1;0;0;0;0;0;0;0;0;0;0;0;0;0;0
20/07/2020;14:42:00;230;Acidente sem Vítimas;8,8;BR-040/GO;Norte;Colisão lateral;1;0;0;0;1;0;0;0;0;0;4;0;0;0;0
20/07/2020;15:17:00;235;Acidente com Vítimas;530,1;BR-040/MG;Sul;Engavetamento;3;0;0;0;0;0;0;0;0;0;1;1;0;0;0
20/07/2020;15:38:00;241;Acidente com Vítimas;720,45;BR-040/MG;Norte;Colisão traseira;0;0;1;0;1;0;0;0;0;0;0;1;0;0;0
20/07/2020;18:09:00;282;Acidente sem Vítimas;499,7;BR-040/MG;Norte;Capotamento;2;0;0;0;0;2;0;0;0;0;2;0;0;0;0
20/07/2020;22:25:00;327;Acidente sem Vítimas;425,3;BR-040/MG;Sul;Colisão traseira;1;0;0;0;0;2;0;0;0;0;1;0;0;0;0
21/07/2020;06:10:00;92;Acidente com Vítimas;5,9;BR-040/GO;Norte;Tombamento de Moto;0;0;0;1;0;1;0;0;0;0;1;1;0;0;0
21/07/2020;06:23:00;96;Acidente com Vítimas;496,3;BR-040/MG;Norte;Colisão lateral;1;0;0;0;0;1;0;0;0;0;0;0;1;0;0
21/07/2020;14:51:00;211;Acidente com Vítimas;559,99;BR-040/MG;Norte;Engavetamento;0;0;1;0;1;1;0;0;0;0;18;1;0;0;0
21/07/2020;16:13:00;224;Acidente com Vítimas;508,8;BR-040/MG;Norte;Colisão traseira;1;0;0;1;0;0;0;0;0;0;1;0;1;0;0
21/07/2020;17:17:00;229;Acidente sem Vítimas;24,3;Fora_Rota;Sul;Colisão traseira;0;0;0;0;1;1;0;0;0;0;2;0;0;0;0
21/07/2020;19:15:00;249;Acidente sem Vítimas;427,1;BR-040/MG;Sul;Colisão traseira;1;0;1;0;0;1;0;0;0;0;2;0;0;0;0
22/07/2020;05:21:00;98;Acidente sem Vítimas;5,5;BR-040/DF;Norte;Engavetamento;2;0;0;0;0;2;0;0;0;0;4;0;0;0;0
22/07/2020;06:24:00;106;Acidente sem Vítimas;5,9;BR-040/DF;Norte;Colisão lateral;0;0;0;1;0;1;0;0;0;0;2;0;0;0;0
22/07/2020;10:43:00;172;Acidente com Vítimas;516,49;BR-040/MG;Sul;Queda Veículo;0;0;0;1;0;1;0;0;0;0;0;1;0;0;0
22/07/2020;12:46:00;197;Acidente com Vítimas;0,3;BR-040/GO;Sul;Tombamento de Moto;0;0;0;1;0;0;0;0;0;0;1;1;0;0;0
22/07/2020;13:49:00;207;Acidente com Vítimas;8,35;BR-040/DF;Sul;Colisão lateral;1;0;0;0;1;0;0;0;0;0;2;0;0;0;0
22/07/2020;16:18:00;232;Acidente com Vítimas;549,85;BR-040/MG;Norte;Queda Veículo;0;0;0;1;0;0;0;0;0;0;0;0;1;0;0
22/07/2020;16:23:00;234;Acidente com Vítimas;617,3;BR-040/MG;Norte;Colisão transversal;2;0;1;0;0;0;0;0;0;0;3;0;0;0;0
22/07/2020;17:43:00;245;Acidente sem Vítimas;556,25;BR-040/MG;Norte;Colisão traseira;1;0;0;0;0;1;0;0;0;0;2;0;0;0;0
22/07/2020;19:14:00;274;Acidente com Vítimas;711,5;BR-040/MG;Norte;Tombamento de Moto;0;0;0;2;0;0;0;0;0;0;0;1;0;0;0
22/07/2020;19:53:00;289;Acidente sem Vítimas;3,5;BR-040/GO;Sul;Colisão traseira;2;0;0;0;0;0;0;0;0;0;2;0;0;0;0
23/07/2020;00:00:00;1;Acidente sem Vítimas;7,8;BR-040/GO;Sul;Choque c/ Objeto Fixo;2;0;0;0;0;0;0;0;0;0;0;0;0;0;0
23/07/2020;06:52:00;118;Acidente sem Vítimas;524,25;BR-040/MG;Sul;Colisão traseira;3;0;0;0;0;0;0;0;0;0;0;0;0;0;0
23/07/2020;07:02:00;123;Acidente sem Vítimas;517,12;BR-040/MG;Norte;Choque c/ Objeto Fixo;1;0;0;0;0;1;0;0;0;0;0;0;0;0;0
23/07/2020;08:18:00;147;Acidente com Vítimas;5,4;BR-040/GO;Norte;Colisão lateral;0;0;0;1;1;0;0;0;0;0;3;0;0;0;0
23/07/2020;10:03:00;182;Acidente com Vítimas;530,5;BR-040/MG;Sul;Colisão lateral;0;0;0;1;1;1;0;0;0;0;1;1;0;0;0
23/07/2020;10:45:00;196;Acidente sem Vítimas;497,502;BR-040/MG;Sul;Tombamento;0;0;0;0;0;2;0;0;0;0;0;0;0;0;0
23/07/2020;16:34:00;280;Acidente sem Vítimas;328,3;BR-040/MG;Sul;Engavetamento;0;0;0;0;3;0;0;0;0;0;3;0;0;0;0
23/07/2020;19:17:00;321;Acidente com Vítimas;166,2;BR-040/MG;Norte;Atropelamento de Animal;1;0;0;0;0;0;0;0;0;0;0;2;0;0;0
23/07/2020;19:41:00;325;Acidente com Vítimas;536,2;BR-040/MG;Norte;Colisão traseira;1;0;0;1;0;0;0;0;0;0;1;0;1;0;0
23/07/2020;21:50:00;351;Acidente sem Vítimas;115,5;BR-040/GO;Sul;Atropelamento de Animal;0;0;0;0;0;1;0;0;0;0;0;0;0;0;0
23/07/2020;22:09:00;353;Acidente sem Vítimas;461,9;BR-040/MG;Norte;Choque c/ Objeto Fixo;1;0;0;0;0;0;0;0;0;0;1;0;0;0;0
23/07/2020;22:18:00;354;Acidente com Vítimas;10,4;BR-040/GO;Norte;Capotamento;1;0;0;0;0;2;0;0;0;0;0;1;0;1;0
24/07/2020;01:52:00;9;Acidente sem Vítimas;529,4;BR-040/MG;Norte;Choque c/ Objeto Fixo;2;0;0;0;0;0;0;0;0;0;2;0;0;0;0
24/07/2020;03:02:00;61;Acidente com Vítimas;518,2;BR-040/MG;Norte;Atropelamento de Andarilho;1;0;0;0;0;0;0;0;0;0;0;0;1;0;0
24/07/2020;03:52:00;73;Acidente com Vítimas;550,1;BR-040/MG;Norte;Capotamento;0;0;0;0;0;3;0;0;0;0;1;0;1;0;0
24/07/2020;08:09:00;147;Acidente com Vítimas;39,7;BR-040/MG;Norte;Colisão transversal;0;0;0;1;0;1;0;0;0;0;2;1;0;0;0
24/07/2020;11:21:00;195;Acidente sem Vítimas;756,8;BR-040/MG;Sul;Choque c/ Objeto Fixo;0;0;1;0;0;1;0;0;0;0;0;0;0;0;0
24/07/2020;15:01:00;238;Acidente com Vítimas;601,101;BR-040/MG;Norte;Colisão transversal;0;0;0;1;0;1;0;0;0;0;3;0;0;1;0
24/07/2020;15:45:00;253;Acidente com Vítimas;92,3;BR-040/GO;Sul;Colisão transversal;1;0;0;0;0;1;0;0;0;0;2;1;0;0;0
24/07/2020;17:38:00;268;Acidente sem Vítimas;37,6;BR-040/MG;Sul;Colisão frontal;0;0;0;0;0;3;0;0;0;0;1;0;0;0;0
24/07/2020;18:34:00;282;Acidente com Vítimas;52,2;BR-040/MG;Norte;Choque c/ Objeto Fixo;1;0;0;0;0;0;0;0;0;0;3;1;0;0;0
24/07/2020;18:58:00;291;Acidente sem Vítimas;536,9;BR-040/MG;Norte;Colisão traseira;1;0;0;0;0;1;0;0;0;0;2;0;0;0;0
24/07/2020;23:22:00;348;Acidente sem Vítimas;32,1;BR-040/MG;Sul;Atropelamento de Animal;1;0;0;0;0;0;0;0;0;0;1;0;0;0;0
25/07/2020;04:46:00;19;Acidente sem Vítimas;6,9;BR-040/GO;Norte;Colisão traseira;2;0;0;0;0;0;0;0;0;0;1;0;0;0;0
25/07/2020;07:30:00;37;Acidente com Vítimas;665,205;BR-040/MG;Sul;Colisão transversal;1;0;0;1;0;1;0;0;0;0;0;1;0;0;0
25/07/2020;07:33:00;38;Acidente sem Vítimas;748,36;BR-040/MG;Sul;Choque c/ Objeto Fixo;1;0;0;0;0;1;0;0;0;0;3;0;0;0;0
25/07/2020;08:27:00;49;Acidente com Vítimas;562,5;BR-040/MG;Sul;Colisão traseira;1;0;1;0;0;1;0;0;0;0;0;1;0;0;0
25/07/2020;09:12:00;58;Acidente sem Vítimas;523,7;BR-040/MG;Norte;Colisão lateral;1;0;1;0;0;1;0;0;0;0;2;0;0;0;0
25/07/2020;13:49:00;102;Acidente sem Vítimas;530,6;BR-040/MG;Sul;Colisão traseira;2;0;0;0;0;0;0;0;0;0;2;0;0;0;0
25/07/2020;13:49:00;103;Acidente sem Vítimas;3,12;BR-040/GO;Norte;Colisão traseira;1;0;0;0;0;1;0;0;0;0;2;0;0;0;0
25/07/2020;14:27:00;114;Acidente sem Vítimas;718,9;BR-040/MG;Sul;Choque c/ Objeto Fixo;1;0;0;0;0;1;0;0;0;0;1;0;0;0;0
25/07/2020;15:04:00;118;Acidente sem Vítimas;487,15;BR-040/MG;Norte;Choque c/ Objeto Fixo;0;0;0;0;1;0;0;0;0;0;0;0;0;0;0
25/07/2020;16:29:00;130;Acidente com Vítimas;660,4;BR-040/MG;Norte;Colisão traseira;0;0;0;0;0;2;0;0;0;0;0;0;0;0;0
25/07/2020;19:10:00;158;Acidente sem Vítimas;10,4;BR-040/GO;Norte;Choque c/ Objeto Fixo;1;0;0;0;0;0;0;0;0;0;0;0;0;0;0