data;horario;n_da_ocorrencia;tipo_de_ocorrencia;km;trecho;sentido;tipo_de_acidente;automovel;bicicleta;caminhao;moto;onibus;outros;tracao_animal;transporte_de_cargas_especiais;trator_maquinas;utilitarios;ilesos;levemente_feridos;moderadamente_feridos;gravemente_feridos;mortos
25/07/2020;19:22:00;160;Acidente Fatal;600,4;BR-040/MG;Norte;Colisão frontal;2;0;1;0;0;0;0;0;0;0;3;0;0;0;1
25/07/2020;19:48:00;164;Acidente com Vítimas;514,15;BR-040/MG;Norte;Tombamento de Moto;0;0;0;1;0;1;0;0;0;0;1;1;0;0;0
25/07/2020;20:50:00;174;Acidente com Vítimas;489,26;BR-040/MG;Sul;Engavetamento;0;0;0;1;0;0;0;0;0;0;1;0;0;0;0
26/07/2020;02:55:00;18;Acidente sem Vítimas;2,3;BR-040/GO;Sul;Colisão traseira;2;0;0;0;0;0;0;0;0;0;2;0;0;0;0
26/07/2020;07:39:00;44;Acidente com Vítimas;1,3;BR-040/DF;Norte;Capotamento;1;0;0;0;0;0;0;0;0;0;2;0;0;0;0
26/07/2020;11:32:00;85;Acidente sem Vítimas;632,4;BR-040/MG;Sul;Engavetamento;3;0;0;0;0;1;0;0;0;0;3;0;0;0;0
26/07/2020;12:03:00;89;Acidente sem Vítimas;1,9;BR-040/GO;Norte;Engavetamento;2;0;0;0;1;1;0;0;0;0;4;0;0;0;0
26/07/2020;12:13:00;93;Acidente sem Vítimas;1,92;BR-040/GO;Norte;Colisão traseira;1;0;0;0;1;0;0;0;0;0;2;0;0;0;0
26/07/2020;14:30:00;112;Acidente com Vítimas;618,415;BR-040/MG;Sul;Capotamento;1;0;0;0;0;0;0;0;0;0;1;1;0;0;0
26/07/2020;16:15:00;137;Acidente com Vítimas;49,6;BR-040/GO;Sul;Choque c/ Objeto Fixo;1;0;0;0;0;0;0;0;0;0;1;2;0;0;0
26/07/2020;16:50:00;148;Acidente com Vítimas;463,5;BR-040/MG;Sul;Tombamento de Moto;0;0;0;1;0;0;0;0;0;0;0;1;0;0;0
26/07/2020;18:15:00;165;Acidente sem Vítimas;64,6;BR-040/MG;Sul;Choque c/ Objeto Fixo;1;0;0;0;0;0;0;0;0;0;0;0;0;0;0
26/07/2020;18:21:00;175;Acidente sem Vítimas;552,2;BR-040/MG;Norte;Engavetamento;1;0;0;0;0;2;0;0;0;0;2;0;0;0;0
26/07/2020;18:21:00;182;Acidente sem Vítimas;553,8;BR-040/MG;Norte;Colisão traseira;2;0;0;0;0;0;0;0;0;0;2;0;0;0;0
26/07/2020;18:51:00;183;Acidente com Vítimas;280,8;BR-040/MG;Sul;Colisão traseira;1;0;1;0;0;0;0;0;0;0;1;0;0;0;0
26/07/2020;19:39:00;197;Acidente com Vítimas;1,8;BR-040/GO;Norte;Atropelamento de Ciclista;1;1;0;0;0;0;0;0;0;0;4;0;1;0;0
26/07/2020;20:14:00;206;Acidente com Vítimas;7,8;BR-040/GO;Norte;Colisão traseira;2;0;0;0;0;0;0;0;0;0;2;1;0;0;0
26/07/2020;21:17:00;224;Acidente sem Vítimas;19,5;BR-040/GO;Norte;Colisão traseira;3;0;0;0;0;0;0;0;0;0;5;0;0;0;0
27/07/2020;06:20:00;100;Acidente sem Vítimas;543,1;BR-040/MG;Sul;Colisão traseira;0;0;0;2;0;1;0;0;0;0;2;0;0;0;0
27/07/2020;06:24:00;99;Acidente com Vítimas;4,3;BR-040/DF;Norte;Colisão lateral;0;0;0;2;1;0;0;0;0;0;1;1;0;0;0
27/07/2020;06:30:00;101;Acidente sem Vítimas;464,1;BR-040/MG;Norte;Capotamento;1;0;0;0;0;0;0;0;0;0;1;1;3;0;0
27/07/2020;07:38:00;123;Acidente sem Vítimas;511,12;BR-040/MG;Sul;Outros;2;0;0;0;0;1;0;0;0;0;0;0;0;0;0
27/07/2020;07:50:00;124;Acidente sem Vítimas;655,2;BR-040/MG;Sul;Choque c/ Objeto Fixo;1;0;0;0;0;1;0;0;0;0;1;0;0;0;0
27/07/2020;08:26:00;142;Acidente com Vítimas;1,7;BR-040/GO;Sul;Colisão lateral;2;0;1;0;0;0;0;0;0;0;2;0;1;0;0
27/07/2020;08:42:00;155;Acidente com Vítimas;717,5;BR-040/MG;Norte;Choque c/ Objeto Fixo;1;0;0;0;0;0;0;0;0;0;0;0;0;0;0
27/07/2020;09:11:00;164;Acidente sem Vítimas;660,9;BR-040/MG;Norte;Capotamento;1;0;0;0;0;0;0;0;0;0;1;0;0;0;0
27/07/2020;09:53:00;173;Acidente sem Vítimas;738,5;BR-040/MG;Norte;Choque c/ Objeto Fixo;1;0;0;0;0;1;0;0;0;0;1;0;0;0;0
27/07/2020;10:01:00;180;Acidente sem Vítimas;717,1;BR-040/MG;Norte;Choque c/ Objeto Fixo;1;0;0;0;0;0;0;0;0;0;1;0;0;0;0
27/07/2020;10:28:00;194;Acidente sem Vítimas;730,1;BR-040/MG;Norte;Choque c/ Objeto Fixo;1;0;0;0;0;0;0;0;0;0;1;0;0;0;0
27/07/2020;10:40:00;193;Acidente com Vítimas;78,2;BR-040/GO;Sul;Tombamento de Moto;0;0;0;1;0;0;0;0;0;0;1;1;0;0;0
27/07/2020;12:00:00;216;Acidente sem Vítimas;714,15;BR-040/MG;Norte;Colisão traseira;1;0;0;1;0;0;0;0;0;0;2;0;0;0;0
27/07/2020;12:01:00;213;Acidente sem Vítimas;734,9;BR-040/MG;Norte;Choque c/ Objeto Fixo;1;0;0;0;0;0;0;0;0;0;1;0;0;0;0
27/07/2020;13:33:00;237;Acidente sem Vítimas;717,5;BR-040/MG;Norte;Choque c/ Objeto Fixo;1;0;0;0;0;0;0;0;0;0;1;0;0;0;0
27/07/2020;13:44:00;238;Acidente com Vítimas;350,7;BR-040/MG;Norte;Engavetamento;1;0;1;0;1;0;0;0;0;0;3;0;0;0;0
27/07/2020;14:42:00;258;Acidente sem Vítimas;594,1;BR-040/MG;Sul;Colisão traseira;1;0;0;0;0;1;0;0;0;0;1;0;0;0;0
27/07/2020;17:44:00;297;Acidente com Vítimas;634,15;BR-040/MG;Norte;Tombamento de Moto;0;0;0;1;0;0;0;0;0;0;0;0;1;0;0
27/07/2020;21:08:00;334;Acidente sem Vítimas;0,5;BR-040/DF;Sul;Choque c/ Objeto Fixo;2;0;0;0;0;2;0;0;0;0;1;0;0;0;0
27/07/2020;22:19:00;345;Acidente sem Vítimas;652,3;BR-040/MG;Sul;Colisão transversal;2;0;0;0;0;1;0;0;0;0;2;0;1;0;0
28/07/2020;01:35:00;50;Acidente sem Vítimas;597,2;BR-040/MG;Sul;Choque com objeto;1;0;0;0;0;0;0;0;0;0;1;0;0;0;0
28/07/2020;07:00:00;111;Acidente sem Vítimas;6,3;BR-040/GO;Norte;Colisão lateral;0;0;0;1;0;1;0;0;0;0;2;1;0;0;0
28/07/2020;08:53:00;154;Acidente sem Vítimas;518,992;BR-040/MG;Sul;Colisão traseira;1;0;0;0;0;1;0;0;0;0;2;0;0;0;0
28/07/2020;14:10:00;224;Acidente com Vítimas;5,5;BR-040/DF;Sul;Atropelamento de Pedestre;1;1;0;0;0;1;0;0;0;0;2;0;0;0;0
28/07/2020;17:11:00;261;Acidente sem Vítimas;730,326;BR-040/MG;Norte;Choque c/ Objeto Fixo;0;0;0;1;0;0;0;0;0;0;1;0;0;0;0
28/07/2020;19:08:00;279;Acidente com Vítimas;627,2;BR-040/MG;Norte;Colisão transversal;2;0;0;0;0;1;0;0;0;0;1;0;0;0;0
28/07/2020;21:35:00;305;Acidente com Vítimas;40,4;BR-040/MG;Norte;Tombamento de Moto;0;0;0;1;0;0;0;0;0;0;1;1;0;0;0
28/07/2020;23:08:00;318;Acidente sem Vítimas;709,6;BR-040/MG;Sul;Choque c/ Objeto Fixo;1;0;0;0;0;0;0;0;0;0;1;0;0;0;0
29/07/2020;06:20:00;88;Acidente com Vítimas;12,3;BR-040/GO;Sul;Colisão traseira;2;0;0;0;0;0;0;0;0;0;2;1;0;0;0
29/07/2020;07:03:00;99;Acidente sem Vítimas;7,2;BR-040/GO;Norte;Atropelamento de Animal;2;0;0;0;0;1;0;0;0;0;2;0;0;0;0
29/07/2020;09:11:00;120;Acidente sem Vítimas;601,21;BR-040/MG;Sul;Tombamento;0;0;0;0;0;2;0;0;0;0;0;0;0;0;0
29/07/2020;14:23:00;174;Acidente sem Vítimas;601,23;BR-040/MG;Norte;Colisão traseira;0;0;1;1;0;0;0;0;0;0;0;0;0;0;0
29/07/2020;15:22:00;183;Acidente sem Vítimas;2,2;BR-040/DF;Norte;Colisão traseira;1;0;0;1;0;0;0;0;0;0;2;0;0;0;0
29/07/2020;16:59:00;200;Acidente sem Vítimas;541,9;BR-040/MG;Norte;Colisão traseira;2;0;0;0;0;0;0;0;0;0;4;0;0;0;0
29/07/2020;18:20:00;207;Acidente sem Vítimas;547,3;BR-040/MG;Norte;Colisão lateral;1;0;0;0;0;1;0;0;0;0;1;1;0;0;0
29/07/2020;18:44:00;211;Acidente sem Vítimas;545,5;BR-040/MG;Norte;Engavetamento;4;0;0;0;0;0;0;0;0;0;3;0;0;0;0
29/07/2020;19:59:00;232;Acidente com Vítimas;602,35;BR-040/MG;Norte;Colisão traseira;1;0;0;0;1;1;0;0;0;0;1;0;1;0;0
29/07/2020;21:42:00;249;Acidente sem Vítimas;646,1;BR-040/MG;Norte;Choque c/ Objeto Fixo;0;0;0;0;0;1;0;0;0;0;1;0;0;0;0
30/07/2020;04:15:00;94;Acidente sem Vítimas;147,4;BR-040/MG;Norte;Colisão traseira;1;0;0;0;0;1;0;0;0;0;3;0;0;0;0
30/07/2020;07:10:00;121;Acidente sem Vítimas;632,5;BR-040/MG;Sul;Colisão transversal;1;0;0;0;0;1;0;0;0;0;2;0;0;0;0
30/07/2020;09:10:00;150;Acidente sem Vítimas;341,6;BR-040/MG;Sul;Colisão traseira;2;0;0;0;0;0;0;0;0;0;6;0;0;0;0
30/07/2020;11:46:00;186;Acidente sem Vítimas;728,2;BR-040/MG;Sul;Capotamento;1;0;0;0;0;0;0;0;0;0;1;0;0;0;0
30/07/2020;14:58:00;226;Acidente sem Vítimas;11,6;BR-040/GO;Sul;Engavetamento;3;0;0;0;0;0;0;0;0;0;3;0;0;0;0
30/07/2020;19:13:00;283;Acidente sem Vítimas;509,2;BR-040/MG;Norte;Choque c/ Objeto Fixo;1;0;0;0;0;1;0;0;0;0;1;0;0;0;0
01/03/2020;03:15:00;15;Acidente sem Vítimas;509,3;BR-040/MG;Sul;Colisão traseira;3;0;0;0;0;0;0;0;0;0;4;1;0;0;0
01/03/2020;03:55:00;20;Acidente sem Vítimas;522,15;BR-040/MG;Norte;Atropelamento de Animal;0;0;1;0;0;0;0;0;0;0;1;0;0;0;0
01/03/2020;04:08:00;19;Acidente com Vítimas;614,4;BR-040/MG;Norte;Capotamento;1;0;0;0;0;0;0;0;0;0;0;1;0;0;0
01/03/2020;07:48:00;42;Acidente sem Vítimas;751,3;BR-040/MG;Sul;Capotamento;1;0;0;0;0;0;0;0;0;0;1;0;0;0;0
01/03/2020;13:11:00;110;Acidente sem Vítimas;403,16;BR-040/MG;Sul;Colisão frontal;0;0;1;0;1;0;0;0;0;0;2;0;0;0;0
01/03/2020;13:19:00;116;Acidente com Vítimas;462,9;BR-040/MG;Sul;Colisão traseira;1;0;0;0;1;0;0;0;0;0;2;1;2;0;0
01/03/2020;13:19:00;118;Acidente sem Vítimas;466,3;BR-040/MG;Norte;Choque c/ Objeto Fixo;1;0;0;0;0;1;0;0;0;0;1;0;0;0;0
01/03/2020;14:10:00;128;Acidente com Vítimas;135,2;BR-040/GO;Sul;Capotamento;1;0;0;0;0;0;0;0;0;0;2;1;0;0;0
01/03/2020;14:47:00;133;Acidente sem Vítimas;133,6;BR-040/GO;Norte;Tombamento;0;0;0;0;0;0;0;0;0;1;2;0;0;0;0
01/03/2020;15:04:00;137;Acidente com Vítimas;22,314;BR-040/MG;Norte;Choque c/ Objeto Fixo;1;0;0;0;0;0;0;0;0;0;2;1;0;0;0
01/03/2020;15:15:00;141;Acidente com Vítimas;523,4;BR-040/MG;Sul;Engavetamento;0;0;1;0;2;0;0;0;0;0;2;0;1;0;0
01/03/2020;16:15:00;154;Acidente sem Vítimas;750,15;BR-040/MG;Norte;Choque c/ Objeto Fixo;1;0;0;0;0;1;0;0;0;0;0;0;0;0;0
01/03/2020;16:30:00;160;Acidente Fatal;735,1;BR-040/MG;Sul;Colisão frontal;1;0;0;1;0;0;0;0;0;0;3;0;0;0;1
01/03/2020;16:55:00;164;Acidente sem Vítimas;458,6;BR-040/MG;Norte;Colisão traseira;2;0;0;0;0;0;0;0;0;0;2;0;0;0;0
01/03/2020;17:03:00;165;Acidente sem Vítimas;531,3;BR-040/MG;Norte;Choque c/ Objeto Fixo;2;0;0;0;0;0;0;0;0;0;1;0;0;0;0
01/03/2020;17:15:00;167;Acidente sem Vítimas;615,3;BR-040/MG;Sul;Capotamento;2;0;0;0;0;1;0;0;0;0;2;0;0;0;0
01/03/2020;18:30:00;185;Acidente sem Vítimas;511,25;BR-040/MG;Sul;Colisão traseira;3;0;0;0;0;0;0;0;0;0;2;0;0;0;0
01/03/2020;21:33:00;234;Acidente sem Vítimas;275,4;BR-040/MG;Sul;Choque c/ Objeto Fixo;1;0;0;0;0;1;0;0;0;0;1;0;1;0;0
01/03/2020;22:34:00;247;Acidente sem Vítimas;625,3;BR-040/MG;Norte;Choque c/ Objeto Fixo;1;0;0;0;0;0;0;0;0;0;1;0;0;0;0
02/03/2020;00:13:00;3;Acidente sem Vítimas;520,3;BR-040/MG;Norte;Choque c/ Objeto Fixo;2;0;0;0;0;0;0;0;0;0;1;0;0;0;0
02/03/2020;04:34:00;71;Acidente sem Vítimas;7,4;BR-040/DF;Norte;Colisão traseira;0;0;1;1;0;1;0;0;0;0;2;0;0;0;0
02/03/2020;05:12:00;99;Acidente sem Vítimas;475,5;BR-040/MG;Norte;Choque c/ Objeto Fixo;2;0;0;0;0;0;0;0;0;0;1;0;0;0;0
02/03/2020;05:48:00;104;Acidente sem Vítimas;506,5;BR-040/MG;Sul;Choque c/ Objeto Fixo;1;0;0;0;0;0;0;0;0;0;1;0;0;0;0
02/03/2020;07:15:00;137;Acidente sem Vítimas;717,8;BR-040/MG;Norte;Choque c/ Objeto Fixo;0;0;0;0;0;2;0;0;0;0;1;0;0;0;0
02/03/2020;08:16:00;160;Acidente sem Vítimas;544,1;BR-040/MG;Norte;Engavetamento;1;0;0;1;0;1;0;0;0;0;3;0;0;0;0
02/03/2020;08:20:00;162;Acidente sem Vítimas;2,354;BR-040/GO;Sul;Engavetamento;4;0;0;0;0;0;0;0;0;0;0;0;0;0;0
02/03/2020;08:34:00;169;Acidente sem Vítimas;590,15;BR-040/MG;Norte;Choque c/ Objeto Fixo;1;0;0;0;0;1;0;0;0;0;0;0;0;0;0
02/03/2020;08:36:00;170;Acidente com Vítimas;750,15;BR-040/MG;Norte;Tombamento de Moto;0;0;0;1;0;2;0;0;0;0;0;1;0;0;0
02/03/2020;08:46:00;177;Acidente sem Vítimas;521,1;BR-040/MG;Norte;Choque c/ Objeto Fixo;1;0;0;0;0;1;0;0;0;0;2;0;0;0;0
02/03/2020;08:58:00;181;Acidente sem Vítimas;95,8;BR-040/MG;Sul;Colisão lateral;1;0;0;0;0;1;0;0;0;0;2;0;0;0;0
02/03/2020;09:00:00;184;Acidente sem Vítimas;41,5;BR-040/MG;Sul;Colisão transversal;2;0;0;0;0;1;0;0;0;0;2;0;0;0;0
02/03/2020;09:24:00;188;Acidente com Vítimas;0,25;BR-040/DF;Norte;Tombamento de Moto;0;0;0;1;1;1;0;0;0;0;3;1;0;0;0
02/03/2020;12:00:00;224;Acidente com Vítimas;124,5;BR-040/MG;Sul;Choque c/ Objeto Fixo;1;0;0;0;0;0;0;0;0;0;0;1;0;0;0
02/03/2020;12:36:00;232;Acidente com Vítimas;594,3;BR-040/MG;Sul;Colisão transversal;1;0;0;0;1;1;0;0;0;0;0;0;0;1;0
02/03/2020;14:15:00;253;Acidente sem Vítimas;661,85;BR-040/MG;Norte;Choque c/ Objeto Fixo;1;0;0;0;0;1;0;0;0;0;0;0;0;0;0
02/03/2020;15:19:00;267;Acidente sem Vítimas;451,9;BR-040/MG;Sul;Tombamento;0;0;0;0;0;1;0;0;0;0;0;0;0;0;0
02/03/2020;17:01:00;294;Acidente sem Vítimas;558,1;BR-040/MG;Norte;Capotamento;1;0;0;0;0;0;0;0;0;0;0;0;0;0;0
02/03/2020;17:17:00;299;Acidente sem Vítimas;577,15;BR-040/MG;Norte;Capotamento;1;0;0;0;1;0;0;0;0;0;2;0;0;0;0
02/03/2020;19:04:00;313;Acidente sem Vítimas;6,9;BR-040/DF;Sul;Colisão traseira;2;0;0;0;0;0;0;0;0;0;2;0;0;0;0
03/03/2020;00:37:00;2;Acidente sem Vítimas;1,9;BR-040/GO;Sul;Queda Veículo;1;0;0;0;0;0;0;0;0;0;2;0;0;0;0
03/03/2020;05:56:00;104;Acidente sem Vítimas;521,15;BR-040/MG;Sul;Engavetamento;3;1;0;0;0;0;0;0;0;0;5;0;0;0;0
03/03/2020;06:18:00;106;Acidente sem Vítimas;99,25;BR-040/GO;Norte;Choque c/ Objeto Fixo;1;0;0;0;0;0;0;0;0;0;1;0;0;0;0
03/03/2020;06:39:00;109;Acidente Fatal;501,1;BR-040/MG;Norte;Tombamento;0;0;1;0;0;0;0;0;0;0;0;0;0;0;1
03/03/2020;07:18:00;130;Acidente sem Vítimas;696,1;BR-040/MG;Norte;Colisão lateral;1;0;0;0;0;1;0;0;0;0;1;0;0;0;0
03/03/2020;07:22:00;126;Acidente com Vítimas;5,8;BR-040/DF;Norte;Colisão lateral;1;0;0;1;0;1;0;0;0;0;2;2;0;0;0
03/03/2020;08:04:00;135;Acidente sem Vítimas;5,8;BR-040/DF;Norte;Colisão lateral;1;0;0;0;0;1;0;0;0;0;2;0;0;0;0
03/03/2020;09:20:00;162;Acidente sem Vítimas;711,7;BR-040/MG;Sul;Colisão lateral;0;0;0;2;0;0;0;0;0;0;1;0;0;0;0
03/03/2020;12:25:00;207;Acidente sem Vítimas;622;BR-040/MG;Norte;Outros;1;0;0;0;0;1;0;0;0;0;2;0;0;0;0
03/03/2020;15:29:00;243;Acidente sem Vítimas;62,485;BR-040/GO;Norte;Choque c/ Objeto Fixo;1;0;0;0;0;0;0;0;0;0;1;0;0;0;0
03/03/2020;15:53:00;247;Acidente com Vítimas;473,2;BR-040/MG;Sul;Choque c/ Objeto Fixo;0;0;0;0;1;0;0;0;0;0;0;1;0;0;0
03/03/2020;16:28:00;259;Acidente sem Vítimas;617;BR-040/MG;Sul;Colisão lateral;1;0;0;0;0;1;0;0;0;0;2;0;0;0;0
03/03/2020;17:16:00;274;Acidente sem Vítimas;455,1;BR-040/MG;Norte;Capotamento;1;0;0;0;0;0;0;0;0;0;2;0;0;0;0
03/03/2020;17:34:00;283;Acidente com Vítimas;666,6;BR-040/MG;Sul;Tombamento de Moto;0;0;0;1;0;1;0;0;0;0;0;1;0;0;0
03/03/2020;17:56:00;287;Acidente sem Vítimas;3,2;BR-040/MG;Norte;Tombamento de Moto;0;0;0;0;0;0;0;0;0;0;0;0;0;0;0
03/03/2020;18:10:00;290;Acidente com Vítimas;5,2;BR-040/GO;Norte;Tombamento de Moto;1;0;0;1;0;0;0;0;0;0;0;1;0;0;0
03/03/2020;18:35:00;300;Acidente com Vítimas;3,15;BR-040/GO;Norte;Colisão traseira;0;0;0;1;0;1;0;0;0;0;0;1;0;0;0
03/03/2020;19:13:00;309;Acidente sem Vítimas;563,1;BR-040/MG;Norte;Colisão traseira;1;0;0;0;1;0;0;0;0;0;2;0;0;0;0
03/03/2020;19:21:00;311;Acidente Fatal;512,9;BR-040/MG;Norte;Colisão lateral;0;0;0;1;0;2;0;0;0;0;1;0;0;0;1
03/03/2020;20:22:00;329;Acidente sem Vítimas;762,8;BR-040/MG;Sul;Choque c/ Objeto Fixo;1;0;0;0;0;0;0;0;0;0;0;0;0;0;0
03/03/2020;21:54:00;352;Acidente sem Vítimas;551,1;BR-040/MG;Sul;Choque com objeto;2;0;0;0;0;1;0;0;0;0;2;0;0;0;0
03/03/2020;22:03:00;354;Acidente sem Vítimas;510,1;BR-040/MG;Norte;Outros;1;0;0;0;0;0;0;0;0;0;2;0;0;0;0
03/03/2020;23:08:00;363;Acidente sem Vítimas;577,5;BR-040/MG;Norte;Colisão lateral;0;0;0;0;1;1;0;0;0;0;2;0;0;0;0
04/03/2020;08:05:00;148;Acidente sem Vítimas;462,1;BR-040/MG;Sul;Choque c/ Objeto Fixo;1;0;0;0;0;0;0;0;0;0;5;0;0;0;0
04/03/2020;08:30:00;158;Acidente com Vítimas;43,15;BR-040/GO;Norte;Choque c/ Objeto Fixo;1;0;0;0;0;1;0;0;0;0;0;1;0;0;0
04/03/2020;08:45:00;161;Acidente com Vítimas;9,5;BR-040/GO;Norte;Tombamento de Moto;0;0;0;1;0;0;0;0;0;0;0;1;0;0;0
04/03/2020;11:35:00;211;Acidente com Vítimas;526,1;BR-040/MG;Norte;Colisão traseira;0;0;1;1;0;0;0;0;0;0;1;0;1;0;0
04/03/2020;17:43:00;325;Acidente com Vítimas;5,4;BR-040/GO;Sul;Colisão transversal;2;0;0;0;0;0;0;0;0;0;4;0;1;0;0
04/03/2020;19:15:00;351;Acidente sem Vítimas;360,2;BR-040/MG;Sul;Colisão traseira;0;0;1;0;0;1;0;0;0;0;2;0;0;0;0
04/03/2020;20:26:00;377;Acidente com Vítimas;534,1;BR-040/MG;Norte;Engavetamento;0;0;0;0;0;3;0;0;0;0;0;0;0;0;0
05/03/2020;00:36:00;32;Acidente sem Vítimas;473,2;BR-040/MG;Norte;Choque c/ Objeto Fixo;1;0;0;0;1;0;0;0;0;0;2;0;0;0;0
05/03/2020;06:16:00;127;Acidente sem Vítimas;511,4;BR-040/MG;Sul;Colisão transversal;2;0;0;0;0;1;0;0;0;0;2;0;0;0;0
05/03/2020;06:56:00;164;Acidente sem Vítimas;517,61;BR-040/MG;Sul;Tombamento de Moto;0;0;0;1;0;1;0;0;0;0;1;0;0;0;0
05/03/2020;07:54:00;183;Acidente com Vítimas;515,3;BR-040/MG;Sul;Colisão traseira;1;0;0;1;1;1;0;0;0;0;3;1;0;0;0
05/03/2020;08:49:00;206;Acidente com Vítimas;711,5;BR-040/MG;Norte;Atropelamento de Pedestre;0;5;0;0;0;0;0;0;0;0;0;1;1;0;0
05/03/2020;15:55:00;319;Acidente sem Vítimas;69,9;BR-040/MG;Sul;Choque c/ Objeto Fixo;1;0;0;0;0;0;0;0;0;0;2;0;0;0;0
05/03/2020;17:19:00;342;Acidente sem Vítimas;695,15;BR-040/MG;Sul;Choque c/ Objeto Fixo;1;0;0;0;0;0;0;0;0;0;2;0;0;0;0
05/03/2020;18:20:00;355;Acidente com Vítimas;8,5;BR-040/GO;Norte;Atropelamento de Pedestre;1;0;0;0;0;0;0;0;0;0;2;0;1;0;0
05/03/2020;18:47:00;362;Acidente sem Vítimas;738,5;BR-040/MG;Sul;Atropelamento de Pedestre;1;0;0;0;0;0;0;0;0;0;2;1;0;0;0
05/03/2020;19:12:00;370;Acidente Fatal;499,5;BR-040/MG;Sul;Atropelamento de Pedestre;1;0;0;0;0;1;0;0;0;0;2;0;0;0;1
05/03/2020;22:09:00;407;Acidente com Vítimas;100,9;BR-040/GO;Norte;Colisão frontal;1;0;0;0;1;0;0;0;0;0;2;1;1;0;0
05/03/2020;23:49:00;418;Acidente sem Vítimas;531,8;BR-040/MG;Norte;Atropelamento de Animal;1;0;0;0;0;0;0;0;0;0;1;0;0;0;0
06/03/2020;00:41:00;9;Acidente sem Vítimas;37,4;BR-040/GO;Sul;Capotamento;1;0;0;0;0;0;0;0;0;0;1;0;0;0;0
06/03/2020;06:02:00;95;Acidente sem Vítimas;710,658;BR-040/MG;Norte;Choque c/ Objeto Fixo;1;0;0;0;0;0;0;0;0;0;1;0;0;0;0
06/03/2020;06:31:00;99;Acidente sem Vítimas;710,658;BR-040/MG;Norte;Choque c/ Objeto Fixo;0;0;1;0;0;0;0;0;0;0;1;0;0;0;0
06/03/2020;06:51:00;101;Acidente sem Vítimas;714,24;BR-040/MG;Sul;Colisão traseira;2;0;0;0;0;0;0;0;0;0;8;0;0;0;0
06/03/2020;07:03:00;104;Acidente com Vítimas;43,2;BR-040/MG;Sul;Colisão transversal;0;0;0;1;0;1;0;0;0;0;0;1;0;0;0
06/03/2020;07:34:00;122;Acidente sem Vítimas;447,7;BR-040/MG;Norte;Choque c/ Objeto Fixo;1;0;0;0;0;0;0;0;0;0;2;0;0;0;0
06/03/2020;14:23:00;221;Acidente com Vítimas;538,4;BR-040/MG;Norte;Colisão traseira;1;0;0;0;1;1;0;0;0;0;2;0;4;0;0
06/03/2020;15:25:00;235;Acidente com Vítimas;52,5;BR-040/GO;Norte;Capotamento;1;0;0;0;0;0;0;0;0;0;0;1;0;0;0
06/03/2020;16:55:00;264;Acidente sem Vítimas;68,3;BR-040/GO;Sul;Capotamento;1;0;1;0;0;1;0;0;0;0;0;0;0;0;0
06/03/2020;17:01:00;265;Acidente com Vítimas;10,15;BR-040/GO;Norte;Colisão traseira;2;0;0;0;0;0;0;0;0;0;4;0;0;0;0
06/03/2020;17:09:00;266;Acidente sem Vítimas;524,3;Fora_Rota;Sul;Colisão traseira;0;0;0;0;0;0;0;0;0;0;0;0;0;0;0
06/03/2020;17:56:00;272;Acidente sem Vítimas;25,5;BR-040/MG;Norte;Capotamento;1;0;0;0;0;0;0;0;0;0;1;4;0;0;0
06/03/2020;18:12:00;277;Acidente sem Vítimas;587,2;BR-040/MG;Sul;Choque c/ Objeto Fixo;1;0;0;0;0;1;0;0;0;0;1;0;0;0;0
06/03/2020;19:43:00;306;Acidente com Vítimas;534,9;BR-040/MG;Norte;Tombamento de Moto;1;0;0;1;0;0;0;0;0;0;1;1;0;0;0
06/03/2020;19:57:00;307;Acidente sem Vítimas;448,15;BR-040/MG;Norte;Choque c/ Objeto Fixo;1;0;0;0;0;0;0;0;0;0;4;0;0;0;0
06/03/2020;23:17:00;352;Acidente sem Vítimas;276,5;BR-040/MG;Norte;Colisão frontal;2;0;0;0;0;1;0;0;0;0;2;0;0;0;0
07/03/2020;02:37:00;20;Acidente sem Vítimas;43,5;BR-040/MG;Norte;Colisão frontal;2;0;0;0;0;0;0;0;0;0;2;0;1;0;0
07/03/2020;15:22:00;227;Acidente sem Vítimas;2,8;BR-040/GO;Norte;Colisão lateral;1;0;0;1;0;0;0;0;0;0;3;0;0;0;0
07/03/2020;16:14:00;244;Acidente com Vítimas;5,6;BR-040/GO;Sul;Colisão lateral;1;0;0;1;0;1;0;0;0;0;2;1;0;0;0
07/03/2020;16:23:00;245;Acidente sem Vítimas;568,8;BR-040/MG;Sul;Choque com objeto;1;0;0;0;0;0;0;0;0;0;4;0;0;0;0
07/03/2020;17:22:00;256;Acidente sem Vítimas;9,7;BR-040/GO;Norte;Colisão transversal;0;0;2;0;0;0;0;0;0;0;2;0;0;0;0
07/03/2020;17:26:00;262;Acidente sem Vítimas;5,6;BR-040/GO;Norte;Colisão traseira;2;0;0;0;0;0;0;0;0;0;2;0;0;0;0
07/03/2020;20:14:00;297;Acidente com Vítimas;20,95;BR-040/GO;Norte;Choque c/ Objeto Fixo;0;0;0;0;0;1;0;0;0;0;5;3;0;0;0
07/03/2020;20:29:00;299;Acidente sem Vítimas;30,3;BR-040/GO;Norte;Choque c/ Objeto Fixo;1;0;0;0;0;0;0;0;0;0;0;0;0;0;0
07/03/2020;21:21:00;307;Acidente sem Vítimas;462,2;BR-040/MG;Sul;Atropelamento de Animal;1;0;0;0;0;0;0;0;0;0;2;0;0;0;0
07/03/2020;22:52:00;321;Acidente sem Vítimas;524,1;BR-040/MG;Sul;Atropelamento de Animal;1;0;0;0;0;0;0;0;0;0;2;0;0;0;0
07/03/2020;23:41:00;330;Acidente com Vítimas;26,1;BR-040/GO;Sul;Tombamento de Moto;0;0;0;1;0;0;0;0;0;0;0;0;0;0;0
08/03/2020;07:17:00;39;Acidente sem Vítimas;425,1;BR-040/MG;Norte;Choque c/ Objeto Fixo;0;0;0;0;0;2;0;0;0;0;2;0;0;0;0