data;horario;n_da_ocorrencia;tipo_de_ocorrencia;km;trecho;sentido;tipo_de_acidente;automovel;bicicleta;caminhao;moto;onibus;outros;tracao_animal;transporte_de_cargas_especiais;trator_maquinas;utilitarios;ilesos;levemente_feridos;moderadamente_feridos;gravemente_feridos;mortos
08/03/2020;11:02:00;100;Acidente sem Vítimas;574,1;BR-040/MG;Sul;Colisão frontal;1;0;0;0;0;0;0;0;0;1;0;1;1;3;0
08/03/2020;12:28:00;109;Acidente com Vítimas;512,1;BR-040/MG;Norte;Colisão traseira;1;0;0;1;0;0;0;0;0;0;1;1;0;0;0
08/03/2020;12:57:00;116;Acidente com Vítimas;605,4;BR-040/MG;Sul;Choque c/ Objeto Fixo;2;0;0;0;0;0;0;0;0;0;0;1;0;0;0
08/03/2020;13:45:00;126;Acidente com Vítimas;12,4;BR-040/GO;Sul;Colisão lateral;0;0;0;0;0;2;0;0;0;0;1;0;1;0;0
08/03/2020;16:40:00;159;Acidente com Vítimas;563,1;BR-040/MG;Norte;Tombamento;1;0;0;1;0;0;0;0;0;0;2;1;1;0;0
08/03/2020;19:34:00;216;Acidente sem Vítimas;707,7;BR-040/MG;Sul;Atropelamento de Animal;1;0;0;0;0;0;0;0;0;0;2;0;0;0;0
08/03/2020;19:49:00;226;Acidente sem Vítimas;624,5;BR-040/MG;Norte;Choque c/ Objeto Fixo;0;0;1;0;0;0;0;0;0;0;2;0;0;0;0
08/03/2020;20:00:00;233;Acidente sem Vítimas;535,2;BR-040/MG;Norte;Colisão traseira;2;0;0;0;0;0;0;0;0;0;2;0;0;0;0
08/03/2020;21:21:00;248;Acidente com Vítimas;509,2;BR-040/MG;Sul;Atropelamento de Pedestre;0;0;0;1;0;0;0;0;0;0;1;0;1;0;0
08/03/2020;21:22:00;249;Acidente sem Vítimas;667,7;BR-040/MG;Sul;Atropelamento de Animal;1;0;0;0;0;0;0;0;0;0;3;0;0;0;0
09/03/2020;03:00:00;102;Acidente com Vítimas;105,15;BR-040/GO;Sul;Capotamento;1;0;0;0;0;1;0;0;0;0;0;2;0;0;0
09/03/2020;04:16:00;105;Acidente sem Vítimas;539,2;BR-040/MG;Sul;Choque c/ Objeto Fixo;0;0;0;0;0;1;0;0;0;0;1;0;0;0;0
09/03/2020;06:09:00;116;Acidente com Vítimas;523,278;BR-040/MG;Sul;Tombamento de Moto;0;0;1;1;0;0;0;0;0;0;2;1;0;0;0
09/03/2020;07:15:00;127;Acidente com Vítimas;17,15;BR-040/GO;Norte;Tombamento;0;0;1;0;0;0;0;0;0;0;0;0;0;0;0
09/03/2020;07:22:00;132;Acidente sem Vítimas;572,5;BR-040/MG;Sul;Colisão lateral;3;0;0;0;0;1;0;0;0;0;3;0;0;0;0
09/03/2020;13:39:00;248;Acidente sem Vítimas;545,9;BR-040/MG;Sul;Capotamento;1;0;0;0;0;1;0;0;0;0;0;0;0;0;0
09/03/2020;15:06:00;270;Acidente sem Vítimas;544,2;BR-040/MG;Norte;Capotamento;1;0;0;0;1;1;0;0;0;0;2;0;0;0;0
09/03/2020;15:19:00;273;Acidente com Vítimas;2,3;BR-040/GO;Norte;Colisão lateral;1;0;0;2;0;0;0;0;0;0;0;2;0;0;0
09/03/2020;20:06:00;345;Acidente com Vítimas;522,1;BR-040/MG;Norte;Colisão lateral;2;0;1;0;0;0;0;0;0;0;5;2;0;0;0
09/03/2020;21:58:00;358;Acidente com Vítimas;12,5;BR-040/GO;Sul;Colisão traseira;0;0;0;0;0;0;0;0;0;0;0;1;0;0;0
09/03/2020;22:17:00;362;Acidente com Vítimas;485,5;BR-040/MG;Norte;Colisão traseira;1;0;0;0;0;0;0;0;0;0;0;0;1;1;0
10/03/2020;00:07:00;2;Acidente sem Vítimas;583,95;BR-040/MG;Norte;Choque c/ Objeto Fixo;1;0;0;0;0;0;0;0;0;0;1;0;0;0;0
10/03/2020;08:26:00;132;Acidente sem Vítimas;535,1;BR-040/MG;Sul;Engavetamento;1;0;0;0;0;2;0;0;0;0;2;0;0;0;0
10/03/2020;11:59:00;196;Acidente sem Vítimas;492,1;BR-040/MG;Norte;Engavetamento;1;0;0;0;3;1;0;0;0;0;5;0;0;0;0
10/03/2020;12:20:00;202;Acidente com Vítimas;12,35;BR-040/GO;Sul;Atropelamento de Ciclista;1;1;0;0;0;0;0;0;0;0;0;2;0;0;0
10/03/2020;14:05:00;227;Acidente com Vítimas;525,2;BR-040/MG;Norte;Colisão traseira;1;0;0;0;0;1;0;0;0;0;1;0;0;0;0
10/03/2020;14:35:00;233;Acidente com Vítimas;557,1;BR-040/MG;Norte;Outros;0;0;0;1;0;0;0;0;0;0;1;0;0;0;0
10/03/2020;15:46:00;250;Acidente sem Vítimas;538,1;BR-040/MG;Norte;Colisão traseira;0;0;0;0;1;1;0;0;0;0;1;0;0;0;0
10/03/2020;16:31:00;257;Acidente com Vítimas;591,169;BR-040/MG;Norte;Colisão frontal;1;0;0;1;0;2;0;0;0;0;3;0;0;0;0
10/03/2020;20:18:00;302;Acidente com Vítimas;12,4;BR-040/GO;Norte;Atropelamento de Pedestre;0;0;0;0;0;0;0;0;0;0;0;0;1;0;0
11/03/2020;07:51:00;136;Acidente com Vítimas;2,9;BR-040/GO;Norte;Colisão lateral;1;0;0;2;0;1;0;0;0;0;2;0;0;0;0
11/03/2020;10:22:00;187;Acidente sem Vítimas;511,1;BR-040/MG;Sul;Colisão traseira;2;0;0;0;0;0;0;0;0;0;2;0;0;0;0
11/03/2020;13:18:00;229;Acidente com Vítimas;537,2;BR-040/MG;Norte;Colisão lateral;1;0;0;0;0;2;0;0;0;0;1;0;0;0;0
11/03/2020;23:19:00;364;Acidente sem Vítimas;3,6;BR-040/GO;Sul;Colisão traseira;1;0;0;0;1;1;0;0;0;0;0;0;0;0;0
12/03/2020;04:58:00;107;Acidente com Vítimas;586,9;BR-040/MG;Sul;Tombamento;0;1;0;0;1;0;0;0;0;0;1;0;0;0;0
12/03/2020;06:52:00;119;Acidente com Vítimas;529,1;BR-040/MG;Sul;Colisão traseira;1;0;0;1;0;1;0;0;0;0;1;0;0;0;0
12/03/2020;07:08:00;123;Acidente com Vítimas;130,4;BR-040/GO;Norte;Colisão lateral;0;0;0;2;0;0;0;0;0;0;2;0;0;0;0
12/03/2020;09:33:00;179;Acidente sem Vítimas;656,2;BR-040/MG;Sul;Queda Veículo;0;0;0;1;0;0;0;0;0;0;0;0;0;0;0
12/03/2020;10:50:00;196;Acidente sem Vítimas;0,4;BR-040/GO;Norte;Colisão lateral;1;0;0;0;0;1;0;0;0;0;2;0;0;0;0
12/03/2020;10:50:00;197;Acidente sem Vítimas;523,1;BR-040/MG;Sul;Colisão traseira;1;0;1;0;0;0;0;0;0;0;2;0;0;0;0
12/03/2020;13:45:00;223;Acidente sem Vítimas;139,15;BR-040/MG;Norte;Choque c/ Objeto Fixo;0;0;0;0;0;1;0;0;0;0;2;0;0;0;0
12/03/2020;14:27:00;232;Acidente com Vítimas;276,6;BR-040/MG;Norte;Colisão lateral;1;0;0;1;0;1;0;0;0;0;2;1;0;0;0
12/03/2020;16:46:00;251;Acidente com Vítimas;733,15;BR-040/MG;Sul;Capotamento;1;0;0;0;0;0;0;0;0;0;1;0;0;0;0
12/03/2020;17:20:00;260;Acidente sem Vítimas;668,25;BR-040/MG;Sul;Outros;0;0;0;0;0;0;0;0;0;1;0;0;0;0;0
12/03/2020;17:23:00;265;Acidente com Vítimas;565,1;BR-040/MG;Sul;Tombamento;0;0;0;1;0;0;0;0;0;0;1;0;0;0;0
12/03/2020;17:24:00;264;Acidente com Vítimas;749,9;BR-040/MG;Norte;Queda Veículo;0;0;0;1;0;1;0;0;0;0;0;0;0;0;0
12/03/2020;17:26:00;263;Acidente com Vítimas;350,4;BR-040/MG;Sul;Choque c/ Objeto Fixo;1;0;0;0;0;0;0;0;0;0;0;1;1;0;0
12/03/2020;17:45:00;271;Acidente sem Vítimas;543,1;BR-040/MG;Norte;Colisão lateral;1;0;0;1;0;1;0;0;0;0;2;0;0;0;0
12/03/2020;18:04:00;276;Acidente sem Vítimas;716,6;BR-040/MG;Norte;Tombamento;0;0;0;1;0;1;0;0;0;0;1;0;0;0;0
12/03/2020;20:29:00;321;Acidente com Vítimas;16,5;BR-040/GO;Sul;Capotamento;1;0;0;0;0;0;0;0;0;0;0;0;0;0;0
12/03/2020;21:00:00;330;Acidente sem Vítimas;511,3;BR-040/MG;Sul;Atropelamento de Animal;1;0;0;0;0;0;0;0;0;0;3;0;0;0;0
12/03/2020;21:00:00;338;Acidente sem Vítimas;511,25;BR-040/MG;Sul;Colisão traseira;1;0;0;0;0;1;0;0;0;0;1;0;0;0;0
12/03/2020;22:28:00;341;Acidente sem Vítimas;4,4;BR-040/GO;Sul;Colisão lateral;1;0;1;0;0;0;0;0;0;0;2;0;0;0;0
13/03/2020;04:40:00;106;Acidente sem Vítimas;6,8;BR-040/DF;Norte;Capotamento;1;0;0;0;0;0;0;0;0;0;4;0;0;0;0
13/03/2020;06:55:00;128;Acidente com Vítimas;516,4;BR-040/MG;Sul;Colisão lateral;1;0;0;1;0;0;0;0;0;0;2;0;0;0;0
13/03/2020;07:06:00;134;Acidente sem Vítimas;513,4;BR-040/MG;Sul;Engavetamento;3;0;0;0;0;0;0;0;0;0;3;0;0;0;0
13/03/2020;08:21:00;148;Acidente com Vítimas;506,49;BR-040/MG;Sul;Colisão lateral;1;0;1;0;0;1;0;0;0;0;3;0;1;0;0
13/03/2020;08:25:00;150;Acidente sem Vítimas;5,15;BR-040/GO;Norte;Engavetamento;2;0;0;1;0;0;0;0;0;0;0;0;0;0;0
13/03/2020;11:46:00;197;Acidente sem Vítimas;3,9;BR-040/GO;Sul;Engavetamento;2;0;0;0;0;0;0;0;0;0;2;0;0;0;0
13/03/2020;14:09:00;222;Acidente sem Vítimas;648,697;BR-040/MG;Sul;Choque c/ Objeto Fixo;1;0;0;0;0;1;0;0;0;0;1;0;0;0;0
13/03/2020;14:43:00;233;Acidente sem Vítimas;590,3;BR-040/MG;Norte;Choque c/ Objeto Fixo;1;0;2;0;0;0;0;0;0;0;5;0;0;0;0
13/03/2020;14:48:00;232;Acidente sem Vítimas;455,3;BR-040/MG;Sul;Tombamento de Moto;0;0;0;0;0;1;0;0;0;0;1;2;0;0;0
13/03/2020;16:07:00;256;Acidente sem Vítimas;590,6;BR-040/MG;Norte;Choque c/ Objeto Fixo;1;0;0;0;0;0;0;0;0;0;1;0;0;0;0
13/03/2020;16:54:00;265;Acidente sem Vítimas;516,2;BR-040/MG;Norte;Tombamento de Moto;0;0;0;1;0;1;0;0;0;0;2;0;0;0;0
13/03/2020;17:21:00;272;Acidente com Vítimas;7,5;BR-040/GO;Sul;Atropelamento de Animal;0;0;0;1;0;0;0;0;0;0;1;1;0;0;0
13/03/2020;18:13:00;283;Acidente com Vítimas;516,15;BR-040/MG;Norte;Tombamento de Moto;0;0;0;1;0;0;0;0;0;0;0;1;0;0;0
13/03/2020;18:54:00;295;Acidente com Vítimas;517,1;BR-040/MG;Sul;Atropelamento de Animal;0;0;0;1;0;0;0;0;0;0;0;0;1;0;0
13/03/2020;19:42:00;307;Acidente com Vítimas;517,1;BR-040/MG;Norte;Atropelamento de Animal;0;0;0;0;0;1;0;0;0;0;0;0;1;0;0
13/03/2020;19:59:00;313;Acidente sem Vítimas;614,1;BR-040/MG;Norte;Engavetamento;4;0;0;0;0;0;0;0;0;0;4;0;0;0;0
13/03/2020;20:04:00;316;Acidente com Vítimas;598,9;BR-040/MG;Sul;Choque c/ Objeto Fixo;1;0;0;0;0;0;0;0;0;0;3;0;0;0;0
13/03/2020;21:04:00;326;Acidente com Vítimas;613,6;BR-040/MG;Sul;Atropelamento de Pedestre;0;0;0;0;1;0;0;0;0;0;1;0;1;0;0
13/03/2020;21:12:00;330;Acidente sem Vítimas;252,8;BR-040/MG;Norte;Choque c/ Objeto Fixo;0;0;0;0;1;1;0;0;0;0;1;0;0;0;0
13/03/2020;23:31:00;352;Acidente sem Vítimas;473,3;BR-040/MG;Sul;Tombamento de Moto;0;0;0;1;0;0;0;0;0;0;2;0;0;0;0
14/03/2020;04:36:00;37;Acidente sem Vítimas;57,4;BR-040/GO;Sul;Atropelamento de Animal;0;0;0;0;0;1;0;0;0;0;2;0;0;0;0
14/03/2020;07:25:00;64;Acidente sem Vítimas;728,9;BR-040/MG;Sul;Choque c/ Objeto Fixo;1;0;0;0;0;0;0;0;0;0;1;0;0;0;0
14/03/2020;09:15:00;93;Acidente com Vítimas;525,7;BR-040/MG;Sul;Tombamento de Moto;0;0;0;1;0;0;0;0;0;0;1;0;0;0;0
14/03/2020;14:06:00;171;Acidente com Vítimas;701,425;BR-040/MG;Sul;Tombamento de Moto;0;0;0;1;0;1;0;0;0;0;0;1;0;0;0
14/03/2020;15:01:00;197;Acidente sem Vítimas;14;BR-040/GO;Sul;Colisão traseira;0;0;0;0;0;1;0;0;0;0;0;0;0;0;0
14/03/2020;17:09:00;221;Acidente com Vítimas;472,4;BR-040/MG;Sul;Choque c/ Objeto Fixo;1;0;0;0;0;0;0;0;0;0;1;1;2;0;0
14/03/2020;18:39:00;245;Acidente com Vítimas;0,1;BR-040/GO;Sul;Colisão lateral;0;0;0;1;0;1;0;0;0;0;2;1;0;0;0
14/03/2020;18:56:00;248;Acidente com Vítimas;7,5;BR-040/GO;Norte;Colisão frontal;1;0;0;1;0;1;0;0;0;0;1;0;0;0;0
15/03/2020;04:38:00;20;Acidente sem Vítimas;7,4;BR-040/GO;Norte;Colisão traseira;2;0;0;0;0;0;0;0;0;0;2;0;0;0;0
15/03/2020;04:41:00;21;Acidente sem Vítimas;370,7;BR-040/MG;Sul;Choque c/ Objeto Fixo;1;0;0;0;0;0;0;0;0;0;1;0;0;0;0
15/03/2020;05:10:00;22;Acidente com Vítimas;4,5;BR-040/DF;Sul;Choque c/ Objeto Fixo;1;0;0;0;0;0;0;0;0;0;1;0;0;0;0
15/03/2020;05:22:00;24;Acidente sem Vítimas;96,4;BR-040/GO;Norte;Colisão transversal;1;0;0;0;0;1;0;0;0;0;2;0;0;0;0
15/03/2020;07:39:00;35;Acidente sem Vítimas;751,7;BR-040/MG;Norte;Outros;1;0;0;0;0;0;0;0;0;0;0;0;0;0;0
15/03/2020;13:09:00;97;Acidente com Vítimas;503,8;BR-040/MG;Sul;Choque c/ Objeto Fixo;1;0;0;0;0;1;0;0;0;0;1;0;0;0;0
15/03/2020;13:16:00;98;Acidente sem Vítimas;224,6;BR-040/MG;Norte;Capotamento;1;0;0;0;0;0;0;0;0;0;4;0;0;0;0
15/03/2020;17:40:00;167;Acidente sem Vítimas;496,1;BR-040/MG;Norte;Capotamento;1;0;0;0;0;0;0;0;0;0;2;0;0;0;0
15/03/2020;20:47:00;216;Acidente com Vítimas;588,5;BR-040/MG;Norte;Colisão lateral;1;0;1;0;0;3;0;0;0;0;0;0;2;0;0
16/03/2020;08:36:00;155;Acidente com Vítimas;524,1;BR-040/MG;Sul;Engavetamento;4;0;0;0;0;0;0;0;0;0;4;3;0;0;0
16/03/2020;09:33:00;174;Acidente sem Vítimas;615,7;BR-040/MG;Norte;Colisão traseira;0;0;0;1;1;1;0;0;0;0;0;0;0;0;0
16/03/2020;12:41:00;214;Acidente com Vítimas;543,1;BR-040/MG;Norte;Colisão lateral;1;0;0;0;0;1;0;0;0;0;2;1;0;0;0
16/03/2020;13:44:00;225;Acidente sem Vítimas;474,1;BR-040/MG;Norte;Colisão traseira;1;0;0;1;0;0;0;0;0;0;2;0;0;0;0
16/03/2020;17:03:00;260;Acidente sem Vítimas;593,15;BR-040/MG;Sul;Choque c/ Objeto Fixo;1;0;0;0;0;1;0;0;0;0;1;0;0;0;0
16/03/2020;17:27:00;267;Acidente sem Vítimas;543,1;BR-040/MG;Sul;Colisão traseira;1;0;0;0;1;0;0;0;0;0;2;0;0;0;0
16/03/2020;19:11:00;293;Acidente com Vítimas;97,8;BR-040/GO;Sul;Atropelamento de Andarilho;0;0;0;0;0;2;0;0;0;0;0;1;0;0;0
16/03/2020;20:20:00;313;Acidente sem Vítimas;6,7;BR-040/GO;Sul;Colisão traseira;2;0;0;0;0;0;0;0;0;0;0;0;0;0;0
16/03/2020;20:44:00;319;Acidente com Vítimas;529,1;BR-040/MG;Norte;Atropelamento de Pedestre;1;0;0;0;0;0;0;0;0;0;1;1;0;0;0
17/03/2020;06:10:00;114;Acidente sem Vítimas;528,9;BR-040/MG;Sul;Colisão traseira;1;0;0;2;0;1;0;0;0;0;4;0;0;0;0
17/03/2020;06:10:00;116;Acidente com Vítimas;505,5;BR-040/MG;Sul;Choque c/ Objeto Fixo;0;0;0;0;1;1;0;0;0;0;1;1;0;0;0
17/03/2020;06:32:00;121;Acidente com Vítimas;551,2;BR-040/MG;Sul;Tombamento de Moto;0;0;0;1;0;1;0;0;0;0;0;1;1;0;0
17/03/2020;06:48:00;128;Acidente com Vítimas;527,9;BR-040/MG;Sul;Atropelamento de Pedestre;2;0;0;1;0;0;0;0;0;0;2;1;1;0;0
17/03/2020;08:09:00;152;Acidente sem Vítimas;491,2;BR-040/MG;Sul;Choque c/ Objeto Fixo;0;0;0;0;0;1;0;0;0;0;1;0;0;0;0
17/03/2020;09:54:00;183;Acidente com Vítimas;7,9;BR-040/GO;Sul;Colisão transversal;1;0;0;0;0;1;0;0;0;0;0;1;0;0;0
17/03/2020;14:37:00;239;Acidente sem Vítimas;503,6;BR-040/MG;Norte;Choque c/ Objeto Fixo;1;0;0;0;0;1;0;0;0;0;1;0;0;0;0
17/03/2020;15:00:00;241;Acidente sem Vítimas;8,7;BR-040/GO;Norte;Colisão traseira;1;0;1;0;0;0;0;0;0;0;0;0;0;0;0
17/03/2020;15:45:00;252;Acidente sem Vítimas;717,15;BR-040/MG;Norte;Choque c/ Objeto Fixo;0;0;0;0;0;1;0;0;0;0;1;0;0;0;0
17/03/2020;17:43:00;273;Acidente com Vítimas;551,4;BR-040/MG;Sul;Tombamento de Moto;1;0;0;1;0;0;0;0;0;0;1;0;1;0;0
17/03/2020;17:47:00;276;Acidente sem Vítimas;548,4;BR-040/MG;Norte;Colisão traseira;2;0;0;0;0;1;0;0;0;0;2;0;0;0;0
17/03/2020;19:39:00;298;Acidente com Vítimas;2,4;BR-040/DF;Norte;Colisão lateral;1;0;0;1;0;0;0;0;0;0;2;0;0;0;0
17/03/2020;19:44:00;301;Acidente com Vítimas;339,5;BR-040/MG;Sul;Atropelamento de Pedestre;0;0;1;0;0;1;0;0;0;0;2;0;1;0;0
18/03/2020;06:41:00;34;Acidente com Vítimas;729,663;BR-040/MG;Sul;Tombamento de Moto;0;0;0;1;0;1;0;0;0;0;2;1;1;0;0
18/03/2020;07:39:00;90;Acidente sem Vítimas;535,6;BR-040/MG;Norte;Colisão traseira;1;0;0;0;0;1;0;0;0;0;3;0;0;0;0
18/03/2020;11:23:00;154;Acidente com Vítimas;2,15;BR-040/GO;Norte;Tombamento de Moto;0;0;0;1;0;0;0;0;0;0;1;1;0;0;0
18/03/2020;13:25:00;185;Acidente com Vítimas;431,2;BR-040/MG;Sul;Capotamento;1;0;0;0;0;1;0;0;0;0;0;4;1;0;0
18/03/2020;15:33:00;209;Acidente com Vítimas;474,2;BR-040/MG;Sul;Choque c/ Objeto Fixo;1;0;0;0;0;0;0;0;0;0;1;1;0;0;0
18/03/2020;16:40:00;222;Acidente sem Vítimas;555,66;BR-040/MG;Sul;Choque c/ Objeto Fixo;1;0;0;0;0;1;0;0;0;0;1;0;0;0;0
18/03/2020;18:29:00;243;Acidente sem Vítimas;538,1;BR-040/MG;Norte;Engavetamento;3;0;0;0;0;0;0;0;0;0;3;0;0;0;0
18/03/2020;19:26:00;257;Acidente com Vítimas;533,1;BR-040/MG;Norte;Colisão lateral;1;0;0;1;0;0;0;0;0;0;2;1;0;0;0
19/03/2020;00:16:00;2;Acidente com Vítimas;9,4;BR-040/GO;Sul;Choque c/ Objeto Fixo;1;0;0;0;0;1;0;0;0;0;0;4;1;0;0
19/03/2020;08:12:00;137;Acidente com Vítimas;6,8;BR-040/GO;Sul;Colisão lateral;0;0;0;2;0;0;0;0;0;0;2;0;1;0;0
19/03/2020;15:22:00;227;Acidente com Vítimas;548,5;BR-040/MG;Sul;Tombamento de Moto;0;0;0;1;0;0;0;0;0;0;1;1;0;0;0
19/03/2020;19:20:00;277;Acidente sem Vítimas;3,9;BR-040/DF;Sul;Colisão traseira;2;0;0;0;0;0;0;0;0;0;0;0;0;0;0
19/03/2020;19:37:00;281;Acidente com Vítimas;47,3;BR-040/GO;Sul;Tombamento de Moto;0;0;0;1;0;0;0;0;0;0;0;1;0;0;0
19/03/2020;20:40:00;297;Acidente com Vítimas;532,6;BR-040/MG;Sul;Engavetamento;1;0;1;0;1;1;0;0;0;0;3;0;0;0;0
19/03/2020;20:58:00;302;Acidente sem Vítimas;585,6;BR-040/MG;Sul;Colisão transversal;0;0;0;0;0;3;0;0;0;0;2;0;0;0;0
19/03/2020;21:04:00;303;Acidente sem Vítimas;518,1;BR-040/MG;Sul;Choque c/ Objeto Fixo;2;0;0;0;0;0;0;0;0;0;1;0;0;0;0
19/03/2020;22:49:00;316;Acidente com Vítimas;524,1;BR-040/MG;Norte;Atropelamento de Pedestre;0;0;0;0;0;1;0;0;0;0;1;0;0;1;0
19/03/2020;23:25:00;323;Acidente sem Vítimas;474,2;BR-040/MG;Sul;Colisão traseira;0;0;1;0;0;2;0;0;0;0;1;0;0;0;0
20/03/2020;01:32:00;5;Acidente com Vítimas;572,5;BR-040/MG;Norte;Tombamento;0;0;0;0;1;0;0;0;0;0;0;1;0;0;0
20/03/2020;05:11:00;99;Acidente sem Vítimas;221,2;BR-040/MG;Norte;Choque c/ Objeto Fixo;0;0;0;0;1;0;0;0;0;0;1;0;0;0;0
20/03/2020;05:46:00;104;Acidente Fatal;6,7;BR-040/DF;Norte;Colisão traseira;0;0;0;1;0;1;0;0;0;0;1;0;0;0;1
20/03/2020;07:09:00;120;Acidente sem Vítimas;264,9;BR-040/MG;Sul;Choque c/ Objeto Fixo;1;0;0;0;0;0;0;0;0;0;1;0;0;0;0
20/03/2020;09:45:00;160;Acidente com Vítimas;408,1;BR-040/MG;Sul;Capotamento;1;0;0;0;0;1;0;0;0;0;1;1;0;0;0
20/03/2020;09:59:00;164;Acidente sem Vítimas;579,1;BR-040/MG;Norte;Colisão transversal;2;0;1;0;0;0;0;0;0;0;2;0;0;0;0
20/03/2020;10:01:00;162;Acidente com Vítimas;6,8;BR-040/DF;Norte;Colisão frontal;1;0;1;0;0;0;0;0;0;0;2;0;0;0;0
20/03/2020;11:05:00;179;Acidente com Vítimas;487,85;BR-040/MG;Norte;Colisão traseira;0;0;1;0;1;0;0;0;0;0;0;2;0;0;0
20/03/2020;13:26:00;204;Acidente sem Vítimas;731,3;BR-040/MG;Sul;Choque c/ Objeto Fixo;0;0;0;0;1;0;0;0;0;0;0;0;0;0;0
20/03/2020;13:41:00;208;Acidente sem Vítimas;692,749;BR-040/MG;Sul;Colisão traseira;2;0;0;0;0;1;0;0;0;0;2;0;0;0;0
20/03/2020;14:12:00;213;Acidente sem Vítimas;738,3;BR-040/MG;Sul;Colisão transversal;1;0;1;0;0;1;0;0;0;0;2;0;0;0;0
20/03/2020;16:12:00;242;Acidente Fatal;537,5;BR-040/MG;Norte;Engavetamento;9;0;2;1;0;1;0;0;0;0;3;7;0;1;3
20/03/2020;16:16:00;244;Acidente com Vítimas;7,6;BR-040/GO;Norte;Atropelamento de Ciclista;1;0;0;0;0;0;0;0;0;0;1;0;1;0;0
20/03/2020;16:55:00;248;Acidente com Vítimas;283,4;BR-040/MG;Sul;Choque c/ Objeto Fixo;1;0;0;0;0;0;0;0;0;0;1;0;1;0;0
20/03/2020;23:15:00;311;Acidente sem Vítimas;676,5;BR-040/MG;Sul;Tombamento;0;0;1;0;0;0;0;0;0;0;1;0;0;0;0
21/03/2020;01:01:00;20;Acidente com Vítimas;351;BR-040/MG;Sul;Colisão traseira;1;0;0;1;0;1;0;0;0;0;0;1;0;0;0
21/03/2020;09:42:00;116;Acidente com Vítimas;122,7;BR-040/GO;Sul;Capotamento;1;0;0;0;0;1;0;0;0;0;1;1;0;0;0
21/03/2020;11:23:00;132;Acidente sem Vítimas;617,4;BR-040/MG;Sul;Colisão traseira;2;0;0;0;0;0;0;0;0;0;6;0;0;0;0
21/03/2020;11:54:00;139;Acidente sem Vítimas;462,4;BR-040/MG;Norte;Colisão traseira;1;0;0;0;1;0;0;0;0;0;7;0;0;0;0
21/03/2020;12:51:00;143;Acidente sem Vítimas;587,1;BR-040/MG;Sul;Tombamento;0;0;0;0;1;0;0;0;0;0;1;0;0;0;0
21/03/2020;15:38:00;171;Acidente Fatal;30,5;BR-040/GO;Sul;Capotamento;0;0;0;0;0;2;0;0;0;0;0;0;1;0;1
21/03/2020;22:13:00;242;Acidente sem Vítimas;707,8;BR-040/MG;Norte;Choque c/ Objeto Fixo;1;0;0;0;0;0;0;0;0;0;1;0;0;0;0
22/03/2020;08:05:00;40;Acidente sem Vítimas;372,45;BR-040/MG;Sul;Capotamento;0;0;0;0;0;2;0;0;0;0;1;0;0;0;0
22/03/2020;08:13:00;42;Acidente com Vítimas;6,25;BR-040/GO;Sul;Atropelamento de Ciclista;0;0;0;0;0;0;0;0;0;0;0;1;0;0;0
22/03/2020;12:04:00;99;Acidente sem Vítimas;720,8;BR-040/MG;Norte;Choque c/ Objeto Fixo;0;0;0;1;0;1;0;0;0;0;1;0;0;0;0
22/03/2020;13:30:00;125;Acidente sem Vítimas;450,3;BR-040/MG;Sul;Choque c/ Objeto Fixo;1;0;0;0;0;0;0;0;0;0;5;0;0;0;0
22/03/2020;14:45:00;141;Acidente sem Vítimas;455,3;BR-040/MG;Norte;Choque c/ Objeto Fixo;0;0;0;0;0;2;0;0;0;0;1;0;0;0;0
22/03/2020;15:16:00;145;Acidente sem Vítimas;471,16;BR-040/MG;Norte;Choque c/ Objeto Fixo;0;0;0;0;0;1;0;0;0;0;1;0;0;0;0
22/03/2020;15:24:00;148;Acidente sem Vítimas;461,9;BR-040/MG;Sul;Choque c/ Objeto Fixo;1;0;0;0;0;0;0;0;0;0;1;0;0;0;0
22/03/2020;15:52:00;153;Acidente sem Vítimas;463,8;BR-040/MG;Sul;Colisão traseira;1;0;0;0;1;1;0;0;0;0;3;0;0;0;0
22/03/2020;16:43:00;162;Acidente com Vítimas;683,38;BR-040/MG;Sul;Capotamento;0;0;1;0;0;1;0;0;0;0;0;0;1;0;0
22/03/2020;18:49:00;187;Acidente sem Vítimas;4,8;BR-040/GO;Norte;Colisão traseira;2;0;0;0;0;1;0;0;0;0;2;0;0;0;0
22/03/2020;20:40:00;203;Acidente com Vítimas;492,1;BR-040/MG;Norte;Tombamento;0;0;0;0;0;1;0;0;0;0;0;0;0;0;0
23/03/2020;04:04:00;83;Acidente com Vítimas;523,1;BR-040/MG;Sul;Colisão traseira;0;0;0;1;0;1;0;0;0;0;1;1;0;0;0
23/03/2020;07:14:00;115;Acidente Fatal;480,3;BR-040/MG;Sul;Atropelamento de Pedestre;1;0;0;0;0;0;0;0;0;0;1;0;0;0;1
23/03/2020;14:52:00;207;Acidente com Vítimas;715,1;BR-040/MG;Norte;Queda Veículo;0;0;0;1;0;0;0;0;0;0;0;1;0;0;0
23/03/2020;15:11:00;214;Acidente sem Vítimas;91,3;BR-040/MG;Norte;Colisão transversal;1;0;0;0;1;0;0;0;0;0;2;0;0;0;0
23/03/2020;16:08:00;219;Acidente com Vítimas;628,25;BR-040/MG;Norte;Colisão traseira;1;0;1;0;0;0;0;0;0;0;0;1;0;0;0
23/03/2020;19:00:00;256;Acidente sem Vítimas;59,8;BR-040/GO;Norte;Choque c/ Objeto Fixo;1;0;0;0;0;0;0;0;0;0;0;0;0;0;0
24/03/2020;03:31:00;81;Acidente com Vítimas;552,1;BR-040/MG;Sul;Choque c/ Objeto Fixo;1;0;0;0;0;1;0;0;0;0;1;1;0;0;0
24/03/2020;05:42:00;86;Acidente com Vítimas;27,2;BR-040/GO;Norte;Colisão transversal;2;0;1;0;0;0;0;0;0;0;2;0;0;0;0