data;horario;n_da_ocorrencia;tipo_de_ocorrencia;km;trecho;sentido;tipo_de_acidente;automovel;bicicleta;caminhao;moto;onibus;outros;tracao_animal;transporte_de_cargas_especiais;trator_maquinas;utilitarios;ilesos;levemente_feridos;moderadamente_feridos;gravemente_feridos;mortos
24/03/2020;06:30:00;100;Acidente com Vítimas;515,2;BR-040/MG;Sul;Colisão traseira;1;0;0;1;0;0;0;0;0;0;1;1;0;0;0
24/03/2020;07:03:00;104;Acidente com Vítimas;513,1;BR-040/MG;Sul;Queda Veículo;0;0;0;1;0;0;0;0;0;0;0;0;0;0;0
24/03/2020;09:54:00;136;Acidente sem Vítimas;526,1;BR-040/MG;Sul;Colisão lateral;1;0;0;0;0;1;0;0;0;0;2;0;0;0;0
24/03/2020;21:59:00;267;Acidente sem Vítimas;520,9;BR-040/MG;Sul;Colisão traseira;0;0;2;0;0;1;0;0;0;0;2;0;0;0;0
25/03/2020;06:24:00;102;Acidente com Vítimas;544,4;BR-040/MG;Norte;Tombamento de Moto;0;0;0;0;0;1;0;0;0;0;0;0;1;0;0
25/03/2020;07:14:00;114;Acidente com Vítimas;544,3;BR-040/MG;Sul;Tombamento de Moto;0;0;0;1;0;0;0;0;0;0;0;1;0;0;0
25/03/2020;09:37:00;136;Acidente sem Vítimas;528,4;BR-040/MG;Sul;Colisão traseira;0;0;1;0;1;1;0;0;0;0;2;0;0;0;0
25/03/2020;13:30:00;170;Acidente sem Vítimas;423,15;BR-040/MG;Sul;Tombamento;0;0;0;0;1;0;0;0;0;0;1;0;0;0;0
25/03/2020;19:21:00;224;Acidente sem Vítimas;0,7;BR-040/DF;Sul;Colisão lateral;0;0;0;1;0;0;0;0;0;0;1;0;0;0;0
25/03/2020;19:38:00;228;Acidente com Vítimas;575,3;BR-040/MG;Norte;Colisão transversal;1;0;0;1;0;1;0;0;0;0;2;0;1;0;0
25/03/2020;21:35:00;241;Acidente com Vítimas;4,7;BR-040/DF;Norte;Colisão lateral;0;0;0;1;0;2;0;0;0;0;2;0;0;1;0
25/03/2020;23:06:00;257;Acidente sem Vítimas;19,4;BR-040/GO;Sul;Colisão transversal;1;0;0;0;1;1;0;0;0;0;2;0;0;0;0
26/03/2020;02:44:00;6;Acidente sem Vítimas;520,6;BR-040/MG;Norte;Capotamento;1;0;0;0;0;0;0;0;0;0;1;0;0;0;0
26/03/2020;12:18:00;155;Acidente com Vítimas;478,8;BR-040/MG;Norte;Tombamento;0;0;0;0;1;0;0;0;0;0;0;0;1;0;0
26/03/2020;14:04:00;169;Acidente sem Vítimas;386,1;BR-040/MG;Sul;Choque c/ Objeto Fixo;1;0;0;0;0;2;0;0;0;0;1;0;0;0;0
26/03/2020;17:20:00;196;Acidente sem Vítimas;699,79;BR-040/MG;Norte;Colisão transversal;0;0;0;0;1;1;0;0;0;0;2;0;0;0;0
27/03/2020;10:01:00;149;Acidente sem Vítimas;513,1;BR-040/MG;Norte;Choque c/ Objeto Fixo;1;0;0;0;0;0;0;0;0;0;1;0;0;0;0
27/03/2020;16:05:00;212;Acidente sem Vítimas;528,1;BR-040/MG;Sul;Capotamento;2;0;0;0;0;0;0;0;0;0;2;0;0;0;0
27/03/2020;20:31:00;267;Acidente sem Vítimas;488,2;BR-040/MG;Sul;Colisão lateral;1;0;1;0;0;2;0;0;0;0;4;0;0;0;0
27/03/2020;22:10:00;288;Acidente sem Vítimas;447,6;BR-040/MG;Norte;Choque c/ Objeto Fixo;2;0;0;0;0;0;0;0;0;0;1;0;0;0;0
28/03/2020;11:34:00;96;Acidente sem Vítimas;741,7;BR-040/MG;Sul;Capotamento;1;0;0;0;0;1;0;0;0;0;0;0;0;0;0
28/03/2020;14:10:00;126;Acidente sem Vítimas;526,9;BR-040/MG;Sul;Colisão traseira;1;0;0;0;1;0;0;0;0;0;1;0;0;0;0
28/03/2020;20:03:00;184;Acidente sem Vítimas;622,1;BR-040/MG;Sul;Colisão traseira;3;0;0;0;0;0;0;0;0;0;1;2;0;0;0
28/03/2020;21:34:00;193;Acidente Fatal;278,1;BR-040/MG;Sul;Colisão traseira;0;0;0;1;0;1;0;0;0;0;0;0;0;0;1
28/03/2020;23:50:00;211;Acidente com Vítimas;505,5;BR-040/MG;Sul;Atropelamento de Andarilho;0;0;0;0;0;2;0;0;0;0;1;0;1;0;0
29/03/2020;09:58:00;71;Acidente com Vítimas;480,46;BR-040/MG;Norte;Tombamento de Moto;0;0;0;0;0;2;0;0;0;0;1;1;0;0;0
29/03/2020;12:33:00;108;Acidente com Vítimas;461,6;BR-040/MG;Sul;Choque c/ Objeto Fixo;1;0;0;0;0;0;0;0;0;0;0;0;0;0;0
29/03/2020;17:27:00;145;Acidente sem Vítimas;5,3;BR-040/GO;Sul;Colisão traseira;2;0;0;0;0;0;0;0;0;0;4;0;0;0;0
29/03/2020;20:59:00;169;Acidente sem Vítimas;7,4;BR-040/GO;Norte;Colisão lateral;1;0;0;1;0;0;0;0;0;0;2;0;0;0;0
29/03/2020;21:22:00;171;Acidente sem Vítimas;700,1;BR-040/MG;Norte;Choque com objeto;1;0;0;0;1;0;0;0;0;0;2;0;0;0;0
30/03/2020;11:31:00;153;Acidente sem Vítimas;645,1;BR-040/MG;Norte;Capotamento;0;0;0;0;0;1;0;0;0;0;1;0;0;0;0
30/03/2020;15:20:00;197;Acidente com Vítimas;767,5;BR-040/MG;Sul;Choque c/ Objeto Fixo;1;0;0;0;0;0;0;0;0;0;1;0;0;0;0
30/03/2020;15:52:00;201;Acidente sem Vítimas;730,25;BR-040/MG;Norte;Choque c/ Objeto Fixo;1;0;0;0;0;1;0;0;0;0;1;0;0;0;0
30/03/2020;18:26:00;224;Acidente sem Vítimas;534,1;BR-040/MG;Norte;Choque c/ Objeto Fixo;0;0;0;0;1;0;0;0;0;0;0;0;0;0;0
30/03/2020;22:55:00;265;Acidente sem Vítimas;539;BR-040/MG;Norte;Choque c/ Objeto Fixo;0;0;0;0;0;2;0;0;0;0;1;0;0;0;0
01/05/2020;04:48:00;15;Acidente sem Vítimas;507,15;BR-040/MG;Sul;Capotamento;0;0;1;0;0;1;0;0;0;0;1;0;0;0;0
01/05/2020;07:39:00;35;Acidente com Vítimas;476,1;BR-040/MG;Norte;Tombamento de Moto;2;0;0;1;0;0;0;0;0;0;0;0;1;0;0
01/05/2020;07:54:00;37;Acidente sem Vítimas;473,322;BR-040/MG;Norte;Colisão traseira;2;0;0;0;0;0;0;0;0;0;3;0;0;0;0
01/05/2020;09:26:00;62;Acidente sem Vítimas;610,318;BR-040/MG;Norte;Choque c/ Objeto Fixo;1;0;0;0;0;0;0;0;0;0;1;0;0;0;0
01/05/2020;11:08:00;73;Acidente sem Vítimas;462,1;BR-040/MG;Sul;Colisão traseira;2;0;0;0;0;1;0;0;0;0;2;0;0;0;0
01/05/2020;13:07:00;97;Acidente sem Vítimas;504,1;BR-040/MG;Sul;Engavetamento;0;0;1;0;2;0;0;0;0;0;3;0;0;0;0
01/05/2020;13:23:00;99;Acidente com Vítimas;504,8;BR-040/MG;Sul;Capotamento;1;0;0;0;0;0;0;0;0;0;1;0;2;0;0
01/05/2020;19:07:00;155;Acidente com Vítimas;533,1;BR-040/MG;Norte;Atropelamento de Pedestre;0;0;0;0;0;1;0;0;0;0;1;1;0;0;0
01/05/2020;23:05:00;176;Acidente com Vítimas;98,2;BR-040/GO;Norte;Tombamento;0;0;0;0;0;0;0;0;0;0;0;0;0;0;0
02/05/2020;04:34:00;17;Acidente sem Vítimas;700,1;BR-040/MG;Norte;Capotamento;1;0;0;0;0;1;0;0;0;0;1;0;0;0;0
02/05/2020;05:28:00;20;Acidente sem Vítimas;724,3;BR-040/MG;Norte;Atropelamento de Animal;0;0;0;0;1;0;0;0;0;0;1;0;0;0;0
02/05/2020;09:12:00;39;Acidente sem Vítimas;175,2;BR-040/MG;Norte;Tombamento;0;0;1;0;0;0;0;0;0;0;0;0;0;0;0
02/05/2020;11:50:00;65;Acidente com Vítimas;3,6;BR-040/DF;Sul;Tombamento de Moto;0;0;0;1;0;1;0;0;0;0;2;1;0;0;0
02/05/2020;14:30:00;93;Acidente com Vítimas;7,5;BR-040/GO;Norte;Outros;1;0;0;1;0;0;0;0;0;0;1;0;1;0;0
03/05/2020;00:12:00;1;Acidente sem Vítimas;533,5;BR-040/MG;Norte;Choque c/ Objeto Fixo;1;0;0;0;0;1;0;0;0;0;2;0;1;0;0
03/05/2020;03:41:00;9;Acidente sem Vítimas;168,5;BR-040/MG;Sul;Capotamento;1;0;0;0;0;0;0;0;0;0;4;0;0;0;0
03/05/2020;08:24:00;21;Acidente sem Vítimas;510,1;BR-040/MG;Norte;Colisão traseira;1;0;0;1;0;0;0;0;0;0;3;0;0;0;0
03/05/2020;12:49:00;54;Acidente com Vítimas;537,7;BR-040/MG;Norte;Tombamento de Moto;0;0;0;1;0;0;0;0;0;0;1;0;0;0;0
03/05/2020;13:56:00;61;Acidente com Vítimas;7,9;BR-040/DF;Sul;Tombamento;0;0;0;1;0;1;0;0;0;0;0;0;0;1;0
03/05/2020;14:33:00;66;Acidente sem Vítimas;648,3;BR-040/MG;Norte;Capotamento;1;0;0;0;0;1;0;0;0;0;2;0;0;0;0
03/05/2020;16:00:00;79;Acidente com Vítimas;5,8;BR-040/GO;Sul;Colisão traseira;1;0;0;2;0;0;0;0;0;0;2;1;0;0;0
03/05/2020;17:15:00;95;Acidente com Vítimas;512,2;BR-040/MG;Sul;Colisão lateral;3;0;0;0;0;0;0;0;0;0;1;0;0;0;0
03/05/2020;18:56:00;127;Acidente sem Vítimas;730,1;BR-040/MG;Norte;Tombamento;2;0;0;0;1;1;0;0;0;0;2;0;0;0;0
03/05/2020;20:15:00;144;Acidente com Vítimas;544,5;BR-040/MG;Norte;Colisão lateral;1;0;0;1;0;0;0;0;0;0;2;0;1;0;0
03/05/2020;21:31:00;161;Acidente com Vítimas;517,5;BR-040/MG;Sul;Choque c/ Objeto Fixo;1;0;0;0;0;0;0;0;0;0;0;0;0;0;0
04/05/2020;05:05:00;82;Acidente com Vítimas;564,5;BR-040/MG;Norte;Colisão transversal;1;0;0;0;0;1;0;0;0;0;2;1;1;2;0
04/05/2020;07:40:00;118;Acidente com Vítimas;522,2;BR-040/MG;Sul;Colisão lateral;1;0;0;0;0;1;0;0;0;0;1;1;0;0;0
04/05/2020;08:10:00;128;Acidente com Vítimas;7,1;BR-040/GO;Norte;Tombamento;0;0;0;1;0;0;0;0;0;0;0;1;0;0;0
04/05/2020;08:49:00;139;Acidente com Vítimas;563,8;Fora_Rota;Sul;Colisão traseira;1;0;1;0;1;1;0;0;0;0;3;0;0;0;0
04/05/2020;09:20:00;149;Acidente sem Vítimas;463,8;BR-040/MG;Sul;Colisão traseira;0;0;1;0;1;1;0;0;0;0;2;0;0;0;0
04/05/2020;11:13:00;168;Acidente sem Vítimas;23,95;BR-040/GO;Sul;Colisão lateral;2;0;0;0;0;1;0;0;0;0;3;0;0;0;0
04/05/2020;15:32:00;214;Acidente com Vítimas;638,3;BR-040/MG;Sul;Capotamento;2;0;0;0;0;1;0;0;0;0;3;0;1;0;0
04/05/2020;16:18:00;222;Acidente sem Vítimas;514,6;BR-040/MG;Sul;Capotamento;1;0;0;0;0;0;0;0;0;0;1;0;0;0;0
04/05/2020;18:11:00;237;Acidente sem Vítimas;45,5;BR-040/MG;Sul;Colisão transversal;1;0;0;1;0;0;0;0;0;0;3;0;0;0;0
04/05/2020;20:15:00;265;Acidente com Vítimas;148,5;BR-040/MG;Norte;Colisão lateral;1;0;0;0;0;0;0;0;0;0;1;0;0;0;0
04/05/2020;22:40:00;278;Acidente com Vítimas;521;BR-040/MG;Norte;Colisão traseira;2;0;0;0;0;0;0;0;0;0;1;1;0;0;0
05/05/2020;06:45:00;98;Acidente sem Vítimas;564,11;BR-040/MG;Norte;Tombamento de Moto;0;0;0;1;0;0;0;0;0;0;1;0;0;0;0
05/05/2020;12:12:00;174;Acidente sem Vítimas;45,1;BR-040/MG;Sul;Colisão lateral;2;0;0;0;0;0;0;0;0;0;2;0;0;0;0
05/05/2020;12:21:00;176;Acidente com Vítimas;13,1;BR-040/GO;Sul;Tombamento de Moto;0;0;0;0;0;1;0;0;0;0;0;2;0;0;0
05/05/2020;13:48:00;196;Acidente com Vítimas;533,8;BR-040/MG;Norte;Tombamento de Moto;0;0;0;0;0;2;0;0;0;0;2;0;0;0;0
05/05/2020;14:54:00;205;Acidente com Vítimas;540,4;BR-040/MG;Norte;Engavetamento;4;0;0;0;0;0;0;0;0;0;2;2;1;0;0
05/05/2020;15:24:00;210;Acidente com Vítimas;588,22;BR-040/MG;Sul;Tombamento de Moto;0;0;0;1;0;1;0;0;0;0;0;0;1;0;0
05/05/2020;15:33:00;211;Acidente sem Vítimas;648,15;BR-040/MG;Norte;Choque c/ Objeto Fixo;2;0;0;0;0;0;0;0;0;0;2;0;0;0;0
05/05/2020;20:07:00;258;Acidente sem Vítimas;728,1;BR-040/MG;Sul;Capotamento;1;0;0;0;0;0;0;0;0;0;1;0;0;0;0
06/05/2020;02:19:00;79;Acidente sem Vítimas;463,9;BR-040/MG;Sul;Atropelamento de Animal;0;0;2;0;0;0;0;0;0;0;1;0;0;0;0
06/05/2020;06:12:00;99;Acidente sem Vítimas;19,1;BR-040/MG;Sul;Tombamento;0;0;1;0;0;0;0;0;0;0;1;0;0;0;0
06/05/2020;11:50:00;185;Acidente com Vítimas;577,25;BR-040/MG;Norte;Colisão traseira;1;0;0;1;0;0;0;0;0;0;0;1;0;0;0
06/05/2020;15:04:00;211;Acidente sem Vítimas;551,1;BR-040/MG;Norte;Choque com objeto;1;0;0;0;0;2;0;0;0;0;1;0;0;0;0
06/05/2020;15:55:00;221;Acidente com Vítimas;613,8;BR-040/MG;Norte;Capotamento;1;0;0;0;0;1;0;0;0;0;0;1;0;0;0
06/05/2020;18:36:00;241;Acidente com Vítimas;526,5;BR-040/MG;Norte;Queda Veículo;0;0;0;1;0;1;0;0;0;0;0;1;0;0;0
06/05/2020;20:38:00;264;Acidente com Vítimas;129,5;BR-040/MG;Sul;Atropelamento de Ciclista;1;1;0;0;0;0;0;0;0;0;1;1;0;1;0
06/05/2020;23:33:00;284;Acidente com Vítimas;101,3;BR-040/GO;Sul;Atropelamento de Animal;1;0;0;0;0;0;0;0;0;0;0;3;0;0;0
07/05/2020;00:19:00;11;Acidente com Vítimas;18,9;BR-040/GO;Sul;Atropelamento de Pedestre;0;0;0;0;0;2;0;0;0;0;0;0;1;0;0
07/05/2020;00:38:00;34;Acidente sem Vítimas;507,5;BR-040/MG;Norte;Choque c/ Objeto Fixo;0;0;1;0;1;0;0;0;0;0;1;0;0;0;0
07/05/2020;03:25:00;43;Acidente com Vítimas;728,1;BR-040/MG;Sul;Choque com objeto;1;0;1;0;0;0;0;0;0;0;2;0;0;0;0
07/05/2020;05:49:00;98;Acidente sem Vítimas;464,5;BR-040/MG;Sul;Tombamento;1;0;0;0;0;1;0;0;0;0;0;0;0;0;0
07/05/2020;06:42:00;103;Acidente sem Vítimas;524,1;BR-040/MG;Sul;Colisão traseira;2;0;0;0;0;1;0;0;0;0;1;0;0;0;0
07/05/2020;07:21:00;111;Acidente sem Vítimas;519,5;BR-040/MG;Sul;Colisão lateral;1;0;0;1;0;0;0;0;0;0;1;0;0;0;0
07/05/2020;08:11:00;121;Acidente sem Vítimas;3,2;BR-040/DF;Norte;Colisão lateral;1;0;0;0;0;3;0;0;0;0;1;0;0;0;0
07/05/2020;11:35:00;169;Acidente com Vítimas;709,25;BR-040/MG;Sul;Queda Veículo;0;0;0;1;0;1;0;0;0;0;0;0;1;0;0
07/05/2020;11:43:00;172;Acidente sem Vítimas;540,45;BR-040/MG;Sul;Choque c/ Objeto Fixo;1;0;1;0;0;0;0;0;0;0;2;0;0;0;0
07/05/2020;11:46:00;174;Acidente com Vítimas;38,5;BR-040/GO;Norte;Capotamento;1;0;0;0;0;0;0;0;0;0;0;0;1;0;0
07/05/2020;12:03:00;178;Acidente sem Vítimas;510,9;BR-040/MG;Norte;Colisão traseira;2;0;0;0;0;0;0;0;0;0;2;0;0;0;0
07/05/2020;12:29:00;180;Acidente sem Vítimas;511,1;BR-040/MG;Norte;Colisão lateral;1;0;1;0;0;0;0;0;0;0;2;0;0;0;0
07/05/2020;14:11:00;196;Acidente sem Vítimas;561,4;BR-040/MG;Sul;Colisão lateral;1;0;0;0;0;1;0;0;0;0;2;0;0;0;0
07/05/2020;15:46:00;211;Acidente com Vítimas;4,5;BR-040/DF;Sul;Capotamento;1;0;0;0;0;0;0;0;0;0;0;0;1;0;0
07/05/2020;16:45:00;220;Acidente sem Vítimas;738,6;BR-040/MG;Sul;Choque c/ Objeto Fixo;1;0;0;0;0;0;0;0;0;0;0;0;0;0;0
07/05/2020;18:47:00;246;Acidente com Vítimas;522,2;BR-040/MG;Sul;Tombamento de Moto;0;0;0;1;0;0;0;0;0;0;0;1;0;0;0
07/05/2020;20:13:00;258;Acidente com Vítimas;0,4;BR-040/DF;Sul;Tombamento de Moto;0;0;0;1;0;0;0;0;0;0;1;1;0;0;0
08/05/2020;03:22:00;82;Acidente sem Vítimas;8,4;BR-040/DF;Sul;Capotamento;0;0;0;0;0;1;0;0;0;0;1;0;0;0;0
08/05/2020;08:01:00;122;Acidente com Vítimas;5,5;BR-040/GO;Norte;Colisão lateral;1;0;0;1;0;0;0;0;0;0;2;1;0;0;0
08/05/2020;11:58:00;177;Acidente com Vítimas;552,1;BR-040/MG;Norte;Colisão transversal;1;0;0;1;0;1;0;0;0;0;1;0;1;0;0
08/05/2020;13:43:00;189;Acidente sem Vítimas;502,1;BR-040/MG;Sul;Choque com objeto;1;0;0;0;0;0;0;0;0;0;1;0;0;0;0
08/05/2020;14:35:00;197;Acidente com Vítimas;491,5;BR-040/MG;Sul;Capotamento;1;0;0;0;0;0;0;0;0;0;0;1;0;0;0
08/05/2020;15:02:00;203;Acidente com Vítimas;492,2;BR-040/MG;Sul;Capotamento;1;0;0;0;0;0;0;0;0;0;0;0;0;1;0
08/05/2020;16:56:00;231;Acidente com Vítimas;149,13;BR-040/MG;Sul;Colisão transversal;1;0;0;0;0;2;0;0;0;0;3;1;0;0;0
08/05/2020;17:05:00;234;Acidente sem Vítimas;600,3;BR-040/MG;Sul;Choque c/ Objeto Fixo;1;0;0;0;0;3;0;0;0;0;6;0;0;0;0
08/05/2020;17:12:00;235;Acidente Fatal;523,3;BR-040/MG;Norte;Tombamento de Moto;0;0;0;1;0;1;0;0;0;0;0;0;0;0;1
08/05/2020;18:21:00;241;Acidente com Vítimas;43,5;BR-040/MG;Norte;Colisão transversal;1;0;0;1;0;0;0;0;0;0;1;0;1;0;0
08/05/2020;18:30:00;247;Acidente sem Vítimas;3,8;BR-040/GO;Sul;Capotamento;2;0;0;0;0;0;0;0;0;0;2;0;0;0;0
08/05/2020;18:54:00;253;Acidente com Vítimas;48,2;BR-040/MG;Norte;Colisão transversal;2;0;0;0;0;0;0;0;0;0;2;1;0;0;0
08/05/2020;20:16:00;267;Acidente sem Vítimas;464,5;BR-040/MG;Sul;Queda Veículo;1;0;0;0;0;0;0;0;0;0;1;0;0;0;0
08/05/2020;20:19:00;268;Acidente sem Vítimas;7,9;BR-040/DF;Sul;Colisão lateral;1;0;0;0;0;0;0;0;0;0;3;0;0;0;0
08/05/2020;21:00:00;275;Acidente sem Vítimas;3,8;BR-040/GO;Sul;Colisão traseira;2;0;0;0;0;0;0;0;0;0;3;0;0;0;0
08/05/2020;21:17:00;281;Acidente sem Vítimas;599,1;BR-040/MG;Sul;Choque c/ Objeto Fixo;1;0;0;0;0;1;0;0;0;0;0;0;0;0;0
08/05/2020;21:51:00;284;Acidente sem Vítimas;652,5;BR-040/MG;Sul;Colisão lateral;1;0;0;0;0;0;0;0;0;0;0;0;0;0;0
08/05/2020;22:15:00;287;Acidente sem Vítimas;111,1;BR-040/MG;Norte;Colisão traseira;1;0;0;0;1;1;0;0;0;0;6;0;0;0;0
09/05/2020;01:24:00;8;Acidente sem Vítimas;562,1;BR-040/MG;Sul;Choque c/ Objeto Fixo;1;0;0;0;0;1;0;0;0;0;1;0;0;0;0
09/05/2020;06:17:00;41;Acidente sem Vítimas;517,1;BR-040/MG;Sul;Choque c/ Objeto Fixo;1;0;0;0;0;1;0;0;0;0;2;0;0;0;0
09/05/2020;07:27:00;53;Acidente sem Vítimas;728,11;BR-040/MG;Norte;Choque c/ Objeto Fixo;1;0;0;0;0;0;0;0;0;0;1;0;0;0;0
09/05/2020;12:18:00;125;Acidente com Vítimas;518,5;BR-040/MG;Norte;Colisão lateral;1;0;0;1;1;1;0;0;0;0;2;0;0;1;0
09/05/2020;13:55:00;142;Acidente com Vítimas;172,9;BR-040/MG;Norte;Colisão traseira;1;0;0;0;0;0;0;0;0;0;1;0;0;0;0
09/05/2020;15:24:00;164;Acidente com Vítimas;5,32;BR-040/GO;Sul;Colisão traseira;0;0;0;0;1;2;0;0;0;0;2;1;0;0;0
09/05/2020;18:11:00;189;Acidente sem Vítimas;520,4;BR-040/MG;Sul;Choque c/ Objeto Fixo;1;0;0;0;0;1;0;0;0;0;1;0;0;0;0
09/05/2020;18:23:00;193;Acidente com Vítimas;1,8;BR-040/GO;Sul;Atropelamento de Pedestre;1;0;0;0;0;0;0;0;0;0;1;1;0;0;0
09/05/2020;20:35:00;213;Acidente sem Vítimas;43,5;BR-040/MG;Sul;Colisão traseira;2;0;0;0;0;0;0;0;0;0;3;0;0;0;0
09/05/2020;22:17:00;225;Acidente sem Vítimas;520,9;BR-040/MG;Sul;Queda Veículo;1;0;0;0;0;1;0;0;0;0;1;0;0;0;0
09/05/2020;23:50:00;233;Acidente sem Vítimas;273,8;BR-040/MG;Norte;Colisão traseira;1;0;1;0;0;0;0;0;0;0;2;0;0;0;0
10/05/2020;05:06:00;11;Acidente sem Vítimas;513,5;BR-040/MG;Norte;Choque c/ Objeto Fixo;1;0;0;0;0;1;0;0;0;0;0;0;0;0;0
10/05/2020;10:36:00;41;Acidente com Vítimas;565,1;BR-040/MG;Norte;Capotamento;1;0;0;0;0;1;0;0;0;0;4;0;2;0;0
10/05/2020;10:49:00;43;Acidente com Vítimas;517,135;BR-040/MG;Norte;Choque c/ Objeto Fixo;2;0;0;0;0;0;0;0;0;0;2;2;1;0;0
10/05/2020;15:32:00;83;Acidente sem Vítimas;534,568;BR-040/MG;Sul;Tombamento de Moto;0;0;0;1;0;0;0;0;0;0;1;0;0;0;0
10/05/2020;16:12:00;95;Acidente com Vítimas;93,8;BR-040/GO;Norte;Tombamento de Moto;0;0;0;1;1;0;0;0;0;0;2;1;0;0;0
10/05/2020;18:50:00;131;Acidente com Vítimas;533,12;BR-040/MG;Norte;Colisão lateral;0;0;0;0;0;2;0;0;0;0;0;1;0;0;0
10/05/2020;19:11:00;136;Acidente com Vítimas;766,5;BR-040/MG;Norte;Colisão traseira;0;0;0;2;0;1;0;0;0;0;4;1;0;0;0
10/05/2020;21:06:00;151;Acidente sem Vítimas;537,2;BR-040/MG;Sul;Capotamento;1;0;0;0;0;0;0;0;0;0;0;0;0;0;0
10/05/2020;22:35:00;165;Acidente sem Vítimas;575,2;BR-040/MG;Sul;Capotamento;1;0;0;0;0;0;0;0;0;0;0;0;0;0;0
10/05/2020;23:08:00;172;Acidente sem Vítimas;529,15;BR-040/MG;Sul;Colisão lateral;1;0;0;0;0;0;0;0;0;0;0;0;0;0;0
11/05/2020;07:35:00;109;Acidente sem Vítimas;2,5;BR-040/GO;Sul;Colisão transversal;1;0;1;0;0;0;0;0;0;0;2;0;0;0;0
11/05/2020;08:49:00;123;Acidente sem Vítimas;728,25;BR-040/MG;Sul;Capotamento;1;0;0;0;0;0;0;0;0;0;0;0;0;0;0
11/05/2020;08:50:00;128;Acidente sem Vítimas;651,3;BR-040/MG;Norte;Atropelamento de Animal;1;0;0;0;0;0;0;0;0;0;0;0;0;0;0
11/05/2020;10:31:00;146;Acidente com Vítimas;660,95;BR-040/MG;Sul;Colisão frontal;1;0;0;0;1;0;0;0;0;0;4;0;1;1;0
11/05/2020;12:12:00;159;Acidente sem Vítimas;286,9;BR-040/MG;Norte;Choque c/ Objeto Fixo;1;0;0;0;0;0;0;0;0;0;2;0;0;0;0
11/05/2020;12:59:00;164;Acidente sem Vítimas;1,23;BR-040/GO;Sul;Engavetamento;4;0;0;0;0;1;0;0;0;0;4;0;0;0;0
11/05/2020;16:22:00;196;Acidente sem Vítimas;720,15;BR-040/MG;Norte;Colisão traseira;0;0;0;1;1;1;0;0;0;0;1;0;0;0;0
11/05/2020;18:07:00;211;Acidente sem Vítimas;276,5;BR-040/MG;Sul;Colisão transversal;1;0;0;2;0;1;0;0;0;0;2;2;0;0;0
11/05/2020;18:16:00;213;Acidente sem Vítimas;525,8;BR-040/MG;Norte;Engavetamento;3;0;0;0;0;0;0;0;0;0;3;0;0;0;0
11/05/2020;18:19:00;216;Acidente com Vítimas;543,2;BR-040/MG;Norte;Colisão lateral;1;0;0;1;0;0;0;0;0;0;2;1;0;0;0
11/05/2020;18:20:00;215;Acidente com Vítimas;48,5;BR-040/MG;Norte;Tombamento;0;0;0;1;0;2;0;0;0;0;3;0;1;0;0
11/05/2020;18:30:00;224;Acidente com Vítimas;141,5;BR-040/GO;Norte;Colisão transversal;2;0;0;0;0;0;0;0;0;0;2;1;0;0;0
11/05/2020;20:03:00;234;Acidente com Vítimas;568,5;BR-040/MG;Sul;Tombamento de Moto;0;0;0;1;0;0;0;0;0;0;0;1;0;0;0
11/05/2020;20:11:00;236;Acidente sem Vítimas;606,5;BR-040/MG;Norte;Choque c/ Objeto Fixo;1;0;0;0;0;1;0;0;0;0;2;0;0;0;0
11/05/2020;22:34:00;254;Acidente com Vítimas;7,1;BR-040/GO;Norte;Colisão transversal;1;0;0;1;0;0;0;0;0;0;1;0;0;0;0
12/05/2020;11:38:00;163;Acidente sem Vítimas;3,1;BR-040/GO;Sul;Engavetamento;2;0;0;0;0;4;0;0;0;0;4;0;0;0;0
12/05/2020;12:15:00;168;Acidente com Vítimas;1,8;BR-040/GO;Sul;Colisão traseira;0;0;0;0;0;1;0;0;0;0;1;1;0;0;0
12/05/2020;15:50:00;202;Acidente com Vítimas;15,8;BR-040/GO;Norte;Choque c/ Objeto Fixo;1;0;0;0;0;1;0;0;0;0;4;1;0;0;0
12/05/2020;16:11:00;205;Acidente com Vítimas;523,9;BR-040/MG;Norte;Tombamento;0;0;0;0;1;0;0;0;0;0;2;2;0;0;0
12/05/2020;18:54:00;235;Acidente com Vítimas;5,5;BR-040/DF;Sul;Choque c/ Objeto Fixo;1;0;0;0;0;0;0;0;0;0;2;2;0;0;0
12/05/2020;18:58:00;238;Acidente sem Vítimas;632,98;BR-040/MG;Norte;Colisão traseira;2;0;0;0;1;1;0;0;0;0;4;0;0;0;0
12/05/2020;20:19:00;254;Acidente sem Vítimas;131,3;BR-040/GO;Sul;Choque c/ Objeto Fixo;0;0;1;0;0;0;0;0;0;0;1;0;0;0;0
13/05/2020;08:56:00;124;Acidente com Vítimas;463,1;BR-040/MG;Sul;Engavetamento;2;0;1;0;0;1;0;0;0;0;2;1;0;0;0
13/05/2020;11:26:00;159;Acidente sem Vítimas;6,9;BR-040/DF;Sul;Colisão transversal;0;0;0;2;0;0;0;0;0;0;2;0;0;0;0
13/05/2020;11:29:00;160;Acidente com Vítimas;568,9;BR-040/MG;Norte;Colisão transversal;0;0;0;1;0;1;0;0;0;0;2;1;0;0;0
13/05/2020;12:11:00;171;Acidente com Vítimas;8,2;BR-040/GO;Norte;Colisão transversal;0;0;0;1;1;1;0;0;0;0;2;1;0;0;0
13/05/2020;15:18:00;222;Acidente sem Vítimas;5,3;BR-040/GO;Norte;Colisão traseira;0;0;1;2;0;1;0;0;0;0;3;0;0;0;0
13/05/2020;16:52:00;239;Acidente sem Vítimas;524,1;BR-040/MG;Norte;Colisão lateral;1;0;0;0;1;0;0;0;0;0;2;0;0;0;0
13/05/2020;19:11:00;268;Acidente sem Vítimas;2,5;BR-040/GO;Norte;Colisão traseira;0;0;0;0;0;1;0;0;0;0;1;0;0;0;0