data;horario;n_da_ocorrencia;tipo_de_ocorrencia;km;trecho;sentido;tipo_de_acidente;automovel;bicicleta;caminhao;moto;onibus;outros;tracao_animal;transporte_de_cargas_especiais;trator_maquinas;utilitarios;ilesos;levemente_feridos;moderadamente_feridos;gravemente_feridos;mortos
13/05/2020;19:29:00;275;Acidente com Vítimas;533,4;BR-040/MG;Sul;Colisão traseira;1;0;0;1;0;0;0;0;0;0;2;0;1;0;0
13/05/2020;22:33:00;292;Acidente sem Vítimas;7,3;BR-040/GO;Sul;Colisão traseira;2;0;0;0;0;0;0;0;0;0;2;0;0;0;0
13/05/2020;22:58:00;293;Acidente sem Vítimas;151,1;BR-040/MG;Norte;Atropelamento de Animal;0;0;0;0;0;1;0;0;0;0;1;0;0;0;0
14/05/2020;06:23:00;89;Acidente sem Vítimas;477,1;BR-040/MG;Norte;Atropelamento de Animal;1;0;0;0;0;0;0;0;0;0;1;0;0;0;0
14/05/2020;08:42:00;136;Acidente sem Vítimas;533,1;BR-040/MG;Norte;Colisão lateral;0;0;0;1;1;1;0;0;0;0;1;0;1;0;0
14/05/2020;12:22:00;180;Acidente sem Vítimas;468,1;BR-040/MG;Sul;Capotamento;1;0;0;0;0;0;0;0;0;0;4;0;0;0;0
14/05/2020;12:55:00;188;Acidente sem Vítimas;618,3;BR-040/MG;Norte;Colisão traseira;0;0;2;0;0;0;0;0;0;0;2;0;0;0;0
14/05/2020;13:15:00;189;Acidente sem Vítimas;618,31;BR-040/MG;Norte;Tombamento de Moto;1;0;0;0;0;1;0;0;0;0;2;0;0;0;0
14/05/2020;17:02:00;219;Acidente com Vítimas;217,45;BR-040/MG;Sul;Colisão lateral;1;0;0;0;0;1;0;0;0;0;1;1;4;0;0
14/05/2020;17:20:00;221;Acidente com Vítimas;472,1;BR-040/MG;Sul;Tombamento de Moto;0;0;0;0;0;3;0;0;0;0;0;0;1;0;0
14/05/2020;19:12:00;235;Acidente sem Vítimas;55,3;BR-040/GO;Norte;Atropelamento de Animal;1;0;0;0;0;0;0;0;0;0;2;0;0;0;0
14/05/2020;19:23:00;240;Acidente sem Vítimas;623,236;BR-040/MG;Norte;Atropelamento de Animal;1;0;0;0;0;0;0;0;0;0;0;0;0;0;0
14/05/2020;19:28:00;241;Acidente sem Vítimas;27,5;BR-040/GO;Norte;Choque com objeto;1;0;0;0;0;1;0;0;0;0;2;0;0;0;0
14/05/2020;21:17:00;257;Acidente com Vítimas;2,3;BR-040/GO;Sul;Tombamento de Moto;1;0;0;1;0;0;0;0;0;0;1;1;0;0;0
14/05/2020;23:16:00;269;Acidente com Vítimas;526,4;BR-040/MG;Norte;Tombamento de Moto;0;0;0;1;0;0;0;0;0;0;1;1;0;0;0
15/05/2020;00:12:00;1;Acidente sem Vítimas;528,5;BR-040/MG;Norte;Choque c/ Objeto Fixo;0;0;0;0;1;0;0;0;0;0;1;0;0;0;0
15/05/2020;00:41:00;4;Acidente sem Vítimas;7,1;BR-040/GO;Sul;Choque c/ Objeto Fixo;1;0;0;0;0;0;0;0;0;0;1;0;0;0;0
15/05/2020;05:29:00;79;Acidente sem Vítimas;607,365;BR-040/MG;Sul;Choque com objeto;0;0;0;0;0;2;0;0;0;0;0;0;0;0;0
15/05/2020;08:25:00;113;Acidente sem Vítimas;208,15;BR-040/MG;Sul;Capotamento;1;0;0;0;0;0;0;0;0;0;2;0;0;0;0
15/05/2020;10:40:00;144;Acidente sem Vítimas;739,25;BR-040/MG;Sul;Choque c/ Objeto Fixo;1;0;0;0;0;0;0;0;0;0;0;0;0;0;0
15/05/2020;11:40:00;160;Acidente sem Vítimas;674,12;BR-040/MG;Sul;Tombamento;0;0;1;0;0;0;0;0;0;0;0;0;0;0;0
15/05/2020;13:05:00;175;Acidente sem Vítimas;96,7;BR-040/GO;Norte;Colisão transversal;1;0;0;0;0;1;0;0;0;0;3;0;0;0;0
15/05/2020;13:05:00;176;Acidente com Vítimas;768,5;BR-040/MG;Norte;Choque c/ Objeto Fixo;1;0;0;0;0;0;0;0;0;0;1;0;0;0;0
15/05/2020;14:02:00;189;Acidente com Vítimas;750,4;BR-040/MG;Sul;Capotamento;1;0;0;0;0;0;0;0;0;0;3;0;0;0;0
15/05/2020;15:52:00;210;Acidente sem Vítimas;523,1;BR-040/MG;Norte;Colisão traseira;2;0;0;0;0;0;0;0;0;0;1;0;0;0;0
15/05/2020;17:00:00;221;Acidente com Vítimas;522,9;BR-040/MG;Norte;Colisão traseira;1;0;0;0;0;1;0;0;0;0;2;1;0;0;0
15/05/2020;19:28:00;253;Acidente com Vítimas;448,6;BR-040/MG;Norte;Capotamento;0;0;0;1;0;1;0;0;0;0;1;1;0;0;0
16/05/2020;06:24:00;43;Acidente sem Vítimas;679,5;BR-040/MG;Sul;Capotamento;1;0;0;0;0;2;0;0;0;0;2;0;0;0;0
16/05/2020;07:49:00;52;Acidente com Vítimas;731,4;BR-040/MG;Norte;Choque c/ Objeto Fixo;1;0;0;0;0;0;0;0;0;0;1;1;0;0;0
16/05/2020;10:36:00;78;Acidente sem Vítimas;510,1;BR-040/MG;Norte;Colisão traseira;0;0;0;0;0;2;0;0;0;0;2;0;0;0;0
16/05/2020;11:28:00;87;Acidente sem Vítimas;462,5;BR-040/MG;Norte;Choque c/ Objeto Fixo;1;0;0;0;0;0;0;0;0;0;1;0;0;0;0
16/05/2020;11:29:00;88;Acidente sem Vítimas;493,5;BR-040/MG;Norte;Choque c/ Objeto Fixo;1;0;0;0;0;0;0;0;0;0;1;0;0;0;0
16/05/2020;11:57:00;94;Acidente sem Vítimas;511,2;BR-040/MG;Norte;Colisão traseira;1;0;0;0;0;1;0;0;0;0;2;0;0;0;0
16/05/2020;12:00:00;95;Acidente com Vítimas;705,7;BR-040/MG;Norte;Atropelamento de Pedestre;2;0;0;0;0;0;0;0;0;0;2;0;1;0;0
16/05/2020;12:19:00;98;Acidente com Vítimas;457,1;BR-040/MG;Norte;Capotamento;1;0;0;0;0;1;0;0;0;0;1;3;0;0;0
16/05/2020;12:26:00;99;Acidente sem Vítimas;595,2;BR-040/MG;Norte;Choque c/ Objeto Fixo;0;0;1;0;0;2;0;0;0;0;1;0;0;0;0
16/05/2020;13:35:00;115;Acidente sem Vítimas;530,1;BR-040/MG;Sul;Atropelamento de Pedestre;0;0;0;0;0;2;0;0;0;0;1;1;0;0;0
16/05/2020;14:45:00;123;Acidente sem Vítimas;664,5;BR-040/MG;Sul;Colisão traseira;0;0;0;0;0;2;0;0;0;0;5;0;0;0;0
16/05/2020;14:45:00;124;Acidente sem Vítimas;63,15;BR-040/MG;Norte;Choque c/ Objeto Fixo;0;0;0;0;0;1;0;0;0;0;2;0;0;0;0
16/05/2020;17:35:00;148;Acidente Fatal;425,1;BR-040/MG;Norte;Capotamento;1;0;0;0;0;1;0;0;0;0;1;0;0;0;1
16/05/2020;18:32:00;159;Acidente com Vítimas;100,1;BR-040/GO;Norte;Atropelamento de Ciclista;0;4;0;0;0;1;0;0;0;0;2;0;1;0;0
16/05/2020;19:49:00;163;Acidente sem Vítimas;117,6;BR-040/GO;Norte;Choque c/ Objeto Fixo;1;0;0;0;0;0;0;0;0;0;1;0;0;0;0
16/05/2020;23:29:00;187;Acidente sem Vítimas;34,1;BR-040/MG;Sul;Choque com objeto;0;0;1;0;0;1;0;0;0;0;1;0;0;0;0
16/05/2020;23:48:00;188;Acidente sem Vítimas;636,5;BR-040/MG;Sul;Capotamento;1;0;0;0;0;0;0;0;0;0;0;0;0;0;0
17/05/2020;08:51:00;32;Acidente sem Vítimas;729,8;BR-040/MG;Sul;Choque c/ Objeto Fixo;0;0;2;0;0;0;0;0;0;0;3;0;0;0;0
17/05/2020;12:15:00;70;Acidente com Vítimas;8,3;BR-040/GO;Sul;Atropelamento de Ciclista;0;1;0;0;0;1;0;0;0;0;0;0;1;0;0
17/05/2020;16:51:00;119;Acidente com Vítimas;441,1;BR-040/MG;Sul;Tombamento;0;0;1;0;0;0;0;0;0;0;1;1;0;0;0
17/05/2020;18:02:00;141;Acidente com Vítimas;661,5;BR-040/MG;Sul;Atropelamento de Pedestre;0;0;0;0;0;1;0;0;0;0;0;0;0;0;0
17/05/2020;19:11:00;159;Acidente sem Vítimas;467,4;BR-040/MG;Norte;Queda Veículo;1;0;0;0;0;2;0;0;0;0;1;0;0;0;0
17/05/2020;21:52:00;180;Acidente sem Vítimas;633,3;BR-040/MG;Sul;Colisão transversal;1;0;1;0;0;1;0;0;0;0;2;0;0;0;0
18/05/2020;05:18:00;79;Acidente sem Vítimas;541,5;BR-040/MG;Norte;Tombamento;0;0;1;0;0;0;0;0;0;0;0;0;0;0;0
18/05/2020;06:56:00;87;Acidente sem Vítimas;709,9;BR-040/MG;Sul;Tombamento;0;0;0;0;1;0;0;0;0;0;1;0;0;0;0
18/05/2020;08:23:00;112;Acidente sem Vítimas;493,1;BR-040/MG;Norte;Choque c/ Objeto Fixo;0;0;0;0;2;0;0;0;0;0;0;0;0;0;0
18/05/2020;08:31:00;116;Acidente com Vítimas;21,1;BR-040/GO;Sul;Choque c/ Objeto Fixo;1;0;0;0;0;1;0;0;0;0;0;1;0;0;0
18/05/2020;17:32:00;232;Acidente sem Vítimas;516,1;BR-040/MG;Norte;Queda Veículo;1;0;0;0;0;0;0;0;0;0;1;0;0;0;0
18/05/2020;18:24:00;237;Acidente com Vítimas;553,5;BR-040/MG;Norte;Tombamento de Moto;0;0;0;1;0;0;0;0;0;0;1;1;0;0;0
18/05/2020;18:35:00;241;Acidente com Vítimas;509,4;BR-040/MG;Sul;Colisão traseira;1;0;0;1;0;0;0;0;0;0;2;1;0;0;0
18/05/2020;19:51:00;257;Acidente com Vítimas;439,4;BR-040/MG;Sul;Atropelamento de Ciclista;0;0;0;0;0;1;0;0;0;0;0;0;1;0;0
18/05/2020;20:02:00;262;Acidente sem Vítimas;637,365;BR-040/MG;Sul;Atropelamento de Ciclista;0;0;0;1;0;0;0;0;0;0;2;0;0;0;0
18/05/2020;21:03:00;270;Acidente sem Vítimas;455,1;BR-040/MG;Sul;Tombamento;0;0;1;0;0;0;0;0;0;0;1;0;0;0;0
18/05/2020;23:07:00;286;Acidente com Vítimas;150,5;BR-040/GO;Sul;Choque c/ Objeto Fixo;0;0;0;0;0;1;0;0;0;0;1;1;0;0;0
19/05/2020;06:54:00;96;Acidente sem Vítimas;705;BR-040/MG;Sul;Capotamento;0;0;0;0;0;2;0;0;0;0;0;0;0;0;0
19/05/2020;09:17:00;137;Acidente sem Vítimas;28,25;BR-040/GO;Sul;Choque c/ Objeto Fixo;1;0;0;0;0;2;0;0;0;0;1;0;0;0;0
19/05/2020;10:45:00;153;Acidente sem Vítimas;448,3;BR-040/MG;Sul;Capotamento;0;0;1;0;0;0;0;0;0;0;1;0;0;0;0
19/05/2020;11:11:00;158;Acidente sem Vítimas;142,3;BR-040/GO;Sul;Atropelamento de Animal;0;0;0;0;0;1;0;0;0;0;1;0;0;0;0
19/05/2020;13:23:00;184;Acidente sem Vítimas;41,7;BR-040/MG;Sul;Colisão transversal;2;0;0;0;1;0;0;0;0;0;3;0;0;0;0
19/05/2020;13:32:00;185;Acidente com Vítimas;546,12;BR-040/MG;Sul;Tombamento;0;0;0;0;0;0;0;0;0;1;1;0;1;0;0
19/05/2020;16:17:00;212;Acidente sem Vítimas;526,8;BR-040/MG;Sul;Colisão traseira;0;0;1;0;0;1;0;0;0;0;0;0;0;0;0
19/05/2020;18:29:00;226;Acidente com Vítimas;5,12;BR-040/GO;Sul;Colisão transversal;1;0;0;1;0;0;0;0;0;0;1;1;0;0;0
19/05/2020;18:30:00;232;Acidente sem Vítimas;617,9;BR-040/MG;Norte;Colisão lateral;0;0;0;0;0;3;0;0;0;0;2;0;0;0;0
19/05/2020;19:24:00;241;Acidente sem Vítimas;752,5;BR-040/MG;Norte;Choque c/ Objeto Fixo;0;0;0;0;1;0;0;0;0;0;1;0;0;0;0
19/05/2020;20:25:00;255;Acidente com Vítimas;16,8;BR-040/GO;Sul;Atropelamento de Andarilho;1;0;0;0;0;0;0;0;0;0;1;0;0;0;0
19/05/2020;23:06:00;279;Acidente com Vítimas;320,3;BR-040/MG;Norte;Queda de Ribanceira;0;0;0;0;1;0;0;0;0;0;1;1;0;0;0
20/05/2020;08:54:00;130;Acidente sem Vítimas;532,9;BR-040/MG;Sul;Colisão lateral;1;0;0;1;0;0;0;0;0;0;5;0;0;0;0
20/05/2020;09:22:00;140;Acidente com Vítimas;76,6;BR-040/MG;Norte;Tombamento de Moto;0;0;0;0;0;2;0;0;0;0;0;1;0;0;0
20/05/2020;11:51:00;168;Acidente com Vítimas;550,3;BR-040/MG;Sul;Choque c/ Objeto Fixo;1;0;0;1;0;0;0;0;0;0;1;2;0;0;0
20/05/2020;14:53:00;203;Acidente Fatal;507,65;BR-040/MG;Sul;Outros;1;0;0;0;0;0;0;0;0;0;1;0;0;0;1
20/05/2020;15:10:00;205;Acidente com Vítimas;507,65;BR-040/MG;Norte;Atropelamento de Pedestre;0;0;0;1;0;0;0;0;0;0;1;0;0;1;0
20/05/2020;17:48:00;231;Acidente sem Vítimas;541,15;BR-040/MG;Norte;Colisão traseira;2;0;0;0;0;0;0;0;0;0;2;0;0;0;0
20/05/2020;19:50:00;258;Acidente com Vítimas;710,8;BR-040/MG;Sul;Atropelamento de Pedestre;2;0;0;1;0;1;0;0;0;0;2;1;0;2;0
21/05/2020;05:23:00;108;Acidente sem Vítimas;611,5;BR-040/MG;Sul;Atropelamento de Animal;0;0;1;0;1;0;0;0;0;0;1;0;0;0;0
21/05/2020;09:06:00;168;Acidente sem Vítimas;509,1;BR-040/MG;Norte;Engavetamento;3;0;0;0;0;0;0;0;0;0;3;0;0;0;0
21/05/2020;14:00:00;219;Acidente sem Vítimas;631,3;BR-040/MG;Norte;Colisão transversal;1;0;0;0;0;2;0;0;0;0;1;0;0;0;0
21/05/2020;15:41:00;235;Acidente sem Vítimas;756,45;BR-040/MG;Norte;Colisão traseira;0;0;1;1;0;1;0;0;0;0;2;0;0;0;0
21/05/2020;15:57:00;236;Acidente com Vítimas;16,7;BR-040/GO;Sul;Colisão lateral;1;0;0;1;0;0;0;0;0;0;3;0;1;0;0
21/05/2020;16:11:00;239;Acidente com Vítimas;737,85;BR-040/MG;Sul;Tombamento;0;0;1;0;0;1;0;0;0;0;0;0;1;0;0
21/05/2020;17:03:00;245;Acidente com Vítimas;658,7;BR-040/MG;Sul;Colisão transversal;0;0;1;1;0;1;0;0;0;0;1;1;0;0;0
21/05/2020;18:08:00;256;Acidente Fatal;544,5;BR-040/MG;Sul;Atropelamento de Pedestre;1;0;1;0;2;0;0;0;0;0;3;0;0;0;1
21/05/2020;18:54:00;265;Acidente sem Vítimas;632,5;BR-040/MG;Norte;Colisão traseira;2;0;0;0;0;0;0;0;0;0;0;0;0;0;0
22/05/2020;05:43:00;96;Acidente com Vítimas;602,2;BR-040/MG;Sul;Atropelamento de Pedestre;0;0;0;0;1;1;0;0;0;0;1;1;0;0;0
22/05/2020;07:05:00;108;Acidente com Vítimas;7,2;BR-040/DF;Norte;Colisão traseira;0;0;0;2;0;0;0;0;0;0;1;2;0;0;0
22/05/2020;07:53:00;124;Acidente sem Vítimas;484,1;BR-040/MG;Sul;Colisão lateral;1;0;0;0;0;0;0;0;0;0;1;0;0;0;0
22/05/2020;14:05:00;194;Acidente sem Vítimas;3,95;BR-040/DF;Norte;Capotamento;2;0;0;0;0;1;0;0;0;0;3;0;0;0;0
22/05/2020;15:34:00;206;Acidente sem Vítimas;0,9;BR-040/GO;Norte;Engavetamento;2;0;0;0;0;1;0;0;0;0;3;0;0;0;0
22/05/2020;16:28:00;218;Acidente sem Vítimas;4,3;BR-040/GO;Norte;Colisão lateral;1;0;1;0;0;0;0;0;0;0;3;0;0;0;0
22/05/2020;18:19:00;241;Acidente sem Vítimas;3,1;BR-040/DF;Sul;Colisão traseira;2;0;0;0;0;0;0;0;0;0;1;0;0;0;0
22/05/2020;18:21:00;240;Acidente sem Vítimas;524,5;BR-040/MG;Norte;Engavetamento;6;0;0;0;0;1;0;0;0;0;6;0;0;0;0
22/05/2020;18:33:00;244;Acidente sem Vítimas;611,5;BR-040/MG;Sul;Colisão lateral;1;0;0;0;1;0;0;0;0;0;2;0;0;0;0
22/05/2020;18:50:00;253;Acidente sem Vítimas;647,365;BR-040/MG;Norte;Atropelamento de Animal;0;0;1;0;1;0;0;0;0;0;2;0;0;0;0
22/05/2020;21:13:00;276;Acidente com Vítimas;771,9;BR-040/MG;Norte;Colisão lateral;0;0;0;0;0;2;0;0;0;0;1;0;1;0;0
23/05/2020;03:00:00;9;Acidente sem Vítimas;501,7;BR-040/MG;Norte;Queda Veículo;1;0;0;0;0;0;0;0;0;0;1;0;0;0;0
23/05/2020;08:02:00;40;Acidente sem Vítimas;405,1;BR-040/MG;Sul;Colisão traseira;1;0;1;0;0;0;0;0;0;0;2;0;0;0;0
23/05/2020;08:06:00;41;Acidente sem Vítimas;524,1;BR-040/MG;Norte;Colisão lateral;1;0;0;0;1;0;0;0;0;0;1;0;0;0;0
23/05/2020;10:01:00;72;Acidente sem Vítimas;405,12;BR-040/MG;Norte;Colisão traseira;2;0;0;0;0;1;0;0;0;0;1;0;0;0;0
23/05/2020;10:39:00;81;Acidente sem Vítimas;312,5;BR-040/MG;Norte;Choque c/ Objeto Fixo;2;0;0;0;0;0;0;0;0;0;4;0;0;0;0
23/05/2020;11:37:00;91;Acidente sem Vítimas;405,1;BR-040/MG;Sul;Colisão traseira;2;0;0;0;0;1;0;0;0;0;1;0;0;0;0
23/05/2020;11:42:00;93;Acidente com Vítimas;1,15;BR-040/GO;Sul;Atropelamento de Pedestre;0;0;0;0;0;1;0;0;0;0;1;0;1;0;0
23/05/2020;15:24:00;126;Acidente sem Vítimas;24,5;BR-040/GO;Norte;Choque c/ Objeto Fixo;1;0;0;0;0;0;0;0;0;0;1;0;0;0;0
23/05/2020;15:44:00;132;Acidente sem Vítimas;24,15;BR-040/GO;Sul;Colisão traseira;1;0;0;0;1;0;0;0;0;0;1;1;0;0;0
23/05/2020;16:10:00;139;Acidente com Vítimas;536,7;BR-040/MG;Norte;Tombamento de Moto;0;0;0;1;0;0;0;0;0;0;1;0;0;0;0
23/05/2020;17:04:00;154;Acidente sem Vítimas;762,9;BR-040/MG;Norte;Colisão transversal;1;0;1;0;1;0;0;0;0;0;0;0;0;0;0
23/05/2020;17:16:00;155;Acidente com Vítimas;410,3;BR-040/MG;Sul;Capotamento;1;0;0;0;0;0;0;0;0;0;0;2;3;0;0
23/05/2020;18:00:00;166;Acidente com Vítimas;618,3;BR-040/MG;Norte;Tombamento de Moto;0;0;0;1;0;0;0;0;0;0;1;1;0;0;0
23/05/2020;18:22:00;171;Acidente com Vítimas;311,1;BR-040/MG;Norte;Tombamento de Moto;1;0;0;2;0;0;0;0;0;0;4;0;0;0;0
23/05/2020;20:56:00;207;Acidente com Vítimas;9,11;BR-040/GO;Norte;Capotamento;0;0;0;0;0;1;0;0;0;0;0;2;0;0;0
23/05/2020;23:28:00;224;Acidente sem Vítimas;496,2;BR-040/MG;Sul;Colisão lateral;3;0;0;0;0;0;0;0;0;0;0;0;0;0;0
24/05/2020;05:40:00;24;Acidente sem Vítimas;480,1;BR-040/MG;Sul;Capotamento;1;0;0;0;0;0;0;0;0;0;0;0;0;0;0
24/05/2020;06:54:00;30;Acidente sem Vítimas;522,2;BR-040/MG;Sul;Capotamento;0;0;0;0;0;1;0;0;0;0;0;2;1;0;0
24/05/2020;13:54:00;80;Acidente sem Vítimas;718,52;BR-040/MG;Norte;Choque c/ Objeto Fixo;1;0;0;0;0;1;0;0;0;0;0;0;0;0;0
24/05/2020;17:05:00;111;Acidente com Vítimas;21,15;BR-040/GO;Norte;Choque c/ Objeto Fixo;1;0;0;0;0;0;0;0;0;0;0;0;2;0;0
24/05/2020;18:57:00;136;Acidente com Vítimas;557,2;BR-040/MG;Sul;Choque c/ Objeto Fixo;2;0;0;0;0;0;0;0;0;0;1;1;0;0;0
24/05/2020;19:27:00;141;Acidente sem Vítimas;760,5;BR-040/MG;Sul;Capotamento;2;0;0;0;0;0;0;0;0;0;1;0;0;0;0
24/05/2020;19:54:00;147;Acidente com Vítimas;555,4;BR-040/MG;Sul;Colisão traseira;1;0;1;0;0;0;0;0;0;0;3;1;0;0;0
24/05/2020;21:54:00;157;Acidente sem Vítimas;518,2;BR-040/MG;Norte;Colisão frontal;1;0;0;0;0;1;0;0;0;0;1;0;0;0;0
24/05/2020;22:22:00;160;Acidente sem Vítimas;748,5;BR-040/MG;Sul;Atropelamento de Animal;1;0;0;0;0;0;0;0;0;0;1;0;0;0;0
24/05/2020;22:32:00;162;Acidente sem Vítimas;749,5;BR-040/MG;Sul;Choque c/ Objeto Fixo;1;0;0;0;0;0;0;0;0;0;1;0;0;0;0
25/05/2020;06:00:00;101;Acidente sem Vítimas;512,2;BR-040/MG;Sul;Choque com objeto;1;0;0;0;0;0;0;0;0;0;1;0;0;0;0
25/05/2020;06:38:00;103;Acidente sem Vítimas;479,1;BR-040/MG;Norte;Tombamento;1;0;0;0;1;0;0;0;0;0;1;0;0;0;0
25/05/2020;06:43:00;104;Acidente com Vítimas;682,2;BR-040/MG;Norte;Colisão lateral;0;0;0;1;0;2;0;0;0;0;2;1;0;0;0
25/05/2020;06:44:00;110;Acidente com Vítimas;633,95;BR-040/MG;Sul;Colisão lateral;1;0;0;1;0;0;0;0;0;0;1;0;0;0;0
25/05/2020;07:11:00;116;Acidente sem Vítimas;102,19;BR-040/GO;Sul;Outros;1;0;0;0;0;1;0;0;0;0;3;0;0;0;0
25/05/2020;07:17:00;119;Acidente sem Vítimas;459,1;BR-040/MG;Sul;Colisão traseira;1;0;0;0;0;1;0;0;0;0;2;0;0;0;0
25/05/2020;09:08:00;141;Acidente com Vítimas;506,1;BR-040/MG;Sul;Choque c/ Objeto Fixo;1;0;0;0;0;0;0;0;0;0;0;1;0;0;0
25/05/2020;09:29:00;150;Acidente com Vítimas;621,5;BR-040/MG;Sul;Colisão traseira;1;1;0;0;0;1;0;0;0;0;2;1;0;0;0
25/05/2020;10:06:00;160;Acidente sem Vítimas;729,3;BR-040/MG;Norte;Choque c/ Objeto Fixo;1;0;0;0;0;0;0;0;0;0;1;0;0;0;0
25/05/2020;12:11:00;187;Acidente com Vítimas;543,1;BR-040/MG;Norte;Colisão lateral;0;0;0;1;0;2;0;0;0;0;1;1;0;0;0
25/05/2020;12:59:00;194;Acidente sem Vítimas;268,4;BR-040/MG;Sul;Choque c/ Objeto Fixo;1;0;0;0;0;2;0;0;0;0;1;0;0;0;0
25/05/2020;13:33:00;199;Acidente com Vítimas;580,6;BR-040/MG;Sul;Choque c/ Objeto Fixo;1;0;0;0;0;1;0;0;0;0;1;0;0;0;0
25/05/2020;13:43:00;203;Acidente com Vítimas;525,5;BR-040/MG;Norte;Colisão traseira;0;0;0;1;0;1;0;0;0;0;1;0;1;0;0
25/05/2020;18:04:00;245;Acidente com Vítimas;12,1;BR-040/GO;Sul;Colisão traseira;1;0;0;1;0;1;0;0;0;0;1;0;1;0;0
25/05/2020;18:26:00;249;Acidente com Vítimas;597,98;BR-040/MG;Sul;Tombamento;0;0;0;1;0;0;0;0;0;0;1;1;0;0;0
25/05/2020;18:45:00;256;Acidente sem Vítimas;522,4;BR-040/MG;Norte;Outros;2;0;0;0;0;1;0;0;0;0;2;0;0;0;0
25/05/2020;19:55:00;268;Acidente sem Vítimas;273,1;BR-040/MG;Sul;Colisão traseira;2;0;0;0;0;0;0;0;0;0;4;0;0;0;0
25/05/2020;20:20:00;271;Acidente com Vítimas;457,2;BR-040/MG;Sul;Colisão traseira;1;0;0;0;1;0;0;0;0;0;1;0;0;0;0
25/05/2020;21:08:00;275;Acidente com Vítimas;44,1;BR-040/MG;Sul;Colisão traseira;1;0;0;0;0;1;0;0;0;0;2;1;0;0;0
25/05/2020;21:55:00;283;Acidente sem Vítimas;620,365;BR-040/MG;Sul;Choque com objeto;1;0;0;0;0;0;0;0;0;0;0;0;0;0;0
25/05/2020;22:30:00;290;Acidente com Vítimas;521,4;BR-040/MG;Norte;Atropelamento de Animal;0;0;0;2;0;0;0;0;0;0;2;2;0;0;0
26/05/2020;00:30:00;2;Acidente sem Vítimas;500,1;BR-040/MG;Sul;Tombamento;0;0;0;0;1;0;0;0;0;0;1;0;0;0;0
26/05/2020;06:14:00;103;Acidente sem Vítimas;429,1;BR-040/MG;Norte;Choque c/ Objeto Fixo;1;0;0;0;0;0;0;0;0;0;1;0;0;0;0
26/05/2020;06:18:00;104;Acidente com Vítimas;6,9;BR-040/DF;Norte;Colisão traseira;2;0;0;1;0;0;0;0;0;0;2;0;1;0;0
26/05/2020;06:55:00;109;Acidente sem Vítimas;38,6;BR-040/GO;Norte;Choque c/ Objeto Fixo;1;0;0;0;0;0;0;0;0;0;2;0;0;0;0
26/05/2020;07:58:00;128;Acidente sem Vítimas;517,1;BR-040/MG;Sul;Engavetamento;6;0;0;0;0;0;0;0;0;0;6;0;0;0;0
26/05/2020;08:14:00;130;Acidente sem Vítimas;487,1;BR-040/MG;Sul;Colisão lateral;1;0;0;0;1;0;0;0;0;0;4;0;0;0;0
26/05/2020;10:09:00;153;Acidente sem Vítimas;405,1;BR-040/MG;Norte;Colisão lateral;1;0;0;0;1;0;0;0;0;0;2;0;0;0;0
26/05/2020;10:31:00;157;Acidente sem Vítimas;476,1;BR-040/MG;Sul;Choque c/ Objeto Fixo;1;0;0;0;1;0;0;0;0;0;2;0;0;0;0
26/05/2020;12:10:00;179;Acidente sem Vítimas;79,1;BR-040/GO;Norte;Tombamento;0;0;0;0;0;1;0;0;0;0;1;0;0;0;0
26/05/2020;12:22:00;182;Acidente sem Vítimas;285,3;BR-040/MG;Norte;Choque c/ Objeto Fixo;1;0;0;0;0;1;0;0;0;0;2;0;0;0;0
26/05/2020;13:07:00;190;Acidente com Vítimas;444,15;BR-040/MG;Sul;Colisão traseira;1;0;0;1;0;0;0;0;0;0;1;0;1;0;0
26/05/2020;17:28:00;219;Acidente com Vítimas;7,5;BR-040/GO;Sul;Colisão traseira;1;0;0;1;0;1;0;0;0;0;1;0;1;0;0
26/05/2020;18:29:00;224;Acidente com Vítimas;517,4;BR-040/MG;Sul;Choque com objeto;0;0;0;1;0;1;0;0;0;0;0;1;0;0;0
26/05/2020;19:03:00;233;Acidente sem Vítimas;6,2;BR-040/DF;Sul;Colisão traseira;1;0;0;1;0;1;0;0;0;0;1;0;0;0;0
26/05/2020;19:45:00;247;Acidente com Vítimas;539,4;BR-040/MG;Sul;Tombamento de Moto;0;0;0;1;0;0;0;0;0;0;0;1;0;0;0
27/05/2020;02:39:00;12;Acidente sem Vítimas;544,4;BR-040/MG;Norte;Colisão traseira;1;0;0;0;1;0;0;0;0;0;1;0;0;0;0
27/05/2020;16:23:00;241;Acidente sem Vítimas;521,12;BR-040/MG;Norte;Choque c/ Objeto Fixo;1;0;0;0;0;0;0;0;0;0;0;0;0;0;0
27/05/2020;16:49:00;243;Acidente sem Vítimas;83,5;BR-040/MG;Sul;Capotamento;1;0;0;0;0;0;0;0;0;0;2;0;0;0;0
27/05/2020;17:11:00;247;Acidente sem Vítimas;534,1;BR-040/MG;Sul;Colisão transversal;1;0;1;1;0;0;0;0;0;0;0;0;0;0;0
27/05/2020;17:46:00;254;Acidente sem Vítimas;459,2;BR-040/MG;Sul;Tombamento;0;0;1;0;0;0;0;0;0;0;0;0;0;0;0
27/05/2020;17:49:00;253;Acidente sem Vítimas;537,8;BR-040/MG;Norte;Engavetamento;2;0;0;0;0;1;0;0;0;0;3;0;0;0;0
27/05/2020;20:32:00;287;Acidente com Vítimas;8,1;BR-040/DF;Sul;Atropelamento de Pedestre;1;2;0;0;0;0;0;0;0;0;1;1;0;0;0
27/05/2020;20:58:00;292;Acidente sem Vítimas;498,2;BR-040/MG;Sul;Choque c/ Objeto Fixo;1;0;0;0;0;0;0;0;0;0;0;0;0;0;0
27/05/2020;23:03:00;303;Acidente com Vítimas;555,3;BR-040/MG;Norte;Colisão traseira;1;0;0;1;0;1;0;0;0;0;0;0;1;0;0