data;horario;n_da_ocorrencia;tipo_de_ocorrencia;km;trecho;sentido;tipo_de_acidente;automovel;bicicleta;caminhao;moto;onibus;outros;tracao_animal;transporte_de_cargas_especiais;trator_maquinas;utilitarios;ilesos;levemente_feridos;moderadamente_feridos;gravemente_feridos;mortos
07/01/2020;16:15:00;255;Acidente sem Vítimas;727,7;BR-040/MG;Sul;Choque c/ Objeto Fixo;1;0;0;0;0;0;0;0;0;0;0;0;0;0;0
07/01/2020;17:47:00;280;Acidente sem Vítimas;726,5;BR-040/MG;Norte;Choque com objeto;0;0;0;0;0;1;0;0;0;0;0;0;0;0;0
07/01/2020;17:57:00;291;Acidente sem Vítimas;682,1;BR-040/MG;Norte;Choque c/ Veículo Parado;1;0;0;0;1;1;0;0;0;0;3;0;0;0;0
07/01/2020;21:05:00;329;Acidente sem Vítimas;551,5;BR-040/MG;Sul;Choque c/ Objeto Fixo;1;0;0;0;0;0;0;0;0;0;1;0;0;0;0
07/01/2020;22:43:00;339;Acidente sem Vítimas;571,1;BR-040/MG;Sul;Tombamento;1;0;0;0;0;1;0;0;0;0;0;0;0;0;0
08/01/2020;02:26:00;32;Acidente com Vítimas;560,5;BR-040/MG;Sul;Capotamento;1;0;0;0;0;0;0;0;0;0;0;0;0;0;0
08/01/2020;07:23:00;111;Acidente com Vítimas;4,8;BR-040/GO;Norte;Colisão lateral;1;0;0;1;0;0;0;0;0;0;0;1;0;0;0
08/01/2020;10:28:00;156;Acidente sem Vítimas;467,467;BR-040/MG;Sul;Outros;1;0;0;0;0;0;0;0;0;0;0;0;0;0;0
08/01/2020;14:24:00;215;Acidente com Vítimas;559,1;BR-040/MG;Norte;Colisão lateral;1;0;0;0;1;1;0;0;0;0;1;1;0;0;0
08/01/2020;14:39:00;217;Acidente sem Vítimas;731,1;BR-040/MG;Sul;Choque c/ Objeto Fixo;1;0;0;0;0;0;0;0;0;0;2;0;0;0;0
08/01/2020;14:51:00;222;Acidente com Vítimas;526,1;BR-040/MG;Sul;Colisão traseira;1;0;0;1;0;0;0;0;0;0;0;1;0;0;0
08/01/2020;15:29:00;235;Acidente sem Vítimas;634,612;BR-040/MG;Sul;Colisão traseira;1;0;0;0;0;0;0;0;0;1;0;0;0;0;0
08/01/2020;15:45:00;240;Acidente sem Vítimas;611,203;BR-040/MG;Norte;Choque c/ Objeto Fixo;1;0;0;0;0;0;0;0;0;0;0;0;0;0;0
08/01/2020;16:22:00;257;Acidente sem Vítimas;717;BR-040/MG;Sul;Choque c/ Objeto Fixo;1;0;0;0;0;0;0;0;0;0;0;0;0;0;0
08/01/2020;17:19:00;267;Acidente sem Vítimas;527,15;BR-040/MG;Sul;Capotamento;1;0;0;0;0;1;0;0;0;0;0;0;0;0;0
08/01/2020;18:39:00;282;Acidente sem Vítimas;473,5;BR-040/MG;Sul;Tombamento de Moto;0;0;0;1;0;0;0;0;0;0;0;0;0;0;0
08/01/2020;18:58:00;284;Acidente sem Vítimas;695,1;BR-040/MG;Norte;Choque c/ Objeto Fixo;1;0;0;0;0;0;0;0;0;0;0;0;0;0;0
08/01/2020;20:02:00;297;Acidente com Vítimas;0,1;BR-040/GO;Sul;Atropelamento de Pedestre;0;0;0;0;0;2;0;0;0;0;0;1;0;0;0
08/01/2020;20:51:00;306;Acidente sem Vítimas;605;BR-040/MG;Sul;Choque c/ Objeto Fixo;0;0;1;1;0;0;0;0;0;0;0;0;0;0;0
09/01/2020;02:29:00;29;Acidente com Vítimas;462,9;BR-040/MG;Norte;Colisão traseira;1;0;0;0;0;1;0;0;0;0;0;1;0;0;0
09/01/2020;07:02:00;97;Acidente com Vítimas;468,456;BR-040/MG;Norte;Colisão traseira;2;0;0;0;0;0;0;0;0;0;2;3;0;0;0
09/01/2020;08:33:00;122;Acidente com Vítimas;16,5;BR-040/MG;Sul;Capotamento;0;0;0;0;0;1;0;0;0;0;0;1;3;0;0
09/01/2020;09:36:00;145;Acidente sem Vítimas;540,9;BR-040/MG;Sul;Engavetamento;1;0;1;0;0;1;0;0;0;0;3;0;0;0;0
09/01/2020;11:22:00;173;Acidente sem Vítimas;221,6;BR-040/MG;Norte;Colisão traseira;2;0;0;0;0;0;0;0;0;0;4;0;0;0;0
09/01/2020;15:01:00;230;Acidente com Vítimas;521,15;BR-040/MG;Norte;Outros;1;0;0;0;0;0;0;0;0;0;1;1;0;0;0
09/01/2020;15:19:00;243;Acidente sem Vítimas;522,504;BR-040/MG;Norte;Outros;0;0;0;0;0;1;0;0;0;0;0;0;0;0;0
09/01/2020;17:16:00;283;Acidente sem Vítimas;547,4;BR-040/MG;Sul;Choque c/ Objeto Fixo;1;0;0;0;0;0;0;0;0;0;1;0;0;0;0
09/01/2020;17:44:00;292;Acidente sem Vítimas;510,123;BR-040/MG;Norte;Choque c/ Objeto Fixo;1;0;0;0;0;0;0;0;0;0;1;0;0;0;0
09/01/2020;18:03:00;298;Acidente sem Vítimas;460,2;BR-040/MG;Norte;Choque com objeto;1;0;0;0;0;0;0;0;0;0;1;1;0;0;0
09/01/2020;18:23:00;296;Acidente sem Vítimas;479,2;BR-040/MG;Norte;Capotamento;1;0;0;0;0;0;0;0;0;0;1;0;0;0;0
09/01/2020;18:39:00;303;Acidente com Vítimas;527,22;BR-040/MG;Norte;Colisão lateral;1;0;0;1;0;0;0;0;0;0;2;1;0;0;0
09/01/2020;18:59:00;304;Acidente sem Vítimas;510,6;BR-040/MG;Norte;Choque c/ Objeto Fixo;0;0;0;0;0;0;0;0;0;0;0;0;0;0;0
09/01/2020;19:46:00;317;Acidente sem Vítimas;464,1;BR-040/MG;Sul;Choque c/ Objeto Fixo;1;0;0;0;0;0;0;0;0;0;1;0;0;0;0
09/01/2020;20:34:00;320;Acidente sem Vítimas;464,1;BR-040/MG;Norte;Choque c/ Objeto Fixo;0;0;0;0;0;1;0;0;0;0;6;0;0;0;0
09/01/2020;21:28:00;329;Acidente sem Vítimas;518,1;BR-040/MG;Sul;Choque c/ Objeto Fixo;1;0;0;0;0;0;0;0;0;0;0;1;1;0;0
09/01/2020;22:10:00;334;Acidente sem Vítimas;72,8;BR-040/MG;Norte;Colisão traseira;1;0;0;0;0;1;0;0;0;0;2;0;0;0;0
10/01/2020;01:08:00;7;Acidente sem Vítimas;587,4;BR-040/MG;Sul;Capotamento;1;0;0;0;0;0;0;0;0;0;2;0;0;0;0
10/01/2020;01:46:00;8;Acidente sem Vítimas;755,4;BR-040/MG;Sul;Tombamento;0;0;0;0;1;1;0;0;0;0;0;0;0;0;0
10/01/2020;06:24:00;105;Acidente sem Vítimas;643,15;BR-040/MG;Sul;Colisão traseira;1;0;0;0;0;1;0;0;0;0;0;0;0;0;0
10/01/2020;07:04:00;122;Acidente com Vítimas;516,456;BR-040/MG;Sul;Tombamento de Moto;0;0;0;1;0;0;0;0;0;0;1;1;0;0;0
10/01/2020;07:37:00;132;Acidente sem Vítimas;641,1;BR-040/MG;Sul;Choque c/ Objeto Fixo;1;0;0;0;0;0;0;0;0;0;3;0;0;0;0
10/01/2020;07:46:00;136;Acidente sem Vítimas;765,8;BR-040/MG;Sul;Tombamento;0;0;1;0;0;0;0;0;0;0;0;0;0;0;0
10/01/2020;09:01:00;149;Acidente com Vítimas;725,12;BR-040/MG;Norte;Queda Veículo;1;0;0;0;0;1;0;0;0;0;1;0;1;0;0
10/01/2020;10:39:00;173;Acidente com Vítimas;517,15;BR-040/MG;Sul;Tombamento de Moto;1;0;1;1;0;0;0;0;0;0;1;0;1;0;0
10/01/2020;10:46:00;174;Acidente com Vítimas;517,2;BR-040/MG;Norte;Colisão traseira;1;0;0;0;0;1;0;0;0;0;2;1;0;0;0
10/01/2020;13:02:00;200;Acidente sem Vítimas;732,6;BR-040/MG;Sul;Choque c/ Objeto Fixo;0;0;0;1;0;1;0;0;0;0;0;0;0;0;0
10/01/2020;16:24:00;246;Acidente sem Vítimas;695,1;BR-040/MG;Sul;Colisão traseira;1;0;0;0;0;1;0;0;0;0;1;0;0;0;0
10/01/2020;16:55:00;252;Acidente sem Vítimas;538,16;BR-040/MG;Sul;Colisão traseira;2;0;0;0;0;0;0;0;0;0;2;0;0;0;0
10/01/2020;17:32:00;262;Acidente com Vítimas;519,106;BR-040/MG;Sul;Atropelamento de Pedestre;1;0;0;0;0;0;0;0;0;0;2;0;1;0;0
10/01/2020;17:36:00;264;Acidente sem Vítimas;736,1;BR-040/MG;Sul;Outros;1;0;0;0;0;0;0;0;0;0;1;0;0;0;0
10/01/2020;22:10:00;334;Acidente com Vítimas;142,8;BR-040/MG;Sul;Colisão transversal;1;0;0;1;0;0;0;0;0;0;1;1;0;0;0
11/01/2020;06:51:00;72;Acidente sem Vítimas;543;BR-040/MG;Norte;Outros;0;0;0;0;0;2;0;0;0;0;1;0;0;0;0
11/01/2020;08:12:00;82;Acidente sem Vítimas;485,485;BR-040/MG;Norte;Colisão lateral;2;0;0;0;0;0;0;0;0;0;2;0;0;0;0
11/01/2020;08:28:00;87;Acidente sem Vítimas;448,448;BR-040/MG;Norte;Outros;1;0;0;0;0;1;0;0;0;0;0;0;0;0;0
11/01/2020;08:37:00;92;Acidente sem Vítimas;5,5;BR-040/DF;Sul;Tombamento de Moto;0;0;0;1;0;0;0;0;0;0;0;0;0;0;0
11/01/2020;08:41:00;94;Acidente com Vítimas;45,2;BR-040/MG;Sul;Tombamento de Moto;1;0;0;1;0;0;0;0;0;0;1;2;0;0;0
11/01/2020;10:00:00;110;Acidente com Vítimas;22,8;BR-040/GO;Norte;Choque c/ Objeto Fixo;1;0;0;0;0;0;0;0;0;0;0;1;1;0;0
11/01/2020;11:18:00;125;Acidente sem Vítimas;367,25;BR-040/MG;Norte;Colisão traseira;3;0;0;0;0;0;0;0;0;0;0;0;0;0;0
11/01/2020;11:44:00;134;Acidente sem Vítimas;575,1;BR-040/MG;Norte;Colisão traseira;2;0;0;0;0;0;0;0;0;0;2;0;0;0;0
11/01/2020;12:50:00;148;Acidente com Vítimas;2,1;BR-040/GO;Sul;Atropelamento de Andarilho;0;0;0;1;0;0;0;0;0;0;1;1;0;0;0
11/01/2020;13:50:00;155;Acidente com Vítimas;430,1;BR-040/MG;Sul;Outros;1;0;0;0;0;1;0;0;0;0;0;0;1;0;0
11/01/2020;14:55:00;164;Acidente com Vítimas;21,6;BR-040/GO;Norte;Colisão lateral;2;0;0;0;0;0;0;0;0;0;0;2;0;0;0
11/01/2020;16:36:00;189;Acidente sem Vítimas;503;BR-040/MG;Sul;Outros;1;0;0;1;0;0;0;0;0;0;2;0;0;0;0
11/01/2020;16:46:00;196;Acidente sem Vítimas;4,9;BR-040/GO;Norte;Colisão traseira;2;0;0;0;0;1;0;0;0;0;3;0;0;0;0
11/01/2020;17:27:00;201;Acidente com Vítimas;551,514;BR-040/MG;Norte;Colisão traseira;1;0;0;1;0;0;0;0;0;0;1;0;1;0;0
11/01/2020;18:41:00;214;Acidente com Vítimas;525,8;BR-040/MG;Sul;Colisão lateral;1;0;0;1;0;0;0;0;0;0;2;2;0;0;0
11/01/2020;19:09:00;219;Acidente sem Vítimas;2,1;BR-040/GO;Norte;Capotamento;1;0;0;0;0;0;0;0;0;0;2;0;0;0;0
11/01/2020;19:53:00;232;Acidente com Vítimas;7,1;BR-040/GO;Sul;Atropelamento de Pedestre;0;0;0;1;0;0;0;0;0;0;1;0;2;0;0
11/01/2020;20:02:00;236;Acidente sem Vítimas;498,8;BR-040/MG;Sul;Colisão lateral;1;0;0;0;0;1;0;0;0;0;1;0;0;0;0
12/01/2020;06:18:00;29;Acidente com Vítimas;6,8;BR-040/DF;Norte;Tombamento de Moto;0;0;0;1;0;0;0;0;0;0;0;2;0;0;0
12/01/2020;10:07:00;57;Acidente com Vítimas;151,2;BR-040/MG;Sul;Choque com objeto;1;0;0;0;0;0;0;0;0;0;0;1;0;0;0
12/01/2020;10:21:00;61;Acidente com Vítimas;457,6;BR-040/MG;Sul;Queda Veículo;0;0;0;1;0;1;0;0;0;0;0;1;0;0;0
12/01/2020;15:21:00;125;Acidente sem Vítimas;717,66;BR-040/MG;Norte;Colisão traseira;1;0;0;0;0;0;0;0;0;0;0;0;0;0;0
12/01/2020;17:41:00;186;Acidente com Vítimas;496,6;BR-040/MG;Sul;Capotamento;1;0;0;0;0;1;0;0;0;0;1;1;0;0;0
12/01/2020;18:26:00;194;Acidente com Vítimas;497,7;BR-040/MG;Sul;Tombamento de Moto;0;0;0;1;0;0;0;0;0;0;1;1;0;0;0
12/01/2020;18:49:00;202;Acidente sem Vítimas;640,1;BR-040/MG;Norte;Colisão transversal;1;0;0;0;0;0;0;0;0;0;2;0;0;0;0
12/01/2020;20:14:00;231;Acidente sem Vítimas;460,5;BR-040/MG;Norte;Choque c/ Objeto Fixo;1;0;0;0;0;1;0;0;0;0;1;0;0;0;0
12/01/2020;22:07:00;262;Acidente sem Vítimas;628;BR-040/MG;Sul;Capotamento;1;0;0;0;0;1;0;0;0;0;1;0;0;0;0
13/01/2020;06:08:00;96;Acidente sem Vítimas;513,3;BR-040/MG;Sul;Colisão lateral;1;0;0;0;0;1;0;0;0;0;2;0;0;0;0
13/01/2020;07:15:00;120;Acidente com Vítimas;755,9;BR-040/MG;Sul;Choque c/ Objeto Fixo;1;0;0;0;0;1;0;0;0;0;0;2;2;0;0
13/01/2020;08:03:00;129;Acidente sem Vítimas;469,5;BR-040/MG;Norte;Choque c/ Objeto Fixo;1;0;0;0;0;2;0;0;0;0;2;0;0;0;0
13/01/2020;11:18:00;185;Acidente com Vítimas;499,1;BR-040/MG;Sul;Tombamento de Moto;0;0;0;1;0;0;0;0;0;0;1;0;1;0;0
13/01/2020;12:37:00;200;Acidente sem Vítimas;527,13;BR-040/MG;Sul;Tombamento de Moto;0;0;0;1;0;0;0;0;0;0;1;0;0;0;0
13/01/2020;13:57:00;219;Acidente com Vítimas;750,1;BR-040/MG;Sul;Capotamento;0;0;0;0;0;1;0;0;0;0;0;0;0;1;0
13/01/2020;15:25:00;242;Acidente com Vítimas;514,2;BR-040/MG;Sul;Tombamento de Moto;0;0;0;1;0;0;0;0;0;0;0;1;0;0;0
13/01/2020;19:01:00;306;Acidente com Vítimas;93,1;BR-040/GO;Sul;Colisão transversal;2;0;0;0;0;0;0;0;0;0;3;0;2;0;0
14/01/2020;09:00:00;118;Acidente sem Vítimas;717,3;BR-040/MG;Norte;Choque com objeto;1;0;0;0;0;0;0;0;0;0;0;0;0;0;0
14/01/2020;09:25:00;121;Acidente sem Vítimas;127,5;BR-040/MG;Norte;Colisão lateral;1;0;0;1;0;1;0;0;0;0;2;0;0;0;0
14/01/2020;12:28:00;157;Acidente sem Vítimas;754,5;BR-040/MG;Sul;Capotamento;1;0;0;0;0;1;0;0;0;0;0;0;0;0;0
14/01/2020;14:46:00;186;Acidente sem Vítimas;63,15;BR-040/MG;Sul;Colisão transversal;1;0;0;0;0;0;0;0;0;0;0;0;0;0;0
14/01/2020;16:37:00;210;Acidente sem Vítimas;467,13;BR-040/MG;Norte;Capotamento;1;0;0;0;0;0;0;0;0;0;1;0;0;0;0
14/01/2020;17:32:00;223;Acidente com Vítimas;526,13;BR-040/MG;Norte;Tombamento de Moto;0;0;0;1;0;0;0;0;0;0;0;0;1;0;0
14/01/2020;17:37:00;224;Acidente sem Vítimas;584,15;BR-040/MG;Norte;Outros;1;0;0;0;0;0;0;0;0;0;0;0;0;0;0
14/01/2020;18:05:00;229;Acidente sem Vítimas;7,1;BR-040/GO;Sul;Atropelamento de Ciclista;0;1;0;1;0;0;0;0;0;0;0;2;0;0;0
14/01/2020;20:35:00;255;Acidente com Vítimas;523,2;BR-040/MG;Norte;Atropelamento de Pedestre;0;0;0;0;0;2;0;0;0;0;0;1;0;0;0
14/01/2020;22:32:00;270;Acidente sem Vítimas;617,4;BR-040/MG;Norte;Outros;2;0;0;0;0;1;0;0;0;0;2;0;0;0;0
15/01/2020;08:03:00;121;Acidente sem Vítimas;4,8;BR-040/DF;Norte;Engavetamento;1;0;0;1;0;0;0;0;0;0;0;0;0;0;0
15/01/2020;10:09:00;171;Acidente sem Vítimas;32,5;BR-040/GO;Norte;Choque c/ Objeto Fixo;1;0;0;0;0;0;0;0;0;0;1;0;0;0;0
15/01/2020;13:57:00;216;Acidente sem Vítimas;532,85;BR-040/MG;Sul;Engavetamento;1;0;1;0;0;0;0;0;0;0;2;0;0;0;0
15/01/2020;16:10:00;247;Acidente sem Vítimas;2,1;BR-040/GO;Sul;Colisão lateral;0;0;0;0;2;0;0;0;0;0;2;0;0;0;0
15/01/2020;19:06:00;304;Acidente sem Vítimas;473,8;BR-040/MG;Norte;Choque c/ Objeto Fixo;0;0;0;0;0;1;0;0;0;0;0;0;0;0;0
15/01/2020;21:25:00;331;Acidente Fatal;506,6;BR-040/MG;Norte;Atropelamento de Pedestre;0;0;0;1;0;0;0;0;0;0;0;0;1;0;1
16/01/2020;00:00:00;14;Acidente com Vítimas;541,3;BR-040/MG;Norte;Choque c/ Objeto Fixo;0;1;0;1;0;0;0;0;0;0;0;1;0;0;0
16/01/2020;01:25:00;57;Acidente sem Vítimas;530,5;BR-040/MG;Norte;Capotamento;2;0;0;0;0;0;0;0;0;0;2;0;0;0;0
16/01/2020;05:09:00;110;Acidente Fatal;530,3;BR-040/MG;Norte;Atropelamento de Pedestre;1;0;0;0;0;1;0;0;0;0;1;0;0;0;1
16/01/2020;05:51:00;114;Acidente sem Vítimas;506,5;BR-040/MG;Norte;Outros;0;1;0;0;1;0;0;0;0;0;0;0;0;0;0
16/01/2020;06:47:00;123;Acidente com Vítimas;10,1;BR-040/GO;Norte;Colisão frontal;1;0;0;0;0;1;0;0;0;0;0;0;0;0;0
16/01/2020;06:57:00;130;Acidente com Vítimas;3,6;BR-040/DF;Norte;Colisão lateral;1;0;0;0;0;2;0;0;0;0;0;2;0;0;0
16/01/2020;07:19:00;134;Acidente sem Vítimas;517,51;BR-040/MG;Sul;Engavetamento;1;0;0;0;0;2;0;0;0;0;0;0;0;0;0
16/01/2020;07:27:00;138;Acidente sem Vítimas;531,53;BR-040/MG;Norte;Outros;0;0;0;1;0;0;0;0;0;0;1;1;0;0;0
16/01/2020;08:00:00;149;Acidente com Vítimas;7,3;BR-040/GO;Norte;Tombamento de Moto;0;0;0;0;0;1;0;0;0;0;0;2;0;0;0
16/01/2020;08:05:00;147;Acidente sem Vítimas;544,15;BR-040/MG;Sul;Colisão traseira;1;0;0;0;2;2;0;0;0;0;1;0;0;0;0
16/01/2020;08:57:00;161;Acidente sem Vítimas;7,1;BR-040/GO;Norte;Engavetamento;2;0;0;0;0;2;0;0;0;0;0;0;0;0;0
16/01/2020;10:00:00;187;Acidente sem Vítimas;731,4;BR-040/MG;Norte;Colisão traseira;0;0;1;0;1;1;0;0;0;0;1;0;0;0;0
16/01/2020;12:27:00;227;Acidente sem Vítimas;552,5;BR-040/MG;Norte;Queda Veículo;0;0;0;0;0;0;0;0;0;0;0;0;0;0;0
16/01/2020;14:37:00;246;Acidente sem Vítimas;498,9;BR-040/MG;Norte;Tombamento;0;0;1;0;0;1;0;0;0;0;1;0;0;0;0
16/01/2020;17:05:00;275;Acidente sem Vítimas;6,1;BR-040/GO;Sul;Colisão lateral;0;0;1;0;0;0;0;0;0;0;0;0;0;0;0
16/01/2020;18:51:00;307;Acidente sem Vítimas;500,15;BR-040/MG;Norte;Atropelamento de Animal;1;0;0;0;0;1;0;0;0;0;2;0;0;0;0
16/01/2020;22:18:00;347;Acidente com Vítimas;537,57;BR-040/MG;Sul;Colisão lateral;0;0;0;0;0;1;0;0;0;0;0;0;0;1;0
17/01/2020;03:25:00;96;Acidente sem Vítimas;531,7;BR-040/MG;Sul;Choque c/ Objeto Fixo;1;0;0;0;0;0;0;0;0;0;1;0;0;0;0
17/01/2020;05:19:00;105;Acidente sem Vítimas;587,3;BR-040/MG;Sul;Tombamento;0;0;1;0;0;0;0;0;0;0;0;0;0;0;0
17/01/2020;06:10:00;111;Acidente com Vítimas;590,1;BR-040/MG;Norte;Choque com objeto;0;0;0;0;0;1;0;0;0;0;1;3;1;0;0
17/01/2020;07:20:00;128;Acidente sem Vítimas;558,3;BR-040/MG;Sul;Choque c/ Objeto Fixo;1;0;0;0;0;1;0;0;0;0;1;0;0;0;0
17/01/2020;12:12:00;210;Acidente com Vítimas;666,15;BR-040/MG;Norte;Tombamento de Moto;1;0;0;1;0;0;0;0;0;0;2;0;1;0;0
17/01/2020;14:17:00;236;Acidente sem Vítimas;130,14;BR-040/MG;Norte;Colisão traseira;2;0;0;0;0;0;0;0;0;0;5;0;0;0;0
17/01/2020;15:08:00;248;Acidente sem Vítimas;590,25;BR-040/MG;Norte;Choque c/ Objeto Fixo;0;0;1;0;0;0;0;0;0;0;2;0;0;0;0
17/01/2020;15:20:00;254;Acidente sem Vítimas;590,25;BR-040/MG;Norte;Choque c/ Objeto Fixo;0;0;1;0;0;0;0;0;0;0;2;0;0;0;0
17/01/2020;16:33:00;272;Acidente sem Vítimas;649,2;BR-040/MG;Norte;Engavetamento;1;0;1;0;0;0;0;0;0;0;2;0;0;0;0
17/01/2020;16:45:00;277;Acidente sem Vítimas;59,5;BR-040/GO;Norte;Colisão traseira;3;0;0;0;0;0;0;0;0;0;1;0;0;0;0
17/01/2020;17:14:00;282;Acidente sem Vítimas;41,6;BR-040/MG;Sul;Colisão lateral;0;0;1;0;0;0;0;0;0;0;0;0;0;0;0
17/01/2020;17:19:00;284;Acidente sem Vítimas;543,6;BR-040/MG;Norte;Engavetamento;2;0;1;0;0;0;0;0;0;1;3;0;0;0;0
17/01/2020;17:26:00;287;Acidente com Vítimas;42,25;BR-040/MG;Sul;Choque c/ Objeto Fixo;0;0;0;0;0;0;0;0;0;0;0;0;0;0;0
17/01/2020;17:32:00;289;Acidente sem Vítimas;612,3;BR-040/MG;Norte;Engavetamento;1;0;0;0;4;2;0;0;0;0;6;0;0;0;0
17/01/2020;19:18:00;321;Acidente com Vítimas;5,1;BR-040/DF;Sul;Atropelamento de Pedestre;2;0;0;0;0;0;0;0;0;0;1;0;1;0;0
17/01/2020;19:59:00;337;Acidente sem Vítimas;538,1;BR-040/MG;Norte;Engavetamento;2;0;0;1;0;0;0;0;0;0;3;0;0;0;0
17/01/2020;20:24:00;343;Acidente sem Vítimas;512,1;BR-040/MG;Norte;Colisão traseira;2;0;0;0;0;0;0;0;0;0;6;0;0;0;0
17/01/2020;21:43:00;358;Acidente com Vítimas;766,4;BR-040/MG;Norte;Colisão traseira;0;0;0;0;1;2;0;0;0;0;2;0;0;0;0
17/01/2020;21:47:00;357;Acidente sem Vítimas;557,8;BR-040/MG;Norte;Choque c/ Objeto Fixo;1;0;0;0;0;1;0;0;0;0;1;0;0;0;0
17/01/2020;23:39:00;370;Acidente sem Vítimas;108;BR-040/GO;Norte;Atropelamento de Animal;0;0;0;0;0;1;0;0;0;0;1;0;0;0;0
18/01/2020;01:36:00;31;Acidente com Vítimas;505,1;BR-040/MG;Sul;Atropelamento de Pedestre;0;0;0;0;0;1;0;0;0;0;1;0;0;1;0
18/01/2020;02:14:00;33;Acidente sem Vítimas;336,1;BR-040/MG;Sul;Colisão traseira;1;0;0;0;1;0;0;0;0;0;2;2;0;0;0
18/01/2020;13:08:00;135;Acidente com Vítimas;5,9;BR-040/DF;Norte;Colisão lateral;1;0;0;1;0;1;0;0;0;0;2;0;0;1;0
18/01/2020;15:33:00;163;Acidente com Vítimas;530,322;BR-040/MG;Norte;Choque c/ Objeto Fixo;1;0;0;0;0;2;0;0;0;0;4;0;1;0;0
18/01/2020;21:10:00;229;Acidente sem Vítimas;116;BR-040/GO;Sul;Capotamento;0;0;1;0;0;1;0;0;0;0;0;1;0;0;0
18/01/2020;23:01:00;242;Acidente sem Vítimas;681,2;BR-040/MG;Sul;Choque c/ Objeto Fixo;2;0;0;0;0;1;0;0;0;0;1;0;0;0;0
19/01/2020;00:42:00;4;Acidente sem Vítimas;552,1;BR-040/MG;Norte;Choque c/ Objeto Fixo;2;0;0;0;0;0;0;0;0;0;2;0;0;0;0
19/01/2020;01:11:00;9;Acidente sem Vítimas;119;BR-040/MG;Norte;Choque c/ Objeto Fixo;0;0;0;0;0;2;0;0;0;0;5;0;0;0;0
19/01/2020;01:13:00;8;Acidente com Vítimas;445,1;BR-040/MG;Sul;Tombamento de Moto;0;0;0;1;0;0;0;0;0;0;1;2;0;0;0
19/01/2020;03:10:00;18;Acidente sem Vítimas;97,5;BR-040/MG;Norte;Atropelamento de Animal;1;0;0;0;0;0;0;0;0;0;1;0;0;0;0
19/01/2020;05:57:00;27;Acidente com Vítimas;728,15;BR-040/MG;Sul;Capotamento;1;0;0;0;0;1;0;0;0;0;0;1;0;0;0
19/01/2020;08:48:00;46;Acidente com Vítimas;466;BR-040/MG;Norte;Queda Veículo;0;0;0;1;0;0;0;0;0;0;0;1;0;0;0
19/01/2020;09:39:00;54;Acidente com Vítimas;728,2;BR-040/MG;Norte;Capotamento;1;0;0;0;0;0;0;0;0;0;0;0;0;0;0
19/01/2020;13:31:00;92;Acidente Fatal;119,275;BR-040/MG;Norte;Colisão transversal;1;0;0;0;1;0;0;0;0;0;0;1;0;1;1
19/01/2020;13:43:00;94;Acidente com Vítimas;213,1;BR-040/MG;Sul;Atropelamento de Animal;1;0;0;0;0;0;0;0;0;0;0;1;0;0;0
19/01/2020;15:14:00;101;Acidente sem Vítimas;457;BR-040/MG;Norte;Outros;1;0;0;0;0;1;0;0;0;0;0;0;0;0;0
19/01/2020;15:18:00;102;Acidente com Vítimas;518,8;BR-040/MG;Sul;Atropelamento de Ciclista;1;0;0;0;0;0;0;0;0;0;0;1;0;0;0
19/01/2020;15:21:00;104;Acidente sem Vítimas;44,12;BR-040/MG;Sul;Choque c/ Objeto Fixo;0;0;0;0;0;1;0;0;0;0;0;0;0;0;0
19/01/2020;15:24:00;106;Acidente sem Vítimas;463;BR-040/MG;Sul;Outros;1;0;0;0;0;0;0;0;0;0;0;0;0;0;0
19/01/2020;15:30:00;108;Acidente com Vítimas;566,2;BR-040/MG;Norte;Tombamento;1;0;0;1;0;0;0;0;0;0;0;1;0;1;0
19/01/2020;15:41:00;114;Acidente sem Vítimas;465;BR-040/MG;Sul;Outros;1;0;0;0;0;0;0;0;0;0;0;0;0;0;0
19/01/2020;17:06:00;133;Acidente sem Vítimas;509;BR-040/MG;Sul;Outros;3;0;1;0;0;2;0;0;0;0;5;0;0;0;0
19/01/2020;17:22:00;135;Acidente sem Vítimas;695,5;BR-040/MG;Norte;Outros;1;0;0;0;0;1;0;0;0;0;0;0;0;0;0
19/01/2020;17:30:00;137;Acidente sem Vítimas;507,1;BR-040/MG;Sul;Engavetamento;3;0;0;0;0;0;0;0;0;0;3;0;0;0;0
19/01/2020;18:11:00;142;Acidente sem Vítimas;508,2;BR-040/MG;Sul;Engavetamento;2;0;0;0;0;0;0;0;0;0;1;0;0;0;0
19/01/2020;20:45:00;180;Acidente com Vítimas;221,1;BR-040/MG;Norte;Capotamento;0;0;0;0;0;1;0;0;0;0;2;0;2;0;0
19/01/2020;21:29:00;196;Acidente sem Vítimas;732,8;BR-040/MG;Norte;Choque c/ Objeto Fixo;1;0;0;0;0;0;0;0;0;0;4;0;0;0;0
19/01/2020;22:12:00;205;Acidente com Vítimas;7,2;BR-040/DF;Sul;Colisão lateral;0;0;0;1;0;1;0;0;0;0;1;2;0;0;0
19/01/2020;22:18:00;208;Acidente com Vítimas;444,3;BR-040/MG;Norte;Choque c/ Objeto Fixo;1;0;0;0;0;1;0;0;0;0;0;1;0;0;0
20/01/2020;00:23:00;17;Acidente sem Vítimas;2,5;BR-040/GO;Sul;Colisão traseira;1;0;0;0;0;0;0;0;0;0;0;0;0;0;0
20/01/2020;02:25:00;48;Acidente sem Vítimas;513,8;BR-040/MG;Sul;Choque c/ Objeto Fixo;1;0;0;0;0;1;0;0;0;0;2;0;0;0;0
20/01/2020;06:36:00;96;Acidente com Vítimas;538,25;BR-040/MG;Sul;Atropelamento de Pedestre;0;0;1;0;0;0;0;0;0;0;0;1;0;0;0
20/01/2020;07:42:00;108;Acidente sem Vítimas;487,487;BR-040/MG;Norte;Colisão lateral;0;0;0;2;0;0;0;0;0;0;0;0;0;0;0
20/01/2020;07:43:00;111;Acidente sem Vítimas;584,14;BR-040/MG;Norte;Capotamento;1;0;0;0;0;1;0;0;0;0;0;0;0;0;0