data;horario;n_da_ocorrencia;tipo_de_ocorrencia;km;trecho;sentido;tipo_de_acidente;automovel;bicicleta;caminhao;moto;onibus;outros;tracao_animal;transporte_de_cargas_especiais;trator_maquinas;utilitarios;ilesos;levemente_feridos;moderadamente_feridos;gravemente_feridos;mortos
20/01/2020;08:40:00;129;Acidente sem Vítimas;763,6;BR-040/MG;Norte;Colisão traseira;2;0;0;0;0;0;0;0;0;0;0;0;0;0;0
20/01/2020;11:45:00;183;Acidente sem Vítimas;750,9;BR-040/MG;Norte;Colisão traseira;1;0;0;0;0;1;0;0;0;0;0;0;0;0;0
20/01/2020;11:54:00;186;Acidente com Vítimas;759,9;BR-040/MG;Sul;Colisão traseira;1;0;0;1;0;1;0;0;0;0;4;1;0;0;0
20/01/2020;14:15:00;207;Acidente Fatal;515,6;BR-040/MG;Sul;Atropelamento de Pedestre;0;0;0;0;2;0;0;0;0;0;0;0;0;0;1
20/01/2020;15:18:00;220;Acidente sem Vítimas;615,144;BR-040/MG;Sul;Colisão traseira;0;0;0;0;0;1;0;0;0;0;0;0;0;0;0
20/01/2020;15:43:00;228;Acidente com Vítimas;548,548;BR-040/MG;Sul;Colisão traseira;0;0;1;1;0;0;0;0;0;0;0;0;1;0;0
20/01/2020;15:49:00;231;Acidente com Vítimas;121,2;BR-040/GO;Norte;Capotamento;0;0;1;0;0;1;0;0;0;0;0;1;0;0;0
20/01/2020;16:21:00;238;Acidente sem Vítimas;643,612;BR-040/MG;Norte;Engavetamento;2;0;0;0;0;0;0;0;0;0;2;0;0;0;0
20/01/2020;16:37:00;240;Acidente sem Vítimas;729,62;BR-040/MG;Sul;Colisão traseira;3;0;0;0;0;1;0;0;0;0;4;0;0;0;0
20/01/2020;16:53:00;250;Acidente sem Vítimas;729,2;BR-040/MG;Sul;Choque c/ Objeto Fixo;0;0;0;0;0;0;0;0;0;0;0;0;0;0;0
20/01/2020;18:22:00;270;Acidente sem Vítimas;511,1;BR-040/MG;Norte;Tombamento de Moto;0;0;0;1;0;0;0;0;0;0;1;0;0;0;0
20/01/2020;18:31:00;273;Acidente sem Vítimas;3,5;BR-040/DF;Sul;Colisão lateral;1;0;0;0;0;1;0;0;0;0;3;0;0;0;0
20/01/2020;19:38:00;299;Acidente sem Vítimas;483,3;BR-040/MG;Sul;Capotamento;1;0;0;0;0;0;0;0;0;0;0;0;0;0;0
21/01/2020;07:16:00;103;Acidente sem Vítimas;452,4;BR-040/MG;Norte;Choque c/ Objeto Fixo;0;0;0;0;0;2;0;0;0;0;1;0;0;0;0
21/01/2020;08:36:00;119;Acidente sem Vítimas;534,9;BR-040/MG;Sul;Engavetamento;1;0;0;0;0;1;0;0;0;1;3;0;0;0;0
21/01/2020;10:09:00;154;Acidente sem Vítimas;560,4;BR-040/MG;Norte;Choque c/ Objeto Fixo;0;1;0;0;0;1;0;0;0;0;1;0;0;0;0
21/01/2020;12:27:00;184;Acidente com Vítimas;535,5;BR-040/MG;Sul;Colisão traseira;1;0;0;0;0;1;0;0;0;0;1;0;2;0;0
21/01/2020;13:18:00;201;Acidente sem Vítimas;2,3;BR-040/GO;Sul;Colisão traseira;1;0;0;1;0;0;0;0;0;0;0;0;0;0;0
21/01/2020;13:55:00;205;Acidente sem Vítimas;753,2;BR-040/MG;Sul;Colisão traseira;1;0;0;0;0;1;0;0;0;0;0;0;0;0;0
21/01/2020;15:49:00;227;Acidente com Vítimas;130,6;BR-040/MG;Norte;Tombamento de Moto;0;0;0;0;0;1;0;0;0;0;0;0;1;0;0
21/01/2020;17:38:00;244;Acidente sem Vítimas;4,8;BR-040/DF;Sul;Colisão traseira;1;0;0;0;0;2;0;0;0;0;0;0;0;0;0
21/01/2020;18:12:00;247;Acidente sem Vítimas;72,9;BR-040/GO;Norte;Choque c/ Objeto Fixo;2;0;0;0;0;0;0;0;0;0;1;0;0;0;0
21/01/2020;18:41:00;253;Acidente sem Vítimas;517,2;BR-040/MG;Norte;Colisão lateral;1;0;0;0;0;1;0;0;0;0;2;0;0;0;0
21/01/2020;18:41:00;255;Acidente sem Vítimas;11,8;BR-040/MG;Norte;Capotamento;2;0;0;0;0;0;0;0;0;0;0;0;0;0;0
21/01/2020;20:57:00;285;Acidente sem Vítimas;520,1;BR-040/MG;Norte;Colisão traseira;2;0;0;0;0;0;0;0;0;0;4;0;0;0;0
21/01/2020;22:11:00;297;Acidente com Vítimas;15,5;BR-040/GO;Sul;Atropelamento de Animal;0;0;0;1;0;1;0;0;0;0;0;0;0;0;0
22/01/2020;00:56:00;5;Acidente sem Vítimas;443,7;BR-040/MG;Norte;Tombamento;0;0;1;0;0;0;0;0;0;0;1;0;0;0;0
22/01/2020;03:52:00;65;Acidente sem Vítimas;119,15;BR-040/MG;Sul;Choque c/ Objeto Fixo;1;0;0;0;0;0;0;0;0;0;5;0;0;0;0
22/01/2020;07:24:00;117;Acidente com Vítimas;455,6;BR-040/MG;Sul;Capotamento;1;0;0;0;0;0;0;0;0;0;0;2;1;0;0
22/01/2020;09:49:00;145;Acidente sem Vítimas;508,4;BR-040/MG;Sul;Colisão traseira;1;0;0;0;1;0;0;0;0;0;2;0;0;0;0
22/01/2020;10:57:00;161;Acidente sem Vítimas;3,5;BR-040/DF;Sul;Choque c/ Objeto Fixo;0;0;1;0;0;0;0;0;0;0;0;0;0;0;0
22/01/2020;11:32:00;172;Acidente com Vítimas;532,4;BR-040/MG;Norte;Tombamento de Moto;2;0;0;0;0;1;0;0;0;0;2;1;0;0;0
22/01/2020;12:36:00;186;Acidente sem Vítimas;328,5;BR-040/MG;Norte;Colisão traseira;1;0;0;0;1;0;0;0;0;0;2;0;0;0;0
22/01/2020;14:27:00;213;Acidente com Vítimas;545,16;BR-040/MG;Sul;Colisão traseira;0;0;0;0;0;2;0;0;0;0;1;0;1;0;0
22/01/2020;15:05:00;225;Acidente com Vítimas;2,3;BR-040/DF;Sul;Colisão lateral;0;0;0;1;0;1;0;0;0;0;1;0;0;0;0
22/01/2020;16:00:00;238;Acidente com Vítimas;530,2;BR-040/MG;Sul;Atropelamento de Pedestre;0;0;0;0;0;1;0;0;0;0;1;1;0;0;0
22/01/2020;16:16:00;248;Acidente com Vítimas;649,95;BR-040/MG;Sul;Colisão lateral;0;0;0;1;1;0;0;0;0;0;0;0;2;0;0
22/01/2020;16:17:00;254;Acidente com Vítimas;501,4;BR-040/MG;Norte;Atropelamento de Pedestre;0;0;0;0;0;1;0;0;0;0;0;1;0;0;0
22/01/2020;18:03:00;277;Acidente com Vítimas;4,1;BR-040/DF;Sul;Atropelamento de Pedestre;1;0;0;0;0;0;0;0;0;0;1;0;0;0;0
22/01/2020;18:31:00;286;Acidente sem Vítimas;558,95;BR-040/MG;Sul;Choque c/ Objeto Fixo;0;0;1;0;0;0;0;0;0;0;1;0;0;0;0
22/01/2020;19:24:00;295;Acidente com Vítimas;750,4;BR-040/MG;Norte;Choque c/ Objeto Fixo;1;0;0;0;0;1;0;0;0;0;1;1;0;0;0
22/01/2020;19:46:00;299;Acidente sem Vítimas;750,4;BR-040/MG;Norte;Choque com objeto;0;0;0;0;0;1;0;0;0;0;1;0;0;0;0
22/01/2020;20:57:00;311;Acidente sem Vítimas;8,4;BR-040/GO;Sul;Colisão traseira;1;0;0;0;0;0;0;0;0;0;3;0;0;0;0
22/01/2020;22:51:00;330;Acidente sem Vítimas;527,5;BR-040/MG;Sul;Capotamento;1;0;0;0;0;1;0;0;0;0;1;0;0;0;0
23/01/2020;04:02:00;39;Acidente sem Vítimas;617,4;BR-040/MG;Norte;Outros;1;0;0;0;0;0;0;0;0;0;1;0;0;0;0
23/01/2020;07:10:00;108;Acidente sem Vítimas;735,8;BR-040/MG;Sul;Choque c/ Objeto Fixo;1;0;0;0;0;0;0;0;0;0;1;0;0;0;0
23/01/2020;09:29:00;138;Acidente com Vítimas;177,25;BR-040/MG;Norte;Capotamento;1;0;0;0;0;0;0;0;0;0;0;3;0;0;0
23/01/2020;11:04:00;170;Acidente sem Vítimas;465;BR-040/MG;Norte;Outros;1;0;0;0;1;0;0;0;0;0;0;0;0;0;0
23/01/2020;11:39:00;179;Acidente com Vítimas;680,1;BR-040/MG;Norte;Choque c/ Objeto Fixo;1;0;0;0;0;0;0;0;0;0;1;1;0;0;0
23/01/2020;11:50:00;180;Acidente sem Vítimas;590,1;BR-040/MG;Norte;Choque c/ Objeto Fixo;2;0;0;0;0;1;0;0;0;0;0;0;0;0;0
23/01/2020;12:03:00;184;Acidente sem Vítimas;519,9;BR-040/MG;Norte;Outros;1;0;0;0;0;1;0;0;0;0;0;0;0;0;0
23/01/2020;13:34:00;203;Acidente sem Vítimas;558,58;BR-040/MG;Sul;Choque c/ Objeto Fixo;1;0;0;0;0;0;0;0;0;0;1;0;0;0;0
23/01/2020;15:23:00;226;Acidente sem Vítimas;510,2;BR-040/MG;Norte;Outros;1;0;0;0;0;0;0;0;0;0;1;0;0;0;0
23/01/2020;17:04:00;245;Acidente com Vítimas;716,321;BR-040/MG;Sul;Queda de Ribanceira;1;0;0;0;0;1;0;0;0;0;4;1;2;0;0
23/01/2020;17:17:00;248;Acidente sem Vítimas;509,9;BR-040/MG;Norte;Choque c/ Objeto Fixo;1;0;0;0;0;0;0;0;0;0;1;0;0;0;0
23/01/2020;20:16:00;307;Acidente sem Vítimas;328,705;BR-040/MG;Sul;Colisão traseira;0;0;0;0;1;1;0;0;0;0;0;0;0;0;0
23/01/2020;20:26:00;308;Acidente com Vítimas;303,3;BR-040/MG;Norte;Colisão traseira;1;0;0;0;1;0;0;0;0;0;0;0;2;0;0
24/01/2020;01:38:00;39;Acidente sem Vítimas;523,6;BR-040/MG;Norte;Choque c/ Objeto Fixo;1;0;0;0;1;0;0;0;0;0;1;0;0;0;0
24/01/2020;06:09:00;104;Acidente sem Vítimas;505,5;BR-040/MG;Norte;Choque com objeto;1;0;0;0;0;0;0;0;0;0;0;0;0;0;0
24/01/2020;06:27:00;110;Acidente sem Vítimas;656,4;BR-040/MG;Norte;Capotamento;1;0;0;0;0;1;0;0;0;0;0;0;0;0;0
24/01/2020;07:14:00;127;Acidente com Vítimas;7,5;BR-040/GO;Norte;Colisão traseira;1;0;0;0;0;2;0;0;0;0;0;1;0;0;0
24/01/2020;07:29:00;129;Acidente sem Vítimas;625,332;BR-040/MG;Norte;Capotamento;1;0;0;0;0;2;0;0;0;0;4;0;0;0;0
24/01/2020;09:47:00;163;Acidente com Vítimas;592,8;BR-040/MG;Norte;Colisão lateral;1;0;0;0;0;0;0;0;0;0;0;1;0;0;0
24/01/2020;10:11:00;170;Acidente sem Vítimas;463;BR-040/MG;Sul;Outros;1;0;0;0;0;1;0;0;0;0;1;0;0;0;0
24/01/2020;12:33:00;222;Acidente sem Vítimas;464;BR-040/MG;Norte;Outros;0;0;0;0;1;0;0;0;0;0;0;0;0;0;0
24/01/2020;13:54:00;246;Acidente sem Vítimas;9,5;BR-040/GO;Norte;Choque c/ Objeto Fixo;1;0;0;0;0;2;0;0;0;0;0;0;0;0;0
24/01/2020;14:11:00;250;Acidente com Vítimas;5,9;BR-040/GO;Sul;Colisão traseira;1;0;0;1;0;0;0;0;0;0;1;0;1;0;0
24/01/2020;14:49:00;258;Acidente sem Vítimas;632,32;BR-040/MG;Norte;Colisão traseira;2;0;0;0;0;1;0;0;0;0;0;0;0;0;0
24/01/2020;15:43:00;271;Acidente sem Vítimas;724,15;BR-040/MG;Norte;Colisão traseira;1;0;0;0;1;0;0;0;0;0;0;0;0;0;0
24/01/2020;16:24:00;282;Acidente sem Vítimas;718,32;BR-040/MG;Norte;Choque c/ Objeto Fixo;1;0;0;0;0;1;0;0;0;0;0;0;0;0;0
24/01/2020;16:25:00;281;Acidente com Vítimas;7,25;BR-040/GO;Sul;Colisão lateral;0;0;0;0;0;2;0;0;0;0;3;0;1;0;0
24/01/2020;16:26:00;283;Acidente sem Vítimas;467,8;BR-040/MG;Norte;Outros;0;0;0;0;1;1;0;0;0;0;0;0;0;0;0
24/01/2020;17:07:00;298;Acidente sem Vítimas;557,1;BR-040/MG;Sul;Outros;1;0;0;0;0;1;0;0;0;0;2;0;0;0;0
24/01/2020;17:42:00;308;Acidente Fatal;768,7;BR-040/MG;Sul;Colisão transversal;1;0;0;0;0;2;0;0;0;0;0;0;1;5;2
24/01/2020;18:45:00;331;Acidente sem Vítimas;460,5;BR-040/MG;Sul;Choque c/ Objeto Fixo;1;0;0;0;0;0;0;0;0;0;2;0;0;0;0
24/01/2020;20:26:00;378;Acidente sem Vítimas;509,25;BR-040/MG;Norte;Choque c/ Objeto Fixo;2;0;0;0;0;0;0;0;0;0;1;0;0;0;0
24/01/2020;21:56:00;411;Acidente sem Vítimas;5,5;BR-040/GO;Sul;Colisão transversal;1;0;0;0;0;1;0;0;0;0;1;0;0;0;0
25/01/2020;01:32:00;8;Acidente com Vítimas;8,3;BR-040/DF;Norte;Capotamento;1;0;0;0;0;1;0;0;0;0;0;0;3;0;0
25/01/2020;03:38:00;43;Acidente sem Vítimas;443,5;BR-040/MG;Sul;Choque c/ Objeto Fixo;0;0;1;0;0;0;0;0;0;0;1;0;0;0;0
25/01/2020;05:41:00;57;Acidente sem Vítimas;7,1;BR-040/DF;Sul;Choque c/ Objeto Fixo;1;0;0;0;0;0;0;0;0;0;1;0;0;0;0
25/01/2020;05:51:00;59;Acidente sem Vítimas;729,1;BR-040/MG;Norte;Tombamento;0;0;0;0;0;1;0;0;0;0;0;0;0;0;0
25/01/2020;06:02:00;61;Acidente sem Vítimas;535,818;BR-040/MG;Sul;Tombamento de Moto;0;0;0;1;0;0;0;0;0;0;1;0;0;0;0
25/01/2020;10:46:00;121;Acidente com Vítimas;523,6;BR-040/MG;Norte;Colisão traseira;0;0;0;0;0;3;0;0;0;0;2;0;0;1;0
25/01/2020;12:10:00;137;Acidente com Vítimas;615,1;BR-040/MG;Sul;Colisão frontal;0;0;0;0;0;2;0;0;0;0;0;0;1;0;0
25/01/2020;13:16:00;151;Acidente sem Vítimas;74,2;BR-040/GO;Sul;Choque c/ Objeto Fixo;0;0;0;0;0;1;0;0;0;1;1;0;0;0;0
25/01/2020;13:16:00;152;Acidente sem Vítimas;630,1;BR-040/MG;Norte;Colisão traseira;0;0;2;0;0;1;0;0;0;0;0;0;0;0;0
25/01/2020;14:12:00;162;Acidente sem Vítimas;615,1;BR-040/MG;Sul;Colisão traseira;2;0;0;0;0;1;0;0;0;0;0;0;0;0;0
25/01/2020;15:29:00;182;Acidente com Vítimas;4,196;BR-040/MG;Sul;Capotamento;1;0;0;0;0;1;0;0;0;0;1;1;0;0;0
25/01/2020;15:41:00;185;Acidente sem Vítimas;750,8;BR-040/MG;Norte;Tombamento;0;0;1;0;0;0;0;0;0;0;0;0;0;0;0
25/01/2020;17:10:00;204;Acidente com Vítimas;70,8;BR-040/MG;Sul;Choque c/ Objeto Fixo;0;0;0;0;0;1;0;0;0;0;0;2;1;0;0
25/01/2020;17:37:00;214;Acidente sem Vítimas;732,1;BR-040/MG;Sul;Outros;1;0;0;0;0;1;0;0;0;0;1;0;0;0;0
25/01/2020;17:58:00;217;Acidente sem Vítimas;4,15;BR-040/MG;Norte;Choque c/ Objeto Fixo;0;0;0;0;0;1;0;0;0;0;1;0;0;0;0
25/01/2020;21:08:00;258;Acidente com Vítimas;470,1;BR-040/MG;Norte;Atropelamento de Animal;1;0;0;0;0;0;0;0;0;0;3;1;0;0;0
25/01/2020;23:07:00;277;Acidente sem Vítimas;0,1;BR-040/GO;Sul;Colisão traseira;2;0;0;0;0;0;0;0;0;0;2;0;0;0;0
26/01/2020;00:57:00;9;Acidente sem Vítimas;534,7;BR-040/MG;Sul;Tombamento de Moto;0;0;0;1;0;0;0;0;0;0;0;0;0;0;0
26/01/2020;06:40:00;40;Acidente sem Vítimas;514,3;BR-040/MG;Norte;Capotamento;1;0;0;0;0;0;0;0;0;0;1;0;0;0;0
26/01/2020;07:29:00;47;Acidente sem Vítimas;369,1;BR-040/MG;Norte;Colisão traseira;1;0;0;0;1;0;0;0;0;0;6;0;0;0;0
26/01/2020;09:55:00;75;Acidente Fatal;47,2;BR-040/GO;Norte;Colisão frontal;1;0;1;0;0;3;0;0;0;0;1;0;0;2;2
26/01/2020;10:06:00;76;Acidente com Vítimas;425,9;BR-040/MG;Norte;Tombamento de Moto;0;0;0;1;0;0;0;0;0;0;0;1;0;0;0
26/01/2020;10:30:00;79;Acidente sem Vítimas;42,15;BR-040/GO;Norte;Choque c/ Objeto Fixo;1;0;0;0;0;0;0;0;0;0;0;0;0;0;0
26/01/2020;11:12:00;97;Acidente sem Vítimas;42,138;BR-040/GO;Sul;Choque c/ Objeto Fixo;1;0;0;0;0;1;0;0;0;0;0;0;0;0;0
26/01/2020;16:09:00;144;Acidente sem Vítimas;453,4;BR-040/MG;Sul;Choque c/ Objeto Fixo;1;0;0;0;0;0;0;0;0;0;2;0;0;0;0
26/01/2020;16:15:00;145;Acidente sem Vítimas;452,1;BR-040/MG;Sul;Choque c/ Objeto Fixo;1;0;0;0;0;0;0;0;0;0;2;0;0;0;0
26/01/2020;17:15:00;163;Acidente sem Vítimas;47,1;BR-040/GO;Norte;Choque c/ Objeto Fixo;1;0;0;0;0;1;0;0;0;0;1;0;0;0;0
26/01/2020;20:15:00;206;Acidente com Vítimas;93,5;BR-040/GO;Norte;Engavetamento;4;0;0;0;1;0;0;0;0;0;5;1;0;0;0
26/01/2020;21:01:00;212;Acidente sem Vítimas;13;BR-040/GO;Sul;Atropelamento de Pedestre;1;0;0;0;0;1;0;0;0;0;1;0;0;0;0
26/01/2020;21:40:00;218;Acidente com Vítimas;532,1;BR-040/MG;Sul;Outros;1;0;0;0;0;1;0;0;0;0;1;2;0;0;0
26/01/2020;21:59:00;222;Acidente sem Vítimas;636,5;BR-040/MG;Sul;Tombamento;0;0;1;0;1;0;0;0;0;0;1;0;0;0;0
27/01/2020;01:52:00;58;Acidente sem Vítimas;487,2;BR-040/MG;Sul;Atropelamento de Animal;1;0;0;0;0;1;0;0;0;0;1;0;0;0;0
27/01/2020;06:17:00;90;Acidente com Vítimas;96,12;BR-040/GO;Norte;Tombamento de Moto;0;0;0;1;0;0;0;0;0;0;0;1;0;0;0
27/01/2020;06:47:00;100;Acidente com Vítimas;512,2;BR-040/MG;Sul;Outros;1;0;0;1;0;0;0;0;0;0;1;1;0;0;0
27/01/2020;07:58:00;123;Acidente sem Vítimas;729,4;BR-040/MG;Sul;Colisão traseira;1;0;1;0;0;0;0;0;0;0;2;0;0;0;0
27/01/2020;09:10:00;141;Acidente com Vítimas;539,539;BR-040/MG;Sul;Outros;0;0;0;1;0;1;0;0;0;0;0;1;0;0;0
27/01/2020;12:27:00;212;Acidente com Vítimas;309,2;BR-040/MG;Sul;Capotamento;0;0;0;0;0;2;0;0;0;0;0;1;0;0;0
27/01/2020;12:42:00;217;Acidente sem Vítimas;455;BR-040/MG;Norte;Outros;0;0;0;0;1;1;0;0;0;0;0;0;0;0;0
27/01/2020;17:15:00;306;Acidente sem Vítimas;718,401;BR-040/MG;Norte;Capotamento;1;0;0;0;0;1;0;0;0;0;2;0;0;0;0
28/01/2020;07:32:00;108;Acidente Fatal;610,4;BR-040/MG;Norte;Colisão frontal;1;0;1;0;0;0;0;0;0;0;0;0;1;1;1
28/01/2020;07:57:00;118;Acidente com Vítimas;516,8;BR-040/MG;Sul;Colisão traseira;1;0;0;1;0;0;0;0;0;0;0;0;0;0;0
28/01/2020;08:35:00;125;Acidente sem Vítimas;539,8;BR-040/MG;Sul;Colisão traseira;1;0;0;0;1;0;0;0;0;0;2;0;0;0;0
28/01/2020;10:32:00;158;Acidente sem Vítimas;11,9;BR-040/GO;Norte;Colisão traseira;3;0;0;0;0;0;0;0;0;0;0;0;0;0;0
28/01/2020;10:55:00;166;Acidente sem Vítimas;501,35;BR-040/MG;Sul;Colisão traseira;0;0;1;0;0;2;0;0;0;0;1;0;0;0;0
28/01/2020;10:58:00;165;Acidente sem Vítimas;604,23;BR-040/MG;Norte;Colisão traseira;0;0;1;1;0;0;0;0;0;0;2;0;0;0;0
28/01/2020;12:34:00;185;Acidente com Vítimas;19,8;BR-040/GO;Sul;Tombamento de Moto;0;0;0;1;0;0;0;0;0;0;0;2;0;0;0
28/01/2020;14:20:00;207;Acidente com Vítimas;469,1;BR-040/MG;Norte;Capotamento;1;0;0;0;0;0;0;0;0;0;0;2;0;0;0
28/01/2020;14:23:00;209;Acidente com Vítimas;532,1;BR-040/MG;Sul;Colisão traseira;1;0;0;1;0;1;0;0;0;0;0;1;0;0;0
28/01/2020;14:41:00;214;Acidente sem Vítimas;536,1;BR-040/MG;Norte;Colisão traseira;1;0;0;0;0;1;0;0;0;0;2;0;0;0;0
28/01/2020;14:41:00;216;Acidente sem Vítimas;8,1;BR-040/GO;Norte;Atropelamento de Ciclista;1;0;0;0;0;0;0;0;0;0;0;1;0;0;0
28/01/2020;18:30:00;268;Acidente com Vítimas;766,6;BR-040/MG;Norte;Queda Veículo;0;0;0;1;0;0;0;0;0;0;0;0;1;0;0
28/01/2020;19:45:00;291;Acidente com Vítimas;42,3;BR-040/GO;Norte;Tombamento;0;0;0;0;1;0;0;0;0;0;0;0;0;1;0
28/01/2020;20:53:00;311;Acidente sem Vítimas;577,1;BR-040/MG;Norte;Colisão traseira;0;0;0;1;1;0;0;0;0;0;2;0;0;0;0
29/01/2020;07:45:00;121;Acidente com Vítimas;11,1;BR-040/GO;Norte;Colisão traseira;1;0;0;1;0;0;0;0;0;0;1;1;0;0;0
29/01/2020;07:49:00;122;Acidente com Vítimas;494,8;BR-040/MG;Norte;Tombamento;0;0;0;0;1;0;0;0;0;0;0;1;0;0;0
29/01/2020;07:54:00;123;Acidente sem Vítimas;10,1;BR-040/GO;Norte;Tombamento;1;0;0;0;0;0;0;0;0;0;1;0;0;0;0
29/01/2020;09:10:00;136;Acidente com Vítimas;7,25;BR-040/GO;Norte;Colisão traseira;1;0;0;0;1;0;0;0;0;0;1;1;0;0;0
29/01/2020;09:24:00;141;Acidente sem Vítimas;447,45;BR-040/MG;Norte;Choque c/ Objeto Fixo;0;0;1;0;0;0;0;0;0;0;1;0;0;0;0
29/01/2020;09:26:00;144;Acidente sem Vítimas;42,2;BR-040/MG;Sul;Colisão lateral;3;0;0;0;0;1;0;0;0;0;2;1;0;0;0
29/01/2020;11:07:00;166;Acidente sem Vítimas;504,5;BR-040/MG;Norte;Tombamento;0;0;0;0;0;2;0;0;0;0;1;0;0;0;0
29/01/2020;14:28:00;195;Acidente com Vítimas;560,4;BR-040/MG;Sul;Capotamento;1;0;0;0;0;0;0;0;0;0;1;0;1;0;0
29/01/2020;15:01:00;203;Acidente com Vítimas;696,1;BR-040/MG;Sul;Capotamento;1;0;0;0;0;1;0;0;0;0;1;0;0;0;0
29/01/2020;17:00:00;229;Acidente sem Vítimas;460,4;BR-040/MG;Norte;Choque c/ Objeto Fixo;0;0;0;0;1;0;0;0;0;0;1;0;0;0;0
30/01/2020;00:09:00;12;Acidente sem Vítimas;709,5;BR-040/MG;Norte;Queda de Ribanceira;1;0;0;0;0;0;0;0;0;0;1;0;0;0;0
30/01/2020;04:01:00;38;Acidente sem Vítimas;577,5;BR-040/MG;Sul;Colisão traseira;0;0;1;2;0;0;0;0;0;0;2;0;0;0;0
30/01/2020;08:05:00;98;Acidente sem Vítimas;586,15;BR-040/MG;Sul;Choque c/ Objeto Fixo;1;0;0;0;0;0;0;0;0;0;0;0;0;0;0
30/01/2020;11:53:00;161;Acidente com Vítimas;551,4;BR-040/MG;Norte;Colisão frontal;0;0;1;1;0;1;0;0;0;0;1;0;0;1;0
30/01/2020;18:11:00;261;Acidente com Vítimas;3,5;BR-040/GO;Sul;Tombamento;0;0;0;1;0;0;0;0;0;0;0;1;0;0;0
30/01/2020;20:44:00;300;Acidente sem Vítimas;755,4;BR-040/MG;Norte;Tombamento;0;0;0;1;0;1;0;0;0;0;1;0;0;0;0
30/01/2020;21:20:00;313;Acidente com Vítimas;516,1;BR-040/MG;Norte;Outros;0;0;0;0;1;0;0;0;0;0;17;1;0;0;0
01/08/2020;04:08:00;36;Acidente com Vítimas;10,5;BR-040/GO;Norte;Capotamento;1;0;0;0;0;1;0;0;0;0;0;0;1;0;0
01/08/2020;04:45:00;39;Acidente sem Vítimas;140,3;BR-040/MG;Norte;Choque c/ Objeto Fixo;0;0;0;0;1;0;0;0;0;0;0;0;0;0;0
01/08/2020;05:14:00;43;Acidente com Vítimas;5,2;BR-040/DF;Norte;Colisão traseira;1;0;0;1;0;1;0;0;0;0;0;0;0;0;0
01/08/2020;06:32:00;50;Acidente sem Vítimas;695,32;BR-040/MG;Norte;Capotamento;1;0;0;0;0;0;0;0;0;0;0;0;0;0;0
01/08/2020;07:45:00;61;Acidente com Vítimas;544,2;BR-040/MG;Sul;Tombamento de Moto;0;0;0;0;0;2;0;0;0;0;0;1;0;0;0
01/08/2020;07:53:00;63;Acidente com Vítimas;555,2;BR-040/MG;Norte;Choque c/ Objeto Fixo;1;0;0;0;0;0;0;0;0;0;0;2;1;0;0
01/08/2020;12:37:00;124;Acidente com Vítimas;534,5;BR-040/MG;Sul;Colisão lateral;1;0;0;0;0;1;0;0;0;0;0;2;0;0;0
01/08/2020;15:04:00;140;Acidente sem Vítimas;421,35;BR-040/MG;Norte;Tombamento;1;0;0;0;0;0;0;0;0;0;0;0;0;0;0
01/08/2020;16:15:00;154;Acidente sem Vítimas;673,27;BR-040/MG;Norte;Colisão lateral;2;0;0;0;0;1;0;0;0;0;0;0;0;0;0
01/08/2020;16:28:00;156;Acidente com Vítimas;639,83;BR-040/MG;Sul;Colisão traseira;1;0;0;0;0;1;0;0;0;0;0;1;0;0;0
01/08/2020;16:49:00;161;Acidente sem Vítimas;510,22;BR-040/MG;Norte;Tombamento de Moto;0;0;0;1;0;0;0;0;0;0;0;0;0;0;0
01/08/2020;21:24:00;201;Acidente sem Vítimas;6,2;BR-040/GO;Sul;Colisão lateral;1;0;0;1;0;0;0;0;0;0;0;0;0;0;0
01/08/2020;23:27:00;214;Acidente sem Vítimas;26,5;BR-040/GO;Norte;Choque c/ Objeto Fixo;1;0;0;0;0;1;0;0;0;0;0;0;0;0;0
02/08/2020;05:18:00;28;Acidente Fatal;756,3;BR-040/MG;Sul;Atropelamento de Pedestre;0;0;0;0;0;2;0;0;0;0;0;0;0;0;1
02/08/2020;07:23:00;33;Acidente sem Vítimas;8,1;BR-040/DF;Sul;Queda de Viaduto;1;0;0;0;0;0;0;0;0;0;0;0;0;0;0
02/08/2020;10:59:00;60;Acidente Fatal;572,89;BR-040/MG;Norte;Colisão transversal;1;0;0;2;0;2;0;0;0;0;0;0;2;0;1
02/08/2020;15:02:00;88;Acidente sem Vítimas;725,69;BR-040/MG;Sul;Choque c/ Objeto Fixo;1;0;0;0;0;0;0;0;0;0;0;0;0;0;0
02/08/2020;16:11:00;101;Acidente sem Vítimas;389,1;BR-040/MG;Sul;Colisão lateral;1;0;0;0;1;0;0;0;0;0;0;0;0;0;0
02/08/2020;17:40:00;113;Acidente com Vítimas;7,812;BR-040/GO;Norte;Engavetamento;3;0;0;0;0;0;0;0;0;0;0;1;0;0;0
02/08/2020;18:48:00;128;Acidente sem Vítimas;658,495;BR-040/MG;Norte;Colisão lateral;2;0;0;0;0;1;0;0;0;0;0;0;0;0;0
02/08/2020;19:19:00;136;Acidente com Vítimas;144,52;BR-040/MG;Norte;Colisão transversal;2;0;0;0;0;0;0;0;0;0;0;1;0;0;0
02/08/2020;21:16:00;162;Acidente sem Vítimas;509,6;BR-040/MG;Sul;Colisão lateral;1;0;0;0;0;1;0;0;0;0;0;0;0;0;0
02/08/2020;21:19:00;164;Acidente sem Vítimas;493,4;BR-040/MG;Norte;Choque c/ Objeto Fixo;1;0;0;0;0;2;0;0;0;0;0;0;0;0;0
02/08/2020;22:51:00;177;Acidente sem Vítimas;24,2;BR-040/GO;Sul;Choque c/ Objeto Fixo;1;0;0;0;0;0;0;0;0;0;0;0;0;0;0
02/08/2020;23:07:00;180;Acidente com Vítimas;710,5;BR-040/MG;Sul;Choque c/ Objeto Fixo;1;0;0;0;0;0;0;0;0;0;0;1;0;0;0