data;horario;n_da_ocorrencia;tipo_de_ocorrencia;km;trecho;sentido;tipo_de_acidente;automovel;bicicleta;caminhao;moto;onibus;outros;tracao_animal;transporte_de_cargas_especiais;trator_maquinas;utilitarios;ilesos;levemente_feridos;moderadamente_feridos;gravemente_feridos;mortos
03/08/2020;03:10:00;62;Acidente com Vítimas;545,8;BR-040/MG;Sul;Capotamento;1;0;0;0;0;0;0;0;0;0;0;0;1;0;0
03/08/2020;07:10:00;99;Acidente com Vítimas;708,15;BR-040/MG;Sul;Capotamento;1;0;0;0;0;0;0;0;0;0;0;1;0;0;0
03/08/2020;07:31:00;106;Acidente com Vítimas;2,3;BR-040/GO;Norte;Colisão lateral;1;0;0;1;0;0;0;0;0;0;0;0;1;0;0
03/08/2020;07:34:00;109;Acidente sem Vítimas;4,1;BR-040/DF;Norte;Colisão traseira;0;0;0;1;0;1;0;0;0;0;0;0;0;0;0
03/08/2020;10:23:00;153;Acidente sem Vítimas;576,15;BR-040/MG;Sul;Colisão transversal;1;0;1;0;0;0;0;0;0;0;0;0;0;0;0
03/08/2020;11:26:00;162;Acidente sem Vítimas;528,8;BR-040/MG;Norte;Colisão traseira;1;0;0;1;0;1;0;0;0;0;0;0;0;0;0
03/08/2020;11:53:00;169;Acidente sem Vítimas;765,25;BR-040/MG;Sul;Outros;1;0;0;0;0;0;0;0;0;0;0;0;0;0;0
03/08/2020;16:25:00;209;Acidente com Vítimas;11,1;BR-040/GO;Sul;Colisão transversal;1;0;0;1;0;0;0;0;0;0;0;0;1;0;0
03/08/2020;17:18:00;224;Acidente sem Vítimas;258,8;BR-040/MG;Norte;Capotamento;0;0;0;0;0;1;0;0;0;0;0;0;0;0;0
03/08/2020;17:28:00;227;Acidente com Vítimas;529,3;BR-040/MG;Sul;Colisão lateral;1;0;1;1;0;0;0;0;0;0;0;1;0;0;0
03/08/2020;21:33:00;259;Acidente sem Vítimas;413,7;BR-040/MG;Norte;Colisão lateral;1;0;1;0;0;0;0;0;0;0;0;0;0;0;0
04/08/2020;05:46:00;94;Acidente com Vítimas;18,6;BR-040/GO;Norte;Capotamento;1;0;0;0;0;0;0;0;0;0;0;1;0;0;0
04/08/2020;06:09:00;96;Acidente com Vítimas;7,1;BR-040/GO;Norte;Colisão traseira;0;0;0;1;0;1;0;0;0;0;0;1;0;0;0
04/08/2020;07:32:00;113;Acidente sem Vítimas;8,1;BR-040/DF;Norte;Colisão traseira;1;0;0;2;0;0;0;0;0;0;0;0;0;0;0
04/08/2020;07:39:00;123;Acidente sem Vítimas;543,156;BR-040/MG;Sul;Colisão lateral;0;0;0;1;1;1;0;0;0;0;0;0;0;0;0
04/08/2020;07:42:00;118;Acidente com Vítimas;8,1;BR-040/DF;Norte;Colisão traseira;1;0;0;1;0;0;0;0;0;0;0;1;0;0;0
04/08/2020;09:22:00;150;Acidente sem Vítimas;601,15;BR-040/MG;Sul;Colisão traseira;0;0;0;1;1;1;0;0;0;0;0;0;0;0;0
04/08/2020;10:33:00;168;Acidente sem Vítimas;467,9;BR-040/MG;Sul;Colisão traseira;1;0;0;0;1;2;0;0;0;0;0;0;0;0;0
04/08/2020;13:21:00;194;Acidente sem Vítimas;538,5;BR-040/MG;Sul;Colisão lateral;1;0;0;0;1;0;0;0;0;0;0;0;0;0;0
04/08/2020;17:02:00;250;Acidente sem Vítimas;537,2;BR-040/MG;Norte;Engavetamento;1;0;0;2;0;0;0;0;0;0;0;0;0;0;0
04/08/2020;18:41:00;275;Acidente com Vítimas;553,1;BR-040/MG;Norte;Capotamento;1;0;0;0;0;0;0;0;0;0;0;1;0;0;0
05/08/2020;00:05:00;2;Acidente sem Vítimas;462,1;BR-040/MG;Sul;Colisão traseira;0;0;0;1;1;1;0;0;0;0;0;1;0;0;0
05/08/2020;00:43:00;27;Acidente sem Vítimas;2,9;BR-040/GO;Sul;Capotamento;1;0;0;0;0;1;0;0;0;0;0;0;0;0;0
05/08/2020;03:45:00;65;Acidente sem Vítimas;491,15;BR-040/MG;Sul;Atropelamento de Animal;0;0;0;0;1;0;0;0;0;0;0;0;0;0;0
05/08/2020;07:10:00;112;Acidente com Vítimas;522,8;BR-040/MG;Sul;Tombamento de Moto;1;0;0;0;0;1;0;0;0;0;0;1;0;0;0
05/08/2020;07:31:00;117;Acidente sem Vítimas;522,7;BR-040/MG;Sul;Colisão lateral;1;0;0;1;0;0;0;0;0;0;0;0;0;0;0
05/08/2020;07:55:00;123;Acidente sem Vítimas;520,8;BR-040/MG;Sul;Engavetamento;3;0;0;0;0;1;0;0;0;0;0;0;0;0;0
05/08/2020;11:39:00;182;Acidente sem Vítimas;531,98;BR-040/MG;Norte;Colisão traseira;0;0;0;0;0;3;0;0;0;0;0;1;0;0;0
05/08/2020;16:39:00;245;Acidente sem Vítimas;632,522;BR-040/MG;Sul;Colisão transversal;1;0;1;0;0;2;0;0;0;0;0;0;0;0;0
05/08/2020;20:18:00;287;Acidente sem Vítimas;617,1;BR-040/MG;Sul;Colisão lateral;3;0;0;0;0;0;0;0;0;0;0;0;0;0;0
06/08/2020;01:48:00;43;Acidente sem Vítimas;502,5;BR-040/MG;Sul;Choque c/ Objeto Fixo;1;0;0;0;0;0;0;0;0;0;0;0;0;0;0
06/08/2020;05:47:00;77;Acidente sem Vítimas;654,1;BR-040/MG;Sul;Colisão traseira;0;0;2;1;0;1;0;0;0;0;0;0;0;0;0
06/08/2020;06:03:00;78;Acidente sem Vítimas;267,9;BR-040/MG;Sul;Colisão traseira;0;0;1;0;2;0;0;0;0;0;0;0;0;0;0
06/08/2020;06:47:00;105;Acidente sem Vítimas;723,2;BR-040/MG;Norte;Choque c/ Objeto Fixo;1;0;0;0;0;0;0;0;0;0;0;0;0;0;0
06/08/2020;07:56:00;137;Acidente com Vítimas;511,1;BR-040/MG;Sul;Colisão lateral;1;0;0;2;0;0;0;0;0;0;0;1;0;0;0
06/08/2020;08:02:00;135;Acidente sem Vítimas;526,68;BR-040/MG;Sul;Engavetamento;3;0;1;0;0;0;0;0;0;0;0;0;0;0;0
06/08/2020;09:48:00;155;Acidente sem Vítimas;726,13;BR-040/MG;Sul;Capotamento;0;0;0;0;0;2;0;0;0;0;0;0;0;0;0
06/08/2020;09:57:00;156;Acidente sem Vítimas;509,3;BR-040/MG;Sul;Colisão lateral;0;0;0;0;1;1;0;0;0;0;0;0;0;0;0
06/08/2020;10:42:00;170;Acidente sem Vítimas;29,5;BR-040/GO;Sul;Choque c/ Objeto Fixo;1;0;0;0;0;0;0;0;0;0;0;0;0;0;0
06/08/2020;11:14:00;177;Acidente sem Vítimas;717,53;BR-040/MG;Norte;Capotamento;1;0;0;0;0;0;0;0;0;0;0;0;0;0;0
06/08/2020;13:16:00;195;Acidente sem Vítimas;330,9;BR-040/MG;Norte;Choque c/ Objeto Fixo;1;0;0;0;0;0;0;0;0;0;0;0;0;0;0
06/08/2020;14:28:00;207;Acidente com Vítimas;663,717;BR-040/MG;Norte;Colisão traseira;0;0;0;2;0;0;0;0;0;0;0;0;0;1;0
06/08/2020;15:34:00;219;Acidente sem Vítimas;231,5;BR-040/MG;Sul;Queda Veículo;2;0;0;0;0;0;0;0;0;0;0;0;0;0;0
06/08/2020;17:50:00;243;Acidente com Vítimas;507,4;BR-040/MG;Norte;Atropelamento de Pedestre;0;0;0;1;0;1;0;0;0;0;0;1;1;0;0
06/08/2020;18:15:00;250;Acidente sem Vítimas;509,4;BR-040/MG;Norte;Engavetamento;3;0;0;0;0;0;0;0;0;0;0;0;0;0;0
06/08/2020;19:13:00;262;Acidente sem Vítimas;5,1;BR-040/GO;Sul;Colisão traseira;2;0;0;0;0;0;0;0;0;0;0;0;0;0;0
06/08/2020;19:41:00;268;Acidente sem Vítimas;510,5;BR-040/MG;Norte;Colisão traseira;2;0;0;0;0;1;0;0;0;0;0;0;0;0;0
06/08/2020;21:00:00;281;Acidente sem Vítimas;44,9;BR-040/GO;Sul;Colisão lateral;2;0;0;0;0;0;0;0;0;0;0;0;0;0;0
06/08/2020;21:54:00;288;Acidente sem Vítimas;668,5;BR-040/MG;Norte;Choque com objeto;0;0;0;1;0;2;0;0;0;0;0;0;0;0;0
06/08/2020;23:48:00;295;Acidente sem Vítimas;589,1;BR-040/MG;Norte;Colisão traseira;0;0;1;1;0;1;0;0;0;0;0;0;1;1;0
07/08/2020;04:49:00;86;Acidente sem Vítimas;211,8;BR-040/MG;Sul;Tombamento;0;0;1;0;0;0;0;0;0;0;0;0;0;0;0
07/08/2020;07:06:00;110;Acidente sem Vítimas;519,3;BR-040/MG;Norte;Capotamento;1;0;1;0;0;0;0;0;0;0;0;0;0;0;0
07/08/2020;07:24:00;118;Acidente com Vítimas;292,9;BR-040/MG;Norte;Tombamento;0;0;1;0;0;0;0;0;0;0;0;2;0;0;0
07/08/2020;12:04:00;179;Acidente sem Vítimas;771,4;BR-040/MG;Sul;Colisão traseira;1;0;1;0;0;1;0;0;0;0;0;0;0;0;0
07/08/2020;13:46:00;196;Acidente Fatal;510,9;BR-040/MG;Norte;Capotamento;1;0;0;0;0;0;0;0;0;0;0;0;0;4;1
07/08/2020;14:34:00;204;Acidente com Vítimas;453,35;BR-040/MG;Norte;Tombamento de Moto;0;0;0;0;0;1;0;0;0;0;0;0;0;0;0
07/08/2020;14:55:00;207;Acidente sem Vítimas;535,5;BR-040/MG;Norte;Colisão lateral;1;0;0;0;0;0;0;0;0;0;0;0;0;0;0
07/08/2020;16:41:00;227;Acidente sem Vítimas;524,3;BR-040/MG;Norte;Colisão lateral;0;0;0;1;0;0;0;0;0;0;0;0;0;0;0
07/08/2020;19:10:00;263;Acidente com Vítimas;520,9;BR-040/MG;Norte;Tombamento de Moto;0;0;0;1;0;2;0;0;0;0;0;0;1;0;0
07/08/2020;20:15:00;282;Acidente com Vítimas;516,2;BR-040/MG;Norte;Engavetamento;2;0;0;0;0;1;0;0;0;0;0;1;0;0;0
07/08/2020;21:16:00;291;Acidente sem Vítimas;630,2;BR-040/MG;Norte;Colisão frontal;2;0;0;0;0;1;0;0;0;0;0;0;0;0;0
07/08/2020;22:25:00;303;Acidente sem Vítimas;538,2;BR-040/MG;Sul;Colisão traseira;0;0;0;1;0;1;0;0;0;0;0;0;0;0;0
07/08/2020;22:51:00;310;Acidente com Vítimas;716,2;BR-040/MG;Norte;Tombamento de Moto;0;0;0;1;0;0;0;0;0;0;0;1;0;0;0
07/08/2020;22:54:00;311;Acidente com Vítimas;632,2;BR-040/MG;Sul;Atropelamento de Animal;1;0;0;1;0;0;0;0;0;0;0;1;0;0;0
08/08/2020;05:48:00;24;Acidente sem Vítimas;480,1;BR-040/MG;Sul;Choque c/ Objeto Fixo;1;0;0;0;0;0;0;0;0;0;0;0;0;0;0
08/08/2020;09:51:00;80;Acidente sem Vítimas;548,15;BR-040/MG;Sul;Colisão traseira;2;0;0;0;0;1;0;0;0;0;0;0;0;0;0
08/08/2020;10:24:00;85;Acidente Fatal;632,33;BR-040/MG;Sul;Choque c/ Objeto Fixo;1;0;0;0;0;2;0;0;0;0;0;0;0;1;1
08/08/2020;11:23:00;92;Acidente sem Vítimas;525,3;BR-040/MG;Norte;Choque c/ Objeto Fixo;1;0;0;0;0;0;0;0;0;1;0;0;0;0;0
08/08/2020;12:32:00;102;Acidente com Vítimas;710,15;BR-040/MG;Norte;Colisão traseira;1;0;0;1;1;0;0;0;0;0;0;1;0;0;0
08/08/2020;12:35:00;103;Acidente sem Vítimas;134,4;BR-040/MG;Sul;Choque c/ Objeto Fixo;1;0;0;0;0;0;0;0;0;0;0;0;0;0;0
08/08/2020;14:29:00;120;Acidente com Vítimas;504,9;BR-040/MG;Norte;Tombamento de Moto;1;0;0;1;0;0;0;0;0;0;0;0;2;0;0
08/08/2020;15:19:00;128;Acidente sem Vítimas;514,15;BR-040/MG;Sul;Tombamento de Moto;0;0;0;1;0;1;0;0;0;0;0;1;0;0;0
08/08/2020;19:50:00;183;Acidente sem Vítimas;4,6;BR-040/GO;Norte;Colisão traseira;1;0;0;0;0;1;0;0;0;0;0;0;0;0;0
08/08/2020;21:24:00;202;Acidente sem Vítimas;26,5;BR-040/GO;Sul;Capotamento;1;0;0;0;0;0;0;0;0;0;0;0;0;0;0
08/08/2020;23:45:00;218;Acidente sem Vítimas;617,2;BR-040/MG;Norte;Colisão lateral;1;0;0;0;0;0;0;0;0;0;0;0;0;0;0
09/08/2020;01:02:00;8;Acidente com Vítimas;513,1;BR-040/MG;Sul;Capotamento;1;0;0;0;0;2;0;0;0;0;0;2;0;0;0
09/08/2020;01:56:00;12;Acidente com Vítimas;532,52;BR-040/MG;Norte;Choque c/ Objeto Fixo;1;0;0;0;0;2;0;0;0;0;0;1;0;0;0
09/08/2020;03:37:00;20;Acidente sem Vítimas;512,6;BR-040/MG;Sul;Engavetamento;4;0;0;0;0;0;0;0;0;0;0;1;0;0;0
09/08/2020;04:08:00;25;Acidente com Vítimas;451,5;BR-040/MG;Sul;Capotamento;0;0;0;0;0;2;0;0;0;0;0;0;0;0;0
09/08/2020;04:31:00;27;Acidente com Vítimas;5,5;BR-040/DF;Sul;Tombamento;0;0;0;1;0;0;0;0;0;0;0;1;0;0;0
09/08/2020;06:55:00;42;Acidente sem Vítimas;457,6;BR-040/MG;Sul;Choque c/ Objeto Fixo;1;0;0;0;0;0;0;0;0;0;0;0;0;0;0
09/08/2020;07:49:00;52;Acidente sem Vítimas;43,8;BR-040/MG;Sul;Queda Veículo;0;0;0;1;0;0;0;0;0;0;0;0;0;0;0
09/08/2020;08:21:00;58;Acidente sem Vítimas;45,1;BR-040/MG;Sul;Queda Veículo;0;0;0;1;0;0;0;0;0;0;0;0;0;0;0
09/08/2020;11:29:00;101;Acidente com Vítimas;518,3;BR-040/MG;Sul;Colisão transversal;1;0;0;1;0;1;0;0;0;0;0;2;0;1;0
09/08/2020;13:27:00;124;Acidente com Vítimas;713,28;BR-040/MG;Sul;Tombamento de Moto;0;0;0;1;0;0;0;0;0;0;0;1;0;0;0
09/08/2020;15:48:00;155;Acidente sem Vítimas;506,4;BR-040/MG;Sul;Colisão traseira;1;0;0;0;0;1;0;0;0;0;0;0;0;0;0
09/08/2020;16:50:00;172;Acidente sem Vítimas;479,196;BR-040/MG;Norte;Colisão traseira;1;0;0;0;0;2;0;0;0;0;0;0;0;0;0
09/08/2020;18:19:00;192;Acidente sem Vítimas;509,9;BR-040/MG;Sul;Colisão traseira;2;0;0;0;0;0;0;0;0;0;0;0;0;0;0
09/08/2020;18:56:00;201;Acidente com Vítimas;505,4;BR-040/MG;Sul;Colisão traseira;2;0;0;0;0;0;0;0;0;0;0;0;1;0;0
09/08/2020;19:08:00;208;Acidente sem Vítimas;1,3;BR-040/DF;Norte;Colisão traseira;3;0;0;0;0;1;0;0;0;0;0;0;0;0;0
09/08/2020;20:45:00;232;Acidente com Vítimas;233,1;BR-040/MG;Norte;Tombamento de Moto;0;0;0;1;0;1;0;0;0;0;0;1;0;0;0
10/08/2020;00:12:00;11;Acidente sem Vítimas;18,5;BR-040/GO;Norte;Choque c/ Objeto Fixo;1;0;0;0;0;0;0;0;0;0;0;0;0;0;0
10/08/2020;00:58:00;31;Acidente sem Vítimas;5,5;BR-040/DF;Norte;Colisão traseira;2;0;0;0;0;1;0;0;0;0;0;0;0;0;0
10/08/2020;04:11:00;56;Acidente com Vítimas;1,2;BR-040/GO;Norte;Colisão traseira;1;0;0;0;0;1;0;0;0;0;0;1;0;0;0
10/08/2020;06:44:00;78;Acidente com Vítimas;635,128;BR-040/MG;Sul;Choque c/ Objeto Fixo;1;0;0;0;0;0;0;0;0;0;0;1;0;0;0
10/08/2020;07:03:00;84;Acidente sem Vítimas;541,15;BR-040/MG;Sul;Colisão traseira;2;0;0;0;0;0;0;0;0;0;0;0;0;0;0
10/08/2020;07:46:00;95;Acidente com Vítimas;520,8;BR-040/MG;Sul;Colisão lateral;1;0;0;1;0;0;0;0;0;0;0;1;0;0;0
10/08/2020;08:33:00;113;Acidente sem Vítimas;425,6;BR-040/MG;Norte;Capotamento;2;0;0;0;0;0;0;0;0;0;0;0;0;0;0
10/08/2020;10:11:00;138;Acidente com Vítimas;649,206;BR-040/MG;Sul;Colisão transversal;1;0;0;1;0;0;0;0;0;0;0;1;0;0;0
10/08/2020;10:37:00;144;Acidente sem Vítimas;52,5;BR-040/MG;Sul;Choque c/ Objeto Fixo;0;0;1;0;0;0;0;0;0;0;0;0;0;0;0
10/08/2020;16:11:00;196;Acidente sem Vítimas;359,6;BR-040/MG;Norte;Engavetamento;0;0;2;0;1;0;0;0;0;0;0;0;0;0;0
10/08/2020;22:21:00;258;Acidente sem Vítimas;505,1;BR-040/MG;Sul;Colisão traseira;0;0;0;0;1;1;0;0;0;0;0;0;0;0;0
11/08/2020;06:34:00;72;Acidente sem Vítimas;524,15;BR-040/MG;Sul;Capotamento;1;0;0;0;0;0;0;0;0;0;0;0;0;0;0
11/08/2020;08:13:00;96;Acidente sem Vítimas;540,2;BR-040/MG;Sul;Engavetamento;2;0;1;0;0;0;0;0;0;0;0;0;0;0;0
11/08/2020;08:19:00;100;Acidente com Vítimas;448,15;BR-040/MG;Sul;Choque c/ Objeto Fixo;2;0;0;0;0;0;0;0;0;0;0;0;0;0;0
11/08/2020;08:33:00;104;Acidente com Vítimas;522,15;BR-040/MG;Norte;Tombamento de Moto;0;0;0;1;0;0;0;0;0;0;0;0;0;0;0
11/08/2020;11:15:00;133;Acidente sem Vítimas;524,15;BR-040/MG;Norte;Engavetamento;1;0;0;0;0;2;0;0;0;0;0;0;0;0;0
11/08/2020;16:17:00;193;Acidente sem Vítimas;533,15;BR-040/MG;Norte;Colisão traseira;2;0;0;0;0;1;0;0;0;0;0;0;0;0;0
11/08/2020;16:59:00;203;Acidente com Vítimas;728,25;BR-040/MG;Norte;Choque c/ Objeto Fixo;0;0;0;2;0;0;0;0;0;0;0;1;0;0;0
11/08/2020;19:11:00;235;Acidente com Vítimas;529,5;BR-040/MG;Norte;Atropelamento de Pedestre;0;0;0;0;0;2;0;0;0;0;0;0;0;1;0
11/08/2020;19:15:00;236;Acidente com Vítimas;531,9;BR-040/MG;Sul;Tombamento de Moto;1;0;0;1;0;0;0;0;0;0;0;1;0;0;0
11/08/2020;19:20:00;237;Acidente com Vítimas;2,3;BR-040/GO;Sul;Colisão lateral;0;0;0;2;0;0;0;0;0;0;0;0;1;0;0
11/08/2020;21:25:00;255;Acidente sem Vítimas;432,8;BR-040/MG;Norte;Tombamento;0;0;1;0;0;1;0;0;0;0;0;0;0;0;0
12/08/2020;05:07:00;71;Acidente sem Vítimas;473,2;BR-040/MG;Norte;Choque c/ Objeto Fixo;0;0;1;0;0;1;0;0;0;0;0;0;0;0;0
12/08/2020;08:42:00;128;Acidente com Vítimas;68,5;BR-040/GO;Norte;Colisão traseira;0;0;0;0;2;0;0;0;0;0;0;1;0;0;0
12/08/2020;09:12:00;135;Acidente sem Vítimas;121,3;BR-040/MG;Norte;Colisão traseira;0;0;2;0;0;0;0;0;0;0;0;0;0;0;0
12/08/2020;15:24:00;198;Acidente sem Vítimas;535,5;BR-040/MG;Sul;Colisão lateral;1;0;1;0;0;0;0;0;0;0;0;0;0;0;0
12/08/2020;19:29:00;241;Acidente com Vítimas;43,5;BR-040/MG;Sul;Tombamento de Moto;0;0;0;0;1;0;0;0;0;0;1;1;0;0;0
13/08/2020;04:22:00;84;Acidente sem Vítimas;517,7;BR-040/MG;Norte;Choque c/ Objeto Fixo;1;0;0;0;0;0;0;0;0;0;0;0;0;0;0
13/08/2020;04:52:00;92;Acidente sem Vítimas;561,5;BR-040/MG;Norte;Tombamento;0;0;0;0;1;0;0;0;0;0;0;0;0;0;0
13/08/2020;06:22:00;101;Acidente sem Vítimas;604,8;BR-040/MG;Norte;Tombamento de Moto;0;0;0;2;0;0;0;0;0;0;0;0;0;0;0
13/08/2020;06:41:00;106;Acidente sem Vítimas;6,3;BR-040/GO;Norte;Colisão transversal;2;0;0;0;0;0;0;0;0;0;0;0;0;0;0
13/08/2020;06:46:00;107;Acidente sem Vítimas;2,8;BR-040/GO;Norte;Colisão lateral;2;0;0;0;0;0;0;0;0;0;0;0;0;0;0
13/08/2020;07:07:00;115;Acidente sem Vítimas;6,3;BR-040/DF;Norte;Colisão lateral;0;0;0;0;0;2;0;0;0;0;0;0;0;0;0
13/08/2020;07:10:00;117;Acidente com Vítimas;8,1;BR-040/GO;Norte;Colisão lateral;1;0;0;1;0;0;0;0;0;0;0;1;0;0;0
13/08/2020;11:26:00;186;Acidente sem Vítimas;462,95;BR-040/MG;Norte;Colisão lateral;2;0;0;0;0;1;0;0;0;0;0;0;0;0;0
13/08/2020;13:12:00;209;Acidente sem Vítimas;518,211;BR-040/MG;Sul;Colisão lateral;1;0;0;0;1;0;0;0;0;0;0;0;0;0;0
13/08/2020;14:02:00;217;Acidente sem Vítimas;487,5;BR-040/MG;Sul;Colisão traseira;1;0;1;0;0;0;0;0;0;0;0;0;0;0;0
13/08/2020;14:10:00;219;Acidente com Vítimas;540,997;BR-040/MG;Sul;Colisão lateral;0;0;0;1;0;2;0;0;0;0;0;1;0;0;0
13/08/2020;18:52:00;277;Acidente sem Vítimas;521,4;BR-040/MG;Norte;Colisão traseira;3;0;0;0;0;0;0;0;0;0;0;0;0;0;0
13/08/2020;19:06:00;280;Acidente sem Vítimas;5,1;BR-040/GO;Sul;Colisão traseira;1;0;0;1;0;0;0;0;0;0;0;0;0;0;0
13/08/2020;19:40:00;289;Acidente com Vítimas;524,4;BR-040/MG;Sul;Colisão traseira;1;0;0;1;0;1;0;0;0;0;0;1;0;0;0
14/08/2020;00:23:00;1;Acidente sem Vítimas;499,8;BR-040/MG;Norte;Choque c/ Objeto Fixo;1;0;0;0;0;0;0;0;0;0;0;0;0;0;0
14/08/2020;06:51:00;101;Acidente sem Vítimas;513,5;BR-040/MG;Sul;Engavetamento;6;0;0;0;0;0;0;0;0;0;0;0;0;0;0
14/08/2020;07:50:00;113;Acidente com Vítimas;676,1;BR-040/MG;Norte;Choque c/ Objeto Fixo;1;0;0;0;0;0;0;0;0;0;0;1;0;0;0
14/08/2020;08:26:00;122;Acidente sem Vítimas;3,2;BR-040/GO;Norte;Engavetamento;3;0;0;0;0;0;0;0;0;0;0;0;0;0;0
14/08/2020;11:48:00;179;Acidente sem Vítimas;536,3;BR-040/MG;Sul;Colisão traseira;1;0;0;0;0;1;0;0;0;0;0;0;0;0;0
14/08/2020;12:22:00;186;Acidente com Vítimas;534,5;BR-040/MG;Sul;Colisão traseira;0;0;0;1;0;1;0;0;0;0;0;1;0;0;0
14/08/2020;15:34:00;221;Acidente com Vítimas;1,5;BR-040/GO;Sul;Atropelamento de Pedestre;1;0;0;0;0;0;0;0;0;0;0;0;1;0;0
14/08/2020;16:18:00;234;Acidente sem Vítimas;759,4;BR-040/MG;Sul;Colisão lateral;1;0;0;0;0;1;0;0;0;0;0;0;0;0;0
14/08/2020;16:56:00;246;Acidente sem Vítimas;102,33;BR-040/GO;Norte;Engavetamento;2;0;0;0;0;1;0;0;0;0;0;0;0;0;0
14/08/2020;17:05:00;248;Acidente sem Vítimas;512,5;BR-040/MG;Norte;Engavetamento;3;0;0;0;0;3;0;0;0;0;0;0;0;0;0
14/08/2020;18:34:00;269;Acidente sem Vítimas;680;BR-040/MG;Sul;Colisão lateral;2;0;0;0;0;1;0;0;0;0;0;0;0;0;0
14/08/2020;18:45:00;271;Acidente sem Vítimas;543,5;BR-040/MG;Norte;Engavetamento;4;0;0;0;0;1;0;0;0;0;0;0;0;0;0
14/08/2020;20:12:00;298;Acidente com Vítimas;6,1;BR-040/GO;Sul;Atropelamento de Pedestre;0;0;0;1;0;0;0;0;0;0;0;0;0;0;0
14/08/2020;22:04:00;324;Acidente sem Vítimas;597;BR-040/MG;Norte;Choque c/ Objeto Fixo;1;0;0;0;0;0;0;0;0;0;0;0;0;0;0
14/08/2020;23:56:00;334;Acidente sem Vítimas;459,1;BR-040/MG;Sul;Tombamento;0;0;1;0;0;0;0;0;0;0;0;0;0;0;0
15/08/2020;00:45:00;2;Acidente com Vítimas;530,5;BR-040/MG;Sul;Colisão transversal;0;0;0;2;0;0;0;0;0;0;0;0;0;0;0
15/08/2020;03:09:00;20;Acidente sem Vítimas;511,6;BR-040/MG;Norte;Choque c/ Objeto Fixo;1;0;0;0;0;0;0;0;0;0;0;0;0;0;0
15/08/2020;03:35:00;24;Acidente com Vítimas;628,9;BR-040/MG;Sul;Colisão frontal;2;0;0;0;0;1;0;0;0;0;0;0;2;1;0
15/08/2020;07:11:00;47;Acidente com Vítimas;176,1;BR-040/MG;Norte;Colisão traseira;1;0;0;0;1;0;0;0;0;0;0;0;0;0;0
15/08/2020;12:03:00;112;Acidente sem Vítimas;572,7;BR-040/MG;Norte;Colisão traseira;1;0;0;0;0;1;0;0;0;0;0;0;0;0;0
15/08/2020;12:44:00;121;Acidente com Vítimas;31,1;BR-040/MG;Norte;Tombamento de Moto;0;0;0;1;0;0;0;0;0;0;0;1;0;0;0
15/08/2020;13:39:00;132;Acidente com Vítimas;708,3;BR-040/MG;Sul;Capotamento;1;0;0;0;0;1;0;0;0;0;0;4;0;0;0
15/08/2020;14:08:00;141;Acidente sem Vítimas;1,8;BR-040/GO;Norte;Colisão lateral;1;0;0;1;0;0;0;0;0;0;0;0;0;0;0
15/08/2020;20:16:00;211;Acidente com Vítimas;9,8;BR-040/GO;Norte;Capotamento;1;0;0;0;0;0;0;0;0;0;0;1;0;0;0
15/08/2020;22:00:00;224;Acidente com Vítimas;15,6;BR-040/GO;Norte;Capotamento;2;0;0;0;0;0;0;0;0;0;0;1;0;0;0
16/08/2020;04:40:00;17;Acidente com Vítimas;501,15;BR-040/MG;Norte;Capotamento;1;0;0;0;1;1;0;0;0;0;0;1;0;1;0
16/08/2020;12:55:00;96;Acidente com Vítimas;712,1;BR-040/MG;Sul;Atropelamento de Ciclista;1;0;0;0;0;0;0;0;0;0;0;1;0;0;0
16/08/2020;14:49:00;122;Acidente com Vítimas;707,9;BR-040/MG;Sul;Tombamento de Moto;0;0;0;1;0;0;0;0;0;0;0;0;0;0;0
16/08/2020;15:06:00;127;Acidente com Vítimas;10,1;BR-040/GO;Norte;Choque c/ Objeto Fixo;2;0;0;0;0;0;0;0;0;0;0;0;0;0;0
16/08/2020;16:11:00;141;Acidente sem Vítimas;488,35;BR-040/MG;Sul;Choque c/ Objeto Fixo;1;0;0;0;0;0;0;0;0;0;0;0;0;0;0
16/08/2020;17:42:00;162;Acidente sem Vítimas;655,4;BR-040/MG;Norte;Capotamento;1;0;0;0;0;0;0;0;0;0;0;0;0;0;0
16/08/2020;17:43:00;163;Acidente Fatal;417,31;BR-040/MG;Norte;Capotamento;1;0;0;0;0;1;0;0;0;0;0;0;1;1;1
16/08/2020;18:27:00;176;Acidente sem Vítimas;510,2;BR-040/MG;Sul;Engavetamento;4;0;0;0;0;0;0;0;0;0;0;0;0;0;0
17/08/2020;03:33:00;54;Acidente sem Vítimas;270,95;BR-040/MG;Norte;Atropelamento de Animal;0;0;0;1;0;0;0;0;0;0;0;0;0;0;0
17/08/2020;03:36:00;56;Acidente sem Vítimas;16,5;BR-040/GO;Sul;Choque com objeto;1;0;0;0;0;0;0;0;0;0;0;0;0;0;0
17/08/2020;06:17:00;78;Acidente sem Vítimas;1,5;BR-040/GO;Norte;Colisão lateral;1;0;0;1;0;0;0;0;0;0;0;0;0;0;0
17/08/2020;06:41:00;85;Acidente com Vítimas;557,5;BR-040/MG;Norte;Atropelamento de Pedestre;1;0;0;0;0;1;0;0;0;0;0;0;1;0;0
17/08/2020;07:31:00;98;Acidente com Vítimas;518,5;BR-040/MG;Sul;Colisão lateral;1;0;0;1;0;0;0;0;0;0;0;1;0;0;0
17/08/2020;08:07:00;121;Acidente com Vítimas;542,3;BR-040/MG;Sul;Colisão lateral;0;0;0;1;0;2;0;0;0;0;0;0;1;0;0
17/08/2020;11:19:00;183;Acidente com Vítimas;2,6;BR-040/GO;Norte;Colisão lateral;1;0;0;1;0;0;0;0;0;0;0;0;0;0;0
17/08/2020;17:19:00;265;Acidente sem Vítimas;535,2;BR-040/MG;Norte;Colisão traseira;2;0;0;0;0;0;0;0;0;0;0;0;0;0;0