data;horario;n_da_ocorrencia;tipo_de_ocorrencia;km;trecho;sentido;tipo_de_acidente;automovel;bicicleta;caminhao;moto;onibus;outros;tracao_animal;transporte_de_cargas_especiais;trator_maquinas;utilitarios;ilesos;levemente_feridos;moderadamente_feridos;gravemente_feridos;mortos
02/09/2020;14:56:00;193;Acidente sem Vítimas;505,1;BR-040/MG;Sul;Colisão traseira;1;0;0;0;1;0;0;0;0;0;1;0;0;0;0
02/09/2020;16:05:00;208;Acidente com Vítimas;564,5;BR-040/MG;Norte;Colisão transversal;2;0;0;0;0;0;0;0;0;0;0;0;1;0;0
02/09/2020;18:48:00;234;Acidente sem Vítimas;543,1;BR-040/MG;Norte;Engavetamento;3;0;0;0;0;2;0;0;0;0;5;0;0;0;0
02/09/2020;20:26:00;257;Acidente sem Vítimas;695,2;BR-040/MG;Norte;Colisão traseira;1;0;0;0;0;1;0;0;0;0;2;0;0;0;0
02/09/2020;23:40:00;285;Acidente com Vítimas;596,2;BR-040/MG;Norte;Atropelamento de Pedestre;0;0;0;0;1;2;0;0;0;0;2;0;1;0;0
03/09/2020;00:18:00;3;Acidente sem Vítimas;596,3;BR-040/MG;Norte;Colisão traseira;0;0;2;0;0;0;0;0;0;0;2;0;0;0;0
03/09/2020;07:06:00;106;Acidente sem Vítimas;3,2;BR-040/DF;Norte;Colisão lateral;0;0;0;1;0;0;0;0;0;0;1;0;0;0;0
03/09/2020;07:16:00;110;Acidente sem Vítimas;7,8;BR-040/DF;Norte;Colisão lateral;1;0;0;1;0;0;0;0;0;0;1;0;1;0;0
03/09/2020;07:35:00;119;Acidente com Vítimas;12,1;BR-040/GO;Norte;Colisão lateral;1;0;0;1;0;1;0;0;0;0;1;0;0;0;0
03/09/2020;10:08:00;157;Acidente sem Vítimas;569,1;BR-040/MG;Norte;Choque com objeto;2;0;0;0;0;1;0;0;0;0;0;0;0;0;0
03/09/2020;11:58:00;188;Acidente sem Vítimas;528,35;BR-040/MG;Norte;Colisão traseira;1;0;0;0;0;1;0;0;0;0;1;0;0;0;0
03/09/2020;16:49:00;238;Acidente com Vítimas;608,1;BR-040/MG;Sul;Colisão transversal;2;0;1;0;0;0;0;0;0;0;3;1;0;0;0
03/09/2020;18:42:00;253;Acidente com Vítimas;524,3;BR-040/MG;Norte;Atropelamento de Ciclista;1;0;0;0;0;0;0;0;0;0;1;0;1;0;0
03/09/2020;22:59:00;294;Acidente sem Vítimas;0,3;BR-040/DF;Norte;Capotamento;1;0;0;0;0;1;0;0;0;0;1;0;0;0;0
04/09/2020;01:22:00;43;Acidente sem Vítimas;651,2;BR-040/MG;Sul;Atropelamento de Animal;1;0;0;0;0;0;0;0;0;0;1;0;0;0;0
04/09/2020;06:44:00;83;Acidente sem Vítimas;626,6;BR-040/MG;Sul;Colisão traseira;0;0;1;0;0;2;0;0;0;0;2;0;0;0;0
04/09/2020;08:45:00;113;Acidente com Vítimas;129,8;BR-040/MG;Norte;Tombamento de Moto;0;0;0;1;0;0;0;0;0;0;0;1;1;0;0
04/09/2020;13:31:00;172;Acidente sem Vítimas;598,6;BR-040/MG;Sul;Choque c/ Objeto Fixo;0;0;0;0;1;1;0;0;0;0;2;0;0;0;0
04/09/2020;15:17:00;199;Acidente com Vítimas;18,15;BR-040/GO;Norte;Choque c/ Objeto Fixo;1;0;0;0;0;0;0;0;0;0;0;0;1;0;0
04/09/2020;16:04:00;209;Acidente com Vítimas;307,7;BR-040/MG;Norte;Tombamento de Moto;0;0;0;1;0;0;0;0;0;0;0;2;0;0;0
04/09/2020;18:20:00;244;Acidente sem Vítimas;544,5;BR-040/MG;Norte;Engavetamento;2;0;0;0;0;1;0;0;0;0;2;0;0;0;0
04/09/2020;18:21:00;231;Acidente sem Vítimas;509,3;BR-040/MG;Norte;Engavetamento;2;0;0;0;0;1;0;0;0;0;3;0;0;0;0
04/09/2020;18:32:00;234;Acidente com Vítimas;488,24;BR-040/MG;Norte;Tombamento de Moto;0;0;0;0;0;0;0;0;0;0;0;0;0;0;0
04/09/2020;19:39:00;264;Acidente sem Vítimas;612,2;BR-040/MG;Sul;Colisão traseira;2;0;0;0;0;0;0;0;0;0;4;0;0;0;0
04/09/2020;22:58:00;334;Acidente com Vítimas;395,5;BR-040/MG;Norte;Tombamento;0;0;1;0;0;0;0;0;0;0;1;0;0;0;0
05/09/2020;02:00:00;23;Acidente sem Vítimas;7,8;BR-040/DF;Sul;Colisão traseira;2;0;0;0;0;0;0;0;0;0;4;0;0;0;0
05/09/2020;06:15:00;51;Acidente com Vítimas;29,8;BR-040/GO;Sul;Colisão traseira;1;0;0;0;0;2;0;0;0;0;1;0;0;0;0
05/09/2020;07:12:00;64;Acidente sem Vítimas;115,2;BR-040/MG;Sul;Atropelamento de Animal;1;0;0;0;0;0;0;0;0;0;1;0;0;0;0
05/09/2020;08:18:00;76;Acidente com Vítimas;601,8;BR-040/MG;Sul;Atropelamento de Animal;0;0;0;0;0;2;0;0;0;0;0;1;0;0;0
05/09/2020;09:55:00;103;Acidente com Vítimas;509,8;BR-040/MG;Norte;Colisão traseira;0;0;0;1;0;1;0;0;0;0;2;1;0;0;0
05/09/2020;10:34:00;108;Acidente sem Vítimas;5,3;BR-040/GO;Norte;Colisão transversal;2;0;0;0;0;0;0;0;0;0;1;0;0;0;0
05/09/2020;10:48:00;111;Acidente sem Vítimas;542,3;BR-040/MG;Sul;Engavetamento;5;0;0;0;0;0;0;0;0;0;5;0;0;0;0
05/09/2020;10:51:00;112;Acidente sem Vítimas;615,7;BR-040/MG;Sul;Colisão traseira;1;0;0;0;1;0;0;0;0;0;2;0;0;0;0
05/09/2020;11:49:00;121;Acidente Fatal;514,8;BR-040/MG;Norte;Colisão lateral;1;0;0;1;1;0;0;0;0;0;2;0;0;0;1
05/09/2020;11:52:00;122;Acidente sem Vítimas;721,8;BR-040/MG;Sul;Choque c/ Objeto Fixo;0;0;0;0;0;1;0;0;0;0;1;0;0;0;0
05/09/2020;15:52:00;184;Acidente com Vítimas;565,3;BR-040/MG;Norte;Capotamento;1;0;0;0;0;0;0;0;0;0;0;2;0;0;0
05/09/2020;16:14:00;192;Acidente sem Vítimas;656,4;BR-040/MG;Norte;Choque c/ Objeto Fixo;2;0;0;0;0;0;0;0;0;0;1;0;0;0;0
05/09/2020;16:24:00;193;Acidente com Vítimas;453,3;BR-040/MG;Norte;Choque c/ Objeto Fixo;0;0;0;1;0;0;0;0;0;0;0;0;2;0;0
05/09/2020;16:26:00;194;Acidente sem Vítimas;700,5;BR-040/MG;Sul;Colisão traseira;1;0;0;0;1;0;0;0;0;0;2;0;0;0;0
05/09/2020;16:55:00;203;Acidente sem Vítimas;2,6;BR-040/GO;Norte;Choque c/ Objeto Fixo;0;0;1;0;0;0;0;0;0;0;1;0;0;0;0
05/09/2020;17:50:00;216;Acidente sem Vítimas;512,2;BR-040/MG;Norte;Outros;3;0;0;0;0;0;0;0;0;0;1;0;1;0;0
05/09/2020;18:44:00;231;Acidente com Vítimas;512,15;BR-040/MG;Norte;Engavetamento;2;0;0;0;0;1;0;0;0;0;3;0;1;0;0
05/09/2020;18:56:00;235;Acidente com Vítimas;2,5;BR-040/GO;Sul;Queda Veículo;0;0;0;1;0;0;0;0;0;0;0;1;0;0;0
05/09/2020;19:14:00;242;Acidente sem Vítimas;660,93;BR-040/MG;Norte;Tombamento;0;0;0;0;2;1;0;0;0;0;4;0;0;0;0
05/09/2020;19:29:00;244;Acidente sem Vítimas;410,1;BR-040/MG;Norte;Colisão lateral;1;0;0;0;0;1;0;0;0;0;6;0;0;0;0
05/09/2020;19:29:00;245;Acidente sem Vítimas;509,1;BR-040/MG;Norte;Colisão lateral;1;0;0;0;0;1;0;0;0;0;1;0;0;0;0
06/09/2020;15:23:00;156;Acidente com Vítimas;464,4;BR-040/MG;Norte;Capotamento;2;0;0;0;0;0;0;0;0;0;0;0;0;3;0
06/09/2020;18:18:00;198;Acidente com Vítimas;112,1;BR-040/MG;Norte;Colisão lateral;2;0;0;0;0;0;0;0;0;0;4;0;0;0;0
06/09/2020;20:28:00;228;Acidente sem Vítimas;19,3;BR-040/GO;Sul;Colisão traseira;0;0;0;1;0;0;0;0;0;0;0;0;1;0;0
06/09/2020;22:28:00;250;Acidente com Vítimas;357,4;BR-040/MG;Norte;Colisão frontal;2;0;0;0;0;1;0;0;0;0;1;0;5;0;0
07/09/2020;00:28:00;3;Acidente com Vítimas;768,5;BR-040/MG;Norte;Choque c/ Objeto Fixo;1;0;0;0;0;0;0;0;0;0;1;0;0;0;0
07/09/2020;07:48:00;35;Acidente sem Vítimas;7,2;BR-040/DF;Sul;Colisão lateral;2;0;0;0;0;1;0;0;0;0;1;0;1;0;0
07/09/2020;09:46:00;51;Acidente com Vítimas;618,5;BR-040/MG;Sul;Engavetamento;3;0;0;0;0;0;0;0;0;0;0;1;2;0;0
07/09/2020;11:16:00;74;Acidente sem Vítimas;5,5;BR-040/DF;Norte;Capotamento;1;0;0;0;0;0;0;0;0;0;1;0;0;0;0
07/09/2020;13:10:00;106;Acidente sem Vítimas;139,5;BR-040/GO;Norte;Colisão transversal;2;0;0;0;0;0;0;0;0;0;4;0;0;0;0
07/09/2020;14:20:00;135;Acidente sem Vítimas;506,5;BR-040/MG;Sul;Colisão traseira;2;0;0;0;0;0;0;0;0;0;2;0;0;0;0
07/09/2020;15:16:00;155;Acidente sem Vítimas;510,3;BR-040/MG;Sul;Engavetamento;4;0;0;0;0;0;0;0;0;0;0;0;0;0;0
07/09/2020;15:36:00;163;Acidente sem Vítimas;404,1;BR-040/MG;Sul;Colisão traseira;2;0;0;0;0;0;0;0;0;0;1;0;0;0;0
07/09/2020;16:15:00;177;Acidente sem Vítimas;590,1;BR-040/MG;Norte;Capotamento;1;0;0;0;0;0;0;0;0;0;0;0;0;0;0
07/09/2020;17:09:00;190;Acidente com Vítimas;612,1;BR-040/MG;Norte;Colisão traseira;2;0;0;0;0;0;0;0;0;0;5;1;0;0;0
07/09/2020;17:19:00;194;Acidente sem Vítimas;385,5;BR-040/MG;Norte;Colisão traseira;1;0;0;0;0;1;0;0;0;0;5;0;0;0;0
07/09/2020;17:26:00;200;Acidente sem Vítimas;467,1;BR-040/MG;Sul;Colisão traseira;2;0;0;0;0;0;0;0;0;0;8;0;0;0;0
07/09/2020;19:47:00;247;Acidente sem Vítimas;758,2;BR-040/MG;Sul;Colisão lateral;1;0;0;0;0;1;0;0;0;0;5;0;0;0;0
07/09/2020;20:09:00;256;Acidente sem Vítimas;544,5;BR-040/MG;Sul;Colisão traseira;3;0;0;0;0;0;0;0;0;0;2;0;0;0;0
07/09/2020;20:33:00;258;Acidente sem Vítimas;483,1;BR-040/MG;Sul;Capotamento;0;0;0;0;0;1;0;0;0;1;2;2;0;0;0
07/09/2020;21:00:00;262;Acidente sem Vítimas;712,2;BR-040/MG;Sul;Choque c/ Objeto Fixo;1;0;0;0;0;0;0;0;0;0;1;0;0;0;0
07/09/2020;21:12:00;265;Acidente com Vítimas;437,2;BR-040/MG;Sul;Colisão transversal;1;0;0;1;0;0;0;0;0;0;5;0;0;0;0
07/09/2020;21:56:00;278;Acidente sem Vítimas;597,7;BR-040/MG;Norte;Choque c/ Objeto Fixo;1;0;0;0;0;1;0;0;0;0;2;0;0;0;0
07/09/2020;22:53:00;287;Acidente com Vítimas;7,3;BR-040/DF;Sul;Capotamento;1;0;0;0;0;0;0;0;0;0;2;0;1;0;0
08/09/2020;02:24:00;60;Acidente sem Vítimas;578,2;BR-040/MG;Sul;Choque c/ Objeto Fixo;0;0;0;0;1;0;0;0;0;0;1;0;0;0;0
08/09/2020;04:11:00;82;Acidente com Vítimas;513,1;BR-040/MG;Sul;Choque c/ Objeto Fixo;1;0;0;0;0;0;0;0;0;0;1;0;0;0;0
08/09/2020;12:32:00;199;Acidente sem Vítimas;515,15;BR-040/MG;Norte;Outros;0;0;1;0;2;1;0;0;0;0;1;1;0;0;0
08/09/2020;14:35:00;218;Acidente sem Vítimas;536,3;BR-040/MG;Sul;Engavetamento;2;0;1;0;0;0;0;0;0;0;3;0;0;0;0
08/09/2020;14:39:00;219;Acidente sem Vítimas;536,5;BR-040/MG;Sul;Tombamento de Moto;1;0;0;1;0;0;0;0;0;0;2;0;0;0;0
08/09/2020;15:15:00;229;Acidente sem Vítimas;510,2;BR-040/MG;Norte;Colisão traseira;3;0;0;0;0;1;0;0;0;0;2;0;0;0;0
08/09/2020;15:17:00;230;Acidente sem Vítimas;510,9;BR-040/MG;Sul;Colisão traseira;0;0;0;0;0;0;0;0;0;0;0;0;0;0;0
08/09/2020;16:39:00;248;Acidente com Vítimas;12,8;BR-040/GO;Sul;Choque c/ Objeto Fixo;1;0;0;0;0;0;0;0;0;0;0;0;0;1;0
08/09/2020;21:58:00;333;Acidente com Vítimas;633,57;BR-040/MG;Sul;Colisão transversal;0;0;0;2;0;2;0;0;0;0;0;1;0;0;0
09/09/2020;03:27:00;65;Acidente sem Vítimas;605,7;BR-040/MG;Norte;Queda Veículo;1;0;0;0;0;0;0;0;0;0;2;0;0;0;0
09/09/2020;05:20:00;80;Acidente sem Vítimas;534,2;BR-040/MG;Norte;Capotamento;1;0;0;0;0;0;0;0;0;0;1;0;0;0;0
09/09/2020;09:06:00;132;Acidente sem Vítimas;509,2;BR-040/MG;Norte;Colisão lateral;1;0;0;0;0;1;0;0;0;0;0;0;0;0;0
09/09/2020;12:04:00;164;Acidente sem Vítimas;709,4;BR-040/MG;Sul;Colisão lateral;1;0;0;0;0;1;0;0;0;0;3;0;0;0;0
09/09/2020;12:09:00;167;Acidente sem Vítimas;531,15;BR-040/MG;Sul;Tombamento de Moto;0;0;0;0;0;1;0;0;0;0;0;1;0;0;0
09/09/2020;15:56:00;213;Acidente sem Vítimas;1,1;BR-040/GO;Sul;Colisão traseira;0;0;0;0;0;0;0;0;0;0;0;0;0;0;0
09/09/2020;16:47:00;228;Acidente sem Vítimas;534,5;BR-040/MG;Norte;Colisão lateral;1;0;0;1;0;0;0;0;0;0;2;0;0;0;0
09/09/2020;17:44:00;244;Acidente com Vítimas;5,5;BR-040/DF;Norte;Colisão lateral;2;0;0;0;0;1;0;0;0;0;2;0;1;0;0
09/09/2020;18:11:00;250;Acidente sem Vítimas;93,2;BR-040/GO;Norte;Colisão traseira;0;0;1;0;0;1;0;0;0;0;2;0;0;0;0
09/09/2020;20:18:00;283;Acidente com Vítimas;527;BR-040/MG;Sul;Tombamento de Moto;0;0;0;0;0;1;0;0;0;0;0;0;0;1;0
10/09/2020;02:03:00;37;Acidente sem Vítimas;474,5;BR-040/MG;Sul;Tombamento;0;0;1;0;0;1;0;0;0;0;1;0;0;0;0
10/09/2020;07:55:00;137;Acidente com Vítimas;2,2;BR-040/GO;Norte;Tombamento de Moto;0;0;0;1;0;0;0;0;0;0;1;1;0;0;0
10/09/2020;11:46:00;200;Acidente sem Vítimas;549,45;BR-040/MG;Norte;Colisão traseira;1;0;0;0;0;1;0;0;0;0;2;0;0;0;0
10/09/2020;12:00:00;202;Acidente sem Vítimas;601,3;BR-040/MG;Sul;Choque c/ Objeto Fixo;0;0;0;1;0;1;0;0;0;0;1;0;0;0;0
10/09/2020;13:27:00;225;Acidente sem Vítimas;42,5;BR-040/MG;Sul;Colisão lateral;1;0;1;0;0;0;0;0;0;0;4;0;0;0;0
10/09/2020;14:47:00;238;Acidente sem Vítimas;509,5;BR-040/MG;Sul;Colisão traseira;0;0;1;0;0;1;0;0;0;0;2;0;0;0;0
10/09/2020;15:06:00;246;Acidente sem Vítimas;553,1;BR-040/MG;Sul;Colisão lateral;0;0;0;1;1;1;0;0;0;0;2;0;0;0;0
10/09/2020;15:26:00;252;Acidente sem Vítimas;114,2;BR-040/MG;Norte;Colisão traseira;1;0;1;0;0;0;0;0;0;0;2;1;0;0;0
10/09/2020;15:43:00;256;Acidente com Vítimas;482,5;BR-040/MG;Norte;Tombamento de Moto;0;0;0;1;0;0;0;0;0;0;0;2;0;0;0
10/09/2020;17:42:00;281;Acidente com Vítimas;517,1;BR-040/MG;Norte;Colisão lateral;1;0;0;0;1;0;0;0;0;0;2;1;0;0;0
11/09/2020;00:22:00;10;Acidente sem Vítimas;36,1;BR-040/GO;Norte;Atropelamento de Animal;0;0;0;0;1;0;0;0;0;0;1;0;0;0;0
11/09/2020;02:55:00;59;Acidente sem Vítimas;469,8;BR-040/MG;Norte;Atropelamento de Animal;0;0;0;0;0;1;0;0;0;0;1;0;0;0;0
11/09/2020;07:39:00;116;Acidente com Vítimas;511,1;BR-040/MG;Sul;Colisão lateral;0;0;0;1;0;2;0;0;0;0;1;1;0;0;0
11/09/2020;08:01:00;127;Acidente sem Vítimas;628,5;BR-040/MG;Sul;Choque c/ Objeto Fixo;1;0;0;0;0;0;0;0;0;0;1;0;0;0;0
11/09/2020;08:49:00;137;Acidente com Vítimas;3,5;BR-040/DF;Norte;Colisão traseira;1;0;0;0;0;1;0;0;0;0;0;1;0;0;0
11/09/2020;10:47:00;168;Acidente sem Vítimas;351,5;BR-040/MG;Norte;Colisão lateral;1;0;0;0;0;0;0;0;0;0;1;0;0;0;0
11/09/2020;11:28:00;174;Acidente sem Vítimas;750,1;BR-040/MG;Sul;Capotamento;0;0;0;0;0;0;0;0;0;0;0;0;0;0;0
11/09/2020;18:41:00;268;Acidente com Vítimas;524,2;BR-040/MG;Sul;Colisão traseira;1;0;0;0;0;2;0;0;0;0;1;0;1;0;0
11/09/2020;19:53:00;285;Acidente com Vítimas;4,7;BR-040/GO;Norte;Colisão lateral;1;0;0;1;0;0;0;0;0;0;1;1;0;0;0
12/09/2020;00:18:00;7;Acidente com Vítimas;7,9;BR-040/DF;Norte;Colisão traseira;2;0;0;1;0;0;0;0;0;0;0;1;0;0;0
12/09/2020;01:07:00;15;Acidente sem Vítimas;579,8;BR-040/MG;Norte;Choque c/ Objeto Fixo;1;0;0;0;0;1;0;0;0;0;1;0;0;0;0
12/09/2020;07:05:00;45;Acidente com Vítimas;126,2;BR-040/MG;Norte;Tombamento de Moto;0;0;0;2;0;0;0;0;0;0;0;1;0;0;0
12/09/2020;13:35:00;112;Acidente com Vítimas;516,12;BR-040/MG;Sul;Capotamento;2;0;0;0;0;0;0;0;0;0;0;1;0;0;0
12/09/2020;13:38:00;111;Acidente sem Vítimas;3,3;BR-040/GO;Norte;Choque c/ Objeto Fixo;0;0;1;0;0;0;0;0;0;0;1;0;0;0;0
12/09/2020;14:44:00;125;Acidente sem Vítimas;549,21;BR-040/MG;Norte;Colisão lateral;2;0;1;0;0;0;0;0;0;0;2;0;0;0;0
12/09/2020;15:51:00;134;Acidente com Vítimas;740,4;BR-040/MG;Sul;Colisão transversal;1;0;0;1;0;0;0;0;0;0;2;0;0;0;0
12/09/2020;18:13:00;160;Acidente sem Vítimas;618,4;BR-040/MG;Norte;Colisão traseira;2;0;0;0;0;0;0;0;0;0;2;0;0;0;0
12/09/2020;19:15:00;186;Acidente Fatal;140,9;BR-040/MG;Sul;Colisão frontal;1;0;0;0;1;1;0;0;0;0;1;0;0;0;1
12/09/2020;19:48:00;194;Acidente sem Vítimas;519,5;BR-040/MG;Norte;Atropelamento de Animal;0;0;0;0;0;0;0;0;0;0;0;0;0;0;0
12/09/2020;20:28:00;202;Acidente com Vítimas;27,5;BR-040/GO;Norte;Colisão transversal;2;0;0;0;0;0;0;0;0;0;3;2;1;0;0
12/09/2020;20:36:00;203;Acidente sem Vítimas;97,1;BR-040/GO;Norte;Colisão transversal;2;0;0;0;0;0;0;0;0;0;2;0;0;0;0
12/09/2020;21:41:00;212;Acidente com Vítimas;4,5;BR-040/DF;Sul;Choque c/ Objeto Fixo;1;0;0;0;0;1;0;0;0;0;1;1;0;0;0
13/09/2020;06:27:00;27;Acidente sem Vítimas;521,12;BR-040/MG;Norte;Capotamento;2;0;0;0;0;1;0;0;0;0;1;0;0;0;0
13/09/2020;09:21:00;53;Acidente com Vítimas;656,262;BR-040/MG;Norte;Tombamento de Moto;0;0;0;1;0;1;0;0;0;0;1;0;1;0;0
13/09/2020;12:10:00;75;Acidente sem Vítimas;405,15;BR-040/MG;Sul;Outros;1;0;0;0;0;0;0;0;0;0;0;0;0;0;0
13/09/2020;14:49:00;101;Acidente sem Vítimas;643,4;BR-040/MG;Norte;Colisão traseira;1;0;1;0;0;0;0;0;0;0;4;0;0;0;0
13/09/2020;16:57:00;128;Acidente com Vítimas;695,4;BR-040/MG;Norte;Capotamento;0;0;0;0;0;1;0;0;0;0;1;6;0;0;0
13/09/2020;17:15:00;131;Acidente com Vítimas;510,2;BR-040/MG;Sul;Engavetamento;4;0;0;0;0;1;0;0;0;0;4;0;0;0;0
13/09/2020;17:15:00;132;Acidente com Vítimas;448,2;BR-040/MG;Norte;Tombamento de Moto;0;0;0;1;0;0;0;0;0;0;1;0;0;0;0
13/09/2020;17:50:00;143;Acidente sem Vítimas;556,2;BR-040/MG;Norte;Colisão traseira;2;0;0;0;0;0;0;0;0;0;2;0;0;0;0
13/09/2020;18:21:00;152;Acidente com Vítimas;5,5;BR-040/GO;Norte;Colisão traseira;1;0;0;1;0;0;0;0;0;1;4;0;1;0;0
13/09/2020;18:42:00;162;Acidente com Vítimas;451,5;BR-040/MG;Norte;Colisão lateral;1;0;0;1;0;0;0;0;0;0;1;0;0;0;0
13/09/2020;21:51:00;225;Acidente com Vítimas;83,2;BR-040/MG;Norte;Colisão frontal;2;0;0;0;0;0;0;0;0;0;0;5;2;1;0
13/09/2020;23:12:00;243;Acidente com Vítimas;697,6;BR-040/MG;Sul;Capotamento;2;0;0;0;0;0;0;0;0;0;1;1;1;0;0
14/09/2020;03:58:00;42;Acidente com Vítimas;731,15;BR-040/MG;Sul;Tombamento;0;0;0;0;0;1;0;0;0;0;0;1;0;0;0
14/09/2020;06:08:00;86;Acidente Fatal;7,15;BR-040/GO;Sul;Atropelamento de Pedestre;0;0;0;2;0;0;0;0;0;0;0;0;1;0;1
14/09/2020;08:14:00;131;Acidente com Vítimas;759,9;BR-040/MG;Sul;Colisão lateral;0;0;0;1;0;1;0;0;0;0;0;1;0;0;0
14/09/2020;08:23:00;137;Acidente com Vítimas;15,3;BR-040/MG;Norte;Tombamento de Moto;0;0;0;1;0;0;0;0;0;0;0;0;1;0;0
14/09/2020;09:40:00;151;Acidente com Vítimas;493,1;BR-040/MG;Norte;Colisão traseira;1;0;0;0;0;1;0;0;0;0;1;1;0;0;0
14/09/2020;11:06:00;173;Acidente sem Vítimas;512,32;BR-040/MG;Sul;Colisão traseira;2;0;0;0;0;0;0;0;0;0;2;0;0;0;0
14/09/2020;11:18:00;179;Acidente com Vítimas;15,2;BR-040/GO;Sul;Colisão lateral;0;0;1;0;0;1;0;0;0;0;0;0;0;1;0
14/09/2020;11:55:00;192;Acidente sem Vítimas;551,8;BR-040/MG;Norte;Colisão traseira;2;0;0;0;0;0;0;0;0;0;2;0;0;0;0
14/09/2020;17:06:00;267;Acidente com Vítimas;537,1;BR-040/MG;Norte;Colisão traseira;1;0;0;1;0;0;0;0;0;0;1;1;0;0;0
14/09/2020;23:04:00;323;Acidente sem Vítimas;534,1;BR-040/MG;Norte;Colisão traseira;1;0;1;0;0;0;0;0;0;0;3;0;0;0;0
15/09/2020;00:47:00;61;Acidente Fatal;100,1;BR-040/MG;Sul;Colisão frontal;1;0;1;0;0;0;0;0;0;0;1;0;0;0;2
15/09/2020;01:58:00;67;Acidente com Vítimas;724,5;BR-040/MG;Norte;Choque c/ Objeto Fixo;1;0;0;0;0;0;0;0;0;0;1;1;0;0;0
15/09/2020;07:02:00;94;Acidente sem Vítimas;540,2;BR-040/MG;Sul;Engavetamento;2;0;1;0;0;1;0;0;0;0;4;0;0;0;0
15/09/2020;08:32:00;119;Acidente sem Vítimas;38,5;BR-040/MG;Sul;Tombamento de Moto;1;0;0;1;0;0;0;0;0;0;1;0;0;0;0
15/09/2020;08:52:00;121;Acidente Fatal;557,95;BR-040/MG;Sul;Engavetamento;1;0;2;1;0;0;0;0;0;0;1;0;1;1;1
15/09/2020;09:48:00;133;Acidente com Vítimas;4,9;BR-040/GO;Norte;Tombamento de Moto;1;0;0;1;0;0;0;0;0;0;1;1;0;0;0
15/09/2020;11:08:00;153;Acidente sem Vítimas;648,1;BR-040/MG;Sul;Colisão transversal;1;0;0;0;0;2;0;0;0;0;0;0;0;0;0
15/09/2020;14:06:00;182;Acidente com Vítimas;69,3;BR-040/MG;Norte;Colisão frontal;0;0;2;0;0;1;0;0;0;0;0;2;0;0;0
15/09/2020;14:19:00;184;Acidente com Vítimas;210,58;BR-040/MG;Norte;Tombamento de Moto;0;0;0;1;0;1;0;0;0;0;0;0;1;0;0
15/09/2020;15:05:00;193;Acidente sem Vítimas;637,7;BR-040/MG;Sul;Tombamento;0;0;1;0;0;1;0;0;0;0;0;0;0;0;0
15/09/2020;17:41:00;222;Acidente sem Vítimas;532,1;BR-040/MG;Norte;Colisão lateral;0;0;1;1;0;1;0;0;0;0;2;1;0;0;0
15/09/2020;19:56:00;263;Acidente Fatal;128,15;BR-040/MG;Sul;Colisão traseira;1;0;0;0;0;1;0;0;0;0;0;0;0;0;1
16/09/2020;03:40:00;79;Acidente com Vítimas;14,5;BR-040/GO;Norte;Choque c/ Objeto Fixo;1;0;0;0;0;1;0;0;0;0;0;0;1;0;0
16/09/2020;05:03:00;84;Acidente sem Vítimas;513,4;BR-040/MG;Sul;Choque c/ Objeto Fixo;1;0;0;0;0;0;0;0;0;0;1;1;0;0;0
16/09/2020;05:45:00;89;Acidente sem Vítimas;35,2;BR-040/GO;Norte;Atropelamento de Animal;1;0;0;0;0;0;0;0;0;0;2;0;0;0;0
16/09/2020;09:18:00;142;Acidente sem Vítimas;13,1;BR-040/GO;Norte;Colisão traseira;1;0;0;1;0;0;0;0;0;0;1;2;0;0;0
16/09/2020;09:30:00;147;Acidente com Vítimas;759,4;BR-040/MG;Norte;Atropelamento de Pedestre;0;0;0;0;1;0;0;0;0;0;0;0;1;0;0
16/09/2020;09:37:00;149;Acidente com Vítimas;582,4;BR-040/MG;Sul;Colisão frontal;1;0;0;0;1;2;0;0;0;0;6;2;0;0;0
16/09/2020;09:58:00;152;Acidente com Vítimas;628,4;BR-040/MG;Norte;Choque c/ Objeto Fixo;2;0;0;0;0;0;0;0;0;0;0;1;0;0;0
16/09/2020;16:43:00;240;Acidente sem Vítimas;0,1;BR-040/MG;Sul;Choque c/ Objeto Fixo;1;0;0;0;0;0;0;0;0;0;1;0;0;0;0
16/09/2020;21:31:00;318;Acidente com Vítimas;703,4;BR-040/MG;Sul;Colisão traseira;2;0;0;0;0;1;0;0;0;0;0;1;0;0;0
17/09/2020;00:30:00;4;Acidente Fatal;249,5;BR-040/MG;Norte;Choque c/ Objeto Fixo;0;0;0;0;2;1;0;0;0;0;0;0;1;0;1
17/09/2020;06:03:00;109;Acidente com Vítimas;6,3;BR-040/DF;Norte;Tombamento de Moto;0;0;0;1;0;0;0;0;0;0;0;1;0;0;0
17/09/2020;08:18:00;140;Acidente com Vítimas;521,2;BR-040/MG;Sul;Outros;0;0;0;1;0;0;0;0;0;0;1;0;1;0;0
17/09/2020;08:39:00;156;Acidente sem Vítimas;356,2;BR-040/MG;Sul;Colisão traseira;1;0;0;0;0;1;0;0;0;0;4;0;0;0;0
17/09/2020;10:30:00;172;Acidente sem Vítimas;22,9;BR-040/GO;Sul;Choque c/ Objeto Fixo;1;0;0;0;0;0;0;0;0;0;1;0;0;0;0
17/09/2020;14:22:00;220;Acidente Fatal;598,325;BR-040/MG;Norte;Colisão frontal;3;0;0;0;1;0;0;0;0;0;2;0;0;0;1
17/09/2020;17:28:00;250;Acidente sem Vítimas;12,3;BR-040/GO;Sul;Outros;1;0;0;1;0;0;0;0;0;0;1;0;0;0;0
17/09/2020;18:36:00;267;Acidente sem Vítimas;714,1;BR-040/MG;Norte;Colisão traseira;0;0;1;0;1;1;0;0;0;0;3;0;0;0;0
18/09/2020;02:40:00;92;Acidente com Vítimas;30,9;BR-040/GO;Norte;Capotamento;1;0;0;0;0;0;0;0;0;0;0;0;1;0;0