data;horario;n_da_ocorrencia;tipo_de_ocorrencia;km;trecho;sentido;tipo_de_acidente;automovel;bicicleta;caminhao;moto;onibus;outros;tracao_animal;transporte_de_cargas_especiais;trator_maquinas;utilitarios;ilesos;levemente_feridos;moderadamente_feridos;gravemente_feridos;mortos
18/09/2020;05:06:00;104;Acidente com Vítimas;523,32;BR-040/MG;Sul;Colisão traseira;2;0;0;0;0;0;0;0;0;0;0;1;0;0;0
18/09/2020;06:01:00;110;Acidente sem Vítimas;513,5;BR-040/MG;Sul;Choque c/ Objeto Fixo;1;0;0;0;0;0;0;0;0;0;1;0;0;0;0
18/09/2020;07:53:00;138;Acidente sem Vítimas;179,5;BR-040/MG;Sul;Outros;1;0;0;0;0;0;0;0;0;0;1;0;0;0;0
18/09/2020;08:07:00;142;Acidente com Vítimas;543,1;BR-040/MG;Norte;Engavetamento;1;0;0;2;0;0;0;0;0;0;0;1;0;0;0
18/09/2020;08:45:00;158;Acidente sem Vítimas;5,95;BR-040/DF;Norte;Colisão lateral;1;0;0;2;0;0;0;0;0;0;1;0;1;0;0
18/09/2020;11:07:00;193;Acidente com Vítimas;511,36;BR-040/MG;Norte;Colisão traseira;2;0;0;0;0;0;0;0;0;0;0;4;0;0;0
18/09/2020;12:59:00;220;Acidente com Vítimas;168,2;BR-040/MG;Sul;Outros;1;0;0;0;0;0;0;0;0;0;0;1;0;0;0
18/09/2020;15:10:00;247;Acidente sem Vítimas;537,1;BR-040/MG;Norte;Engavetamento;4;0;0;0;0;0;0;0;0;0;4;0;0;0;0
18/09/2020;15:40:00;258;Acidente com Vítimas;386,3;BR-040/MG;Norte;Choque c/ Objeto Fixo;0;0;0;0;0;1;0;0;0;0;1;1;0;0;0
18/09/2020;17:19:00;286;Acidente com Vítimas;517,1;BR-040/MG;Norte;Colisão lateral;1;0;0;1;0;0;0;0;0;0;2;2;0;0;0
18/09/2020;17:22:00;287;Acidente sem Vítimas;459,1;BR-040/MG;Norte;Capotamento;1;0;0;0;0;0;0;0;0;0;2;0;0;0;0
18/09/2020;17:33:00;290;Acidente sem Vítimas;642,1;BR-040/MG;Sul;Capotamento;0;0;0;0;0;1;0;0;0;0;1;0;0;0;0
18/09/2020;17:38:00;296;Acidente com Vítimas;521,1;BR-040/MG;Norte;Colisão traseira;2;0;0;1;0;0;0;0;0;0;1;0;1;1;0
18/09/2020;18:29:00;307;Acidente sem Vítimas;610,2;BR-040/MG;Sul;Tombamento de Moto;0;0;0;1;0;0;0;0;0;0;1;0;0;0;0
18/09/2020;18:34:00;308;Acidente Fatal;575,835;BR-040/MG;Sul;Atropelamento de Pedestre;0;0;0;0;0;1;0;0;0;0;1;0;0;0;1
18/09/2020;20:34:00;345;Acidente com Vítimas;12,6;BR-040/GO;Norte;Atropelamento de Pedestre;1;0;0;1;0;0;0;0;0;0;2;1;0;1;0
19/09/2020;06:05:00;39;Acidente sem Vítimas;349,15;BR-040/MG;Norte;Atropelamento de Animal;1;0;0;0;0;0;0;0;0;0;3;0;0;0;0
19/09/2020;07:18:00;51;Acidente sem Vítimas;557,5;BR-040/MG;Norte;Engavetamento;3;0;0;0;0;0;0;0;0;0;3;0;0;0;0
19/09/2020;10:28:00;95;Acidente sem Vítimas;714,1;BR-040/MG;Norte;Colisão transversal;0;1;0;1;0;0;0;0;0;0;0;0;0;0;0
19/09/2020;11:02:00;104;Acidente sem Vítimas;139,15;BR-040/GO;Sul;Tombamento;0;0;0;0;1;0;0;0;0;0;1;0;0;0;0
19/09/2020;11:10:00;106;Acidente sem Vítimas;4,6;BR-040/GO;Norte;Colisão traseira;2;0;0;0;0;0;0;0;0;0;2;0;0;0;0
19/09/2020;12:40:00;130;Acidente sem Vítimas;462,1;BR-040/MG;Norte;Colisão lateral;1;0;0;0;1;0;0;0;0;0;2;0;0;0;0
19/09/2020;13:30:00;143;Acidente com Vítimas;7,8;BR-040/GO;Sul;Colisão traseira;1;0;0;1;0;0;0;0;0;0;32;2;0;0;0
19/09/2020;15:54:00;174;Acidente sem Vítimas;5,918;BR-040/GO;Sul;Colisão traseira;1;0;0;0;1;0;0;0;0;0;2;0;0;0;0
19/09/2020;16:44:00;189;Acidente sem Vítimas;12,8;BR-040/GO;Sul;Colisão lateral;0;0;0;0;0;0;0;0;0;0;0;0;0;0;0
19/09/2020;16:48:00;191;Acidente sem Vítimas;42,3;BR-040/MG;Norte;Colisão lateral;0;0;0;2;0;0;0;0;0;0;2;0;0;0;0
19/09/2020;18:27:00;217;Acidente com Vítimas;10,6;BR-040/MG;Sul;Colisão transversal;1;0;0;1;0;0;0;0;0;0;3;0;0;1;0
19/09/2020;18:41:00;223;Acidente sem Vítimas;623,1;BR-040/MG;Sul;Atropelamento de Ciclista;1;0;0;0;0;0;0;0;0;0;0;1;0;0;0
19/09/2020;19:39:00;233;Acidente com Vítimas;638,15;BR-040/MG;Norte;Colisão frontal;1;1;0;0;0;0;0;0;0;0;1;0;1;0;0
19/09/2020;20:11:00;241;Acidente sem Vítimas;5,2;BR-040/DF;Norte;Colisão lateral;2;0;0;0;0;0;0;0;0;0;2;0;0;0;0
19/09/2020;21:06:00;251;Acidente sem Vítimas;503,1;BR-040/MG;Sul;Choque c/ Objeto Fixo;1;0;0;0;0;0;0;0;0;0;1;0;0;0;0
19/09/2020;21:22:00;254;Acidente sem Vítimas;664,5;BR-040/MG;Norte;Choque c/ Objeto Fixo;1;0;0;0;0;0;0;0;0;0;1;0;0;0;0
20/09/2020;00:50:00;5;Acidente sem Vítimas;457,3;BR-040/MG;Sul;Capotamento;1;0;0;0;0;0;0;0;0;0;1;0;0;0;0
20/09/2020;05:01:00;19;Acidente com Vítimas;526,3;BR-040/MG;Norte;Choque c/ Objeto Fixo;0;0;0;1;0;0;0;0;0;0;0;0;0;0;0
20/09/2020;07:36:00;39;Acidente com Vítimas;538,1;BR-040/MG;Sul;Capotamento;1;0;0;0;0;0;0;0;0;0;0;0;0;0;0
20/09/2020;13:49:00;128;Acidente sem Vítimas;615,4;BR-040/MG;Norte;Capotamento;1;0;0;0;0;0;0;0;0;0;3;0;0;0;0
20/09/2020;14:04:00;130;Acidente sem Vítimas;591,6;BR-040/MG;Norte;Choque c/ Objeto Fixo;2;0;0;0;0;0;0;0;0;0;3;0;0;0;0
20/09/2020;15:06:00;142;Acidente com Vítimas;645,7;BR-040/MG;Norte;Colisão lateral;0;0;0;1;0;1;0;0;0;0;2;1;0;0;0
20/09/2020;16:26:00;157;Acidente com Vítimas;11,9;BR-040/GO;Norte;Colisão traseira;2;0;0;0;0;0;0;0;0;0;0;1;0;0;0
20/09/2020;16:49:00;162;Acidente sem Vítimas;141,5;BR-040/MG;Norte;Colisão lateral;2;0;0;0;0;0;0;0;0;0;0;0;0;0;0
20/09/2020;18:49:00;188;Acidente com Vítimas;512,1;BR-040/MG;Sul;Atropelamento de Andarilho;1;0;0;0;0;0;0;0;0;0;1;0;1;0;0
20/09/2020;19:13:00;193;Acidente sem Vítimas;565,1;BR-040/MG;Sul;Capotamento;1;0;0;0;0;0;0;0;0;0;1;0;0;0;0
20/09/2020;19:28:00;200;Acidente com Vítimas;414,9;BR-040/MG;Norte;Tombamento de Moto;0;0;0;1;0;1;0;0;0;0;0;0;1;0;0
20/09/2020;19:31:00;199;Acidente com Vítimas;10,5;BR-040/GO;Norte;Colisão lateral;1;0;0;1;0;0;0;0;0;0;0;0;0;0;0
20/09/2020;19:47:00;205;Acidente com Vítimas;547,5;BR-040/MG;Norte;Capotamento;1;0;0;0;0;0;0;0;0;0;0;0;3;2;0
20/09/2020;20:26:00;216;Acidente com Vítimas;279,2;BR-040/MG;Sul;Colisão traseira;3;0;0;0;0;0;0;0;0;0;1;3;0;0;0
20/09/2020;20:32:00;219;Acidente sem Vítimas;487,34;BR-040/MG;Sul;Colisão traseira;1;0;0;0;1;0;0;0;0;0;5;0;0;0;0
20/09/2020;20:36:00;220;Acidente com Vítimas;96,8;BR-040/GO;Sul;Atropelamento de Pedestre;2;0;0;0;0;0;0;0;0;0;5;0;0;3;0
20/09/2020;20:59:00;227;Acidente fatal;659,4;BR-040/MG;Sul;Atropelamento de Ciclista;0;2;0;0;0;1;0;0;0;0;1;0;0;0;1
20/09/2020;23:32:00;248;Acidente com Vítimas;7,2;BR-040/DF;Sul;Colisão lateral;1;0;0;1;0;0;0;0;0;0;3;0;1;0;0
21/09/2020;00:52:00;5;Acidente sem Vítimas;659,6;BR-040/MG;Sul;Choque c/ Objeto Fixo;1;0;0;0;0;0;0;0;0;0;5;0;0;0;0
21/09/2020;02:24:00;16;Acidente sem Vítimas;588,4;BR-040/MG;Sul;Choque c/ Objeto Fixo;0;0;0;0;0;1;0;0;0;0;1;0;0;0;0
21/09/2020;06:13:00;88;Acidente com Vítimas;507,5;BR-040/MG;Sul;Atropelamento de Pedestre;0;0;0;1;0;0;0;0;0;0;0;1;1;0;0
21/09/2020;06:56:00;113;Acidente sem Vítimas;349,1;BR-040/MG;Sul;Colisão traseira;2;0;0;0;0;0;0;0;0;0;1;0;0;0;0
21/09/2020;07:33:00;127;Acidente sem Vítimas;498,4;BR-040/MG;Sul;Colisão lateral;1;0;0;0;0;2;0;0;0;0;0;0;0;0;0
21/09/2020;07:40:00;128;Acidente com Vítimas;706,4;BR-040/MG;Norte;Choque c/ Objeto Fixo;0;0;1;0;0;1;0;0;0;0;7;5;0;0;0
21/09/2020;08:28:00;140;Acidente sem Vítimas;735,4;BR-040/MG;Norte;Choque c/ Objeto Fixo;0;0;0;0;0;1;0;0;0;0;1;0;0;0;0
21/09/2020;09:08:00;148;Acidente sem Vítimas;718,6;BR-040/MG;Norte;Choque c/ Objeto Fixo;2;0;0;0;0;0;0;0;0;0;3;0;0;0;0
21/09/2020;09:45:00;161;Acidente com Vítimas;728,6;BR-040/MG;Sul;Capotamento;1;0;0;0;0;1;0;0;0;0;3;1;0;0;0
21/09/2020;10:37:00;176;Acidente com Vítimas;7,7;BR-040/GO;Norte;Tombamento de Moto;0;0;0;0;0;1;0;0;0;0;0;0;1;0;0
21/09/2020;13:34:00;206;Acidente sem Vítimas;3,5;BR-040/DF;Sul;Colisão traseira;2;0;0;0;0;0;0;0;0;0;0;0;0;0;0
21/09/2020;13:57:00;208;Acidente sem Vítimas;0,1;BR-040/DF;Norte;Tombamento;0;0;1;0;0;0;0;0;0;0;1;0;0;0;0
21/09/2020;16:34:00;238;Acidente sem Vítimas;515,1;BR-040/MG;Sul;Choque c/ Objeto Fixo;0;0;0;0;0;1;0;0;0;0;0;0;0;0;0
21/09/2020;16:53:00;242;Acidente com Vítimas;5,4;BR-040/GO;Sul;Colisão lateral;1;0;0;1;0;0;0;0;0;0;1;0;1;0;0
21/09/2020;17:28:00;247;Acidente Fatal;740,45;BR-040/MG;Norte;Colisão frontal;2;0;0;0;1;0;0;0;0;0;1;0;0;1;1
21/09/2020;17:38:00;249;Acidente com Vítimas;140,2;BR-040/MG;Norte;Capotamento;1;0;0;0;0;1;0;0;0;0;1;0;0;0;0
22/09/2020;06:54:00;95;Acidente sem Vítimas;514,5;BR-040/MG;Sul;Colisão traseira;1;0;0;1;0;1;0;0;0;0;1;0;0;0;0
22/09/2020;07:57:00;108;Acidente com Vítimas;526,3;BR-040/MG;Norte;Colisão traseira;1;0;0;1;0;0;0;0;0;0;1;0;0;0;0
22/09/2020;08:38:00;123;Acidente com Vítimas;7,7;BR-040/DF;Norte;Colisão lateral;1;0;0;0;0;1;0;0;0;0;2;1;0;0;0
22/09/2020;10:19:00;139;Acidente sem Vítimas;717,5;BR-040/MG;Norte;Choque c/ Objeto Fixo;1;0;0;0;0;0;0;0;0;0;0;0;0;0;0
22/09/2020;10:44:00;146;Acidente sem Vítimas;3,1;BR-040/DF;Norte;Engavetamento;2;0;0;0;0;1;0;0;0;0;3;0;0;0;0
22/09/2020;11:09:00;152;Acidente sem Vítimas;737,9;BR-040/MG;Sul;Choque c/ Objeto Fixo;1;0;0;0;0;0;0;0;0;0;0;0;0;0;0
22/09/2020;13:16:00;182;Acidente sem Vítimas;47,4;BR-040/GO;Norte;Choque c/ Objeto Fixo;0;0;1;0;0;0;0;0;0;0;1;0;0;0;0
22/09/2020;14:30:00;201;Acidente sem Vítimas;520,5;BR-040/MG;Norte;Choque com objeto;0;0;0;0;0;1;0;0;0;0;1;0;0;0;0
22/09/2020;14:38:00;205;Acidente com Vítimas;501,1;BR-040/MG;Norte;Choque c/ Objeto Fixo;0;0;1;0;0;0;0;0;0;0;0;0;1;0;0
22/09/2020;15:24:00;213;Acidente sem Vítimas;464,1;BR-040/MG;Norte;Tombamento;0;0;1;0;0;0;0;0;0;0;1;0;0;0;0
22/09/2020;15:40:00;216;Acidente sem Vítimas;537,1;BR-040/MG;Norte;Choque c/ Objeto Fixo;1;0;0;0;0;0;0;0;0;0;1;0;0;0;0
22/09/2020;15:41:00;217;Acidente sem Vítimas;523,1;BR-040/MG;Norte;Colisão traseira;2;0;0;0;0;1;0;0;0;0;2;0;0;0;0
22/09/2020;15:50:00;221;Acidente sem Vítimas;523,5;BR-040/MG;Norte;Colisão traseira;2;0;1;0;0;0;0;0;0;0;0;0;0;0;0
22/09/2020;15:59:00;224;Acidente sem Vítimas;719,1;BR-040/MG;Norte;Choque c/ Objeto Fixo;0;0;0;0;0;0;0;0;0;0;0;0;0;0;0
22/09/2020;16:46:00;233;Acidente sem Vítimas;739,1;BR-040/MG;Norte;Colisão traseira;2;0;0;0;0;0;0;0;0;0;0;0;0;0;0
22/09/2020;16:50:00;232;Acidente sem Vítimas;81,7;BR-040/GO;Norte;Outros;2;0;0;0;0;0;0;0;0;0;1;0;0;0;0
22/09/2020;16:56:00;235;Acidente com Vítimas;1,8;BR-040/GO;Sul;Tombamento de Moto;1;0;0;0;0;0;0;0;1;0;0;1;0;0;0
22/09/2020;17:02:00;240;Acidente sem Vítimas;695,1;BR-040/MG;Norte;Choque c/ Objeto Fixo;1;0;0;0;0;0;0;0;0;1;1;0;0;0;0
22/09/2020;17:49:00;250;Acidente sem Vítimas;510,1;BR-040/MG;Norte;Colisão traseira;0;0;1;0;1;0;0;0;0;0;2;0;0;0;0
22/09/2020;17:58:00;255;Acidente sem Vítimas;729,78;BR-040/MG;Norte;Choque c/ Objeto Fixo;2;0;0;0;0;0;0;0;0;0;1;0;0;0;0
22/09/2020;19:29:00;272;Acidente sem Vítimas;7,9;BR-040/GO;Norte;Colisão traseira;4;0;0;0;0;0;0;0;0;0;3;0;0;0;0
22/09/2020;19:33:00;274;Acidente sem Vítimas;577,3;BR-040/MG;Norte;Colisão traseira;1;0;0;0;0;1;0;0;0;0;2;0;0;0;0
22/09/2020;20:08:00;286;Acidente sem Vítimas;749,5;BR-040/MG;Sul;Choque c/ Objeto Fixo;1;0;0;0;0;1;0;0;0;0;1;0;0;0;0
23/09/2020;06:14:00;82;Acidente sem Vítimas;282,4;BR-040/MG;Norte;Colisão lateral;4;0;0;0;0;0;0;0;0;0;5;0;0;0;0
23/09/2020;06:23:00;84;Acidente sem Vítimas;46,1;BR-040/MG;Sul;Colisão traseira;1;0;0;0;2;0;0;0;0;0;3;0;0;0;0
23/09/2020;08:34:00;118;Acidente sem Vítimas;577,3;BR-040/MG;Sul;Choque c/ Objeto Fixo;0;0;0;0;0;1;0;0;0;0;0;0;0;0;0
23/09/2020;12:37:00;188;Acidente com Vítimas;512,8;BR-040/MG;Sul;Capotamento;2;0;0;0;0;1;0;0;0;0;2;1;0;0;0
23/09/2020;15:06:00;219;Acidente sem Vítimas;532,4;BR-040/MG;Sul;Engavetamento;0;0;2;0;1;0;0;0;0;0;22;0;0;0;0
23/09/2020;17:35:00;253;Acidente com Vítimas;543,7;BR-040/MG;Norte;Colisão lateral;1;0;0;1;0;0;0;0;0;0;2;0;1;0;0
23/09/2020;19:49:00;279;Acidente sem Vítimas;521,2;BR-040/MG;Sul;Atropelamento de Animal;1;0;0;0;0;0;0;0;0;0;1;0;0;0;0
23/09/2020;20:43:00;285;Acidente com Vítimas;537,5;BR-040/MG;Norte;Colisão traseira;2;0;0;0;0;0;0;0;0;0;5;2;1;0;0
23/09/2020;22:49:00;296;Acidente com Vítimas;469,1;BR-040/MG;Norte;Atropelamento de Animal;0;0;1;0;0;0;0;0;0;0;1;1;0;0;0
24/09/2020;03:48:00;87;Acidente sem Vítimas;515,3;BR-040/MG;Sul;Atropelamento de Animal;2;0;0;0;0;0;0;0;0;0;1;0;0;0;0
24/09/2020;04:25:00;90;Acidente sem Vítimas;515,8;BR-040/MG;Sul;Atropelamento de Animal;1;0;0;0;0;0;0;0;0;0;1;0;0;0;0
24/09/2020;08:09:00;130;Acidente sem Vítimas;735,15;BR-040/MG;Sul;Choque c/ Objeto Fixo;2;0;0;0;0;0;0;0;0;0;1;0;0;0;0
24/09/2020;08:14:00;136;Acidente com Vítimas;7,8;BR-040/DF;Norte;Colisão traseira;0;0;0;1;0;1;0;0;0;0;1;1;0;0;0
24/09/2020;09:12:00;150;Acidente sem Vítimas;717,15;BR-040/MG;Norte;Choque c/ Objeto Fixo;0;0;0;0;0;1;0;0;0;0;0;0;0;0;0
24/09/2020;11:22:00;186;Acidente sem Vítimas;362,1;BR-040/MG;Norte;Colisão traseira;1;0;0;1;0;0;0;0;0;0;2;0;0;0;0
24/09/2020;17:52:00;268;Acidente com Vítimas;8,2;BR-040/GO;Sul;Colisão transversal;1;0;0;2;0;0;0;0;0;0;3;1;0;0;0
24/09/2020;18:43:00;275;Acidente com Vítimas;572,83;BR-040/MG;Sul;Colisão transversal;2;0;0;0;0;0;0;0;0;0;0;1;0;0;0
24/09/2020;19:23:00;292;Acidente sem Vítimas;696,6;BR-040/MG;Norte;Colisão traseira;1;0;0;0;0;1;0;0;0;0;3;0;0;0;0
24/09/2020;19:32:00;302;Acidente com Vítimas;3,8;BR-040/DF;Sul;Colisão lateral;1;0;0;1;0;0;0;0;0;0;1;0;1;0;0
24/09/2020;21:08:00;317;Acidente com Vítimas;551,3;BR-040/MG;Sul;Tombamento de Moto;1;0;0;1;0;0;0;0;0;0;1;0;0;0;0
24/09/2020;21:15:00;319;Acidente sem Vítimas;7,8;BR-040/GO;Norte;Colisão traseira;2;0;0;0;0;0;0;0;0;0;3;0;0;0;0
25/09/2020;06:02:00;85;Acidente com Vítimas;641,415;BR-040/MG;Sul;Tombamento;0;0;0;0;0;2;0;0;0;0;2;1;0;0;0
25/09/2020;07:45:00;108;Acidente com Vítimas;523,2;BR-040/MG;Sul;Colisão lateral;0;0;0;1;0;0;0;0;0;0;1;0;1;0;0
25/09/2020;08:53:00;126;Acidente sem Vítimas;43,7;BR-040/MG;Sul;Colisão lateral;2;0;0;0;0;0;0;0;0;0;0;0;0;0;0
25/09/2020;09:24:00;136;Acidente sem Vítimas;2,1;BR-040/GO;Sul;Colisão lateral;0;0;0;1;0;1;0;0;0;0;2;0;0;0;0
25/09/2020;15:42:00;208;Acidente com Vítimas;508,12;BR-040/MG;Sul;Tombamento de Moto;0;0;0;1;0;1;0;0;0;0;1;0;1;0;0
25/09/2020;15:46:00;211;Acidente com Vítimas;7,1;BR-040/GO;Sul;Colisão transversal;1;0;0;1;0;1;0;0;0;0;1;0;0;0;0
25/09/2020;16:03:00;216;Acidente sem Vítimas;615,15;BR-040/MG;Sul;Colisão traseira;3;0;0;0;0;0;0;0;0;0;3;0;0;0;0
25/09/2020;16:52:00;233;Acidente com Vítimas;5,1;BR-040/GO;Sul;Colisão traseira;1;0;0;1;0;0;0;0;0;0;2;1;0;0;0
25/09/2020;17:23:00;240;Acidente sem Vítimas;486,12;BR-040/MG;Sul;Tombamento;0;0;0;1;0;0;0;0;0;0;1;0;0;0;0
25/09/2020;19:19:00;268;Acidente com Vítimas;534,48;BR-040/MG;Norte;Colisão traseira;1;0;0;2;0;1;0;0;0;0;1;0;0;0;0
25/09/2020;23:45:00;326;Acidente com Vítimas;610,2;BR-040/MG;Norte;Colisão transversal;1;0;0;0;0;0;0;0;0;4;4;0;1;0;0
26/09/2020;01:52:00;17;Acidente sem Vítimas;560,9;BR-040/MG;Norte;Choque c/ Objeto Fixo;1;0;0;0;0;0;0;0;0;0;1;0;0;0;0
26/09/2020;06:32:00;43;Acidente sem Vítimas;533,4;BR-040/MG;Norte;Colisão lateral;1;0;0;0;1;0;0;0;0;0;2;0;0;0;0
26/09/2020;11:50:00;125;Acidente com Vítimas;499,5;BR-040/MG;Norte;Tombamento de Moto;0;0;0;1;0;0;0;0;0;0;0;0;0;1;0
26/09/2020;17:06:00;189;Acidente com Vítimas;119,1;BR-040/MG;Sul;Colisão lateral;0;0;0;0;1;1;0;0;0;0;2;0;0;0;0
26/09/2020;18:20:00;205;Acidente com Vítimas;513,9;BR-040/MG;Norte;Atropelamento de Pedestre;0;0;0;0;0;1;0;0;0;0;1;0;0;1;0
26/09/2020;23:59:00;242;Acidente sem Vítimas;483,8;BR-040/MG;Norte;Capotamento;0;0;0;0;0;1;0;0;0;0;1;0;0;0;0
27/09/2020;00:53:00;8;Acidente sem Vítimas;362,9;BR-040/MG;Norte;Choque c/ Objeto Fixo;1;0;0;0;0;0;0;0;0;0;2;0;0;0;0
27/09/2020;04:10:00;23;Acidente sem Vítimas;533,85;BR-040/MG;Norte;Colisão lateral;1;0;0;0;0;0;0;0;0;0;1;0;0;0;0
27/09/2020;08:35:00;46;Acidente com Vítimas;45,4;BR-040/GO;Norte;Colisão transversal;2;0;0;0;0;0;0;0;0;0;0;1;1;0;0
27/09/2020;10:32:00;72;Acidente com Vítimas;5,7;BR-040/GO;Sul;Capotamento;2;0;0;0;0;0;0;0;0;0;1;2;0;0;0
27/09/2020;11:25:00;80;Acidente com Vítimas;531,287;BR-040/MG;Norte;Colisão lateral;1;0;0;1;0;0;0;0;0;0;2;0;1;0;0
27/09/2020;16:32:00;155;Acidente com Vítimas;519,1;BR-040/MG;Sul;Colisão lateral;1;0;0;0;1;0;0;0;0;0;2;0;0;0;0
27/09/2020;18:07:00;177;Acidente com Vítimas;636,3;BR-040/MG;Sul;Capotamento;1;0;0;0;0;0;0;0;0;0;1;3;0;1;0
27/09/2020;18:18:00;182;Acidente com Vítimas;4,9;BR-040/GO;Norte;Tombamento de Moto;0;0;0;1;0;0;0;0;0;0;0;1;0;0;0
27/09/2020;18:55:00;191;Acidente com Vítimas;584,4;BR-040/MG;Norte;Colisão traseira;1;0;0;0;1;0;0;0;0;0;2;1;0;0;0
27/09/2020;20:10:00;203;Acidente com Vítimas;479,1;BR-040/MG;Sul;Choque c/ Objeto Fixo;1;0;0;0;0;0;0;0;0;0;4;1;0;0;0
28/09/2020;00:35:00;36;Acidente com Vítimas;498,1;BR-040/MG;Sul;Tombamento de Moto;0;0;0;1;0;0;0;0;0;0;0;1;0;0;0
28/09/2020;04:45:00;74;Acidente com Vítimas;515,2;BR-040/MG;Sul;Colisão traseira;1;0;0;1;0;0;0;0;0;0;1;1;0;0;0
28/09/2020;07:10:00;105;Acidente sem Vítimas;6,5;BR-040/DF;Norte;Engavetamento;1;0;0;0;1;1;0;0;0;0;3;0;0;0;0
28/09/2020;10:23:00;176;Acidente com Vítimas;626,15;BR-040/MG;Norte;Tombamento de Moto;0;0;0;0;0;0;0;0;0;0;0;0;1;0;0
28/09/2020;12:40:00;220;Acidente sem Vítimas;614,7;BR-040/MG;Norte;Choque c/ Objeto Fixo;1;0;0;0;0;0;0;0;0;0;1;0;0;0;0
28/09/2020;14:16:00;247;Acidente com Vítimas;641,315;BR-040/MG;Sul;Tombamento de Moto;0;0;0;0;0;0;0;0;0;0;0;0;1;0;0
28/09/2020;15:40:00;265;Acidente com Vítimas;1,8;BR-040/GO;Norte;Atropelamento de Pedestre;0;0;1;1;0;0;0;0;0;0;1;0;1;0;0
28/09/2020;22:48:00;366;Acidente com Vítimas;439,5;BR-040/MG;Norte;Colisão traseira;0;0;1;0;0;2;0;0;0;0;1;0;1;0;0
29/09/2020;06:22:00;96;Acidente sem Vítimas;731,4;BR-040/MG;Sul;Tombamento;0;0;0;0;1;0;0;0;0;0;1;0;0;0;0
29/09/2020;06:28:00;101;Acidente com Vítimas;514,12;BR-040/MG;Sul;Colisão lateral;1;0;0;1;0;0;0;0;0;0;1;1;0;0;0
29/09/2020;09:01:00;149;Acidente sem Vítimas;308,5;BR-040/MG;Sul;Choque c/ Objeto Fixo;1;0;0;0;0;0;0;0;0;0;1;0;0;0;0
29/09/2020;15:58:00;235;Acidente sem Vítimas;621,1;BR-040/MG;Sul;Colisão lateral;1;0;1;1;0;0;0;0;0;0;2;0;0;0;0
29/09/2020;16:14:00;248;Acidente com Vítimas;19,2;BR-040/GO;Norte;Colisão traseira;3;0;0;0;0;0;0;0;0;0;2;1;0;0;0
29/09/2020;19:11:00;291;Acidente com Vítimas;691,2;BR-040/MG;Norte;Colisão lateral;2;0;0;0;0;1;0;0;0;0;2;1;0;0;0
29/09/2020;19:22:00;294;Acidente sem Vítimas;6,2;BR-040/GO;Sul;Colisão traseira;2;0;0;0;0;0;0;0;0;0;2;0;0;0;0
29/09/2020;19:46:00;307;Acidente com Vítimas;649,5;BR-040/MG;Norte;Outros;1;0;0;1;0;1;0;0;0;0;1;0;0;0;0
01/10/2020;02:51:00;75;Acidente sem Vítimas;593,8;BR-040/MG;Sul;Colisão traseira;2;0;0;0;0;1;0;0;0;0;1;0;0;0;0
01/10/2020;09:00:00;145;Acidente Fatal;510,637;BR-040/MG;Sul;Tombamento de Moto;0;0;0;1;1;0;0;0;0;0;1;0;0;0;1
01/10/2020;09:08:00;151;Acidente com Vítimas;597,4;Fora_Rota;Sul;Tombamento;0;0;1;0;0;0;0;0;0;0;0;0;1;0;0
01/10/2020;10:58:00;183;Acidente sem Vítimas;510,1;BR-040/MG;Norte;Colisão traseira;1;0;0;1;0;0;0;0;0;0;2;0;0;0;0
01/10/2020;18:22:00;288;Acidente com Vítimas;535,9;BR-040/MG;Norte;Colisão lateral;2;0;0;1;0;0;0;0;0;0;3;1;0;0;0
01/10/2020;18:59:00;297;Acidente sem Vítimas;511,1;BR-040/MG;Sul;Colisão lateral;1;0;2;0;0;0;0;0;0;0;1;0;0;0;0
01/10/2020;19:43:00;309;Acidente sem Vítimas;522,1;BR-040/MG;Sul;Atropelamento de Animal;0;0;2;0;0;0;0;0;0;0;1;0;0;0;0
01/10/2020;20:09:00;318;Acidente sem Vítimas;544;BR-040/MG;Sul;Colisão traseira;1;0;1;0;1;0;0;0;0;0;2;0;0;0;0
01/10/2020;20:14:00;317;Acidente com Vítimas;24,5;BR-040/GO;Sul;Colisão transversal;1;0;0;1;0;0;0;0;0;0;2;0;0;0;0
01/10/2020;22:28:00;343;Acidente com Vítimas;507,6;BR-040/MG;Sul;Atropelamento de Animal;0;0;0;1;0;0;0;0;0;0;0;0;1;0;0
01/10/2020;23:38:00;357;Acidente Fatal;619,6;BR-040/MG;Sul;Capotamento;1;0;0;0;0;0;0;0;0;0;0;0;0;0;1
02/10/2020;06:34:00;99;Acidente sem Vítimas;619,15;BR-040/MG;Norte;Choque c/ Objeto Fixo;1;0;0;0;0;1;0;0;0;0;0;0;0;0;0
02/10/2020;07:23:00;115;Acidente sem Vítimas;292,6;BR-040/MG;Sul;Tombamento;0;0;0;0;3;1;0;0;0;0;1;0;0;0;0
02/10/2020;08:46:00;132;Acidente sem Vítimas;619,135;BR-040/MG;Norte;Colisão traseira;2;0;0;0;0;0;0;0;0;0;2;0;0;0;0
02/10/2020;14:49:00;221;Acidente sem Vítimas;274,7;BR-040/MG;Norte;Tombamento de Moto;0;0;0;0;0;1;0;0;0;0;1;1;0;0;0
02/10/2020;15:25:00;237;Acidente sem Vítimas;510,5;BR-040/MG;Norte;Choque c/ Objeto Fixo;0;0;1;0;0;0;0;0;0;0;1;0;0;0;0
02/10/2020;15:34:00;240;Acidente com Vítimas;545,2;BR-040/MG;Norte;Choque c/ Objeto Fixo;0;0;0;1;0;0;0;0;0;0;0;1;0;0;0
02/10/2020;18:04:00;283;Acidente sem Vítimas;5,3;BR-040/GO;Sul;Colisão transversal;2;0;0;0;0;0;0;0;0;0;5;0;0;0;0
02/10/2020;18:21:00;292;Acidente sem Vítimas;506,2;BR-040/MG;Norte;Choque c/ Objeto Fixo;0;0;0;0;0;1;0;0;0;0;1;0;0;0;0