data;horario;n_da_ocorrencia;tipo_de_ocorrencia;km;trecho;sentido;tipo_de_acidente;automovel;bicicleta;caminhao;moto;onibus;outros;tracao_animal;transporte_de_cargas_especiais;trator_maquinas;utilitarios;ilesos;levemente_feridos;moderadamente_feridos;gravemente_feridos;mortos
02/10/2020;18:33:00;302;Acidente com Vítimas;7,4;BR-040/GO;Sul;Atropelamento de Pedestre;0;0;0;1;0;0;0;0;0;0;1;0;1;0;0
02/10/2020;19:43:00;317;Acidente sem Vítimas;504,9;BR-040/MG;Norte;Colisão traseira;2;0;0;0;0;0;0;0;0;0;1;0;0;0;0
02/10/2020;19:52:00;320;Acidente sem Vítimas;24,4;BR-040/GO;Sul;Colisão traseira;1;0;1;0;0;0;0;0;0;0;2;0;0;0;0
02/10/2020;20:17:00;329;Acidente sem Vítimas;525,2;BR-040/MG;Norte;Colisão lateral;1;0;0;0;0;1;0;0;0;0;1;0;0;0;0
02/10/2020;21:13:00;345;Acidente com Vítimas;360,4;BR-040/MG;Norte;Tombamento de Moto;0;0;0;1;0;0;0;0;0;0;1;1;0;0;0
03/10/2020;01:15:00;10;Acidente com Vítimas;11,5;BR-040/GO;Sul;Choque c/ Objeto Fixo;1;0;0;0;0;0;0;0;0;0;1;0;0;0;0
03/10/2020;05:26:00;21;Acidente com Vítimas;96,61;BR-040/GO;Norte;Tombamento de Moto;0;0;0;1;0;0;0;0;0;0;0;2;0;0;0
03/10/2020;05:53:00;22;Acidente sem Vítimas;3,6;BR-040/GO;Norte;Choque c/ Objeto Fixo;1;0;0;0;0;0;0;0;0;0;0;0;0;0;0
03/10/2020;06:05:00;23;Acidente com Vítimas;170,4;BR-040/MG;Sul;Capotamento;1;0;0;0;0;0;0;0;0;0;0;0;0;0;0
03/10/2020;08:05:00;44;Acidente com Vítimas;267,872;BR-040/MG;Sul;Tombamento;0;0;0;0;1;0;0;0;0;0;0;1;0;0;0
03/10/2020;11:01:00;72;Acidente com Vítimas;5,3;BR-040/GO;Sul;Capotamento;2;0;0;0;0;0;0;0;0;0;0;1;0;0;0
03/10/2020;15:44:00;139;Acidente com Vítimas;362,8;BR-040/MG;Norte;Colisão frontal;2;0;0;0;1;0;0;0;0;0;1;0;1;0;0
03/10/2020;15:48:00;140;Acidente sem Vítimas;762,15;BR-040/MG;Norte;Colisão traseira;1;0;0;0;0;1;0;0;0;0;3;0;0;0;0
03/10/2020;16:46:00;154;Acidente sem Vítimas;618,7;BR-040/MG;Sul;Colisão traseira;2;0;0;0;0;0;0;0;0;0;6;0;0;0;0
03/10/2020;17:23:00;163;Acidente sem Vítimas;488,1;BR-040/MG;Norte;Colisão traseira;1;0;0;0;0;1;0;0;0;0;2;0;0;0;0
03/10/2020;18:58:00;186;Acidente sem Vítimas;511,2;BR-040/MG;Norte;Colisão traseira;3;0;0;0;0;0;0;0;0;0;2;0;0;0;0
03/10/2020;19:37:00;188;Acidente com Vítimas;10,5;BR-040/GO;Sul;Colisão transversal;1;0;0;1;0;0;0;0;0;0;0;1;0;0;0
03/10/2020;21:08:00;206;Acidente sem Vítimas;577,34;BR-040/MG;Sul;Colisão traseira;2;0;0;0;0;0;0;0;0;0;2;0;0;0;0
03/10/2020;21:45:00;209;Acidente sem Vítimas;750,3;BR-040/MG;Sul;Capotamento;1;0;0;0;0;0;0;0;0;0;1;0;0;0;0
03/10/2020;21:58:00;213;Acidente com Vítimas;97,5;BR-040/GO;Sul;Tombamento;2;0;0;0;0;0;0;0;0;0;9;1;0;0;0
04/10/2020;00:51:00;7;Acidente Fatal;695,95;BR-040/MG;Sul;Colisão frontal;1;0;0;0;0;1;0;0;0;0;1;0;0;0;1
04/10/2020;02:48:00;20;Acidente sem Vítimas;567,1;BR-040/MG;Norte;Atropelamento de Animal;1;0;0;0;0;0;0;0;0;0;2;0;0;0;0
04/10/2020;08:40:00;64;Acidente sem Vítimas;96,2;BR-040/GO;Norte;Colisão traseira;2;0;0;0;0;0;0;0;0;0;5;1;0;0;0
04/10/2020;13:16:00;112;Acidente sem Vítimas;487,1;BR-040/MG;Norte;Choque c/ Objeto Fixo;0;0;1;0;0;0;0;0;0;0;0;0;0;0;0
04/10/2020;13:22:00;115;Acidente com Vítimas;750,7;BR-040/MG;Norte;Choque c/ Objeto Fixo;1;0;0;0;0;0;0;0;0;0;0;1;0;0;0
04/10/2020;13:28:00;117;Acidente sem Vítimas;83,5;BR-040/MG;Sul;Choque c/ Objeto Fixo;0;0;0;0;1;1;0;0;0;0;0;0;0;0;0
04/10/2020;14:50:00;140;Acidente com Vítimas;508,15;BR-040/MG;Sul;Atropelamento de Pedestre;0;0;0;1;0;0;0;0;0;0;0;0;2;0;0
04/10/2020;16:31:00;161;Acidente sem Vítimas;388,7;BR-040/MG;Sul;Colisão lateral;2;0;0;0;1;0;0;0;0;0;6;0;0;0;0
04/10/2020;16:54:00;169;Acidente com Vítimas;498,1;BR-040/MG;Norte;Atropelamento de Ciclista;1;1;0;0;0;0;0;0;0;0;1;1;0;0;0
04/10/2020;17:05:00;173;Acidente sem Vítimas;622,2;BR-040/MG;Norte;Engavetamento;3;0;0;0;0;0;0;0;0;0;10;0;0;0;0
04/10/2020;17:11:00;175;Acidente sem Vítimas;8,3;BR-040/GO;Sul;Capotamento;1;0;0;0;0;0;0;0;0;0;0;0;0;0;0
04/10/2020;18:24:00;191;Acidente Fatal;648,85;BR-040/MG;Sul;Colisão transversal;0;0;1;2;0;0;0;0;0;0;1;0;0;0;2
04/10/2020;19:49:00;201;Acidente Fatal;245,307;BR-040/MG;Sul;Colisão traseira;2;0;0;0;0;3;0;0;0;0;0;0;0;0;1
04/10/2020;19:54:00;202;Acidente com Vítimas;648,1;BR-040/MG;Sul;Colisão traseira;2;0;0;0;1;0;0;0;0;0;1;0;0;0;0
04/10/2020;19:58:00;203;Acidente sem Vítimas;4,5;BR-040/GO;Norte;Engavetamento;1;0;0;0;0;2;0;0;0;0;1;0;0;0;0
04/10/2020;23:59:00;222;Acidente sem Vítimas;554,8;BR-040/MG;Norte;Colisão traseira;1;0;1;0;0;0;0;0;0;0;2;0;0;0;0
05/10/2020;07:04:00;90;Acidente sem Vítimas;513,5;BR-040/MG;Sul;Colisão lateral;1;0;0;1;0;0;0;0;0;0;2;0;0;0;0
05/10/2020;07:23:00;96;Acidente sem Vítimas;730,3;BR-040/MG;Sul;Choque c/ Objeto Fixo;2;0;0;0;0;0;0;0;0;0;1;0;0;0;0
05/10/2020;07:31:00;97;Acidente com Vítimas;510,1;BR-040/MG;Sul;Colisão lateral;1;0;0;0;0;1;0;0;0;0;2;1;5;0;0
05/10/2020;09:53:00;145;Acidente com Vítimas;476,1;BR-040/MG;Sul;Colisão transversal;1;0;0;1;0;0;0;0;0;0;2;0;1;0;0
05/10/2020;10:24:00;153;Acidente sem Vítimas;106,9;BR-040/MG;Sul;Tombamento;0;0;1;0;0;0;0;0;0;0;0;0;0;0;0
05/10/2020;10:56:00;166;Acidente sem Vítimas;442,1;BR-040/MG;Sul;Colisão traseira;1;0;0;0;0;2;0;0;0;0;0;0;0;0;0
05/10/2020;14:48:00;222;Acidente com Vítimas;1,1;BR-040/DF;Sul;Choque c/ Objeto Fixo;0;2;2;0;0;1;0;0;0;0;0;1;0;0;0
05/10/2020;15:39:00;237;Acidente com Vítimas;576,3;BR-040/MG;Sul;Colisão lateral;0;0;0;0;0;2;0;0;0;0;1;0;3;0;0
05/10/2020;18:38:00;281;Acidente sem Vítimas;658,1;BR-040/MG;Norte;Choque c/ Objeto Fixo;1;0;0;0;0;1;0;0;0;0;3;0;0;0;0
06/10/2020;00:02:00;8;Acidente sem Vítimas;714,2;BR-040/MG;Norte;Colisão traseira;2;0;0;0;0;0;0;0;0;0;2;0;0;0;0
06/10/2020;05:36:00;68;Acidente sem Vítimas;577,15;BR-040/MG;Sul;Colisão lateral;3;0;0;0;1;0;0;0;0;0;2;0;0;0;0
06/10/2020;07:00:00;88;Acidente com Vítimas;523,2;BR-040/MG;Sul;Colisão lateral;0;0;0;1;0;1;0;0;0;0;2;0;0;0;0
06/10/2020;09:48:00;142;Acidente sem Vítimas;5,7;BR-040/GO;Norte;Colisão lateral;0;0;1;1;0;0;0;0;0;0;1;0;0;0;0
06/10/2020;10:29:00;153;Acidente sem Vítimas;97,6;BR-040/GO;Sul;Colisão transversal;1;0;0;0;0;1;0;0;0;0;0;0;0;0;0
06/10/2020;11:14:00;163;Acidente Fatal;716,2;BR-040/MG;Norte;Atropelamento de Pedestre;0;0;1;0;0;0;0;0;0;0;1;0;0;0;1
06/10/2020;14:34:00;206;Acidente sem Vítimas;628,5;BR-040/MG;Sul;Colisão transversal;4;0;0;0;0;0;0;0;0;0;2;0;0;0;0
06/10/2020;16:45:00;232;Acidente com Vítimas;645,222;BR-040/MG;Norte;Capotamento;1;0;0;0;0;0;0;0;0;0;1;1;0;0;0
06/10/2020;16:56:00;234;Acidente sem Vítimas;511,1;BR-040/MG;Norte;Choque c/ Objeto Fixo;0;0;0;0;0;2;0;0;0;0;1;0;0;0;0
06/10/2020;18:49:00;262;Acidente com Vítimas;535,2;BR-040/MG;Sul;Colisão lateral;1;0;1;1;0;0;0;0;0;0;1;1;0;0;0
06/10/2020;19:37:00;282;Acidente Fatal;736,5;BR-040/MG;Sul;Atropelamento de Pedestre;0;0;1;0;0;0;0;0;0;0;1;0;0;0;1
06/10/2020;21:33:00;298;Acidente sem Vítimas;444,6;BR-040/MG;Sul;Tombamento;1;0;2;0;0;0;0;0;0;0;0;1;0;0;0
06/10/2020;22:23:00;308;Acidente com Vítimas;534,2;BR-040/MG;Norte;Tombamento de Moto;0;0;0;1;0;0;0;0;0;0;0;2;0;0;0
07/10/2020;06:43:00;88;Acidente sem Vítimas;63,2;BR-040/MG;Norte;Capotamento;0;0;0;0;0;1;0;0;0;0;4;0;0;0;0
07/10/2020;06:43:00;89;Acidente com Vítimas;525,1;BR-040/MG;Sul;Colisão traseira;4;0;0;0;0;0;0;0;0;0;2;1;0;0;0
07/10/2020;07:25:00;110;Acidente sem Vítimas;515,5;BR-040/MG;Sul;Colisão lateral;2;0;0;1;0;0;0;0;0;0;2;0;0;0;0
07/10/2020;08:20:00;124;Acidente sem Vítimas;90,7;BR-040/GO;Sul;Tombamento;0;0;1;0;0;0;0;0;0;0;2;0;0;0;0
07/10/2020;08:44:00;128;Acidente com Vítimas;661,2;BR-040/MG;Sul;Choque c/ Objeto Fixo;1;0;0;0;0;0;0;0;0;0;2;2;0;0;0
07/10/2020;11:07:00;159;Acidente sem Vítimas;542,5;BR-040/MG;Sul;Colisão lateral;1;0;0;0;1;0;0;0;0;0;2;0;0;0;0
07/10/2020;11:36:00;167;Acidente com Vítimas;1,5;BR-040/GO;Sul;Colisão traseira;1;0;0;2;0;0;0;0;0;0;0;2;0;0;0
07/10/2020;12:02:00;173;Acidente com Vítimas;1,8;BR-040/GO;Sul;Colisão lateral;0;0;0;0;0;1;0;0;0;0;0;0;0;0;0
07/10/2020;12:06:00;174;Acidente sem Vítimas;93,4;BR-040/MG;Norte;Colisão transversal;2;0;0;0;0;0;0;0;0;0;3;0;0;0;0
07/10/2020;15:23:00;235;Acidente com Vítimas;529,5;BR-040/MG;Norte;Tombamento de Moto;0;0;0;1;0;0;0;0;0;0;0;1;1;0;0
07/10/2020;16:58:00;253;Acidente sem Vítimas;5,3;BR-040/GO;Sul;Colisão lateral;1;0;0;1;0;0;0;0;0;0;2;2;0;0;0
07/10/2020;18:06:00;268;Acidente sem Vítimas;598,12;BR-040/MG;Sul;Choque c/ Objeto Fixo;1;0;0;0;0;0;0;0;0;0;1;0;0;0;0
07/10/2020;18:50:00;282;Acidente com Vítimas;702,1;BR-040/MG;Norte;Colisão frontal;0;0;0;2;0;0;0;0;0;0;0;0;0;0;0
07/10/2020;19:15:00;295;Acidente sem Vítimas;525,7;BR-040/MG;Norte;Colisão traseira;2;0;0;1;0;0;0;0;0;0;2;0;0;0;0
08/10/2020;00:49:00;19;Acidente com Vítimas;529,7;BR-040/MG;Sul;Colisão lateral;1;0;0;0;0;2;0;0;0;0;0;0;1;0;0
08/10/2020;02:32:00;63;Acidente com Vítimas;635,1;BR-040/MG;Sul;Tombamento de Moto;0;0;0;1;0;0;0;0;0;0;0;0;1;0;0
08/10/2020;04:48:00;89;Acidente sem Vítimas;444,8;BR-040/MG;Sul;Tombamento;0;0;1;0;0;0;0;0;0;0;2;0;0;0;0
08/10/2020;08:23:00;138;Acidente sem Vítimas;7,1;BR-040/GO;Norte;Tombamento;0;0;0;1;0;0;0;0;0;0;0;0;0;0;0
08/10/2020;10:01:00;163;Acidente sem Vítimas;521,1;BR-040/MG;Norte;Capotamento;1;0;0;0;1;0;0;0;0;0;2;0;0;0;0
08/10/2020;15:41:00;257;Acidente sem Vítimas;519,1;BR-040/MG;Sul;Colisão traseira;2;0;0;0;0;0;0;0;0;0;2;0;0;0;0
08/10/2020;17:16:00;285;Acidente sem Vítimas;717,1;BR-040/MG;Sul;Colisão traseira;1;0;0;0;0;1;0;0;0;0;3;0;0;0;0
08/10/2020;17:51:00;294;Acidente sem Vítimas;12,8;BR-040/GO;Sul;Colisão traseira;3;0;0;0;0;0;0;0;0;0;2;0;0;0;0
08/10/2020;17:57:00;298;Acidente com Vítimas;668,85;BR-040/MG;Sul;Colisão transversal;3;0;0;0;0;1;0;0;0;0;2;0;0;0;0
08/10/2020;18:00:00;296;Acidente sem Vítimas;528,1;BR-040/MG;Sul;Colisão lateral;1;0;0;0;0;1;0;0;0;0;2;0;0;0;0
08/10/2020;20:03:00;328;Acidente sem Vítimas;663,8;BR-040/MG;Sul;Atropelamento de Pedestre;0;0;0;0;1;1;0;0;0;0;1;0;1;0;0
08/10/2020;20:20:00;333;Acidente sem Vítimas;525,2;BR-040/MG;Norte;Colisão transversal;0;0;2;0;1;0;0;0;0;0;2;0;0;0;0
08/10/2020;22:15:00;355;Acidente com Vítimas;587,5;BR-040/MG;Sul;Tombamento;0;0;1;0;0;0;0;0;0;0;0;2;0;0;0
08/10/2020;22:26:00;357;Acidente com Vítimas;519,1;BR-040/MG;Norte;Choque c/ Veículo Parado;0;0;1;0;0;1;0;0;0;0;0;0;1;0;0
09/10/2020;01:17:00;70;Acidente com Vítimas;3,5;BR-040/GO;Sul;Tombamento de Moto;0;0;0;1;0;0;0;0;0;0;1;1;0;0;0
09/10/2020;03:15:00;75;Acidente sem Vítimas;458,1;BR-040/MG;Sul;Colisão traseira;0;0;2;0;0;0;0;0;0;0;2;0;0;0;0
09/10/2020;06:55:00;103;Acidente sem Vítimas;541,5;BR-040/MG;Sul;Engavetamento;3;0;0;0;0;0;0;0;0;0;3;0;0;0;0
09/10/2020;07:37:00;127;Acidente com Vítimas;513;BR-040/MG;Norte;Atropelamento de Ciclista;0;0;0;1;0;0;0;0;0;0;0;2;0;0;0
09/10/2020;07:45:00;126;Acidente com Vítimas;5,6;BR-040/DF;Norte;Colisão lateral;0;0;0;1;0;1;0;0;0;0;0;1;0;0;0
09/10/2020;08:03:00;130;Acidente sem Vítimas;548,1;BR-040/MG;Sul;Engavetamento;5;0;0;0;0;0;0;0;0;0;5;0;0;0;0
09/10/2020;13:58:00;242;Acidente com Vítimas;749,7;BR-040/MG;Norte;Capotamento;1;0;0;0;0;0;0;0;0;0;2;0;0;0;0
09/10/2020;15:15:00;261;Acidente com Vítimas;557,5;BR-040/MG;Sul;Tombamento de Moto;0;0;0;1;0;1;0;0;0;0;1;1;0;0;0
09/10/2020;15:19:00;263;Acidente sem Vítimas;714,3;BR-040/MG;Norte;Colisão transversal;1;0;1;0;0;0;0;0;0;0;4;0;0;0;0
09/10/2020;15:35:00;267;Acidente com Vítimas;7;BR-040/GO;Norte;Colisão transversal;2;0;0;0;0;1;0;0;0;0;0;1;0;0;0
09/10/2020;15:56:00;271;Acidente sem Vítimas;772,1;BR-040/MG;Sul;Colisão transversal;2;0;0;0;0;1;0;0;0;0;0;0;0;0;0
09/10/2020;16:06:00;273;Acidente sem Vítimas;752,1;BR-040/MG;Sul;Choque c/ Objeto Fixo;1;0;0;0;0;0;0;0;0;0;0;0;0;0;0
09/10/2020;16:24:00;280;Acidente sem Vítimas;768,1;BR-040/MG;Sul;Choque c/ Objeto Fixo;1;0;0;0;0;0;0;0;0;0;1;0;0;0;0
09/10/2020;16:49:00;285;Acidente com Vítimas;2,15;BR-040/GO;Norte;Outros;1;0;0;0;0;1;0;0;0;0;0;2;0;0;0
09/10/2020;18:27:00;306;Acidente com Vítimas;485,1;BR-040/MG;Sul;Atropelamento de Ciclista;1;0;0;0;0;0;0;0;0;0;1;0;0;1;0
09/10/2020;19:24:00;323;Acidente sem Vítimas;764,2;BR-040/MG;Norte;Capotamento;1;0;0;0;0;1;0;0;0;0;0;0;0;0;0
09/10/2020;19:58:00;333;Acidente com Vítimas;577,2;BR-040/MG;Norte;Colisão frontal;2;0;0;0;0;1;0;0;0;0;1;0;1;0;0
09/10/2020;20:03:00;335;Acidente com Vítimas;455,1;BR-040/MG;Sul;Tombamento;0;0;4;0;0;0;0;0;0;0;1;1;0;0;0
09/10/2020;20:33:00;346;Acidente com Vítimas;7,2;BR-040/DF;Sul;Colisão lateral;0;0;0;2;0;0;0;0;0;0;1;1;0;0;0
09/10/2020;21:05:00;355;Acidente sem Vítimas;741,5;BR-040/MG;Norte;Choque c/ Objeto Fixo;2;0;0;0;0;0;0;0;0;0;1;0;0;0;0
09/10/2020;21:18:00;360;Acidente sem Vítimas;661,2;BR-040/MG;Norte;Choque c/ Objeto Fixo;1;0;0;0;0;0;0;0;0;0;1;0;0;0;0
09/10/2020;22:16:00;374;Acidente Fatal;422,915;BR-040/MG;Norte;Colisão frontal;1;0;0;0;0;3;0;0;0;0;4;0;0;0;1
09/10/2020;22:44:00;377;Acidente com Vítimas;6,8;BR-040/DF;Sul;Colisão transversal;1;0;0;1;0;0;0;0;0;0;2;0;0;0;0
09/10/2020;23:21:00;385;Acidente sem Vítimas;375,11;BR-040/MG;Norte;Colisão traseira;1;0;0;0;1;0;0;0;0;0;2;0;0;0;0
09/10/2020;23:52:00;392;Acidente sem Vítimas;0,6;BR-040/GO;Sul;Colisão traseira;1;0;0;2;0;0;0;0;0;0;2;0;0;0;0
10/10/2020;00:10:00;1;Acidente sem Vítimas;1,2;BR-040/GO;Sul;Colisão traseira;2;0;0;3;0;0;0;0;0;0;2;1;0;0;0
10/10/2020;02:56:00;15;Acidente sem Vítimas;586,9;BR-040/MG;Sul;Colisão lateral;1;0;1;0;0;0;0;0;0;0;3;0;0;0;0
10/10/2020;03:39:00;22;Acidente com Vítimas;541,1;BR-040/MG;Sul;Choque c/ Objeto Fixo;2;0;0;0;0;0;0;0;0;0;0;0;1;0;0
10/10/2020;05:38:00;32;Acidente sem Vítimas;532;BR-040/MG;Norte;Colisão traseira;1;0;0;0;0;2;0;0;0;0;2;0;0;0;0
10/10/2020;07:00:00;41;Acidente com Vítimas;738,15;BR-040/MG;Sul;Capotamento;1;0;0;0;0;0;0;0;0;0;1;1;0;0;0
10/10/2020;07:11:00;47;Acidente sem Vítimas;740,15;BR-040/MG;Norte;Capotamento;1;0;0;0;0;0;0;0;0;0;3;0;0;0;0
10/10/2020;07:12:00;49;Acidente sem Vítimas;711,15;BR-040/MG;Norte;Choque c/ Objeto Fixo;1;0;0;0;0;0;0;0;0;0;1;0;0;0;0
10/10/2020;07:33:00;53;Acidente com Vítimas;718,4;BR-040/MG;Norte;Choque c/ Objeto Fixo;1;0;0;0;0;0;0;0;0;0;3;0;0;0;0
10/10/2020;07:39:00;54;Acidente sem Vítimas;716,4;BR-040/MG;Norte;Choque c/ Objeto Fixo;1;0;0;0;0;0;0;0;0;0;1;0;0;0;0
10/10/2020;07:42:00;59;Acidente sem Vítimas;729,6;BR-040/MG;Sul;Choque c/ Objeto Fixo;1;0;0;0;0;0;0;0;0;0;1;0;0;0;0
10/10/2020;08:15:00;70;Acidente sem Vítimas;511,25;BR-040/MG;Sul;Colisão traseira;1;0;0;1;0;0;0;0;0;0;0;1;0;0;0
10/10/2020;08:27:00;72;Acidente sem Vítimas;737,2;BR-040/MG;Sul;Choque c/ Objeto Fixo;1;0;0;0;0;0;0;0;0;0;2;0;0;0;0
10/10/2020;08:57:00;84;Acidente sem Vítimas;93,1;BR-040/GO;Sul;Colisão transversal;2;0;0;2;0;1;0;0;0;0;2;0;0;0;0
10/10/2020;10:14:00;99;Acidente sem Vítimas;522,1;BR-040/MG;Norte;Colisão traseira;2;0;0;0;0;0;0;0;0;0;0;0;0;0;0
10/10/2020;10:51:00;115;Acidente sem Vítimas;545,5;BR-040/MG;Sul;Colisão traseira;3;0;0;0;0;0;0;0;0;0;0;0;0;0;0
10/10/2020;12:00:00;128;Acidente com Vítimas;1,3;BR-040/GO;Sul;Colisão lateral;0;0;0;1;0;0;0;0;0;0;1;2;0;0;0
10/10/2020;12:15:00;129;Acidente sem Vítimas;714,15;BR-040/MG;Sul;Colisão traseira;2;0;0;0;0;0;0;0;0;0;2;0;0;0;0
10/10/2020;12:52:00;137;Acidente com Vítimas;512,1;BR-040/MG;Norte;Choque c/ Objeto Fixo;2;0;0;0;0;0;0;0;0;0;0;0;2;0;0
10/10/2020;13:26:00;142;Acidente com Vítimas;118,9;BR-040/MG;Norte;Colisão transversal;2;0;0;0;0;0;0;0;0;0;2;1;0;0;0
10/10/2020;16:53:00;182;Acidente sem Vítimas;524,15;BR-040/MG;Norte;Choque c/ Objeto Fixo;1;0;0;0;0;0;0;0;0;0;2;0;0;0;0
10/10/2020;19:50:00;232;Acidente com Vítimas;2,8;BR-040/GO;Norte;Atropelamento de Pedestre;0;0;0;1;0;0;0;0;0;0;1;1;0;0;0
10/10/2020;22:01:00;257;Acidente sem Vítimas;735,5;BR-040/MG;Sul;Capotamento;1;0;0;0;0;0;0;0;0;0;2;0;0;0;0
10/10/2020;22:26:00;263;Acidente sem Vítimas;271,8;BR-040/MG;Norte;Choque c/ Objeto Fixo;3;0;0;0;0;0;0;0;0;0;1;0;0;0;0
11/10/2020;01:43:00;15;Acidente sem Vítimas;7,3;BR-040/DF;Sul;Choque c/ Objeto Fixo;0;0;1;1;0;0;0;0;0;0;1;0;0;0;0
11/10/2020;04:47:00;23;Acidente sem Vítimas;3,4;BR-040/GO;Sul;Colisão traseira;2;0;0;1;0;0;0;0;0;0;2;0;0;0;0
11/10/2020;05:46:00;28;Acidente com Vítimas;141,4;BR-040/MG;Sul;Choque c/ Objeto Fixo;0;0;0;1;0;0;0;0;0;0;1;0;0;0;0
11/10/2020;07:35:00;41;Acidente Fatal;587,77;BR-040/MG;Sul;Colisão frontal;2;0;1;0;0;1;0;0;0;0;2;1;1;1;1
11/10/2020;09:48:00;59;Acidente sem Vítimas;518,1;BR-040/MG;Sul;Colisão traseira;2;0;0;0;0;0;0;0;0;0;2;0;0;0;0
11/10/2020;13:53:00;95;Acidente com Vítimas;446,35;BR-040/MG;Sul;Capotamento;1;0;0;0;0;1;0;0;0;0;1;2;0;0;0
11/10/2020;14:51:00;115;Acidente sem Vítimas;474,6;BR-040/MG;Norte;Choque c/ Objeto Fixo;2;0;0;0;0;0;0;0;0;0;1;0;0;0;0
11/10/2020;15:08:00;117;Acidente com Vítimas;446,358;BR-040/MG;Sul;Capotamento;1;0;0;0;0;0;0;0;0;0;2;1;0;0;0
11/10/2020;16:07:00;127;Acidente com Vítimas;469,7;BR-040/MG;Norte;Capotamento;1;0;0;0;0;0;0;0;0;0;1;2;0;0;0
11/10/2020;16:13:00;129;Acidente sem Vítimas;502,4;BR-040/MG;Sul;Choque c/ Objeto Fixo;0;0;0;0;0;0;0;0;0;0;0;0;0;0;0
11/10/2020;16:28:00;134;Acidente sem Vítimas;422,15;BR-040/MG;Sul;Capotamento;2;0;0;0;0;0;0;0;0;0;2;0;0;0;0
11/10/2020;16:40:00;137;Acidente sem Vítimas;425,2;BR-040/MG;Norte;Queda Veículo;1;0;0;0;0;0;0;0;0;0;3;0;0;0;0
11/10/2020;16:58:00;142;Acidente sem Vítimas;465,1;BR-040/MG;Sul;Colisão lateral;2;0;0;0;0;0;0;0;0;0;2;0;0;0;0
11/10/2020;17:48:00;151;Acidente com Vítimas;141,1;BR-040/MG;Sul;Colisão frontal;2;0;0;0;0;0;0;0;0;0;0;0;2;0;0
11/10/2020;18:28:00;159;Acidente sem Vítimas;708,5;BR-040/MG;Sul;Atropelamento de Animal;0;0;0;0;0;0;0;0;0;0;0;0;0;0;0
11/10/2020;19:47:00;173;Acidente com Vítimas;544,5;BR-040/MG;Norte;Atropelamento de Andarilho;3;0;0;0;0;0;0;0;0;0;3;0;0;0;0
12/10/2020;01:25:00;7;Acidente sem Vítimas;274,5;BR-040/MG;Norte;Colisão traseira;2;0;0;0;0;0;0;0;0;0;5;0;0;0;0
12/10/2020;03:23:00;17;Acidente sem Vítimas;601,5;BR-040/MG;Sul;Atropelamento de Animal;1;0;1;0;0;1;0;0;0;0;1;0;0;0;0
12/10/2020;04:49:00;26;Acidente sem Vítimas;194,5;BR-040/MG;Norte;Choque c/ Objeto Fixo;1;0;0;0;0;0;0;0;0;0;1;0;0;0;0
12/10/2020;06:08:00;29;Acidente sem Vítimas;660,95;BR-040/MG;Norte;Choque com objeto;1;0;0;0;0;0;0;0;0;0;1;0;0;0;0
12/10/2020;06:37:00;32;Acidente sem Vítimas;57,5;BR-040/MG;Norte;Choque com objeto;1;0;0;0;0;0;0;0;0;0;2;0;0;0;0
12/10/2020;10:15:00;76;Acidente sem Vítimas;533,9;BR-040/MG;Norte;Colisão traseira;2;0;0;0;0;0;0;0;0;0;0;0;0;0;0
12/10/2020;10:49:00;89;Acidente com Vítimas;521,1;BR-040/MG;Sul;Tombamento de Moto;0;0;0;1;0;0;0;0;0;0;0;0;0;0;0
12/10/2020;11:36:00;101;Acidente sem Vítimas;1,8;BR-040/DF;Norte;Colisão traseira;1;0;0;0;0;2;0;0;0;0;0;0;0;0;0
12/10/2020;15:52:00;178;Acidente com Vítimas;541,5;BR-040/MG;Norte;Tombamento de Moto;0;0;0;1;0;0;0;0;0;0;0;1;0;0;0
12/10/2020;15:54:00;179;Acidente Fatal;587,7;BR-040/MG;Norte;Colisão transversal;3;0;0;0;0;0;0;0;0;0;2;2;0;3;1
12/10/2020;16:37:00;192;Acidente sem Vítimas;506,1;BR-040/MG;Sul;Engavetamento;2;0;0;0;0;0;0;0;0;0;2;0;0;0;0
12/10/2020;16:49:00;204;Acidente sem Vítimas;510,5;BR-040/MG;Sul;Colisão traseira;2;0;0;0;0;1;0;0;0;0;2;0;0;0;0
12/10/2020;18:34:00;241;Acidente com Vítimas;523,6;BR-040/MG;Norte;Tombamento de Moto;0;0;0;0;0;1;0;0;0;0;1;1;1;0;0
12/10/2020;19:34:00;257;Acidente com Vítimas;136,6;BR-040/MG;Norte;Tombamento de Moto;0;0;0;1;0;0;0;0;0;0;0;1;0;1;0
12/10/2020;19:47:00;261;Acidente com Vítimas;515,1;BR-040/MG;Sul;Colisão lateral;1;0;0;0;0;1;0;0;0;0;1;1;0;0;0
12/10/2020;20:54:00;277;Acidente sem Vítimas;5,8;BR-040/GO;Norte;Engavetamento;4;0;0;0;0;0;0;0;0;0;7;0;0;0;0
12/10/2020;22:39:00;302;Acidente sem Vítimas;579,6;BR-040/MG;Norte;Colisão traseira;4;0;0;0;0;0;0;0;0;0;4;0;0;0;0
12/10/2020;22:55:00;310;Acidente sem Vítimas;480,1;BR-040/MG;Sul;Choque c/ Objeto Fixo;0;0;0;0;1;0;0;0;0;0;1;0;0;0;0
13/10/2020;00:24:00;13;Acidente sem Vítimas;677,1;BR-040/MG;Norte;Atropelamento de Animal;2;0;0;0;0;0;0;0;0;0;6;0;0;0;0
13/10/2020;01:39:00;47;Acidente sem Vítimas;48,7;BR-040/MG;Sul;Choque c/ Objeto Fixo;2;0;0;0;0;0;0;0;0;0;1;0;0;0;0
13/10/2020;03:56:00;59;Acidente sem Vítimas;257,3;BR-040/MG;Norte;Capotamento;1;0;0;0;0;0;0;0;0;0;2;0;0;0;0
13/10/2020;05:06:00;65;Acidente com Vítimas;514,3;BR-040/MG;Sul;Tombamento de Moto;0;0;0;0;0;1;0;0;0;0;0;2;0;0;0