data;horario;n_da_ocorrencia;tipo_de_ocorrencia;km;trecho;sentido;tipo_de_acidente;automovel;bicicleta;caminhao;moto;onibus;outros;tracao_animal;transporte_de_cargas_especiais;trator_maquinas;utilitarios;ilesos;levemente_feridos;moderadamente_feridos;gravemente_feridos;mortos
13/10/2020;06:15:00;97;Acidente com Vítimas;510,1;BR-040/MG;Sul;Colisão traseira;1;0;0;2;0;0;0;0;0;0;2;0;1;0;0
13/10/2020;06:52:00;108;Acidente sem Vítimas;499;BR-040/MG;Sul;Tombamento de Moto;1;0;0;1;0;0;0;0;0;0;1;0;0;0;0
13/10/2020;07:23:00;122;Acidente sem Vítimas;509,1;BR-040/MG;Sul;Colisão traseira;2;0;0;0;0;0;0;0;0;0;2;0;0;0;0
13/10/2020;08:55:00;159;Acidente com Vítimas;522,7;BR-040/MG;Norte;Engavetamento;2;0;0;0;0;1;0;0;0;0;0;0;0;0;0
13/10/2020;10:12:00;187;Acidente sem Vítimas;473,2;BR-040/MG;Sul;Capotamento;1;0;0;0;0;0;0;0;0;0;1;0;0;0;0
13/10/2020;10:26:00;194;Acidente sem Vítimas;583,3;BR-040/MG;Norte;Colisão lateral;1;0;2;0;1;0;0;0;0;0;2;0;0;0;0
13/10/2020;10:54:00;198;Acidente sem Vítimas;520,1;BR-040/MG;Sul;Engavetamento;2;0;0;0;0;1;0;0;0;0;0;0;0;0;0
13/10/2020;13:19:00;248;Acidente com Vítimas;538,1;BR-040/MG;Norte;Tombamento de Moto;0;0;0;1;0;0;0;0;0;0;0;1;0;0;0
13/10/2020;16:15:00;296;Acidente com Vítimas;695,5;BR-040/MG;Norte;Colisão traseira;2;0;0;0;0;1;0;0;0;0;0;1;1;0;0
13/10/2020;16:48:00;304;Acidente sem Vítimas;577,2;BR-040/MG;Sul;Colisão transversal;2;0;0;0;0;0;0;0;0;0;1;0;0;0;0
13/10/2020;17:03:00;307;Acidente sem Vítimas;638,8;BR-040/MG;Sul;Capotamento;2;0;0;0;0;0;0;0;0;0;1;0;0;0;0
13/10/2020;17:16:00;309;Acidente sem Vítimas;603,2;BR-040/MG;Sul;Colisão lateral;0;0;0;1;2;0;0;0;0;0;24;0;0;0;0
13/10/2020;17:29:00;311;Acidente com Vítimas;275,2;BR-040/MG;Norte;Colisão frontal;1;0;0;1;0;0;0;0;0;0;2;1;0;0;0
13/10/2020;17:45:00;317;Acidente sem Vítimas;635,1;BR-040/MG;Sul;Capotamento;2;0;0;0;0;0;0;0;0;0;1;0;0;0;0
13/10/2020;18:50:00;334;Acidente com Vítimas;696,2;BR-040/MG;Norte;Engavetamento;4;0;0;0;0;0;0;0;0;0;2;0;1;0;0
13/10/2020;20:29:00;362;Acidente sem Vítimas;19,3;BR-040/GO;Sul;Colisão transversal;1;0;0;0;0;1;0;0;0;0;2;0;0;0;0
14/10/2020;05:08:00;66;Acidente sem Vítimas;520,1;BR-040/MG;Sul;Capotamento;1;0;0;0;0;0;0;0;0;0;1;0;0;0;0
14/10/2020;08:21:00;101;Acidente com Vítimas;6,68;BR-040/DF;Norte;Tombamento de Moto;0;0;0;1;0;0;0;0;0;0;0;1;0;0;0
14/10/2020;09:06:00;110;Acidente sem Vítimas;143,125;BR-040/MG;Sul;Colisão traseira;1;0;0;0;1;0;0;0;0;0;1;0;0;0;0
14/10/2020;14:25:00;170;Acidente sem Vítimas;656,6;BR-040/MG;Norte;Capotamento;1;0;0;0;0;0;0;0;0;0;0;0;0;0;0
14/10/2020;17:22:00;210;Acidente com Vítimas;1,1;BR-040/GO;Sul;Choque com objeto;0;0;0;1;0;0;0;0;0;0;0;0;1;0;0
14/10/2020;18:55:00;234;Acidente com Vítimas;16,4;BR-040/GO;Norte;Colisão transversal;1;0;0;1;0;0;0;0;0;0;1;0;1;0;0
14/10/2020;18:57:00;236;Acidente sem Vítimas;581,1;BR-040/MG;Norte;Colisão traseira;0;0;0;0;0;2;0;0;0;0;2;0;0;0;0
14/10/2020;20:14:00;262;Acidente com Vítimas;24,4;BR-040/GO;Sul;Colisão transversal;3;0;0;0;0;0;0;0;0;0;0;0;1;0;0
15/10/2020;02:46:00;54;Acidente sem Vítimas;444,1;BR-040/MG;Sul;Tombamento;0;0;1;0;0;0;0;0;0;0;1;0;0;0;0
15/10/2020;06:49:00;107;Acidente com Vítimas;8,5;BR-040/GO;Norte;Colisão traseira;1;0;0;1;0;0;0;0;0;0;1;1;0;0;0
15/10/2020;07:05:00;113;Acidente com Vítimas;8,1;BR-040/GO;Norte;Colisão traseira;1;0;0;1;0;0;0;0;0;0;1;1;0;0;0
15/10/2020;09:14:00;146;Acidente com Vítimas;534,8;BR-040/MG;Sul;Engavetamento;0;0;0;1;0;1;0;0;0;0;2;1;0;0;0
15/10/2020;09:16:00;148;Acidente com Vítimas;112,2;BR-040/GO;Norte;Capotamento;1;0;0;0;0;0;0;0;0;0;0;1;1;0;0
15/10/2020;11:01:00;167;Acidente sem Vítimas;72,15;BR-040/GO;Norte;Outros;1;0;0;0;1;0;0;0;0;0;0;0;0;0;0
15/10/2020;11:27:00;176;Acidente sem Vítimas;539,6;BR-040/MG;Sul;Colisão traseira;0;0;0;1;0;1;0;0;0;0;2;0;0;0;0
15/10/2020;15:01:00;210;Acidente com Vítimas;590,5;BR-040/MG;Norte;Tombamento;0;0;0;1;0;0;0;0;0;0;0;0;0;0;0
15/10/2020;15:38:00;217;Acidente sem Vítimas;696,5;BR-040/MG;Norte;Choque c/ Objeto Fixo;1;0;0;0;0;1;0;0;0;0;0;0;0;0;0
15/10/2020;16:23:00;222;Acidente sem Vítimas;719;BR-040/MG;Norte;Choque c/ Objeto Fixo;2;0;0;0;0;0;0;0;0;0;1;0;0;0;0
16/10/2020;03:59:00;73;Acidente sem Vítimas;440,2;BR-040/MG;Norte;Choque c/ Objeto Fixo;2;0;0;0;0;0;0;0;0;0;4;0;0;0;0
16/10/2020;04:48:00;78;Acidente sem Vítimas;619,7;BR-040/MG;Norte;Colisão lateral;1;0;0;0;0;0;0;0;0;0;1;0;0;0;0
16/10/2020;06:06:00;86;Acidente sem Vítimas;305,9;BR-040/MG;Norte;Choque c/ Objeto Fixo;0;0;0;0;0;2;0;0;0;0;0;0;0;0;0
16/10/2020;08:18:00;130;Acidente sem Vítimas;216,4;BR-040/MG;Norte;Choque c/ Objeto Fixo;0;0;1;0;0;0;0;0;0;0;1;0;0;0;0
16/10/2020;08:43:00;139;Acidente com Vítimas;11,5;BR-040/GO;Sul;Atropelamento de Andarilho;0;0;0;1;0;0;0;0;0;0;0;0;0;1;0
16/10/2020;10:06:00;157;Acidente com Vítimas;569,8;BR-040/MG;Norte;Colisão frontal;4;0;0;0;0;0;0;0;0;0;1;2;1;0;0
16/10/2020;10:26:00;163;Acidente sem Vítimas;144,3;BR-040/MG;Sul;Colisão traseira;3;0;0;0;0;1;0;0;0;0;2;0;0;0;0
16/10/2020;10:28:00;162;Acidente sem Vítimas;533,5;BR-040/MG;Norte;Colisão traseira;0;0;1;0;0;1;0;0;0;0;2;0;0;0;0
16/10/2020;13:47:00;198;Acidente com Vítimas;554,1;BR-040/MG;Norte;Colisão traseira;6;0;0;0;0;0;0;0;0;0;3;2;0;0;0
16/10/2020;14:00:00;202;Acidente com Vítimas;597,5;BR-040/MG;Sul;Colisão lateral;1;0;0;1;0;0;0;0;0;0;2;1;0;0;0
16/10/2020;14:07:00;203;Acidente com Vítimas;5,35;BR-040/GO;Sul;Colisão traseira;1;0;0;1;0;1;0;0;0;0;1;1;0;0;0
16/10/2020;15:10:00;217;Acidente sem Vítimas;606,1;BR-040/MG;Sul;Colisão lateral;1;0;0;0;0;1;0;0;0;0;1;0;0;0;0
16/10/2020;15:33:00;220;Acidente sem Vítimas;524,1;BR-040/MG;Norte;Tombamento;1;0;0;0;0;1;0;0;0;0;1;0;0;0;0
16/10/2020;17:19:00;249;Acidente sem Vítimas;263,2;BR-040/MG;Norte;Choque c/ Objeto Fixo;1;0;0;0;0;0;0;0;0;0;1;0;0;0;0
16/10/2020;18:28:00;266;Acidente com Vítimas;376,3;BR-040/MG;Norte;Choque c/ Objeto Fixo;1;0;0;0;0;0;0;0;0;0;1;3;0;0;0
16/10/2020;19:25:00;281;Acidente com Vítimas;495,9;BR-040/MG;Sul;Atropelamento de Animal;2;0;0;0;0;1;0;0;0;0;3;0;0;0;0
16/10/2020;21:27:00;312;Acidente Fatal;649,1;BR-040/MG;Norte;Atropelamento de Pedestre;1;0;0;0;0;1;0;0;0;0;1;0;0;0;1
16/10/2020;22:32:00;325;Acidente sem Vítimas;501,5;BR-040/MG;Norte;Choque c/ Objeto Fixo;1;0;0;0;0;0;0;0;0;0;1;0;0;0;0
16/10/2020;22:36:00;326;Acidente sem Vítimas;455,15;BR-040/MG;Norte;Choque c/ Objeto Fixo;0;0;0;1;0;0;0;0;0;0;1;0;0;0;0
17/10/2020;07:05:00;49;Acidente com Vítimas;517,15;BR-040/MG;Norte;Colisão lateral;0;0;1;1;0;0;0;0;0;0;1;1;0;0;0
17/10/2020;07:25:00;56;Acidente com Vítimas;507,1;BR-040/MG;Sul;Choque c/ Objeto Fixo;2;0;0;0;0;0;0;0;0;0;1;2;0;0;0
17/10/2020;07:55:00;65;Acidente sem Vítimas;726,8;BR-040/MG;Sul;Choque c/ Objeto Fixo;1;0;0;0;0;0;0;0;0;0;1;0;0;0;0
17/10/2020;09:46:00;88;Acidente sem Vítimas;731,8;BR-040/MG;Sul;Choque c/ Objeto Fixo;1;0;0;0;0;0;0;0;0;0;1;0;0;0;0
17/10/2020;10:11:00;94;Acidente sem Vítimas;717,15;BR-040/MG;Norte;Choque c/ Objeto Fixo;1;0;0;0;0;0;0;0;0;0;1;0;0;0;0
17/10/2020;10:21:00;98;Acidente sem Vítimas;727,2;BR-040/MG;Sul;Choque c/ Objeto Fixo;0;0;0;0;0;2;0;0;0;0;2;0;0;0;0
17/10/2020;13:12:00;131;Acidente com Vítimas;7,1;BR-040/GO;Norte;Colisão traseira;0;0;0;1;0;2;0;0;0;0;1;2;0;0;0
17/10/2020;14:17:00;143;Acidente com Vítimas;5,3;BR-040/GO;Sul;Choque c/ Objeto Fixo;1;0;0;1;0;0;0;0;0;0;2;1;0;0;0
17/10/2020;16:16:00;167;Acidente com Vítimas;44,2;BR-040/GO;Sul;Colisão lateral;1;0;0;0;1;0;0;0;0;0;0;1;1;0;0
17/10/2020;18:41:00;189;Acidente Fatal;483,7;BR-040/MG;Sul;Atropelamento de Ciclista;1;1;0;0;1;0;0;0;0;0;3;0;0;0;1
17/10/2020;20:01:00;198;Acidente sem Vítimas;710,8;BR-040/MG;Norte;Choque c/ Objeto Fixo;1;0;0;0;0;0;0;0;0;0;1;0;0;0;0
18/10/2020;01:12:00;4;Acidente sem Vítimas;517;BR-040/MG;Norte;Capotamento;1;0;0;0;0;0;0;0;0;0;0;0;0;0;0
18/10/2020;04:47:00;13;Acidente sem Vítimas;5,4;BR-040/GO;Norte;Colisão lateral;2;0;0;0;0;0;0;0;0;0;4;0;0;0;0
18/10/2020;06:19:00;20;Acidente sem Vítimas;439,8;BR-040/MG;Sul;Choque c/ Objeto Fixo;1;0;0;0;0;0;0;0;0;0;1;0;0;0;0
18/10/2020;07:59:00;37;Acidente sem Vítimas;612,15;BR-040/MG;Sul;Outros;1;0;0;0;0;0;0;0;0;0;0;0;0;0;0
18/10/2020;17:21:00;150;Acidente sem Vítimas;739,15;BR-040/MG;Sul;Outros;1;0;0;0;0;0;0;0;0;0;1;0;0;0;0
18/10/2020;19:39:00;170;Acidente sem Vítimas;728,2;BR-040/MG;Sul;Choque c/ Objeto Fixo;2;0;0;0;0;0;0;0;0;0;1;0;0;0;0
18/10/2020;19:49:00;174;Acidente sem Vítimas;9,7;BR-040/GO;Norte;Colisão transversal;2;0;0;0;0;1;0;0;0;0;3;0;0;0;0
18/10/2020;22:38:00;196;Acidente sem Vítimas;226,4;BR-040/MG;Sul;Colisão traseira;1;0;0;0;0;1;0;0;0;0;2;0;0;0;0
19/10/2020;00:12:00;11;Acidente com Vítimas;363,5;BR-040/MG;Sul;Choque c/ Objeto Fixo;1;0;0;0;0;0;0;0;0;0;3;1;0;0;0
19/10/2020;00:20:00;18;Acidente sem Vítimas;660,15;BR-040/MG;Norte;Atropelamento de Animal;1;0;0;0;0;0;0;0;0;0;5;0;0;0;0
19/10/2020;00:28:00;24;Acidente Fatal;362,95;BR-040/MG;Sul;Colisão traseira;3;0;0;0;0;1;0;0;0;0;0;0;0;0;1
19/10/2020;01:22:00;28;Acidente sem Vítimas;50,1;BR-040/MG;Norte;Choque c/ Objeto Fixo;0;0;0;0;0;1;0;0;0;0;1;0;0;0;0
19/10/2020;04:54:00;71;Acidente sem Vítimas;145,5;BR-040/MG;Norte;Choque c/ Objeto Fixo;1;0;0;0;0;0;0;0;0;0;1;0;0;0;0
19/10/2020;06:31:00;80;Acidente sem Vítimas;697,15;BR-040/MG;Sul;Outros;2;0;0;0;0;0;0;0;0;0;2;0;0;0;0
19/10/2020;06:41:00;83;Acidente sem Vítimas;654,25;BR-040/MG;Sul;Choque c/ Objeto Fixo;1;0;0;0;0;0;0;0;0;0;0;0;0;0;0
19/10/2020;07:48:00;103;Acidente com Vítimas;140,3;BR-040/MG;Norte;Capotamento;1;0;0;0;0;0;0;0;0;0;0;1;0;0;0
19/10/2020;07:53:00;108;Acidente sem Vítimas;749,15;BR-040/MG;Norte;Choque c/ Objeto Fixo;1;0;0;0;0;0;0;0;0;0;3;0;0;0;0
19/10/2020;08:31:00;120;Acidente sem Vítimas;731,8;BR-040/MG;Sul;Choque c/ Objeto Fixo;2;0;0;0;0;0;0;0;0;0;1;0;0;0;0
19/10/2020;08:38:00;121;Acidente sem Vítimas;512,1;BR-040/MG;Sul;Choque c/ Objeto Fixo;1;0;0;0;1;0;0;0;0;0;2;0;0;0;0
19/10/2020;08:52:00;125;Acidente sem Vítimas;519,5;BR-040/MG;Sul;Colisão traseira;2;0;0;0;0;1;0;0;0;0;2;0;0;0;0
19/10/2020;09:28:00;130;Acidente sem Vítimas;612,25;BR-040/MG;Sul;Choque c/ Objeto Fixo;1;0;0;0;1;0;0;0;0;0;0;0;0;0;0
19/10/2020;10:19:00;141;Acidente sem Vítimas;717,15;BR-040/MG;Sul;Choque c/ Objeto Fixo;1;0;0;0;0;0;0;0;0;0;1;0;0;0;0
19/10/2020;10:42:00;146;Acidente sem Vítimas;737,9;BR-040/MG;Sul;Choque c/ Objeto Fixo;1;0;0;0;0;0;0;0;0;0;1;0;0;0;0
19/10/2020;11:02:00;150;Acidente sem Vítimas;751,4;BR-040/MG;Norte;Choque c/ Objeto Fixo;1;0;0;0;0;0;0;0;0;0;1;0;0;0;0
19/10/2020;11:28:00;156;Acidente sem Vítimas;749,12;BR-040/MG;Sul;Choque c/ Objeto Fixo;0;0;0;0;0;3;0;0;0;0;1;0;0;0;0
19/10/2020;12:20:00;165;Acidente com Vítimas;459,855;BR-040/MG;Sul;Capotamento;2;0;0;0;0;0;0;0;0;0;1;1;0;0;0
19/10/2020;13:38:00;182;Acidente sem Vítimas;458,2;BR-040/MG;Sul;Choque c/ Objeto Fixo;1;0;0;0;0;0;0;0;0;0;1;0;0;0;0
19/10/2020;13:40:00;187;Acidente sem Vítimas;434,75;BR-040/MG;Sul;Choque com objeto;2;0;0;0;0;0;0;0;0;0;1;0;0;0;0
19/10/2020;14:42:00;199;Acidente sem Vítimas;445,9;BR-040/MG;Sul;Choque c/ Objeto Fixo;1;0;0;0;0;0;0;0;0;0;1;0;0;0;0
19/10/2020;16:49:00;225;Acidente com Vítimas;549,45;BR-040/MG;Sul;Capotamento;2;0;0;0;0;1;0;0;0;0;2;1;0;0;0
19/10/2020;18:40:00;240;Acidente Fatal;610,55;BR-040/MG;Sul;Colisão transversal;0;0;1;6;0;0;0;0;0;0;1;0;0;0;1
19/10/2020;20:04:00;251;Acidente com Vítimas;570,1;BR-040/MG;Sul;Colisão transversal;1;0;0;0;0;1;0;0;0;0;9;2;0;0;0
20/10/2020;09:36:00;138;Acidente sem Vítimas;47,1;Fora_Rota;Norte;Colisão com veículo da concessionária;1;0;0;0;0;1;0;0;0;0;0;0;0;0;0
20/10/2020;12:14:00;178;Acidente sem Vítimas;511;BR-040/MG;Sul;Engavetamento;1;0;0;0;0;2;0;0;0;0;3;0;0;0;0
20/10/2020;12:36:00;181;Acidente sem Vítimas;509,15;BR-040/MG;Norte;Engavetamento;2;0;1;0;0;0;0;0;0;0;3;0;0;0;0
20/10/2020;12:42:00;184;Acidente com Vítimas;518,1;BR-040/MG;Norte;Colisão traseira;1;0;2;0;0;2;0;0;0;0;3;1;0;0;0
20/10/2020;12:46:00;183;Acidente sem Vítimas;656,1;BR-040/MG;Norte;Capotamento;1;0;0;0;0;0;0;0;0;0;2;0;0;0;0
20/10/2020;13:05:00;190;Acidente sem Vítimas;612,5;BR-040/MG;Norte;Colisão lateral;2;0;2;0;0;1;0;0;0;0;2;0;0;0;0
20/10/2020;13:32:00;194;Acidente sem Vítimas;621,2;BR-040/MG;Norte;Colisão traseira;3;0;0;0;0;0;0;0;0;0;3;0;0;0;0
20/10/2020;14:28:00;206;Acidente sem Vítimas;464,1;BR-040/MG;Norte;Tombamento;1;0;2;0;0;0;0;0;0;0;0;0;1;0;0
20/10/2020;14:54:00;208;Acidente Fatal;533,15;BR-040/MG;Sul;Atropelamento de Pedestre;2;0;2;0;0;0;0;0;0;0;1;0;0;0;1
20/10/2020;17:00:00;227;Acidente sem Vítimas;510,9;BR-040/MG;Norte;Colisão traseira;0;0;1;0;0;2;0;0;0;0;3;0;0;0;0
20/10/2020;22:56:00;303;Acidente sem Vítimas;499,5;BR-040/MG;Norte;Colisão lateral;3;0;0;0;0;0;0;0;0;0;3;0;0;0;0
21/10/2020;10:46:00;139;Acidente sem Vítimas;525,15;BR-040/MG;Norte;Tombamento de Moto;0;0;0;3;0;0;0;0;0;0;1;0;0;0;0
21/10/2020;14:31:00;192;Acidente sem Vítimas;667,1;BR-040/MG;Norte;Colisão traseira;0;0;1;0;1;2;0;0;0;0;2;0;0;0;0
21/10/2020;21:20:00;267;Acidente com Vítimas;501,3;BR-040/MG;Sul;Colisão traseira;0;0;2;0;0;0;0;0;0;0;1;1;0;0;0
22/10/2020;05:43:00;85;Acidente sem Vítimas;557,85;BR-040/MG;Sul;Capotamento;0;0;0;0;0;3;0;0;0;0;3;0;0;0;0
22/10/2020;07:41:00;108;Acidente sem Vítimas;539,1;BR-040/MG;Sul;Engavetamento;3;0;0;0;0;0;0;0;0;0;3;0;0;0;0
22/10/2020;07:56:00;112;Acidente sem Vítimas;738,25;BR-040/MG;Sul;Choque c/ Objeto Fixo;2;0;0;0;0;0;0;0;0;0;1;0;0;0;0
22/10/2020;09:25:00;135;Acidente sem Vítimas;747,15;BR-040/MG;Norte;Choque c/ Objeto Fixo;1;0;0;0;0;0;0;0;0;0;1;0;0;0;0
22/10/2020;10:14:00;151;Acidente com Vítimas;729,15;BR-040/MG;Sul;Choque c/ Objeto Fixo;1;0;0;0;0;0;0;0;0;0;1;0;1;0;0
22/10/2020;11:12:00;165;Acidente sem Vítimas;656,2;BR-040/MG;Norte;Choque c/ Objeto Fixo;1;0;0;0;0;0;0;0;0;0;1;0;0;0;0
22/10/2020;12:32:00;182;Acidente sem Vítimas;727,5;BR-040/MG;Norte;Choque c/ Objeto Fixo;1;0;0;0;0;0;0;0;0;0;1;0;0;0;0
22/10/2020;12:41:00;186;Acidente com Vítimas;12,8;BR-040/GO;Sul;Atropelamento de Pedestre;1;0;0;0;0;0;0;0;0;0;0;1;0;0;0
22/10/2020;13:06:00;192;Acidente com Vítimas;528,65;BR-040/MG;Sul;Choque c/ Objeto Fixo;1;0;0;0;0;0;0;0;0;0;1;0;0;0;0
22/10/2020;13:42:00;201;Acidente sem Vítimas;717,6;BR-040/MG;Sul;Colisão traseira;1;0;0;0;0;1;0;0;0;0;1;0;0;0;0
22/10/2020;15:57:00;226;Acidente com Vítimas;15,6;BR-040/GO;Norte;Atropelamento de Animal;0;0;0;0;0;2;0;0;0;0;0;0;1;0;0
22/10/2020;17:37:00;245;Acidente sem Vítimas;530,1;Fora_Rota;Sul;Colisão transversal;0;0;0;0;0;2;0;0;0;0;2;0;0;0;0
22/10/2020;18:55:00;267;Acidente com Vítimas;95,8;BR-040/GO;Sul;Colisão transversal;2;0;0;0;1;0;0;0;0;0;1;2;2;0;0
23/10/2020;02:33:00;61;Acidente com Vítimas;515,2;BR-040/MG;Sul;Colisão traseira;0;0;1;0;0;3;0;0;0;0;1;0;0;1;0
23/10/2020;03:59:00;65;Acidente com Vítimas;17,4;BR-040/GO;Sul;Colisão lateral;0;0;0;0;1;2;0;0;0;0;2;0;1;0;0
23/10/2020;04:15:00;67;Acidente com Vítimas;709,8;BR-040/MG;Sul;Capotamento;1;0;0;0;0;0;0;0;0;0;1;0;0;0;0
23/10/2020;08:48:00;122;Acidente com Vítimas;518,84;BR-040/MG;Sul;Colisão traseira;2;0;0;1;0;0;0;0;0;0;2;2;0;0;0
23/10/2020;08:50:00;127;Acidente com Vítimas;434,43;BR-040/MG;Norte;Tombamento;0;0;1;1;0;0;0;0;0;0;1;1;0;0;0
23/10/2020;09:31:00;136;Acidente sem Vítimas;739,15;BR-040/MG;Norte;Outros;1;0;0;0;0;0;0;0;0;0;1;0;0;0;0
23/10/2020;09:57:00;141;Acidente sem Vítimas;731,9;BR-040/MG;Sul;Capotamento;1;0;0;0;0;0;0;0;0;0;0;0;0;0;0
23/10/2020;10:03:00;143;Acidente Fatal;49,4;BR-040/MG;Sul;Colisão frontal;0;0;0;0;2;3;0;0;0;0;0;0;0;0;3
23/10/2020;11:01:00;154;Acidente com Vítimas;531,9;BR-040/MG;Norte;Colisão traseira;1;0;1;0;1;0;0;0;0;0;2;0;0;0;0
23/10/2020;11:25:00;156;Acidente sem Vítimas;15,15;BR-040/GO;Sul;Outros;1;0;0;1;0;0;0;0;0;0;1;0;0;0;0
23/10/2020;11:40:00;158;Acidente sem Vítimas;660,5;BR-040/MG;Norte;Tombamento de Moto;0;0;0;1;0;0;0;0;0;0;1;0;0;0;0
23/10/2020;15:20:00;189;Acidente sem Vítimas;114,2;BR-040/MG;Norte;Choque c/ Objeto Fixo;1;0;0;0;0;0;0;0;0;0;0;0;0;0;0
23/10/2020;16:53:00;203;Acidente sem Vítimas;553,6;BR-040/MG;Sul;Colisão transversal;2;0;0;0;0;0;0;0;0;0;2;0;0;0;0
23/10/2020;17:17:00;209;Acidente sem Vítimas;623,15;BR-040/MG;Sul;Engavetamento;3;0;0;0;0;0;0;0;0;0;3;0;0;0;0
23/10/2020;17:30:00;214;Acidente sem Vítimas;714,1;BR-040/MG;Norte;Colisão traseira;2;0;0;0;0;0;0;0;0;0;2;0;0;0;0
23/10/2020;18:06:00;222;Acidente sem Vítimas;38,5;BR-040/GO;Sul;Queda Veículo;2;0;0;0;0;1;0;0;0;0;5;0;0;0;0
23/10/2020;18:21:00;224;Acidente sem Vítimas;9,9;BR-040/GO;Norte;Colisão lateral;0;0;0;1;0;1;0;0;0;0;1;0;0;0;0
23/10/2020;19:11:00;237;Acidente com Vítimas;457,5;BR-040/MG;Norte;Tombamento;0;0;1;0;1;0;0;0;0;0;0;1;0;0;0
23/10/2020;22:11:00;283;Acidente com Vítimas;517,15;BR-040/MG;Norte;Colisão lateral;0;0;0;0;0;2;0;0;0;1;2;0;0;0;0
24/10/2020;00:26:00;5;Acidente sem Vítimas;505,3;BR-040/MG;Sul;Atropelamento de Animal;1;0;0;0;0;0;0;0;0;0;1;0;0;0;0
24/10/2020;01:36:00;28;Acidente sem Vítimas;543,2;BR-040/MG;Sul;Capotamento;1;0;0;0;0;1;0;0;0;0;1;0;0;0;0
24/10/2020;02:02:00;29;Acidente sem Vítimas;688,26;BR-040/MG;Norte;Choque com objeto;2;0;0;0;0;0;0;0;0;0;1;0;0;0;0
24/10/2020;06:28:00;49;Acidente sem Vítimas;139,1;BR-040/MG;Sul;Tombamento;0;0;0;0;0;1;0;0;0;0;1;0;0;0;0
24/10/2020;09:25:00;80;Acidente com Vítimas;468,15;BR-040/MG;Sul;Capotamento;0;0;0;0;0;1;0;0;0;0;3;3;0;0;0
24/10/2020;10:49:00;101;Acidente com Vítimas;469,15;BR-040/MG;Sul;Capotamento;0;0;1;0;0;1;0;0;0;0;2;1;0;0;0
24/10/2020;11:19:00;106;Acidente sem Vítimas;654,5;BR-040/MG;Sul;Capotamento;1;0;0;0;0;0;0;0;0;0;1;0;0;0;0
24/10/2020;11:41:00;110;Acidente sem Vítimas;460,35;BR-040/MG;Sul;Colisão lateral;1;0;0;0;0;0;0;0;0;0;1;1;0;0;0
24/10/2020;11:48:00;114;Acidente com Vítimas;572,3;BR-040/MG;Sul;Colisão frontal;0;0;0;0;0;0;0;0;0;0;0;0;1;0;0
24/10/2020;12:10:00;115;Acidente sem Vítimas;717,5;BR-040/MG;Norte;Choque com objeto;1;0;0;0;0;0;0;0;0;0;1;0;0;0;0
24/10/2020;12:59:00;130;Acidente sem Vítimas;740,4;BR-040/MG;Sul;Choque c/ Objeto Fixo;1;0;0;0;0;0;0;0;0;0;2;0;0;0;0
24/10/2020;13:16:00;134;Acidente sem Vítimas;618,1;BR-040/MG;Norte;Colisão traseira;2;0;0;0;0;1;0;0;0;0;1;0;0;0;0
24/10/2020;13:41:00;138;Acidente sem Vítimas;568,15;BR-040/MG;Sul;Choque c/ Objeto Fixo;1;0;0;0;0;0;0;0;0;0;1;0;0;0;0
24/10/2020;14:01:00;142;Acidente sem Vítimas;519,15;BR-040/MG;Norte;Capotamento;0;0;0;0;0;0;0;0;0;0;0;0;0;0;0
24/10/2020;14:02:00;144;Acidente com Vítimas;656,2;BR-040/MG;Norte;Colisão transversal;0;0;6;2;0;0;0;0;0;0;3;0;1;0;0
24/10/2020;14:45:00;147;Acidente sem Vítimas;656,2;BR-040/MG;Norte;Choque c/ Objeto Fixo;0;0;3;0;0;0;0;0;0;0;1;0;0;0;0
24/10/2020;15:25:00;154;Acidente com Vítimas;0,2;BR-040/DF;Norte;Capotamento;0;0;0;0;0;0;0;0;0;0;0;1;0;0;0
24/10/2020;15:28:00;156;Acidente sem Vítimas;661,1;BR-040/MG;Norte;Choque c/ Objeto Fixo;1;0;0;0;0;0;0;0;0;0;2;0;0;0;0
24/10/2020;15:32:00;158;Acidente sem Vítimas;7,2;BR-040/GO;Norte;Colisão lateral;1;0;0;0;0;1;0;0;0;0;0;0;0;0;0
24/10/2020;15:57:00;163;Acidente sem Vítimas;571,1;BR-040/MG;Sul;Outros;0;0;0;0;0;0;0;0;0;0;0;0;0;0;0
24/10/2020;17:12:00;176;Acidente sem Vítimas;473,15;Fora_Rota;Norte;Colisão com veículo da concessionária;0;0;0;0;0;0;0;0;0;0;0;0;0;0;0
24/10/2020;17:49:00;184;Acidente sem Vítimas;716,1;BR-040/MG;Sul;Choque c/ Objeto Fixo;1;0;0;0;0;0;0;0;0;0;1;0;0;0;0
24/10/2020;18:09:00;188;Acidente com Vítimas;444,15;BR-040/MG;Norte;Capotamento;1;0;0;0;0;0;0;0;0;0;0;1;0;0;0
24/10/2020;19:23:00;203;Acidente sem Vítimas;568,2;BR-040/MG;Norte;Choque c/ Objeto Fixo;1;0;0;0;0;0;0;0;0;0;0;0;0;0;0
25/10/2020;01:14:00;5;Acidente sem Vítimas;450,1;BR-040/MG;Norte;Atropelamento de Animal;0;0;0;0;2;0;0;0;0;0;0;0;0;0;0
25/10/2020;05:32:00;13;Acidente sem Vítimas;440;BR-040/MG;Sul;Capotamento;1;0;0;0;0;1;0;0;0;0;3;0;0;0;0
25/10/2020;06:06:00;14;Acidente sem Vítimas;465;BR-040/MG;Sul;Outros;0;0;1;0;0;1;0;0;0;0;0;0;0;0;0
25/10/2020;06:42:00;19;Acidente sem Vítimas;728,7;BR-040/MG;Sul;Choque c/ Objeto Fixo;1;0;0;0;0;0;0;0;0;0;3;0;0;0;0
25/10/2020;09:07:00;46;Acidente sem Vítimas;541,15;BR-040/MG;Norte;Outros;1;0;0;0;0;0;0;0;0;0;1;0;0;0;0