data;horario;n_da_ocorrencia;tipo_de_ocorrencia;km;trecho;sentido;tipo_de_acidente;automovel;bicicleta;caminhao;moto;onibus;outros;tracao_animal;transporte_de_cargas_especiais;trator_maquinas;utilitarios;ilesos;levemente_feridos;moderadamente_feridos;gravemente_feridos;mortos
25/10/2020;10:14:00;61;Acidente sem Vítimas;728,5;BR-040/MG;Sul;Choque c/ Objeto Fixo;1;0;0;0;0;0;0;0;0;0;1;0;0;0;0
25/10/2020;10:25:00;64;Acidente sem Vítimas;594,95;BR-040/MG;Norte;Choque c/ Objeto Fixo;0;0;2;0;0;0;0;0;0;0;1;0;0;0;0
25/10/2020;14:03:00;114;Acidente sem Vítimas;511;BR-040/MG;Norte;Choque c/ Objeto Fixo;1;0;0;0;0;1;0;0;0;0;1;0;0;0;0
25/10/2020;14:09:00;115;Acidente sem Vítimas;501,15;BR-040/MG;Norte;Outros;0;0;1;0;0;0;0;0;0;0;1;0;0;0;0
25/10/2020;14:33:00;122;Acidente sem Vítimas;403,15;BR-040/MG;Norte;Tombamento;0;0;1;0;0;0;0;0;0;0;0;0;0;0;0
25/10/2020;14:37:00;123;Acidente com Vítimas;501,1;BR-040/MG;Norte;Capotamento;1;0;0;0;0;0;0;0;0;0;1;0;1;0;0
25/10/2020;14:57:00;128;Acidente com Vítimas;712,8;BR-040/MG;Norte;Choque c/ Objeto Fixo;0;0;0;0;0;2;0;0;0;0;0;1;0;0;0
25/10/2020;15:01:00;129;Acidente sem Vítimas;638,7;BR-040/MG;Sul;Capotamento;1;0;0;0;0;1;0;0;0;0;1;0;0;0;0
25/10/2020;15:38:00;135;Acidente sem Vítimas;467,1;BR-040/MG;Sul;Outros;2;0;0;0;0;0;0;0;0;0;3;0;0;0;0
25/10/2020;15:40:00;134;Acidente sem Vítimas;447,1;BR-040/MG;Sul;Capotamento;1;0;0;0;0;0;0;0;0;0;3;0;0;0;0
25/10/2020;15:44:00;136;Acidente sem Vítimas;616,5;BR-040/MG;Sul;Colisão lateral;2;0;0;0;0;0;0;0;0;0;5;0;0;0;0
25/10/2020;16:27:00;147;Acidente sem Vítimas;497,15;BR-040/MG;Sul;Colisão traseira;2;0;0;0;0;1;0;0;0;0;2;0;0;0;0
25/10/2020;16:41:00;149;Acidente sem Vítimas;732,7;BR-040/MG;Norte;Choque c/ Objeto Fixo;1;0;0;0;0;0;0;0;0;0;1;0;0;0;0
25/10/2020;18:58:00;179;Acidente com Vítimas;12,7;BR-040/GO;Sul;Atropelamento de Pedestre;0;0;0;1;0;0;0;0;0;0;2;0;1;0;0
25/10/2020;19:01:00;184;Acidente com Vítimas;549,5;BR-040/MG;Norte;Choque c/ Objeto Fixo;0;0;0;1;0;0;0;0;0;0;0;0;1;0;0
25/10/2020;19:52:00;192;Acidente com Vítimas;555,1;BR-040/MG;Norte;Colisão traseira;1;0;0;1;0;0;0;0;0;0;1;0;1;0;0
25/10/2020;21:23:00;199;Acidente sem Vítimas;536,2;BR-040/MG;Sul;Choque c/ Objeto Fixo;1;0;0;0;0;0;0;0;0;0;1;0;0;0;0
26/10/2020;01:51:00;32;Acidente sem Vítimas;6,3;BR-040/GO;Sul;Choque c/ Objeto Fixo;1;0;0;0;0;1;0;0;0;0;2;0;0;0;0
26/10/2020;05:24:00;70;Acidente sem Vítimas;571,2;BR-040/MG;Norte;Atropelamento de Animal;2;0;0;0;0;0;0;0;0;0;1;0;0;0;0
26/10/2020;06:52:00;85;Acidente sem Vítimas;1,8;BR-040/MG;Norte;Colisão lateral;0;0;0;1;0;1;0;0;0;0;0;0;0;0;0
26/10/2020;07:16:00;93;Acidente sem Vítimas;68,15;BR-040/GO;Sul;Choque c/ Objeto Fixo;0;0;0;1;0;0;0;0;0;0;0;0;0;0;0
26/10/2020;09:37:00;139;Acidente com Vítimas;753,15;BR-040/MG;Sul;Tombamento de Moto;0;0;0;2;0;1;0;0;0;0;2;0;1;0;0
26/10/2020;09:47:00;143;Acidente sem Vítimas;550,15;BR-040/MG;Norte;Engavetamento;3;0;0;0;0;0;0;0;0;0;3;0;0;0;0
26/10/2020;11:24:00;165;Acidente sem Vítimas;692,8;BR-040/MG;Sul;Colisão traseira;2;0;0;0;0;0;0;0;0;0;2;0;0;0;0
26/10/2020;11:29:00;166;Acidente com Vítimas;11,8;BR-040/GO;Sul;Atropelamento de Pedestre;0;0;0;0;1;0;0;0;0;0;0;1;0;0;0
26/10/2020;13:13:00;195;Acidente sem Vítimas;469,1;BR-040/MG;Sul;Colisão traseira;0;0;2;0;0;0;0;0;0;0;2;0;0;0;0
26/10/2020;15:09:00;221;Acidente sem Vítimas;41;BR-040/GO;Norte;Outros;2;0;0;0;0;1;0;0;0;0;0;0;0;0;0
26/10/2020;18:32:00;270;Acidente sem Vítimas;534,2;BR-040/MG;Norte;Engavetamento;4;0;0;0;0;0;0;0;0;0;4;0;0;0;0
27/10/2020;06:18:00;78;Acidente com Vítimas;522,6;BR-040/MG;Norte;Capotamento;1;0;0;0;0;0;0;0;0;0;1;2;0;0;0
27/10/2020;07:16:00;104;Acidente sem Vítimas;512,16;BR-040/MG;Sul;Engavetamento;4;0;0;0;0;0;0;0;0;0;3;0;0;0;0
27/10/2020;09:10:00;132;Acidente sem Vítimas;494,5;BR-040/MG;Sul;Tombamento;1;0;0;0;0;1;0;0;0;0;2;0;0;0;0
27/10/2020;09:27:00;141;Acidente sem Vítimas;48,1;BR-040/MG;Sul;Choque c/ Objeto Fixo;1;0;0;0;0;0;0;0;0;0;0;0;0;0;0
27/10/2020;10:04:00;147;Acidente Fatal;341,4;BR-040/MG;Sul;Colisão frontal;1;1;3;0;2;0;0;0;0;0;0;0;0;0;1
27/10/2020;10:13:00;152;Acidente sem Vítimas;745,15;BR-040/MG;Norte;Choque c/ Objeto Fixo;0;0;0;2;0;0;0;0;0;0;1;0;0;0;0
27/10/2020;11:42:00;167;Acidente sem Vítimas;528,6;BR-040/MG;Sul;Engavetamento;1;0;0;0;1;2;0;0;0;0;3;0;0;0;0
27/10/2020;16:28:00;227;Acidente com Vítimas;658,15;BR-040/MG;Sul;Choque c/ Objeto Fixo;1;0;0;0;0;0;0;0;0;0;1;1;0;0;0
27/10/2020;16:29:00;226;Acidente com Vítimas;7,2;BR-040/GO;Sul;Queda Veículo;0;0;0;0;0;1;0;0;0;0;0;1;0;0;0
27/10/2020;16:50:00;233;Acidente com Vítimas;709,1;BR-040/MG;Norte;Capotamento;2;0;0;0;0;1;0;0;0;0;1;0;0;0;0
27/10/2020;19:20:00;280;Acidente com Vítimas;612,1;BR-040/MG;Norte;Atropelamento de Pedestre;1;0;0;0;0;0;0;0;0;0;1;0;0;0;0
28/10/2020;06:57:00;99;Acidente sem Vítimas;255,3;BR-040/MG;Norte;Outros;0;0;0;1;1;0;0;0;0;0;1;0;0;0;0
28/10/2020;10:12:00;153;Acidente sem Vítimas;706,1;BR-040/MG;Sul;Choque c/ Objeto Fixo;2;0;0;0;0;0;0;0;0;0;1;0;0;0;0
28/10/2020;11:51:00;177;Acidente com Vítimas;548,15;BR-040/MG;Norte;Colisão lateral;1;0;0;1;0;0;0;0;0;0;1;1;0;0;0
28/10/2020;13:12:00;203;Acidente com Vítimas;530,5;BR-040/MG;Norte;Colisão traseira;0;0;0;0;0;3;0;0;0;0;1;0;0;0;0
28/10/2020;13:49:00;214;Acidente sem Vítimas;579,1;BR-040/MG;Norte;Choque c/ Objeto Fixo;1;0;0;0;0;0;0;0;0;0;1;0;0;0;0
28/10/2020;17:29:00;264;Acidente sem Vítimas;7,2;BR-040/GO;Sul;Engavetamento;4;0;0;0;0;1;0;0;0;0;3;0;0;0;0
28/10/2020;18:29:00;281;Acidente com Vítimas;528,5;BR-040/MG;Sul;Tombamento de Moto;0;0;0;1;0;1;0;0;0;0;0;1;0;0;0
28/10/2020;21:59:00;324;Acidente Fatal;524,2;BR-040/MG;Norte;Atropelamento de Pedestre;0;0;0;0;0;1;0;0;0;0;0;0;0;0;1
29/10/2020;00:19:00;2;Acidente com Vítimas;0,2;BR-040/DF;Sul;Choque c/ Objeto Fixo;0;0;0;2;0;0;0;0;0;0;0;2;0;0;0
29/10/2020;07:10:00;101;Acidente com Vítimas;2,8;BR-040/DF;Norte;Tombamento;0;0;0;1;0;0;0;0;0;0;0;1;0;0;0
29/10/2020;07:56:00;112;Acidente com Vítimas;651,7;BR-040/MG;Sul;Choque c/ Objeto Fixo;0;0;1;0;0;0;0;0;0;0;1;1;0;0;0
29/10/2020;08:58:00;128;Acidente sem Vítimas;693,1;BR-040/MG;Sul;Colisão traseira;0;0;2;0;0;0;0;0;0;0;1;0;0;0;0
29/10/2020;09:02:00;132;Acidente com Vítimas;510,1;BR-040/MG;Sul;Colisão traseira;2;0;0;1;0;0;0;0;0;0;2;0;0;0;0
29/10/2020;11:32:00;174;Acidente com Vítimas;43,6;BR-040/MG;Sul;Engavetamento;1;0;0;0;0;2;0;0;0;0;0;1;0;0;0
29/10/2020;16:29:00;246;Acidente sem Vítimas;615,5;BR-040/MG;Sul;Colisão traseira;1;0;0;1;0;0;0;0;0;0;2;0;0;0;0
29/10/2020;17:17:00;265;Acidente sem Vítimas;24,1;BR-040/GO;Sul;Colisão traseira;2;0;0;0;0;0;0;0;0;0;2;0;0;0;0
29/10/2020;18:16:00;283;Acidente sem Vítimas;726,9;BR-040/MG;Sul;Choque c/ Objeto Fixo;1;0;0;0;0;0;0;0;0;0;1;0;0;0;0
29/10/2020;19:02:00;297;Acidente com Vítimas;559,95;BR-040/MG;Sul;Colisão traseira;1;0;1;0;1;1;0;0;0;0;2;1;0;0;0
29/10/2020;19:32:00;308;Acidente sem Vítimas;3,5;BR-040/DF;Sul;Colisão traseira;1;0;0;1;0;1;0;0;0;0;2;1;0;0;0
29/10/2020;22:06:00;345;Acidente com Vítimas;37,5;BR-040/GO;Norte;Tombamento;0;0;0;1;0;2;0;0;0;0;2;1;0;0;0
29/10/2020;22:12:00;346;Acidente com Vítimas;6,3;BR-040/GO;Norte;Capotamento;1;0;0;0;0;0;0;0;0;0;0;0;1;0;0
30/10/2020;01:24:00;28;Acidente sem Vítimas;277,3;BR-040/MG;Sul;Tombamento;0;0;0;0;0;2;0;0;0;0;1;0;0;0;0
30/10/2020;03:25:00;73;Acidente sem Vítimas;726,8;BR-040/MG;Sul;Capotamento;2;0;0;0;0;0;0;0;0;0;4;0;0;0;0
30/10/2020;08:12:00;117;Acidente sem Vítimas;5,1;BR-040/DF;Norte;Colisão traseira;2;0;0;0;0;0;0;0;0;0;0;0;0;0;0
30/10/2020;09:40:00;144;Acidente com Vítimas;532,8;BR-040/MG;Sul;Atropelamento de Pedestre;0;0;0;1;0;0;0;0;0;0;1;1;0;0;0
30/10/2020;09:59:00;147;Acidente sem Vítimas;478,4;BR-040/MG;Sul;Choque c/ Objeto Fixo;0;0;0;0;1;0;0;0;0;0;1;0;0;0;0
30/10/2020;10:33:00;160;Acidente sem Vítimas;455,1;BR-040/MG;Norte;Choque c/ Objeto Fixo;1;0;0;0;0;0;0;0;0;0;1;0;0;0;0
30/10/2020;10:50:00;169;Acidente sem Vítimas;446,8;BR-040/MG;Norte;Colisão traseira;1;0;2;0;0;1;0;0;0;0;1;0;0;0;0
30/10/2020;11:03:00;171;Acidente sem Vítimas;6,5;BR-040/GO;Sul;Colisão traseira;1;0;0;1;0;0;0;0;0;0;0;0;0;0;0
30/10/2020;13:37:00;209;Acidente sem Vítimas;467,9;BR-040/MG;Sul;Tombamento;2;0;0;0;0;0;0;0;0;0;0;0;0;0;0
30/10/2020;13:38:00;211;Acidente sem Vítimas;523,5;BR-040/MG;Norte;Colisão traseira;1;0;1;0;0;0;0;0;0;0;2;0;0;0;0
30/10/2020;13:52:00;213;Acidente sem Vítimas;533,8;BR-040/MG;Norte;Engavetamento;0;0;1;0;0;1;0;0;0;0;2;0;0;0;0
30/10/2020;13:57:00;215;Acidente sem Vítimas;8,1;BR-040/DF;Norte;Colisão traseira;1;0;0;1;0;0;0;0;0;0;2;0;0;0;0
30/10/2020;14:55:00;225;Acidente sem Vítimas;416,1;BR-040/MG;Sul;Capotamento;1;0;0;0;0;0;0;0;0;0;1;0;0;0;0
30/10/2020;16:53:00;256;Acidente com Vítimas;704,873;BR-040/MG;Sul;Queda Veículo;1;0;0;0;0;1;0;0;0;0;3;0;1;0;0
30/10/2020;17:24:00;263;Acidente sem Vítimas;717,8;BR-040/MG;Norte;Choque c/ Objeto Fixo;2;0;0;0;0;0;0;0;0;0;1;0;0;0;0
30/10/2020;17:28:00;264;Acidente com Vítimas;749,8;BR-040/MG;Sul;Choque c/ Objeto Fixo;1;0;0;0;0;0;0;0;0;0;1;0;0;0;0
30/10/2020;17:51:00;271;Acidente sem Vítimas;521,5;BR-040/MG;Norte;Colisão traseira;0;0;0;0;0;2;0;0;0;0;3;0;0;0;0
30/10/2020;18:06:00;275;Acidente com Vítimas;90,3;BR-040/GO;Norte;Capotamento;1;0;0;0;0;0;0;0;0;0;2;0;0;0;0
30/10/2020;18:15:00;285;Acidente com Vítimas;524,2;BR-040/MG;Norte;Tombamento de Moto;0;0;0;0;0;0;0;0;0;0;0;0;0;0;0
30/10/2020;18:46:00;291;Acidente com Vítimas;291,4;BR-040/MG;Norte;Atropelamento de Animal;2;0;0;0;0;0;0;0;0;0;1;0;0;1;0
30/10/2020;19:13:00;296;Acidente com Vítimas;474,2;BR-040/MG;Norte;Tombamento;0;0;0;0;0;2;0;0;0;0;0;1;0;0;0
30/10/2020;19:19:00;298;Acidente sem Vítimas;440,2;BR-040/MG;Norte;Choque c/ Objeto Fixo;1;0;0;0;0;0;0;0;0;0;0;0;0;0;0
30/10/2020;19:22:00;301;Acidente com Vítimas;626,2;BR-040/MG;Sul;Atropelamento de Pedestre;0;0;0;0;0;1;0;0;0;0;12;0;0;0;0
30/10/2020;19:37:00;304;Acidente com Vítimas;644,1;BR-040/MG;Sul;Capotamento;1;0;0;0;0;0;0;0;0;0;3;2;1;0;0
30/10/2020;20:57:00;326;Acidente sem Vítimas;500,5;BR-040/MG;Norte;Choque c/ Objeto Fixo;0;0;0;0;0;1;0;0;0;0;1;0;0;0;0
30/10/2020;20:58:00;327;Acidente com Vítimas;506,2;BR-040/MG;Norte;Colisão lateral;1;0;0;0;1;0;0;0;0;0;1;1;0;0;0
30/10/2020;22:51:00;354;Acidente sem Vítimas;603;BR-040/MG;Sul;Colisão traseira;0;0;3;0;2;1;0;0;0;0;3;0;0;0;0
01/11/2020;04:20:00;24;Acidente sem Vítimas;460,8;BR-040/MG;Sul;Capotamento;1;0;0;0;0;0;0;0;0;0;2;0;0;0;0
01/11/2020;09:20:00;61;Acidente sem Vítimas;738,1;BR-040/MG;Sul;Choque com objeto;2;0;0;0;0;0;0;0;0;0;1;0;0;0;0
01/11/2020;09:35:00;66;Acidente sem Vítimas;29,1;BR-040/GO;Norte;Choque c/ Objeto Fixo;3;0;0;0;0;0;0;0;0;0;2;0;0;0;0
01/11/2020;11:19:00;83;Acidente sem Vítimas;97,2;BR-040/GO;Sul;Colisão traseira;2;0;0;0;0;0;0;0;0;0;2;0;0;0;0
01/11/2020;13:52:00;109;Acidente sem Vítimas;127,2;BR-040/MG;Sul;Colisão traseira;1;0;0;0;0;0;0;0;0;0;1;0;0;0;0
01/11/2020;15:59:00;132;Acidente sem Vítimas;278,95;BR-040/MG;Norte;Colisão lateral;2;0;0;0;0;0;0;0;0;0;7;0;0;0;0
01/11/2020;17:16:00;146;Acidente sem Vítimas;452,2;BR-040/MG;Norte;Colisão traseira;2;0;0;1;0;0;0;0;0;0;6;0;0;0;0
01/11/2020;17:42:00;152;Acidente sem Vítimas;484,3;BR-040/MG;Norte;Choque c/ Objeto Fixo;1;0;0;0;0;0;0;0;0;0;1;0;0;0;0
01/11/2020;18:40:00;159;Acidente sem Vítimas;487,3;BR-040/MG;Sul;Colisão traseira;0;0;4;0;0;0;0;0;0;0;2;0;0;0;0
01/11/2020;19:08:00;163;Acidente com Vítimas;621,5;BR-040/MG;Norte;Colisão traseira;1;0;0;1;0;0;0;0;0;0;4;1;0;0;0
02/11/2020;05:10:00;21;Acidente sem Vítimas;516,2;BR-040/MG;Norte;Capotamento;0;0;0;0;0;1;0;0;0;0;0;0;0;0;0
02/11/2020;07:32:00;40;Acidente sem Vítimas;525,1;BR-040/MG;Norte;Colisão traseira;2;0;0;0;0;0;0;0;0;0;0;0;0;0;0
02/11/2020;08:49:00;54;Acidente sem Vítimas;138,2;BR-040/GO;Norte;Colisão lateral;1;0;0;0;2;0;0;0;0;0;3;0;0;0;0
02/11/2020;09:58:00;70;Acidente sem Vítimas;116,1;BR-040/GO;Norte;Capotamento;1;0;0;0;0;0;0;0;0;0;1;0;0;0;0
02/11/2020;14:52:00;145;Acidente sem Vítimas;7,35;BR-040/DF;Sul;Choque c/ Objeto Fixo;1;0;0;0;0;0;0;0;0;0;1;1;0;1;0
02/11/2020;15:17:00;155;Acidente sem Vítimas;642,1;BR-040/MG;Sul;Choque c/ Objeto Fixo;1;0;0;0;0;0;0;0;0;0;0;2;0;0;0
02/11/2020;16:09:00;176;Acidente sem Vítimas;478,2;BR-040/MG;Sul;Capotamento;2;0;0;0;0;1;0;0;0;0;5;1;0;0;0
02/11/2020;16:32:00;179;Acidente sem Vítimas;507,2;BR-040/MG;Norte;Colisão traseira;1;0;0;0;0;2;0;0;0;0;0;0;0;0;0
02/11/2020;17:27:00;208;Acidente sem Vítimas;523,6;BR-040/MG;Sul;Colisão traseira;4;0;0;0;0;0;0;0;0;0;2;0;0;0;0
02/11/2020;17:57:00;215;Acidente Fatal;718;BR-040/MG;Sul;Tombamento;0;0;0;0;0;1;0;0;0;0;0;0;0;0;1
02/11/2020;20:25:00;259;Acidente sem Vítimas;8,6;BR-040/GO;Norte;Colisão traseira;2;0;0;0;0;0;0;0;0;0;4;0;0;0;0
02/11/2020;20:36:00;261;Acidente com Vítimas;442,2;BR-040/MG;Sul;Colisão transversal;1;1;0;0;0;0;0;0;0;0;2;0;0;0;0
02/11/2020;20:56:00;263;Acidente com Vítimas;426,5;BR-040/MG;Sul;Colisão traseira;2;0;1;0;0;0;0;0;0;0;1;1;3;0;0
02/11/2020;21:32:00;266;Acidente sem Vítimas;201,15;BR-040/MG;Norte;Atropelamento de Animal;1;0;0;0;0;0;0;0;0;0;2;0;0;0;0
03/11/2020;02:29:00;72;Acidente sem Vítimas;641,1;BR-040/MG;Norte;Choque c/ Objeto Fixo;2;0;0;0;0;0;0;0;0;0;1;0;0;0;0
03/11/2020;05:42:00;82;Acidente com Vítimas;5,1;BR-040/GO;Norte;Colisão traseira;2;0;0;1;0;1;0;0;0;0;2;1;0;0;0
03/11/2020;07:36:00;114;Acidente sem Vítimas;518,2;BR-040/MG;Sul;Colisão lateral;0;0;0;0;0;2;0;0;0;0;1;1;0;0;0
03/11/2020;08:15:00;125;Acidente com Vítimas;338,15;BR-040/MG;Norte;Choque c/ Objeto Fixo;1;0;0;0;0;0;0;0;0;0;1;0;1;0;0
03/11/2020;08:51:00;134;Acidente com Vítimas;514,35;BR-040/MG;Norte;Atropelamento de Pedestre;0;0;0;1;0;0;0;0;0;0;1;2;0;0;0
03/11/2020;11:39:00;173;Acidente com Vítimas;575,7;BR-040/MG;Norte;Colisão frontal;5;0;0;0;0;0;0;0;0;0;3;2;0;1;0
03/11/2020;15:39:00;220;Acidente com Vítimas;712,1;BR-040/MG;Norte;Capotamento;1;0;0;0;0;0;0;0;0;0;0;1;0;0;0
03/11/2020;17:19:00;246;Acidente sem Vítimas;494,15;BR-040/MG;Sul;Colisão lateral;1;0;1;0;0;0;0;0;0;0;1;0;0;0;0
03/11/2020;18:35:00;261;Acidente com Vítimas;658,2;BR-040/MG;Sul;Colisão lateral;1;0;0;0;0;0;0;0;0;0;1;1;0;0;0
03/11/2020;19:56:00;281;Acidente sem Vítimas;11,5;BR-040/GO;Sul;Colisão lateral;2;0;0;0;0;1;0;0;0;0;2;0;0;0;0
03/11/2020;20:57:00;295;Acidente sem Vítimas;602,2;BR-040/MG;Sul;Colisão traseira;0;0;1;0;1;0;0;0;0;0;2;0;0;0;0
03/11/2020;21:03:00;297;Acidente sem Vítimas;505,4;BR-040/MG;Sul;Choque c/ Objeto Fixo;1;0;0;0;0;0;0;0;0;0;1;0;0;0;0
03/11/2020;22:00:00;306;Acidente sem Vítimas;184,2;BR-040/MG;Sul;Atropelamento de Animal;0;0;0;1;0;0;0;0;0;0;1;0;0;0;0
04/11/2020;00:59:00;10;Acidente sem Vítimas;363,3;BR-040/MG;Norte;Choque c/ Objeto Fixo;2;0;0;0;0;0;0;0;0;0;1;0;0;0;0
04/11/2020;05:43:00;93;Acidente com Vítimas;524,25;BR-040/MG;Sul;Colisão traseira;1;0;0;0;0;1;0;0;0;0;1;0;1;0;0
04/11/2020;06:35:00;104;Acidente com Vítimas;540,12;BR-040/MG;Sul;Engavetamento;3;0;0;1;0;0;0;0;0;0;3;0;0;0;0
04/11/2020;15:35:00;234;Acidente sem Vítimas;24,3;BR-040/GO;Norte;Colisão lateral;2;0;0;1;1;0;0;0;0;0;2;0;0;0;0
04/11/2020;15:57:00;241;Acidente sem Vítimas;535,85;BR-040/MG;Norte;Colisão traseira;1;0;0;0;1;0;0;0;0;0;2;0;0;0;0
04/11/2020;16:15:00;242;Acidente sem Vítimas;2,15;BR-040/GO;Norte;Colisão lateral;1;0;0;0;0;0;0;0;0;0;2;0;0;0;0
04/11/2020;18:04:00;263;Acidente sem Vítimas;768;BR-040/MG;Sul;Capotamento;1;0;0;0;0;1;0;0;0;0;1;0;0;0;0
04/11/2020;18:05:00;262;Acidente com Vítimas;519,4;BR-040/MG;Norte;Colisão lateral;1;0;0;2;0;0;0;0;0;0;2;0;1;0;0
04/11/2020;18:16:00;268;Acidente sem Vítimas;576,7;BR-040/MG;Sul;Colisão traseira;0;0;0;0;2;0;0;0;0;0;1;0;0;0;0
04/11/2020;18:39:00;272;Acidente sem Vítimas;1,1;BR-040/GO;Sul;Colisão traseira;1;0;0;1;0;0;0;0;0;0;1;0;0;0;0
04/11/2020;18:39:00;276;Acidente com Vítimas;10,3;BR-040/GO;Norte;Colisão traseira;1;0;0;1;0;1;0;0;0;0;1;0;0;1;0
04/11/2020;19:12:00;281;Acidente sem Vítimas;96,8;BR-040/GO;Sul;Tombamento de Moto;0;0;0;2;0;0;0;0;0;0;0;1;0;0;0
04/11/2020;20:08:00;291;Acidente sem Vítimas;509,5;BR-040/MG;Norte;Choque c/ Objeto Fixo;2;0;0;0;0;0;0;0;0;0;1;0;0;0;0
04/11/2020;22:36:00;314;Acidente com Vítimas;4,5;BR-040/GO;Sul;Tombamento de Moto;1;0;0;1;0;0;0;0;0;0;1;1;0;0;0
05/11/2020;00:36:00;3;Acidente sem Vítimas;53,7;BR-040/GO;Sul;Atropelamento de Animal;0;0;0;0;0;1;0;0;0;0;1;0;0;0;0
05/11/2020;01:16:00;8;Acidente sem Vítimas;614,2;BR-040/MG;Sul;Choque c/ Objeto Fixo;0;0;1;1;0;0;0;0;0;0;1;0;0;0;0
05/11/2020;07:08:00;109;Acidente sem Vítimas;513,5;BR-040/MG;Norte;Colisão lateral;0;0;0;1;0;1;0;0;0;0;2;0;0;0;0
05/11/2020;07:48:00;119;Acidente com Vítimas;543,1;BR-040/MG;Sul;Colisão traseira;1;0;0;1;0;0;0;0;0;0;1;1;0;0;0
05/11/2020;09:18:00;136;Acidente sem Vítimas;2,8;BR-040/GO;Sul;Colisão lateral;2;0;0;0;0;0;0;0;0;0;2;0;0;0;0
05/11/2020;13:04:00;199;Acidente com Vítimas;658,644;BR-040/MG;Sul;Colisão transversal;0;0;0;1;0;1;0;0;0;0;2;0;0;0;0
05/11/2020;13:38:00;202;Acidente com Vítimas;118,1;Fora_Rota;Norte;Capotamento;0;0;0;0;0;0;0;0;0;0;0;1;1;0;0
05/11/2020;17:34:00;253;Acidente com Vítimas;544,1;BR-040/MG;Norte;Colisão lateral;0;0;0;0;0;3;0;0;0;0;1;1;0;0;0
05/11/2020;19:51:00;285;Acidente Fatal;20,65;BR-040/GO;Norte;Atropelamento de Pedestre;0;0;0;0;0;1;0;0;0;0;1;0;0;0;1
05/11/2020;23:42:00;318;Acidente sem Vítimas;524,3;BR-040/MG;Norte;Choque c/ Objeto Fixo;1;0;0;0;0;0;0;0;0;0;0;0;0;0;0
06/11/2020;02:51:00;50;Acidente com Vítimas;629,6;BR-040/MG;Norte;Choque c/ Objeto Fixo;0;0;0;0;0;0;0;0;0;1;1;1;0;0;0
06/11/2020;03:30:00;59;Acidente sem Vítimas;477,5;BR-040/MG;Norte;Choque c/ Objeto Fixo;0;0;0;0;1;0;0;0;0;0;0;0;0;0;0
06/11/2020;05:19:00;87;Acidente sem Vítimas;165,5;BR-040/MG;Sul;Capotamento;1;0;0;0;0;0;0;0;0;0;0;0;0;0;0
06/11/2020;08:13:00;123;Acidente sem Vítimas;519,15;BR-040/MG;Sul;Engavetamento;1;0;0;1;0;1;0;0;0;0;3;0;0;0;0
06/11/2020;08:20:00;127;Acidente sem Vítimas;132,1;BR-040/MG;Norte;Choque com objeto;1;0;0;0;0;0;0;0;0;0;0;0;0;0;0
06/11/2020;10:22:00;157;Acidente com Vítimas;538,2;BR-040/MG;Norte;Tombamento de Moto;0;0;0;1;0;0;0;0;0;0;1;1;0;0;0
06/11/2020;14:22:00;225;Acidente Fatal;599,117;BR-040/MG;Sul;Engavetamento;8;0;2;1;3;1;0;0;0;0;5;2;2;1;1
06/11/2020;14:36:00;232;Acidente com Vítimas;623,1;BR-040/MG;Sul;Colisão traseira;0;0;1;1;0;1;0;0;0;0;2;0;0;0;0
06/11/2020;14:44:00;233;Acidente sem Vítimas;299,1;BR-040/MG;Norte;Tombamento de Moto;0;0;0;1;0;0;0;0;0;0;1;0;0;0;0
06/11/2020;15:59:00;245;Acidente com Vítimas;9,1;BR-040/GO;Sul;Colisão lateral;0;0;0;0;0;3;0;0;0;0;0;1;0;0;0
06/11/2020;17:05:00;259;Acidente sem Vítimas;534,3;BR-040/MG;Norte;Engavetamento;2;1;0;0;0;1;0;0;0;0;3;0;0;0;0
06/11/2020;18:18:00;277;Acidente com Vítimas;532,2;BR-040/MG;Norte;Colisão lateral;1;0;0;1;0;0;0;0;0;0;1;0;1;0;0
06/11/2020;20:13:00;295;Acidente com Vítimas;214,45;BR-040/MG;Sul;Colisão traseira;2;0;0;0;0;0;0;0;0;0;2;1;0;0;0
06/11/2020;21:08:00;304;Acidente sem Vítimas;554,2;BR-040/MG;Norte;Colisão traseira;1;0;1;0;0;0;0;0;0;0;1;0;0;0;0
06/11/2020;21:16:00;306;Acidente com Vítimas;615,1;BR-040/MG;Norte;Colisão frontal;2;0;0;0;0;0;0;0;0;0;2;1;0;0;0
06/11/2020;21:19:00;307;Acidente sem Vítimas;6,1;BR-040/DF;Sul;Colisão traseira;2;0;0;0;0;0;0;0;0;0;2;0;0;0;0
07/11/2020;01:36:00;7;Acidente sem Vítimas;629,5;BR-040/MG;Norte;Choque c/ Objeto Fixo;1;0;0;0;0;0;0;0;0;0;1;0;0;0;0
07/11/2020;06:16:00;49;Acidente com Vítimas;532,897;BR-040/MG;Sul;Queda de Ribanceira;0;0;0;0;0;1;0;0;0;0;1;0;1;0;0
07/11/2020;06:16:00;50;Acidente sem Vítimas;656,23;BR-040/MG;Norte;Colisão lateral;2;0;0;0;2;0;0;0;0;0;46;0;0;0;0
07/11/2020;07:05:00;59;Acidente com Vítimas;1,2;BR-040/GO;Norte;Engavetamento;3;0;0;1;0;0;0;0;0;0;3;0;1;0;0
07/11/2020;10:03:00;87;Acidente com Vítimas;611,15;BR-040/MG;Norte;Colisão traseira;1;0;0;1;0;0;0;0;0;0;1;0;1;0;0
07/11/2020;10:30:00;93;Acidente sem Vítimas;1,1;BR-040/GO;Sul;Atropelamento de Pedestre;0;0;0;1;0;0;0;0;0;0;1;0;0;0;0
07/11/2020;11:33:00;107;Acidente sem Vítimas;5,9;BR-040/GO;Norte;Colisão traseira;1;0;0;1;0;0;0;0;0;0;2;0;0;0;0
07/11/2020;11:50:00;111;Acidente com Vítimas;5,4;BR-040/GO;Sul;Engavetamento;2;0;0;0;0;1;0;0;0;0;3;2;0;0;0