data;horario;n_da_ocorrencia;tipo_de_ocorrencia;km;trecho;sentido;tipo_de_acidente;automovel;bicicleta;caminhao;moto;onibus;outros;tracao_animal;transporte_de_cargas_especiais;trator_maquinas;utilitarios;ilesos;levemente_feridos;moderadamente_feridos;gravemente_feridos;mortos
24/12/2020;09:10:00;146;Acidente sem Vítimas;405;BR-040/MG;Norte;Capotamento;1;0;0;0;0;1;0;0;0;0;0;0;0;0;0
24/12/2020;10:01:00;154;Acidente sem Vítimas;462,5;BR-040/MG;Norte;Tombamento de Moto;0;0;0;1;0;0;0;0;0;0;0;0;0;0;0
24/12/2020;10:04:00;155;Acidente com Vítimas;24,2;BR-040/GO;Norte;Colisão lateral;4;0;0;0;0;0;0;0;0;0;1;1;0;0;0
24/12/2020;11:36:00;180;Acidente sem Vítimas;464;BR-040/MG;Sul;Choque com objeto;1;0;0;0;0;1;0;0;0;0;0;0;0;0;0
24/12/2020;12:11:00;186;Acidente sem Vítimas;0,5;Fora_Rota;Norte;Colisão lateral;0;0;1;0;2;1;0;0;0;0;0;0;0;0;0
24/12/2020;12:50:00;197;Acidente sem Vítimas;464,3;BR-040/MG;Norte;Outros;0;0;1;0;0;0;0;0;0;0;0;0;0;0;0
24/12/2020;13:13:00;206;Acidente com Vítimas;257,6;BR-040/MG;Norte;Capotamento;1;0;0;0;0;0;0;0;0;0;0;4;0;0;0
24/12/2020;13:29:00;209;Acidente sem Vítimas;738,1;BR-040/MG;Norte;Colisão transversal;3;0;0;0;0;0;0;0;0;0;0;0;0;0;0
24/12/2020;13:49:00;213;Acidente com Vítimas;154,7;BR-040/GO;Sul;Capotamento;0;0;0;0;0;2;0;0;0;0;1;2;0;0;0
24/12/2020;14:09:00;219;Acidente sem Vítimas;526,2;BR-040/MG;Norte;Outros;1;0;1;0;0;0;0;0;0;0;0;0;0;0;0
24/12/2020;14:40:00;229;Acidente sem Vítimas;511,7;BR-040/MG;Norte;Choque c/ Objeto Fixo;2;0;0;0;0;0;0;0;0;0;0;0;0;0;0
24/12/2020;17:36:00;264;Acidente sem Vítimas;616,3;BR-040/MG;Norte;Choque c/ Objeto Fixo;0;0;0;0;0;1;0;0;0;0;1;0;0;0;0
24/12/2020;18:08:00;270;Acidente com Vítimas;181,3;BR-040/MG;Sul;Choque c/ Objeto Fixo;1;0;0;0;0;0;0;0;0;0;1;2;0;0;0
24/12/2020;18:29:00;276;Acidente sem Vítimas;720,5;BR-040/MG;Norte;Colisão traseira;0;0;0;0;0;2;0;0;0;0;2;0;0;0;0
24/12/2020;20:29:00;298;Acidente sem Vítimas;510,15;BR-040/MG;Norte;Colisão traseira;3;0;0;0;0;0;0;0;0;0;2;0;0;0;0
24/12/2020;20:34:00;294;Acidente sem Vítimas;495,5;BR-040/MG;Sul;Choque c/ Objeto Fixo;1;0;0;0;0;0;0;0;0;0;4;0;0;0;0
24/12/2020;20:36:00;295;Acidente sem Vítimas;523,1;BR-040/MG;Norte;Choque c/ Objeto Fixo;1;0;0;0;0;0;0;0;0;0;1;0;0;0;0
24/12/2020;21:45:00;307;Acidente com Vítimas;533,15;BR-040/MG;Sul;Choque c/ Objeto Fixo;1;0;0;0;0;0;0;0;0;0;1;0;0;0;0
25/12/2020;00:30:00;3;Acidente sem Vítimas;518,3;BR-040/MG;Norte;Choque c/ Objeto Fixo;3;0;0;0;0;0;0;0;0;0;2;0;0;0;0
25/12/2020;02:41:00;16;Acidente sem Vítimas;18,9;BR-040/GO;Sul;Colisão transversal;4;0;0;0;0;0;0;0;0;0;6;0;0;0;0
25/12/2020;04:40:00;28;Acidente sem Vítimas;29,1;BR-040/GO;Sul;Outros;1;0;0;0;0;0;0;0;0;0;1;0;0;0;0
25/12/2020;09:27:00;58;Acidente com Vítimas;111,15;BR-040/GO;Sul;Choque c/ Objeto Fixo;1;0;0;0;0;1;0;0;0;0;2;0;1;0;0
25/12/2020;11:45:00;76;Acidente sem Vítimas;467;BR-040/MG;Sul;Colisão traseira;1;0;0;1;0;0;0;0;0;0;1;0;0;0;0
25/12/2020;13:25:00;92;Acidente sem Vítimas;169,8;BR-040/MG;Sul;Choque c/ Objeto Fixo;1;0;0;0;0;0;0;0;0;0;2;0;0;0;0
25/12/2020;16:56:00;123;Acidente sem Vítimas;727,5;BR-040/MG;Norte;Choque c/ Objeto Fixo;1;0;0;0;0;0;0;0;0;0;2;0;0;0;0
25/12/2020;18:45:00;144;Acidente sem Vítimas;0,5;BR-040/DF;Sul;Choque c/ Objeto Fixo;2;0;0;0;0;0;0;0;0;0;2;0;0;0;0
25/12/2020;20:48:00;171;Acidente sem Vítimas;508,5;BR-040/MG;Norte;Engavetamento;4;0;0;0;0;0;0;0;0;0;2;0;0;0;0
25/12/2020;22:34:00;193;Acidente com Vítimas;91,8;BR-040/GO;Sul;Colisão traseira;4;0;0;0;1;0;0;0;0;0;1;3;1;1;0
26/12/2020;00:08:00;4;Acidente sem Vítimas;55,8;BR-040/MG;Norte;Atropelamento de Animal;1;0;0;0;0;0;0;0;0;0;1;0;0;0;0
26/12/2020;05:07:00;28;Acidente sem Vítimas;656,6;BR-040/MG;Norte;Choque c/ Objeto Fixo;2;0;0;0;0;0;0;0;0;0;0;0;0;0;0
26/12/2020;05:57:00;36;Acidente com Vítimas;428;BR-040/MG;Sul;Capotamento;1;0;2;0;0;0;0;0;0;0;0;1;0;0;0
26/12/2020;07:09:00;57;Acidente sem Vítimas;586,9;BR-040/MG;Norte;Choque c/ Objeto Fixo;1;0;0;0;0;1;0;0;0;0;2;0;0;0;0
26/12/2020;07:54:00;64;Acidente com Vítimas;578,5;BR-040/MG;Sul;Choque c/ Objeto Fixo;0;0;1;0;0;0;0;0;0;0;2;1;0;0;0
26/12/2020;08:29:00;66;Acidente com Vítimas;92,15;BR-040/GO;Sul;Capotamento;0;0;0;0;0;1;0;0;0;0;1;1;0;0;0
26/12/2020;14:44:00;134;Acidente com Vítimas;3,15;BR-040/DF;Norte;Capotamento;1;0;0;0;0;0;0;0;0;0;1;0;0;0;0
26/12/2020;15:30:00;145;Acidente com Vítimas;191,6;BR-040/MG;Sul;Capotamento;1;0;0;0;0;0;0;0;0;0;1;4;0;0;0
26/12/2020;15:52:00;150;Acidente sem Vítimas;3,5;BR-040/DF;Sul;Colisão lateral;2;0;0;0;1;0;0;0;0;0;2;1;0;0;0
26/12/2020;16:22:00;161;Acidente com Vítimas;0,8;BR-040/GO;Sul;Tombamento de Moto;1;0;0;1;0;0;0;0;0;0;3;1;0;0;0
26/12/2020;16:56:00;166;Acidente com Vítimas;20,8;BR-040/GO;Sul;Colisão traseira;2;0;0;0;0;0;0;0;0;0;4;0;0;0;0
26/12/2020;18:14:00;181;Acidente sem Vítimas;492,1;BR-040/MG;Norte;Atropelamento de Animal;2;0;0;0;0;0;0;0;0;0;1;0;0;0;0
26/12/2020;20:57:00;216;Acidente sem Vítimas;628,5;BR-040/MG;Sul;Choque c/ Objeto Fixo;0;0;3;0;0;0;0;0;0;0;3;0;0;0;0
26/12/2020;21:55:00;229;Acidente sem Vítimas;518,1;BR-040/MG;Sul;Atropelamento de Animal;2;0;0;0;0;0;0;0;0;0;1;0;0;0;0
27/12/2020;02:02:00;16;Acidente com Vítimas;433;BR-040/MG;Sul;Queda de Ribanceira;1;0;0;0;0;0;0;0;0;0;1;0;0;0;0
27/12/2020;04:46:00;29;Acidente sem Vítimas;4,1;BR-040/GO;Norte;Choque c/ Objeto Fixo;1;0;0;0;0;1;0;0;0;0;1;0;0;0;0
27/12/2020;06:29:00;41;Acidente sem Vítimas;735,1;BR-040/MG;Sul;Capotamento;1;0;0;0;0;0;0;0;0;0;0;0;0;0;0
27/12/2020;07:00:00;46;Acidente com Vítimas;705,1;BR-040/MG;Norte;Capotamento;0;0;0;0;0;1;0;0;0;0;0;1;0;0;0
27/12/2020;09:57:00;78;Acidente sem Vítimas;716,1;BR-040/MG;Norte;Capotamento;2;0;0;0;0;0;0;0;0;0;0;0;0;0;0
27/12/2020;10:38:00;87;Acidente sem Vítimas;437,3;BR-040/MG;Sul;Colisão traseira;2;0;0;0;0;0;0;0;0;0;0;0;0;0;0
27/12/2020;12:01:00;110;Acidente com Vítimas;64,5;BR-040/GO;Norte;Tombamento de Moto;2;0;0;0;0;0;0;0;0;0;1;0;0;0;0
27/12/2020;13:44:00;138;Acidente Fatal;224,2;Fora_Rota;Sul;Colisão frontal;0;0;0;1;0;0;0;0;0;0;0;0;0;0;1
27/12/2020;14:07:00;141;Acidente sem Vítimas;751,1;BR-040/MG;Norte;Choque c/ Objeto Fixo;1;0;0;0;0;0;0;0;0;0;0;0;0;0;0
27/12/2020;14:11:00;143;Acidente sem Vítimas;751,1;BR-040/MG;Sul;Colisão traseira;2;0;0;0;0;0;0;0;0;0;0;0;0;0;0
27/12/2020;14:23:00;146;Acidente com Vítimas;635,1;BR-040/MG;Sul;Colisão lateral;3;0;0;0;0;2;0;0;0;0;1;4;0;1;0
27/12/2020;14:25:00;145;Acidente sem Vítimas;656,11;BR-040/MG;Sul;Choque c/ Objeto Fixo;1;0;0;0;0;0;0;0;0;0;0;0;0;0;0
27/12/2020;14:42:00;149;Acidente sem Vítimas;643,1;BR-040/MG;Sul;Choque c/ Objeto Fixo;2;0;0;0;0;0;0;0;0;0;0;0;0;0;0
27/12/2020;14:43:00;150;Acidente sem Vítimas;643,1;BR-040/MG;Sul;Tombamento de Moto;1;0;0;1;0;0;0;0;0;0;0;0;0;0;0
27/12/2020;15:40:00;160;Acidente sem Vítimas;112,3;BR-040/GO;Norte;Choque c/ Objeto Fixo;1;0;0;0;0;0;0;0;0;0;3;0;0;0;0
27/12/2020;15:51:00;165;Acidente sem Vítimas;509;BR-040/MG;Sul;Outros;3;0;0;0;0;0;0;0;0;0;0;0;0;0;0
27/12/2020;16:08:00;169;Acidente sem Vítimas;556;BR-040/MG;Norte;Outros;2;0;0;0;0;0;0;0;0;0;0;0;0;0;0
27/12/2020;16:44:00;173;Acidente sem Vítimas;162,9;BR-040/MG;Norte;Capotamento;1;0;0;0;0;0;0;0;0;0;3;0;0;0;0
27/12/2020;16:57:00;178;Acidente sem Vítimas;509,5;BR-040/MG;Norte;Engavetamento;8;0;0;0;0;0;0;0;0;0;2;0;0;0;0
27/12/2020;17:25:00;183;Acidente sem Vítimas;730,1;BR-040/MG;Sul;Choque c/ Objeto Fixo;1;0;0;0;0;0;0;0;0;0;2;0;0;0;0
27/12/2020;17:43:00;187;Acidente sem Vítimas;730,1;BR-040/MG;Norte;Choque c/ Objeto Fixo;1;0;0;0;0;0;0;0;0;0;1;0;0;0;0
27/12/2020;18:23:00;201;Acidente sem Vítimas;129,72;BR-040/MG;Norte;Colisão traseira;1;0;0;0;0;1;0;0;0;0;2;0;0;0;0
28/12/2020;08:09:00;101;Acidente sem Vítimas;526,2;BR-040/MG;Norte;Colisão lateral;0;0;1;0;1;0;0;0;0;0;0;0;0;0;0
28/12/2020;08:19:00;103;Acidente sem Vítimas;623,1;BR-040/MG;Sul;Colisão traseira;3;0;0;0;0;0;0;0;0;0;0;0;0;0;0
28/12/2020;10:04:00;126;Acidente sem Vítimas;413,5;BR-040/MG;Norte;Outros;1;0;0;0;0;1;0;0;0;0;0;0;0;0;0
28/12/2020;17:50:00;209;Acidente sem Vítimas;575,15;BR-040/MG;Sul;Colisão frontal;2;0;0;0;0;1;0;0;0;0;2;0;0;0;0
28/12/2020;21:01:00;246;Acidente sem Vítimas;584,7;BR-040/MG;Norte;Choque c/ Objeto Fixo;0;0;0;0;0;1;0;0;0;0;1;0;0;0;0
29/12/2020;01:32:00;62;Acidente com Vítimas;62,6;BR-040/MG;Norte;Capotamento;1;0;0;0;0;0;0;0;0;0;1;1;0;0;0
29/12/2020;02:17:00;69;Acidente sem Vítimas;358,2;BR-040/MG;Norte;Atropelamento de Animal;0;0;0;0;0;1;0;0;0;0;1;0;0;0;0
29/12/2020;05:28:00;90;Acidente com Vítimas;729,5;BR-040/MG;Sul;Choque c/ Objeto Fixo;1;0;0;0;0;0;0;0;0;0;2;2;0;0;0
29/12/2020;05:39:00;91;Acidente sem Vítimas;58;BR-040/GO;Sul;Atropelamento de Animal;2;0;0;0;0;0;0;0;0;0;5;0;0;0;0
29/12/2020;06:46:00;104;Acidente sem Vítimas;540,92;BR-040/MG;Sul;Colisão traseira;1;0;0;1;0;0;0;0;0;0;1;0;0;0;0
29/12/2020;07:27:00;114;Acidente com Vítimas;643,2;BR-040/MG;Norte;Colisão lateral;0;0;0;1;0;0;0;0;0;0;1;1;1;0;0
29/12/2020;07:29:00;119;Acidente com Vítimas;482,39;BR-040/MG;Sul;Tombamento de Moto;0;0;0;2;0;1;0;0;0;0;0;1;0;0;0
29/12/2020;07:39:00;124;Acidente com Vítimas;525,1;BR-040/MG;Sul;Atropelamento de Ciclista;0;0;0;0;1;0;0;0;0;0;0;1;0;0;0
29/12/2020;10:45:00;164;Acidente com Vítimas;516,15;BR-040/MG;Norte;Outros;0;0;0;2;0;1;0;0;0;0;1;0;0;0;0
29/12/2020;10:53:00;165;Acidente sem Vítimas;687,25;BR-040/MG;Sul;Choque c/ Objeto Fixo;1;0;0;0;0;0;0;0;0;0;1;0;0;0;0
29/12/2020;15:27:00;216;Acidente sem Vítimas;506,1;BR-040/MG;Sul;Colisão transversal;1;0;1;0;0;1;0;0;0;0;0;0;0;0;0
29/12/2020;21:18:00;290;Acidente sem Vítimas;563,2;BR-040/MG;Norte;Choque com objeto;1;0;0;0;0;2;0;0;0;0;1;0;0;0;0
30/12/2020;00:45:00;19;Acidente sem Vítimas;577,1;BR-040/MG;Sul;Engavetamento;3;0;0;0;0;4;0;0;0;0;14;0;0;0;0
30/12/2020;03:34:00;64;Acidente com Vítimas;441,5;BR-040/MG;Sul;Tombamento;0;0;2;0;0;0;0;0;0;0;0;0;1;0;0
30/12/2020;07:02:00;100;Acidente sem Vítimas;18,3;BR-040/GO;Norte;Colisão traseira;0;0;0;1;0;1;0;0;0;0;1;0;0;0;0
30/12/2020;09:00:00;128;Acidente com Vítimas;462,6;BR-040/MG;Sul;Colisão traseira;1;0;1;0;0;0;0;0;0;0;0;1;0;0;0
30/12/2020;09:10:00;133;Acidente sem Vítimas;34,6;BR-040/GO;Sul;Choque com objeto;1;0;0;0;0;0;0;0;0;0;1;0;0;0;0
30/12/2020;15:51:00;232;Acidente sem Vítimas;475,1;BR-040/MG;Sul;Colisão traseira;1;0;0;1;0;0;0;0;0;0;0;0;0;0;0
30/12/2020;23:20:00;354;Acidente sem Vítimas;413,1;BR-040/MG;Sul;Colisão transversal;1;0;1;0;0;1;0;0;0;0;2;0;0;0;0
01/01/2021;00:20:00;2;Acidente sem Vítimas;599;BR-040/MG;Sul;Capotamento;1;0;0;0;0;0;0;0;0;0;1;0;0;0;0
01/01/2021;01:42:00;16;Acidente sem Vítimas;3,5;BR-040/GO;Sul;Capotamento;3;0;0;0;0;0;0;0;0;0;2;0;0;0;0
01/01/2021;02:20:00;19;Acidente com Vítimas;7,8;BR-040/DF;Sul;Atropelamento de Pedestre;0;0;0;0;0;0;0;0;0;0;0;0;1;1;0
01/01/2021;03:26:00;24;Acidente sem Vítimas;27,1;BR-040/GO;Sul;Capotamento;1;0;0;0;0;1;0;0;0;0;1;0;0;0;0
01/01/2021;03:55:00;27;Acidente sem Vítimas;401,5;BR-040/MG;Norte;Choque c/ Objeto Fixo;1;0;0;0;0;0;0;0;0;0;1;0;0;0;0
01/01/2021;05:49:00;35;Acidente com Vítimas;440,5;BR-040/MG;Norte;Capotamento;1;0;0;0;0;1;0;0;0;0;0;2;0;0;0
01/01/2021;10:23:00;75;Acidente sem Vítimas;19,6;BR-040/GO;Sul;Capotamento;1;0;0;0;0;0;0;0;0;0;1;1;0;0;0
01/01/2021;12:59:00;93;Acidente sem Vítimas;535,4;BR-040/MG;Norte;Capotamento;2;0;0;0;0;0;0;0;0;0;3;0;0;0;0
01/01/2021;15:17:00;115;Acidente sem Vítimas;517,1;BR-040/MG;Norte;Choque c/ Objeto Fixo;1;0;0;0;0;0;0;0;0;0;2;0;0;0;0
01/01/2021;15:20:00;116;Acidente com Vítimas;500,8;BR-040/MG;Norte;Capotamento;1;0;0;0;0;0;0;0;0;0;0;0;1;0;0
01/01/2021;15:55:00;120;Acidente com Vítimas;750;BR-040/MG;Norte;Choque c/ Objeto Fixo;2;0;0;0;0;1;0;0;0;0;1;0;1;0;0
01/01/2021;16:19:00;125;Acidente sem Vítimas;643;BR-040/MG;Norte;Capotamento;2;0;0;0;0;0;0;0;0;0;0;0;0;0;0
01/01/2021;17:47:00;144;Acidente com Vítimas;79,4;BR-040/MG;Norte;Capotamento;2;0;0;0;0;0;0;0;0;0;0;3;0;0;0
01/01/2021;19:29:00;167;Acidente sem Vítimas;662,1;BR-040/MG;Norte;Choque c/ Objeto Fixo;0;0;1;1;0;0;0;0;0;0;1;0;0;0;0
01/01/2021;19:38:00;170;Acidente sem Vítimas;468,7;BR-040/MG;Sul;Capotamento;1;0;0;0;0;0;0;0;0;0;2;0;0;0;0
01/01/2021;19:48:00;172;Acidente com Vítimas;35,65;BR-040/MG;Sul;Colisão frontal;4;0;0;0;0;0;0;0;0;0;0;5;0;1;0
01/01/2021;20:12:00;177;Acidente com Vítimas;521,2;BR-040/MG;Norte;Capotamento;0;0;0;0;0;2;0;0;0;0;1;1;0;0;0
01/01/2021;20:25:00;180;Acidente sem Vítimas;527,6;BR-040/MG;Norte;Choque c/ Objeto Fixo;1;0;0;0;0;0;0;0;0;0;1;0;0;0;0
02/01/2021;02:48:00;22;Acidente com Vítimas;700,9;BR-040/MG;Norte;Capotamento;1;0;0;0;0;0;0;0;0;0;0;1;0;0;0
02/01/2021;13:11:00;111;Acidente sem Vítimas;590;BR-040/MG;Sul;Choque c/ Objeto Fixo;1;0;0;0;0;1;0;0;0;0;0;0;0;0;0
02/01/2021;13:58:00;120;Acidente sem Vítimas;508,5;BR-040/MG;Sul;Choque c/ Objeto Fixo;2;0;0;0;0;1;0;0;0;0;1;0;0;0;0
02/01/2021;14:07:00;122;Acidente sem Vítimas;312,1;BR-040/MG;Sul;Capotamento;1;0;0;0;0;0;0;0;0;0;1;0;0;0;0
02/01/2021;15:49:00;139;Acidente sem Vítimas;736,105;BR-040/MG;Norte;Choque com objeto;1;0;0;0;0;1;0;0;0;0;0;0;0;0;0
02/01/2021;17:14:00;155;Acidente sem Vítimas;255,1;BR-040/MG;Sul;Choque c/ Objeto Fixo;2;0;0;0;0;0;0;0;0;0;1;0;0;0;0
02/01/2021;17:16:00;156;Acidente com Vítimas;731,1;BR-040/MG;Norte;Choque com objeto;1;0;0;0;0;0;0;0;0;0;5;0;0;0;0
02/01/2021;17:50:00;165;Acidente sem Vítimas;728,5;BR-040/MG;Sul;Choque c/ Objeto Fixo;3;0;0;0;0;0;0;0;0;0;4;0;0;0;0
02/01/2021;19:38:00;189;Acidente sem Vítimas;82,7;BR-040/GO;Norte;Atropelamento de Animal;1;0;0;0;0;0;0;0;0;0;1;0;0;0;0
02/01/2021;23:28:00;240;Acidente sem Vítimas;282,4;BR-040/MG;Sul;Colisão traseira;3;0;0;0;2;0;0;0;0;0;2;0;0;0;0
03/01/2021;01:56:00;14;Acidente sem Vítimas;618,4;BR-040/MG;Sul;Colisão frontal;2;0;0;1;0;0;0;0;0;0;5;0;0;0;0
03/01/2021;08:44:00;65;Acidente com Vítimas;730,5;BR-040/MG;Norte;Choque c/ Objeto Fixo;2;0;0;0;0;0;0;0;0;0;0;1;0;0;0
03/01/2021;10:32:00;86;Acidente sem Vítimas;360,1;BR-040/MG;Norte;Colisão transversal;2;0;0;0;0;0;0;0;0;0;1;1;0;0;0
03/01/2021;13:16:00;135;Acidente sem Vítimas;509,25;BR-040/MG;Sul;Engavetamento;4;0;0;0;0;0;0;0;0;0;4;0;0;0;0
03/01/2021;14:21:00;154;Acidente sem Vítimas;455,15;BR-040/MG;Sul;Engavetamento;4;0;0;0;0;1;0;0;0;0;2;0;0;0;0
03/01/2021;14:44:00;171;Acidente sem Vítimas;240,2;BR-040/MG;Sul;Choque com objeto;2;0;0;0;0;0;0;0;0;0;4;0;0;0;0
03/01/2021;14:50:00;168;Acidente sem Vítimas;562,6;BR-040/MG;Sul;Tombamento de Moto;0;0;0;2;0;0;0;0;0;0;3;0;0;0;0
03/01/2021;14:54:00;170;Acidente com Vítimas;728,1;BR-040/MG;Sul;Colisão transversal;2;0;0;1;0;0;0;0;0;0;0;0;1;0;0
03/01/2021;15:25:00;176;Acidente sem Vítimas;750,1;BR-040/MG;Norte;Capotamento;1;0;0;0;0;0;0;0;0;0;3;0;0;0;0
03/01/2021;15:31:00;178;Acidente sem Vítimas;87,21;BR-040/GO;Sul;Choque c/ Objeto Fixo;1;0;0;0;0;0;0;0;0;0;4;0;0;0;0
03/01/2021;15:56:00;186;Acidente sem Vítimas;518,15;BR-040/MG;Norte;Colisão traseira;1;0;0;0;0;1;0;0;0;0;1;0;0;0;0
03/01/2021;16:36:00;200;Acidente sem Vítimas;517,25;BR-040/MG;Sul;Colisão lateral;2;0;0;0;0;0;0;0;0;0;2;0;0;0;0
03/01/2021;16:41:00;204;Acidente sem Vítimas;656,32;BR-040/MG;Norte;Choque c/ Objeto Fixo;1;0;0;0;0;0;0;0;0;0;0;0;0;0;0
03/01/2021;16:59:00;214;Acidente com Vítimas;721,5;BR-040/MG;Norte;Queda Veículo;0;0;0;1;0;0;0;0;0;0;0;0;1;0;0
03/01/2021;17:16:00;220;Acidente sem Vítimas;660;BR-040/MG;Norte;Colisão frontal;2;0;0;0;0;1;0;0;0;0;4;0;0;0;0
03/01/2021;18:03:00;232;Acidente com Vítimas;552,95;BR-040/MG;Sul;Capotamento;1;0;0;0;0;0;0;0;0;0;1;1;0;0;0
03/01/2021;18:09:00;235;Acidente sem Vítimas;470,1;BR-040/MG;Norte;Colisão traseira;2;0;0;0;0;0;0;0;0;0;3;0;0;0;0
03/01/2021;19:06:00;255;Acidente sem Vítimas;552,1;BR-040/MG;Norte;Colisão traseira;0;0;0;0;0;2;0;0;0;0;0;0;0;0;0
03/01/2021;19:50:00;262;Acidente sem Vítimas;480,3;BR-040/MG;Sul;Tombamento;0;0;1;0;0;0;0;0;0;0;1;0;0;0;0
03/01/2021;21:03:00;285;Acidente sem Vítimas;467,1;BR-040/MG;Sul;Colisão traseira;3;0;0;0;0;0;0;0;0;0;2;0;0;0;0
03/01/2021;22:47:00;311;Acidente sem Vítimas;715,5;BR-040/MG;Norte;Choque c/ Objeto Fixo;1;0;0;0;0;1;0;0;0;0;2;0;0;0;0
04/01/2021;00:38:00;15;Acidente sem Vítimas;673,8;BR-040/MG;Norte;Choque c/ Objeto Fixo;2;0;0;0;0;0;0;0;0;0;5;0;0;0;0
04/01/2021;03:06:00;65;Acidente sem Vítimas;656;BR-040/MG;Norte;Choque com objeto;2;0;0;0;0;0;0;0;0;0;3;0;0;0;0
04/01/2021;06:43:00;112;Acidente sem Vítimas;92,6;BR-040/GO;Sul;Colisão transversal;1;0;0;0;0;1;0;0;0;0;2;0;0;0;0
04/01/2021;07:14:00;119;Acidente com Vítimas;542,9;BR-040/MG;Sul;Engavetamento;3;0;0;0;0;1;0;0;0;0;2;0;2;0;0
04/01/2021;09:27:00;152;Acidente sem Vítimas;747,1;BR-040/MG;Norte;Colisão lateral;1;0;0;0;0;1;0;0;0;0;0;0;0;0;0
04/01/2021;11:57:00;185;Acidente sem Vítimas;693;BR-040/MG;Sul;Outros;1;0;0;0;0;1;0;0;0;0;0;0;0;0;0
04/01/2021;15:09:00;231;Acidente sem Vítimas;682;BR-040/MG;Sul;Outros;1;0;0;0;0;2;0;0;0;0;0;0;0;0;0
04/01/2021;16:38:00;247;Acidente sem Vítimas;525,132;BR-040/MG;Sul;Colisão traseira;1;0;0;1;0;0;0;0;0;0;2;0;0;0;0
04/01/2021;17:29:00;260;Acidente sem Vítimas;521,5;BR-040/MG;Norte;Capotamento;2;0;0;0;0;1;0;0;0;0;1;0;0;0;0
04/01/2021;22:05:00;329;Acidente com Vítimas;528,1;BR-040/MG;Norte;Atropelamento de Pedestre;1;0;0;0;0;1;0;0;0;0;1;0;1;0;0
05/01/2021;00:02:00;1;Acidente sem Vítimas;479,2;BR-040/MG;Sul;Colisão traseira;2;0;2;0;0;0;0;0;0;0;0;0;0;0;0
05/01/2021;03:02:00;71;Acidente sem Vítimas;673;BR-040/MG;Norte;Choque c/ Objeto Fixo;2;0;0;0;0;0;0;0;0;0;1;0;0;0;0
05/01/2021;03:04:00;58;Acidente sem Vítimas;516,3;BR-040/MG;Sul;Choque c/ Objeto Fixo;1;0;0;0;0;0;0;0;0;0;0;0;0;0;0
05/01/2021;05:28:00;81;Acidente com Vítimas;569,3;BR-040/MG;Sul;Colisão frontal;1;0;0;0;1;0;0;0;0;0;1;1;3;0;0
05/01/2021;08:50:00;112;Acidente sem Vítimas;576,2;BR-040/MG;Sul;Outros;2;0;0;0;0;0;0;0;0;0;0;0;0;0;0
05/01/2021;09:27:00;120;Acidente com Vítimas;92,45;BR-040/GO;Sul;Colisão transversal;0;0;0;1;0;2;0;0;0;0;2;3;0;0;0
05/01/2021;09:32:00;121;Acidente com Vítimas;43,6;BR-040/MG;Sul;Colisão traseira;1;0;0;2;0;1;0;0;0;0;1;0;0;0;0
05/01/2021;11:31:00;153;Acidente com Vítimas;295,5;BR-040/MG;Norte;Capotamento;1;0;0;0;0;0;0;0;0;0;1;1;0;0;0
05/01/2021;11:51:00;156;Acidente sem Vítimas;642,85;BR-040/MG;Norte;Choque c/ Objeto Fixo;0;0;0;0;1;0;0;0;0;0;1;0;0;0;0
05/01/2021;12:40:00;161;Acidente sem Vítimas;2,3;BR-040/MG;Norte;Colisão traseira;0;0;0;0;0;2;0;0;0;0;2;0;0;0;0
05/01/2021;14:36:00;193;Acidente com Vítimas;7,5;BR-040/GO;Sul;Choque c/ Objeto Fixo;1;0;0;0;0;0;0;0;0;0;0;1;0;0;0
05/01/2021;14:45:00;196;Acidente com Vítimas;509,5;BR-040/MG;Sul;Colisão traseira;1;0;0;2;0;0;0;0;0;0;1;1;0;0;0
05/01/2021;19:33:00;264;Acidente com Vítimas;518,3;BR-040/MG;Sul;Colisão lateral;2;0;0;1;0;0;0;0;0;0;0;1;0;0;0
05/01/2021;19:36:00;266;Acidente sem Vítimas;532,3;BR-040/MG;Sul;Colisão traseira;2;0;0;0;0;0;0;0;0;0;2;0;0;0;0
05/01/2021;22:56:00;308;Acidente sem Vítimas;129,8;BR-040/GO;Sul;Atropelamento de Animal;0;0;0;0;0;1;0;0;0;0;1;0;0;0;0
06/01/2021;05:50:00;88;Acidente sem Vítimas;518,2;BR-040/MG;Sul;Colisão traseira;0;0;0;1;0;1;0;0;0;0;2;0;0;0;0
06/01/2021;09:10:00;138;Acidente sem Vítimas;729,15;BR-040/MG;Sul;Tombamento;0;0;0;0;2;0;0;0;0;0;0;0;0;0;0
06/01/2021;09:56:00;149;Acidente sem Vítimas;92,6;BR-040/GO;Sul;Colisão transversal;1;0;0;0;0;0;0;0;0;1;6;0;0;0;0
06/01/2021;10:23:00;157;Acidente sem Vítimas;423,15;BR-040/MG;Norte;Tombamento de Moto;0;0;0;1;0;0;0;0;0;0;2;2;0;0;0
06/01/2021;11:12:00;163;Acidente sem Vítimas;273,5;BR-040/MG;Sul;Colisão traseira;1;0;0;0;1;0;0;0;0;0;5;0;0;0;0
06/01/2021;12:07:00;170;Acidente sem Vítimas;8,3;BR-040/DF;Norte;Engavetamento;4;0;0;0;0;0;0;0;0;0;12;0;0;0;0
06/01/2021;14:15:00;199;Acidente com Vítimas;528,15;BR-040/MG;Norte;Colisão traseira;0;0;0;1;0;0;0;0;0;0;1;0;0;1;0
06/01/2021;14:18:00;202;Acidente sem Vítimas;519;BR-040/MG;Norte;Atropelamento de Animal;2;0;0;0;0;1;0;0;0;0;2;0;0;0;0
06/01/2021;14:45:00;205;Acidente sem Vítimas;519,15;BR-040/MG;Sul;Colisão traseira;1;0;0;1;0;0;0;0;0;0;2;0;0;0;0
06/01/2021;19:24:00;285;Acidente com Vítimas;95,9;BR-040/GO;Sul;Colisão transversal;0;2;0;1;0;0;0;0;0;0;0;2;0;0;0