data;horario;n_da_ocorrencia;tipo_de_ocorrencia;km;trecho;sentido;tipo_de_acidente;automovel;bicicleta;caminhao;moto;onibus;outros;tracao_animal;transporte_de_cargas_especiais;trator_maquinas;utilitarios;ilesos;levemente_feridos;moderadamente_feridos;gravemente_feridos;mortos
03/02/2021;22:24:00;299;Acidente com Vítimas;432,1;BR-040/MG;Norte;Colisão traseira;0;0;2;0;1;1;0;0;0;0;1;1;0;0;0
04/02/2021;01:36:00;25;Acidente sem Vítimas;535,1;BR-040/MG;Sul;Choque c/ Objeto Fixo;0;0;3;0;0;0;0;0;0;0;1;0;0;0;0
04/02/2021;03:28:00;85;Acidente com Vítimas;129,902;BR-040/MG;Sul;Tombamento;0;0;1;0;0;0;0;0;0;0;1;1;0;0;0
04/02/2021;06:24:00;111;Acidente sem Vítimas;510,3;BR-040/MG;Sul;Engavetamento;0;0;0;5;0;1;0;0;0;0;3;0;0;0;0
04/02/2021;06:31:00;106;Acidente sem Vítimas;542,5;BR-040/MG;Norte;Colisão traseira;1;0;1;0;0;0;0;0;0;0;2;0;0;0;0
04/02/2021;06:54:00;118;Acidente sem Vítimas;475,8;BR-040/MG;Norte;Colisão lateral;1;0;1;0;0;0;0;0;0;0;2;0;0;0;0
04/02/2021;08:18:00;139;Acidente com Vítimas;572,9;BR-040/MG;Norte;Tombamento de Moto;0;0;0;1;0;0;0;0;0;0;1;1;0;0;0
04/02/2021;09:42:00;154;Acidente sem Vítimas;578,1;BR-040/MG;Sul;Choque c/ Objeto Fixo;0;0;0;0;1;1;0;0;0;0;1;0;0;0;0
04/02/2021;14:21:00;209;Acidente sem Vítimas;7,5;BR-040/DF;Norte;Colisão traseira;2;0;0;0;0;0;0;0;0;0;0;0;0;0;0
04/02/2021;17:43:00;250;Acidente sem Vítimas;751,1;BR-040/MG;Sul;Choque com objeto;1;0;0;0;0;0;0;0;0;0;3;0;0;0;0
04/02/2021;17:43:00;251;Acidente sem Vítimas;539,9;BR-040/MG;Norte;Engavetamento;4;0;0;0;0;0;0;0;0;0;5;0;0;0;0
04/02/2021;18:42:00;263;Acidente sem Vítimas;731,6;BR-040/MG;Sul;Choque c/ Objeto Fixo;1;0;0;0;0;0;0;0;0;0;1;0;0;0;0
04/02/2021;22:33:00;309;Acidente com Vítimas;2,9;BR-040/GO;Sul;Tombamento de Moto;0;0;0;1;0;1;0;0;0;0;2;1;0;0;0
05/02/2021;00:56:00;47;Acidente sem Vítimas;511,1;BR-040/MG;Norte;Colisão traseira;1;0;0;0;1;0;0;0;0;0;10;0;0;0;0
05/02/2021;05:28:00;103;Acidente com Vítimas;16,5;BR-040/GO;Sul;Atropelamento de Pedestre;0;0;0;2;0;0;0;0;0;0;1;0;0;0;0
05/02/2021;07:59:00;139;Acidente sem Vítimas;555,6;BR-040/MG;Sul;Choque c/ Objeto Fixo;2;0;0;0;0;0;0;0;0;0;1;0;0;0;0
05/02/2021;08:54:00;154;Acidente sem Vítimas;749,9;BR-040/MG;Norte;Choque c/ Objeto Fixo;1;0;0;0;0;0;0;0;0;0;3;0;0;0;0
05/02/2021;11:28:00;200;Acidente sem Vítimas;556,6;BR-040/MG;Sul;Choque c/ Objeto Fixo;0;0;1;0;0;1;0;0;0;0;1;0;0;0;0
05/02/2021;11:56:00;207;Acidente com Vítimas;537,92;BR-040/MG;Norte;Engavetamento;2;0;1;3;1;0;0;0;0;0;6;1;0;0;0
05/02/2021;12:07:00;210;Acidente sem Vítimas;558,6;BR-040/MG;Norte;Choque c/ Objeto Fixo;1;0;0;0;0;2;0;0;0;0;2;0;0;0;0
05/02/2021;14:33:00;241;Acidente sem Vítimas;512,9;BR-040/MG;Norte;Engavetamento;3;0;0;0;1;1;0;0;0;0;5;0;0;0;0
05/02/2021;14:41:00;242;Acidente sem Vítimas;24,2;BR-040/GO;Sul;Colisão traseira;1;0;1;0;0;0;0;0;0;0;2;0;0;0;0
05/02/2021;15:23:00;253;Acidente com Vítimas;461,3;BR-040/MG;Sul;Engavetamento;1;0;0;0;1;1;0;0;0;0;2;0;1;0;0
05/02/2021;15:25:00;254;Acidente sem Vítimas;460,3;BR-040/MG;Sul;Engavetamento;1;0;0;0;1;0;0;0;0;0;2;0;0;0;0
05/02/2021;15:38:00;259;Acidente com Vítimas;638,1;BR-040/MG;Norte;Tombamento de Moto;0;0;0;1;0;0;0;0;0;0;0;1;0;0;0
05/02/2021;16:10:00;269;Acidente com Vítimas;465,8;BR-040/MG;Norte;Capotamento;2;0;0;0;0;1;0;0;0;0;1;1;0;1;0
05/02/2021;16:30:00;275;Acidente sem Vítimas;8,5;BR-040/GO;Sul;Colisão lateral;2;0;0;0;0;0;0;0;0;0;2;0;0;0;0
05/02/2021;17:37:00;287;Acidente sem Vítimas;5,1;BR-040/GO;Sul;Colisão traseira;2;0;0;1;0;0;0;0;0;0;3;0;0;0;0
05/02/2021;18:33:00;304;Acidente sem Vítimas;128,95;BR-040/MG;Norte;Choque c/ Objeto Fixo;1;0;0;0;0;0;0;0;0;0;1;0;0;0;0
05/02/2021;20:02:00;321;Acidente sem Vítimas;537,98;BR-040/MG;Norte;Colisão traseira;1;0;0;0;1;0;0;0;0;0;3;0;0;0;0
05/02/2021;20:39:00;333;Acidente sem Vítimas;535,8;BR-040/MG;Norte;Colisão traseira;2;0;0;0;0;0;0;0;0;0;0;0;0;0;0
05/02/2021;21:40:00;348;Acidente sem Vítimas;62,15;BR-040/MG;Sul;Choque c/ Objeto Fixo;1;0;0;0;0;0;0;0;0;0;3;0;0;0;0
05/02/2021;22:36:00;356;Acidente com Vítimas;444,2;BR-040/MG;Sul;Tombamento;0;0;1;0;0;0;0;0;0;0;0;1;0;0;0
06/02/2021;02:15:00;21;Acidente sem Vítimas;4,9;BR-040/GO;Norte;Capotamento;1;0;0;0;0;1;0;0;0;0;0;0;0;0;0
06/02/2021;05:45:00;37;Acidente com Vítimas;517,95;BR-040/MG;Sul;Tombamento de Moto;0;0;0;1;0;0;0;0;0;0;0;1;0;0;0
06/02/2021;07:30:00;49;Acidente sem Vítimas;768,3;BR-040/MG;Sul;Choque c/ Objeto Fixo;1;0;0;0;0;1;0;0;0;0;1;0;0;0;0
06/02/2021;08:31:00;56;Acidente sem Vítimas;352,809;BR-040/MG;Norte;Colisão lateral;3;0;0;0;0;0;0;0;0;0;2;0;0;0;0
06/02/2021;13:28:00;110;Acidente sem Vítimas;733,8;BR-040/MG;Sul;Choque c/ Objeto Fixo;1;0;0;0;0;1;0;0;0;0;0;1;0;0;0
06/02/2021;14:54:00;122;Acidente sem Vítimas;439,2;BR-040/MG;Norte;Choque c/ Objeto Fixo;1;0;0;0;0;0;0;0;0;0;1;0;0;0;0
06/02/2021;15:19:00;131;Acidente com Vítimas;517,8;BR-040/MG;Norte;Tombamento de Moto;0;0;0;1;0;0;0;0;0;0;0;0;1;0;0
06/02/2021;17:44:00;152;Acidente com Vítimas;751,9;BR-040/MG;Norte;Capotamento;1;0;0;0;0;0;0;0;0;0;3;1;0;0;0
06/02/2021;18:37:00;168;Acidente sem Vítimas;514,3;BR-040/MG;Norte;Choque c/ Objeto Fixo;1;0;0;0;0;1;0;0;0;0;0;0;0;0;0
06/02/2021;18:42:00;171;Acidente sem Vítimas;69,9;BR-040/MG;Norte;Choque c/ Objeto Fixo;0;0;0;1;0;0;0;0;0;0;1;0;0;0;0
06/02/2021;18:44:00;173;Acidente sem Vítimas;457,3;BR-040/MG;Sul;Colisão traseira;1;0;0;0;0;1;0;0;0;0;0;0;0;0;0
06/02/2021;19:11:00;180;Acidente com Vítimas;616,2;BR-040/MG;Norte;Tombamento de Moto;0;0;0;1;0;0;0;0;0;0;0;2;0;0;0
06/02/2021;19:43:00;188;Acidente sem Vítimas;129,8;BR-040/MG;Norte;Tombamento;0;0;1;0;1;0;0;0;0;0;2;0;0;0;0
06/02/2021;21:34:00;201;Acidente com Vítimas;1,6;BR-040/GO;Sul;Colisão traseira;2;0;0;1;0;1;0;0;0;0;3;1;0;0;0
06/02/2021;22:50:00;211;Acidente com Vítimas;444,8;BR-040/MG;Sul;Tombamento;0;0;1;0;0;0;0;0;0;0;0;1;0;0;0
07/02/2021;02:43:00;23;Acidente sem Vítimas;278,35;BR-040/MG;Norte;Tombamento;0;0;2;0;0;1;0;0;0;0;1;0;0;0;0
07/02/2021;05:26:00;30;Acidente sem Vítimas;7,2;BR-040/GO;Sul;Colisão traseira;1;0;0;1;0;0;0;0;0;0;2;1;0;0;0
07/02/2021;07:12:00;38;Acidente sem Vítimas;465;BR-040/MG;Norte;Choque c/ Objeto Fixo;2;0;0;0;0;0;0;0;0;0;1;0;0;0;0
07/02/2021;10:00:00;73;Acidente sem Vítimas;551,3;BR-040/MG;Norte;Choque c/ Objeto Fixo;3;0;0;0;0;0;0;0;0;0;1;0;0;0;0
07/02/2021;11:03:00;87;Acidente sem Vítimas;698,12;BR-040/MG;Sul;Choque c/ Objeto Fixo;1;0;0;0;0;0;0;0;0;0;1;0;0;0;0
07/02/2021;12:01:00;97;Acidente com Vítimas;12,4;BR-040/GO;Norte;Atropelamento de Ciclista;1;0;0;0;0;1;0;0;0;0;0;1;0;0;0
07/02/2021;12:40:00;104;Acidente sem Vítimas;506;BR-040/MG;Sul;Choque c/ Objeto Fixo;0;0;0;0;0;2;0;0;0;0;1;0;0;0;0
07/02/2021;12:50:00;106;Acidente sem Vítimas;512,2;BR-040/MG;Norte;Outros;1;0;0;0;0;0;0;0;0;0;1;0;0;0;0
07/02/2021;13:39:00;115;Acidente sem Vítimas;512,2;BR-040/MG;Norte;Colisão traseira;2;0;0;0;0;0;0;0;0;0;2;0;0;0;0
07/02/2021;14:09:00;121;Acidente sem Vítimas;592,2;BR-040/MG;Norte;Choque c/ Objeto Fixo;1;0;0;0;0;1;0;0;0;0;1;0;0;0;0
07/02/2021;14:38:00;124;Acidente sem Vítimas;517,6;BR-040/MG;Sul;Colisão traseira;3;0;0;0;1;0;0;0;0;0;16;0;0;0;0
07/02/2021;15:13:00;126;Acidente com Vítimas;492,1;BR-040/MG;Norte;Outros;1;0;0;0;0;0;0;0;0;0;0;2;0;0;0
07/02/2021;15:33:00;129;Acidente sem Vítimas;730,41;BR-040/MG;Norte;Choque c/ Objeto Fixo;3;0;0;0;0;0;0;0;0;0;1;0;0;0;0
07/02/2021;15:45:00;131;Acidente com Vítimas;511,5;BR-040/MG;Sul;Colisão traseira;1;0;0;0;0;1;0;0;0;0;0;0;0;0;0
07/02/2021;15:54:00;135;Acidente sem Vítimas;558,1;BR-040/MG;Sul;Choque c/ Objeto Fixo;0;0;0;0;1;1;0;0;0;0;1;0;0;0;0
07/02/2021;15:55:00;134;Acidente com Vítimas;563,12;BR-040/MG;Norte;Colisão traseira;2;0;0;1;1;0;0;0;0;0;1;1;0;0;0
07/02/2021;17:21:00;152;Acidente com Vítimas;457,2;BR-040/MG;Norte;Capotamento;1;0;0;0;0;0;0;0;0;0;0;1;1;0;0
07/02/2021;17:38:00;154;Acidente sem Vítimas;515;BR-040/MG;Norte;Colisão traseira;1;0;0;0;1;0;0;0;0;0;2;0;0;0;0
07/02/2021;17:47:00;155;Acidente sem Vítimas;656,6;BR-040/MG;Norte;Choque c/ Objeto Fixo;1;0;0;0;0;0;0;0;0;0;1;0;0;0;0
07/02/2021;17:50:00;156;Acidente sem Vítimas;726,5;BR-040/MG;Sul;Choque c/ Objeto Fixo;4;0;0;0;0;0;0;0;0;0;1;0;0;0;0
07/02/2021;18:08:00;159;Acidente com Vítimas;5,1;BR-040/GO;Norte;Colisão traseira;1;0;0;0;0;1;0;0;0;0;1;1;0;0;0
07/02/2021;18:22:00;163;Acidente sem Vítimas;507,9;BR-040/MG;Sul;Engavetamento;6;0;0;0;0;0;0;0;0;0;5;0;0;0;0
07/02/2021;19:09:00;170;Acidente com Vítimas;12,1;BR-040/GO;Norte;Atropelamento de Pedestre;1;0;0;0;0;0;0;0;0;0;1;0;1;0;0
07/02/2021;19:44:00;175;Acidente sem Vítimas;735,4;BR-040/MG;Norte;Colisão frontal;4;0;0;0;0;0;0;0;0;0;5;0;0;0;0
07/02/2021;20:31:00;181;Acidente sem Vítimas;452,1;BR-040/MG;Sul;Colisão traseira;3;0;0;0;0;0;0;0;0;0;1;0;0;0;0
07/02/2021;20:40:00;182;Acidente sem Vítimas;2,8;BR-040/DF;Norte;Choque c/ Objeto Fixo;1;0;0;0;0;0;0;0;0;0;3;0;0;0;0
07/02/2021;21:13:00;189;Acidente com Vítimas;647,4;BR-040/MG;Norte;Colisão traseira;2;0;0;0;0;1;0;0;0;0;5;4;1;0;0
07/02/2021;21:21:00;192;Acidente sem Vítimas;0,15;BR-040/DF;Norte;Choque c/ Objeto Fixo;2;0;0;0;0;0;0;0;0;0;1;0;0;0;0
08/02/2021;06:29:00;99;Acidente com Vítimas;509,1;BR-040/MG;Sul;Colisão traseira;0;0;0;2;0;0;0;0;0;0;2;2;0;0;0
08/02/2021;08:39:00;139;Acidente sem Vítimas;717,95;BR-040/MG;Norte;Choque c/ Objeto Fixo;2;0;0;0;0;0;0;0;0;0;1;0;0;0;0
08/02/2021;08:48:00;142;Acidente sem Vítimas;717,8;BR-040/MG;Norte;Choque c/ Objeto Fixo;1;0;0;0;0;0;0;0;0;0;1;0;0;0;0
08/02/2021;09:11:00;156;Acidente com Vítimas;717,8;BR-040/MG;Norte;Atropelamento de Pedestre;3;0;0;0;0;0;0;0;0;0;1;1;0;0;0
08/02/2021;10:03:00;170;Acidente sem Vítimas;247,3;BR-040/MG;Norte;Choque c/ Objeto Fixo;0;0;0;0;0;1;0;0;0;0;1;0;0;0;0
08/02/2021;12:20:00;204;Acidente com Vítimas;41,8;BR-040/GO;Norte;Capotamento;1;0;0;0;0;1;0;0;0;0;0;1;0;0;0
08/02/2021;14:08:00;239;Acidente sem Vítimas;584,5;BR-040/MG;Norte;Choque c/ Objeto Fixo;1;0;0;0;0;0;0;0;0;0;4;0;0;0;0
08/02/2021;15:32:00;260;Acidente sem Vítimas;4,5;BR-040/GO;Sul;Tombamento de Moto;0;0;0;1;0;0;0;0;0;0;1;0;0;0;0
08/02/2021;15:40:00;265;Acidente com Vítimas;9,6;BR-040/GO;Norte;Atropelamento de Pedestre;0;0;0;1;0;0;0;0;0;0;1;0;0;0;0
08/02/2021;15:46:00;272;Acidente com Vítimas;693,3;BR-040/MG;Sul;Tombamento de Moto;0;0;0;1;0;0;0;0;0;0;1;1;0;0;0
08/02/2021;16:11:00;278;Acidente com Vítimas;530,2;BR-040/MG;Sul;Choque com objeto;0;0;0;1;1;1;0;0;0;0;0;1;0;0;0
08/02/2021;16:24:00;283;Acidente sem Vítimas;655,12;BR-040/MG;Norte;Capotamento;1;0;0;0;0;0;0;0;0;0;1;0;0;0;0
08/02/2021;17:14:00;294;Acidente com Vítimas;735,3;BR-040/MG;Norte;Tombamento;0;0;0;0;1;0;0;0;0;0;0;1;0;0;0
08/02/2021;18:29:00;303;Acidente com Vítimas;518,5;BR-040/MG;Norte;Colisão lateral;1;0;0;2;0;0;0;0;0;0;2;1;0;0;0
08/02/2021;20:42:00;332;Acidente com Vítimas;532,1;BR-040/MG;Norte;Colisão traseira;3;0;0;0;0;0;0;0;0;0;2;1;0;0;0
09/02/2021;06:44:00;103;Acidente com Vítimas;526,15;BR-040/MG;Sul;Tombamento de Moto;0;0;0;1;0;0;0;0;0;0;1;1;0;0;0
09/02/2021;07:46:00;124;Acidente com Vítimas;522,5;BR-040/MG;Sul;Colisão traseira;0;0;0;0;0;2;0;0;0;0;3;1;0;0;0
09/02/2021;07:53:00;126;Acidente sem Vítimas;96,1;BR-040/GO;Sul;Tombamento de Moto;2;0;0;0;0;0;0;0;0;0;0;0;0;0;0
09/02/2021;08:20:00;129;Acidente com Vítimas;510,48;BR-040/MG;Sul;Tombamento de Moto;0;0;0;1;0;0;0;0;0;0;1;2;0;0;0
09/02/2021;08:25:00;130;Acidente com Vítimas;8,8;BR-040/GO;Norte;Outros;0;0;0;1;0;0;0;0;0;0;1;1;0;0;0
09/02/2021;09:54:00;161;Acidente sem Vítimas;717,95;BR-040/MG;Sul;Choque c/ Objeto Fixo;3;0;0;0;0;0;0;0;0;0;1;0;0;0;0
09/02/2021;10:13:00;164;Acidente sem Vítimas;525,2;BR-040/MG;Norte;Colisão lateral;1;0;1;0;0;0;0;0;0;0;2;0;0;0;0
09/02/2021;11:46:00;182;Acidente com Vítimas;717,8;BR-040/MG;Norte;Choque c/ Objeto Fixo;3;0;0;0;0;0;0;0;0;0;1;1;0;0;0
09/02/2021;12:49:00;194;Acidente com Vítimas;549,4;BR-040/MG;Sul;Colisão traseira;3;0;0;0;0;1;0;0;0;0;2;0;1;0;0
09/02/2021;13:18:00;199;Acidente sem Vítimas;456,156;BR-040/MG;Sul;Capotamento;1;0;0;0;0;1;0;0;0;0;1;0;0;0;0
09/02/2021;15:05:00;220;Acidente sem Vítimas;8,6;BR-040/GO;Norte;Colisão lateral;2;0;0;0;0;0;0;0;0;0;0;1;0;0;0
09/02/2021;17:09:00;242;Acidente sem Vítimas;551,2;BR-040/MG;Sul;Capotamento;2;0;0;0;0;1;0;0;0;0;2;0;0;0;0
09/02/2021;17:52:00;257;Acidente sem Vítimas;123;BR-040/GO;Sul;Choque c/ Objeto Fixo;0;0;0;0;2;0;0;0;0;0;1;0;0;0;0
09/02/2021;22:35:00;318;Acidente com Vítimas;273,25;BR-040/MG;Norte;Colisão traseira;2;0;0;0;0;0;0;0;0;0;2;2;0;0;0
10/02/2021;03:55:00;76;Acidente sem Vítimas;497,3;BR-040/MG;Norte;Colisão traseira;0;0;3;0;1;1;0;0;0;0;2;0;0;0;0
10/02/2021;06:40:00;90;Acidente com Vítimas;524,52;BR-040/MG;Sul;Atropelamento de Pedestre;0;0;0;1;0;0;0;0;0;0;1;1;0;0;0
10/02/2021;07:46:00;105;Acidente com Vítimas;1,5;BR-040/GO;Norte;Colisão traseira;2;0;0;0;0;1;0;0;0;0;0;0;0;0;0
10/02/2021;08:51:00;122;Acidente sem Vítimas;587,2;BR-040/MG;Sul;Choque c/ Objeto Fixo;0;0;0;1;0;2;0;0;0;0;2;0;0;0;0
10/02/2021;09:27:00;134;Acidente com Vítimas;531,2;BR-040/MG;Sul;Colisão traseira;1;0;0;1;0;0;0;0;0;0;2;1;0;0;0
10/02/2021;12:07:00;166;Acidente sem Vítimas;300;BR-040/MG;Sul;Choque c/ Objeto Fixo;0;0;1;0;0;1;0;0;0;0;1;0;0;0;0
10/02/2021;12:32:00;170;Acidente sem Vítimas;716,5;BR-040/MG;Norte;Choque c/ Objeto Fixo;2;0;0;0;0;0;0;0;0;0;1;0;0;0;0
10/02/2021;14:49:00;192;Acidente sem Vítimas;12,5;BR-040/GO;Norte;Outros;2;0;0;0;0;0;0;0;0;0;0;0;0;0;0
10/02/2021;15:27:00;201;Acidente sem Vítimas;526,3;BR-040/MG;Norte;Colisão traseira;1;0;0;1;0;0;0;0;0;0;2;0;0;0;0
10/02/2021;16:23:00;212;Acidente sem Vítimas;450,6;BR-040/MG;Sul;Colisão traseira;0;0;1;0;1;0;0;0;0;0;2;0;0;0;0
10/02/2021;16:38:00;217;Acidente com Vítimas;485,6;BR-040/MG;Sul;Tombamento;0;0;0;0;1;1;0;0;0;0;2;0;0;0;0
10/02/2021;17:14:00;226;Acidente sem Vítimas;557,2;BR-040/MG;Norte;Colisão traseira;0;0;0;0;0;3;0;0;0;0;3;0;0;0;0
10/02/2021;17:56:00;239;Acidente sem Vítimas;0,2;BR-040/DF;Norte;Capotamento;1;0;0;0;0;1;0;0;0;0;1;0;0;0;0
10/02/2021;18:02:00;240;Acidente sem Vítimas;485,61;BR-040/MG;Sul;Colisão traseira;0;0;1;0;1;0;0;0;0;0;2;0;0;0;0
10/02/2021;18:28:00;248;Acidente sem Vítimas;4,5;BR-040/GO;Sul;Colisão traseira;0;0;0;1;0;1;0;0;0;0;1;1;0;0;0
10/02/2021;19:15:00;254;Acidente com Vítimas;485,7;BR-040/MG;Sul;Outros;0;0;0;0;1;1;0;0;0;0;16;0;1;0;0
10/02/2021;19:31:00;258;Acidente sem Vítimas;2,2;BR-040/GO;Norte;Colisão traseira;1;0;0;1;0;0;0;0;0;0;2;1;0;0;0
11/02/2021;03:55:00;79;Acidente sem Vítimas;477,1;BR-040/MG;Sul;Choque c/ Objeto Fixo;0;0;1;0;0;0;0;0;0;0;0;0;0;0;0
11/02/2021;07:13:00;115;Acidente com Vítimas;612,12;BR-040/MG;Norte;Colisão traseira;1;0;0;0;1;1;0;0;0;0;2;5;1;0;0
11/02/2021;07:24:00;118;Acidente com Vítimas;456,24;BR-040/MG;Norte;Tombamento de Moto;0;0;0;1;0;0;0;0;0;0;0;1;0;0;0
11/02/2021;12:15:00;191;Acidente com Vítimas;532,3;BR-040/MG;Sul;Colisão traseira;2;0;0;3;0;0;0;0;0;0;1;2;0;0;0
11/02/2021;12:33:00;197;Acidente com Vítimas;667,343;BR-040/MG;Sul;Colisão transversal;2;0;0;1;0;0;0;0;0;0;2;0;2;0;0
11/02/2021;13:06:00;201;Acidente sem Vítimas;608,1;BR-040/MG;Norte;Colisão traseira;2;0;0;0;0;0;0;0;0;0;2;0;0;0;0
11/02/2021;14:32:00;219;Acidente sem Vítimas;593,12;BR-040/MG;Sul;Colisão traseira;0;0;2;0;1;2;0;0;0;0;3;0;0;0;0
11/02/2021;15:16:00;226;Acidente sem Vítimas;716,12;BR-040/MG;Norte;Capotamento;1;0;0;0;0;0;0;0;0;0;1;0;0;0;0
11/02/2021;15:19:00;228;Acidente sem Vítimas;719,2;BR-040/MG;Sul;Choque c/ Objeto Fixo;1;0;0;0;0;0;0;0;0;0;1;0;0;0;0
11/02/2021;15:48:00;240;Acidente sem Vítimas;535,5;BR-040/MG;Norte;Colisão lateral;2;0;0;0;1;0;0;0;0;0;2;0;0;0;0
11/02/2021;17:12:00;263;Acidente com Vítimas;523,15;BR-040/MG;Sul;Colisão lateral;1;0;0;1;0;0;0;0;0;0;1;1;0;0;0
11/02/2021;17:15:00;264;Acidente sem Vítimas;571,2;BR-040/MG;Sul;Choque com objeto;1;0;2;0;0;0;0;0;0;0;5;0;0;0;0
11/02/2021;17:16:00;265;Acidente sem Vítimas;593,12;BR-040/MG;Sul;Choque c/ Objeto Fixo;0;0;1;0;0;0;0;0;0;0;1;0;0;0;0
11/02/2021;17:57:00;271;Acidente com Vítimas;437,2;BR-040/MG;Sul;Tombamento;0;0;3;0;0;0;0;0;0;0;1;1;0;0;0
11/02/2021;18:37:00;279;Acidente com Vítimas;2,9;BR-040/GO;Norte;Colisão lateral;1;0;0;1;0;0;0;0;0;0;2;1;0;0;0
11/02/2021;21:04:00;316;Acidente sem Vítimas;0,4;BR-040/DF;Sul;Choque c/ Objeto Fixo;3;0;0;0;0;0;0;0;0;0;1;0;0;0;0
11/02/2021;23:24:00;340;Acidente sem Vítimas;444,45;BR-040/MG;Sul;Tombamento;0;0;1;0;0;1;0;0;0;0;1;0;0;0;0
12/02/2021;01:08:00;37;Acidente sem Vítimas;765,5;BR-040/MG;Norte;Choque com objeto;0;0;1;0;1;0;0;0;0;0;2;0;0;0;0
12/02/2021;06:20:00;72;Acidente com Vítimas;512,1;BR-040/MG;Sul;Colisão lateral;1;0;0;2;0;0;0;0;0;0;1;1;0;0;0
12/02/2021;07:09:00;101;Acidente com Vítimas;508,9;BR-040/MG;Norte;Colisão traseira;0;0;0;0;2;1;0;0;0;0;1;1;0;0;0
12/02/2021;07:59:00;109;Acidente sem Vítimas;541,4;BR-040/MG;Sul;Engavetamento;2;0;0;0;0;1;0;0;0;0;3;0;0;0;0
12/02/2021;08:09:00;114;Acidente sem Vítimas;611,2;BR-040/MG;Norte;Engavetamento;3;0;0;0;0;1;0;0;0;0;3;0;0;0;0
12/02/2021;08:10:00;116;Acidente com Vítimas;541,45;BR-040/MG;Norte;Choque c/ Objeto Fixo;0;0;1;0;0;0;0;0;0;0;0;1;0;0;0
12/02/2021;09:11:00;130;Acidente com Vítimas;637,5;BR-040/MG;Norte;Colisão lateral;0;0;0;1;0;0;0;0;0;0;1;1;0;0;0
12/02/2021;11:01:00;146;Acidente sem Vítimas;4,8;BR-040/GO;Norte;Choque c/ Objeto Fixo;1;0;0;0;0;1;0;0;0;0;1;0;0;0;0
12/02/2021;13:47:00;185;Acidente com Vítimas;53,12;BR-040/GO;Sul;Capotamento;2;0;0;0;0;0;0;0;0;0;0;1;0;0;0
12/02/2021;14:15:00;192;Acidente sem Vítimas;588,4;BR-040/MG;Norte;Choque c/ Objeto Fixo;0;0;0;0;0;3;0;0;0;0;3;0;0;0;0
12/02/2021;15:36:00;208;Acidente sem Vítimas;538,76;Fora_Rota;Norte;Colisão traseira;0;0;1;0;0;2;0;0;0;0;2;0;0;0;0
12/02/2021;16:00:00;216;Acidente sem Vítimas;695,2;BR-040/MG;Sul;Colisão transversal;1;0;3;0;0;0;0;0;0;0;3;0;0;0;0
12/02/2021;16:12:00;219;Acidente sem Vítimas;654,2;BR-040/MG;Sul;Capotamento;1;0;0;0;0;0;0;0;0;0;1;0;0;0;0
12/02/2021;16:54:00;230;Acidente sem Vítimas;3;BR-040/DF;Sul;Choque c/ Objeto Fixo;1;0;1;0;0;0;0;0;0;0;0;0;0;0;0
12/02/2021;17:01:00;233;Acidente sem Vítimas;439;BR-040/MG;Sul;Choque c/ Objeto Fixo;0;0;1;0;0;0;0;0;0;0;1;0;0;0;0
12/02/2021;17:13:00;237;Acidente sem Vítimas;511,7;BR-040/MG;Norte;Colisão traseira;3;0;0;0;0;2;0;0;0;0;1;0;0;0;0
12/02/2021;17:18:00;238;Acidente sem Vítimas;439,1;BR-040/MG;Norte;Colisão traseira;1;0;0;0;0;1;0;0;0;0;0;0;0;0;0
12/02/2021;17:38:00;249;Acidente sem Vítimas;728,4;BR-040/MG;Sul;Capotamento;4;0;0;0;0;0;0;0;0;0;2;0;0;0;0
12/02/2021;18:37:00;263;Acidente com Vítimas;535,1;BR-040/MG;Norte;Colisão traseira;1;0;0;2;0;0;0;0;0;0;2;0;1;0;0
12/02/2021;19:06:00;277;Acidente sem Vítimas;129,1;BR-040/MG;Sul;Tombamento;0;0;1;0;0;0;0;0;0;0;1;0;0;0;0
12/02/2021;23:03:00;330;Acidente sem Vítimas;436;BR-040/MG;Norte;Atropelamento de Animal;2;0;0;0;0;0;0;0;0;0;2;0;0;0;0
13/02/2021;01:48:00;16;Acidente sem Vítimas;514,7;BR-040/MG;Sul;Colisão lateral;2;0;0;0;0;1;0;0;0;0;1;0;0;0;0
13/02/2021;06:46:00;58;Acidente com Vítimas;523,638;BR-040/MG;Sul;Tombamento de Moto;0;0;0;1;0;0;0;0;0;0;1;1;0;0;0
13/02/2021;11:05:00;110;Acidente com Vítimas;495,516;BR-040/MG;Sul;Colisão lateral;0;0;2;1;0;1;0;0;0;0;2;0;1;0;0
13/02/2021;13:15:00;128;Acidente sem Vítimas;2,8;BR-040/GO;Sul;Colisão traseira;1;0;0;0;0;1;0;0;0;0;2;0;0;0;0
13/02/2021;15:08:00;148;Acidente com Vítimas;520,2;BR-040/MG;Sul;Tombamento de Moto;0;0;0;1;0;1;0;0;0;0;2;1;0;0;0
13/02/2021;15:49:00;155;Acidente com Vítimas;691,1;BR-040/MG;Norte;Tombamento;0;0;0;1;0;0;0;0;0;0;0;0;1;0;0
13/02/2021;16:13:00;159;Acidente sem Vítimas;621,1;BR-040/MG;Norte;Capotamento;1;0;0;0;0;1;0;0;0;0;1;0;0;0;0
13/02/2021;16:21:00;161;Acidente Fatal;661,7;BR-040/MG;Sul;Colisão transversal;1;0;1;1;0;0;0;0;0;0;1;0;0;0;1
13/02/2021;18:52:00;186;Acidente sem Vítimas;7;BR-040/GO;Sul;Choque c/ Objeto Fixo;0;0;2;0;0;1;0;0;0;0;2;0;0;0;0
13/02/2021;19:58:00;199;Acidente sem Vítimas;718,1;BR-040/MG;Norte;Choque c/ Objeto Fixo;1;0;0;0;0;0;0;0;0;0;0;0;0;0;0
13/02/2021;19:58:00;200;Acidente com Vítimas;2,3;BR-040/GO;Norte;Colisão traseira;1;0;0;1;0;0;0;0;0;0;1;1;0;0;0
13/02/2021;20:55:00;208;Acidente sem Vítimas;563,2;BR-040/MG;Sul;Choque c/ Objeto Fixo;1;0;0;0;0;1;0;0;0;0;1;0;0;0;0