data;horario;n_da_ocorrencia;tipo_de_ocorrencia;km;trecho;sentido;tipo_de_acidente;automovel;bicicleta;caminhao;moto;onibus;outros;tracao_animal;transporte_de_cargas_especiais;trator_maquinas;utilitarios;ilesos;levemente_feridos;moderadamente_feridos;gravemente_feridos;mortos
13/02/2021;21:25:00;214;Acidente sem Vítimas;515,7;BR-040/MG;Norte;Choque c/ Objeto Fixo;1;0;0;0;0;1;0;0;0;0;0;0;0;0;0
13/02/2021;21:26:00;213;Acidente sem Vítimas;710,3;BR-040/MG;Sul;Capotamento;1;0;0;0;0;0;0;0;0;0;3;0;0;0;0
13/02/2021;22:46:00;225;Acidente sem Vítimas;661,5;BR-040/MG;Sul;Choque c/ Objeto Fixo;1;0;0;0;0;1;0;0;0;0;2;0;0;0;0
13/02/2021;23:11:00;231;Acidente sem Vítimas;612,1;BR-040/MG;Sul;Choque c/ Objeto Fixo;1;0;0;0;0;0;0;0;0;0;4;0;0;0;0
13/02/2021;23:51:00;238;Acidente com Vítimas;521,2;BR-040/MG;Sul;Colisão lateral;1;0;0;0;0;1;0;0;0;0;0;0;1;0;0
14/02/2021;05:13:00;39;Acidente sem Vítimas;747,35;BR-040/MG;Sul;Choque com objeto;0;0;0;0;0;1;0;0;0;0;1;0;0;0;0
14/02/2021;11:31:00;81;Acidente sem Vítimas;428,1;BR-040/MG;Norte;Choque c/ Objeto Fixo;2;0;0;0;0;0;0;0;0;0;1;0;0;0;0
14/02/2021;12:23:00;94;Acidente com Vítimas;734,98;BR-040/MG;Norte;Choque c/ Objeto Fixo;4;0;0;0;0;0;0;0;0;0;2;2;0;0;0
14/02/2021;12:47:00;96;Acidente sem Vítimas;249,6;BR-040/MG;Sul;Choque c/ Objeto Fixo;0;0;0;0;0;1;0;0;0;0;0;0;0;0;0
14/02/2021;12:48:00;97;Acidente com Vítimas;443,8;BR-040/MG;Sul;Tombamento de Moto;0;0;0;1;0;1;0;0;0;0;0;1;0;0;0
14/02/2021;13:54:00;109;Acidente com Vítimas;491,6;BR-040/MG;Norte;Capotamento;1;0;0;0;0;0;0;0;0;0;1;0;1;0;0
14/02/2021;14:11:00;111;Acidente sem Vítimas;506,1;BR-040/MG;Norte;Capotamento;0;0;0;0;0;1;0;0;0;0;1;0;0;0;0
14/02/2021;15:30:00;121;Acidente sem Vítimas;556,9;BR-040/MG;Norte;Colisão lateral;2;0;0;1;0;0;0;0;0;0;3;0;0;0;0
14/02/2021;16:36:00;126;Acidente sem Vítimas;9;BR-040/GO;Sul;Outros;0;0;0;1;0;1;0;0;0;0;0;1;0;0;0
14/02/2021;17:25:00;133;Acidente com Vítimas;3,12;BR-040/GO;Sul;Colisão traseira;1;0;0;1;0;0;0;0;0;0;2;1;0;0;0
14/02/2021;19:09:00;155;Acidente sem Vítimas;503,6;BR-040/MG;Norte;Choque c/ Objeto Fixo;1;0;0;0;0;0;0;0;0;0;2;0;0;0;0
14/02/2021;19:50:00;164;Acidente sem Vítimas;5,3;BR-040/GO;Sul;Choque c/ Objeto Fixo;1;0;0;0;0;0;0;0;0;0;1;0;0;0;0
14/02/2021;20:17:00;173;Acidente com Vítimas;140,25;BR-040/MG;Sul;Choque c/ Objeto Fixo;1;0;0;0;0;0;0;0;0;0;1;1;2;0;0
14/02/2021;20:21:00;175;Acidente Fatal;762,7;BR-040/MG;Norte;Colisão frontal;2;0;0;0;0;0;0;0;0;0;1;0;0;1;1
14/02/2021;20:57:00;179;Acidente sem Vítimas;701,15;BR-040/MG;Norte;Choque c/ Objeto Fixo;2;0;0;0;0;1;0;0;0;0;1;0;0;0;0
14/02/2021;23:26:00;202;Acidente com Vítimas;32,8;BR-040/GO;Norte;Colisão traseira;1;0;0;1;1;0;0;0;0;0;2;0;0;0;0
14/02/2021;23:59:00;204;Acidente Fatal;74,9;BR-040/MG;Norte;Atropelamento de Andarilho;1;0;0;0;0;0;0;0;0;0;3;1;0;0;1
15/02/2021;04:41:00;56;Acidente sem Vítimas;25,5;BR-040/GO;Sul;Choque c/ Objeto Fixo;1;0;0;0;0;0;0;0;0;0;1;0;0;0;0
15/02/2021;06:49:00;72;Acidente sem Vítimas;515,6;BR-040/MG;Sul;Choque c/ Objeto Fixo;2;0;0;0;0;0;0;0;0;0;1;0;0;0;0
15/02/2021;10:33:00;115;Acidente com Vítimas;39,45;BR-040/MG;Norte;Choque c/ Objeto Fixo;0;0;0;1;0;0;0;0;0;0;0;1;0;0;0
15/02/2021;11:08:00;128;Acidente sem Vítimas;438,9;BR-040/MG;Norte;Capotamento;2;0;0;0;0;0;0;0;0;0;2;0;0;0;0
15/02/2021;12:50:00;148;Acidente com Vítimas;12,1;BR-040/GO;Norte;Colisão lateral;1;0;0;1;0;1;0;0;0;0;1;0;1;0;0
15/02/2021;12:56:00;152;Acidente sem Vítimas;706,9;BR-040/MG;Sul;Choque c/ Objeto Fixo;2;0;0;0;0;0;0;0;0;0;1;0;0;0;0
15/02/2021;13:21:00;161;Acidente sem Vítimas;35;BR-040/GO;Norte;Capotamento;2;0;0;0;0;0;0;0;0;0;0;0;0;0;0
15/02/2021;13:42:00;170;Acidente com Vítimas;603,12;BR-040/MG;Sul;Colisão transversal;1;0;0;0;0;2;0;0;0;0;3;1;1;0;0
15/02/2021;14:54:00;186;Acidente com Vítimas;5,5;BR-040/DF;Norte;Colisão lateral;1;0;1;0;0;2;0;0;0;0;1;0;0;0;0
15/02/2021;17:58:00;224;Acidente com Vítimas;643,1;BR-040/MG;Norte;Choque c/ Objeto Fixo;1;0;0;0;0;0;0;0;0;0;1;0;1;0;0
15/02/2021;18:36:00;235;Acidente sem Vítimas;70,15;BR-040/MG;Sul;Colisão transversal;2;0;0;0;0;0;0;0;0;0;5;0;0;0;0
15/02/2021;18:51:00;238;Acidente com Vítimas;522,9;BR-040/MG;Sul;Queda Veículo;0;0;0;2;0;0;0;0;0;0;1;0;1;0;0
15/02/2021;19:28:00;248;Acidente com Vítimas;320,8;BR-040/MG;Norte;Tombamento;0;0;4;0;0;0;0;0;0;0;0;1;0;0;0
16/02/2021;01:59:00;49;Acidente sem Vítimas;87,3;BR-040/GO;Sul;Tombamento;0;0;1;0;0;0;0;0;0;0;1;0;0;0;0
16/02/2021;04:55:00;67;Acidente sem Vítimas;724,4;BR-040/MG;Sul;Choque c/ Objeto Fixo;4;0;0;0;0;0;0;0;0;0;2;0;0;0;0
16/02/2021;06:51:00;76;Acidente sem Vítimas;507,75;BR-040/MG;Sul;Choque c/ Objeto Fixo;3;0;0;0;0;0;0;0;0;0;1;0;0;0;0
16/02/2021;06:57:00;77;Acidente sem Vítimas;519,7;BR-040/MG;Sul;Colisão traseira;1;0;0;0;0;0;0;0;0;0;1;0;0;0;0
16/02/2021;09:31:00;121;Acidente sem Vítimas;469,8;BR-040/MG;Sul;Choque c/ Objeto Fixo;2;0;0;0;0;0;0;0;0;0;1;0;0;0;0
16/02/2021;12:43:00;163;Acidente com Vítimas;83,8;BR-040/GO;Sul;Colisão traseira;1;0;1;0;0;1;0;0;0;0;1;0;1;0;0
16/02/2021;14:32:00;187;Acidente com Vítimas;661,2;BR-040/MG;Norte;Capotamento;1;0;0;0;0;1;0;0;0;0;1;0;0;0;0
16/02/2021;14:55:00;192;Acidente sem Vítimas;31,1;BR-040/MG;Norte;Choque c/ Objeto Fixo;1;0;0;0;0;0;0;0;0;0;1;0;0;0;0
16/02/2021;16:42:00;223;Acidente com Vítimas;619,7;BR-040/MG;Sul;Colisão frontal;7;0;0;0;0;0;0;0;0;0;1;0;2;1;0
16/02/2021;17:36:00;236;Acidente sem Vítimas;614,1;BR-040/MG;Sul;Colisão transversal;1;1;0;0;0;0;0;0;0;0;2;0;0;0;0
16/02/2021;22:59:00;300;Acidente Fatal;12,5;BR-040/GO;Sul;Atropelamento de Andarilho;1;0;0;0;0;1;0;0;0;0;1;0;0;0;0
17/02/2021;06:36:00;95;Acidente sem Vítimas;442,2;BR-040/MG;Sul;Tombamento;0;0;0;0;0;2;0;0;0;0;1;0;0;0;0
17/02/2021;06:40:00;97;Acidente com Vítimas;522,5;BR-040/MG;Sul;Colisão lateral;0;0;0;1;0;1;0;0;0;0;1;1;0;0;0
17/02/2021;08:33:00;125;Acidente com Vítimas;544,15;BR-040/MG;Norte;Tombamento de Moto;0;0;0;0;0;1;0;0;0;0;0;0;1;0;0
17/02/2021;11:04:00;153;Acidente sem Vítimas;526,95;BR-040/MG;Sul;Colisão lateral;3;0;1;0;0;0;0;0;0;0;2;0;0;0;0
17/02/2021;11:14:00;152;Acidente sem Vítimas;762,6;BR-040/MG;Norte;Choque c/ Objeto Fixo;1;0;0;0;0;0;0;0;0;0;1;0;0;0;0
17/02/2021;11:40:00;159;Acidente sem Vítimas;620,45;BR-040/MG;Sul;Choque c/ Objeto Fixo;0;0;0;0;0;1;0;0;0;0;1;0;0;0;0
17/02/2021;12:36:00;170;Acidente sem Vítimas;755,5;BR-040/MG;Sul;Choque c/ Objeto Fixo;1;0;0;0;0;0;0;0;0;0;2;0;0;0;0
17/02/2021;16:48:00;230;Acidente Fatal;603,35;BR-040/MG;Sul;Colisão transversal;3;0;0;0;0;0;0;0;0;0;1;0;0;1;1
17/02/2021;17:02:00;233;Acidente sem Vítimas;694,2;BR-040/MG;Norte;Colisão traseira;2;0;0;0;0;1;0;0;0;0;1;0;0;0;0
17/02/2021;17:07:00;234;Acidente sem Vítimas;467,3;BR-040/MG;Norte;Choque c/ Objeto Fixo;0;0;4;0;0;0;0;0;0;0;1;0;0;0;0
17/02/2021;17:10:00;235;Acidente com Vítimas;603,37;BR-040/MG;Sul;Colisão frontal;1;0;1;0;1;0;0;0;0;0;5;0;0;1;0
17/02/2021;17:21:00;239;Acidente com Vítimas;538,5;BR-040/MG;Norte;Colisão lateral;1;0;0;1;0;0;0;0;0;0;2;1;0;0;0
17/02/2021;18:13:00;250;Acidente sem Vítimas;717,95;BR-040/MG;Norte;Choque c/ Objeto Fixo;0;0;0;0;0;1;0;0;0;0;1;0;0;0;0
17/02/2021;23:01:00;303;Acidente sem Vítimas;633,2;BR-040/MG;Sul;Choque c/ Objeto Fixo;2;0;0;0;0;0;0;0;0;0;1;0;0;0;0
17/02/2021;23:29:00;305;Acidente sem Vítimas;632,5;BR-040/MG;Sul;Choque c/ Objeto Fixo;1;0;0;0;0;0;0;0;0;0;1;0;0;0;0
17/02/2021;23:40:00;308;Acidente sem Vítimas;169,1;BR-040/MG;Norte;Tombamento;0;0;0;0;2;0;0;0;0;0;1;0;0;0;0
18/02/2021;06:55:00;88;Acidente com Vítimas;44,15;BR-040/MG;Norte;Outros;0;0;0;1;0;1;0;0;0;0;0;0;1;0;0
18/02/2021;08:34:00;115;Acidente sem Vítimas;464,613;BR-040/MG;Sul;Tombamento;0;0;0;0;0;2;0;0;0;0;1;0;0;0;0
18/02/2021;10:54:00;144;Acidente com Vítimas;2,2;BR-040/GO;Norte;Colisão lateral;1;0;0;1;0;0;0;0;0;0;0;0;1;0;0
18/02/2021;12:35:00;170;Acidente sem Vítimas;473,6;BR-040/MG;Sul;Colisão traseira;1;0;1;0;0;0;0;0;0;0;2;0;0;0;0
18/02/2021;13:05:00;177;Acidente sem Vítimas;731,1;BR-040/MG;Norte;Choque c/ Objeto Fixo;1;0;0;0;0;1;0;0;0;0;4;0;0;0;0
18/02/2021;13:36:00;187;Acidente sem Vítimas;540,5;BR-040/MG;Norte;Colisão traseira;2;0;0;0;0;1;0;0;0;0;2;0;0;0;0
18/02/2021;13:48:00;194;Acidente sem Vítimas;735,3;BR-040/MG;Norte;Choque c/ Objeto Fixo;2;0;0;0;0;0;0;0;0;0;2;0;0;0;0
18/02/2021;13:54:00;192;Acidente sem Vítimas;731,3;BR-040/MG;Norte;Choque c/ Objeto Fixo;0;0;0;0;0;1;0;0;0;0;2;0;0;0;0
18/02/2021;14:04:00;197;Acidente sem Vítimas;546,2;BR-040/MG;Sul;Choque c/ Objeto Fixo;1;0;0;0;0;2;0;0;0;0;2;0;0;0;0
18/02/2021;14:42:00;207;Acidente sem Vítimas;588,2;BR-040/MG;Sul;Colisão frontal;1;0;0;0;0;2;0;0;0;0;2;0;0;0;0
18/02/2021;17:03:00;240;Acidente com Vítimas;479,2;BR-040/MG;Norte;Capotamento;0;0;0;0;0;1;0;0;0;1;0;2;1;0;0
18/02/2021;17:25:00;244;Acidente sem Vítimas;547,3;BR-040/MG;Norte;Choque c/ Objeto Fixo;1;0;0;0;0;0;0;0;0;0;1;0;0;0;0
18/02/2021;18:52:00;260;Acidente sem Vítimas;493,2;BR-040/MG;Sul;Choque c/ Objeto Fixo;1;0;0;0;0;0;0;0;0;0;0;0;0;0;0
19/02/2021;08:21:00;106;Acidente com Vítimas;62,1;BR-040/GO;Sul;Tombamento de Moto;0;0;0;0;0;3;0;0;0;0;0;2;0;0;0
19/02/2021;08:24:00;110;Acidente sem Vítimas;541,9;BR-040/MG;Sul;Engavetamento;3;0;0;1;0;0;0;0;0;0;3;0;0;0;0
19/02/2021;08:48:00;120;Acidente sem Vítimas;538,16;BR-040/MG;Norte;Capotamento;0;0;1;0;0;0;0;0;0;0;1;0;0;0;0
19/02/2021;08:55:00;125;Acidente sem Vítimas;459,9;BR-040/MG;Sul;Choque c/ Objeto Fixo;2;0;0;0;0;0;0;0;0;0;1;0;0;0;0
19/02/2021;09:18:00;129;Acidente com Vítimas;750,12;BR-040/MG;Norte;Choque c/ Objeto Fixo;1;0;0;0;0;0;0;0;0;0;1;1;0;0;0
19/02/2021;11:52:00;157;Acidente sem Vítimas;512,6;BR-040/MG;Norte;Choque c/ Objeto Fixo;0;0;2;0;0;0;0;0;0;0;1;0;0;0;0
19/02/2021;14:29:00;198;Acidente sem Vítimas;19,1;BR-040/MG;Sul;Capotamento;1;0;0;0;0;0;0;0;0;0;0;2;0;0;0
19/02/2021;16:03:00;220;Acidente sem Vítimas;749,1;BR-040/MG;Norte;Tombamento;0;0;0;0;1;0;0;0;0;0;1;0;0;0;0
19/02/2021;16:09:00;222;Acidente sem Vítimas;557,1;BR-040/MG;Norte;Capotamento;2;0;0;0;0;1;0;0;0;0;1;0;0;0;0
19/02/2021;16:19:00;223;Acidente com Vítimas;44;BR-040/MG;Sul;Colisão transversal;1;0;0;1;0;1;0;0;0;0;2;1;0;0;0
19/02/2021;16:33:00;225;Acidente sem Vítimas;509,8;BR-040/MG;Norte;Engavetamento;3;0;0;0;0;0;0;0;0;0;3;0;0;0;0
19/02/2021;16:47:00;229;Acidente sem Vítimas;677,7;BR-040/MG;Norte;Colisão traseira;3;0;0;0;0;1;0;0;0;0;2;0;0;0;0
19/02/2021;17:04:00;234;Acidente com Vítimas;543,7;BR-040/MG;Norte;Tombamento de Moto;0;0;0;1;0;0;0;0;0;0;0;1;0;0;0
19/02/2021;18:34:00;249;Acidente com Vítimas;538,2;BR-040/MG;Sul;Tombamento de Moto;0;0;0;1;1;0;0;0;0;0;2;1;0;0;0
19/02/2021;19:34:00;267;Acidente com Vítimas;632,4;BR-040/MG;Norte;Colisão traseira;1;0;2;0;0;1;0;0;0;0;2;1;0;0;0
19/02/2021;21:22:00;290;Acidente sem Vítimas;42,1;BR-040/MG;Norte;Colisão transversal;2;0;0;0;0;0;0;0;0;0;2;0;0;0;0
20/02/2021;04:05:00;32;Acidente sem Vítimas;525,5;BR-040/MG;Norte;Colisão traseira;1;0;1;0;1;0;0;0;0;0;2;0;0;0;0
20/02/2021;04:27:00;36;Acidente sem Vítimas;145,1;BR-040/MG;Sul;Choque c/ Objeto Fixo;1;0;0;0;0;0;0;0;0;0;1;0;0;0;0
20/02/2021;05:44:00;48;Acidente com Vítimas;57,3;BR-040/MG;Norte;Capotamento;1;0;0;0;0;0;0;0;0;0;0;2;0;0;0
20/02/2021;06:26:00;54;Acidente com Vítimas;186,1;BR-040/MG;Sul;Outros;2;0;0;0;0;1;0;0;0;0;0;1;0;0;0
20/02/2021;08:51:00;78;Acidente com Vítimas;631,13;BR-040/MG;Sul;Capotamento;1;0;1;0;0;1;0;0;0;0;2;0;0;0;0
20/02/2021;10:01:00;90;Acidente sem Vítimas;32,15;BR-040/MG;Norte;Colisão lateral;0;0;3;0;0;1;0;0;0;0;3;0;0;0;0
20/02/2021;10:40:00;98;Acidente com Vítimas;561,9;BR-040/MG;Sul;Tombamento de Moto;0;0;0;2;0;0;0;0;0;0;0;0;1;0;0
20/02/2021;10:53:00;100;Acidente com Vítimas;541,75;BR-040/MG;Sul;Capotamento;3;0;0;0;0;0;0;0;0;0;1;0;0;0;0
20/02/2021;12:08:00;113;Acidente sem Vítimas;463,1;BR-040/MG;Sul;Choque c/ Objeto Fixo;2;0;0;0;0;0;0;0;0;0;1;0;0;0;0
20/02/2021;12:29:00;120;Acidente sem Vítimas;656,12;BR-040/MG;Norte;Choque c/ Objeto Fixo;3;0;0;0;0;0;0;0;0;0;1;0;0;0;0
20/02/2021;12:35:00;117;Acidente com Vítimas;256,9;BR-040/MG;Sul;Choque c/ Objeto Fixo;1;0;0;0;0;0;0;0;0;0;0;1;0;0;0
20/02/2021;12:41:00;121;Acidente com Vítimas;297,9;BR-040/MG;Sul;Choque com objeto;0;0;0;1;0;0;0;0;0;0;0;0;1;0;0
20/02/2021;12:51:00;123;Acidente sem Vítimas;704,1;BR-040/MG;Sul;Choque c/ Objeto Fixo;1;0;0;0;0;0;0;0;0;0;1;0;0;0;0
20/02/2021;13:46:00;137;Acidente sem Vítimas;78,1;BR-040/GO;Sul;Choque c/ Objeto Fixo;1;0;0;0;0;0;0;0;0;0;1;0;0;0;0
20/02/2021;13:50:00;141;Acidente sem Vítimas;461,6;BR-040/MG;Sul;Choque c/ Objeto Fixo;2;0;0;0;0;0;0;0;0;0;1;0;0;0;0
20/02/2021;14:38:00;149;Acidente sem Vítimas;41,7;BR-040/MG;Norte;Colisão transversal;0;0;0;1;0;1;0;0;0;0;1;0;0;0;0
20/02/2021;17:20:00;173;Acidente com Vítimas;505,6;BR-040/MG;Norte;Atropelamento de Animal;1;0;0;0;0;0;0;0;0;0;1;0;0;0;0
20/02/2021;22:26:00;232;Acidente com Vítimas;2,1;BR-040/GO;Sul;Engavetamento;2;0;0;1;0;0;0;0;0;0;5;0;0;1;0
20/02/2021;23:31:00;242;Acidente com Vítimas;553,1;BR-040/MG;Norte;Colisão traseira;1;0;3;0;0;1;0;0;0;0;2;0;1;0;0
21/02/2021;04:00:00;31;Acidente com Vítimas;510,15;BR-040/MG;Norte;Atropelamento de Animal;5;0;0;0;0;1;0;0;0;0;3;0;0;0;0
21/02/2021;04:48:00;34;Acidente sem Vítimas;541,1;BR-040/MG;Norte;Capotamento;1;0;0;0;0;0;0;0;0;0;1;0;0;0;0
21/02/2021;06:48:00;47;Acidente sem Vítimas;2,5;BR-040/GO;Norte;Outros;1;0;0;0;0;0;0;0;0;0;0;0;0;0;0
21/02/2021;06:53:00;49;Acidente sem Vítimas;29,5;BR-040/MG;Sul;Outros;1;0;0;0;0;0;0;0;0;0;0;0;0;0;0
21/02/2021;07:53:00;59;Acidente sem Vítimas;512,416;BR-040/MG;Norte;Choque c/ Objeto Fixo;3;0;0;0;0;0;0;0;0;0;1;0;0;0;0
21/02/2021;08:23:00;64;Acidente sem Vítimas;464,2;BR-040/MG;Sul;Capotamento;1;0;0;0;0;1;0;0;0;0;1;0;0;0;0
21/02/2021;08:51:00;67;Acidente com Vítimas;464,2;BR-040/MG;Sul;Colisão traseira;1;0;0;0;1;0;0;0;0;0;1;2;0;0;0
21/02/2021;08:56:00;68;Acidente com Vítimas;516,522;BR-040/MG;Norte;Choque c/ Objeto Fixo;0;0;0;1;0;0;0;0;0;0;0;1;0;0;0
21/02/2021;13:05:00;107;Acidente com Vítimas;687,2;BR-040/MG;Norte;Choque c/ Objeto Fixo;1;0;0;0;0;0;0;0;0;0;0;0;0;2;0
21/02/2021;15:24:00;131;Acidente com Vítimas;764,4;BR-040/MG;Norte;Choque c/ Objeto Fixo;1;0;0;0;0;1;0;0;0;0;1;2;0;0;0
21/02/2021;16:29:00;143;Acidente sem Vítimas;705,2;BR-040/MG;Norte;Capotamento;2;0;0;0;0;0;0;0;0;0;0;0;0;0;0
21/02/2021;16:51:00;145;Acidente com Vítimas;716,5;BR-040/MG;Norte;Choque c/ Objeto Fixo;2;0;0;0;0;1;0;0;0;0;1;3;0;0;0
21/02/2021;17:24:00;154;Acidente com Vítimas;36,9;BR-040/GO;Sul;Outros;0;0;1;0;0;1;0;0;0;0;2;0;0;0;0
21/02/2021;18:08:00;163;Acidente sem Vítimas;601,15;BR-040/MG;Norte;Colisão lateral;2;0;0;0;1;0;0;0;0;0;4;0;0;0;0
21/02/2021;18:31:00;168;Acidente Fatal;520,122;BR-040/MG;Norte;Choque c/ Objeto Fixo;0;0;0;0;0;3;0;0;0;0;0;0;0;1;1
21/02/2021;18:32:00;169;Acidente sem Vítimas;151,95;BR-040/MG;Sul;Colisão frontal;1;0;3;0;0;0;0;0;0;0;3;0;0;0;0
21/02/2021;19:26:00;178;Acidente sem Vítimas;727,4;BR-040/MG;Norte;Choque c/ Objeto Fixo;0;0;0;0;0;2;0;0;0;0;1;0;0;0;0
21/02/2021;21:08:00;204;Acidente sem Vítimas;2,3;BR-040/GO;Norte;Choque com objeto;1;0;0;1;0;0;0;0;0;0;2;0;0;0;0
21/02/2021;21:40:00;208;Acidente com Vítimas;5,2;BR-040/DF;Norte;Colisão traseira;3;0;1;0;0;0;0;0;0;0;1;1;0;0;0
21/02/2021;22:05:00;213;Acidente sem Vítimas;632,3;BR-040/MG;Sul;Colisão lateral;0;0;0;0;1;1;0;0;0;0;1;0;0;0;0
21/02/2021;22:31:00;217;Acidente sem Vítimas;521,8;BR-040/MG;Norte;Capotamento;2;0;0;0;0;0;0;0;0;0;0;0;0;0;0
21/02/2021;22:54:00;221;Acidente sem Vítimas;627,1;BR-040/MG;Norte;Choque c/ Objeto Fixo;1;0;0;0;0;0;0;0;0;0;1;0;0;0;0
22/02/2021;05:48:00;80;Acidente sem Vítimas;505,2;BR-040/MG;Norte;Choque c/ Objeto Fixo;2;0;0;0;0;0;0;0;0;0;1;0;0;0;0
22/02/2021;06:50:00;91;Acidente sem Vítimas;500,4;BR-040/MG;Norte;Choque c/ Objeto Fixo;2;0;2;0;0;0;0;0;0;0;2;0;0;0;0
22/02/2021;07:03:00;93;Acidente sem Vítimas;766,1;BR-040/MG;Sul;Colisão traseira;2;0;1;1;0;0;0;0;0;0;2;0;0;0;0
22/02/2021;08:01:00;104;Acidente sem Vítimas;509,5;BR-040/MG;Sul;Colisão lateral;2;0;0;0;0;0;0;0;0;0;2;0;0;0;0
22/02/2021;08:53:00;115;Acidente com Vítimas;149,8;BR-040/GO;Sul;Capotamento;1;0;0;0;0;0;0;0;0;0;0;1;2;0;0
22/02/2021;11:27:00;152;Acidente sem Vítimas;549,2;BR-040/MG;Norte;Colisão traseira;0;0;0;1;0;1;0;0;0;0;2;0;0;0;0
22/02/2021;12:18:00;159;Acidente sem Vítimas;727,6;BR-040/MG;Sul;Choque c/ Objeto Fixo;2;0;0;0;0;0;0;0;0;0;1;0;0;0;0
22/02/2021;12:44:00;164;Acidente com Vítimas;699,1;BR-040/MG;Norte;Tombamento de Moto;0;0;0;1;0;0;0;0;0;0;0;1;0;0;0
22/02/2021;14:35:00;184;Acidente com Vítimas;648,1;BR-040/MG;Sul;Colisão traseira;2;0;2;0;0;0;0;0;0;0;1;1;0;0;0
22/02/2021;15:32:00;194;Acidente com Vítimas;750,15;BR-040/MG;Norte;Colisão frontal;1;0;0;1;0;0;0;0;0;0;1;0;1;0;0
22/02/2021;15:49:00;201;Acidente sem Vítimas;460,2;BR-040/MG;Sul;Choque c/ Objeto Fixo;0;0;0;0;0;2;0;0;0;0;1;0;0;0;0
22/02/2021;15:54:00;202;Acidente sem Vítimas;507,3;BR-040/MG;Norte;Choque c/ Objeto Fixo;2;0;0;0;0;0;0;0;0;0;1;0;0;0;0
22/02/2021;16:14:00;208;Acidente sem Vítimas;42,94;BR-040/MG;Norte;Colisão lateral;1;0;0;0;0;1;0;0;0;0;0;0;0;0;0
22/02/2021;17:33:00;217;Acidente sem Vítimas;751,8;BR-040/MG;Sul;Choque c/ Objeto Fixo;2;0;0;0;0;0;0;0;0;0;3;0;0;0;0
22/02/2021;22:10:00;268;Acidente sem Vítimas;707,7;BR-040/MG;Sul;Colisão traseira;0;0;2;0;0;0;0;0;0;0;2;0;0;0;0
22/02/2021;22:13:00;269;Acidente sem Vítimas;2,8;BR-040/DF;Norte;Colisão traseira;1;0;0;0;0;1;0;0;0;0;3;0;0;0;0
22/02/2021;23:00:00;277;Acidente com Vítimas;479,2;BR-040/MG;Norte;Choque com objeto;0;0;0;3;0;0;0;0;0;0;1;1;0;0;0
22/02/2021;23:07:00;280;Acidente sem Vítimas;517,2;BR-040/MG;Sul;Choque c/ Objeto Fixo;1;0;0;0;0;0;0;0;0;0;1;0;0;0;0
23/02/2021;07:28:00;88;Acidente com Vítimas;8,1;BR-040/GO;Sul;Colisão lateral;0;0;0;1;0;1;0;0;0;0;2;1;0;0;0
23/02/2021;08:34:00;101;Acidente com Vítimas;4,4;BR-040/DF;Sul;Colisão lateral;0;0;0;2;0;0;0;0;0;0;2;2;0;0;0
23/02/2021;09:18:00;109;Acidente sem Vítimas;6,15;BR-040/DF;Norte;Colisão lateral;0;0;0;0;0;2;0;0;0;0;0;0;0;0;0
23/02/2021;09:38:00;115;Acidente com Vítimas;5,9;BR-040/DF;Norte;Colisão lateral;1;0;0;1;0;0;0;0;0;0;2;0;1;0;0
23/02/2021;09:59:00;118;Acidente sem Vítimas;7,5;BR-040/DF;Norte;Colisão traseira;1;0;0;0;0;1;0;0;0;0;0;0;0;0;0
23/02/2021;10:49:00;131;Acidente com Vítimas;467,1;BR-040/MG;Sul;Capotamento;1;0;0;0;0;1;0;0;0;0;0;1;0;0;0
23/02/2021;13:14:00;157;Acidente sem Vítimas;503,496;BR-040/MG;Sul;Capotamento;1;0;0;0;0;1;0;0;0;0;1;0;0;0;0
23/02/2021;13:34:00;163;Acidente sem Vítimas;464,196;BR-040/MG;Norte;Colisão traseira;0;0;1;0;1;2;0;0;0;0;2;0;0;0;0
23/02/2021;13:52:00;167;Acidente com Vítimas;607,2;BR-040/MG;Norte;Colisão lateral;0;0;0;1;0;0;0;0;0;0;1;0;1;0;0
23/02/2021;13:58:00;172;Acidente sem Vítimas;518;BR-040/MG;Sul;Colisão traseira;0;0;1;0;0;2;0;0;0;0;2;0;0;0;0
23/02/2021;15:15:00;183;Acidente com Vítimas;310,5;BR-040/MG;Sul;Colisão transversal;4;0;0;0;0;0;0;0;0;0;77;0;1;1;0
23/02/2021;15:34:00;193;Acidente sem Vítimas;516,4;BR-040/MG;Norte;Colisão transversal;3;0;0;0;0;0;0;0;0;0;1;0;0;0;0
23/02/2021;21:38:00;260;Acidente Fatal;16,1;BR-040/GO;Norte;Atropelamento de Pedestre;0;0;0;1;0;0;0;0;0;0;0;0;1;0;1
23/02/2021;23:49:00;272;Acidente sem Vítimas;490,3;BR-040/MG;Norte;Atropelamento de Animal;0;0;0;0;1;0;0;0;0;0;2;0;0;0;0
24/02/2021;01:53:00;62;Acidente Fatal;482,5;BR-040/MG;Norte;Atropelamento de Pedestre;0;0;0;0;0;1;0;0;0;0;0;0;0;0;0
24/02/2021;13:46:00;197;Acidente com Vítimas;553,18;BR-040/MG;Sul;Colisão traseira;0;0;1;1;0;0;0;0;0;0;1;0;0;1;0
24/02/2021;16:20:00;228;Acidente Fatal;446,82;BR-040/MG;Norte;Colisão transversal;0;0;0;0;0;1;0;0;0;0;1;0;0;0;1
24/02/2021;21:38:00;303;Acidente sem Vítimas;705,1;BR-040/MG;Sul;Queda Veículo;1;0;0;0;0;0;0;0;0;0;2;0;0;0;0
24/02/2021;22:32:00;309;Acidente sem Vítimas;506,15;BR-040/MG;Sul;Atropelamento de Animal;1;0;0;0;0;0;0;0;0;0;1;0;0;0;0
24/02/2021;22:54:00;312;Acidente sem Vítimas;111,3;BR-040/MG;Sul;Colisão traseira;0;0;0;0;2;1;0;0;0;0;2;0;0;0;0
25/02/2021;05:23:00;97;Acidente sem Vítimas;549,3;BR-040/MG;Norte;Colisão traseira;0;0;2;0;0;0;0;0;0;0;2;0;0;0;0