data;horario;n_da_ocorrencia;tipo_de_ocorrencia;km;trecho;sentido;tipo_de_acidente;automovel;bicicleta;caminhao;moto;onibus;outros;tracao_animal;transporte_de_cargas_especiais;trator_maquinas;utilitarios;ilesos;levemente_feridos;moderadamente_feridos;gravemente_feridos;mortos
25/02/2021;05:47:00;98;Acidente sem Vítimas;588,9;BR-040/MG;Sul;Atropelamento de Animal;1;0;0;0;0;0;0;0;0;0;4;0;0;0;0
25/02/2021;06:42:00;116;Acidente sem Vítimas;2,5;BR-040/GO;Norte;Colisão traseira;1;0;0;0;0;2;0;0;0;0;0;0;0;0;0
25/02/2021;06:49:00;117;Acidente sem Vítimas;462,9;BR-040/MG;Sul;Choque c/ Objeto Fixo;0;0;0;0;0;1;0;0;0;0;1;0;0;0;0
25/02/2021;07:36:00;139;Acidente sem Vítimas;588,4;BR-040/MG;Norte;Choque c/ Objeto Fixo;0;0;0;0;0;1;0;0;0;0;1;0;0;0;0
25/02/2021;08:10:00;138;Acidente com Vítimas;518,76;BR-040/MG;Norte;Capotamento;2;0;1;0;0;0;0;0;0;0;1;0;3;0;0
25/02/2021;16:37:00;241;Acidente sem Vítimas;208,3;BR-040/MG;Sul;Outros;1;0;0;0;0;0;0;0;0;0;4;0;0;0;0
26/02/2021;05:23:00;89;Acidente sem Vítimas;13,5;BR-040/GO;Sul;Capotamento;1;0;0;0;0;0;0;0;0;0;0;0;0;0;0
26/02/2021;05:59:00;95;Acidente sem Vítimas;681,95;BR-040/MG;Norte;Colisão traseira;2;0;0;0;0;2;0;0;0;0;1;0;0;0;0
26/02/2021;06:36:00;106;Acidente com Vítimas;4,1;BR-040/DF;Norte;Colisão lateral;0;0;0;1;0;0;0;0;0;0;0;0;0;0;0
26/02/2021;07:14:00;121;Acidente com Vítimas;34;BR-040/GO;Norte;Outros;0;0;0;0;0;0;0;0;0;0;0;1;0;0;0
26/02/2021;08:11:00;135;Acidente sem Vítimas;764,1;BR-040/MG;Sul;Choque c/ Objeto Fixo;1;0;0;0;0;0;0;0;0;0;2;0;0;0;0
26/02/2021;08:27:00;140;Acidente sem Vítimas;518,5;BR-040/MG;Sul;Colisão traseira;1;0;0;0;0;1;0;0;0;0;2;0;0;0;0
26/02/2021;09:17:00;146;Acidente com Vítimas;543,99;BR-040/MG;Norte;Colisão traseira;1;0;0;0;1;0;0;0;0;0;2;0;0;0;0
26/02/2021;13:04:00;194;Acidente sem Vítimas;494,963;BR-040/MG;Sul;Choque c/ Objeto Fixo;1;0;0;0;0;0;0;0;0;0;1;0;0;0;0
26/02/2021;13:49:00;202;Acidente com Vítimas;635,5;BR-040/MG;Norte;Outros;7;0;1;0;0;1;0;0;0;0;4;1;1;0;0
26/02/2021;14:01:00;207;Acidente com Vítimas;750,5;BR-040/MG;Norte;Capotamento;1;0;0;0;0;0;0;0;0;0;1;1;0;0;0
26/02/2021;14:10:00;211;Acidente sem Vítimas;442,3;BR-040/MG;Sul;Choque c/ Objeto Fixo;0;0;0;0;0;1;0;0;0;0;1;0;0;0;0
26/02/2021;14:25:00;217;Acidente sem Vítimas;501,3;BR-040/MG;Norte;Choque c/ Objeto Fixo;2;0;0;0;0;0;0;0;0;0;1;0;0;0;0
26/02/2021;14:35:00;219;Acidente sem Vítimas;570,15;BR-040/MG;Norte;Colisão traseira;2;0;0;0;0;0;0;0;0;0;3;0;0;0;0
26/02/2021;14:42:00;221;Acidente sem Vítimas;586,1;BR-040/MG;Sul;Colisão traseira;1;0;0;0;0;1;0;0;0;0;0;0;0;0;0
26/02/2021;15:38:00;226;Acidente sem Vítimas;506,5;BR-040/MG;Norte;Colisão traseira;1;0;1;0;0;1;0;0;0;0;2;0;0;0;0
26/02/2021;16:14:00;231;Acidente sem Vítimas;234,5;BR-040/MG;Norte;Outros;1;0;0;0;0;0;0;0;0;0;0;0;0;0;0
26/02/2021;16:31:00;238;Acidente com Vítimas;517,1;BR-040/MG;Sul;Colisão lateral;0;0;0;0;1;2;0;0;0;0;2;1;0;0;0
26/02/2021;16:34:00;240;Acidente sem Vítimas;716,2;BR-040/MG;Norte;Choque c/ Objeto Fixo;3;0;0;0;0;0;0;0;0;0;4;0;0;0;0
26/02/2021;16:49:00;245;Acidente sem Vítimas;735,2;BR-040/MG;Norte;Capotamento;0;0;0;0;0;2;0;0;0;0;1;0;0;0;0
26/02/2021;17:00:00;247;Acidente sem Vítimas;447,8;BR-040/MG;Norte;Choque c/ Objeto Fixo;1;0;0;0;0;1;0;0;0;0;1;0;0;0;0
26/02/2021;17:01:00;246;Acidente sem Vítimas;615,1;BR-040/MG;Sul;Choque c/ Objeto Fixo;0;0;0;0;0;0;0;0;0;1;1;0;0;0;0
26/02/2021;17:45:00;254;Acidente sem Vítimas;551,5;BR-040/MG;Norte;Colisão traseira;1;0;0;0;0;0;0;0;0;0;1;0;0;0;0
26/02/2021;18:10:00;260;Acidente sem Vítimas;767,7;BR-040/MG;Sul;Capotamento;1;0;0;0;0;1;0;0;0;0;2;0;0;0;0
26/02/2021;18:13:00;261;Acidente com Vítimas;465,3;BR-040/MG;Norte;Engavetamento;4;0;0;0;1;0;0;0;0;0;18;1;0;0;0
26/02/2021;18:31:00;271;Acidente sem Vítimas;752,5;BR-040/MG;Sul;Capotamento;1;0;0;0;0;0;0;0;0;0;1;0;0;0;0
26/02/2021;18:40:00;274;Acidente sem Vítimas;632,5;BR-040/MG;Sul;Colisão transversal;2;0;0;0;0;0;0;0;0;0;2;0;0;0;0
26/02/2021;18:49:00;278;Acidente sem Vítimas;534,15;BR-040/MG;Sul;Engavetamento;1;0;0;0;0;2;0;0;0;0;3;0;0;0;0
26/02/2021;19:01:00;280;Acidente sem Vítimas;76,5;BR-040/MG;Norte;Choque c/ Objeto Fixo;0;0;0;0;0;3;0;0;0;0;0;0;0;0;0
26/02/2021;20:07:00;296;Acidente sem Vítimas;583,5;BR-040/MG;Norte;Choque c/ Objeto Fixo;1;0;0;0;0;1;0;0;0;0;1;0;0;0;0
26/02/2021;21:15:00;313;Acidente sem Vítimas;680,3;BR-040/MG;Sul;Choque c/ Objeto Fixo;1;0;0;0;0;0;0;0;0;0;1;0;0;0;0
26/02/2021;21:40:00;318;Acidente sem Vítimas;466,15;BR-040/MG;Norte;Choque c/ Objeto Fixo;2;0;0;0;0;0;0;0;0;0;1;0;0;0;0
26/02/2021;21:44:00;317;Acidente sem Vítimas;748,5;BR-040/MG;Sul;Colisão traseira;3;0;0;0;0;0;0;0;0;0;2;0;0;0;0
26/02/2021;22:33:00;327;Acidente sem Vítimas;15,4;BR-040/GO;Norte;Atropelamento de Animal;0;0;1;0;0;1;0;0;0;0;0;0;0;0;0
26/02/2021;23:46:00;343;Acidente sem Vítimas;405,15;BR-040/MG;Norte;Colisão traseira;1;0;1;0;0;0;0;0;0;0;3;0;0;0;0
27/02/2021;00:38:00;2;Acidente sem Vítimas;440,15;BR-040/MG;Norte;Choque c/ Objeto Fixo;1;0;0;0;0;0;0;0;0;0;1;0;0;0;0
27/02/2021;02:31:00;15;Acidente com Vítimas;552,25;BR-040/MG;Sul;Capotamento;2;0;0;0;0;0;0;0;0;0;0;2;2;0;0
27/02/2021;03:52:00;18;Acidente sem Vítimas;749,5;BR-040/MG;Sul;Capotamento;1;0;0;0;0;0;0;0;0;0;2;0;0;0;0
27/02/2021;07:03:00;26;Acidente sem Vítimas;130,1;BR-040/MG;Sul;Colisão lateral;1;0;0;1;0;0;0;0;0;0;0;0;0;0;0
27/02/2021;07:13:00;29;Acidente com Vítimas;544,11;BR-040/MG;Norte;Tombamento de Moto;0;0;0;2;0;0;0;0;0;0;0;1;0;0;0
27/02/2021;07:18:00;31;Acidente sem Vítimas;130,1;BR-040/MG;Sul;Colisão traseira;1;0;0;0;0;1;0;0;0;0;0;0;0;0;0
27/02/2021;07:51:00;36;Acidente sem Vítimas;143,9;BR-040/GO;Norte;Outros;0;0;0;0;0;1;0;0;0;0;0;0;0;0;0
27/02/2021;07:59:00;37;Acidente com Vítimas;122,5;BR-040/MG;Norte;Choque c/ Objeto Fixo;1;0;0;0;0;0;0;0;0;0;0;0;1;0;0
27/02/2021;08:00:00;38;Acidente com Vítimas;572,75;BR-040/MG;Sul;Colisão transversal;2;0;0;0;0;0;0;0;0;0;0;3;2;0;0
27/02/2021;09:56:00;56;Acidente com Vítimas;5,4;BR-040/DF;Norte;Colisão lateral;0;0;0;0;0;2;0;0;0;0;0;0;0;0;0
27/02/2021;10:24:00;65;Acidente sem Vítimas;413,6;BR-040/MG;Norte;Colisão transversal;3;0;0;0;0;0;0;0;0;0;2;0;0;0;0
27/02/2021;15:34:00;102;Acidente com Vítimas;449,35;BR-040/MG;Norte;Tombamento de Moto;0;0;0;1;0;0;0;0;0;0;0;1;0;0;0
27/02/2021;17:56:00;124;Acidente com Vítimas;611,4;BR-040/MG;Norte;Colisão frontal;4;0;0;0;0;0;0;0;0;0;4;1;1;1;0
27/02/2021;19:41:00;159;Acidente sem Vítimas;589,9;BR-040/MG;Sul;Capotamento;1;0;0;0;0;1;0;0;0;0;1;0;0;0;0
27/02/2021;23:52:00;200;Acidente sem Vítimas;9,6;BR-040/GO;Sul;Choque com objeto;3;0;0;1;0;0;0;0;0;0;2;0;0;0;0
01/03/2021;00:39:00;31;Acidente com Vítimas;523,1;BR-040/MG;Sul;Capotamento;1;0;0;0;0;0;0;0;0;0;1;1;0;0;0
01/03/2021;05:38:00;98;Acidente com Vítimas;511,3;BR-040/MG;Sul;Tombamento de Moto;0;0;0;2;0;0;0;0;0;0;0;0;0;0;0
01/03/2021;06:46:00;114;Acidente sem Vítimas;746,36;BR-040/MG;Sul;Colisão traseira;0;0;0;0;0;5;0;0;0;0;2;0;0;0;0
01/03/2021;09:18:00;157;Acidente com Vítimas;5,9;BR-040/DF;Norte;Colisão lateral;2;0;0;1;0;0;0;0;0;0;1;1;0;0;0
01/03/2021;09:59:00;166;Acidente sem Vítimas;583,1;BR-040/MG;Norte;Colisão lateral;4;0;2;0;0;0;0;0;0;0;4;0;0;0;0
01/03/2021;11:49:00;183;Acidente com Vítimas;2,3;BR-040/GO;Norte;Tombamento de Moto;1;0;0;1;0;1;0;0;0;0;0;1;0;0;0
01/03/2021;12:21:00;189;Acidente com Vítimas;50,6;BR-040/GO;Sul;Colisão lateral;2;0;0;0;0;1;0;0;0;0;2;1;0;0;0
01/03/2021;14:11:00;217;Acidente com Vítimas;149,2;BR-040/MG;Sul;Capotamento;2;0;0;0;0;0;0;0;0;0;2;1;0;0;0
01/03/2021;14:38:00;221;Acidente sem Vítimas;635,125;BR-040/MG;Sul;Engavetamento;3;0;0;0;0;1;0;0;0;0;3;0;0;0;0
01/03/2021;16:58:00;248;Acidente sem Vítimas;12,5;BR-040/GO;Norte;Colisão transversal;3;0;0;0;0;0;0;0;0;0;2;0;0;0;0
01/03/2021;19:15:00;275;Acidente com Vítimas;669,5;BR-040/MG;Norte;Colisão transversal;2;0;0;1;0;0;0;0;0;0;3;0;2;0;0
02/03/2021;06:14:00;99;Acidente sem Vítimas;706,6;BR-040/MG;Norte;Choque c/ Objeto Fixo;1;0;0;0;0;0;0;0;0;0;1;0;0;0;0
02/03/2021;07:07:00;117;Acidente com Vítimas;527;BR-040/MG;Sul;Outros;1;0;0;1;0;1;0;0;0;0;0;0;0;0;0
02/03/2021;12:00:00;182;Acidente sem Vítimas;3,3;BR-040/GO;Norte;Choque c/ Objeto Fixo;1;0;0;0;0;0;0;0;0;0;1;0;0;0;0
02/03/2021;13:18:00;191;Acidente sem Vítimas;534,15;BR-040/MG;Sul;Colisão traseira;0;0;0;1;0;0;0;0;0;0;0;0;1;0;0
02/03/2021;13:56:00;199;Acidente sem Vítimas;508,8;BR-040/MG;Sul;Colisão lateral;2;0;0;0;1;1;0;0;0;0;4;0;0;0;0
02/03/2021;14:43:00;208;Acidente sem Vítimas;17,1;BR-040/GO;Norte;Capotamento;2;0;0;0;0;0;0;0;0;0;0;1;0;0;0
02/03/2021;16:35:00;227;Acidente com Vítimas;576,9;BR-040/MG;Sul;Choque c/ Objeto Fixo;0;0;0;0;0;4;0;0;0;0;0;0;1;0;0
02/03/2021;18:18:00;248;Acidente sem Vítimas;535,8;BR-040/MG;Norte;Engavetamento;3;0;0;0;0;2;0;0;0;0;3;0;0;0;0
02/03/2021;23:53:00;323;Acidente sem Vítimas;518,1;BR-040/MG;Sul;Choque c/ Objeto Fixo;0;0;3;0;0;0;0;0;0;0;1;0;0;0;0
03/03/2021;07:33:00;134;Acidente Fatal;436,6;BR-040/MG;Norte;Colisão transversal;2;0;1;1;0;0;0;0;0;0;0;0;0;0;1
03/03/2021;08:28:00;148;Acidente sem Vítimas;540,2;BR-040/MG;Sul;Colisão lateral;1;0;0;0;1;0;0;0;0;0;0;0;0;0;0
03/03/2021;10:27:00;184;Acidente sem Vítimas;649,5;BR-040/MG;Norte;Colisão transversal;2;0;0;0;0;0;0;0;0;0;2;0;0;0;0
03/03/2021;12:18:00;200;Acidente sem Vítimas;617,1;BR-040/MG;Sul;Colisão lateral;0;0;0;0;2;0;0;0;0;0;0;0;0;0;0
03/03/2021;14:12:00;216;Acidente com Vítimas;511,8;BR-040/MG;Norte;Colisão traseira;0;0;0;1;0;0;0;0;0;1;1;0;1;0;0
03/03/2021;14:43:00;226;Acidente com Vítimas;522,2;BR-040/MG;Sul;Tombamento de Moto;0;0;0;1;0;0;0;0;0;0;0;0;1;0;0
03/03/2021;17:14:00;255;Acidente com Vítimas;315,9;BR-040/MG;Norte;Colisão lateral;3;0;0;0;0;0;0;0;0;0;2;1;1;0;0
03/03/2021;19:06:00;289;Acidente com Vítimas;141,7;BR-040/MG;Sul;Atropelamento de Pedestre;0;0;0;1;0;0;0;0;0;0;1;0;2;0;0
04/03/2021;06:23:00;99;Acidente sem Vítimas;282,5;BR-040/MG;Sul;Colisão lateral;2;0;0;0;0;0;0;0;0;0;1;0;0;0;0
04/03/2021;07:14:00;117;Acidente com Vítimas;561,8;BR-040/MG;Norte;Colisão traseira;1;1;1;0;0;0;0;0;0;0;0;0;1;0;0
04/03/2021;07:58:00;126;Acidente com Vítimas;5,1;BR-040/DF;Sul;Colisão traseira;1;0;2;0;0;1;0;0;0;0;2;1;0;0;0
04/03/2021;08:06:00;129;Acidente sem Vítimas;4,8;BR-040/DF;Norte;Queda Veículo;2;0;0;1;0;0;0;0;0;0;2;1;0;0;0
04/03/2021;11:01:00;163;Acidente sem Vítimas;534,5;BR-040/MG;Sul;Colisão traseira;2;0;0;1;0;0;0;0;0;0;1;0;0;0;0
04/03/2021;15:08:00;198;Acidente com Vítimas;623,6;BR-040/MG;Sul;Tombamento de Moto;0;0;0;2;0;0;0;0;0;0;1;1;0;0;0
04/03/2021;15:35:00;205;Acidente com Vítimas;476,2;BR-040/MG;Norte;Choque c/ Objeto Fixo;2;0;0;0;0;0;0;0;0;0;0;0;1;0;0
04/03/2021;17:15:00;221;Acidente sem Vítimas;511,2;BR-040/MG;Sul;Tombamento de Moto;0;0;0;1;0;1;0;0;0;0;0;0;0;0;0
04/03/2021;19:57:00;270;Acidente sem Vítimas;466,25;BR-040/MG;Norte;Queda Veículo;2;0;0;0;0;0;0;0;0;0;1;0;0;0;0
04/03/2021;21:25:00;293;Acidente sem Vítimas;405,15;BR-040/MG;Norte;Outros;1;0;0;0;1;0;0;0;0;0;5;0;0;0;0
04/03/2021;23:17:00;315;Acidente sem Vítimas;621,4;BR-040/MG;Sul;Choque c/ Objeto Fixo;1;0;0;0;0;1;0;0;0;0;0;0;0;0;0
05/03/2021;00:07:00;1;Acidente com Vítimas;9,1;BR-040/GO;Sul;Colisão traseira;2;0;2;0;0;0;0;0;0;0;2;0;1;0;0
05/03/2021;08:49:00;161;Acidente sem Vítimas;532;BR-040/MG;Sul;Colisão traseira;0;0;2;0;0;1;0;0;0;0;1;0;0;0;0
05/03/2021;09:11:00;165;Acidente sem Vítimas;542,3;BR-040/MG;Sul;Engavetamento;2;0;4;0;0;1;0;0;0;0;4;1;0;0;0
05/03/2021;10:04:00;184;Acidente sem Vítimas;532,88;BR-040/MG;Sul;Colisão traseira;3;0;0;0;0;0;0;0;0;0;2;0;0;0;0
05/03/2021;11:03:00;192;Acidente sem Vítimas;508,3;BR-040/MG;Sul;Capotamento;1;0;0;0;0;1;0;0;0;0;2;0;0;0;0
05/03/2021;14:24:00;236;Acidente com Vítimas;506,5;BR-040/MG;Norte;Engavetamento;2;0;0;2;0;0;0;0;0;0;3;1;0;0;0
05/03/2021;17:54:00;286;Acidente sem Vítimas;505,1;BR-040/MG;Norte;Colisão traseira;0;0;1;1;0;1;0;0;0;0;1;0;0;0;0
05/03/2021;20:35:00;331;Acidente sem Vítimas;448,15;BR-040/MG;Norte;Colisão lateral;2;0;1;0;0;0;0;0;0;0;5;0;0;0;0
05/03/2021;20:39:00;330;Acidente com Vítimas;262,2;BR-040/MG;Sul;Colisão frontal;2;0;0;0;0;0;0;0;0;0;2;1;3;1;0
05/03/2021;21:30:00;340;Acidente sem Vítimas;93,1;BR-040/GO;Sul;Choque c/ Objeto Fixo;0;0;0;0;1;0;0;0;0;0;1;0;0;0;0
05/03/2021;22:02:00;347;Acidente sem Vítimas;444,15;BR-040/MG;Norte;Choque c/ Objeto Fixo;0;0;0;1;0;0;0;0;0;0;1;0;0;0;0
05/03/2021;23:35:00;365;Acidente sem Vítimas;718,2;BR-040/MG;Norte;Capotamento;1;0;0;0;0;0;0;0;0;0;2;0;0;0;0
06/03/2021;05:00:00;33;Acidente com Vítimas;459,9;BR-040/MG;Sul;Colisão traseira;1;0;2;0;0;2;0;0;0;0;1;1;0;2;0
06/03/2021;06:54:00;56;Acidente sem Vítimas;469,5;BR-040/MG;Norte;Choque c/ Objeto Fixo;2;0;0;0;0;0;0;0;0;0;1;0;0;0;0
06/03/2021;09:28:00;95;Acidente com Vítimas;0,6;BR-040/GO;Sul;Tombamento de Moto;0;0;0;2;0;0;0;0;0;0;0;1;0;0;0
06/03/2021;09:41:00;98;Acidente sem Vítimas;621,2;BR-040/MG;Sul;Choque c/ Objeto Fixo;0;0;0;0;0;2;0;0;0;0;1;0;0;0;0
06/03/2021;11:22:00;118;Acidente sem Vítimas;91,295;BR-040/MG;Sul;Choque c/ Objeto Fixo;0;0;2;0;0;0;0;0;0;0;1;0;0;0;0
06/03/2021;11:51:00;123;Acidente sem Vítimas;5,5;BR-040/DF;Norte;Colisão traseira;4;0;0;0;0;0;0;0;0;0;3;0;0;0;0
06/03/2021;12:22:00;130;Acidente com Vítimas;533,3;BR-040/MG;Norte;Colisão traseira;1;0;0;1;0;1;0;0;0;0;1;1;0;0;0
06/03/2021;12:39:00;135;Acidente sem Vítimas;3,2;BR-040/GO;Norte;Colisão traseira;2;0;0;0;0;0;0;0;0;0;1;0;0;0;0
06/03/2021;13:24:00;144;Acidente com Vítimas;543,7;BR-040/MG;Sul;Tombamento de Moto;0;0;0;1;0;1;0;0;0;0;1;1;1;0;0
06/03/2021;14:03:00;154;Acidente com Vítimas;215,5;BR-040/MG;Norte;Choque c/ Objeto Fixo;4;0;0;0;0;0;0;0;0;0;0;1;0;0;0
06/03/2021;14:58:00;167;Acidente com Vítimas;543,26;BR-040/MG;Norte;Colisão traseira;2;0;0;0;1;0;0;0;0;0;1;1;1;0;0
06/03/2021;16:12:00;192;Acidente sem Vítimas;77,2;BR-040/MG;Norte;Choque c/ Objeto Fixo;1;0;0;0;0;0;0;0;0;0;1;0;0;0;0
06/03/2021;18:11:00;223;Acidente sem Vítimas;178,5;BR-040/MG;Sul;Choque com objeto;1;0;0;0;0;1;0;0;0;0;1;0;0;0;0
06/03/2021;18:21:00;224;Acidente sem Vítimas;122,1;BR-040/MG;Sul;Choque com objeto;0;0;0;0;0;1;0;0;0;0;1;0;0;0;0
06/03/2021;19:04:00;238;Acidente sem Vítimas;504,2;BR-040/MG;Norte;Choque c/ Objeto Fixo;1;0;1;0;0;0;0;0;0;0;3;0;0;0;0
06/03/2021;20:04:00;257;Acidente sem Vítimas;510,5;BR-040/MG;Sul;Choque c/ Objeto Fixo;1;0;0;0;0;0;0;0;0;0;1;0;0;0;0
06/03/2021;20:47:00;267;Acidente sem Vítimas;527,3;BR-040/MG;Sul;Colisão traseira;1;0;0;1;0;1;0;0;0;0;7;0;0;0;0
06/03/2021;22:47:00;288;Acidente sem Vítimas;741,6;BR-040/MG;Sul;Outros;1;0;0;0;0;1;0;0;0;0;1;0;0;0;0
07/03/2021;02:33:00;19;Acidente sem Vítimas;503,8;BR-040/MG;Norte;Choque c/ Objeto Fixo;0;0;0;0;0;1;0;0;0;0;1;0;0;0;0
07/03/2021;02:45:00;21;Acidente sem Vítimas;510,1;BR-040/MG;Sul;Choque c/ Objeto Fixo;2;0;0;0;0;0;0;0;0;0;4;0;0;0;0
07/03/2021;03:33:00;25;Acidente com Vítimas;464,12;BR-040/MG;Sul;Capotamento;1;0;0;0;0;1;0;0;0;0;1;0;2;0;0
07/03/2021;05:33:00;39;Acidente Fatal;524,55;BR-040/MG;Norte;Atropelamento de Pedestre;0;0;0;0;2;0;0;0;0;0;0;0;0;0;1
07/03/2021;14:14:00;116;Acidente com Vítimas;70,3;BR-040/MG;Norte;Capotamento;2;0;0;0;0;2;0;0;0;0;0;1;0;0;0
07/03/2021;15:25:00;132;Acidente sem Vítimas;651,12;BR-040/MG;Sul;Choque c/ Objeto Fixo;1;0;0;0;0;1;0;0;0;0;1;0;0;0;0
07/03/2021;15:54:00;136;Acidente sem Vítimas;736,9;BR-040/MG;Sul;Choque c/ Objeto Fixo;2;0;0;0;0;0;0;0;0;0;1;0;0;0;0
07/03/2021;16:05:00;137;Acidente sem Vítimas;47,1;BR-040/MG;Norte;Choque com objeto;0;0;0;0;2;0;0;0;0;0;1;0;0;0;0
07/03/2021;16:05:00;215;Acidente sem Vítimas;47,1;BR-040/MG;Norte;Choque com objeto;0;0;0;0;1;0;0;0;0;0;1;0;0;0;0
07/03/2021;16:08:00;138;Acidente com Vítimas;639,1;BR-040/MG;Sul;Capotamento;2;0;0;0;0;0;0;0;0;0;0;2;0;0;0
07/03/2021;16:32:00;144;Acidente sem Vítimas;643,1;BR-040/MG;Norte;Choque c/ Objeto Fixo;1;0;0;0;0;0;0;0;0;0;1;0;0;0;0
07/03/2021;17:36:00;157;Acidente sem Vítimas;354,7;BR-040/MG;Norte;Choque com objeto;1;1;0;0;0;0;0;0;0;0;2;0;0;0;0
07/03/2021;18:09:00;166;Acidente sem Vítimas;515,15;BR-040/MG;Sul;Colisão traseira;3;0;0;0;0;0;0;0;0;0;5;0;0;0;0
07/03/2021;18:37:00;172;Acidente sem Vítimas;740,6;BR-040/MG;Norte;Choque c/ Objeto Fixo;1;0;0;0;0;0;0;0;0;0;4;0;0;0;0
07/03/2021;19:41:00;191;Acidente com Vítimas;57,95;BR-040/MG;Sul;Colisão traseira;1;1;0;0;0;0;0;0;0;0;1;1;0;0;0
07/03/2021;23:07:00;232;Acidente sem Vítimas;728,5;BR-040/MG;Sul;Colisão traseira;1;0;0;0;0;1;0;0;0;0;5;0;0;0;0
07/03/2021;23:34:00;236;Acidente sem Vítimas;10,6;BR-040/GO;Norte;Colisão traseira;3;0;0;0;0;0;0;0;0;0;5;0;0;0;0
08/03/2021;06:02:00;116;Acidente sem Vítimas;570,2;BR-040/MG;Sul;Tombamento;0;0;1;0;0;1;0;0;0;0;1;0;0;0;0
08/03/2021;06:45:00;124;Acidente sem Vítimas;716,5;BR-040/MG;Norte;Choque c/ Objeto Fixo;3;0;0;0;0;0;0;0;0;0;2;0;0;0;0
08/03/2021;07:13:00;133;Acidente sem Vítimas;528,1;BR-040/MG;Sul;Engavetamento;0;0;0;0;1;4;0;0;0;0;5;0;0;0;0
08/03/2021;07:26:00;137;Acidente sem Vítimas;96,15;BR-040/MG;Sul;Colisão transversal;1;0;0;0;0;1;0;0;0;0;0;0;0;0;0
08/03/2021;07:28:00;139;Acidente sem Vítimas;736,2;BR-040/MG;Norte;Choque c/ Objeto Fixo;1;0;0;0;0;0;0;0;0;0;2;0;0;0;0
08/03/2021;07:46:00;149;Acidente sem Vítimas;622,22;BR-040/MG;Norte;Colisão traseira;2;0;0;0;0;0;0;0;0;0;1;0;0;0;0
08/03/2021;11:16:00;201;Acidente com Vítimas;632,2;BR-040/MG;Sul;Colisão transversal;1;0;0;1;0;0;0;0;0;0;1;0;1;0;0
08/03/2021;12:31:00;215;Acidente sem Vítimas;587,8;BR-040/MG;Norte;Choque c/ Objeto Fixo;2;0;0;0;0;1;0;0;0;0;0;0;0;0;0
08/03/2021;13:56:00;235;Acidente com Vítimas;537,2;BR-040/MG;Sul;Colisão frontal;1;0;0;1;0;1;0;0;0;0;1;1;0;0;0
08/03/2021;14:01:00;243;Acidente sem Vítimas;513,2;BR-040/MG;Sul;Colisão lateral;1;0;0;0;0;2;0;0;0;0;2;0;0;0;0
08/03/2021;14:12:00;244;Acidente sem Vítimas;581,8;BR-040/MG;Norte;Colisão traseira;0;0;2;0;0;0;0;0;0;0;1;0;0;0;0
08/03/2021;14:13:00;242;Acidente sem Vítimas;740,5;BR-040/MG;Norte;Colisão transversal;0;0;0;0;0;0;0;0;0;0;0;0;0;0;0
08/03/2021;15:32:00;256;Acidente sem Vítimas;542,2;BR-040/MG;Sul;Colisão traseira;0;0;0;1;1;0;0;0;0;0;1;0;0;0;0
08/03/2021;15:45:00;262;Acidente sem Vítimas;534,2;BR-040/MG;Sul;Colisão traseira;0;0;0;0;1;2;0;0;0;0;1;0;0;0;0
08/03/2021;15:52:00;281;Acidente sem Vítimas;534,2;BR-040/MG;Sul;Choque c/ Objeto Fixo;1;0;0;0;0;0;0;0;0;0;1;0;0;0;0
08/03/2021;15:57:00;267;Acidente sem Vítimas;738,5;BR-040/MG;Sul;Choque c/ Objeto Fixo;1;0;0;0;0;0;0;0;0;0;2;0;0;0;0
08/03/2021;16:09:00;271;Acidente sem Vítimas;752,2;BR-040/MG;Norte;Colisão traseira;0;0;0;0;1;0;0;0;0;1;4;0;0;0;0
08/03/2021;16:27:00;278;Acidente com Vítimas;743,12;BR-040/MG;Norte;Capotamento;2;0;0;0;0;1;0;0;0;0;1;2;3;0;0
08/03/2021;18:44:00;314;Acidente com Vítimas;522,3;BR-040/MG;Norte;Colisão traseira;1;0;0;0;1;1;0;0;0;0;4;2;1;0;0
08/03/2021;19:02:00;319;Acidente com Vítimas;628,4;BR-040/MG;Norte;Atropelamento de Pedestre;0;0;0;0;0;1;0;0;0;0;1;0;1;0;0
08/03/2021;20:16:00;332;Acidente com Vítimas;672,4;BR-040/MG;Sul;Tombamento;0;0;1;0;2;1;0;0;0;0;1;1;0;0;0
08/03/2021;20:39:00;338;Acidente com Vítimas;577,4;BR-040/MG;Norte;Choque c/ Objeto Fixo;0;0;1;0;0;1;0;0;0;0;1;0;1;0;0
08/03/2021;22:26:00;353;Acidente sem Vítimas;0,3;BR-040/DF;Norte;Colisão transversal;4;0;0;0;0;0;0;0;0;0;4;0;0;0;0
09/03/2021;03:35:00;88;Acidente sem Vítimas;271,1;BR-040/MG;Norte;Atropelamento de Animal;0;0;0;0;2;0;0;0;0;0;34;0;0;0;0
09/03/2021;05:59:00;109;Acidente com Vítimas;535,1;BR-040/MG;Sul;Choque c/ Objeto Fixo;1;0;0;0;1;0;0;0;0;0;1;0;0;0;0
09/03/2021;06:54:00;111;Acidente sem Vítimas;6,3;BR-040/DF;Norte;Colisão traseira;1;0;0;1;0;0;0;0;0;0;2;0;0;0;0
09/03/2021;06:55:00;112;Acidente sem Vítimas;718,4;BR-040/MG;Norte;Choque c/ Objeto Fixo;0;0;0;0;0;0;0;0;0;0;0;0;0;0;0
09/03/2021;09:04:00;153;Acidente com Vítimas;533,3;BR-040/MG;Norte;Colisão traseira;1;0;0;1;0;1;0;0;0;0;1;1;0;0;0
09/03/2021;10:03:00;169;Acidente com Vítimas;471,7;BR-040/MG;Sul;Colisão traseira;1;0;0;0;0;2;0;0;0;0;2;1;0;0;0
09/03/2021;14:00:00;228;Acidente sem Vítimas;647,11;BR-040/MG;Sul;Choque c/ Objeto Fixo;2;0;0;0;0;0;0;0;0;0;1;0;0;0;0