data;horario;n_da_ocorrencia;tipo_de_ocorrencia;km;trecho;sentido;tipo_de_acidente;automovel;bicicleta;caminhao;moto;onibus;outros;tracao_animal;transporte_de_cargas_especiais;trator_maquinas;utilitarios;ilesos;levemente_feridos;moderadamente_feridos;gravemente_feridos;mortos
09/03/2021;14:52:00;239;Acidente com Vítimas;749,95;BR-040/MG;Norte;Tombamento;0;0;0;1;0;1;0;0;0;0;1;1;0;0;0
09/03/2021;15:21:00;244;Acidente com Vítimas;4,1;BR-040/GO;Sul;Capotamento;1;0;0;0;0;0;0;0;0;0;2;1;0;0;0
09/03/2021;17:23:00;276;Acidente com Vítimas;737,8;BR-040/MG;Norte;Capotamento;1;0;0;0;0;1;0;0;0;0;0;0;1;0;0
09/03/2021;18:23:00;284;Acidente sem Vítimas;460;BR-040/MG;Sul;Colisão traseira;1;0;0;0;0;2;0;0;0;0;2;0;0;0;0
10/03/2021;03:50:00;68;Acidente sem Vítimas;521,2;BR-040/MG;Sul;Atropelamento de Animal;0;0;0;0;0;3;0;0;0;0;2;0;0;0;0
10/03/2021;04:26:00;72;Acidente com Vítimas;521,21;BR-040/MG;Sul;Atropelamento de Animal;3;0;0;0;0;0;0;0;0;0;2;1;1;0;0
10/03/2021;05:49:00;78;Acidente sem Vítimas;463,12;BR-040/MG;Sul;Capotamento;3;0;0;0;0;0;0;0;0;0;1;0;0;0;0
10/03/2021;06:41:00;90;Acidente sem Vítimas;468;BR-040/MG;Norte;Tombamento de Moto;0;0;0;1;0;0;0;0;0;0;1;0;0;0;0
10/03/2021;07:22:00;101;Acidente sem Vítimas;599,8;BR-040/MG;Norte;Colisão traseira;0;0;0;0;2;0;0;0;0;0;2;0;0;0;0
10/03/2021;07:24:00;103;Acidente sem Vítimas;546,1;BR-040/MG;Sul;Choque c/ Objeto Fixo;2;0;0;0;0;0;0;0;0;0;1;0;0;0;0
10/03/2021;10:36:00;164;Acidente sem Vítimas;544,3;BR-040/MG;Sul;Colisão transversal;1;0;1;0;0;0;0;0;0;0;1;0;0;0;0
10/03/2021;10:45:00;166;Acidente com Vítimas;626,6;BR-040/MG;Sul;Colisão transversal;0;0;1;1;0;0;0;0;0;0;1;1;0;0;0
10/03/2021;11:26:00;173;Acidente sem Vítimas;527,752;BR-040/MG;Norte;Colisão traseira;1;0;0;1;1;2;0;0;0;0;3;0;0;0;0
10/03/2021;14:08:00;201;Acidente com Vítimas;543,45;BR-040/MG;Norte;Colisão lateral;2;0;0;0;0;0;0;0;0;0;0;1;0;0;0
10/03/2021;16:49:00;236;Acidente com Vítimas;380,2;BR-040/MG;Norte;Colisão transversal;0;0;1;1;1;0;0;0;0;0;1;0;0;1;0
11/03/2021;05:55:00;96;Acidente com Vítimas;26,1;BR-040/GO;Norte;Colisão frontal;1;0;0;2;0;0;0;0;0;0;1;1;0;0;0
11/03/2021;13:26:00;162;Acidente sem Vítimas;19,105;BR-040/MG;Sul;Choque c/ Objeto Fixo;2;0;0;0;0;0;0;0;0;0;3;0;0;0;0
11/03/2021;14:09:00;169;Acidente Fatal;562,15;BR-040/MG;Norte;Choque c/ Veículo Parado;1;0;0;1;0;1;0;0;0;0;1;1;0;0;1
11/03/2021;15:10:00;180;Acidente com Vítimas;634,12;BR-040/MG;Sul;Tombamento;0;0;0;0;0;1;0;0;0;1;2;1;0;0;0
11/03/2021;16:25:00;197;Acidente Fatal;199,5;BR-040/MG;Sul;Colisão frontal;3;0;1;0;2;1;0;0;0;0;4;0;0;0;3
11/03/2021;19:18:00;230;Acidente com Vítimas;469,15;BR-040/MG;Sul;Colisão frontal;2;0;0;0;0;1;0;0;0;0;2;1;1;1;0
11/03/2021;21:38:00;253;Acidente sem Vítimas;485,15;BR-040/MG;Norte;Tombamento de Moto;0;0;0;2;0;0;0;0;0;0;2;0;0;0;0
11/03/2021;21:54:00;256;Acidente com Vítimas;682,1;BR-040/MG;Sul;Colisão transversal;1;0;0;1;0;0;0;0;0;0;1;1;0;0;0
12/03/2021;07:27:00;136;Acidente sem Vítimas;717,3;BR-040/MG;Norte;Choque c/ Objeto Fixo;2;0;0;0;0;0;0;0;0;0;1;0;0;0;0
12/03/2021;07:49:00;148;Acidente com Vítimas;41,2;BR-040/MG;Norte;Choque c/ Objeto Fixo;4;0;2;0;0;2;0;0;0;0;0;1;0;1;0
12/03/2021;13:37:00;227;Acidente com Vítimas;42,2;BR-040/GO;Sul;Queda de Ribanceira;0;0;0;0;0;1;0;0;0;0;0;1;0;0;0
12/03/2021;14:51:00;237;Acidente Fatal;544,9;BR-040/MG;Sul;Atropelamento de Pedestre;0;0;0;0;0;2;0;0;0;0;2;0;0;0;1
12/03/2021;15:57:00;244;Acidente sem Vítimas;541,2;BR-040/MG;Norte;Colisão traseira;1;0;1;0;0;0;0;0;0;0;1;0;0;0;0
12/03/2021;16:43:00;253;Acidente com Vítimas;544,8;BR-040/MG;Norte;Tombamento de Moto;0;0;0;2;0;1;0;0;0;0;1;0;1;0;0
12/03/2021;17:09:00;259;Acidente sem Vítimas;728,12;BR-040/MG;Sul;Choque com objeto;2;0;0;0;0;0;0;0;0;0;1;0;0;0;0
12/03/2021;20:04:00;298;Acidente sem Vítimas;729,15;BR-040/MG;Norte;Choque c/ Objeto Fixo;1;0;0;0;0;0;0;0;0;0;1;0;0;0;0
12/03/2021;20:20:00;310;Acidente sem Vítimas;502,4;BR-040/MG;Norte;Capotamento;2;0;0;0;0;0;0;0;0;0;1;0;0;0;0
12/03/2021;20:25:00;307;Acidente com Vítimas;538,1;BR-040/MG;Norte;Colisão traseira;1;0;0;1;0;0;0;0;0;0;2;0;1;0;0
12/03/2021;22:31:00;333;Acidente com Vítimas;527,8;BR-040/MG;Sul;Engavetamento;3;0;0;1;0;0;0;0;0;0;4;1;0;0;0
13/03/2021;06:01:00;69;Acidente sem Vítimas;650,31;BR-040/MG;Sul;Choque c/ Objeto Fixo;0;0;0;0;0;2;0;0;0;0;2;0;0;0;0
13/03/2021;10:13:00;125;Acidente com Vítimas;213,55;BR-040/MG;Sul;Colisão lateral;0;0;1;0;0;4;0;0;0;0;6;0;1;0;0
13/03/2021;11:09:00;140;Acidente com Vítimas;565,16;BR-040/MG;Sul;Colisão frontal;3;0;0;0;0;0;0;0;0;0;1;1;1;1;0
13/03/2021;12:45:00;152;Acidente com Vítimas;511,5;BR-040/MG;Norte;Colisão traseira;1;0;0;1;0;1;0;0;0;0;1;1;0;0;0
13/03/2021;13:12:00;156;Acidente sem Vítimas;3,5;BR-040/GO;Sul;Colisão traseira;2;0;0;0;0;2;0;0;0;0;2;0;0;0;0
13/03/2021;13:36:00;161;Acidente sem Vítimas;0,3;BR-040/GO;Sul;Colisão traseira;0;0;1;0;1;1;0;0;0;0;11;0;0;0;0
13/03/2021;13:42:00;163;Acidente sem Vítimas;575,75;BR-040/MG;Sul;Choque c/ Objeto Fixo;2;0;0;0;0;0;0;0;0;0;1;0;0;0;0
13/03/2021;13:50:00;164;Acidente sem Vítimas;115,2;BR-040/GO;Sul;Capotamento;1;0;0;0;0;0;0;0;0;0;1;0;0;0;0
13/03/2021;19:11:00;229;Acidente sem Vítimas;537,3;BR-040/MG;Sul;Tombamento de Moto;0;0;0;2;0;1;0;0;0;0;0;0;0;0;0
13/03/2021;20:48:00;245;Acidente sem Vítimas;510,8;BR-040/MG;Norte;Engavetamento;4;0;0;0;0;0;0;0;0;0;2;0;0;0;0
13/03/2021;21:15:00;249;Acidente sem Vítimas;511,2;BR-040/MG;Norte;Colisão traseira;3;0;0;0;0;0;0;0;0;0;4;0;0;0;0
14/03/2021;07:06:00;37;Acidente sem Vítimas;471,35;BR-040/MG;Norte;Choque c/ Objeto Fixo;1;0;0;0;0;0;0;0;0;0;0;0;0;0;0
14/03/2021;07:54:00;49;Acidente com Vítimas;512,95;BR-040/MG;Norte;Capotamento;5;0;0;0;0;0;0;0;0;0;0;2;0;0;0
14/03/2021;11:13:00;85;Acidente sem Vítimas;448,9;BR-040/MG;Norte;Colisão traseira;0;0;3;0;0;0;0;0;0;0;2;0;0;0;0
14/03/2021;12:12:00;92;Acidente com Vítimas;455,5;BR-040/MG;Sul;Tombamento de Moto;0;0;0;1;0;0;0;0;0;0;0;1;0;0;0
14/03/2021;15:22:00;118;Acidente com Vítimas;649,12;BR-040/MG;Norte;Colisão lateral;1;0;0;0;0;2;0;0;0;0;2;1;0;0;0
14/03/2021;18:57:00;165;Acidente sem Vítimas;11,5;BR-040/GO;Norte;Choque c/ Objeto Fixo;1;0;0;0;0;1;0;0;0;0;1;0;0;0;0
14/03/2021;20:20:00;179;Acidente sem Vítimas;14,2;BR-040/GO;Norte;Choque c/ Objeto Fixo;1;0;0;0;0;0;0;0;0;0;4;0;0;0;0
14/03/2021;21:42:00;196;Acidente com Vítimas;87,1;BR-040/GO;Norte;Tombamento;0;0;0;0;3;1;0;0;0;0;0;0;1;0;0
15/03/2021;00:58:00;37;Acidente com Vítimas;525,8;BR-040/MG;Norte;Tombamento de Moto;0;0;0;1;0;0;0;0;0;0;1;0;1;0;0
15/03/2021;01:45:00;46;Acidente com Vítimas;494,8;BR-040/MG;Sul;Colisão traseira;0;0;2;0;1;1;0;0;0;0;1;0;0;1;0
15/03/2021;05:58:00;92;Acidente com Vítimas;123;BR-040/MG;Sul;Capotamento;1;0;0;0;0;1;0;0;0;0;0;0;1;0;0
15/03/2021;08:12:00;134;Acidente com Vítimas;747,3;BR-040/MG;Sul;Tombamento;0;0;0;0;2;0;0;0;0;0;1;1;0;0;0
15/03/2021;08:47:00;147;Acidente sem Vítimas;475,5;BR-040/MG;Norte;Choque c/ Objeto Fixo;0;0;1;0;0;0;0;0;0;0;1;0;0;0;0
15/03/2021;11:39:00;188;Acidente Fatal;624,55;BR-040/MG;Norte;Colisão traseira;0;0;1;1;0;1;0;0;0;0;0;0;0;0;1
15/03/2021;12:00:00;191;Acidente com Vítimas;28,18;BR-040/GO;Norte;Queda Veículo;0;0;0;1;0;1;0;0;0;0;0;1;0;0;0
15/03/2021;14:12:00;209;Acidente sem Vítimas;618,2;BR-040/MG;Norte;Engavetamento;2;0;0;0;0;0;0;0;0;0;2;0;0;0;0
15/03/2021;16:51:00;227;Acidente com Vítimas;525,7;BR-040/MG;Sul;Colisão transversal;0;0;0;0;2;1;0;0;0;0;15;1;0;0;0
15/03/2021;17:26:00;236;Acidente com Vítimas;544,8;BR-040/MG;Norte;Colisão traseira;2;0;0;1;0;0;0;0;0;0;3;1;0;0;0
15/03/2021;17:36:00;241;Acidente com Vítimas;512,7;BR-040/MG;Norte;Colisão lateral;0;0;0;1;0;2;0;0;0;0;1;1;0;0;0
15/03/2021;17:38:00;239;Acidente Fatal;6,5;BR-040/GO;Norte;Colisão traseira;2;0;1;1;1;0;0;0;0;0;3;0;0;0;1
15/03/2021;18:24:00;249;Acidente sem Vítimas;546,8;BR-040/MG;Norte;Engavetamento;4;0;0;0;0;0;0;0;0;0;4;0;0;0;0
15/03/2021;18:42:00;255;Acidente sem Vítimas;4,8;BR-040/DF;Sul;Colisão transversal;1;0;0;1;0;1;0;0;0;0;2;0;0;0;0
15/03/2021;18:55:00;261;Acidente com Vítimas;523,9;BR-040/MG;Norte;Colisão traseira;1;0;0;1;0;1;0;0;0;0;1;2;0;0;0
15/03/2021;23:42:00;303;Acidente com Vítimas;729,1;BR-040/MG;Sul;Tombamento;0;0;0;0;1;0;0;0;0;0;1;1;0;0;0
16/03/2021;06:47:00;120;Acidente com Vítimas;510,7;BR-040/MG;Sul;Colisão lateral;0;0;1;1;0;2;0;0;0;0;2;1;0;0;0
16/03/2021;08:18:00;154;Acidente sem Vítimas;570,1;BR-040/MG;Norte;Engavetamento;0;0;2;1;1;1;0;0;0;0;0;0;0;0;0
16/03/2021;10:14:00;182;Acidente com Vítimas;533,1;BR-040/MG;Sul;Tombamento de Moto;0;0;0;1;0;0;0;0;0;0;1;1;0;0;0
16/03/2021;10:15:00;181;Acidente com Vítimas;279,9;BR-040/MG;Sul;Tombamento de Moto;0;0;0;1;0;0;0;0;0;0;0;1;0;0;0
16/03/2021;11:09:00;189;Acidente sem Vítimas;98,8;BR-040/MG;Sul;Atropelamento de Animal;0;0;0;0;1;0;0;0;0;0;0;0;0;0;0
16/03/2021;12:45:00;202;Acidente com Vítimas;425,4;BR-040/MG;Sul;Capotamento;2;0;0;0;0;1;0;0;0;0;0;0;2;1;0
16/03/2021;14:06:00;212;Acidente sem Vítimas;43,5;BR-040/MG;Sul;Colisão traseira;0;0;0;2;0;0;0;0;0;0;2;0;0;0;0
16/03/2021;16:20:00;244;Acidente sem Vítimas;524,5;BR-040/MG;Norte;Colisão lateral;1;0;0;0;1;0;0;0;0;0;4;0;0;0;0
16/03/2021;18:51:00;279;Acidente com Vítimas;631,8;BR-040/MG;Norte;Colisão transversal;1;0;0;1;0;1;0;0;0;0;4;0;1;0;0
16/03/2021;23:49:00;340;Acidente com Vítimas;455,6;BR-040/MG;Sul;Tombamento;0;0;2;0;0;0;0;0;0;0;0;1;0;0;0
17/03/2021;06:12:00;99;Acidente com Vítimas;316,95;BR-040/MG;Sul;Tombamento;0;0;1;0;0;0;0;0;0;0;1;1;0;0;0
17/03/2021;11:19:00;169;Acidente sem Vítimas;601,2;BR-040/MG;Sul;Engavetamento;1;0;4;0;1;1;0;0;0;0;4;0;0;0;0
17/03/2021;11:28:00;171;Acidente sem Vítimas;601,2;BR-040/MG;Sul;Choque c/ Objeto Fixo;0;0;0;0;0;1;0;0;0;0;1;0;0;0;0
17/03/2021;12:21:00;182;Acidente com Vítimas;58,4;BR-040/GO;Norte;Colisão frontal;2;0;0;0;0;0;0;0;0;0;2;1;0;0;0
17/03/2021;12:28:00;184;Acidente sem Vítimas;733,3;BR-040/MG;Norte;Colisão transversal;1;0;0;0;1;1;0;0;0;0;2;0;0;0;0
17/03/2021;12:32:00;185;Acidente com Vítimas;571,37;BR-040/MG;Sul;Colisão transversal;1;0;0;0;0;3;0;0;0;0;2;2;0;0;0
17/03/2021;12:39:00;186;Acidente sem Vítimas;563,3;BR-040/MG;Sul;Choque c/ Objeto Fixo;0;0;0;1;0;0;0;0;0;0;1;0;0;0;0
17/03/2021;17:15:00;217;Acidente com Vítimas;530,1;BR-040/MG;Sul;Colisão traseira;0;0;2;0;0;0;0;0;0;0;2;1;0;0;0
17/03/2021;17:20:00;218;Acidente com Vítimas;468,1;BR-040/MG;Norte;Colisão traseira;1;0;0;2;0;0;0;0;0;0;2;0;1;0;0
17/03/2021;18:14:00;227;Acidente sem Vítimas;736,9;BR-040/MG;Sul;Choque c/ Objeto Fixo;0;0;1;0;2;0;0;0;0;0;1;0;0;0;0
17/03/2021;19:04:00;240;Acidente Fatal;144,7;BR-040/GO;Sul;Colisão traseira;1;0;0;1;0;1;0;0;0;0;0;0;0;0;1
17/03/2021;20:43:00;254;Acidente sem Vítimas;4,1;BR-040/GO;Norte;Colisão lateral;1;0;0;1;0;0;0;0;0;0;2;0;0;0;0
18/03/2021;07:07:00;110;Acidente sem Vítimas;511,4;BR-040/MG;Sul;Colisão traseira;2;0;0;0;0;0;0;0;0;0;2;0;0;0;0
18/03/2021;08:06:00;129;Acidente com Vítimas;274,35;BR-040/MG;Sul;Colisão transversal;1;0;0;1;0;0;0;0;0;0;2;1;1;0;0
18/03/2021;09:38:00;143;Acidente sem Vítimas;85,5;BR-040/MG;Sul;Colisão traseira;1;0;0;0;0;1;0;0;0;0;2;0;0;0;0
18/03/2021;09:53:00;145;Acidente sem Vítimas;605,2;BR-040/MG;Norte;Colisão traseira;4;0;0;0;0;0;0;0;0;0;3;1;0;0;0
18/03/2021;13:30:00;183;Acidente sem Vítimas;158,1;BR-040/MG;Norte;Tombamento;0;0;0;0;0;1;0;0;0;0;0;0;0;0;0
18/03/2021;14:04:00;188;Acidente com Vítimas;523,2;BR-040/MG;Norte;Choque c/ Veículo Parado;2;0;2;1;0;0;0;0;0;0;2;1;0;0;0
18/03/2021;15:11:00;204;Acidente sem Vítimas;568,1;BR-040/MG;Norte;Colisão lateral;1;0;0;0;1;0;0;0;0;0;0;0;0;0;0
18/03/2021;15:34:00;210;Acidente sem Vítimas;299,9;BR-040/MG;Norte;Capotamento;1;0;0;0;0;0;0;0;0;0;3;2;0;0;0
18/03/2021;16:39:00;222;Acidente com Vítimas;541,25;BR-040/MG;Norte;Colisão traseira;0;0;0;1;0;1;0;0;0;0;0;0;1;0;0
18/03/2021;23:35:00;299;Acidente com Vítimas;531,8;BR-040/MG;Sul;Outros;1;0;0;0;0;2;0;0;0;0;4;3;0;0;0
19/03/2021;05:51:00;98;Acidente sem Vítimas;506,8;BR-040/MG;Norte;Choque c/ Objeto Fixo;1;0;0;0;0;1;0;0;0;0;1;0;0;0;0
19/03/2021;06:55:00;107;Acidente com Vítimas;538,6;BR-040/MG;Sul;Colisão traseira;0;0;1;3;0;0;0;0;0;0;1;0;1;0;0
19/03/2021;07:51:00;141;Acidente sem Vítimas;533,2;BR-040/MG;Norte;Engavetamento;3;0;0;0;0;0;0;0;0;0;3;0;0;0;0
19/03/2021;08:10:00;143;Acidente com Vítimas;541,3;BR-040/MG;Sul;Colisão traseira;0;0;0;1;0;0;0;0;0;1;1;1;0;0;0
19/03/2021;08:12:00;146;Acidente com Vítimas;501,8;BR-040/MG;Sul;Colisão traseira;2;0;0;1;0;1;0;0;0;0;3;0;0;1;0
19/03/2021;12:49:00;195;Acidente sem Vítimas;9;BR-040/GO;Norte;Colisão traseira;3;0;0;0;0;0;0;0;0;0;1;0;0;0;0
19/03/2021;12:56:00;198;Acidente com Vítimas;511,5;BR-040/MG;Norte;Colisão traseira;2;0;0;0;0;1;0;0;0;0;0;1;0;0;0
19/03/2021;16:14:00;234;Acidente sem Vítimas;520,9;BR-040/MG;Norte;Colisão traseira;1;0;0;1;0;0;0;0;0;0;2;0;0;0;0
19/03/2021;18:37:00;267;Acidente Fatal;532,1;BR-040/MG;Norte;Colisão lateral;0;0;1;1;0;1;0;0;0;0;2;1;0;0;1
19/03/2021;18:55:00;273;Acidente sem Vítimas;521;BR-040/MG;Norte;Engavetamento;1;0;0;0;2;2;0;0;0;0;17;0;0;0;0
19/03/2021;19:38:00;282;Acidente sem Vítimas;5,9;BR-040/GO;Sul;Colisão traseira;2;0;0;0;0;0;0;0;0;0;4;0;0;0;0
19/03/2021;19:53:00;289;Acidente sem Vítimas;484,5;BR-040/MG;Sul;Colisão lateral;2;0;1;0;1;0;0;0;0;0;53;0;0;0;0
19/03/2021;22:38:00;327;Acidente com Vítimas;16,8;BR-040/GO;Sul;Tombamento de Moto;0;0;0;1;0;0;0;0;0;0;1;1;0;0;0
20/03/2021;01:24:00;20;Acidente sem Vítimas;34,9;BR-040/MG;Sul;Choque com objeto;0;0;0;1;0;0;0;0;0;0;1;0;0;0;0
20/03/2021;01:49:00;26;Acidente sem Vítimas;488,1;BR-040/MG;Sul;Capotamento;1;0;0;0;0;1;0;0;0;0;1;0;0;0;0
20/03/2021;02:26:00;29;Acidente sem Vítimas;4,8;BR-040/DF;Sul;Choque c/ Objeto Fixo;1;0;0;0;0;1;0;0;0;0;1;0;0;0;0
20/03/2021;06:49:00;62;Acidente com Vítimas;96,1;BR-040/GO;Sul;Colisão transversal;1;0;0;0;0;2;0;0;0;0;0;0;0;0;0
20/03/2021;11:48:00;115;Acidente sem Vítimas;537,5;BR-040/MG;Norte;Colisão traseira;4;0;0;0;0;0;0;0;0;0;1;0;1;0;0
20/03/2021;13:21:00;131;Acidente com Vítimas;414,4;BR-040/MG;Norte;Colisão transversal;0;0;0;1;1;1;0;0;0;0;1;1;0;0;0
20/03/2021;13:57:00;140;Acidente Fatal;34,6;BR-040/MG;Sul;Colisão frontal;0;0;1;4;2;0;0;0;0;0;1;0;0;0;1
20/03/2021;15:24:00;157;Acidente sem Vítimas;34,65;BR-040/MG;Norte;Choque com objeto;0;0;0;1;0;0;0;0;0;0;1;0;0;0;0
20/03/2021;17:30:00;183;Acidente com Vítimas;5,1;BR-040/GO;Sul;Choque com objeto;2;0;0;0;0;1;0;0;0;0;2;1;0;0;0
20/03/2021;19:22:00;206;Acidente com Vítimas;6,93;BR-040/GO;Norte;Atropelamento de Ciclista;0;1;0;0;0;1;0;0;0;0;0;1;0;0;0
20/03/2021;19:40:00;212;Acidente sem Vítimas;6,9;BR-040/GO;Sul;Colisão traseira;2;0;0;0;0;0;0;0;0;0;3;0;0;0;0
20/03/2021;19:53:00;215;Acidente com Vítimas;554,2;BR-040/MG;Norte;Colisão traseira;0;0;0;2;0;0;0;0;0;0;0;2;0;0;0
20/03/2021;21:17:00;236;Acidente sem Vítimas;90,3;BR-040/MG;Norte;Choque com objeto;1;0;0;0;0;0;0;0;0;0;1;0;0;0;0
20/03/2021;22:17:00;245;Acidente com Vítimas;23,1;BR-040/GO;Norte;Engavetamento;1;0;0;4;0;0;0;0;0;0;2;0;0;0;0
21/03/2021;00:30:00;8;Acidente com Vítimas;554,55;BR-040/MG;Norte;Colisão traseira;1;0;0;1;0;0;0;0;0;0;2;0;1;0;0
21/03/2021;15:48:00;143;Acidente Fatal;123,7;BR-040/GO;Norte;Capotamento;2;0;0;0;0;0;0;0;0;0;0;0;0;0;1
21/03/2021;16:48:00;153;Acidente sem Vítimas;76,6;BR-040/GO;Sul;Capotamento;1;0;0;0;0;0;0;0;0;0;0;0;0;0;0
21/03/2021;16:52:00;154;Acidente sem Vítimas;10,1;BR-040/GO;Sul;Colisão traseira;2;0;0;0;0;0;0;0;0;0;2;0;0;0;0
21/03/2021;17:08:00;160;Acidente sem Vítimas;756,6;BR-040/MG;Norte;Choque c/ Objeto Fixo;2;0;0;0;0;0;0;0;0;0;1;0;0;0;0
21/03/2021;17:16:00;164;Acidente com Vítimas;4,2;BR-040/GO;Norte;Tombamento de Moto;0;0;0;1;0;0;0;0;0;0;0;0;0;0;0
21/03/2021;17:49:00;172;Acidente com Vítimas;682,7;BR-040/MG;Sul;Colisão transversal;0;0;0;3;0;0;0;0;0;0;2;2;0;0;0
21/03/2021;20:56:00;200;Acidente sem Vítimas;593,5;BR-040/MG;Norte;Tombamento;0;0;1;0;1;1;0;0;0;0;0;0;0;0;0
22/03/2021;06:11:00;79;Acidente sem Vítimas;534,12;BR-040/MG;Sul;Colisão traseira;1;0;1;0;0;1;0;0;0;0;2;0;0;0;0
22/03/2021;06:50:00;92;Acidente com Vítimas;6,8;BR-040/GO;Norte;Colisão lateral;1;0;0;1;0;1;0;0;0;0;1;2;0;0;0
22/03/2021;09:29:00;136;Acidente sem Vítimas;44,5;BR-040/MG;Norte;Colisão traseira;1;0;0;0;0;1;0;0;0;0;2;0;0;0;0
22/03/2021;10:12:00;146;Acidente com Vítimas;531,35;BR-040/MG;Norte;Colisão lateral;0;1;0;0;0;2;0;0;0;0;1;0;1;0;0
22/03/2021;13:57:00;184;Acidente Fatal;511,9;BR-040/MG;Norte;Colisão traseira;0;0;2;3;1;1;0;0;0;0;2;0;0;0;1
22/03/2021;16:30:00;212;Acidente sem Vítimas;513,905;BR-040/MG;Sul;Colisão lateral;0;0;0;1;0;1;0;0;0;0;1;0;0;0;0
23/03/2021;02:02:00;50;Acidente com Vítimas;510,1;BR-040/MG;Norte;Colisão transversal;0;0;0;1;0;2;0;0;0;0;3;1;0;0;0
23/03/2021;06:54:00;95;Acidente com Vítimas;2,8;BR-040/GO;Sul;Tombamento de Moto;1;0;0;2;0;0;0;0;0;0;1;1;0;0;0
23/03/2021;07:24:00;106;Acidente sem Vítimas;748,9;BR-040/MG;Norte;Colisão traseira;0;0;2;0;0;0;0;0;0;0;2;0;0;0;0
23/03/2021;15:45:00;189;Acidente sem Vítimas;541,2;BR-040/MG;Norte;Colisão traseira;1;0;0;0;0;1;0;0;0;0;1;0;0;0;0
23/03/2021;19:12:00;221;Acidente sem Vítimas;526,1;BR-040/MG;Norte;Colisão lateral;1;0;0;0;0;1;0;0;0;0;1;0;0;0;0
23/03/2021;19:55:00;231;Acidente com Vítimas;506,2;BR-040/MG;Norte;Colisão lateral;1;0;0;2;0;0;0;0;0;0;2;1;0;0;0
23/03/2021;22:34:00;259;Acidente sem Vítimas;703,1;BR-040/MG;Sul;Tombamento;0;0;2;0;0;0;0;0;0;0;2;0;0;0;0
24/03/2021;04:39:00;79;Acidente sem Vítimas;468,15;BR-040/MG;Sul;Colisão lateral;0;0;3;0;0;0;0;0;0;0;17;0;0;0;0
24/03/2021;05:47:00;83;Acidente com Vítimas;2;BR-040/DF;Norte;Tombamento de Moto;0;0;0;1;0;1;0;0;0;0;0;1;0;0;0
24/03/2021;06:12:00;86;Acidente sem Vítimas;522,2;BR-040/MG;Sul;Choque c/ Objeto Fixo;2;0;0;0;0;0;0;0;0;0;1;0;0;0;0
24/03/2021;07:21:00;104;Acidente sem Vítimas;522,2;BR-040/MG;Sul;Colisão traseira;1;0;0;1;0;0;0;0;0;0;2;0;0;0;0
24/03/2021;09:55:00;144;Acidente com Vítimas;5,1;BR-040/GO;Sul;Colisão lateral;1;0;0;1;0;0;0;0;0;0;0;2;0;0;0
24/03/2021;12:03:00;165;Acidente sem Vítimas;476,1;BR-040/MG;Norte;Colisão lateral;0;0;2;0;0;0;0;0;0;0;0;0;0;0;0
24/03/2021;14:06:00;183;Acidente sem Vítimas;536,1;BR-040/MG;Norte;Choque c/ Objeto Fixo;2;0;0;0;0;0;0;0;0;0;1;0;0;0;0
24/03/2021;14:25:00;188;Acidente sem Vítimas;606,8;BR-040/MG;Norte;Colisão lateral;1;0;1;0;0;0;0;0;0;0;0;0;0;0;0
24/03/2021;14:30:00;191;Acidente sem Vítimas;539,2;BR-040/MG;Sul;Colisão traseira;1;0;2;0;0;0;0;0;0;0;2;0;0;0;0
24/03/2021;15:25:00;204;Acidente sem Vítimas;511,5;BR-040/MG;Norte;Colisão traseira;1;0;0;0;1;0;0;0;0;0;2;0;0;0;0
24/03/2021;15:32:00;207;Acidente com Vítimas;718,1;BR-040/MG;Norte;Tombamento;0;0;0;1;0;3;0;0;0;0;2;2;0;0;0
24/03/2021;15:56:00;213;Acidente com Vítimas;2,3;BR-040/GO;Sul;Colisão traseira;4;0;0;0;0;0;0;0;0;0;0;0;0;0;0
24/03/2021;16:56:00;221;Acidente com Vítimas;505,4;BR-040/MG;Sul;Colisão lateral;0;0;0;0;0;1;0;0;0;0;1;1;0;0;0
24/03/2021;17:24:00;228;Acidente sem Vítimas;467,5;BR-040/MG;Sul;Choque c/ Objeto Fixo;1;0;0;0;0;0;0;0;0;0;1;0;0;0;0
24/03/2021;18:19:00;240;Acidente com Vítimas;2,2;BR-040/DF;Norte;Colisão lateral;0;0;0;1;0;1;0;0;0;0;2;0;0;0;0
24/03/2021;18:46:00;245;Acidente com Vítimas;522,5;BR-040/MG;Norte;Colisão lateral;0;0;0;1;0;1;0;0;0;0;1;0;0;0;0
24/03/2021;18:50:00;246;Acidente sem Vítimas;4,3;BR-040/DF;Norte;Choque c/ Objeto Fixo;2;0;0;0;0;0;0;0;0;0;1;0;0;0;0
25/03/2021;02:22:00;74;Acidente sem Vítimas;24,1;BR-040/GO;Sul;Choque c/ Objeto Fixo;4;0;0;0;0;0;0;0;0;0;2;0;0;0;0
25/03/2021;04:55:00;102;Acidente sem Vítimas;399,8;BR-040/MG;Sul;Choque c/ Objeto Fixo;0;0;1;0;0;0;0;0;0;0;1;0;0;0;0
25/03/2021;06:17:00;112;Acidente sem Vítimas;510,5;BR-040/MG;Sul;Engavetamento;2;0;0;0;0;2;0;0;0;0;1;0;0;0;0
25/03/2021;06:25:00;114;Acidente sem Vítimas;139,6;BR-040/GO;Norte;Atropelamento de Animal;2;0;0;0;0;0;0;0;0;0;3;0;0;0;0
25/03/2021;08:11:00;151;Acidente sem Vítimas;127,3;BR-040/MG;Sul;Colisão traseira;2;0;1;0;0;0;0;0;0;0;2;0;0;0;0
25/03/2021;17:16:00;252;Acidente sem Vítimas;487,35;BR-040/MG;Norte;Colisão traseira;1;0;0;0;1;0;0;0;0;0;2;0;0;0;0
25/03/2021;17:20:00;254;Acidente com Vítimas;275,1;BR-040/MG;Norte;Colisão transversal;2;0;0;0;0;0;0;0;0;0;2;0;0;0;0