data;horario;n_da_ocorrencia;tipo_de_ocorrencia;km;trecho;sentido;tipo_de_acidente;automovel;bicicleta;caminhao;moto;onibus;outros;tracao_animal;transporte_de_cargas_especiais;trator_maquinas;utilitarios;ilesos;levemente_feridos;moderadamente_feridos;gravemente_feridos;mortos
25/03/2021;17:35:00;257;Acidente sem Vítimas;9,45;BR-040/GO;Sul;Colisão traseira;1;0;0;1;0;1;0;0;0;0;2;0;0;0;0
25/03/2021;17:39:00;258;Acidente sem Vítimas;751,3;BR-040/MG;Sul;Capotamento;1;0;0;0;0;1;0;0;0;0;2;0;0;0;0
25/03/2021;19:20:00;281;Acidente com Vítimas;535,2;BR-040/MG;Norte;Tombamento de Moto;0;0;0;1;0;0;0;0;0;0;1;1;0;0;0
25/03/2021;20:04:00;290;Acidente com Vítimas;258,11;BR-040/MG;Norte;Colisão frontal;4;0;0;0;0;1;0;0;0;0;0;1;0;1;0
26/03/2021;02:32:00;69;Acidente com Vítimas;737,3;BR-040/MG;Sul;Choque c/ Objeto Fixo;1;0;0;0;0;1;0;0;0;0;2;1;1;0;0
26/03/2021;06:11:00;98;Acidente com Vítimas;517,65;BR-040/MG;Sul;Colisão transversal;0;0;0;0;0;5;0;0;0;0;1;0;1;1;0
26/03/2021;07:03:00;113;Acidente com Vítimas;7,6;BR-040/DF;Norte;Tombamento de Moto;0;0;0;1;0;0;0;0;0;0;1;1;0;0;0
26/03/2021;08:21:00;130;Acidente sem Vítimas;302,3;BR-040/MG;Sul;Colisão traseira;0;0;1;0;0;1;0;0;0;0;4;0;0;0;0
26/03/2021;08:44:00;136;Acidente sem Vítimas;94,8;BR-040/GO;Sul;Colisão transversal;2;0;0;0;0;1;0;0;0;0;2;0;0;0;0
26/03/2021;16:21:00;214;Acidente com Vítimas;727,1;BR-040/MG;Sul;Tombamento de Moto;0;0;0;1;0;1;0;0;0;0;1;0;1;0;0
26/03/2021;16:45:00;225;Acidente sem Vítimas;596,5;BR-040/MG;Sul;Colisão lateral;2;0;2;0;0;1;0;0;0;0;2;0;0;0;0
26/03/2021;19:36:00;266;Acidente sem Vítimas;6,5;BR-040/GO;Sul;Colisão traseira;3;0;0;0;0;0;0;0;0;0;1;0;0;0;0
26/03/2021;21:49:00;291;Acidente sem Vítimas;513,2;BR-040/MG;Norte;Choque c/ Objeto Fixo;2;0;0;0;0;1;0;0;0;0;2;0;0;0;0
26/03/2021;21:52:00;292;Acidente sem Vítimas;43,3;BR-040/MG;Sul;Colisão lateral;0;0;0;3;0;0;0;0;0;0;2;0;0;0;0
27/03/2021;12:07:00;89;Acidente sem Vítimas;601,2;BR-040/MG;Norte;Colisão lateral;3;0;0;0;0;0;0;0;0;0;0;0;0;0;0
27/03/2021;12:19:00;90;Acidente sem Vítimas;509,4;BR-040/MG;Norte;Engavetamento;2;0;0;0;0;2;0;0;0;0;0;0;0;0;0
27/03/2021;14:03:00;96;Acidente com Vítimas;278,9;BR-040/MG;Sul;Capotamento;1;0;0;0;0;0;0;0;0;0;0;1;1;0;0
27/03/2021;14:22:00;101;Acidente com Vítimas;673,2;BR-040/MG;Sul;Capotamento;2;0;0;0;0;1;0;0;0;0;0;1;0;0;0
27/03/2021;14:26:00;100;Acidente sem Vítimas;20,3;BR-040/GO;Sul;Colisão traseira;2;0;0;0;0;0;0;0;0;0;0;0;0;0;0
27/03/2021;15:39:00;113;Acidente com Vítimas;730,1;BR-040/MG;Norte;Tombamento;0;0;0;0;1;1;0;0;0;0;1;0;0;0;0
27/03/2021;15:59:00;116;Acidente Fatal;610,4;BR-040/MG;Norte;Colisão transversal;2;0;0;0;0;0;0;0;0;0;4;0;2;1;1
27/03/2021;16:40:00;131;Acidente sem Vítimas;593,12;BR-040/MG;Norte;Choque c/ Objeto Fixo;2;0;0;0;0;0;0;0;0;0;1;0;0;0;0
27/03/2021;17:38:00;141;Acidente com Vítimas;519,2;BR-040/MG;Norte;Capotamento;1;0;0;0;0;1;0;0;0;0;2;0;1;0;0
27/03/2021;18:20:00;151;Acidente com Vítimas;523,1;BR-040/MG;Sul;Tombamento de Moto;0;0;0;1;0;0;0;0;0;0;1;0;1;0;0
27/03/2021;18:30:00;158;Acidente sem Vítimas;618,25;BR-040/MG;Sul;Colisão transversal;0;0;1;1;1;0;0;0;0;0;2;0;0;0;0
27/03/2021;19:16:00;167;Acidente sem Vítimas;614,15;BR-040/MG;Sul;Colisão traseira;1;0;0;0;0;1;0;0;0;0;2;0;0;0;0
27/03/2021;20:44:00;192;Acidente sem Vítimas;1,9;Fora_Rota;Norte;Capotamento;1;0;0;0;0;0;0;0;0;0;0;0;0;0;0
27/03/2021;20:54:00;194;Acidente com Vítimas;615,5;BR-040/MG;Norte;Atropelamento de Andarilho;0;0;0;0;0;1;0;0;0;0;0;0;0;1;0
27/03/2021;21:39:00;205;Acidente com Vítimas;33,5;BR-040/MG;Sul;Tombamento;0;0;1;1;0;1;0;0;0;0;1;0;1;0;0
27/03/2021;23:28:00;215;Acidente sem Vítimas;137,4;BR-040/GO;Sul;Choque c/ Objeto Fixo;1;0;0;0;0;0;0;0;0;0;1;0;0;0;0
28/03/2021;01:16:00;6;Acidente com Vítimas;11,5;BR-040/GO;Norte;Choque c/ Objeto Fixo;3;0;0;0;0;0;0;0;0;0;1;0;0;1;0
28/03/2021;05:49:00;29;Acidente com Vítimas;10,5;BR-040/GO;Norte;Colisão transversal;2;0;0;0;0;0;0;0;0;0;0;0;0;0;0
28/03/2021;10:24:00;58;Acidente sem Vítimas;656,1;BR-040/MG;Norte;Choque c/ Objeto Fixo;1;0;0;0;0;0;0;0;0;0;5;0;0;0;0
28/03/2021;13:38:00;93;Acidente com Vítimas;3,5;BR-040/GO;Sul;Colisão lateral;2;0;0;0;1;0;0;0;0;0;1;1;0;0;0
28/03/2021;14:34:00;99;Acidente sem Vítimas;251,1;BR-040/MG;Norte;Choque c/ Objeto Fixo;1;0;0;0;0;0;0;0;0;0;0;0;0;0;0
28/03/2021;16:12:00;110;Acidente sem Vítimas;13,1;BR-040/GO;Sul;Choque c/ Objeto Fixo;1;0;0;0;0;0;0;0;0;0;0;0;0;0;0
28/03/2021;17:21:00;125;Acidente sem Vítimas;524,2;BR-040/MG;Norte;Capotamento;2;0;0;0;0;0;0;0;0;0;1;0;0;0;0
28/03/2021;17:50:00;134;Acidente com Vítimas;555,2;BR-040/MG;Norte;Choque c/ Objeto Fixo;2;0;0;0;0;0;0;0;0;0;4;2;0;0;0
28/03/2021;18:53:00;156;Acidente sem Vítimas;513,8;BR-040/MG;Sul;Engavetamento;1;0;0;0;0;2;0;0;0;0;5;0;0;0;0
28/03/2021;18:54:00;157;Acidente sem Vítimas;614,4;BR-040/MG;Sul;Choque c/ Objeto Fixo;1;0;0;0;0;0;0;0;0;0;2;0;0;0;0
28/03/2021;19:39:00;170;Acidente sem Vítimas;541,8;BR-040/MG;Sul;Choque c/ Objeto Fixo;1;0;0;0;0;0;0;0;0;0;3;0;0;0;0
28/03/2021;21:21:00;202;Acidente sem Vítimas;561,15;BR-040/MG;Norte;Choque c/ Objeto Fixo;1;0;0;0;0;0;0;0;0;0;1;0;0;0;0
28/03/2021;21:22:00;194;Acidente sem Vítimas;656,2;BR-040/MG;Norte;Colisão traseira;1;0;0;0;0;0;0;0;0;0;1;0;0;0;0
29/03/2021;07:50:00;116;Acidente com Vítimas;646,55;BR-040/MG;Norte;Colisão lateral;0;0;1;1;0;1;0;0;0;0;1;0;2;0;0
29/03/2021;13:02:00;180;Acidente sem Vítimas;527,15;BR-040/MG;Sul;Colisão lateral;1;0;0;3;0;0;0;0;0;0;2;0;0;0;0
29/03/2021;13:56:00;191;Acidente sem Vítimas;469,4;BR-040/MG;Norte;Choque c/ Objeto Fixo;1;0;0;0;0;0;0;0;0;0;1;0;0;0;0
29/03/2021;15:05:00;206;Acidente sem Vítimas;528,4;BR-040/MG;Norte;Choque c/ Objeto Fixo;2;0;0;0;0;0;0;0;0;0;1;0;0;0;0
29/03/2021;15:06:00;208;Acidente sem Vítimas;588,1;BR-040/MG;Sul;Colisão traseira;1;0;1;0;0;1;0;0;0;0;2;0;0;0;0
29/03/2021;15:46:00;219;Acidente com Vítimas;500,5;BR-040/MG;Norte;Capotamento;2;0;0;0;0;1;0;0;0;0;0;0;1;0;0
29/03/2021;16:00:00;221;Acidente sem Vítimas;502,55;BR-040/MG;Norte;Outros;2;0;0;0;0;0;0;0;0;0;1;0;0;0;0
29/03/2021;16:18:00;228;Acidente com Vítimas;593,2;BR-040/MG;Norte;Tombamento;0;0;2;0;0;0;0;0;0;0;1;1;0;0;0
29/03/2021;18:07:00;242;Acidente sem Vítimas;471,2;BR-040/MG;Sul;Choque c/ Objeto Fixo;1;0;0;0;0;0;0;0;0;0;4;0;0;0;0
29/03/2021;18:15:00;245;Acidente com Vítimas;511,5;BR-040/MG;Sul;Colisão traseira;2;0;0;0;0;1;0;0;0;0;0;0;1;0;0
29/03/2021;21:10:00;273;Acidente com Vítimas;448,4;BR-040/MG;Norte;Capotamento;1;0;0;0;0;0;0;0;0;0;1;1;0;0;0
29/03/2021;23:48:00;289;Acidente com Vítimas;8,9;BR-040/MG;Sul;Colisão traseira;2;0;0;4;0;0;0;0;0;0;1;1;0;0;0
30/03/2021;07:39:00;123;Acidente com Vítimas;8,5;BR-040/GO;Sul;Colisão traseira;2;0;0;0;0;0;0;0;0;0;2;1;0;0;0
30/03/2021;07:46:00;127;Acidente sem Vítimas;548,5;BR-040/MG;Sul;Colisão traseira;1;0;2;0;0;0;0;0;0;0;2;0;0;0;0
30/03/2021;11:12:00;164;Acidente com Vítimas;539,6;BR-040/MG;Sul;Atropelamento de Andarilho;2;0;0;0;0;1;0;0;0;0;3;1;0;0;0
30/03/2021;12:01:00;170;Acidente sem Vítimas;175,5;BR-040/MG;Norte;Choque c/ Objeto Fixo;1;0;0;0;0;0;0;0;0;0;1;0;0;0;0
30/03/2021;14:38:00;194;Acidente com Vítimas;530,4;BR-040/MG;Sul;Colisão lateral;0;1;2;0;0;0;0;0;0;0;2;1;0;0;0
30/03/2021;15:14:00;199;Acidente Fatal;1,85;BR-040/GO;Sul;Atropelamento de Pedestre;1;0;0;0;0;0;0;0;0;0;1;0;0;0;1
30/03/2021;17:26:00;221;Acidente com Vítimas;7,2;BR-040/DF;Sul;Colisão traseira;2;0;0;1;0;1;0;0;0;0;2;1;0;0;0
30/03/2021;19:31:00;244;Acidente sem Vítimas;509,3;BR-040/MG;Norte;Choque c/ Objeto Fixo;1;0;0;0;0;2;0;0;0;0;1;0;0;0;0
30/03/2021;20:31:00;257;Acidente com Vítimas;575,2;BR-040/MG;Sul;Colisão lateral;0;0;0;0;2;3;0;0;0;0;4;2;1;0;0
01/04/2021;01:20:00;66;Acidente sem Vítimas;198,1;BR-040/MG;Norte;Tombamento;0;0;1;0;0;0;0;0;0;0;1;0;0;0;0
01/04/2021;05:40:00;106;Acidente sem Vítimas;718,15;BR-040/MG;Norte;Choque c/ Objeto Fixo;1;0;0;0;0;0;0;0;0;0;1;0;0;0;0
01/04/2021;08:50:00;146;Acidente com Vítimas;11,1;BR-040/GO;Norte;Tombamento de Moto;0;0;0;1;0;0;0;0;0;0;0;0;1;0;0
01/04/2021;08:54:00;150;Acidente sem Vítimas;458,5;BR-040/MG;Norte;Colisão traseira;2;0;0;0;0;1;0;0;0;0;1;0;0;0;0
01/04/2021;09:58:00;164;Acidente sem Vítimas;632,2;BR-040/MG;Norte;Colisão traseira;1;0;0;0;0;1;0;0;0;0;2;0;0;0;0
01/04/2021;11:48:00;182;Acidente sem Vítimas;42,2;BR-040/MG;Norte;Colisão lateral;2;0;0;0;0;1;0;0;0;0;3;0;0;0;0
01/04/2021;15:26:00;220;Acidente com Vítimas;632,7;BR-040/MG;Norte;Colisão transversal;4;0;0;0;0;0;0;0;0;0;2;0;0;0;0
01/04/2021;16:23:00;235;Acidente com Vítimas;2,6;BR-040/MG;Norte;Capotamento;1;0;0;0;0;0;0;0;0;0;2;2;0;0;0
01/04/2021;18:47:00;281;Acidente sem Vítimas;3,7;BR-040/GO;Norte;Colisão traseira;1;0;0;0;0;2;0;0;0;0;2;0;0;0;0
01/04/2021;18:57:00;285;Acidente com Vítimas;0,1;BR-040/DF;Norte;Colisão traseira;1;0;0;1;0;0;0;0;0;0;2;0;1;0;0
01/04/2021;19:26:00;293;Acidente sem Vítimas;538;BR-040/MG;Norte;Colisão traseira;2;0;0;0;0;1;0;0;0;0;2;0;0;0;0
01/04/2021;20:18:00;304;Acidente sem Vítimas;521,1;BR-040/MG;Norte;Colisão traseira;3;0;0;0;0;0;0;0;0;0;2;0;0;0;0
01/04/2021;21:13:00;310;Acidente sem Vítimas;551;BR-040/MG;Norte;Colisão lateral;2;0;0;0;0;1;0;0;0;0;2;0;0;0;0
01/04/2021;22:01:00;314;Acidente sem Vítimas;465,1;BR-040/MG;Norte;Choque com objeto;1;0;0;0;0;1;0;0;0;0;1;0;0;0;0
01/04/2021;22:34:00;323;Acidente com Vítimas;462,1;BR-040/MG;Norte;Capotamento;1;0;0;0;0;1;0;0;0;0;1;1;0;0;0
01/04/2021;22:38:00;325;Acidente sem Vítimas;299,5;BR-040/MG;Sul;Capotamento;1;0;0;0;0;0;0;0;0;0;1;0;0;0;0
01/04/2021;22:50:00;328;Acidente sem Vítimas;5,1;BR-040/MG;Sul;Tombamento de Moto;0;0;0;1;0;0;0;0;0;0;0;0;0;0;0
01/04/2021;23:50:00;339;Acidente sem Vítimas;3,5;BR-040/DF;Norte;Choque c/ Objeto Fixo;1;0;0;0;0;1;0;0;0;0;3;0;0;0;0
02/04/2021;03:52:00;38;Acidente sem Vítimas;629,99;BR-040/MG;Sul;Atropelamento de Animal;2;0;0;0;0;0;0;0;0;0;1;0;0;0;0
02/04/2021;09:07:00;75;Acidente com Vítimas;675,8;BR-040/MG;Sul;Colisão lateral;2;0;0;0;0;1;0;0;0;0;0;1;0;0;0
02/04/2021;09:26:00;79;Acidente sem Vítimas;523,4;BR-040/MG;Norte;Colisão lateral;1;0;1;0;0;1;0;0;0;0;3;0;0;0;0
02/04/2021;10:48:00;98;Acidente com Vítimas;478,5;BR-040/MG;Norte;Capotamento;2;0;0;0;0;0;0;0;0;0;3;0;2;0;0
02/04/2021;14:00:00;129;Acidente com Vítimas;739,6;BR-040/MG;Norte;Tombamento;0;0;1;1;0;0;0;0;0;0;0;1;0;0;0
02/04/2021;14:09:00;130;Acidente Fatal;8,154;BR-040/GO;Sul;Atropelamento de Pedestre;1;0;0;0;0;0;0;0;0;0;1;0;0;0;1
02/04/2021;15:56:00;149;Acidente sem Vítimas;461,15;BR-040/MG;Norte;Tombamento;0;0;0;0;0;2;0;0;0;0;1;0;0;0;0
02/04/2021;17:26:00;156;Acidente com Vítimas;524,85;BR-040/MG;Norte;Atropelamento de Pedestre;0;0;0;1;0;0;0;0;0;0;1;1;0;0;0
02/04/2021;19:23:00;177;Acidente sem Vítimas;96,1;BR-040/GO;Sul;Colisão lateral;2;0;0;1;0;0;0;0;0;0;1;0;0;0;0
02/04/2021;19:56:00;185;Acidente com Vítimas;30,3;BR-040/GO;Norte;Atropelamento de Ciclista;0;1;0;0;0;1;0;0;0;0;1;1;0;0;0
02/04/2021;19:58:00;187;Acidente com Vítimas;2,4;BR-040/GO;Sul;Colisão traseira;2;0;0;0;0;0;0;0;0;0;0;3;0;0;0
02/04/2021;20:29:00;192;Acidente com Vítimas;4,5;BR-040/DF;Sul;Tombamento de Moto;0;0;0;0;0;1;0;0;0;0;0;0;0;0;0
03/04/2021;13:01:00;103;Acidente com Vítimas;615,95;BR-040/MG;Sul;Choque c/ Objeto Fixo;1;0;0;0;0;0;0;0;0;0;0;1;0;0;0
03/04/2021;13:28:00;105;Acidente sem Vítimas;471,15;BR-040/MG;Norte;Colisão traseira;1;0;0;0;0;1;0;0;0;0;2;0;0;0;0
03/04/2021;14:11:00;115;Acidente com Vítimas;563,21;BR-040/MG;Norte;Tombamento de Moto;0;0;0;1;0;0;0;0;0;0;1;1;0;0;0
03/04/2021;19:16:00;170;Acidente sem Vítimas;5,4;BR-040/DF;Norte;Colisão lateral;0;0;0;0;0;2;0;0;0;0;0;0;0;0;0
03/04/2021;21:15:00;190;Acidente sem Vítimas;527,5;BR-040/MG;Sul;Choque c/ Objeto Fixo;0;0;1;0;0;1;0;0;0;0;1;0;0;0;0
03/04/2021;22:06:00;200;Acidente com Vítimas;571,2;BR-040/MG;Norte;Colisão traseira;0;1;0;0;1;1;0;0;0;0;1;0;1;0;0
03/04/2021;23:58:00;211;Acidente sem Vítimas;13,8;BR-040/GO;Norte;Choque c/ Objeto Fixo;0;0;0;0;0;1;0;0;0;0;0;0;0;0;0
04/04/2021;04:44:00;17;Acidente com Vítimas;144,9;BR-040/MG;Sul;Colisão traseira;2;0;0;1;0;0;0;0;0;0;0;0;1;0;0
04/04/2021;06:54:00;25;Acidente sem Vítimas;473,4;BR-040/MG;Norte;Choque c/ Objeto Fixo;2;0;0;0;0;1;0;0;0;0;4;0;0;0;0
04/04/2021;10:55:00;45;Acidente sem Vítimas;467,5;BR-040/MG;Sul;Colisão traseira;3;0;0;0;0;0;0;0;0;0;4;0;0;0;0
04/04/2021;11:14:00;48;Acidente sem Vítimas;6,8;BR-040/GO;Sul;Colisão traseira;2;0;0;0;0;0;0;0;0;0;1;0;0;0;0
04/04/2021;14:07:00;86;Acidente com Vítimas;510;BR-040/MG;Sul;Colisão lateral;1;0;0;2;0;1;0;0;0;0;1;0;1;1;0
04/04/2021;16:42:00;108;Acidente sem Vítimas;527,5;BR-040/MG;Sul;Tombamento de Moto;0;0;0;1;0;0;0;0;0;0;1;0;0;0;0
04/04/2021;16:51:00;113;Acidente sem Vítimas;43,12;BR-040/GO;Norte;Capotamento;2;0;0;0;0;0;0;0;0;0;2;0;0;0;0
04/04/2021;16:52:00;116;Acidente Fatal;43,5;BR-040/GO;Norte;Colisão frontal;1;0;0;1;0;1;0;0;0;0;4;0;0;2;1
04/04/2021;17:07:00;118;Acidente sem Vítimas;527,5;BR-040/MG;Norte;Colisão lateral;2;0;0;0;0;0;0;0;0;0;2;0;0;0;0
04/04/2021;17:18:00;124;Acidente sem Vítimas;462,2;BR-040/MG;Sul;Queda de Ribanceira;0;1;1;1;0;0;0;0;0;0;0;0;0;0;0
04/04/2021;18:55:00;152;Acidente com Vítimas;6,9;BR-040/GO;Norte;Atropelamento de Pedestre;0;0;0;0;0;1;0;0;0;0;0;1;0;0;0
04/04/2021;19:56:00;163;Acidente com Vítimas;632,2;BR-040/MG;Norte;Colisão lateral;1;0;0;1;0;0;0;0;0;0;2;0;0;0;0
04/04/2021;21:06:00;181;Acidente sem Vítimas;507,1;BR-040/MG;Sul;Engavetamento;4;0;0;0;0;0;0;0;0;0;5;0;0;0;0
05/04/2021;06:59:00;130;Acidente sem Vítimas;523,3;BR-040/MG;Sul;Colisão lateral;1;0;0;0;0;0;0;0;0;0;2;0;0;0;0
05/04/2021;07:12:00;139;Acidente sem Vítimas;548,502;BR-040/MG;Sul;Capotamento;2;0;0;0;1;1;0;0;0;0;2;0;0;1;0
05/04/2021;07:43:00;147;Acidente com Vítimas;530,5;BR-040/MG;Norte;Tombamento de Moto;0;0;0;1;0;0;0;0;0;0;0;1;0;1;0
05/04/2021;12:06:00;202;Acidente com Vítimas;533,7;BR-040/MG;Norte;Tombamento de Moto;0;0;0;1;0;0;0;0;0;0;1;1;0;0;0
05/04/2021;12:56:00;209;Acidente com Vítimas;528,6;BR-040/MG;Norte;Colisão traseira;0;0;1;0;0;1;0;0;0;0;2;0;0;0;0
05/04/2021;18:26:00;259;Acidente sem Vítimas;658,2;BR-040/MG;Norte;Colisão lateral;2;0;0;0;0;0;0;0;0;0;3;0;0;0;0
05/04/2021;19:52:00;293;Acidente com Vítimas;605,1;BR-040/MG;Sul;Tombamento de Moto;0;0;0;1;0;0;0;0;0;0;1;0;1;0;0
05/04/2021;20:34:00;305;Acidente sem Vítimas;92,55;BR-040/GO;Norte;Choque c/ Objeto Fixo;1;0;0;0;0;0;0;0;0;0;1;0;0;0;0
06/04/2021;08:21:00;149;Acidente sem Vítimas;97,38;BR-040/GO;Norte;Atropelamento de Animal;2;0;0;0;0;0;0;0;0;0;1;0;0;0;0
06/04/2021;13:00:00;197;Acidente com Vítimas;132,2;BR-040/GO;Norte;Tombamento;0;0;0;0;1;1;0;0;0;0;1;0;1;0;0
06/04/2021;14:18:00;213;Acidente sem Vítimas;686,41;BR-040/MG;Sul;Capotamento;0;0;0;0;0;2;0;0;0;0;2;0;0;0;0
06/04/2021;19:03:00;263;Acidente sem Vítimas;1,3;BR-040/GO;Sul;Colisão traseira;1;0;0;1;0;1;0;0;0;0;3;1;0;0;0
06/04/2021;20:12:00;279;Acidente com Vítimas;446,2;BR-040/MG;Norte;Choque c/ Objeto Fixo;1;0;0;0;0;0;0;0;0;0;1;0;1;0;0
06/04/2021;20:14:00;280;Acidente sem Vítimas;319,3;BR-040/MG;Norte;Atropelamento de Animal;0;0;0;0;0;0;0;0;0;0;0;0;0;0;0
06/04/2021;20:54:00;288;Acidente sem Vítimas;732,1;BR-040/MG;Sul;Choque c/ Objeto Fixo;1;0;0;0;0;0;0;0;0;0;1;0;0;0;0
07/04/2021;02:36:00;64;Acidente sem Vítimas;101,1;BR-040/GO;Sul;Atropelamento de Animal;0;0;0;0;1;0;0;0;0;0;0;0;0;0;0
07/04/2021;07:37:00;118;Acidente com Vítimas;563,279;Fora_Rota;Norte;Queda Veículo;0;0;0;0;0;0;0;0;0;0;0;0;0;0;0
07/04/2021;11:27:00;172;Acidente sem Vítimas;716,6;BR-040/MG;Sul;Choque c/ Objeto Fixo;1;0;0;0;0;0;0;0;0;0;1;0;0;0;0
07/04/2021;21:06:00;289;Acidente sem Vítimas;520,1;BR-040/MG;Norte;Atropelamento de Animal;0;0;2;0;0;0;0;0;0;0;1;0;0;0;0
07/04/2021;22:02:00;300;Acidente com Vítimas;568,3;BR-040/MG;Sul;Atropelamento de Pedestre;1;0;2;0;0;1;0;0;0;0;2;0;0;1;0
08/04/2021;06:07:00;89;Acidente Fatal;749,8;BR-040/MG;Norte;Tombamento;0;0;0;0;1;1;0;0;0;0;6;0;0;0;1
08/04/2021;06:53:00;111;Acidente com Vítimas;516,15;BR-040/MG;Sul;Colisão lateral;0;0;1;1;1;0;0;0;0;0;2;1;0;0;0
08/04/2021;14:37:00;190;Acidente com Vítimas;728,5;BR-040/MG;Sul;Choque c/ Objeto Fixo;0;0;1;0;0;1;0;0;0;0;1;0;0;0;0
08/04/2021;15:29:00;196;Acidente sem Vítimas;728,5;BR-040/MG;Sul;Choque c/ Objeto Fixo;0;0;1;0;0;1;0;0;0;0;1;0;0;0;0
08/04/2021;15:58:00;200;Acidente sem Vítimas;628,3;BR-040/MG;Sul;Colisão traseira;1;1;0;0;0;0;0;0;0;0;2;0;0;0;0
08/04/2021;17:10:00;217;Acidente com Vítimas;556,5;BR-040/MG;Sul;Capotamento;2;0;0;0;0;0;0;0;0;0;1;0;1;0;0
08/04/2021;17:16:00;220;Acidente com Vítimas;530,85;BR-040/MG;Sul;Colisão transversal;0;0;0;1;0;1;0;0;0;0;2;0;1;0;0
08/04/2021;17:17:00;218;Acidente sem Vítimas;541,1;BR-040/MG;Norte;Colisão traseira;2;0;0;0;0;0;0;0;0;0;2;0;0;0;0
08/04/2021;20:34:00;269;Acidente sem Vítimas;106,2;BR-040/GO;Norte;Queda de Ribanceira;0;0;0;0;0;4;0;0;0;0;1;0;0;0;0
08/04/2021;20:38:00;267;Acidente com Vítimas;10,2;BR-040/MG;Sul;Tombamento de Moto;0;0;0;0;1;1;0;0;0;0;1;0;0;0;0
08/04/2021;21:06:00;275;Acidente sem Vítimas;755,1;BR-040/MG;Norte;Choque c/ Objeto Fixo;1;0;0;0;0;0;0;0;0;0;1;0;0;0;0
09/04/2021;06:17:00;113;Acidente sem Vítimas;706,9;BR-040/MG;Sul;Choque c/ Objeto Fixo;2;0;0;0;0;0;0;0;0;0;0;1;0;0;0
09/04/2021;08:06:00;145;Acidente sem Vítimas;530,15;BR-040/MG;Sul;Colisão traseira;3;0;0;0;0;0;0;0;0;0;2;0;0;0;0
09/04/2021;13:31:00;200;Acidente sem Vítimas;85,4;BR-040/MG;Sul;Colisão traseira;0;0;1;0;1;0;0;0;0;0;2;0;0;0;0
09/04/2021;13:35:00;202;Acidente sem Vítimas;586,1;BR-040/MG;Sul;Colisão traseira;0;0;0;0;2;1;0;0;0;0;0;0;0;0;0
09/04/2021;13:42:00;203;Acidente sem Vítimas;5,5;BR-040/DF;Norte;Capotamento;2;0;0;0;0;0;0;0;0;0;0;0;0;0;0
09/04/2021;14:15:00;208;Acidente sem Vítimas;505,1;BR-040/MG;Norte;Colisão lateral;2;0;0;0;1;0;0;0;0;0;0;0;0;0;0
09/04/2021;14:29:00;212;Acidente com Vítimas;8,1;BR-040/DF;Norte;Colisão lateral;1;0;0;1;0;0;0;0;0;0;2;1;0;0;0
09/04/2021;16:05:00;229;Acidente com Vítimas;556,2;BR-040/MG;Norte;Colisão traseira;0;0;0;1;1;3;0;0;0;0;1;0;0;0;0
09/04/2021;16:41:00;236;Acidente sem Vítimas;1,22;BR-040/DF;Sul;Colisão lateral;1;1;0;0;0;0;0;0;0;0;2;0;0;0;0
09/04/2021;18:12:00;262;Acidente sem Vítimas;617,2;BR-040/MG;Sul;Colisão lateral;3;0;0;0;1;0;0;0;0;0;26;0;0;0;0
09/04/2021;18:35:00;267;Acidente sem Vítimas;695,3;BR-040/MG;Sul;Colisão traseira;2;0;0;0;0;0;0;0;0;0;3;0;0;0;0
09/04/2021;19:53:00;292;Acidente com Vítimas;11,15;BR-040/GO;Norte;Tombamento de Moto;0;0;0;3;0;0;0;0;0;0;3;0;0;0;0
09/04/2021;19:58:00;293;Acidente sem Vítimas;529,8;BR-040/MG;Norte;Colisão lateral;0;0;1;0;0;1;0;0;0;0;2;0;0;0;0
09/04/2021;20:43:00;310;Acidente sem Vítimas;11,15;BR-040/GO;Norte;Choque c/ Veículo Parado;0;0;0;3;0;0;0;0;0;0;4;0;0;0;0
09/04/2021;22:11:00;333;Acidente sem Vítimas;521,5;BR-040/MG;Norte;Choque com objeto;1;1;1;0;0;0;0;0;0;0;3;0;0;0;0
09/04/2021;23:21:00;346;Acidente sem Vítimas;130,245;BR-040/MG;Sul;Colisão lateral;2;0;0;0;0;1;0;0;0;0;3;0;0;0;0
10/04/2021;01:15:00;17;Acidente com Vítimas;522,13;BR-040/MG;Norte;Capotamento;4;0;0;0;0;0;0;0;0;0;3;0;2;0;0
10/04/2021;08:31:00;87;Acidente sem Vítimas;10,2;BR-040/GO;Sul;Atropelamento de Ciclista;0;1;0;0;0;1;0;0;0;0;2;0;0;0;0
10/04/2021;09:17:00;93;Acidente sem Vítimas;525,45;BR-040/MG;Norte;Colisão lateral;1;0;0;0;1;0;0;0;0;0;0;0;0;0;0
10/04/2021;09:54:00;100;Acidente com Vítimas;520;BR-040/MG;Norte;Engavetamento;2;0;0;0;0;2;0;0;0;0;4;1;0;0;0
10/04/2021;11:23:00;113;Acidente com Vítimas;566,78;BR-040/MG;Norte;Choque c/ Objeto Fixo;1;0;0;0;0;0;0;0;0;0;1;1;0;0;0
10/04/2021;11:47:00;116;Acidente sem Vítimas;533,25;BR-040/MG;Norte;Engavetamento;4;0;0;0;0;1;0;0;0;0;5;0;0;0;0
10/04/2021;12:57:00;129;Acidente sem Vítimas;513;BR-040/MG;Sul;Capotamento;2;0;0;0;0;0;0;0;0;0;1;0;0;0;0
10/04/2021;17:48:00;182;Acidente com Vítimas;516,3;BR-040/MG;Norte;Colisão traseira;0;0;0;0;0;3;0;0;0;0;1;1;0;0;0
10/04/2021;19:07:00;200;Acidente com Vítimas;3,35;BR-040/DF;Norte;Colisão traseira;1;0;0;1;0;0;0;0;0;0;1;1;0;0;0
10/04/2021;19:20:00;204;Acidente Fatal;423,5;BR-040/MG;Norte;Atropelamento de Pedestre;0;0;0;0;4;1;0;0;0;0;1;0;0;0;1