data;horario;n_da_ocorrencia;tipo_de_ocorrencia;km;trecho;sentido;tipo_de_acidente;automovel;bicicleta;caminhao;moto;onibus;outros;tracao_animal;transporte_de_cargas_especiais;trator_maquinas;utilitarios;ilesos;levemente_feridos;moderadamente_feridos;gravemente_feridos;mortos
10/04/2021;19:32:00;208;Acidente com Vítimas;508,1;BR-040/MG;Norte;Atropelamento de Pedestre;2;0;0;0;0;0;0;0;0;0;1;0;2;0;0
10/04/2021;19:52:00;212;Acidente sem Vítimas;4,32;BR-040/DF;Sul;Atropelamento de Ciclista;0;2;0;0;0;0;0;0;0;0;1;0;0;0;0
10/04/2021;21:43:00;225;Acidente sem Vítimas;7,5;BR-040/GO;Sul;Colisão traseira;2;0;0;0;0;0;0;0;0;0;6;0;0;0;0
10/04/2021;23:28:00;238;Acidente com Vítimas;549,3;BR-040/MG;Sul;Colisão traseira;1;0;0;1;1;1;0;0;0;0;2;1;0;0;0
11/04/2021;06:38:00;23;Acidente sem Vítimas;513,15;BR-040/MG;Sul;Outros;1;0;0;1;0;0;0;0;0;0;2;1;0;0;0
11/04/2021;08:47:00;42;Acidente com Vítimas;88,8;BR-040/MG;Norte;Tombamento de Moto;0;0;0;1;0;2;0;0;0;0;2;1;0;0;0
11/04/2021;14:59:00;88;Acidente com Vítimas;519,95;BR-040/MG;Sul;Capotamento;1;0;0;0;0;1;0;0;0;0;2;0;5;0;0
11/04/2021;19:52:00;150;Acidente com Vítimas;6,5;BR-040/GO;Sul;Choque c/ Objeto Fixo;1;0;0;0;0;0;0;0;0;0;3;2;0;0;0
11/04/2021;20:27:00;160;Acidente com Vítimas;701,9;BR-040/MG;Norte;Colisão frontal;1;0;0;1;0;0;0;0;0;0;2;0;2;0;0
12/04/2021;07:05:00;101;Acidente com Vítimas;3,2;BR-040/DF;Sul;Colisão traseira;4;0;0;0;0;1;0;0;0;0;1;0;0;0;0
12/04/2021;11:03:00;162;Acidente com Vítimas;735,8;BR-040/MG;Sul;Choque c/ Objeto Fixo;1;0;0;0;0;1;0;0;0;0;1;1;1;0;0
12/04/2021;12:29:00;185;Acidente sem Vítimas;0,12;BR-040/GO;Norte;Tombamento de Moto;1;0;0;2;0;0;0;0;0;0;1;1;0;0;0
12/04/2021;14:27:00;210;Acidente sem Vítimas;463,3;BR-040/MG;Sul;Capotamento;2;0;0;0;0;0;0;0;0;0;1;0;0;0;0
12/04/2021;16:05:00;234;Acidente sem Vítimas;750,2;BR-040/MG;Norte;Colisão lateral;1;0;0;0;0;1;0;0;0;0;2;0;0;0;0
12/04/2021;17:13:00;242;Acidente com Vítimas;523,5;BR-040/MG;Sul;Colisão traseira;0;1;0;0;0;3;0;0;0;0;2;1;0;0;0
12/04/2021;20:21:00;285;Acidente com Vítimas;31,35;BR-040/GO;Norte;Atropelamento de Animal;1;0;0;0;0;0;0;0;0;0;1;1;0;0;0
13/04/2021;07:52:00;141;Acidente sem Vítimas;524,5;BR-040/MG;Norte;Colisão traseira;0;0;1;0;0;1;0;0;0;0;2;0;0;0;0
13/04/2021;08:55:00;154;Acidente com Vítimas;706,8;BR-040/MG;Sul;Capotamento;2;0;0;0;0;0;0;0;0;0;0;1;0;0;0
13/04/2021;10:32:00;178;Acidente sem Vítimas;717,5;BR-040/MG;Norte;Choque c/ Objeto Fixo;0;0;0;0;0;1;0;0;0;0;1;0;0;0;0
13/04/2021;11:05:00;186;Acidente com Vítimas;749,9;BR-040/MG;Norte;Choque c/ Objeto Fixo;1;0;0;0;0;0;0;0;0;0;1;1;0;0;0
13/04/2021;11:20:00;189;Acidente com Vítimas;731,9;BR-040/MG;Sul;Choque c/ Objeto Fixo;1;0;0;0;0;0;0;0;0;0;1;0;1;0;0
13/04/2021;13:44:00;212;Acidente sem Vítimas;740,1;BR-040/MG;Sul;Choque c/ Objeto Fixo;1;0;0;0;0;0;0;0;0;0;2;0;0;0;0
13/04/2021;19:08:00;274;Acidente sem Vítimas;537,15;BR-040/MG;Sul;Colisão traseira;1;0;0;1;0;1;0;0;0;0;2;0;0;0;0
13/04/2021;22:18:00;313;Acidente sem Vítimas;3,51;BR-040/GO;Sul;Atropelamento de Ciclista;0;0;0;0;0;1;0;0;0;0;0;0;1;0;0
14/04/2021;00:46:00;70;Acidente com Vítimas;730,25;BR-040/MG;Norte;Choque c/ Objeto Fixo;2;0;0;0;0;0;0;0;0;0;1;0;2;0;0
14/04/2021;06:50:00;149;Acidente sem Vítimas;592,905;BR-040/MG;Norte;Choque c/ Objeto Fixo;1;0;0;0;0;1;0;0;0;0;1;0;0;0;0
14/04/2021;07:14:00;153;Acidente sem Vítimas;606,81;BR-040/MG;Norte;Colisão traseira;2;0;0;0;0;2;0;0;0;0;2;0;0;0;0
14/04/2021;07:50:00;160;Acidente com Vítimas;7,3;BR-040/GO;Norte;Colisão traseira;1;0;0;2;0;0;0;0;0;0;3;1;0;0;0
14/04/2021;10:28:00;198;Acidente sem Vítimas;290,175;BR-040/MG;Norte;Choque c/ Objeto Fixo;2;0;0;0;0;0;0;0;0;0;1;0;0;0;0
14/04/2021;11:02:00;205;Acidente com Vítimas;521;BR-040/MG;Sul;Tombamento de Moto;0;0;0;0;0;1;0;0;0;0;1;2;0;0;0
14/04/2021;13:43:00;224;Acidente sem Vítimas;747,35;BR-040/MG;Sul;Colisão transversal;0;0;0;1;1;0;0;0;0;0;2;0;0;0;0
14/04/2021;14:26:00;235;Acidente com Vítimas;8,2;BR-040/DF;Sul;Colisão lateral;0;0;0;1;0;1;0;0;0;0;2;0;0;0;0
14/04/2021;19:46:00;288;Acidente sem Vítimas;538,1;BR-040/MG;Norte;Engavetamento;1;0;0;1;1;0;0;0;0;0;3;0;0;0;0
15/04/2021;01:35:00;58;Acidente sem Vítimas;717,4;BR-040/MG;Sul;Choque c/ Objeto Fixo;2;0;0;0;0;0;0;0;0;0;2;0;0;0;0
15/04/2021;02:11:00;69;Acidente sem Vítimas;456,4;BR-040/MG;Sul;Tombamento;0;0;4;0;0;1;0;0;0;0;1;0;0;0;0
15/04/2021;06:19:00;107;Acidente sem Vítimas;614,82;BR-040/MG;Norte;Colisão lateral;0;0;0;1;3;0;0;0;0;0;2;0;0;0;0
15/04/2021;07:37:00;135;Acidente com Vítimas;3,2;BR-040/DF;Norte;Colisão lateral;1;0;0;1;0;0;0;0;0;0;2;1;0;0;0
15/04/2021;09:21:00;167;Acidente com Vítimas;602,35;BR-040/MG;Sul;Colisão transversal;0;0;0;0;0;2;0;0;0;1;1;1;0;0;0
15/04/2021;10:05:00;181;Acidente com Vítimas;4,2;BR-040/GO;Norte;Engavetamento;2;0;0;0;0;2;0;0;0;0;3;5;0;0;0
15/04/2021;10:51:00;191;Acidente sem Vítimas;22,63;BR-040/GO;Sul;Capotamento;0;0;0;0;0;0;0;0;0;2;1;0;0;0;0
15/04/2021;11:00:00;192;Acidente sem Vítimas;526,3;BR-040/MG;Norte;Choque c/ Objeto Fixo;1;0;0;0;0;0;0;0;0;0;1;0;0;0;0
15/04/2021;13:46:00;213;Acidente sem Vítimas;549,15;BR-040/MG;Norte;Colisão lateral;0;0;0;1;0;1;0;0;0;0;2;0;0;0;0
15/04/2021;13:56:00;214;Acidente sem Vítimas;2,242;BR-040/GO;Norte;Colisão traseira;2;0;0;0;0;1;0;0;0;0;2;0;0;0;0
15/04/2021;15:13:00;224;Acidente com Vítimas;62,5;BR-040/GO;Sul;Choque c/ Objeto Fixo;1;0;0;0;0;0;0;0;0;0;1;0;0;0;0
15/04/2021;18:32:00;262;Acidente sem Vítimas;127,3;BR-040/GO;Sul;Atropelamento de Animal;1;0;0;0;0;0;0;0;0;0;3;0;0;0;0
15/04/2021;19:43:00;278;Acidente com Vítimas;93,209;BR-040/GO;Norte;Choque c/ Objeto Fixo;1;0;0;0;0;0;0;0;0;0;0;1;0;0;0
15/04/2021;19:49:00;281;Acidente com Vítimas;533,1;BR-040/MG;Sul;Capotamento;2;0;0;0;0;1;0;0;0;0;1;1;0;0;0
15/04/2021;19:57:00;285;Acidente sem Vítimas;2,8;BR-040/GO;Sul;Colisão transversal;1;0;0;1;0;2;0;0;0;0;0;0;0;0;0
15/04/2021;21:23:00;299;Acidente sem Vítimas;705,1;BR-040/MG;Sul;Choque c/ Objeto Fixo;2;0;0;0;0;0;0;0;0;0;1;0;0;0;0
15/04/2021;22:04:00;311;Acidente com Vítimas;552,15;BR-040/MG;Sul;Choque c/ Objeto Fixo;1;0;0;0;0;0;0;0;0;0;0;1;0;0;0
15/04/2021;22:09:00;312;Acidente com Vítimas;5,2;BR-040/DF;Sul;Colisão traseira;1;0;0;0;0;1;0;0;0;0;0;0;0;0;0
16/04/2021;03:57:00;76;Acidente com Vítimas;512,95;BR-040/MG;Norte;Colisão traseira;0;0;6;0;0;0;0;0;0;0;3;0;1;0;0
16/04/2021;06:15:00;98;Acidente com Vítimas;7,5;BR-040/GO;Norte;Colisão traseira;1;0;0;1;0;2;0;0;0;0;2;0;1;0;0
16/04/2021;07:37:00;125;Acidente sem Vítimas;522,1;BR-040/MG;Sul;Colisão traseira;1;0;0;0;0;1;0;0;0;0;2;0;0;0;0
16/04/2021;07:43:00;127;Acidente sem Vítimas;527,1;BR-040/MG;Sul;Colisão traseira;1;0;1;0;0;0;0;0;0;0;0;0;0;0;0
16/04/2021;07:47:00;129;Acidente com Vítimas;6,3;BR-040/DF;Norte;Colisão traseira;1;0;0;1;0;0;0;0;0;0;1;0;1;0;0
16/04/2021;09:51:00;149;Acidente sem Vítimas;56,2;BR-040/GO;Norte;Choque com objeto;1;0;0;0;0;1;0;0;0;0;1;0;0;0;0
16/04/2021;10:01:00;153;Acidente sem Vítimas;770,6;BR-040/MG;Norte;Colisão frontal;1;0;0;0;0;2;0;0;0;0;2;0;1;0;0
16/04/2021;10:33:00;156;Acidente sem Vítimas;480,15;BR-040/MG;Norte;Choque c/ Objeto Fixo;0;0;1;0;0;1;0;0;0;0;1;0;0;0;0
16/04/2021;10:52:00;158;Acidente sem Vítimas;546,6;BR-040/MG;Sul;Tombamento de Moto;0;0;0;0;0;1;0;0;0;0;21;1;0;0;0
16/04/2021;16:32:00;208;Acidente sem Vítimas;538,3;BR-040/MG;Norte;Colisão traseira;2;0;0;0;0;0;0;0;0;0;2;0;0;0;0
16/04/2021;17:25:00;222;Acidente com Vítimas;1,5;BR-040/DF;Sul;Colisão lateral;1;0;0;1;0;1;0;0;0;0;5;0;0;0;0
16/04/2021;17:29:00;223;Acidente sem Vítimas;545,3;BR-040/MG;Norte;Colisão traseira;3;0;0;0;0;0;0;0;0;0;2;0;0;0;0
16/04/2021;18:02:00;231;Acidente sem Vítimas;539,1;BR-040/MG;Norte;Colisão traseira;0;0;1;0;1;0;0;0;0;0;2;0;0;0;0
16/04/2021;18:06:00;233;Acidente com Vítimas;538,1;BR-040/MG;Norte;Colisão traseira;0;0;1;3;0;0;0;0;0;0;2;0;0;0;0
16/04/2021;18:45:00;245;Acidente sem Vítimas;524,1;BR-040/MG;Norte;Engavetamento;3;0;0;0;0;0;0;0;0;0;3;0;0;0;0
16/04/2021;19:37:00;261;Acidente sem Vítimas;459,1;BR-040/MG;Norte;Choque com objeto;2;0;0;0;0;1;0;0;0;0;1;0;0;0;0
16/04/2021;20:11:00;276;Acidente sem Vítimas;2,2;BR-040/GO;Sul;Colisão lateral;1;0;0;1;0;0;0;0;0;0;2;0;0;0;0
16/04/2021;22:17:00;305;Acidente com Vítimas;656,3;BR-040/MG;Sul;Capotamento;2;0;0;0;0;0;0;0;0;0;0;0;0;0;0
16/04/2021;22:40:00;308;Acidente sem Vítimas;656,29;BR-040/MG;Norte;Colisão traseira;2;0;0;0;0;1;0;0;0;0;1;0;0;0;0
17/04/2021;16:20:00;162;Acidente sem Vítimas;511,1;BR-040/MG;Sul;Colisão traseira;1;0;0;1;0;0;0;0;0;0;2;0;0;0;0
17/04/2021;20:31:00;229;Acidente com Vítimas;511,5;BR-040/MG;Norte;Queda Veículo;0;0;0;2;0;1;0;0;0;0;1;1;0;0;0
17/04/2021;21:00:00;236;Acidente com Vítimas;537;BR-040/MG;Norte;Atropelamento de Ciclista;1;0;0;0;0;0;0;0;0;0;1;0;1;0;0
17/04/2021;22:04:00;244;Acidente sem Vítimas;52,9;BR-040/MG;Norte;Capotamento;1;0;0;0;0;0;0;0;0;0;1;0;0;0;0
17/04/2021;22:44:00;247;Acidente com Vítimas;3,15;BR-040/GO;Sul;Choque c/ Objeto Fixo;1;0;0;0;0;0;0;0;0;0;2;1;0;0;0
18/04/2021;05:40:00;51;Acidente Fatal;729,81;BR-040/MG;Sul;Colisão traseira;0;0;2;0;0;0;0;0;0;0;1;0;0;0;1
18/04/2021;17:01:00;154;Acidente sem Vítimas;538;BR-040/MG;Norte;Choque c/ Objeto Fixo;2;0;0;0;0;0;0;0;0;0;1;0;0;0;0
18/04/2021;20:13:00;203;Acidente sem Vítimas;751,3;BR-040/MG;Norte;Choque c/ Objeto Fixo;1;0;0;0;0;0;0;0;0;0;1;0;0;0;0
18/04/2021;21:14:00;216;Acidente com Vítimas;458,85;BR-040/MG;Norte;Choque c/ Objeto Fixo;1;0;0;0;0;0;0;0;0;0;1;0;1;0;0
19/04/2021;03:44:00;49;Acidente Fatal;634,12;BR-040/MG;Norte;Choque c/ Objeto Fixo;1;0;0;0;0;1;0;0;0;0;0;0;0;0;2
19/04/2021;07:23:00;108;Acidente com Vítimas;535,3;BR-040/MG;Norte;Tombamento de Moto;0;0;0;1;0;0;0;0;0;0;1;1;0;0;0
19/04/2021;08:38:00;130;Acidente sem Vítimas;515,15;BR-040/MG;Sul;Engavetamento;1;0;0;2;0;1;0;0;0;0;3;0;0;0;0
19/04/2021;08:59:00;137;Acidente com Vítimas;534,205;BR-040/MG;Sul;Colisão traseira;0;0;0;1;0;1;0;0;0;0;2;0;1;0;0
19/04/2021;12:34:00;172;Acidente sem Vítimas;7,9;BR-040/GO;Sul;Colisão traseira;1;0;0;0;0;1;0;0;0;0;2;0;0;0;0
19/04/2021;14:46:00;199;Acidente com Vítimas;538,82;BR-040/MG;Norte;Colisão lateral;1;0;0;2;0;0;0;0;0;0;2;1;0;0;0
19/04/2021;15:18:00;209;Acidente com Vítimas;698,95;BR-040/MG;Norte;Colisão transversal;1;0;0;0;1;1;0;0;0;0;2;1;0;0;0
19/04/2021;16:05:00;215;Acidente com Vítimas;434,5;BR-040/MG;Sul;Colisão traseira;1;0;2;0;1;1;0;0;0;0;2;0;0;1;0
19/04/2021;16:51:00;225;Acidente com Vítimas;510,5;BR-040/MG;Norte;Tombamento de Moto;0;0;0;1;0;0;0;0;0;0;1;0;1;0;0
19/04/2021;17:06:00;226;Acidente com Vítimas;523,6;BR-040/MG;Norte;Colisão lateral;0;0;0;1;1;0;0;0;0;0;2;1;0;0;0
19/04/2021;17:12:00;229;Acidente sem Vítimas;548,15;BR-040/MG;Norte;Colisão traseira;1;0;0;0;1;0;0;0;0;0;2;0;0;0;0
19/04/2021;17:18:00;230;Acidente sem Vítimas;25,602;BR-040/GO;Sul;Tombamento de Moto;0;0;0;0;0;3;0;0;0;0;0;0;0;0;0
19/04/2021;17:25:00;232;Acidente sem Vítimas;718,3;BR-040/MG;Norte;Choque c/ Objeto Fixo;1;0;0;0;0;0;0;0;0;0;1;0;0;0;0
19/04/2021;17:59:00;238;Acidente com Vítimas;758,48;BR-040/MG;Norte;Colisão traseira;1;0;0;2;0;0;0;0;0;0;2;1;0;0;0
19/04/2021;18:24:00;241;Acidente com Vítimas;4,5;BR-040/DF;Sul;Colisão traseira;1;0;0;1;0;0;0;0;0;0;3;0;0;0;0
19/04/2021;19:10:00;250;Acidente sem Vítimas;498,25;BR-040/MG;Norte;Colisão lateral;1;0;1;0;0;1;0;0;0;0;2;0;0;0;0
19/04/2021;21:47:00;281;Acidente com Vítimas;550,6;BR-040/MG;Sul;Colisão traseira;0;0;3;0;2;0;0;0;0;0;2;0;1;0;0
19/04/2021;22:15:00;286;Acidente sem Vítimas;358,3;BR-040/MG;Sul;Colisão traseira;2;0;0;0;0;0;0;0;0;0;0;0;0;0;0
20/04/2021;00:40:00;12;Acidente Fatal;730,15;BR-040/MG;Sul;Capotamento;0;0;3;0;0;0;0;0;0;0;0;0;0;0;1
20/04/2021;04:29:00;69;Acidente Fatal;599,26;BR-040/MG;Sul;Colisão frontal;0;0;1;0;1;2;0;0;0;0;0;0;0;1;1
20/04/2021;06:57:00;102;Acidente com Vítimas;550,8;BR-040/MG;Sul;Colisão traseira;3;0;0;0;0;0;0;0;0;0;2;0;1;0;0
20/04/2021;07:44:00;116;Acidente com Vítimas;432,6;BR-040/MG;Sul;Colisão lateral;0;0;0;2;2;0;0;0;0;0;2;0;1;0;0
20/04/2021;08:01:00;118;Acidente sem Vítimas;6,2;BR-040/GO;Norte;Engavetamento;4;0;0;0;0;0;0;0;0;0;3;0;0;0;0
20/04/2021;08:22:00;123;Acidente sem Vítimas;541,15;BR-040/MG;Sul;Engavetamento;4;0;0;0;0;0;0;0;0;0;4;0;0;0;0
20/04/2021;11:33:00;160;Acidente sem Vítimas;530,8;BR-040/MG;Norte;Colisão lateral;1;0;0;1;0;0;0;0;0;0;2;0;0;0;0
20/04/2021;15:04:00;194;Acidente sem Vítimas;1,5;BR-040/GO;Norte;Colisão traseira;2;0;0;0;0;0;0;0;0;0;2;0;0;0;0
20/04/2021;15:25:00;197;Acidente sem Vítimas;534,1;BR-040/MG;Sul;Colisão lateral;0;0;1;0;0;1;0;0;0;0;2;0;0;0;0
20/04/2021;16:19:00;209;Acidente sem Vítimas;553,6;BR-040/MG;Norte;Colisão traseira;2;0;0;0;0;0;0;0;0;0;0;0;0;0;0
20/04/2021;17:08:00;219;Acidente com Vítimas;534,2;BR-040/MG;Norte;Engavetamento;0;0;0;2;1;0;0;0;0;0;4;2;0;0;0
20/04/2021;17:16:00;221;Acidente com Vítimas;573,3;BR-040/MG;Norte;Colisão transversal;1;0;0;1;0;0;0;0;0;0;4;0;1;0;0
21/04/2021;07:10:00;78;Acidente sem Vítimas;374,5;BR-040/MG;Sul;Colisão traseira;0;0;1;1;0;0;0;0;0;0;2;0;0;0;0
21/04/2021;11:08:00;124;Acidente sem Vítimas;738,8;BR-040/MG;Norte;Colisão traseira;0;0;0;0;2;0;0;0;0;0;2;0;0;0;0
21/04/2021;13:22:00;147;Acidente com Vítimas;1,5;BR-040/DF;Norte;Colisão traseira;1;0;0;2;0;1;0;0;0;0;2;1;0;0;0
21/04/2021;16:29:00;174;Acidente sem Vítimas;545,15;BR-040/MG;Norte;Colisão traseira;3;0;0;0;0;0;0;0;0;0;2;0;0;0;0
21/04/2021;18:50:00;198;Acidente com Vítimas;518,95;BR-040/MG;Sul;Colisão transversal;2;1;0;1;0;2;0;0;0;0;3;3;0;0;0
21/04/2021;18:56:00;199;Acidente sem Vítimas;652,1;BR-040/MG;Norte;Atropelamento de Animal;1;0;0;0;0;0;0;0;0;0;1;0;0;0;0
21/04/2021;20:16:00;210;Acidente Fatal;678,4;BR-040/MG;Sul;Colisão frontal;3;0;0;0;0;0;0;0;0;0;0;1;1;0;1
21/04/2021;23:36:00;249;Acidente sem Vítimas;358,15;BR-040/MG;Sul;Colisão transversal;0;0;1;0;0;1;0;0;0;0;2;0;0;0;0
21/04/2021;23:51:00;252;Acidente sem Vítimas;622,8;BR-040/MG;Norte;Capotamento;2;0;0;0;0;0;0;0;0;0;1;0;0;0;0
22/04/2021;01:21:00;43;Acidente sem Vítimas;58,1;BR-040/GO;Sul;Atropelamento de Animal;0;0;1;0;0;0;0;0;0;0;1;0;0;0;0
22/04/2021;07:35:00;160;Acidente com Vítimas;521,5;BR-040/MG;Sul;Colisão lateral;1;0;0;1;0;1;0;0;0;0;2;1;0;0;0
22/04/2021;12:21:00;230;Acidente com Vítimas;532,1;BR-040/MG;Sul;Engavetamento;2;0;0;0;0;1;0;0;0;0;2;1;0;0;0
22/04/2021;16:27:00;275;Acidente sem Vítimas;58,4;BR-040/GO;Sul;Colisão traseira;2;0;2;0;0;0;0;0;0;0;2;0;0;0;0
22/04/2021;17:11:00;285;Acidente Fatal;564,1;BR-040/MG;Sul;Colisão frontal;6;0;0;0;0;4;0;0;0;0;2;0;0;0;2
22/04/2021;18:06:00;296;Acidente sem Vítimas;530,1;BR-040/MG;Sul;Colisão lateral;1;0;1;0;0;0;0;0;0;0;2;0;0;0;0
22/04/2021;18:09:00;299;Acidente com Vítimas;2,35;BR-040/GO;Sul;Colisão traseira;2;0;0;2;0;1;0;0;0;0;3;1;0;0;0
22/04/2021;20:52:00;322;Acidente sem Vítimas;556,2;BR-040/MG;Sul;Colisão traseira;1;0;0;0;4;0;0;0;0;0;24;0;0;0;0
23/04/2021;05:07:00;79;Acidente sem Vítimas;588,4;BR-040/MG;Sul;Tombamento;0;0;0;1;1;1;0;0;0;0;0;0;0;0;0
23/04/2021;05:19:00;80;Acidente sem Vítimas;570,1;BR-040/MG;Sul;Colisão traseira;1;0;1;0;0;2;0;0;0;0;3;0;0;0;0
23/04/2021;06:43:00;97;Acidente sem Vítimas;524,3;BR-040/MG;Sul;Colisão traseira;0;0;2;0;0;1;0;0;0;0;2;0;0;0;0
23/04/2021;08:21:00;118;Acidente com Vítimas;699,89;BR-040/MG;Sul;Colisão lateral;2;0;0;1;0;0;0;0;0;0;1;1;0;0;0
23/04/2021;10:21:00;146;Acidente sem Vítimas;316,7;BR-040/MG;Norte;Choque c/ Objeto Fixo;1;0;0;0;0;0;0;0;0;0;3;0;0;0;0
23/04/2021;10:40:00;149;Acidente sem Vítimas;533,2;BR-040/MG;Sul;Colisão traseira;2;0;0;1;0;0;0;0;0;0;3;0;0;0;0
23/04/2021;12:20:00;166;Acidente com Vítimas;446,4;BR-040/MG;Sul;Tombamento de Moto;0;0;0;1;0;0;0;0;0;0;0;1;0;0;0
23/04/2021;13:22:00;178;Acidente com Vítimas;580,75;BR-040/MG;Sul;Capotamento;1;0;0;0;0;0;0;0;0;0;0;0;1;0;0
23/04/2021;14:44:00;197;Acidente sem Vítimas;503;BR-040/MG;Sul;Colisão traseira;1;0;0;0;0;2;0;0;0;0;2;0;0;0;0
23/04/2021;15:45:00;212;Acidente sem Vítimas;511;BR-040/MG;Sul;Colisão traseira;1;0;0;0;1;1;0;0;0;0;2;0;0;0;0
23/04/2021;17:22:00;234;Acidente sem Vítimas;748,1;BR-040/MG;Sul;Colisão lateral;2;0;0;2;2;0;0;0;0;0;2;0;0;0;0
23/04/2021;18:11:00;248;Acidente com Vítimas;627,3;BR-040/MG;Norte;Colisão traseira;1;0;0;1;0;2;0;0;0;0;2;1;0;0;0
23/04/2021;18:26:00;253;Acidente com Vítimas;50,6;BR-040/MG;Norte;Colisão lateral;1;0;1;0;0;0;0;0;0;0;0;1;0;0;0
23/04/2021;19:09:00;265;Acidente com Vítimas;12,3;BR-040/GO;Norte;Colisão traseira;2;0;0;0;0;0;0;0;0;0;1;0;1;0;0
24/04/2021;04:05:00;26;Acidente sem Vítimas;510,3;BR-040/MG;Norte;Choque c/ Objeto Fixo;2;0;0;0;0;0;0;0;0;0;1;0;0;0;0
24/04/2021;07:31:00;63;Acidente sem Vítimas;717,8;BR-040/MG;Sul;Choque c/ Objeto Fixo;0;0;2;1;0;0;0;0;0;0;1;0;0;0;0
24/04/2021;08:46:00;75;Acidente com Vítimas;770,1;BR-040/MG;Norte;Tombamento de Moto;0;0;0;1;0;0;0;0;0;0;0;1;0;0;0
24/04/2021;11:29:00;110;Acidente sem Vítimas;1,4;BR-040/GO;Norte;Colisão traseira;3;0;0;0;0;0;0;0;0;0;2;0;0;0;0
24/04/2021;14:08:00;140;Acidente sem Vítimas;513,85;BR-040/MG;Norte;Choque c/ Objeto Fixo;1;1;0;0;0;0;0;0;0;0;0;0;0;0;0
24/04/2021;15:10:00;148;Acidente com Vítimas;108,5;BR-040/GO;Norte;Colisão traseira;0;0;1;1;0;1;0;0;0;0;1;0;1;0;0
24/04/2021;20:27:00;206;Acidente sem Vítimas;609,15;BR-040/MG;Sul;Outros;2;0;0;0;0;1;0;0;0;0;2;0;0;0;0
24/04/2021;22:01:00;214;Acidente Fatal;497,69;BR-040/MG;Sul;Atropelamento de Pedestre;4;0;0;0;0;1;0;0;0;0;2;0;0;0;1
24/04/2021;22:37:00;216;Acidente sem Vítimas;700,3;BR-040/MG;Sul;Colisão frontal;1;0;0;1;0;1;0;0;0;0;2;0;2;0;0
25/04/2021;02:05:00;17;Acidente sem Vítimas;448,1;BR-040/MG;Sul;Choque c/ Objeto Fixo;1;0;0;0;0;0;0;0;0;0;1;0;0;0;0
25/04/2021;02:18:00;20;Acidente sem Vítimas;8,1;BR-040/GO;Norte;Colisão traseira;2;0;0;0;0;1;0;0;0;0;3;0;0;0;0
25/04/2021;10:23:00;78;Acidente com Vítimas;745,3;BR-040/MG;Sul;Colisão traseira;0;0;0;3;0;0;0;0;0;0;0;1;1;0;0
25/04/2021;12:26:00;101;Acidente com Vítimas;22,45;BR-040/GO;Sul;Colisão traseira;1;0;0;1;0;0;0;0;0;0;2;0;1;0;0
25/04/2021;17:20:00;172;Acidente com Vítimas;567,8;BR-040/MG;Sul;Colisão transversal;3;0;0;0;0;0;0;0;0;0;0;0;1;0;0
25/04/2021;17:25:00;171;Acidente com Vítimas;499,5;BR-040/MG;Sul;Colisão traseira;2;0;0;0;0;0;0;0;0;0;6;2;0;0;0
25/04/2021;18:05:00;181;Acidente com Vítimas;5,5;BR-040/GO;Sul;Capotamento;2;0;0;0;0;0;0;0;0;0;5;0;0;5;0
25/04/2021;18:11:00;183;Acidente sem Vítimas;509,9;BR-040/MG;Sul;Engavetamento;3;0;0;0;0;1;0;0;0;0;6;0;0;0;0
25/04/2021;18:22:00;187;Acidente com Vítimas;551;BR-040/MG;Norte;Colisão traseira;3;0;0;2;0;0;0;0;0;0;3;1;0;0;0
26/04/2021;03:14:00;90;Acidente com Vítimas;576,7;BR-040/MG;Norte;Colisão lateral;0;0;0;0;1;2;0;0;0;0;4;0;1;0;0
26/04/2021;07:56:00;141;Acidente com Vítimas;28,5;BR-040/MG;Sul;Colisão transversal;1;0;0;0;0;2;0;0;0;0;2;1;0;0;0
26/04/2021;08:17:00;153;Acidente sem Vítimas;3,156;BR-040/GO;Norte;Colisão traseira;3;0;0;0;0;0;0;0;0;0;2;0;0;0;0
26/04/2021;08:45:00;162;Acidente com Vítimas;463,2;BR-040/MG;Sul;Colisão traseira;1;0;0;0;0;1;0;0;0;0;2;2;0;0;0
26/04/2021;09:22:00;166;Acidente sem Vítimas;462,2;BR-040/MG;Sul;Choque c/ Objeto Fixo;1;0;0;0;0;0;0;0;0;0;1;0;0;0;0
26/04/2021;09:54:00;175;Acidente com Vítimas;1,99;BR-040/GO;Sul;Colisão traseira;1;0;0;1;0;0;0;0;0;0;2;0;1;0;0
26/04/2021;11:27:00;195;Acidente sem Vítimas;639,5;BR-040/MG;Sul;Colisão traseira;2;0;0;0;0;0;0;0;0;0;2;0;0;0;0
26/04/2021;12:13:00;206;Acidente com Vítimas;523,6;BR-040/MG;Norte;Colisão lateral;0;0;0;2;0;1;0;0;0;0;1;1;1;0;0
26/04/2021;14:44:00;241;Acidente sem Vítimas;520,1;BR-040/MG;Norte;Colisão traseira;0;0;0;0;0;2;0;0;0;0;2;0;0;0;0
26/04/2021;15:58:00;256;Acidente sem Vítimas;534,5;BR-040/MG;Sul;Colisão lateral;1;0;0;0;1;0;0;0;0;0;2;0;0;0;0
26/04/2021;17:02:00;269;Acidente sem Vítimas;542,8;BR-040/MG;Sul;Engavetamento;1;0;0;0;0;1;0;0;0;0;2;0;0;0;0
26/04/2021;17:52:00;279;Acidente com Vítimas;563,3;BR-040/MG;Norte;Colisão traseira;2;0;0;2;0;0;0;0;0;0;5;1;0;0;0
26/04/2021;18:14:00;287;Acidente sem Vítimas;2,5;BR-040/GO;Norte;Colisão traseira;1;0;0;1;0;0;0;0;0;0;2;0;0;0;0
26/04/2021;18:43:00;296;Acidente com Vítimas;126,9;BR-040/GO;Norte;Colisão traseira;0;0;1;0;1;0;0;0;0;0;0;2;0;0;0