data;horario;n_da_ocorrencia;tipo_de_ocorrencia;km;trecho;sentido;tipo_de_acidente;automovel;bicicleta;caminhao;moto;onibus;outros;tracao_animal;transporte_de_cargas_especiais;trator_maquinas;utilitarios;ilesos;levemente_feridos;moderadamente_feridos;gravemente_feridos;mortos
11/05/2021;17:41:00;212;Acidente com Vítimas;522,5;BR-040/MG;Norte;Colisão traseira;0;0;0;1;0;0;0;0;0;0;0;0;2;0;0
11/05/2021;18:11:00;217;Acidente com Vítimas;535,5;BR-040/MG;Norte;Colisão traseira;5;0;0;0;0;0;0;0;0;0;0;0;1;0;0
11/05/2021;18:26:00;225;Acidente com Vítimas;649,15;BR-040/MG;Sul;Colisão transversal;2;0;0;1;0;1;0;0;0;0;2;1;0;0;0
11/05/2021;19:07:00;239;Acidente com Vítimas;3,1;BR-040/DF;Sul;Colisão traseira;2;0;0;1;0;0;0;0;0;0;3;0;1;0;0
11/05/2021;19:43:00;248;Acidente sem Vítimas;545;BR-040/MG;Sul;Choque com objeto;1;0;0;1;0;0;0;0;0;0;0;0;0;0;0
11/05/2021;22:47:00;285;Acidente sem Vítimas;2,6;BR-040/GO;Sul;Atropelamento de Animal;0;0;0;0;0;1;0;0;0;0;1;0;0;0;0
11/05/2021;23:35:00;291;Acidente sem Vítimas;67,1;BR-040/GO;Sul;Atropelamento de Animal;2;0;0;0;0;0;0;0;0;0;2;0;0;0;0
12/05/2021;01:20:00;18;Acidente sem Vítimas;8,2;BR-040/GO;Norte;Choque com objeto;1;0;0;0;0;0;0;0;0;0;1;0;0;0;0
12/05/2021;06:44:00;87;Acidente sem Vítimas;3,2;BR-040/DF;Norte;Colisão lateral;1;0;0;0;0;2;0;0;0;0;1;1;0;0;0
12/05/2021;07:11:00;95;Acidente sem Vítimas;509,6;BR-040/MG;Norte;Choque c/ Objeto Fixo;1;0;0;0;0;0;0;0;0;0;1;0;0;0;0
12/05/2021;08:06:00;112;Acidente com Vítimas;4,5;BR-040/GO;Norte;Colisão lateral;1;0;0;1;0;0;0;0;0;0;2;1;0;0;0
12/05/2021;09:14:00;129;Acidente com Vítimas;440,5;BR-040/MG;Sul;Capotamento;1;0;0;0;0;1;0;0;0;0;1;0;0;0;0
12/05/2021;09:48:00;136;Acidente com Vítimas;577,2;BR-040/MG;Sul;Colisão traseira;1;0;0;0;0;1;0;0;0;0;2;1;0;0;0
12/05/2021;14:55:00;196;Acidente sem Vítimas;610,3;BR-040/MG;Norte;Colisão frontal;2;0;0;0;0;0;0;0;0;0;2;0;0;0;0
12/05/2021;15:19:00;206;Acidente sem Vítimas;749,9;BR-040/MG;Norte;Colisão lateral;1;0;0;0;0;1;0;0;0;0;2;0;0;0;0
12/05/2021;17:30:00;245;Acidente sem Vítimas;538,6;BR-040/MG;Norte;Engavetamento;3;0;0;0;0;1;0;0;0;0;0;0;0;0;0
12/05/2021;18:21:00;257;Acidente sem Vítimas;445,3;BR-040/MG;Sul;Choque c/ Objeto Fixo;1;0;0;0;0;1;0;0;0;0;1;0;0;0;0
12/05/2021;20:17:00;280;Acidente sem Vítimas;517,6;BR-040/MG;Norte;Choque c/ Objeto Fixo;0;0;2;0;0;2;0;0;0;0;0;0;0;0;0
12/05/2021;21:14:00;287;Acidente sem Vítimas;3,1;BR-040/GO;Sul;Colisão traseira;2;0;0;2;0;0;0;0;0;0;2;0;0;0;0
13/05/2021;00:18:00;5;Acidente com Vítimas;547,8;BR-040/MG;Norte;Colisão traseira;1;0;0;2;0;0;0;0;0;0;0;0;1;2;0
13/05/2021;01:10:00;13;Acidente com Vítimas;522,5;BR-040/MG;Norte;Tombamento de Moto;0;0;0;2;0;0;0;0;0;0;2;1;0;0;0
13/05/2021;02:25:00;42;Acidente sem Vítimas;511,3;BR-040/MG;Norte;Colisão traseira;1;0;0;0;0;2;0;0;0;0;4;0;0;0;0
13/05/2021;04:18:00;55;Acidente sem Vítimas;510,5;BR-040/MG;Norte;Atropelamento de Animal;1;0;0;0;0;0;0;0;0;0;3;0;0;0;0
13/05/2021;07:42:00;120;Acidente sem Vítimas;533,1;BR-040/MG;Norte;Engavetamento;4;0;2;0;0;1;0;0;0;0;5;0;0;0;0
13/05/2021;07:45:00;119;Acidente sem Vítimas;4,2;BR-040/DF;Norte;Colisão traseira;0;0;0;1;0;2;0;0;0;0;1;0;0;0;0
13/05/2021;08:04:00;124;Acidente com Vítimas;749,5;BR-040/MG;Sul;Capotamento;1;0;0;0;0;0;0;0;0;0;1;1;0;0;0
13/05/2021;09:08:00;138;Acidente com Vítimas;499,2;BR-040/MG;Sul;Colisão lateral;1;0;0;2;0;0;0;0;0;0;2;0;0;0;0
13/05/2021;09:58:00;149;Acidente com Vítimas;521,2;BR-040/MG;Sul;Colisão lateral;0;0;1;1;0;0;0;0;0;0;1;0;2;0;0
13/05/2021;11:50:00;168;Acidente sem Vítimas;497,543;BR-040/MG;Norte;Colisão lateral;1;1;0;0;1;0;0;0;0;0;2;0;0;0;0
13/05/2021;12:03:00;173;Acidente sem Vítimas;674;BR-040/MG;Norte;Choque c/ Objeto Fixo;2;0;0;0;0;0;0;0;0;0;1;0;0;0;0
13/05/2021;12:53:00;181;Acidente com Vítimas;730,3;BR-040/MG;Sul;Choque c/ Objeto Fixo;1;0;0;0;0;1;0;0;0;0;1;1;0;0;0
13/05/2021;15:09:00;211;Acidente sem Vítimas;717,7;BR-040/MG;Sul;Choque c/ Objeto Fixo;2;0;0;0;0;0;0;0;0;0;1;0;0;0;0
13/05/2021;17:06:00;228;Acidente sem Vítimas;525,5;BR-040/MG;Sul;Colisão traseira;1;0;0;0;1;0;0;0;0;0;3;0;0;0;0
13/05/2021;18:17:00;248;Acidente sem Vítimas;548,3;BR-040/MG;Norte;Tombamento de Moto;0;0;0;1;0;0;0;0;0;0;1;0;0;0;0
13/05/2021;19:49:00;269;Acidente sem Vítimas;16,5;BR-040/GO;Norte;Queda Veículo;0;1;0;0;0;0;0;0;0;0;0;1;0;0;0
13/05/2021;21:03:00;285;Acidente com Vítimas;24,2;BR-040/GO;Sul;Colisão transversal;1;0;0;1;0;0;0;0;0;0;3;1;0;0;0
13/05/2021;23:10:00;310;Acidente sem Vítimas;2,5;BR-040/GO;Sul;Colisão frontal;1;0;0;0;0;0;0;0;0;0;1;0;0;0;0
13/05/2021;23:32:00;315;Acidente sem Vítimas;509,5;BR-040/MG;Sul;Atropelamento de Animal;0;0;1;0;0;1;0;0;0;0;0;0;0;0;0
14/05/2021;02:46:00;40;Acidente sem Vítimas;51,475;BR-040/GO;Sul;Choque com veículo da concessionária estacionado;0;0;0;0;0;0;0;0;0;0;0;0;0;0;0
14/05/2021;06:56:00;86;Acidente Fatal;569,75;BR-040/MG;Sul;Colisão transversal;2;0;0;0;2;0;0;0;0;0;1;0;0;0;1
14/05/2021;07:02:00;88;Acidente com Vítimas;600,3;BR-040/MG;Norte;Engavetamento;1;0;0;3;1;0;0;0;0;0;12;1;0;0;0
14/05/2021;07:52:00;97;Acidente com Vítimas;521,1;BR-040/MG;Sul;Colisão lateral;2;0;0;1;0;0;0;0;0;0;0;1;0;0;0
14/05/2021;07:59:00;104;Acidente com Vítimas;41,9;BR-040/MG;Sul;Colisão frontal;2;1;0;0;0;0;0;0;0;0;0;1;0;0;0
14/05/2021;09:05:00;114;Acidente com Vítimas;541,2;BR-040/MG;Sul;Tombamento de Moto;0;0;0;1;0;0;0;0;0;0;0;1;0;0;0
14/05/2021;09:33:00;118;Acidente sem Vítimas;6,5;BR-040/GO;Norte;Colisão traseira;4;0;0;0;0;0;0;0;0;0;2;0;0;0;0
14/05/2021;12:30:00;156;Acidente sem Vítimas;405,3;BR-040/MG;Sul;Colisão traseira;0;0;0;0;0;2;0;0;0;0;2;0;0;0;0
14/05/2021;12:47:00;162;Acidente sem Vítimas;637,8;BR-040/MG;Sul;Tombamento;0;0;1;0;0;1;0;0;0;0;0;0;0;0;0
14/05/2021;12:58:00;160;Acidente com Vítimas;515,1;BR-040/MG;Sul;Colisão traseira;0;0;0;1;0;1;0;0;0;0;1;0;1;0;0
14/05/2021;12:58:00;161;Acidente com Vítimas;590,3;BR-040/MG;Norte;Tombamento de Moto;0;0;0;1;0;1;0;0;0;0;1;1;0;0;0
14/05/2021;14:39:00;179;Acidente com Vítimas;38,9;BR-040/MG;Sul;Colisão transversal;1;0;0;0;0;1;0;0;0;0;2;1;0;0;0
14/05/2021;14:53:00;184;Acidente sem Vítimas;553,23;BR-040/MG;Sul;Colisão traseira;2;0;0;0;0;0;0;0;0;0;1;0;0;0;0
14/05/2021;17:18:00;220;Acidente com Vítimas;556,2;BR-040/MG;Norte;Engavetamento;3;0;0;0;0;1;0;0;0;0;4;2;0;0;0
14/05/2021;18:21:00;233;Acidente Fatal;447,21;BR-040/MG;Norte;Colisão traseira;2;1;0;0;0;0;0;0;0;0;0;0;0;0;1
14/05/2021;18:43:00;239;Acidente Fatal;510,2;BR-040/MG;Norte;Colisão lateral;2;0;0;1;0;1;0;0;0;0;0;0;0;1;1
14/05/2021;20:39:00;280;Acidente sem Vítimas;413,5;BR-040/MG;Norte;Capotamento;1;0;0;0;0;0;0;0;0;0;0;0;0;0;0
14/05/2021;20:46:00;283;Acidente com Vítimas;143,1;BR-040/MG;Norte;Colisão transversal;0;0;0;2;0;1;0;0;0;0;3;0;0;0;0
14/05/2021;21:00:00;292;Acidente sem Vítimas;147,1;BR-040/MG;Norte;Atropelamento de Animal;2;0;0;0;0;0;0;0;0;0;2;0;0;0;0
14/05/2021;21:19:00;294;Acidente sem Vítimas;555,1;BR-040/MG;Norte;Choque c/ Objeto Fixo;2;0;0;0;0;0;0;0;0;0;1;0;0;0;0
15/05/2021;00:12:00;2;Acidente com Vítimas;514,3;BR-040/MG;Norte;Atropelamento de Pedestre;0;0;0;1;0;1;0;0;0;0;0;0;3;0;0
15/05/2021;01:48:00;27;Acidente Fatal;636,12;BR-040/MG;Norte;Capotamento;1;0;0;0;0;1;0;0;0;0;0;0;0;1;1
15/05/2021;05:52:00;58;Acidente com Vítimas;73;BR-040/GO;Norte;Choque c/ Objeto Fixo;1;0;0;0;0;1;0;0;0;0;1;1;0;0;0
15/05/2021;07:46:00;75;Acidente com Vítimas;703,3;BR-040/MG;Sul;Choque c/ Objeto Fixo;0;0;0;0;0;1;0;0;0;0;0;0;0;1;0
15/05/2021;10:31:00;105;Acidente sem Vítimas;70,15;BR-040/MG;Norte;Colisão traseira;1;0;0;0;0;1;0;0;0;0;2;0;0;0;0
15/05/2021;11:24:00;116;Acidente sem Vítimas;305,85;BR-040/MG;Norte;Tombamento;1;0;0;0;0;0;0;0;0;0;1;0;0;0;0
15/05/2021;11:35:00;118;Acidente sem Vítimas;509,12;BR-040/MG;Norte;Engavetamento;2;0;0;0;0;1;0;0;0;0;0;0;0;0;0
15/05/2021;12:55:00;125;Acidente sem Vítimas;522,34;BR-040/MG;Norte;Colisão lateral;2;0;0;1;0;0;0;0;0;0;1;0;0;0;0
15/05/2021;17:47:00;171;Acidente sem Vítimas;2,5;BR-040/GO;Sul;Colisão traseira;2;0;0;0;1;0;0;0;0;0;3;0;0;0;0
15/05/2021;19:16:00;194;Acidente sem Vítimas;4,8;BR-040/GO;Norte;Colisão traseira;3;0;0;0;0;0;0;0;0;0;3;0;0;0;0
15/05/2021;19:17:00;195;Acidente sem Vítimas;552,2;BR-040/MG;Norte;Colisão traseira;3;0;0;0;0;0;0;0;0;0;2;0;0;0;0
15/05/2021;21:21:00;220;Acidente com Vítimas;4,1;BR-040/DF;Norte;Capotamento;1;0;0;0;0;0;0;0;0;0;2;0;0;0;0
15/05/2021;22:54:00;238;Acidente com Vítimas;499,75;BR-040/MG;Norte;Atropelamento de Animal;2;0;0;0;0;0;0;0;0;0;0;0;2;0;0
16/05/2021;01:04:00;13;Acidente sem Vítimas;563,15;BR-040/MG;Sul;Choque c/ Objeto Fixo;2;0;0;0;0;0;0;0;0;0;1;0;0;0;0
16/05/2021;07:08:00;60;Acidente sem Vítimas;590,2;BR-040/MG;Sul;Engavetamento;0;0;3;0;2;2;0;0;0;0;4;0;0;0;0
16/05/2021;11:14:00;112;Acidente com Vítimas;2,8;BR-040/GO;Sul;Colisão lateral;1;0;0;2;0;0;0;0;0;0;1;1;0;0;0
16/05/2021;15:37:00;153;Acidente sem Vítimas;596,15;BR-040/MG;Norte;Colisão frontal;0;0;1;0;0;1;0;0;0;0;2;0;0;0;0
16/05/2021;18:50:00;194;Acidente sem Vítimas;557,4;BR-040/MG;Sul;Choque c/ Objeto Fixo;1;0;0;0;0;1;0;0;0;0;1;0;0;0;0
16/05/2021;18:51:00;193;Acidente sem Vítimas;542,9;BR-040/MG;Sul;Choque c/ Objeto Fixo;1;0;0;0;0;0;0;0;0;0;0;0;0;0;0
16/05/2021;19:18:00;200;Acidente sem Vítimas;534,4;BR-040/MG;Sul;Choque c/ Objeto Fixo;1;0;0;0;0;0;0;0;0;0;0;0;0;0;0
16/05/2021;19:32:00;207;Acidente sem Vítimas;514,5;BR-040/MG;Norte;Colisão transversal;2;0;0;0;0;1;0;0;0;0;3;0;0;0;0
17/05/2021;02:17:00;49;Acidente sem Vítimas;0,3;BR-040/GO;Norte;Queda Veículo;2;0;0;0;0;0;0;0;0;0;1;0;0;0;0
17/05/2021;02:22:00;50;Acidente sem Vítimas;427,1;BR-040/MG;Sul;Choque c/ Objeto Fixo;1;0;0;0;0;1;0;0;0;0;3;2;0;0;0
17/05/2021;06:23:00;77;Acidente sem Vítimas;629,3;BR-040/MG;Sul;Choque c/ Objeto Fixo;0;0;0;0;0;1;0;0;0;0;1;0;0;0;0
17/05/2021;07:57:00;100;Acidente sem Vítimas;369,3;BR-040/MG;Sul;Colisão lateral;3;0;2;0;0;0;0;0;0;0;2;0;0;0;0
17/05/2021;09:58:00;126;Acidente Fatal;689,6;BR-040/MG;Sul;Colisão traseira;2;0;1;0;1;0;0;0;0;0;3;0;0;1;1
17/05/2021;10:50:00;138;Acidente sem Vítimas;563,4;BR-040/MG;Sul;Colisão traseira;1;0;0;1;0;1;0;0;0;0;2;0;0;0;0
17/05/2021;11:16:00;144;Acidente com Vítimas;145,2;BR-040/MG;Norte;Outros;1;0;0;0;0;2;0;0;0;0;1;1;0;0;0
17/05/2021;11:31:00;147;Acidente sem Vítimas;534,2;BR-040/MG;Sul;Colisão traseira;1;0;0;0;0;1;0;0;0;0;2;0;0;0;0
17/05/2021;16:16:00;206;Acidente sem Vítimas;16,24;BR-040/GO;Norte;Choque c/ Objeto Fixo;1;0;0;2;0;1;0;0;0;0;2;0;0;0;0
17/05/2021;17:09:00;215;Acidente sem Vítimas;533,2;BR-040/MG;Norte;Colisão lateral;1;0;0;0;1;0;0;0;0;0;2;0;0;0;0
17/05/2021;17:35:00;218;Acidente sem Vítimas;566,3;BR-040/MG;Norte;Choque c/ Objeto Fixo;2;0;0;0;1;0;0;0;0;0;2;0;0;0;0
17/05/2021;17:41:00;221;Acidente com Vítimas;526,3;BR-040/MG;Norte;Atropelamento de Animal;0;0;0;1;0;0;0;0;0;0;0;1;0;0;0
17/05/2021;18:32:00;232;Acidente com Vítimas;413,5;BR-040/MG;Norte;Colisão traseira;2;0;0;1;0;1;0;0;0;0;1;1;0;0;0
17/05/2021;20:51:00;249;Acidente Fatal;588,3;BR-040/MG;Sul;Colisão lateral;0;0;2;0;1;1;0;0;0;0;5;0;2;1;1
18/05/2021;00:49:00;5;Acidente com Vítimas;11,9;BR-040/GO;Sul;Colisão transversal;1;0;2;2;0;0;0;0;0;0;3;0;0;2;0
18/05/2021;05:16:00;59;Acidente com Vítimas;502,48;BR-040/MG;Sul;Atropelamento de Animal;0;0;0;1;0;0;0;0;0;0;1;1;0;0;0
18/05/2021;07:05:00;86;Acidente sem Vítimas;502,48;BR-040/MG;Sul;Atropelamento de Animal;1;0;0;0;0;0;0;0;0;0;2;0;0;0;0
18/05/2021;07:41:00;96;Acidente com Vítimas;522,5;BR-040/MG;Sul;Colisão lateral;1;0;0;1;0;0;0;0;0;0;1;1;0;0;0
18/05/2021;07:55:00;101;Acidente sem Vítimas;583,1;BR-040/MG;Sul;Capotamento;2;0;0;0;0;0;0;0;0;0;1;0;0;0;0
18/05/2021;08:30:00;108;Acidente com Vítimas;2,9;BR-040/GO;Sul;Colisão lateral;1;0;0;1;0;0;0;0;0;0;2;1;0;0;0
18/05/2021;15:46:00;187;Acidente sem Vítimas;623,6;BR-040/MG;Sul;Colisão traseira;2;0;0;0;0;0;0;0;0;0;2;0;0;0;0
18/05/2021;16:20:00;199;Acidente sem Vítimas;519,13;BR-040/MG;Sul;Choque c/ Objeto Fixo;2;0;0;0;0;0;0;0;0;0;1;0;0;0;0
18/05/2021;20:32:00;267;Acidente sem Vítimas;9,95;BR-040/GO;Norte;Capotamento;2;0;0;0;0;0;0;0;0;0;1;0;0;0;0
19/05/2021;06:34:00;79;Acidente com Vítimas;483,5;BR-040/MG;Sul;Colisão lateral;0;0;0;2;0;0;0;0;0;0;0;0;1;0;0
19/05/2021;08:15:00;101;Acidente com Vítimas;533,6;BR-040/MG;Norte;Colisão traseira;1;0;0;1;0;0;0;0;0;0;1;1;0;0;0
19/05/2021;09:38:00;126;Acidente sem Vítimas;552,5;BR-040/MG;Norte;Colisão traseira;1;0;0;0;0;0;0;0;0;0;1;0;0;0;0
19/05/2021;12:43:00;165;Acidente sem Vítimas;2,2;BR-040/GO;Norte;Choque c/ Objeto Fixo;0;0;0;0;0;1;0;0;0;0;1;0;0;0;0
19/05/2021;13:43:00;178;Acidente sem Vítimas;471,23;BR-040/MG;Norte;Capotamento;2;0;1;0;0;0;0;0;0;0;2;0;1;0;0
19/05/2021;14:41:00;193;Acidente com Vítimas;144,7;BR-040/MG;Norte;Tombamento;0;0;1;0;1;0;0;0;0;0;1;1;0;0;0
19/05/2021;15:05:00;199;Acidente sem Vítimas;593,15;BR-040/MG;Sul;Choque com objeto;0;0;0;0;1;1;0;0;0;0;1;0;0;0;0
19/05/2021;15:58:00;208;Acidente sem Vítimas;700,7;BR-040/MG;Sul;Colisão transversal;0;0;0;0;0;2;0;0;0;0;2;0;0;0;0
19/05/2021;17:43:00;235;Acidente sem Vítimas;533,2;BR-040/MG;Sul;Engavetamento;3;0;0;3;0;0;0;0;0;0;1;0;0;0;0
19/05/2021;18:38:00;246;Acidente sem Vítimas;703,1;BR-040/MG;Sul;Colisão traseira;2;0;2;0;0;1;0;0;0;0;2;0;0;0;0
19/05/2021;21:16:00;278;Acidente sem Vítimas;521,21;BR-040/MG;Norte;Capotamento;1;0;0;0;0;0;0;0;0;0;0;0;0;0;0
20/05/2021;00:53:00;30;Acidente com Vítimas;616,1;BR-040/MG;Norte;Choque c/ Objeto Fixo;3;0;0;0;0;1;0;0;0;0;0;0;2;0;0
20/05/2021;02:19:00;51;Acidente sem Vítimas;62,9;BR-040/GO;Norte;Queda de Ribanceira;1;0;0;0;0;2;0;0;0;0;3;2;1;0;0
20/05/2021;04:17:00;60;Acidente sem Vítimas;510,61;BR-040/MG;Sul;Colisão traseira;2;0;0;0;0;1;0;0;0;0;0;0;0;0;0
20/05/2021;06:50:00;86;Acidente com Vítimas;740,9;BR-040/MG;Norte;Tombamento;1;0;1;0;0;1;0;0;0;0;2;0;0;0;0
20/05/2021;07:19:00;96;Acidente sem Vítimas;656;BR-040/MG;Norte;Choque c/ Objeto Fixo;1;0;0;0;0;1;0;0;0;0;2;0;0;0;0
20/05/2021;07:50:00;110;Acidente sem Vítimas;656,15;BR-040/MG;Norte;Capotamento;1;0;0;0;0;0;0;0;0;0;3;0;0;0;0
20/05/2021;09:28:00;129;Acidente com Vítimas;535,6;BR-040/MG;Sul;Tombamento de Moto;0;0;0;1;0;0;0;0;0;0;1;0;1;0;0
20/05/2021;14:53:00;180;Acidente sem Vítimas;5,5;BR-040/GO;Sul;Colisão transversal;2;0;0;0;0;0;0;0;0;0;2;0;0;0;0
20/05/2021;15:41:00;193;Acidente sem Vítimas;597,9;BR-040/MG;Norte;Tombamento;0;0;0;2;0;1;0;0;0;0;1;0;0;0;0
20/05/2021;16:13:00;197;Acidente com Vítimas;639,15;BR-040/MG;Norte;Capotamento;1;0;0;0;0;0;0;0;0;0;1;1;0;0;0
20/05/2021;17:54:00;224;Acidente com Vítimas;667,2;BR-040/MG;Sul;Colisão lateral;1;0;0;1;0;1;0;0;0;0;5;0;1;0;0
20/05/2021;18:13:00;230;Acidente com Vítimas;533,5;BR-040/MG;Sul;Tombamento de Moto;0;0;0;2;0;0;0;0;0;0;2;0;0;0;0
21/05/2021;04:45:00;62;Acidente sem Vítimas;758,15;BR-040/MG;Sul;Tombamento;0;0;2;0;0;0;0;0;0;0;1;0;0;0;0
21/05/2021;08:06:00;115;Acidente com Vítimas;569,3;BR-040/MG;Norte;Colisão lateral;1;0;2;0;2;0;0;0;0;0;4;0;2;0;0
21/05/2021;08:14:00;120;Acidente sem Vítimas;301,6;BR-040/MG;Sul;Outros;1;0;0;0;0;0;0;0;0;0;1;0;0;0;0
21/05/2021;09:10:00;132;Acidente sem Vítimas;103,1;BR-040/GO;Norte;Colisão traseira;1;0;0;0;0;1;0;0;0;0;2;0;0;0;0
21/05/2021;13:19:00;175;Acidente sem Vítimas;533,9;BR-040/MG;Sul;Capotamento;1;0;0;0;0;0;0;0;0;0;1;0;0;0;0
21/05/2021;16:06:00;207;Acidente sem Vítimas;649,3;BR-040/MG;Norte;Colisão lateral;2;0;0;0;0;0;0;0;0;0;2;0;0;0;0
21/05/2021;18:12:00;235;Acidente com Vítimas;736,5;BR-040/MG;Sul;Atropelamento de Pedestre;0;0;0;0;0;2;0;0;0;0;0;1;0;0;0
21/05/2021;18:22:00;238;Acidente com Vítimas;531,2;BR-040/MG;Norte;Choque com objeto;0;1;0;1;0;0;0;0;0;0;1;1;0;0;0
21/05/2021;20:18:00;264;Acidente sem Vítimas;669,15;BR-040/MG;Sul;Tombamento de Moto;0;0;0;1;0;0;0;0;0;0;1;0;0;0;0
21/05/2021;21:36:00;285;Acidente com Vítimas;524,5;BR-040/MG;Sul;Atropelamento de Pedestre;0;0;0;1;0;0;0;0;0;0;0;1;1;0;0
22/05/2021;00:06:00;3;Acidente sem Vítimas;356,6;BR-040/MG;Sul;Colisão traseira;0;0;0;0;3;0;0;0;0;0;1;0;0;0;0
22/05/2021;00:57:00;18;Acidente sem Vítimas;487,2;BR-040/MG;Norte;Colisão traseira;1;0;1;0;0;0;0;0;0;0;0;0;0;0;0
22/05/2021;01:24:00;21;Acidente sem Vítimas;611,15;BR-040/MG;Sul;Choque c/ Objeto Fixo;1;0;0;0;0;0;0;0;0;0;1;0;0;0;0
22/05/2021;04:15:00;34;Acidente sem Vítimas;638,8;BR-040/MG;Sul;Colisão lateral;1;0;0;1;0;1;0;0;0;0;2;0;0;0;0
22/05/2021;07:17:00;50;Acidente com Vítimas;92,6;BR-040/GO;Sul;Colisão lateral;0;0;0;1;0;1;0;0;0;0;0;1;0;0;0
22/05/2021;08:04:00;54;Acidente sem Vítimas;615,5;BR-040/MG;Sul;Colisão traseira;3;0;0;0;0;0;0;0;0;0;2;0;0;0;0
22/05/2021;11:24:00;91;Acidente sem Vítimas;474,15;BR-040/MG;Norte;Tombamento;0;0;0;0;2;1;0;0;0;0;0;0;0;0;0
22/05/2021;14:25:00;119;Acidente sem Vítimas;141,2;BR-040/MG;Sul;Colisão lateral;2;0;0;0;0;0;0;0;0;0;2;0;0;0;0
22/05/2021;16:07:00;126;Acidente sem Vítimas;703,5;BR-040/MG;Sul;Capotamento;1;0;0;0;0;0;0;0;0;0;1;0;0;0;0
22/05/2021;17:31:00;147;Acidente com Vítimas;549,5;BR-040/MG;Norte;Capotamento;1;0;0;0;0;0;0;0;0;0;2;0;1;0;0
22/05/2021;18:46:00;167;Acidente com Vítimas;6,8;BR-040/GO;Sul;Colisão lateral;1;1;0;0;0;0;0;0;0;0;1;1;0;0;0
22/05/2021;20:12:00;186;Acidente sem Vítimas;2,9;BR-040/GO;Sul;Atropelamento de Ciclista;2;2;0;0;0;0;0;0;0;0;2;0;0;0;0
22/05/2021;20:45:00;192;Acidente com Vítimas;4,15;BR-040/GO;Norte;Capotamento;1;0;0;0;0;0;0;0;0;0;1;0;0;1;0
22/05/2021;21:21:00;196;Acidente com Vítimas;10,15;BR-040/GO;Sul;Colisão transversal;1;0;0;2;0;1;0;0;0;0;2;1;0;0;0
22/05/2021;22:17:00;208;Acidente sem Vítimas;656,27;BR-040/MG;Norte;Choque c/ Objeto Fixo;3;0;0;0;0;1;0;0;0;0;3;0;0;0;0
22/05/2021;22:58:00;213;Acidente sem Vítimas;466,5;BR-040/MG;Norte;Colisão traseira;2;0;0;0;0;1;0;0;0;0;0;0;0;0;0
23/05/2021;03:08:00;26;Acidente com Vítimas;462,5;BR-040/MG;Norte;Capotamento;2;0;0;0;0;0;0;0;0;0;0;0;1;0;0
23/05/2021;07:34:00;44;Acidente com Vítimas;11,5;BR-040/GO;Norte;Capotamento;1;0;0;0;0;0;0;0;0;0;0;3;2;0;0
23/05/2021;10:16:00;64;Acidente Fatal;224,5;BR-040/MG;Norte;Tombamento;0;0;0;0;1;0;0;0;0;0;0;0;0;0;1
23/05/2021;19:31:00;176;Acidente sem Vítimas;709,1;BR-040/MG;Sul;Choque c/ Objeto Fixo;3;0;0;0;0;0;0;0;0;0;1;0;0;0;0
23/05/2021;19:49:00;183;Acidente sem Vítimas;738,5;BR-040/MG;Norte;Atropelamento de Animal;1;0;0;0;0;0;0;0;0;0;3;0;0;0;0
23/05/2021;21:58:00;203;Acidente com Vítimas;3,1;BR-040/GO;Norte;Colisão traseira;2;0;0;0;0;1;0;0;0;0;1;0;1;0;0
23/05/2021;22:50:00;214;Acidente sem Vítimas;5,1;BR-040/GO;Norte;Choque c/ Objeto Fixo;1;0;0;0;0;0;0;0;0;0;1;0;0;0;0
23/05/2021;22:52:00;215;Acidente sem Vítimas;595,1;BR-040/MG;Sul;Colisão traseira;0;0;2;0;2;0;0;0;0;0;2;0;0;0;0
24/05/2021;01:58:00;53;Acidente com Vítimas;512,27;BR-040/MG;Norte;Colisão traseira;0;0;0;2;1;0;0;0;0;0;1;0;0;1;0
24/05/2021;07:20:00;145;Acidente sem Vítimas;687,45;BR-040/MG;Sul;Colisão frontal;0;0;1;0;0;2;0;0;0;0;2;2;0;0;0
24/05/2021;13:03:00;230;Acidente com Vítimas;510,6;BR-040/MG;Norte;Tombamento de Moto;1;0;0;1;0;0;0;0;0;0;0;2;0;0;0
24/05/2021;14:03:00;242;Acidente sem Vítimas;559,5;BR-040/MG;Sul;Tombamento de Moto;0;0;0;0;0;1;0;0;0;0;1;0;0;0;0
24/05/2021;14:42:00;249;Acidente com Vítimas;544,4;BR-040/MG;Sul;Colisão lateral;1;0;0;1;0;0;0;0;0;0;2;1;0;0;0
24/05/2021;17:53:00;287;Acidente sem Vítimas;533,9;BR-040/MG;Sul;Engavetamento;4;0;0;0;0;1;0;0;0;0;0;0;0;0;0
24/05/2021;17:56:00;288;Acidente com Vítimas;632,15;BR-040/MG;Norte;Colisão transversal;2;0;0;0;0;1;0;0;0;0;3;0;0;0;0
24/05/2021;21:27:00;330;Acidente com Vítimas;506,3;BR-040/MG;Sul;Tombamento de Moto;0;0;0;1;0;1;0;0;0;0;1;0;1;0;0
25/05/2021;08:02:00;124;Acidente sem Vítimas;427,44;BR-040/MG;Norte;Tombamento de Moto;0;0;0;1;0;0;0;0;0;0;1;0;0;0;0
25/05/2021;08:47:00;139;Acidente Fatal;473,777;BR-040/MG;Sul;Colisão traseira;0;0;1;1;0;0;0;0;0;0;1;0;0;0;1
25/05/2021;15:42:00;227;Acidente com Vítimas;509,5;BR-040/MG;Norte;Tombamento de Moto;0;0;0;1;0;0;0;0;0;0;1;1;0;0;0
25/05/2021;15:45:00;229;Acidente com Vítimas;547,5;BR-040/MG;Sul;Colisão lateral;2;0;2;0;0;2;0;0;0;0;3;2;0;0;0
25/05/2021;16:13:00;237;Acidente sem Vítimas;614,2;BR-040/MG;Norte;Engavetamento;2;0;0;0;1;1;0;0;0;0;4;0;0;0;0