data;horario;n_da_ocorrencia;tipo_de_ocorrencia;km;trecho;sentido;tipo_de_acidente;automovel;bicicleta;caminhao;moto;onibus;outros;tracao_animal;transporte_de_cargas_especiais;trator_maquinas;utilitarios;ilesos;levemente_feridos;moderadamente_feridos;gravemente_feridos;mortos
25/05/2021;17:01:00;248;Acidente sem Vítimas;545,2;BR-040/MG;Sul;Engavetamento;3;0;0;0;0;0;0;0;0;0;0;0;0;0;0
25/05/2021;17:35:00;252;Acidente com Vítimas;506;BR-040/MG;Sul;Colisão frontal;0;1;0;2;0;0;0;0;0;0;1;2;0;0;0
25/05/2021;19:55:00;274;Acidente com Vítimas;619,8;BR-040/MG;Sul;Atropelamento de Pedestre;0;0;0;0;0;1;0;0;0;0;0;0;1;0;0
26/05/2021;01:13:00;25;Acidente sem Vítimas;524,25;BR-040/MG;Norte;Choque c/ Objeto Fixo;0;0;0;0;0;1;0;0;0;0;0;0;0;0;0
26/05/2021;01:53:00;43;Acidente Fatal;524,5;BR-040/MG;Sul;Atropelamento de Pedestre;0;0;0;0;0;1;0;0;0;0;0;0;0;0;1
26/05/2021;07:53:00;113;Acidente com Vítimas;531,12;BR-040/MG;Sul;Colisão lateral;0;0;0;0;0;2;0;0;0;0;0;0;0;1;0
26/05/2021;08:03:00;114;Acidente sem Vítimas;139,2;BR-040/MG;Norte;Capotamento;1;0;0;0;0;0;0;0;0;0;0;0;0;0;0
26/05/2021;08:21:00;120;Acidente sem Vítimas;6,8;BR-040/GO;Sul;Capotamento;1;0;0;0;0;0;0;0;0;0;0;0;0;0;0
26/05/2021;09:27:00;132;Acidente com Vítimas;505,12;BR-040/MG;Norte;Atropelamento de Pedestre;1;0;0;0;0;1;0;0;0;0;1;0;1;0;0
26/05/2021;09:39:00;133;Acidente sem Vítimas;2,8;BR-040/GO;Sul;Colisão traseira;2;0;0;0;0;0;0;0;0;0;0;0;0;0;0
26/05/2021;10:10:00;139;Acidente sem Vítimas;680,1;BR-040/MG;Sul;Colisão lateral;0;0;4;0;1;0;0;0;0;0;5;0;0;0;0
26/05/2021;13:17:00;177;Acidente com Vítimas;6,5;BR-040/GO;Norte;Colisão traseira;1;0;0;1;0;2;0;0;0;0;0;0;1;0;0
26/05/2021;15:09:00;208;Acidente sem Vítimas;593,5;BR-040/MG;Norte;Choque c/ Objeto Fixo;1;0;0;0;0;1;0;0;0;0;1;0;0;0;0
26/05/2021;18:48:00;250;Acidente sem Vítimas;538,21;BR-040/MG;Norte;Engavetamento;3;0;0;0;0;0;0;0;0;0;0;0;0;0;0
26/05/2021;21:13:00;284;Acidente sem Vítimas;10,1;BR-040/GO;Norte;Colisão traseira;1;0;0;1;0;0;0;0;0;0;1;0;0;0;0
26/05/2021;22:34:00;303;Acidente sem Vítimas;2,5;BR-040/GO;Sul;Colisão transversal;0;0;0;0;0;2;0;0;0;0;1;0;0;0;0
26/05/2021;22:54:00;311;Acidente sem Vítimas;446,21;BR-040/MG;Norte;Choque c/ Objeto Fixo;2;0;0;0;0;0;0;0;0;0;0;0;0;0;0
27/05/2021;04:27:00;88;Acidente sem Vítimas;92,5;BR-040/GO;Sul;Choque com objeto;0;0;0;0;1;0;0;0;0;0;2;0;0;0;0
27/05/2021;07:03:00;113;Acidente sem Vítimas;514,1;BR-040/MG;Sul;Colisão traseira;1;0;0;0;1;0;0;0;0;0;0;0;0;0;0
27/05/2021;07:51:00;131;Acidente sem Vítimas;2,5;BR-040/DF;Norte;Engavetamento;3;0;0;0;0;1;0;0;0;0;2;0;0;0;0
27/05/2021;08:54:00;148;Acidente com Vítimas;7,8;BR-040/DF;Norte;Colisão lateral;1;0;0;1;0;0;0;0;0;0;1;1;0;0;0
27/05/2021;17:55:00;257;Acidente sem Vítimas;5,8;BR-040/GO;Sul;Engavetamento;9;0;0;0;0;1;0;0;0;0;3;0;0;0;0
27/05/2021;18:06:00;258;Acidente com Vítimas;552,21;BR-040/MG;Sul;Colisão transversal;1;0;0;1;0;0;0;0;0;0;0;1;0;0;0
27/05/2021;18:42:00;268;Acidente sem Vítimas;99,1;BR-040/GO;Sul;Atropelamento de Animal;1;0;0;0;0;0;0;0;0;0;1;0;0;0;0
27/05/2021;19:36:00;281;Acidente com Vítimas;529,3;BR-040/MG;Norte;Colisão transversal;0;0;0;2;0;0;0;0;0;0;0;1;0;0;0
28/05/2021;00:25:00;15;Acidente sem Vítimas;534,5;BR-040/MG;Sul;Colisão traseira;1;0;0;0;0;1;0;0;0;0;0;0;0;0;0
28/05/2021;03:57:00;75;Acidente com Vítimas;563,8;BR-040/MG;Sul;Tombamento de Moto;0;0;0;1;0;0;0;0;0;0;0;1;0;0;0
28/05/2021;06:17:00;101;Acidente com Vítimas;510,5;BR-040/MG;Sul;Colisão traseira;0;0;0;1;1;1;0;0;0;0;2;0;0;0;0
28/05/2021;06:32:00;108;Acidente sem Vítimas;477,4;BR-040/MG;Norte;Colisão traseira;0;0;0;1;0;0;0;0;0;0;1;0;0;0;0
28/05/2021;09:00:00;157;Acidente com Vítimas;628,3;BR-040/MG;Norte;Tombamento de Moto;0;0;0;1;0;0;0;0;0;0;1;1;0;0;0
28/05/2021;10:33:00;181;Acidente sem Vítimas;616,3;BR-040/MG;Norte;Colisão traseira;0;0;0;1;0;0;0;0;0;0;1;0;0;0;0
28/05/2021;10:57:00;189;Acidente sem Vítimas;545,1;BR-040/MG;Norte;Engavetamento;2;0;0;0;0;7;0;0;0;0;5;0;0;0;0
28/05/2021;12:08:00;205;Acidente sem Vítimas;535,2;BR-040/MG;Norte;Colisão traseira;0;0;0;1;0;3;0;0;0;0;3;0;0;0;0
28/05/2021;13:39:00;218;Acidente sem Vítimas;311,1;BR-040/MG;Sul;Capotamento;2;0;0;0;0;0;0;0;0;0;2;0;0;0;0
28/05/2021;15:56:00;260;Acidente com Vítimas;607,15;BR-040/MG;Sul;Engavetamento;1;0;0;0;0;2;0;0;0;0;3;2;0;0;0
28/05/2021;16:54:00;278;Acidente sem Vítimas;547,2;BR-040/MG;Norte;Colisão traseira;0;0;2;1;0;0;0;0;0;0;2;0;0;0;0
28/05/2021;18:16:00;300;Acidente com Vítimas;360,8;BR-040/MG;Sul;Tombamento de Moto;0;0;0;0;0;1;0;0;0;0;1;1;0;0;0
28/05/2021;18:28:00;302;Acidente sem Vítimas;703,5;BR-040/MG;Sul;Atropelamento de Animal;0;0;0;0;1;0;0;0;0;0;24;0;0;0;0
28/05/2021;20:13:00;330;Acidente com Vítimas;7,1;BR-040/GO;Sul;Atropelamento de Pedestre;0;0;0;1;0;0;0;0;0;0;0;1;0;0;0
28/05/2021;21:04:00;342;Acidente sem Vítimas;2,8;BR-040/DF;Sul;Atropelamento de Pedestre;1;0;0;0;0;1;0;0;0;0;1;0;0;0;0
28/05/2021;21:20:00;345;Acidente Fatal;187,9;BR-040/MG;Norte;Colisão transversal;2;0;0;0;0;2;0;0;0;0;2;0;0;0;1
28/05/2021;21:53:00;354;Acidente com Vítimas;477,1;BR-040/MG;Sul;Choque c/ Objeto Fixo;4;0;0;0;0;0;0;0;0;0;0;0;0;0;0
28/05/2021;21:59:00;355;Acidente sem Vítimas;23,1;BR-040/GO;Norte;Colisão traseira;1;0;1;0;0;1;0;0;0;0;1;0;0;0;0
29/05/2021;01:41:00;8;Acidente com Vítimas;618,3;Fora_Rota;Sul;Choque c/ Objeto Fixo;1;0;0;0;0;0;0;0;0;0;2;1;0;0;0
29/05/2021;08:54:00;69;Acidente sem Vítimas;623;BR-040/MG;Sul;Colisão lateral;5;0;0;0;0;0;0;0;0;0;4;0;0;0;0
29/05/2021;09:05:00;71;Acidente com Vítimas;747,5;BR-040/MG;Norte;Colisão lateral;3;0;1;0;0;0;0;0;0;0;4;1;1;0;0
29/05/2021;09:55:00;83;Acidente com Vítimas;532,1;BR-040/MG;Norte;Colisão traseira;1;0;0;1;0;1;0;0;0;0;2;1;0;0;0
29/05/2021;10:38:00;92;Acidente com Vítimas;619,733;BR-040/MG;Sul;Capotamento;1;0;0;0;0;1;0;0;0;0;1;0;1;0;0
29/05/2021;18:06:00;190;Acidente sem Vítimas;0,3;BR-040/GO;Norte;Tombamento;0;1;0;0;0;0;0;0;0;0;0;0;1;0;0
29/05/2021;19:38:00;203;Acidente sem Vítimas;646,1;BR-040/MG;Norte;Choque com objeto;1;0;0;0;0;0;0;0;0;0;4;0;0;0;0
29/05/2021;20:02:00;210;Acidente sem Vítimas;5,5;BR-040/GO;Norte;Colisão traseira;2;0;0;0;0;0;0;0;0;0;2;0;0;0;0
29/05/2021;21:14:00;223;Acidente sem Vítimas;2,7;BR-040/GO;Norte;Colisão traseira;2;0;0;0;0;0;0;0;0;0;0;0;0;0;0
30/05/2021;00:56:00;6;Acidente com Vítimas;717,1;BR-040/MG;Sul;Capotamento;1;0;0;0;0;0;0;0;0;0;2;2;0;0;0
30/05/2021;04:52:00;31;Acidente com Vítimas;5,1;BR-040/GO;Sul;Capotamento;1;0;0;0;0;0;0;0;0;0;1;2;0;0;0
30/05/2021;13:42:00;87;Acidente sem Vítimas;479,34;BR-040/MG;Norte;Capotamento;0;0;0;0;0;1;0;0;0;0;0;0;0;0;0
30/05/2021;14:12:00;94;Acidente sem Vítimas;479,34;BR-040/MG;Sul;Colisão traseira;0;0;0;0;0;0;0;0;0;0;0;0;0;0;0
30/05/2021;14:31:00;98;Acidente sem Vítimas;694,6;BR-040/MG;Sul;Colisão traseira;3;0;0;0;0;0;0;0;0;0;2;0;0;0;0
30/05/2021;16:01:00;108;Acidente sem Vítimas;686,3;BR-040/MG;Norte;Choque c/ Objeto Fixo;1;0;0;0;0;0;0;0;0;0;1;0;0;0;0
30/05/2021;16:21:00;113;Acidente com Vítimas;696,3;BR-040/MG;Sul;Atropelamento de Ciclista;1;0;0;0;0;0;0;0;0;0;4;0;1;1;0
30/05/2021;16:45:00;121;Acidente sem Vítimas;730,15;BR-040/MG;Sul;Choque c/ Objeto Fixo;2;0;0;0;0;0;0;0;0;0;1;0;0;0;0
30/05/2021;17:08:00;123;Acidente sem Vítimas;555,22;BR-040/MG;Norte;Engavetamento;4;0;0;0;0;1;0;0;0;0;0;0;0;0;0
30/05/2021;18:03:00;129;Acidente sem Vítimas;7,1;BR-040/GO;Norte;Engavetamento;5;0;0;0;0;1;0;0;0;0;7;0;0;0;0
30/05/2021;19:00:00;145;Acidente sem Vítimas;510,12;BR-040/MG;Sul;Colisão traseira;1;0;0;0;0;1;0;0;0;0;0;0;0;0;0
30/05/2021;21:45:00;179;Acidente com Vítimas;78,5;BR-040/MG;Sul;Atropelamento de Animal;2;0;0;0;0;0;0;0;0;0;2;1;1;0;0
30/05/2021;21:51:00;183;Acidente com Vítimas;567,1;BR-040/MG;Norte;Capotamento;1;0;0;0;0;0;0;0;0;0;0;0;1;0;0
01/06/2021;07:34:00;118;Acidente com Vítimas;11,2;BR-040/GO;Norte;Tombamento de Moto;0;0;0;2;0;0;0;0;0;0;1;0;1;0;0
01/06/2021;07:59:00;125;Acidente com Vítimas;11,5;BR-040/GO;Norte;Colisão traseira;1;0;0;1;0;0;0;0;0;0;2;0;1;0;0
01/06/2021;12:38:00;220;Acidente com Vítimas;528,351;BR-040/MG;Sul;Colisão lateral;1;0;1;1;0;1;0;0;0;0;2;2;0;0;0
01/06/2021;13:18:00;225;Acidente com Vítimas;648,4;BR-040/MG;Norte;Colisão traseira;2;0;0;0;1;0;0;0;0;0;2;1;0;0;0
01/06/2021;14:13:00;241;Acidente sem Vítimas;542,6;BR-040/MG;Sul;Colisão lateral;1;0;0;0;2;0;0;0;0;0;2;0;0;0;0
01/06/2021;15:49:00;267;Acidente com Vítimas;2,24;BR-040/GO;Norte;Colisão lateral;0;0;0;1;0;0;0;0;0;0;0;1;0;0;0
01/06/2021;17:31:00;294;Acidente com Vítimas;545,2;BR-040/MG;Norte;Colisão lateral;2;0;0;1;0;0;0;0;0;0;3;1;0;0;0
01/06/2021;17:39:00;295;Acidente sem Vítimas;6,5;BR-040/GO;Sul;Engavetamento;4;0;0;0;0;2;0;0;0;0;3;0;0;0;0
01/06/2021;17:42:00;296;Acidente com Vítimas;12;BR-040/GO;Sul;Colisão traseira;2;0;0;1;0;1;0;0;0;0;2;1;0;0;0
01/06/2021;18:08:00;300;Acidente com Vítimas;529,3;BR-040/MG;Norte;Colisão lateral;1;0;0;1;0;0;0;0;0;0;3;2;0;0;0
02/06/2021;06:45:00;73;Acidente sem Vítimas;16,4;BR-040/GO;Norte;Colisão traseira;2;0;0;0;0;0;0;0;0;0;2;0;0;0;0
02/06/2021;07:19:00;81;Acidente sem Vítimas;523,2;BR-040/MG;Sul;Colisão traseira;1;0;0;1;0;0;0;0;0;0;2;0;0;0;0
02/06/2021;08:30:00;109;Acidente com Vítimas;523,1;BR-040/MG;Norte;Tombamento de Moto;0;0;0;0;0;1;0;0;0;0;1;0;1;0;0
02/06/2021;10:17:00;139;Acidente sem Vítimas;132,5;BR-040/MG;Norte;Capotamento;1;0;0;0;0;0;0;0;0;0;1;0;0;0;0
02/06/2021;11:59:00;155;Acidente com Vítimas;540,2;BR-040/MG;Sul;Colisão traseira;1;0;0;0;0;1;0;0;0;0;2;0;0;0;0
02/06/2021;12:47:00;171;Acidente sem Vítimas;501,165;BR-040/MG;Norte;Choque c/ Objeto Fixo;1;0;0;0;0;1;0;0;0;0;1;0;0;0;0
02/06/2021;13:45:00;180;Acidente sem Vítimas;561,3;BR-040/MG;Sul;Capotamento;1;0;1;0;0;0;0;0;0;0;2;0;0;0;0
02/06/2021;16:30:00;213;Acidente com Vítimas;599,35;BR-040/MG;Norte;Colisão traseira;0;0;2;0;0;2;0;0;0;0;2;1;0;0;0
02/06/2021;16:36:00;215;Acidente com Vítimas;118,65;BR-040/MG;Sul;Tombamento de Moto;0;0;0;1;0;0;0;0;0;0;0;1;0;0;0
02/06/2021;17:12:00;226;Acidente sem Vítimas;551,2;BR-040/MG;Norte;Engavetamento;2;0;0;0;0;1;0;0;0;0;3;0;0;0;0
02/06/2021;17:21:00;229;Acidente com Vítimas;519,2;BR-040/MG;Norte;Colisão lateral;0;0;0;1;0;1;0;0;0;0;2;0;0;0;0
02/06/2021;17:54:00;236;Acidente sem Vítimas;519,5;BR-040/MG;Norte;Colisão lateral;2;0;0;1;0;0;0;0;0;0;2;0;0;0;0
02/06/2021;22:29:00;309;Acidente com Vítimas;526,32;BR-040/MG;Norte;Colisão traseira;2;0;0;0;0;0;0;0;0;0;0;1;0;0;0
02/06/2021;23:59:00;317;Acidente sem Vítimas;728,3;BR-040/MG;Norte;Choque c/ Objeto Fixo;0;0;1;0;0;0;0;0;0;0;1;0;0;0;0
03/06/2021;01:08:00;15;Acidente com Vítimas;507,3;BR-040/MG;Norte;Colisão traseira;1;0;1;0;0;0;0;0;0;0;3;1;0;0;0
03/06/2021;06:54:00;52;Acidente sem Vítimas;148,7;BR-040/GO;Norte;Colisão transversal;2;0;0;0;0;0;0;0;0;0;5;0;0;0;0
03/06/2021;09:45:00;102;Acidente sem Vítimas;130,8;BR-040/MG;Sul;Colisão traseira;3;0;0;0;0;0;0;0;0;0;4;0;0;0;0
03/06/2021;09:57:00;106;Acidente sem Vítimas;567,8;BR-040/MG;Sul;Engavetamento;2;0;0;0;0;2;0;0;0;0;4;0;0;0;0
03/06/2021;11:39:00;146;Acidente sem Vítimas;519,5;BR-040/MG;Norte;Colisão traseira;2;0;0;0;0;0;0;0;0;0;0;0;0;0;0
03/06/2021;12:11:00;153;Acidente sem Vítimas;669,8;BR-040/MG;Norte;Colisão transversal;2;0;0;0;0;0;0;0;0;0;4;0;0;0;0
03/06/2021;13:00:00;167;Acidente sem Vítimas;605,2;BR-040/MG;Norte;Engavetamento;2;0;0;0;1;1;0;0;0;0;3;0;0;0;0
03/06/2021;13:50:00;182;Acidente sem Vítimas;696,5;BR-040/MG;Norte;Colisão lateral;1;0;0;0;0;2;0;0;0;0;3;0;0;0;0
03/06/2021;13:54:00;183;Acidente com Vítimas;518,21;BR-040/MG;Norte;Colisão traseira;2;0;0;0;0;0;0;0;0;0;0;0;0;0;0
03/06/2021;14:44:00;199;Acidente com Vítimas;612,2;BR-040/MG;Norte;Atropelamento de Ciclista;0;0;0;1;1;0;0;0;0;0;2;0;1;0;0
03/06/2021;15:12:00;208;Acidente com Vítimas;537,9;BR-040/MG;Sul;Colisão lateral;0;0;0;3;0;0;0;0;0;0;0;1;0;0;0
03/06/2021;15:47:00;216;Acidente sem Vítimas;753,3;BR-040/MG;Sul;Tombamento de Moto;0;0;0;2;0;0;0;0;0;0;1;0;0;0;0
03/06/2021;19:08:00;262;Acidente com Vítimas;4,9;BR-040/GO;Sul;Colisão traseira;2;0;0;1;0;0;0;0;0;0;2;1;0;0;0
03/06/2021;21:44:00;288;Acidente com Vítimas;518,65;BR-040/MG;Norte;Atropelamento de Animal;0;0;0;2;0;1;0;0;0;0;0;0;0;1;0
03/06/2021;22:54:00;297;Acidente com Vítimas;737,1;BR-040/MG;Sul;Tombamento;0;0;1;0;2;0;0;0;0;0;1;0;0;1;0
03/06/2021;23:25:00;299;Acidente sem Vítimas;3,8;BR-040/DF;Sul;Capotamento;2;0;0;0;0;1;0;0;0;0;1;0;0;0;0
04/06/2021;03:13:00;37;Acidente sem Vítimas;300,1;BR-040/MG;Norte;Choque c/ Objeto Fixo;0;0;0;0;1;0;0;0;0;0;1;0;0;0;0
04/06/2021;04:21:00;41;Acidente sem Vítimas;462,16;BR-040/MG;Norte;Colisão traseira;0;0;3;0;1;0;0;0;0;0;2;0;0;0;0
04/06/2021;07:37:00;70;Acidente com Vítimas;6,8;BR-040/GO;Norte;Colisão traseira;0;0;1;1;0;1;0;0;0;0;2;0;2;0;0
04/06/2021;07:46:00;74;Acidente sem Vítimas;517,3;BR-040/MG;Sul;Colisão traseira;2;0;0;0;0;0;0;0;0;0;0;0;0;0;0
04/06/2021;08:03:00;78;Acidente sem Vítimas;550,21;BR-040/MG;Sul;Engavetamento;3;0;0;0;0;1;0;0;0;0;0;0;0;0;0
04/06/2021;08:42:00;90;Acidente sem Vítimas;668,1;BR-040/MG;Norte;Choque c/ Objeto Fixo;1;0;0;0;0;0;0;0;0;0;1;0;0;0;0
04/06/2021;09:37:00;103;Acidente sem Vítimas;5,1;BR-040/GO;Norte;Engavetamento;4;0;0;0;0;0;0;0;0;0;3;0;0;0;0
04/06/2021;10:43:00;117;Acidente sem Vítimas;632,6;BR-040/MG;Norte;Colisão transversal;3;0;0;0;0;1;0;0;0;0;2;0;0;0;0
04/06/2021;16:23:00;183;Acidente com Vítimas;97,1;BR-040/GO;Norte;Capotamento;3;0;0;0;0;0;0;0;0;0;1;0;0;1;0
04/06/2021;16:56:00;189;Acidente sem Vítimas;523,25;BR-040/MG;Norte;Engavetamento;2;0;0;0;0;2;0;0;0;0;0;0;0;0;0
04/06/2021;17:17:00;199;Acidente sem Vítimas;611,31;BR-040/MG;Sul;Colisão transversal;2;0;1;2;0;0;0;0;0;0;2;0;0;0;0
04/06/2021;18:27:00;207;Acidente com Vítimas;0,12;BR-040/DF;Norte;Tombamento de Moto;0;0;0;2;0;0;0;0;0;0;0;1;0;0;0
04/06/2021;19:17:00;222;Acidente com Vítimas;42,1;BR-040/MG;Norte;Atropelamento de Ciclista;0;1;0;1;0;0;0;0;0;0;1;1;0;0;0
04/06/2021;20:40:00;247;Acidente com Vítimas;446,5;BR-040/MG;Sul;Tombamento de Moto;0;0;0;2;0;0;0;0;0;0;0;0;2;0;0
04/06/2021;22:49:00;273;Acidente com Vítimas;507,3;BR-040/MG;Sul;Capotamento;1;0;0;0;0;1;0;0;0;0;0;4;0;0;0
05/06/2021;03:23:00;37;Acidente sem Vítimas;510,8;BR-040/MG;Sul;Atropelamento de Animal;2;0;0;0;0;0;0;0;0;0;1;0;0;0;0
05/06/2021;05:54:00;45;Acidente sem Vítimas;699,3;BR-040/MG;Sul;Tombamento;0;0;1;0;0;0;0;0;0;0;1;0;0;0;0
05/06/2021;06:01:00;46;Acidente sem Vítimas;480,7;BR-040/MG;Sul;Choque c/ Objeto Fixo;2;0;0;0;0;0;0;0;0;0;1;0;0;0;0
05/06/2021;06:24:00;48;Acidente com Vítimas;41,5;BR-040/MG;Sul;Colisão transversal;1;0;0;1;0;1;0;0;0;0;1;1;0;0;0
05/06/2021;06:42:00;52;Acidente sem Vítimas;12,9;BR-040/MG;Sul;Choque c/ Objeto Fixo;1;0;0;0;0;0;0;0;0;0;1;0;0;0;0
05/06/2021;10:50:00;102;Acidente sem Vítimas;3,25;BR-040/GO;Norte;Engavetamento;3;1;0;0;0;0;0;0;0;0;2;0;0;0;0
05/06/2021;10:56:00;103;Acidente sem Vítimas;568,6;BR-040/MG;Sul;Colisão traseira;0;0;0;0;0;2;0;0;0;0;2;0;0;0;0
05/06/2021;12:48:00;113;Acidente sem Vítimas;517,5;BR-040/MG;Norte;Capotamento;0;0;0;0;0;3;0;0;0;0;2;0;0;0;0
05/06/2021;14:37:00;133;Acidente com Vítimas;700;BR-040/MG;Norte;Tombamento de Moto;0;0;0;1;0;0;0;0;0;0;1;0;1;0;0
05/06/2021;14:42:00;134;Acidente sem Vítimas;633,55;BR-040/MG;Norte;Colisão traseira;2;0;0;0;0;1;0;0;0;0;2;0;0;0;0
05/06/2021;18:38:00;175;Acidente com Vítimas;43,3;BR-040/MG;Sul;Colisão lateral;0;0;0;1;0;2;0;0;0;0;2;1;0;0;0
05/06/2021;19:17:00;187;Acidente com Vítimas;532,2;BR-040/MG;Norte;Colisão lateral;2;0;0;0;0;2;0;0;0;0;3;1;0;0;0
05/06/2021;20:54:00;205;Acidente com Vítimas;339,98;BR-040/MG;Norte;Colisão traseira;2;0;0;0;0;1;0;0;0;0;3;3;0;0;0
05/06/2021;21:29:00;209;Acidente sem Vítimas;678,2;BR-040/MG;Sul;Queda de Ribanceira;1;0;0;0;0;2;0;0;0;0;0;0;0;0;0
05/06/2021;21:42:00;210;Acidente sem Vítimas;437,5;BR-040/MG;Sul;Capotamento;1;0;0;0;0;0;0;0;0;0;1;0;0;0;0
05/06/2021;23:12:00;218;Acidente sem Vítimas;9,9;BR-040/GO;Norte;Colisão traseira;2;0;0;0;0;0;0;0;0;0;1;0;0;0;0
06/06/2021;00:52:00;8;Acidente com Vítimas;0,1;BR-040/GO;Norte;Colisão traseira;1;0;0;0;0;1;0;0;0;0;2;1;0;0;0
06/06/2021;00:54:00;9;Acidente sem Vítimas;1,4;BR-040/GO;Norte;Choque c/ Objeto Fixo;2;0;0;0;0;2;0;0;0;0;1;0;0;0;0
06/06/2021;03:06:00;20;Acidente Fatal;498,33;BR-040/MG;Sul;Atropelamento de Andarilho;0;0;0;0;0;2;0;0;0;0;0;0;0;0;1
06/06/2021;06:26:00;32;Acidente com Vítimas;6,28;BR-040/GO;Sul;Choque c/ Objeto Fixo;3;0;0;0;0;0;0;0;0;0;0;0;1;0;0
06/06/2021;06:57:00;37;Acidente sem Vítimas;524,2;BR-040/MG;Sul;Choque c/ Objeto Fixo;1;0;0;0;0;0;0;0;0;0;1;0;0;0;0
06/06/2021;07:35:00;44;Acidente sem Vítimas;194,5;BR-040/MG;Norte;Outros;1;0;0;0;0;1;0;0;0;0;1;0;0;0;0
06/06/2021;07:36:00;43;Acidente sem Vítimas;525,5;BR-040/MG;Norte;Choque c/ Objeto Fixo;1;0;0;0;0;0;0;0;0;0;1;0;0;0;0
06/06/2021;09:38:00;56;Acidente com Vítimas;571,3;BR-040/MG;Norte;Colisão traseira;1;0;0;3;0;0;0;0;0;0;2;1;0;0;0
06/06/2021;13:56:00;111;Acidente sem Vítimas;716,3;BR-040/MG;Sul;Atropelamento de Animal;1;0;0;0;0;0;0;0;0;0;1;0;0;0;0
06/06/2021;16:05:00;137;Acidente sem Vítimas;557,2;BR-040/MG;Norte;Colisão traseira;2;0;0;0;0;0;0;0;0;0;4;0;0;0;0
06/06/2021;16:25:00;141;Acidente sem Vítimas;407,5;BR-040/MG;Sul;Atropelamento de Animal;1;0;0;0;0;0;0;0;0;0;3;0;0;0;0
06/06/2021;16:42:00;148;Acidente sem Vítimas;508,1;BR-040/MG;Sul;Engavetamento;1;0;0;0;0;2;0;0;0;0;3;0;0;0;0
06/06/2021;16:58:00;149;Acidente sem Vítimas;645,5;BR-040/MG;Norte;Colisão transversal;2;0;0;0;0;0;0;0;0;0;4;0;0;0;0
06/06/2021;17:12:00;153;Acidente sem Vítimas;508,9;BR-040/MG;Sul;Colisão traseira;2;0;0;0;0;0;0;0;0;0;2;0;0;0;0
06/06/2021;20:56:00;173;Acidente com Vítimas;6,9;BR-040/DF;Sul;Colisão traseira;2;0;0;0;0;0;0;0;0;0;2;1;0;0;0
06/06/2021;21:01:00;176;Acidente com Vítimas;7,1;BR-040/DF;Sul;Colisão traseira;0;0;1;1;0;0;0;0;0;0;2;0;1;0;0
06/06/2021;22:33:00;188;Acidente sem Vítimas;507,1;BR-040/MG;Sul;Colisão traseira;2;0;0;0;0;0;0;0;0;0;5;0;0;0;0
06/06/2021;23:15:00;195;Acidente sem Vítimas;486,5;BR-040/MG;Norte;Colisão lateral;0;0;0;0;0;2;0;0;0;0;0;0;0;0;0
06/06/2021;23:49:00;199;Acidente Fatal;439,49;BR-040/MG;Sul;Colisão traseira;1;0;1;0;0;1;0;0;0;0;0;0;0;0;1
07/06/2021;06:30:00;69;Acidente sem Vítimas;726,3;BR-040/MG;Sul;Choque c/ Objeto Fixo;1;0;0;0;0;0;0;0;0;0;1;0;0;0;0
07/06/2021;06:59:00;82;Acidente sem Vítimas;733,56;BR-040/MG;Norte;Choque c/ Objeto Fixo;2;0;0;0;0;0;0;0;0;0;1;0;0;0;0
07/06/2021;08:35:00;109;Acidente sem Vítimas;544,5;BR-040/MG;Sul;Tombamento de Moto;0;0;0;2;0;0;0;0;0;0;0;0;0;0;0
07/06/2021;09:05:00;122;Acidente sem Vítimas;522,21;BR-040/MG;Norte;Engavetamento;3;0;0;0;0;0;0;0;0;0;0;0;0;0;0
07/06/2021;10:49:00;147;Acidente com Vítimas;556,5;BR-040/MG;Norte;Capotamento;1;0;0;0;2;0;0;0;0;0;0;1;0;1;0
07/06/2021;14:17:00;192;Acidente sem Vítimas;711,1;BR-040/MG;Sul;Choque c/ Objeto Fixo;1;0;0;0;0;0;0;0;0;0;1;0;0;0;0
07/06/2021;14:55:00;206;Acidente sem Vítimas;650,3;BR-040/MG;Sul;Colisão transversal;2;0;0;0;0;0;0;0;0;0;3;0;0;0;0
07/06/2021;15:06:00;211;Acidente com Vítimas;469,5;BR-040/MG;Sul;Colisão lateral;2;0;0;0;0;0;0;0;0;0;0;1;0;0;0
07/06/2021;16:33:00;228;Acidente sem Vítimas;718,6;BR-040/MG;Sul;Tombamento;0;0;0;1;0;0;0;0;0;0;1;0;0;0;0
07/06/2021;17:52:00;252;Acidente sem Vítimas;494,4;BR-040/MG;Norte;Capotamento;1;0;0;0;0;0;0;0;0;0;1;0;0;0;0
07/06/2021;18:09:00;259;Acidente com Vítimas;13,1;BR-040/GO;Sul;Atropelamento de Animal;0;0;0;0;0;1;0;0;0;0;1;0;1;0;0
07/06/2021;18:35:00;265;Acidente com Vítimas;423,2;BR-040/MG;Sul;Atropelamento de Animal;0;0;0;0;0;1;0;0;0;0;1;0;0;0;0
07/06/2021;19:17:00;274;Acidente sem Vítimas;661,15;BR-040/MG;Norte;Choque c/ Objeto Fixo;1;0;0;0;0;0;0;0;0;0;4;0;0;0;0
07/06/2021;22:07:00;299;Acidente sem Vítimas;11,8;BR-040/GO;Sul;Choque c/ Objeto Fixo;1;0;0;0;0;0;0;0;0;0;1;0;0;0;0
08/06/2021;05:39:00;66;Acidente sem Vítimas;354,5;BR-040/MG;Sul;Choque c/ Objeto Fixo;0;0;2;0;0;0;0;0;0;0;1;0;0;0;0
08/06/2021;06:28:00;80;Acidente com Vítimas;1,8;BR-040/GO;Norte;Colisão traseira;1;0;0;1;0;0;0;0;0;0;2;1;0;0;0
08/06/2021;11:23:00;146;Acidente sem Vítimas;254,1;BR-040/MG;Norte;Colisão traseira;0;1;0;0;0;1;0;0;0;0;2;0;0;0;0