data;horario;n_da_ocorrencia;tipo_de_ocorrencia;km;trecho;sentido;tipo_de_acidente;automovel;bicicleta;caminhao;moto;onibus;outros;tracao_animal;transporte_de_cargas_especiais;trator_maquinas;utilitarios;ilesos;levemente_feridos;moderadamente_feridos;gravemente_feridos;mortos
08/06/2021;11:53:00;148;Acidente com Vítimas;94,3;BR-040/GO;Sul;Tombamento de Moto;0;0;0;1;0;0;0;0;0;0;1;1;0;0;0
08/06/2021;16:21:00;211;Acidente sem Vítimas;540,1;BR-040/MG;Sul;Colisão traseira;1;0;0;0;0;0;0;0;0;0;0;0;0;0;0
08/06/2021;19:18:00;265;Acidente sem Vítimas;3,1;BR-040/GO;Norte;Engavetamento;4;0;0;0;0;0;0;0;0;0;3;0;0;0;0
08/06/2021;19:37:00;267;Acidente sem Vítimas;535,5;BR-040/MG;Norte;Colisão traseira;2;0;0;0;1;1;0;0;0;0;2;0;0;0;0
09/06/2021;08:28:00;124;Acidente com Vítimas;553,7;BR-040/MG;Sul;Colisão frontal;0;1;0;0;0;0;0;0;0;0;1;0;0;0;0
09/06/2021;08:43:00;127;Acidente sem Vítimas;504,7;BR-040/MG;Norte;Choque c/ Objeto Fixo;1;0;0;0;0;0;0;0;0;0;1;0;0;0;0
09/06/2021;10:47:00;162;Acidente com Vítimas;44,3;BR-040/MG;Norte;Colisão frontal;1;0;1;0;0;1;0;0;0;0;2;0;1;0;0
09/06/2021;11:18:00;164;Acidente com Vítimas;41,9;BR-040/MG;Norte;Colisão traseira;3;0;0;0;0;0;0;0;0;0;2;0;0;0;0
09/06/2021;13:21:00;187;Acidente sem Vítimas;533,5;BR-040/MG;Sul;Colisão traseira;1;0;1;0;0;0;0;0;0;0;2;0;0;0;0
09/06/2021;14:32:00;207;Acidente sem Vítimas;511,6;BR-040/MG;Norte;Tombamento de Moto;0;0;0;1;0;0;0;0;0;0;1;0;0;0;0
09/06/2021;15:55:00;224;Acidente sem Vítimas;516,48;BR-040/MG;Norte;Choque c/ Objeto Fixo;3;0;0;0;0;0;0;0;0;0;1;0;0;0;0
09/06/2021;16:07:00;229;Acidente sem Vítimas;1,6;BR-040/GO;Sul;Engavetamento;4;0;0;0;0;0;0;0;0;0;4;0;0;0;0
09/06/2021;16:25:00;238;Acidente com Vítimas;588;BR-040/MG;Norte;Capotamento;0;0;1;0;0;1;0;0;0;0;1;0;0;1;0
09/06/2021;17:55:00;261;Acidente sem Vítimas;513,3;BR-040/MG;Norte;Colisão traseira;2;0;0;0;0;1;0;0;0;0;3;0;0;0;0
09/06/2021;18:44:00;268;Acidente com Vítimas;513,5;BR-040/MG;Norte;Colisão traseira;2;0;0;1;0;0;0;0;0;0;6;2;0;0;0
09/06/2021;23:33:00;315;Acidente sem Vítimas;563,5;BR-040/MG;Sul;Capotamento;2;0;0;0;0;1;0;0;0;0;1;0;0;0;0
10/06/2021;01:08:00;40;Acidente sem Vítimas;582,7;BR-040/MG;Sul;Colisão traseira;0;0;2;1;0;2;0;0;0;0;2;0;0;0;0
10/06/2021;03:39:00;49;Acidente sem Vítimas;466,3;BR-040/MG;Norte;Choque c/ Objeto Fixo;1;0;0;0;0;0;0;0;0;0;5;0;0;0;0
10/06/2021;08:07:00;114;Acidente com Vítimas;3,5;BR-040/GO;Norte;Colisão lateral;1;0;0;1;0;0;0;0;0;0;2;1;0;0;0
10/06/2021;11:02:00;165;Acidente com Vítimas;24,3;BR-040/GO;Sul;Colisão lateral;1;0;0;1;0;1;0;0;0;0;2;0;0;0;0
10/06/2021;11:30:00;171;Acidente sem Vítimas;533,2;BR-040/MG;Norte;Colisão lateral;1;0;1;0;0;0;0;0;0;0;2;0;0;0;0
10/06/2021;12:54:00;188;Acidente sem Vítimas;131,1;BR-040/MG;Norte;Choque c/ Objeto Fixo;1;0;0;0;0;0;0;0;0;0;2;0;0;0;0
10/06/2021;13:38:00;198;Acidente sem Vítimas;516,458;BR-040/MG;Sul;Choque c/ Objeto Fixo;0;0;2;0;0;0;0;0;0;0;1;0;0;0;0
10/06/2021;16:03:00;223;Acidente sem Vítimas;1,38;BR-040/GO;Sul;Choque c/ Objeto Fixo;3;0;0;0;0;0;0;0;0;0;1;0;0;0;0
10/06/2021;16:26:00;226;Acidente sem Vítimas;1,38;BR-040/GO;Sul;Colisão lateral;1;0;0;1;0;0;0;0;0;0;2;0;0;0;0
10/06/2021;16:42:00;233;Acidente sem Vítimas;2,8;BR-040/GO;Norte;Capotamento;6;0;0;0;0;0;0;0;0;0;2;1;0;0;0
10/06/2021;17:23:00;241;Acidente sem Vítimas;523,3;BR-040/MG;Norte;Colisão lateral;4;0;0;0;1;0;0;0;0;0;36;0;0;0;0
10/06/2021;17:32:00;244;Acidente com Vítimas;594,2;BR-040/MG;Sul;Colisão traseira;1;0;1;0;0;1;0;0;0;0;3;2;0;0;0
10/06/2021;18:07:00;253;Acidente sem Vítimas;16,3;BR-040/GO;Sul;Atropelamento de Andarilho;3;0;0;0;0;0;0;0;0;0;1;0;0;0;0
10/06/2021;18:12:00;254;Acidente com Vítimas;39,5;BR-040/MG;Norte;Colisão transversal;2;0;1;0;0;1;0;0;0;0;2;1;0;0;0
10/06/2021;18:18:00;255;Acidente sem Vítimas;702,15;BR-040/MG;Norte;Colisão traseira;2;0;1;0;0;0;0;0;0;0;2;0;0;0;0
10/06/2021;23:39:00;311;Acidente com Vítimas;4,5;BR-040/GO;Norte;Colisão traseira;1;0;0;0;0;2;0;0;0;0;2;0;1;0;0
11/06/2021;02:41:00;26;Acidente sem Vítimas;587,3;BR-040/MG;Norte;Colisão lateral;0;0;2;0;0;1;0;0;0;0;1;0;0;0;0
11/06/2021;06:20:00;75;Acidente com Vítimas;530,2;BR-040/MG;Norte;Choque c/ Objeto Fixo;0;0;0;1;0;1;0;0;0;0;0;0;1;0;0
11/06/2021;07:10:00;91;Acidente Fatal;569,983;BR-040/MG;Sul;Choque c/ Objeto Fixo;0;0;0;0;0;1;0;0;0;0;0;0;0;0;1
11/06/2021;07:12:00;94;Acidente com Vítimas;3,6;BR-040/DF;Norte;Colisão lateral;3;0;0;2;0;0;0;0;0;0;2;0;0;0;0
11/06/2021;08:05:00;108;Acidente sem Vítimas;4,1;BR-040/DF;Norte;Colisão traseira;2;0;0;0;0;1;0;0;0;0;2;0;0;0;0
11/06/2021;09:57:00;131;Acidente com Vítimas;22,1;BR-040/GO;Sul;Colisão transversal;2;0;0;2;0;0;0;0;0;0;3;0;1;0;0
11/06/2021;11:56:00;165;Acidente sem Vítimas;487,341;BR-040/MG;Sul;Colisão traseira;1;0;0;0;0;1;0;0;0;0;0;0;0;0;0
11/06/2021;14:41:00;203;Acidente sem Vítimas;582,1;BR-040/MG;Norte;Colisão traseira;0;0;1;0;2;0;0;0;0;0;2;0;0;0;0
11/06/2021;16:07:00;225;Acidente sem Vítimas;43,2;BR-040/MG;Norte;Queda Veículo;0;0;0;1;0;0;0;0;0;0;1;0;0;0;0
11/06/2021;17:24:00;249;Acidente com Vítimas;525,7;BR-040/MG;Norte;Colisão lateral;0;0;0;1;0;1;0;0;0;0;0;1;0;0;0
11/06/2021;18:35:00;268;Acidente sem Vítimas;4,7;BR-040/GO;Norte;Colisão traseira;2;0;0;0;0;0;0;0;0;0;3;0;0;0;0
11/06/2021;19:27:00;281;Acidente sem Vítimas;510,5;BR-040/MG;Norte;Colisão traseira;2;0;0;3;0;0;0;0;0;0;2;0;0;0;0
11/06/2021;19:50:00;287;Acidente sem Vítimas;522,5;BR-040/MG;Norte;Colisão traseira;0;0;0;1;0;1;0;0;0;0;1;0;0;0;0
11/06/2021;20:36:00;300;Acidente sem Vítimas;703;BR-040/MG;Norte;Capotamento;2;0;0;0;0;0;0;0;0;0;1;0;0;0;0
11/06/2021;21:00:00;307;Acidente com Vítimas;92,275;BR-040/GO;Norte;Colisão transversal;1;0;1;0;1;0;0;0;0;0;1;0;1;0;0
11/06/2021;22:14:00;331;Acidente sem Vítimas;519;BR-040/MG;Sul;Colisão traseira;2;0;0;0;0;1;0;0;0;0;1;0;0;0;0
11/06/2021;23:44:00;346;Acidente sem Vítimas;5,8;Fora_Rota;Norte;Tombamento de Moto;0;0;0;1;0;0;0;0;0;0;1;0;0;0;0
12/06/2021;01:21:00;19;Acidente com Vítimas;5,9;BR-040/GO;Sul;Colisão traseira;1;0;0;1;0;2;0;0;0;0;2;1;0;1;0
12/06/2021;07:30:00;73;Acidente com Vítimas;755,136;BR-040/MG;Norte;Colisão transversal;0;0;0;0;0;2;0;0;0;0;2;2;0;0;0
12/06/2021;08:22:00;85;Acidente sem Vítimas;50,3;BR-040/MG;Sul;Colisão traseira;1;0;0;0;1;0;0;0;0;0;4;0;0;0;0
12/06/2021;10:03:00;113;Acidente sem Vítimas;533,35;BR-040/MG;Norte;Colisão traseira;1;0;0;1;0;0;0;0;0;0;2;0;0;0;0
12/06/2021;10:47:00;126;Acidente com Vítimas;768,2;BR-040/MG;Norte;Tombamento;0;0;0;0;1;1;0;0;0;0;1;1;0;0;0
12/06/2021;11:23:00;137;Acidente com Vítimas;510,3;BR-040/MG;Norte;Capotamento;2;0;0;1;0;0;0;0;0;0;1;0;1;0;0
12/06/2021;12:13:00;154;Acidente sem Vítimas;511,5;BR-040/MG;Norte;Colisão traseira;1;0;0;1;0;0;0;0;0;0;2;0;0;0;0
12/06/2021;13:31:00;168;Acidente sem Vítimas;512,25;BR-040/MG;Sul;Engavetamento;4;0;0;0;0;0;0;0;0;0;4;0;0;0;0
12/06/2021;14:16:00;185;Acidente sem Vítimas;4,2;BR-040/GO;Norte;Capotamento;1;0;0;0;0;1;0;0;0;0;2;0;0;0;0
12/06/2021;14:47:00;191;Acidente sem Vítimas;559,4;BR-040/MG;Sul;Colisão traseira;1;0;0;2;0;0;0;0;0;0;2;0;0;0;0
12/06/2021;16:36:00;217;Acidente sem Vítimas;8,5;BR-040/GO;Norte;Capotamento;1;0;0;0;0;0;0;0;0;0;1;0;0;0;0
12/06/2021;18:31:00;237;Acidente sem Vítimas;536,15;BR-040/MG;Norte;Colisão traseira;0;0;0;1;0;1;0;0;0;0;1;1;0;0;0
13/06/2021;03:06:00;60;Acidente sem Vítimas;34,2;BR-040/GO;Sul;Choque c/ Objeto Fixo;2;0;0;0;0;0;0;0;0;0;1;0;0;0;0
13/06/2021;08:58:00;114;Acidente com Vítimas;547,8;BR-040/MG;Norte;Choque c/ Objeto Fixo;0;1;1;0;0;0;0;0;0;0;1;0;1;0;0
13/06/2021;12:18:00;159;Acidente com Vítimas;551,561;BR-040/MG;Norte;Colisão traseira;2;0;0;1;0;0;0;0;0;0;1;2;0;0;0
13/06/2021;12:56:00;167;Acidente com Vítimas;636,8;BR-040/MG;Norte;Capotamento;1;0;0;0;0;1;0;0;0;0;1;1;0;0;0
13/06/2021;15:41:00;196;Acidente sem Vítimas;12,5;BR-040/GO;Norte;Colisão lateral;1;0;0;2;0;1;0;0;0;0;2;1;0;0;0
13/06/2021;17:24:00;218;Acidente sem Vítimas;504,9;BR-040/MG;Sul;Colisão traseira;2;0;0;0;0;0;0;0;0;0;5;0;0;0;0
13/06/2021;17:56:00;227;Acidente sem Vítimas;337;BR-040/MG;Sul;Choque c/ Objeto Fixo;3;0;0;0;0;1;0;0;0;0;1;1;0;0;0
13/06/2021;19:18:00;247;Acidente sem Vítimas;4,8;BR-040/GO;Norte;Colisão traseira;2;0;0;0;0;0;0;0;0;0;2;0;0;0;0
13/06/2021;19:43:00;256;Acidente sem Vítimas;679,2;BR-040/MG;Sul;Choque c/ Objeto Fixo;1;0;0;0;0;0;0;0;0;0;1;0;0;0;0
13/06/2021;20:15:00;262;Acidente sem Vítimas;523,3;BR-040/MG;Sul;Choque c/ Objeto Fixo;2;0;0;0;0;1;0;0;0;0;2;0;0;0;0
13/06/2021;20:32:00;270;Acidente sem Vítimas;355;BR-040/MG;Sul;Colisão transversal;1;1;0;0;0;1;0;0;0;0;1;0;0;0;0
13/06/2021;21:21:00;278;Acidente com Vítimas;5;BR-040/GO;Sul;Choque c/ Objeto Fixo;2;0;0;0;0;0;0;0;0;0;1;2;1;0;0
13/06/2021;22:26:00;295;Acidente com Vítimas;507,35;BR-040/MG;Sul;Engavetamento;1;0;0;1;0;1;0;0;0;0;3;1;0;1;0
13/06/2021;23:48:00;307;Acidente sem Vítimas;8;BR-040/GO;Sul;Colisão transversal;2;0;0;0;0;1;0;0;0;0;2;0;0;0;0
14/06/2021;02:09:00;32;Acidente com Vítimas;124,5;BR-040/GO;Norte;Capotamento;1;0;0;0;0;0;0;0;0;0;1;1;0;0;0
14/06/2021;03:42:00;42;Acidente sem Vítimas;458,62;BR-040/MG;Norte;Choque c/ Objeto Fixo;2;0;0;0;0;0;0;0;0;0;0;0;0;0;0
14/06/2021;05:44:00;62;Acidente com Vítimas;446,2;BR-040/MG;Norte;Choque c/ Objeto Fixo;0;0;0;1;0;0;0;0;0;0;0;1;0;0;0
14/06/2021;07:20:00;93;Acidente com Vítimas;542,8;BR-040/MG;Sul;Choque c/ Objeto Fixo;1;0;0;2;0;1;0;0;0;0;2;0;2;0;0
14/06/2021;08:36:00;124;Acidente sem Vítimas;534,7;BR-040/MG;Sul;Engavetamento;5;0;0;0;0;0;0;0;0;0;5;0;0;0;0
14/06/2021;08:50:00;128;Acidente com Vítimas;7,8;BR-040/DF;Norte;Tombamento de Moto;0;0;0;1;0;0;0;0;0;0;0;1;0;0;0
14/06/2021;09:50:00;149;Acidente com Vítimas;448,35;BR-040/MG;Sul;Capotamento;0;0;0;0;0;1;0;0;0;0;0;2;1;0;0
14/06/2021;10:33:00;158;Acidente sem Vítimas;121,1;BR-040/MG;Norte;Tombamento;0;0;0;0;0;0;0;0;0;1;1;0;0;0;0
14/06/2021;10:49:00;161;Acidente com Vítimas;572,2;BR-040/MG;Norte;Colisão transversal;2;0;0;0;3;1;0;0;0;0;5;1;2;0;0
14/06/2021;11:07:00;164;Acidente sem Vítimas;2,5;BR-040/DF;Norte;Colisão traseira;0;1;0;0;0;2;0;0;0;1;1;0;0;0;0
14/06/2021;16:31:00;222;Acidente sem Vítimas;487,2;BR-040/MG;Sul;Colisão traseira;1;0;1;0;0;0;0;0;0;0;2;0;0;0;0
15/06/2021;06:16:00;73;Acidente sem Vítimas;598,95;BR-040/MG;Sul;Choque c/ Objeto Fixo;2;0;0;0;0;0;0;0;0;0;1;0;0;0;0
15/06/2021;06:56:00;86;Acidente com Vítimas;524,2;BR-040/MG;Sul;Colisão traseira;1;0;0;1;0;0;0;0;0;0;0;1;0;0;0
15/06/2021;07:27:00;96;Acidente com Vítimas;518,2;BR-040/MG;Sul;Colisão traseira;0;0;1;1;0;0;0;0;0;0;0;0;1;0;0
15/06/2021;07:50:00;105;Acidente com Vítimas;7,1;BR-040/GO;Norte;Colisão lateral;2;0;0;1;0;0;0;0;0;0;2;1;0;0;0
15/06/2021;10:16:00;148;Acidente sem Vítimas;6,5;BR-040/DF;Sul;Colisão traseira;2;0;0;0;0;0;0;0;0;0;5;0;0;0;0
15/06/2021;14:07:00;202;Acidente com Vítimas;533,2;BR-040/MG;Norte;Tombamento de Moto;0;0;0;1;0;0;0;0;0;0;0;2;0;0;0
15/06/2021;17:19:00;251;Acidente sem Vítimas;519,2;BR-040/MG;Norte;Colisão traseira;3;0;0;0;0;0;0;0;0;0;2;0;0;0;0
15/06/2021;17:40:00;257;Acidente sem Vítimas;510,12;BR-040/MG;Norte;Engavetamento;3;0;0;0;0;2;0;0;0;0;4;0;0;0;0
16/06/2021;06:28:00;82;Acidente com Vítimas;528,15;BR-040/MG;Sul;Colisão lateral;0;0;0;1;0;1;0;0;0;0;0;2;0;0;0
16/06/2021;07:53:00;123;Acidente sem Vítimas;717;BR-040/MG;Norte;Choque c/ Objeto Fixo;0;0;2;0;0;0;0;0;0;0;1;0;0;0;0
16/06/2021;07:57:00;121;Acidente sem Vítimas;765,65;BR-040/MG;Sul;Choque c/ Objeto Fixo;1;0;0;0;0;0;0;0;0;0;1;0;0;0;0
16/06/2021;08:03:00;126;Acidente com Vítimas;3,3;BR-040/DF;Norte;Colisão traseira;2;0;0;2;0;1;0;0;0;0;2;0;0;0;0
16/06/2021;11:53:00;183;Acidente sem Vítimas;154,6;BR-040/MG;Sul;Capotamento;2;0;0;0;0;0;0;0;0;0;0;0;0;0;0
16/06/2021;12:25:00;189;Acidente sem Vítimas;478,2;BR-040/MG;Norte;Colisão lateral;0;0;0;1;1;0;0;0;0;0;0;0;0;0;0
16/06/2021;12:45:00;193;Acidente sem Vítimas;510,5;BR-040/MG;Norte;Colisão traseira;1;0;0;0;0;3;0;0;0;0;0;0;0;0;0
16/06/2021;14:37:00;217;Acidente com Vítimas;375,7;BR-040/MG;Norte;Colisão frontal;4;0;0;0;0;0;0;0;0;0;7;0;1;0;0
16/06/2021;17:26:00;251;Acidente com Vítimas;136,1;BR-040/MG;Norte;Colisão traseira;0;0;0;2;0;1;0;0;0;0;2;1;0;0;0
16/06/2021;18:12:00;260;Acidente sem Vítimas;215,2;BR-040/MG;Norte;Colisão traseira;0;0;2;0;0;1;0;0;0;0;1;0;0;0;0
16/06/2021;22:12:00;309;Acidente sem Vítimas;372,2;BR-040/MG;Sul;Choque c/ Objeto Fixo;0;0;3;0;0;0;0;0;0;0;1;0;0;0;0
17/06/2021;05:57:00;103;Acidente com Vítimas;431,2;BR-040/MG;Sul;Colisão traseira;1;0;0;1;0;0;0;0;0;0;5;1;0;0;0
17/06/2021;08:24:00;158;Acidente sem Vítimas;34,8;BR-040/GO;Sul;Tombamento;2;0;0;0;0;0;0;0;0;0;1;0;0;0;0
17/06/2021;09:10:00;169;Acidente sem Vítimas;576,75;BR-040/MG;Sul;Colisão traseira;1;0;1;0;0;0;0;0;0;0;2;0;0;0;0
17/06/2021;10:33:00;195;Acidente sem Vítimas;718,3;BR-040/MG;Norte;Capotamento;1;0;0;0;0;0;0;0;0;0;1;1;0;0;0
17/06/2021;11:53:00;214;Acidente com Vítimas;671,5;BR-040/MG;Sul;Colisão transversal;1;0;0;0;1;0;0;0;0;0;2;0;1;0;0
17/06/2021;12:42:00;219;Acidente sem Vítimas;524,2;BR-040/MG;Norte;Capotamento;1;0;0;0;0;0;0;0;0;0;1;0;0;0;0
17/06/2021;13:57:00;243;Acidente com Vítimas;9,99;BR-040/GO;Sul;Colisão traseira;0;1;0;1;0;1;0;0;0;0;1;1;0;0;0
17/06/2021;19:03:00;312;Acidente sem Vítimas;538,32;BR-040/MG;Norte;Engavetamento;3;0;0;0;0;0;0;0;0;0;3;0;0;0;0
17/06/2021;23:44:00;367;Acidente com Vítimas;23,22;BR-040/GO;Norte;Colisão traseira;0;2;0;2;0;0;0;0;0;0;3;0;1;1;0
18/06/2021;04:52:00;60;Acidente sem Vítimas;535,3;BR-040/MG;Sul;Tombamento;0;0;1;0;1;0;0;0;0;0;0;0;0;0;0
18/06/2021;08:26:00;116;Acidente sem Vítimas;539,2;BR-040/MG;Sul;Engavetamento;2;0;1;0;0;0;0;0;0;0;0;0;0;0;0
18/06/2021;10:17:00;145;Acidente com Vítimas;536,5;BR-040/MG;Norte;Colisão lateral;0;0;0;0;0;0;0;0;0;0;0;0;1;0;0
18/06/2021;10:53:00;158;Acidente com Vítimas;519,2;BR-040/MG;Norte;Capotamento;1;0;0;0;0;1;0;0;0;0;0;1;0;0;0
18/06/2021;11:29:00;163;Acidente com Vítimas;71,8;BR-040/MG;Sul;Tombamento;0;0;0;0;1;0;0;0;0;0;1;1;0;0;0
18/06/2021;13:16:00;186;Acidente com Vítimas;509,85;BR-040/MG;Norte;Atropelamento de Ciclista;1;0;0;0;0;0;0;0;0;0;0;0;0;0;0
18/06/2021;14:27:00;200;Acidente com Vítimas;577,4;BR-040/MG;Sul;Colisão frontal;0;0;1;0;0;1;0;0;0;0;2;2;0;0;0
18/06/2021;14:54:00;207;Acidente com Vítimas;471;BR-040/MG;Sul;Tombamento;0;0;0;0;0;2;0;0;0;0;0;1;0;0;0
18/06/2021;15:14:00;209;Acidente sem Vítimas;472,8;BR-040/MG;Norte;Colisão traseira;4;0;0;0;0;0;0;0;0;0;0;0;0;0;0
18/06/2021;15:50:00;222;Acidente com Vítimas;705,2;BR-040/MG;Norte;Tombamento;0;0;2;0;0;1;0;0;0;0;1;0;0;0;0
18/06/2021;18:17:00;265;Acidente com Vítimas;39,2;BR-040/MG;Sul;Atropelamento de Pedestre;2;0;0;0;0;1;0;0;0;0;1;0;0;0;0
18/06/2021;18:26:00;267;Acidente com Vítimas;545,9;BR-040/MG;Norte;Choque c/ Objeto Fixo;1;0;0;0;0;0;0;0;0;0;0;0;1;0;0
18/06/2021;19:20:00;281;Acidente sem Vítimas;545,3;BR-040/MG;Norte;Choque c/ Objeto Fixo;1;0;0;0;0;0;0;0;0;0;0;0;0;0;0
18/06/2021;19:28:00;285;Acidente sem Vítimas;684,15;BR-040/MG;Norte;Choque c/ Objeto Fixo;1;0;1;0;0;1;0;0;0;0;3;0;0;0;0
18/06/2021;19:44:00;286;Acidente com Vítimas;543,999;BR-040/MG;Sul;Colisão lateral;1;0;0;1;0;0;0;0;0;0;2;1;1;0;0
18/06/2021;22:37:00;321;Acidente com Vítimas;525,3;BR-040/MG;Norte;Colisão traseira;0;0;0;1;1;0;0;0;0;0;1;1;0;0;0
18/06/2021;23:05:00;322;Acidente sem Vítimas;435,5;BR-040/MG;Sul;Atropelamento de Animal;0;0;0;0;1;0;0;0;0;0;0;0;0;0;0
19/06/2021;04:00:00;19;Acidente sem Vítimas;618,2;BR-040/MG;Norte;Choque c/ Objeto Fixo;2;0;0;0;0;0;0;0;0;0;1;0;0;0;0
19/06/2021;04:36:00;21;Acidente com Vítimas;537,5;BR-040/MG;Norte;Colisão traseira;2;0;0;0;0;1;0;0;0;0;0;0;1;0;0
19/06/2021;05:36:00;25;Acidente com Vítimas;543,5;BR-040/MG;Sul;Colisão traseira;0;0;0;0;0;2;0;0;0;0;0;0;1;0;0
19/06/2021;06:14:00;34;Acidente com Vítimas;5,5;BR-040/DF;Norte;Colisão transversal;0;1;0;2;0;1;0;0;0;0;1;0;0;0;0
19/06/2021;07:07:00;46;Acidente com Vítimas;516,5;BR-040/MG;Norte;Colisão traseira;0;0;0;1;0;1;0;0;0;0;0;0;1;0;0
19/06/2021;08:02:00;57;Acidente sem Vítimas;93,2;BR-040/GO;Norte;Colisão transversal;4;0;0;0;0;0;0;0;0;0;3;0;0;0;0
19/06/2021;18:06:00;187;Acidente sem Vítimas;279,3;BR-040/MG;Norte;Colisão lateral;1;0;0;0;0;1;0;0;0;1;5;0;0;0;0
19/06/2021;18:29:00;193;Acidente Fatal;606,1;BR-040/MG;Norte;Colisão frontal;9;0;0;0;0;1;0;0;0;0;0;0;1;0;1
19/06/2021;18:35:00;200;Acidente sem Vítimas;509,2;BR-040/MG;Sul;Colisão traseira;2;0;0;0;0;2;0;0;0;0;1;0;0;0;0
19/06/2021;21:09:00;235;Acidente Fatal;442,89;BR-040/MG;Sul;Tombamento;0;0;1;0;0;0;0;0;0;0;1;1;0;0;1
20/06/2021;07:30:00;69;Acidente com Vítimas;42,3;BR-040/MG;Sul;Colisão transversal;1;0;0;1;0;0;0;0;0;0;3;0;1;0;0
20/06/2021;15:31:00;194;Acidente com Vítimas;671,12;BR-040/MG;Sul;Capotamento;1;0;0;0;0;1;0;0;0;0;0;1;0;0;0
20/06/2021;16:47:00;209;Acidente com Vítimas;765,8;BR-040/MG;Sul;Choque c/ Objeto Fixo;2;0;0;0;0;0;0;0;0;0;1;0;0;0;0
20/06/2021;17:18:00;215;Acidente com Vítimas;536,2;BR-040/MG;Norte;Colisão lateral;0;0;0;1;0;1;0;0;0;0;0;0;0;0;0
20/06/2021;17:52:00;226;Acidente com Vítimas;562,5;BR-040/MG;Norte;Colisão traseira;4;0;0;0;0;0;0;0;0;0;3;0;0;0;0
20/06/2021;21:05:00;274;Acidente com Vítimas;733,5;BR-040/MG;Norte;Atropelamento de Ciclista;0;2;0;1;0;0;0;0;0;0;0;2;0;0;0
21/06/2021;02:20:00;44;Acidente com Vítimas;16,3;BR-040/GO;Norte;Capotamento;1;0;0;0;0;1;0;0;0;0;0;0;0;1;0
21/06/2021;02:41:00;50;Acidente sem Vítimas;510,9;BR-040/MG;Norte;Capotamento;1;0;0;0;0;1;0;0;0;0;1;0;0;0;0
21/06/2021;06:39:00;83;Acidente sem Vítimas;548,18;BR-040/MG;Sul;Colisão traseira;1;0;0;0;0;2;0;0;0;0;2;0;0;0;0
21/06/2021;07:57:00;106;Acidente sem Vítimas;687,8;BR-040/MG;Sul;Tombamento;0;0;0;0;0;1;0;0;0;0;1;0;0;0;0
21/06/2021;10:10:00;152;Acidente sem Vítimas;770,3;BR-040/MG;Norte;Capotamento;4;0;0;0;0;0;0;0;0;0;1;0;0;0;0
21/06/2021;10:31:00;158;Acidente sem Vítimas;597,5;BR-040/MG;Sul;Colisão lateral;0;0;1;0;2;1;0;0;0;0;2;0;0;0;0
21/06/2021;10:47:00;163;Acidente sem Vítimas;646,3;BR-040/MG;Norte;Choque com objeto;2;0;0;0;0;0;0;0;0;0;1;0;0;0;0
21/06/2021;13:10:00;188;Acidente sem Vítimas;535,2;BR-040/MG;Norte;Colisão lateral;1;0;0;0;1;0;0;0;0;0;2;0;0;0;0
21/06/2021;13:25:00;190;Acidente com Vítimas;522,2;BR-040/MG;Sul;Tombamento de Moto;0;0;0;1;0;0;0;0;0;0;0;1;0;0;0
21/06/2021;18:16:00;253;Acidente sem Vítimas;487,5;BR-040/MG;Norte;Colisão traseira;0;0;0;0;3;0;0;0;0;0;2;0;0;0;0
21/06/2021;19:45:00;275;Acidente sem Vítimas;534,6;BR-040/MG;Norte;Engavetamento;4;0;0;0;0;0;0;0;0;0;0;1;0;0;0
21/06/2021;21:50:00;294;Acidente sem Vítimas;92,1;BR-040/GO;Norte;Colisão traseira;3;0;0;0;0;0;0;0;0;0;2;0;0;0;0
22/06/2021;07:19:00;95;Acidente sem Vítimas;517,5;BR-040/MG;Sul;Colisão traseira;1;0;0;0;1;0;0;0;0;0;2;0;0;0;0
22/06/2021;09:02:00;131;Acidente sem Vítimas;491,3;BR-040/MG;Sul;Colisão lateral;1;0;0;0;1;1;0;0;0;0;2;0;0;0;0
22/06/2021;12:27:00;155;Acidente com Vítimas;456,4;BR-040/MG;Norte;Colisão traseira;1;0;2;0;0;0;0;0;0;0;1;0;1;0;0
22/06/2021;12:44:00;160;Acidente com Vítimas;749,8;BR-040/MG;Sul;Choque c/ Objeto Fixo;1;0;0;0;0;0;0;0;0;0;3;1;0;0;0
22/06/2021;17:05:00;210;Acidente com Vítimas;96,16;BR-040/GO;Norte;Colisão transversal;2;0;0;1;0;0;0;0;0;0;1;1;0;0;0
22/06/2021;17:08:00;211;Acidente sem Vítimas;716,6;BR-040/MG;Norte;Colisão lateral;1;0;0;0;0;0;0;0;0;0;1;0;0;0;0
22/06/2021;17:11:00;212;Acidente sem Vítimas;716,8;BR-040/MG;Norte;Capotamento;1;0;0;0;0;0;0;0;0;0;1;0;0;0;0
22/06/2021;17:13:00;214;Acidente com Vítimas;756,9;BR-040/MG;Sul;Tombamento de Moto;0;0;0;1;0;0;0;0;0;0;1;0;0;0;0
22/06/2021;18:03:00;229;Acidente sem Vítimas;600,15;BR-040/MG;Sul;Choque c/ Objeto Fixo;2;0;0;0;0;1;0;0;0;0;1;0;0;0;0
22/06/2021;18:27:00;233;Acidente sem Vítimas;658,15;BR-040/MG;Norte;Colisão lateral;1;0;0;0;1;0;0;0;0;0;1;0;0;0;0
22/06/2021;18:35:00;237;Acidente com Vítimas;451,35;BR-040/MG;Norte;Tombamento de Moto;0;0;1;1;0;0;0;0;0;0;0;1;0;0;0
22/06/2021;19:53:00;249;Acidente com Vítimas;9,15;BR-040/GO;Norte;Atropelamento de Animal;0;0;0;2;0;2;0;0;0;0;1;0;1;0;0
22/06/2021;20:32:00;255;Acidente sem Vítimas;652,15;BR-040/MG;Norte;Atropelamento de Animal;0;0;1;0;1;0;0;0;0;0;1;0;0;0;0