data;horario;n_da_ocorrencia;tipo_de_ocorrencia;km;trecho;sentido;tipo_de_acidente;automovel;bicicleta;caminhao;moto;onibus;outros;tracao_animal;transporte_de_cargas_especiais;trator_maquinas;utilitarios;ilesos;levemente_feridos;moderadamente_feridos;gravemente_feridos;mortos
22/06/2021;20:50:00;271;Acidente sem Vítimas;652,15;BR-040/MG;Norte;Colisão traseira;1;0;0;1;0;1;0;0;0;0;2;0;0;0;0
23/06/2021;02:49:00;6;Acidente com Vítimas;9,15;BR-040/GO;Norte;Atropelamento de Animal;0;0;0;0;0;1;0;0;0;0;0;0;1;0;0
23/06/2021;03:23:00;60;Acidente sem Vítimas;2,3;BR-040/GO;Norte;Colisão traseira;2;0;0;0;0;0;0;0;0;0;2;0;0;0;0
23/06/2021;06:42:00;98;Acidente com Vítimas;516,1;BR-040/MG;Sul;Tombamento de Moto;0;0;0;1;0;0;0;0;0;0;0;0;1;0;0
23/06/2021;13:40:00;116;Acidente com Vítimas;511,1;BR-040/MG;Norte;Tombamento de Moto;0;0;0;1;0;0;0;0;0;0;0;1;0;0;0
23/06/2021;14:36:00;132;Acidente com Vítimas;46,2;BR-040/GO;Norte;Colisão lateral;0;0;0;0;1;1;0;0;0;0;3;0;0;0;0
23/06/2021;16:28:00;158;Acidente sem Vítimas;79,8;BR-040/GO;Sul;Colisão lateral;1;0;0;2;0;0;0;0;0;0;0;0;0;0;0
23/06/2021;18:04:00;180;Acidente com Vítimas;10,9;BR-040/GO;Sul;Atropelamento de Pedestre;1;0;0;0;0;1;0;0;0;0;2;1;0;0;0
23/06/2021;18:10:00;182;Acidente com Vítimas;3,1;BR-040/GO;Sul;Tombamento de Moto;0;0;0;1;0;1;0;0;0;0;0;1;0;0;0
23/06/2021;18:12:00;185;Acidente sem Vítimas;551,7;BR-040/MG;Norte;Colisão traseira;1;0;0;0;0;3;0;0;0;0;2;0;0;0;0
23/06/2021;18:42:00;194;Acidente sem Vítimas;532,8;BR-040/MG;Norte;Engavetamento;4;0;0;0;0;1;0;0;0;0;4;0;0;0;0
23/06/2021;18:56:00;199;Acidente com Vítimas;434,5;BR-040/MG;Sul;Colisão traseira;2;0;0;1;0;0;0;0;0;0;2;1;0;0;0
23/06/2021;19:48:00;216;Acidente sem Vítimas;126,5;BR-040/MG;Sul;Colisão traseira;2;0;0;0;0;0;0;0;0;0;2;0;0;0;0
23/06/2021;21:19:00;240;Acidente sem Vítimas;555,8;BR-040/MG;Norte;Colisão transversal;0;0;1;0;1;1;0;0;0;0;1;0;0;0;0
24/06/2021;08:16:00;143;Acidente com Vítimas;143,9;BR-040/MG;Norte;Colisão lateral;0;0;0;1;0;2;0;0;0;0;3;0;0;0;0
24/06/2021;08:38:00;147;Acidente sem Vítimas;219,1;BR-040/MG;Sul;Colisão traseira;1;0;0;0;1;1;0;0;0;0;2;0;0;0;0
24/06/2021;17:38:00;296;Acidente sem Vítimas;545,9;BR-040/MG;Norte;Engavetamento;4;0;0;0;0;0;0;0;0;0;3;0;0;0;0
24/06/2021;18:01:00;300;Acidente com Vítimas;546,3;BR-040/MG;Sul;Colisão traseira;1;0;0;2;0;0;0;0;0;0;1;0;0;1;0
24/06/2021;19:13:00;309;Acidente sem Vítimas;5,6;BR-040/GO;Sul;Colisão traseira;5;0;0;0;0;0;0;0;0;0;4;0;0;0;0
24/06/2021;19:39:00;313;Acidente com Vítimas;530,2;BR-040/MG;Sul;Tombamento de Moto;0;0;0;2;0;0;0;0;0;0;0;0;1;0;0
24/06/2021;20:25:00;323;Acidente com Vítimas;494,63;BR-040/MG;Sul;Tombamento de Moto;0;0;0;1;0;0;0;0;0;0;1;0;0;0;0
24/06/2021;21:57:00;342;Acidente com Vítimas;14,1;BR-040/GO;Norte;Capotamento;1;0;0;0;0;0;0;0;0;0;1;0;0;0;0
24/06/2021;22:59:00;351;Acidente sem Vítimas;705,15;BR-040/MG;Norte;Choque c/ Objeto Fixo;2;0;0;0;0;0;0;0;0;0;1;0;0;0;0
25/06/2021;03:44:00;57;Acidente com Vítimas;5,1;BR-040/DF;Sul;Tombamento de Moto;0;0;0;1;0;0;0;0;0;0;1;0;0;1;0
25/06/2021;06:54:00;102;Acidente sem Vítimas;523,2;BR-040/MG;Sul;Engavetamento;3;0;0;0;0;0;0;0;0;0;3;0;0;0;0
25/06/2021;06:58:00;104;Acidente com Vítimas;656,7;BR-040/MG;Norte;Colisão traseira;0;0;1;0;1;0;0;0;0;0;2;1;0;0;0
25/06/2021;09:35:00;149;Acidente sem Vítimas;460,98;BR-040/MG;Norte;Colisão traseira;0;0;0;0;1;2;0;0;0;0;2;0;0;0;0
25/06/2021;11:36:00;173;Acidente sem Vítimas;475,3;BR-040/MG;Sul;Choque c/ Objeto Fixo;0;0;0;0;1;0;0;0;0;0;1;0;0;0;0
25/06/2021;13:01:00;183;Acidente com Vítimas;550,4;BR-040/MG;Sul;Colisão traseira;1;0;0;0;0;2;0;0;0;0;2;1;0;0;0
25/06/2021;13:14:00;186;Acidente com Vítimas;473,8;BR-040/MG;Sul;Tombamento de Moto;0;0;0;1;0;1;0;0;0;0;2;1;0;0;0
25/06/2021;14:25:00;203;Acidente com Vítimas;1,1;BR-040/GO;Sul;Choque c/ Objeto Fixo;1;0;0;0;0;0;0;0;0;0;1;0;0;0;0
25/06/2021;17:04:00;251;Acidente sem Vítimas;467,74;BR-040/MG;Sul;Colisão traseira;1;0;3;0;0;0;0;0;0;0;4;0;0;0;0
25/06/2021;18:24:00;271;Acidente Fatal;281,5;BR-040/MG;Norte;Colisão transversal;1;0;0;0;1;1;0;0;0;0;2;0;0;0;1
26/06/2021;10:09:00;102;Acidente com Vítimas;561,4;BR-040/MG;Sul;Colisão traseira;4;0;0;0;0;1;0;0;0;0;2;0;1;0;0
26/06/2021;10:11:00;101;Acidente sem Vítimas;561,3;BR-040/MG;Sul;Colisão traseira;1;0;0;0;1;0;0;0;0;0;3;0;0;0;0
26/06/2021;10:59:00;114;Acidente com Vítimas;617,43;BR-040/MG;Sul;Colisão traseira;1;0;0;0;0;2;0;0;0;0;2;1;0;0;0
26/06/2021;12:33:00;137;Acidente sem Vítimas;614,3;BR-040/MG;Sul;Engavetamento;0;0;0;0;0;0;0;0;0;0;0;0;0;0;0
26/06/2021;13:13:00;152;Acidente sem Vítimas;497,5;BR-040/MG;Norte;Capotamento;2;0;0;0;0;1;0;0;0;0;2;0;0;0;0
26/06/2021;13:29:00;158;Acidente com Vítimas;632,1;BR-040/MG;Norte;Colisão transversal;1;0;0;0;0;1;0;0;0;0;2;1;0;0;0
26/06/2021;14:11:00;172;Acidente com Vítimas;627,3;BR-040/MG;Norte;Colisão lateral;1;0;0;1;0;0;0;0;0;0;2;0;0;0;0
26/06/2021;14:21:00;174;Acidente sem Vítimas;661,9;BR-040/MG;Sul;Colisão transversal;2;0;0;0;0;0;0;0;0;0;2;0;0;0;0
26/06/2021;16:55:00;211;Acidente sem Vítimas;40,9;BR-040/MG;Norte;Colisão transversal;1;0;0;0;1;0;0;0;0;0;10;0;0;0;0
26/06/2021;17:50:00;222;Acidente sem Vítimas;649,5;BR-040/MG;Sul;Colisão traseira;2;0;0;0;0;0;0;0;0;0;0;0;0;0;0
26/06/2021;18:45:00;234;Acidente Fatal;551,6;BR-040/MG;Sul;Atropelamento de Pedestre;1;0;0;0;0;1;0;0;0;0;1;0;0;0;1
26/06/2021;18:55:00;245;Acidente sem Vítimas;551,6;BR-040/MG;Norte;Colisão lateral;3;0;0;0;0;0;0;0;0;0;2;0;0;0;0
26/06/2021;22:28:00;273;Acidente com Vítimas;497,5;BR-040/MG;Norte;Colisão frontal;0;1;0;0;0;2;0;0;0;0;3;2;0;0;0
26/06/2021;22:49:00;274;Acidente com Vítimas;6,1;BR-040/DF;Sul;Choque c/ Objeto Fixo;1;0;0;0;0;0;0;0;0;0;1;0;1;0;0
27/06/2021;01:08:00;9;Acidente sem Vítimas;260,1;BR-040/MG;Sul;Atropelamento de Animal;1;0;0;0;0;0;0;0;0;0;1;0;0;0;0
27/06/2021;04:38:00;32;Acidente sem Vítimas;141,1;BR-040/MG;Norte;Choque c/ Objeto Fixo;4;0;0;0;0;0;0;0;0;0;1;0;0;0;0
27/06/2021;05:45:00;36;Acidente sem Vítimas;140,2;BR-040/MG;Norte;Colisão traseira;1;0;0;0;0;1;0;0;0;0;1;0;0;0;0
27/06/2021;06:18:00;38;Acidente com Vítimas;45,15;BR-040/MG;Norte;Colisão transversal;0;0;0;1;1;1;0;0;0;0;3;1;1;0;0
27/06/2021;06:41:00;42;Acidente com Vítimas;310,1;Fora_Rota;Norte;Choque com objeto;1;0;0;0;0;0;0;0;0;0;2;0;1;0;0
27/06/2021;07:00:00;45;Acidente com Vítimas;517,5;BR-040/MG;Sul;Colisão lateral;2;0;1;0;1;0;0;0;0;0;0;1;0;0;0
27/06/2021;07:43:00;54;Acidente com Vítimas;545,8;BR-040/MG;Sul;Capotamento;1;0;0;0;0;1;0;0;0;0;0;0;0;0;0
27/06/2021;13:04:00;101;Acidente com Vítimas;181,3;BR-040/MG;Norte;Queda de Ribanceira;1;0;0;0;0;0;0;0;0;0;1;1;0;0;0
27/06/2021;14:09:00;111;Acidente com Vítimas;5,1;BR-040/GO;Sul;Colisão traseira;1;0;0;2;0;1;0;0;0;0;3;0;1;0;0
27/06/2021;15:28:00;129;Acidente sem Vítimas;93,1;BR-040/GO;Sul;Choque c/ Objeto Fixo;0;0;0;0;0;1;0;0;0;0;2;0;0;0;0
27/06/2021;18:35:00;174;Acidente sem Vítimas;4,1;BR-040/GO;Norte;Colisão lateral;2;0;0;0;0;0;0;0;0;0;2;0;0;0;0
27/06/2021;19:14:00;189;Acidente sem Vítimas;701,1;BR-040/MG;Norte;Atropelamento de Animal;4;0;0;0;0;0;0;0;0;0;4;0;0;0;0
27/06/2021;19:33:00;197;Acidente sem Vítimas;551,8;BR-040/MG;Norte;Colisão traseira;1;0;0;0;0;1;0;0;0;0;2;0;0;0;0
27/06/2021;20:37:00;214;Acidente com Vítimas;628,1;BR-040/MG;Sul;Colisão traseira;2;0;0;1;0;1;0;0;0;0;2;0;1;0;0
27/06/2021;21:50:00;220;Acidente sem Vítimas;615,1;BR-040/MG;Sul;Choque c/ Objeto Fixo;2;0;0;1;0;0;0;0;0;0;1;0;0;0;0
27/06/2021;22:06:00;225;Acidente com Vítimas;5,9;BR-040/DF;Sul;Tombamento;0;0;0;1;0;0;0;0;0;0;0;1;0;0;0
27/06/2021;23:52:00;239;Acidente com Vítimas;8,5;BR-040/GO;Sul;Tombamento de Moto;0;0;0;1;0;2;0;0;0;0;0;0;1;0;0
28/06/2021;00:43:00;22;Acidente sem Vítimas;141,8;BR-040/GO;Sul;Atropelamento de Animal;1;0;0;0;0;0;0;0;0;0;6;0;0;0;0
28/06/2021;01:26:00;38;Acidente sem Vítimas;169,5;BR-040/MG;Sul;Choque c/ Objeto Fixo;0;0;0;0;0;2;0;0;0;0;1;0;0;0;0
28/06/2021;01:51:00;46;Acidente sem Vítimas;2,7;BR-040/GO;Sul;Choque c/ Objeto Fixo;1;0;0;0;0;0;0;0;0;0;1;0;0;0;0
28/06/2021;08:26:00;142;Acidente sem Vítimas;632,3;BR-040/MG;Norte;Colisão traseira;3;0;0;0;0;1;0;0;0;0;4;0;1;0;0
28/06/2021;10:14:00;176;Acidente sem Vítimas;542,2;BR-040/MG;Norte;Engavetamento;9;0;0;0;0;0;0;0;0;0;0;0;0;0;0
28/06/2021;10:54:00;187;Acidente sem Vítimas;571,2;BR-040/MG;Sul;Choque c/ Objeto Fixo;0;0;0;0;0;1;0;0;0;0;1;0;0;0;0
28/06/2021;11:54:00;197;Acidente com Vítimas;609,5;BR-040/MG;Sul;Colisão transversal;2;0;0;0;0;0;0;0;0;0;3;2;1;0;0
28/06/2021;13:09:00;221;Acidente sem Vítimas;527,5;BR-040/MG;Sul;Tombamento de Moto;0;0;0;1;0;0;0;0;0;0;0;0;0;0;0
28/06/2021;13:44:00;231;Acidente sem Vítimas;563,1;BR-040/MG;Norte;Colisão traseira;2;0;0;0;0;1;0;0;0;0;0;0;0;0;0
28/06/2021;15:55:00;261;Acidente com Vítimas;9,5;BR-040/GO;Sul;Colisão traseira;0;0;1;2;0;0;0;0;0;0;2;0;1;0;0
28/06/2021;18:04:00;288;Acidente sem Vítimas;1,1;BR-040/DF;Norte;Colisão traseira;2;0;0;0;0;0;0;0;0;0;2;0;0;0;0
29/06/2021;00:20:00;17;Acidente sem Vítimas;417,9;BR-040/MG;Sul;Colisão traseira;0;0;0;0;0;2;0;0;0;0;0;0;0;0;0
29/06/2021;06:03:00;95;Acidente sem Vítimas;520,3;BR-040/MG;Sul;Tombamento;0;0;1;0;0;1;0;0;0;0;2;0;0;0;0
29/06/2021;09:27:00;161;Acidente sem Vítimas;405,3;BR-040/MG;Norte;Colisão traseira;0;0;0;0;3;0;0;0;0;0;2;0;0;0;0
29/06/2021;10:43:00;183;Acidente sem Vítimas;43,5;BR-040/MG;Sul;Tombamento de Moto;0;0;0;1;0;0;0;0;0;0;1;0;0;0;0
29/06/2021;10:49:00;186;Acidente com Vítimas;559,963;BR-040/MG;Sul;Engavetamento;2;0;0;1;0;0;0;0;0;0;2;1;0;0;0
29/06/2021;10:51:00;185;Acidente sem Vítimas;65,3;BR-040/GO;Norte;Colisão transversal;2;0;0;0;0;2;0;0;0;0;2;0;0;0;0
29/06/2021;12:12:00;201;Acidente sem Vítimas;720,6;BR-040/MG;Sul;Colisão traseira;0;0;0;0;1;1;0;0;0;0;2;0;0;0;0
29/06/2021;12:28:00;206;Acidente com Vítimas;31,3;BR-040/GO;Norte;Colisão transversal;2;0;0;0;0;2;0;0;0;0;1;0;0;1;0
29/06/2021;12:48:00;211;Acidente sem Vítimas;692,8;BR-040/MG;Sul;Colisão traseira;0;0;5;0;0;1;0;0;0;0;0;0;0;0;0
29/06/2021;14:50:00;244;Acidente sem Vítimas;647,1;BR-040/MG;Sul;Colisão transversal;1;0;0;1;0;1;0;0;0;0;0;0;0;0;0
29/06/2021;15:59:00;257;Acidente sem Vítimas;582,15;BR-040/MG;Sul;Colisão transversal;4;0;0;0;0;1;0;0;0;0;1;0;0;0;0
29/06/2021;16:09:00;259;Acidente sem Vítimas;128,8;BR-040/MG;Sul;Colisão transversal;2;0;0;0;0;0;0;0;0;0;2;0;0;0;0
29/06/2021;16:09:00;261;Acidente sem Vítimas;737,6;BR-040/MG;Norte;Colisão traseira;5;0;0;0;0;1;0;0;0;0;0;0;0;0;0
29/06/2021;17:20:00;278;Acidente com Vítimas;12,1;BR-040/GO;Norte;Atropelamento de Pedestre;0;0;0;1;0;0;0;0;0;0;1;0;0;1;0
01/07/2021;05:20:00;81;Acidente com Vítimas;599,2;BR-040/MG;Sul;Tombamento de Moto;0;0;0;1;0;0;0;0;0;0;0;1;0;0;0
01/07/2021;05:28:00;82;Acidente sem Vítimas;54,5;BR-040/GO;Sul;Choque com objeto;0;0;0;0;0;3;0;0;0;0;2;0;0;0;0
01/07/2021;06:45:00;101;Acidente com Vítimas;513,2;BR-040/MG;Sul;Engavetamento;5;0;0;0;0;0;0;0;0;0;0;0;1;0;0
01/07/2021;07:36:00;119;Acidente sem Vítimas;7,1;BR-040/GO;Sul;Colisão traseira;1;0;0;0;0;1;0;0;0;0;2;0;0;0;0
01/07/2021;07:51:00;125;Acidente com Vítimas;9,1;BR-040/GO;Sul;Queda Veículo;2;0;0;1;2;1;0;0;0;0;4;0;0;0;0
01/07/2021;10:06:00;160;Acidente com Vítimas;544,1;BR-040/MG;Sul;Colisão lateral;1;0;0;1;0;0;0;0;0;0;0;0;0;0;0
01/07/2021;11:44:00;185;Acidente sem Vítimas;536,2;BR-040/MG;Norte;Colisão traseira;1;0;0;0;0;0;0;0;0;0;1;0;0;0;0
01/07/2021;12:18:00;190;Acidente com Vítimas;523,3;BR-040/MG;Norte;Capotamento;0;0;0;0;0;1;0;0;0;1;0;0;2;0;0
01/07/2021;15:09:00;235;Acidente sem Vítimas;94,1;BR-040/GO;Norte;Choque com objeto;3;0;0;0;2;1;0;0;0;0;3;0;0;0;0
01/07/2021;15:42:00;241;Acidente sem Vítimas;583,1;BR-040/MG;Sul;Capotamento;1;0;0;0;0;0;0;0;0;0;1;0;0;0;0
01/07/2021;16:38:00;254;Acidente com Vítimas;686,15;BR-040/MG;Sul;Colisão transversal;2;0;0;2;0;1;0;0;0;0;2;0;0;1;0
01/07/2021;17:10:00;267;Acidente sem Vítimas;538,5;BR-040/MG;Sul;Engavetamento;4;0;0;0;0;0;0;0;0;0;4;0;0;0;0
01/07/2021;17:26:00;272;Acidente sem Vítimas;40,9;BR-040/MG;Norte;Colisão lateral;1;0;0;0;0;1;0;0;0;0;2;0;0;0;0
01/07/2021;18:49:00;288;Acidente com Vítimas;5,5;BR-040/DF;Sul;Colisão traseira;0;0;0;1;0;2;0;0;0;0;0;1;0;0;0
01/07/2021;19:30:00;291;Acidente sem Vítimas;536,6;BR-040/MG;Norte;Colisão traseira;2;0;0;0;0;0;0;0;0;0;2;0;0;0;0
01/07/2021;20:01:00;298;Acidente com Vítimas;466,5;BR-040/MG;Norte;Tombamento;0;0;0;1;0;0;0;0;0;0;1;0;1;0;0
01/07/2021;20:02:00;299;Acidente sem Vítimas;616,12;BR-040/MG;Norte;Colisão traseira;2;0;1;0;0;1;0;0;0;0;2;0;0;0;0
01/07/2021;21:05:00;308;Acidente com Vítimas;5,3;BR-040/DF;Norte;Tombamento de Moto;0;0;0;0;0;1;0;0;0;0;0;0;0;0;0
02/07/2021;05:37:00;91;Acidente com Vítimas;257,12;BR-040/MG;Sul;Colisão frontal;1;0;0;0;0;1;0;0;0;0;9;2;0;0;0
02/07/2021;06:13:00;99;Acidente sem Vítimas;633,9;BR-040/MG;Norte;Colisão transversal;2;0;0;0;0;1;0;0;0;0;1;0;0;0;0
02/07/2021;08:44:00;152;Acidente sem Vítimas;93,1;BR-040/GO;Norte;Colisão lateral;2;0;0;1;0;0;0;0;0;0;2;0;0;0;0
02/07/2021;10:11:00;171;Acidente sem Vítimas;2,1;BR-040/DF;Norte;Colisão lateral;2;0;0;0;3;0;0;0;0;0;2;0;0;0;0
02/07/2021;14:39:00;232;Acidente com Vítimas;12,8;BR-040/GO;Sul;Colisão lateral;1;2;0;0;0;0;0;0;0;0;2;0;1;0;0
02/07/2021;16:17:00;256;Acidente sem Vítimas;588,15;BR-040/MG;Sul;Colisão traseira;3;0;0;0;1;0;0;0;0;0;2;0;0;0;0
02/07/2021;16:45:00;266;Acidente sem Vítimas;520,2;BR-040/MG;Norte;Colisão traseira;0;0;1;1;0;2;0;0;0;0;0;1;0;0;0
02/07/2021;17:13:00;275;Acidente sem Vítimas;44,1;BR-040/MG;Norte;Colisão lateral;2;0;1;0;0;0;0;0;0;0;2;0;0;0;0
02/07/2021;17:19:00;285;Acidente com Vítimas;524,9;BR-040/MG;Norte;Colisão traseira;0;0;0;0;0;3;0;0;0;0;0;0;0;0;0
02/07/2021;18:37:00;300;Acidente com Vítimas;614,5;BR-040/MG;Norte;Colisão traseira;3;0;0;0;0;0;0;0;0;0;4;0;0;0;0
02/07/2021;19:40:00;322;Acidente sem Vítimas;364,4;BR-040/MG;Norte;Atropelamento de Animal;1;0;0;0;0;0;0;0;0;0;4;0;0;0;0
02/07/2021;19:44:00;324;Acidente sem Vítimas;520,5;BR-040/MG;Norte;Colisão traseira;2;0;0;0;0;1;0;0;0;0;2;0;0;0;0
02/07/2021;19:51:00;326;Acidente com Vítimas;515,3;BR-040/MG;Norte;Colisão traseira;3;0;0;0;0;0;0;0;0;0;2;2;0;0;0
02/07/2021;19:56:00;332;Acidente sem Vítimas;4,3;BR-040/GO;Sul;Colisão traseira;0;0;0;0;0;3;0;0;0;0;1;0;0;0;0
03/07/2021;01:10:00;31;Acidente Fatal;716,25;BR-040/MG;Norte;Atropelamento de Ciclista;0;1;0;0;0;1;0;0;0;0;0;0;0;0;1
03/07/2021;01:48:00;36;Acidente sem Vítimas;2,9;BR-040/MG;Sul;Colisão traseira;1;0;0;0;0;1;0;0;0;0;1;0;0;0;0
03/07/2021;05:54:00;60;Acidente com Vítimas;479,8;BR-040/MG;Sul;Colisão lateral;0;0;1;1;0;1;0;0;0;0;1;1;0;0;0
03/07/2021;08:52:00;94;Acidente com Vítimas;60,15;BR-040/MG;Norte;Capotamento;2;0;0;0;0;1;0;0;0;0;0;2;1;0;0
03/07/2021;09:25:00;105;Acidente sem Vítimas;8,65;BR-040/GO;Norte;Colisão transversal;2;0;0;0;0;1;0;0;0;0;1;1;0;0;0
03/07/2021;09:53:00;113;Acidente com Vítimas;513,2;BR-040/MG;Norte;Tombamento;0;1;0;0;0;0;0;0;0;0;0;0;1;0;0
03/07/2021;10:17:00;116;Acidente Fatal;665,44;BR-040/MG;Norte;Colisão transversal;2;0;0;0;0;0;0;0;0;0;2;3;1;1;1
03/07/2021;13:37:00;160;Acidente com Vítimas;11,77;BR-040/GO;Sul;Colisão transversal;1;0;0;1;0;0;0;0;0;0;2;0;0;0;0
03/07/2021;13:38:00;162;Acidente com Vítimas;512,2;BR-040/MG;Sul;Colisão lateral;1;0;0;0;0;1;0;0;0;0;0;1;0;0;0
03/07/2021;15:01:00;179;Acidente sem Vítimas;615,23;BR-040/MG;Norte;Capotamento;2;0;0;0;0;0;0;0;0;0;1;0;0;0;0
03/07/2021;16:37:00;199;Acidente sem Vítimas;509,5;BR-040/MG;Norte;Colisão traseira;2;0;0;0;0;1;0;0;0;0;0;0;0;0;0
03/07/2021;18:26:00;213;Acidente com Vítimas;622,7;BR-040/MG;Norte;Tombamento de Moto;0;0;0;1;0;0;0;0;0;0;0;1;0;0;0
03/07/2021;21:52:00;247;Acidente sem Vítimas;421,305;BR-040/MG;Sul;Choque c/ Objeto Fixo;1;0;0;0;0;1;0;0;0;0;0;0;0;0;0
03/07/2021;23:02:00;257;Acidente com Vítimas;12,6;BR-040/GO;Norte;Colisão traseira;1;1;0;0;0;0;0;0;0;0;1;0;0;1;0
03/07/2021;23:09:00;259;Acidente com Vítimas;513;BR-040/MG;Norte;Atropelamento de Pedestre;2;0;0;0;0;1;0;0;0;0;0;0;0;1;0
04/07/2021;00:45:00;2;Acidente com Vítimas;2,8;BR-040/GO;Sul;Colisão transversal;2;0;0;1;0;0;0;0;0;0;2;1;0;0;0
04/07/2021;00:48:00;3;Acidente com Vítimas;128,8;BR-040/MG;Sul;Colisão traseira;1;0;0;0;0;2;0;0;0;0;2;0;0;1;0
04/07/2021;02:59:00;13;Acidente sem Vítimas;446,5;BR-040/MG;Sul;Outros;2;0;0;0;0;0;0;0;0;0;2;0;0;0;0
04/07/2021;03:02:00;12;Acidente Fatal;12,2;BR-040/GO;Norte;Atropelamento de Pedestre;0;0;0;0;0;2;0;0;0;0;2;0;0;0;1
04/07/2021;05:32:00;21;Acidente com Vítimas;769,5;BR-040/MG;Norte;Capotamento;2;0;0;0;0;0;0;0;0;0;1;1;0;0;0
04/07/2021;07:47:00;40;Acidente com Vítimas;5,4;BR-040/GO;Norte;Outros;3;0;0;0;0;0;0;0;0;0;0;1;0;0;0
04/07/2021;09:15:00;53;Acidente com Vítimas;128,7;BR-040/GO;Norte;Capotamento;1;0;0;0;0;1;0;0;0;0;0;1;4;0;0
04/07/2021;09:54:00;67;Acidente sem Vítimas;524,2;BR-040/MG;Norte;Colisão lateral;1;0;2;0;0;0;0;0;0;0;3;0;0;0;0
04/07/2021;11:38:00;87;Acidente sem Vítimas;531,25;BR-040/MG;Sul;Choque c/ Objeto Fixo;1;0;0;0;0;3;0;0;0;0;0;0;0;0;0
04/07/2021;13:13:00;99;Acidente com Vítimas;528,5;BR-040/MG;Sul;Tombamento de Moto;0;0;0;1;0;0;0;0;0;0;1;0;1;0;0
04/07/2021;18:25:00;190;Acidente sem Vítimas;705,8;BR-040/MG;Norte;Choque c/ Objeto Fixo;1;0;0;0;0;1;0;0;0;0;4;0;0;0;0
04/07/2021;18:44:00;196;Acidente com Vítimas;552,6;BR-040/MG;Norte;Engavetamento;3;0;0;0;0;2;0;0;0;0;9;0;2;0;0
04/07/2021;19:58:00;210;Acidente sem Vítimas;1,8;BR-040/GO;Norte;Colisão traseira;2;0;0;0;0;0;0;0;0;0;2;0;0;0;0
04/07/2021;20:10:00;213;Acidente com Vítimas;658,1;BR-040/MG;Sul;Tombamento de Moto;0;0;0;0;0;1;0;0;0;0;0;1;1;0;0
04/07/2021;20:34:00;219;Acidente com Vítimas;509,3;BR-040/MG;Norte;Colisão traseira;1;0;0;0;0;1;0;0;0;0;0;0;1;0;0
04/07/2021;20:50:00;222;Acidente com Vítimas;132,5;BR-040/MG;Norte;Choque c/ Objeto Fixo;1;0;0;0;0;0;0;0;0;0;1;0;1;0;0
04/07/2021;21:16:00;226;Acidente com Vítimas;537,7;BR-040/MG;Norte;Choque c/ Objeto Fixo;1;0;0;0;0;0;0;0;0;0;0;0;0;0;0
04/07/2021;22:26:00;232;Acidente sem Vítimas;42,8;BR-040/MG;Norte;Colisão traseira;2;0;0;0;0;0;0;0;0;0;2;0;0;0;0
05/07/2021;06:25:00;85;Acidente com Vítimas;560,23;BR-040/MG;Sul;Colisão traseira;3;0;0;0;0;0;0;0;0;0;0;1;0;0;0
05/07/2021;10:11:00;168;Acidente com Vítimas;579,8;BR-040/MG;Sul;Engavetamento;4;0;0;0;5;0;0;0;0;0;6;0;0;1;0
05/07/2021;16:08:00;235;Acidente sem Vítimas;551,99;BR-040/MG;Norte;Colisão traseira;2;0;0;0;0;0;0;0;0;0;0;0;0;0;0
05/07/2021;17:32:00;254;Acidente com Vítimas;526,9;BR-040/MG;Norte;Tombamento de Moto;1;0;0;1;0;0;0;0;0;0;1;0;0;0;0
05/07/2021;18:52:00;275;Acidente com Vítimas;156,5;BR-040/GO;Norte;Atropelamento de Animal;2;0;0;0;0;0;0;0;0;0;1;0;1;0;0
05/07/2021;19:05:00;276;Acidente sem Vítimas;156,5;BR-040/GO;Norte;Atropelamento de Animal;0;0;0;0;0;2;0;0;0;0;5;0;0;0;0
05/07/2021;19:42:00;282;Acidente sem Vítimas;509,6;BR-040/MG;Sul;Tombamento de Moto;0;0;0;1;0;0;0;0;0;0;1;0;0;0;0
06/07/2021;06:50:00;102;Acidente com Vítimas;515,2;BR-040/MG;Sul;Colisão lateral;0;0;0;1;0;2;0;0;0;0;0;0;1;0;0
06/07/2021;09:56:00;149;Acidente com Vítimas;534,4;BR-040/MG;Norte;Colisão traseira;1;0;0;2;0;0;0;0;0;0;0;0;1;0;0
06/07/2021;10:18:00;156;Acidente sem Vítimas;534,41;BR-040/MG;Norte;Engavetamento;3;0;0;1;0;0;0;0;0;0;0;0;0;0;0
06/07/2021;10:42:00;161;Acidente sem Vítimas;535,15;BR-040/MG;Norte;Colisão lateral;1;0;1;0;0;0;0;0;0;0;0;0;0;0;0
06/07/2021;11:11:00;167;Acidente sem Vítimas;527,2;BR-040/MG;Norte;Engavetamento;0;0;0;0;0;0;0;0;0;0;0;0;0;0;0
06/07/2021;11:51:00;180;Acidente com Vítimas;195,1;BR-040/MG;Norte;Capotamento;1;0;0;0;0;0;0;0;0;0;0;1;0;0;0
06/07/2021;14:41:00;213;Acidente com Vítimas;611,9;BR-040/MG;Norte;Colisão traseira;1;0;0;1;0;0;0;0;0;0;2;1;0;0;0
06/07/2021;15:40:00;224;Acidente com Vítimas;508,2;BR-040/MG;Sul;Colisão traseira;2;0;0;1;0;0;0;0;0;0;0;0;2;0;0
06/07/2021;18:34:00;275;Acidente sem Vítimas;12,3;BR-040/GO;Sul;Colisão lateral;1;0;0;2;0;1;0;0;0;0;2;0;0;0;0
06/07/2021;19:18:00;288;Acidente sem Vítimas;585,1;BR-040/MG;Sul;Choque c/ Objeto Fixo;2;0;0;0;0;0;0;0;0;0;1;0;0;0;0