data;horario;n_da_ocorrencia;tipo_de_ocorrencia;km;trecho;sentido;tipo_de_acidente;automovel;bicicleta;caminhao;moto;onibus;outros;tracao_animal;transporte_de_cargas_especiais;trator_maquinas;utilitarios;ilesos;levemente_feridos;moderadamente_feridos;gravemente_feridos;mortos
03/08/2021;11:32:00;179;Acidente sem Vítimas;548,8;BR-040/MG;Sul;Colisão traseira;1;0;0;0;0;3;0;0;0;0;0;0;0;0;0
03/08/2021;16:58:00;235;Acidente sem Vítimas;68,9;BR-040/GO;Sul;Colisão traseira;0;0;1;0;0;1;0;0;0;0;2;0;0;0;0
03/08/2021;18:28:00;264;Acidente com Vítimas;652,8;BR-040/MG;Sul;Tombamento de Moto;0;0;0;1;0;0;0;0;0;0;1;0;1;0;0
04/08/2021;06:23:00;111;Acidente sem Vítimas;526,4;BR-040/MG;Norte;Colisão traseira;3;0;0;0;0;0;0;0;0;0;0;0;0;0;0
04/08/2021;07:25:00;132;Acidente sem Vítimas;0,5;BR-040/GO;Norte;Colisão traseira;2;0;0;0;0;0;0;0;0;0;1;0;0;0;0
04/08/2021;07:33:00;134;Acidente sem Vítimas;512,47;BR-040/MG;Norte;Colisão traseira;3;0;0;0;0;1;0;0;0;0;0;0;0;0;0
04/08/2021;08:14:00;144;Acidente sem Vítimas;1,8;BR-040/GO;Sul;Engavetamento;3;0;0;0;0;0;0;0;0;0;3;0;0;0;0
04/08/2021;12:05:00;202;Acidente sem Vítimas;415,98;BR-040/MG;Norte;Tombamento;0;0;3;0;0;0;0;0;0;0;0;0;0;0;0
04/08/2021;12:58:00;210;Acidente sem Vítimas;1,8;BR-040/GO;Sul;Engavetamento;2;0;0;0;0;1;0;0;0;0;3;0;0;0;0
04/08/2021;13:17:00;213;Acidente sem Vítimas;602,6;BR-040/MG;Norte;Colisão traseira;0;1;2;0;0;0;0;0;0;0;2;0;0;0;0
04/08/2021;13:43:00;221;Acidente com Vítimas;534,5;Fora_Rota;Norte;Colisão traseira;0;0;0;1;0;1;0;0;0;0;2;0;0;0;0
04/08/2021;14:13:00;228;Acidente sem Vítimas;640,506;BR-040/MG;Sul;Colisão traseira;1;0;0;0;0;0;0;0;0;0;1;0;0;0;0
04/08/2021;15:11:00;248;Acidente com Vítimas;526,6;BR-040/MG;Norte;Colisão lateral;0;0;1;0;0;2;0;0;0;0;0;0;0;0;0
04/08/2021;15:59:00;256;Acidente com Vítimas;511,9;BR-040/MG;Sul;Colisão lateral;0;0;0;1;0;2;0;0;0;0;0;0;1;0;0
04/08/2021;17:28:00;277;Acidente sem Vítimas;552,8;BR-040/MG;Norte;Atropelamento de Pedestre;1;0;0;0;0;1;0;0;0;0;0;0;1;0;0
04/08/2021;17:46:00;279;Acidente sem Vítimas;15,5;BR-040/GO;Norte;Atropelamento de Pedestre;1;0;0;0;0;1;0;0;0;0;0;1;0;0;0
04/08/2021;19:09:00;295;Acidente com Vítimas;652,5;BR-040/MG;Sul;Colisão transversal;0;0;0;2;0;1;0;0;0;0;2;0;0;1;0
04/08/2021;19:20:00;302;Acidente sem Vítimas;139,5;BR-040/GO;Norte;Atropelamento de Animal;2;0;0;0;0;0;0;0;0;0;4;0;0;0;0
04/08/2021;19:56:00;304;Acidente sem Vítimas;7,5;BR-040/GO;Sul;Tombamento de Moto;0;0;0;1;0;0;0;0;0;0;1;0;0;0;0
04/08/2021;21:17:00;321;Acidente sem Vítimas;5,5;BR-040/GO;Sul;Colisão traseira;2;0;0;0;0;0;0;0;0;0;1;1;0;0;0
04/08/2021;21:22:00;323;Acidente sem Vítimas;771,1;BR-040/MG;Norte;Atropelamento de Animal;1;0;0;0;0;0;0;0;0;0;1;0;0;0;0
04/08/2021;21:42:00;327;Acidente com Vítimas;512,3;BR-040/MG;Norte;Tombamento de Moto;0;0;0;1;0;2;0;0;0;0;0;1;0;0;0
05/08/2021;04:19:00;75;Acidente sem Vítimas;544,19;BR-040/MG;Norte;Colisão traseira;0;0;1;1;1;0;0;0;0;0;2;0;0;0;0
05/08/2021;07:12:00;118;Acidente com Vítimas;96,99;BR-040/GO;Sul;Colisão traseira;0;0;0;4;0;0;0;0;0;0;1;0;1;0;0
05/08/2021;07:37:00;125;Acidente sem Vítimas;529,1;BR-040/MG;Sul;Atropelamento de Pedestre;1;0;0;0;0;1;0;0;0;0;0;1;0;0;0
05/08/2021;08:48:00;148;Acidente com Vítimas;567,3;BR-040/MG;Norte;Colisão traseira;0;0;1;0;0;1;0;0;0;0;2;0;0;0;0
05/08/2021;10:02:00;168;Acidente sem Vítimas;563,5;BR-040/MG;Sul;Colisão traseira;0;0;1;0;0;1;0;0;0;0;0;0;0;0;0
05/08/2021;10:03:00;169;Acidente Fatal;29,4;BR-040/GO;Sul;Colisão transversal;2;0;0;0;0;1;0;0;0;0;0;0;0;0;2
05/08/2021;10:08:00;172;Acidente com Vítimas;509,8;BR-040/MG;Sul;Choque c/ Objeto Fixo;1;0;0;0;0;0;0;0;0;0;0;0;1;0;0
05/08/2021;11:01:00;183;Acidente sem Vítimas;567,3;BR-040/MG;Norte;Choque c/ Objeto Fixo;0;0;0;0;1;0;0;0;0;0;1;0;0;0;0
05/08/2021;11:04:00;185;Acidente sem Vítimas;488,7;BR-040/MG;Norte;Colisão traseira;1;0;0;0;1;0;0;0;0;0;3;0;0;0;0
05/08/2021;12:47:00;198;Acidente com Vítimas;714,1;BR-040/MG;Sul;Colisão traseira;0;0;0;2;0;0;0;0;0;0;2;1;0;0;0
05/08/2021;16:51:00;252;Acidente sem Vítimas;747,3;BR-040/MG;Sul;Engavetamento;1;0;0;1;0;1;0;0;0;0;3;0;0;0;0
05/08/2021;18:23:00;270;Acidente sem Vítimas;522,3;BR-040/MG;Norte;Tombamento de Moto;0;0;0;1;0;0;0;0;0;0;1;1;0;0;0
06/08/2021;01:25:00;12;Acidente sem Vítimas;506,5;BR-040/MG;Sul;Choque c/ Objeto Fixo;1;0;0;0;0;1;0;0;0;0;2;0;0;0;0
06/08/2021;03:17:00;43;Acidente sem Vítimas;464,4;BR-040/MG;Sul;Tombamento;0;0;4;0;0;0;0;0;0;0;0;0;0;0;0
06/08/2021;05:31:00;80;Acidente Fatal;128,7;BR-040/MG;Norte;Atropelamento de Pedestre;0;0;2;0;1;0;0;0;0;0;25;0;0;0;1
06/08/2021;06:27:00;88;Acidente com Vítimas;740,3;BR-040/MG;Norte;Tombamento de Moto;0;0;0;1;0;0;0;0;0;0;1;1;0;0;0
06/08/2021;09:17:00;140;Acidente com Vítimas;533,2;BR-040/MG;Norte;Colisão lateral;2;0;0;2;0;0;0;0;0;0;0;1;0;0;0
06/08/2021;14:17:00;219;Acidente sem Vítimas;479,5;BR-040/MG;Norte;Colisão traseira;2;0;0;0;0;0;0;0;0;0;0;0;0;0;0
06/08/2021;16:17:00;252;Acidente sem Vítimas;510,2;BR-040/MG;Norte;Colisão traseira;2;0;0;0;0;0;0;0;0;0;0;0;0;0;0
06/08/2021;16:23:00;256;Acidente com Vítimas;11,9;BR-040/GO;Sul;Colisão transversal;2;0;0;2;0;0;0;0;0;0;2;0;0;0;0
06/08/2021;17:04:00;264;Acidente com Vítimas;0,2;BR-040/DF;Sul;Atropelamento de Pedestre;0;0;0;1;0;0;0;0;0;0;1;0;0;0;0
06/08/2021;17:11:00;266;Acidente sem Vítimas;523,6;BR-040/MG;Norte;Colisão traseira;1;0;0;0;0;1;0;0;0;0;0;0;0;0;0
06/08/2021;18:12:00;290;Acidente com Vítimas;437,5;BR-040/MG;Sul;Tombamento de Moto;0;0;0;1;0;0;0;0;0;0;2;1;0;0;0
06/08/2021;19:04:00;307;Acidente sem Vítimas;423,62;BR-040/MG;Norte;Choque c/ Objeto Fixo;2;0;0;0;0;0;0;0;0;0;0;0;0;0;0
06/08/2021;20:19:00;326;Acidente sem Vítimas;523,1;BR-040/MG;Norte;Colisão traseira;2;0;0;0;0;0;0;0;0;0;2;0;0;0;0
06/08/2021;22:15:00;353;Acidente com Vítimas;121,95;BR-040/MG;Sul;Choque c/ Objeto Fixo;1;0;0;0;0;0;0;0;0;0;3;0;1;0;0
07/08/2021;02:23:00;19;Acidente com Vítimas;286,1;BR-040/MG;Sul;Tombamento;0;0;0;2;0;0;0;0;0;0;1;0;1;0;0
07/08/2021;03:35:00;28;Acidente sem Vítimas;569,15;BR-040/MG;Norte;Tombamento;0;0;2;0;0;1;0;0;0;0;1;0;0;0;0
07/08/2021;04:50:00;32;Acidente com Vítimas;545,5;BR-040/MG;Norte;Atropelamento de Pedestre;1;0;0;0;0;0;0;0;0;0;0;0;1;0;0
07/08/2021;04:53:00;35;Acidente com Vítimas;552,15;BR-040/MG;Sul;Colisão traseira;0;0;0;4;0;1;0;0;0;0;0;0;0;0;0
07/08/2021;06:44:00;46;Acidente com Vítimas;463,26;BR-040/MG;Norte;Colisão traseira;0;0;3;0;0;3;0;0;0;0;0;1;0;0;0
07/08/2021;07:11:00;51;Acidente sem Vítimas;546,2;BR-040/MG;Sul;Colisão traseira;3;0;0;0;0;0;0;0;0;0;0;0;0;0;0
07/08/2021;08:38:00;68;Acidente com Vítimas;3,8;BR-040/GO;Norte;Queda Veículo;0;0;0;2;0;0;0;0;0;0;2;0;0;0;0
07/08/2021;08:56:00;77;Acidente sem Vítimas;3,2;BR-040/GO;Sul;Choque com objeto;3;0;0;0;0;0;0;0;0;0;1;0;0;0;0
07/08/2021;09:12:00;78;Acidente sem Vítimas;503,6;BR-040/MG;Norte;Colisão traseira;2;0;0;1;0;0;0;0;0;0;0;0;0;0;0
07/08/2021;10:41:00;92;Acidente com Vítimas;472,5;BR-040/MG;Norte;Engavetamento;0;0;0;0;2;1;0;0;0;0;0;0;0;0;0
07/08/2021;11:02:00;96;Acidente sem Vítimas;469,5;BR-040/MG;Sul;Colisão traseira;2;0;0;0;0;0;0;0;0;0;0;0;0;0;0
07/08/2021;11:04:00;100;Acidente sem Vítimas;5,7;BR-040/DF;Norte;Colisão traseira;3;0;0;0;0;0;0;0;0;0;2;0;0;0;0
07/08/2021;12:18:00;113;Acidente com Vítimas;9,2;BR-040/GO;Norte;Engavetamento;6;0;0;0;1;0;0;0;0;0;4;1;1;0;0
07/08/2021;12:58:00;118;Acidente sem Vítimas;705;BR-040/MG;Norte;Capotamento;1;0;0;0;0;1;0;0;0;0;1;0;0;0;0
07/08/2021;14:54:00;140;Acidente sem Vítimas;513,1;BR-040/MG;Sul;Tombamento de Moto;0;0;0;1;0;0;0;0;0;0;0;0;0;0;0
07/08/2021;15:30:00;146;Acidente com Vítimas;463,755;BR-040/MG;Sul;Colisão traseira;0;0;2;0;2;2;0;0;0;0;3;0;1;0;0
07/08/2021;15:40:00;147;Acidente sem Vítimas;1,5;BR-040/GO;Sul;Engavetamento;9;0;0;0;0;0;0;0;0;0;12;0;0;0;0
07/08/2021;16:19:00;156;Acidente sem Vítimas;533,5;BR-040/MG;Sul;Colisão traseira;0;0;0;1;0;0;0;0;0;0;0;0;0;0;0
07/08/2021;18:45:00;187;Acidente sem Vítimas;7,5;BR-040/GO;Norte;Engavetamento;8;0;0;0;0;0;0;0;0;0;9;0;0;0;0
07/08/2021;20:18:00;204;Acidente sem Vítimas;476,1;BR-040/MG;Sul;Capotamento;1;0;0;0;0;0;0;0;0;0;0;0;0;0;0
08/08/2021;00:05:00;2;Acidente com Vítimas;139,5;BR-040/MG;Sul;Choque c/ Objeto Fixo;2;0;0;0;0;0;0;0;0;0;1;2;0;1;0
08/08/2021;01:05:00;9;Acidente com Vítimas;506,1;BR-040/MG;Sul;Colisão traseira;2;0;0;0;0;0;0;0;0;0;3;0;1;0;0
08/08/2021;04:19:00;19;Acidente sem Vítimas;10,1;BR-040/GO;Norte;Colisão lateral;1;0;0;0;0;3;0;0;0;0;2;0;0;0;0
08/08/2021;04:48:00;22;Acidente Fatal;513,1;BR-040/MG;Norte;Choque c/ Objeto Fixo;0;0;0;1;0;0;0;0;0;0;1;0;0;0;1
08/08/2021;06:20:00;27;Acidente sem Vítimas;2,1;BR-040/GO;Norte;Colisão lateral;8;0;0;0;0;0;0;0;0;0;2;0;0;0;0
08/08/2021;08:18:00;44;Acidente sem Vítimas;729,9;BR-040/MG;Sul;Tombamento;0;0;2;0;0;1;0;0;0;0;4;0;0;0;0
08/08/2021;08:45:00;49;Acidente sem Vítimas;3,5;BR-040/GO;Sul;Colisão lateral;4;0;0;0;0;0;0;0;0;0;2;0;0;0;0
08/08/2021;09:30:00;54;Acidente com Vítimas;12,3;BR-040/GO;Norte;Colisão traseira;0;0;3;1;0;0;0;0;0;0;3;0;1;0;0
08/08/2021;13:57:00;105;Acidente com Vítimas;14,5;BR-040/GO;Norte;Choque c/ Objeto Fixo;2;0;0;0;0;0;0;0;0;0;1;0;1;0;0
08/08/2021;14:32:00;112;Acidente sem Vítimas;423;BR-040/MG;Norte;Outros;3;0;0;0;0;0;0;0;0;0;0;0;0;0;0
08/08/2021;16:07:00;139;Acidente sem Vítimas;560,995;BR-040/MG;Norte;Colisão lateral;0;0;4;0;0;0;0;0;0;0;0;0;0;0;0
08/08/2021;16:09:00;140;Acidente sem Vítimas;5,1;BR-040/GO;Norte;Colisão lateral;4;0;0;0;0;0;0;0;0;0;1;0;0;0;0
08/08/2021;16:41:00;148;Acidente sem Vítimas;7,8;BR-040/GO;Norte;Colisão traseira;1;0;0;0;0;1;0;0;0;0;1;0;0;0;0
08/08/2021;16:43:00;149;Acidente com Vítimas;145,3;BR-040/MG;Norte;Tombamento;1;0;0;0;0;0;0;0;0;0;1;0;0;0;0
08/08/2021;17:40:00;160;Acidente sem Vítimas;143,6;BR-040/MG;Norte;Choque com objeto;1;0;0;0;0;0;0;0;0;0;1;0;0;0;0
08/08/2021;18:50:00;181;Acidente com Vítimas;11,2;BR-040/GO;Norte;Colisão traseira;3;0;0;0;0;0;0;0;0;0;3;0;1;0;0
08/08/2021;18:57:00;184;Acidente Fatal;673,9;BR-040/MG;Norte;Atropelamento de Pedestre;2;0;0;0;0;0;0;0;0;0;2;2;0;0;1
08/08/2021;19:01:00;186;Acidente com Vítimas;517,8;BR-040/MG;Sul;Colisão lateral;1;0;0;1;0;0;0;0;0;0;4;1;0;0;0
08/08/2021;19:29:00;192;Acidente com Vítimas;276,4;BR-040/MG;Norte;Colisão frontal;0;1;0;1;0;0;0;0;0;0;0;0;2;0;0
08/08/2021;19:30:00;197;Acidente com Vítimas;7,5;BR-040/DF;Sul;Colisão lateral;1;0;0;1;0;0;0;0;0;0;1;0;0;0;0
08/08/2021;19:40:00;198;Acidente com Vítimas;527,5;BR-040/MG;Norte;Colisão lateral;1;0;0;1;0;1;0;0;0;0;0;0;1;0;0
08/08/2021;19:50:00;200;Acidente com Vítimas;612,4;BR-040/MG;Norte;Queda Veículo;1;0;0;0;0;0;0;0;0;0;0;1;0;0;0
08/08/2021;21:15:00;212;Acidente com Vítimas;128,4;BR-040/MG;Norte;Colisão traseira;0;1;0;0;1;0;0;0;0;0;0;0;0;1;0
08/08/2021;21:56:00;217;Acidente sem Vítimas;58,5;BR-040/GO;Norte;Outros;1;0;0;0;0;1;0;0;0;0;2;0;0;0;0
08/08/2021;22:00:00;220;Acidente com Vítimas;500,5;BR-040/MG;Norte;Atropelamento de Animal;1;0;0;0;0;1;0;0;0;0;0;0;0;1;0
08/08/2021;23:05:00;228;Acidente com Vítimas;617,1;BR-040/MG;Norte;Colisão traseira;2;0;0;0;0;0;0;0;0;0;2;1;0;0;0
09/08/2021;06:38:00;68;Acidente sem Vítimas;541,1;BR-040/MG;Norte;Colisão traseira;3;0;0;0;0;0;0;0;0;0;0;0;0;0;0
09/08/2021;07:31:00;86;Acidente sem Vítimas;603;BR-040/MG;Sul;Colisão lateral;1;0;1;0;0;2;0;0;0;0;3;0;0;0;0
09/08/2021;07:46:00;89;Acidente com Vítimas;519,8;BR-040/MG;Sul;Colisão lateral;1;0;0;2;0;1;0;0;0;0;0;2;0;1;0
09/08/2021;09:00:00;106;Acidente com Vítimas;543,5;BR-040/MG;Norte;Capotamento;1;0;0;0;0;2;0;0;0;0;1;1;0;0;0
09/08/2021;09:25:00;115;Acidente sem Vítimas;444,8;BR-040/MG;Sul;Capotamento;1;0;0;0;0;1;0;0;0;0;2;0;0;0;0
09/08/2021;12:06:00;157;Acidente com Vítimas;14,2;BR-040/GO;Norte;Capotamento;1;0;0;0;0;0;0;0;0;0;1;2;0;0;0
09/08/2021;13:56:00;184;Acidente com Vítimas;2,2;BR-040/GO;Norte;Tombamento de Moto;0;0;0;1;0;1;0;0;0;0;0;1;0;0;0
09/08/2021;15:34:00;200;Acidente sem Vítimas;41,12;BR-040/MG;Sul;Colisão traseira;0;0;0;0;0;6;0;0;0;0;2;0;0;0;0
09/08/2021;17:43:00;224;Acidente sem Vítimas;717,85;BR-040/MG;Sul;Capotamento;0;0;0;0;0;1;0;0;0;0;1;0;0;0;0
09/08/2021;18:22:00;239;Acidente com Vítimas;721,2;BR-040/MG;Sul;Choque c/ Objeto Fixo;0;0;0;1;0;1;0;0;0;0;1;1;0;0;0
09/08/2021;19:00:00;248;Acidente com Vítimas;521,3;BR-040/MG;Sul;Colisão lateral;1;0;1;0;0;0;0;0;0;0;5;1;0;0;0
09/08/2021;19:51:00;255;Acidente com Vítimas;541,125;BR-040/MG;Sul;Colisão traseira;1;0;1;0;0;2;0;0;0;0;0;0;1;0;0
09/08/2021;20:52:00;265;Acidente sem Vítimas;541,5;BR-040/MG;Sul;Colisão lateral;0;0;0;0;0;2;0;0;0;0;1;0;0;0;0
09/08/2021;21:46:00;274;Acidente sem Vítimas;449,2;BR-040/MG;Sul;Colisão traseira;0;0;1;1;0;1;0;0;0;0;2;0;0;0;0
10/08/2021;00:05:00;1;Acidente sem Vítimas;444,5;BR-040/MG;Sul;Tombamento;0;0;2;0;0;1;0;0;0;0;0;0;0;0;0
10/08/2021;04:38:00;66;Acidente com Vítimas;299,9;BR-040/MG;Sul;Tombamento;0;0;1;0;2;1;0;0;0;0;1;1;0;0;0
10/08/2021;06:56:00;79;Acidente com Vítimas;544,1;BR-040/MG;Sul;Colisão lateral;0;0;0;1;0;2;0;0;0;0;0;0;1;0;0
10/08/2021;07:18:00;83;Acidente com Vítimas;610,6;BR-040/MG;Sul;Colisão transversal;2;0;0;0;0;1;0;0;0;0;2;0;1;0;0
10/08/2021;07:45:00;95;Acidente sem Vítimas;3,9;BR-040/GO;Sul;Colisão traseira;1;0;0;2;0;0;0;0;0;0;2;0;0;0;0
10/08/2021;08:00:00;100;Acidente com Vítimas;6,9;BR-040/GO;Norte;Queda Veículo;0;0;0;2;3;1;0;0;0;0;2;0;1;0;0
10/08/2021;08:28:00;104;Acidente sem Vítimas;524,2;BR-040/MG;Norte;Colisão lateral;1;0;0;1;0;0;0;0;0;0;0;0;0;0;0
10/08/2021;09:31:00;117;Acidente com Vítimas;0,2;BR-040/DF;Norte;Queda Veículo;0;0;0;2;0;0;0;0;0;0;2;0;0;0;0
10/08/2021;09:48:00;124;Acidente com Vítimas;519,6;BR-040/MG;Sul;Colisão traseira;1;0;0;1;0;1;0;0;0;0;0;0;1;0;0
10/08/2021;11:03:00;139;Acidente sem Vítimas;684,8;BR-040/MG;Norte;Colisão traseira;0;0;0;0;4;1;0;0;0;0;2;0;0;0;0
10/08/2021;11:22:00;147;Acidente com Vítimas;26,1;BR-040/MG;Sul;Colisão lateral;1;0;0;0;1;1;0;0;0;0;2;0;1;0;0
10/08/2021;14:02:00;181;Acidente com Vítimas;12,2;BR-040/GO;Sul;Capotamento;1;1;0;0;0;1;0;0;0;0;1;0;1;0;0
10/08/2021;16:38:00;210;Acidente sem Vítimas;565,52;BR-040/MG;Sul;Colisão traseira;1;0;0;0;1;0;0;0;0;0;0;0;0;0;0
11/08/2021;06:23:00;88;Acidente sem Vítimas;541,2;BR-040/MG;Sul;Colisão lateral;1;0;0;1;0;0;0;0;0;0;2;0;0;0;0
11/08/2021;06:30:00;92;Acidente com Vítimas;299,75;BR-040/MG;Norte;Tombamento;0;0;2;0;0;1;0;0;0;0;1;0;1;0;0
11/08/2021;08:12:00;119;Acidente com Vítimas;738,2;BR-040/MG;Norte;Tombamento;0;1;0;0;2;0;0;0;0;0;1;1;0;0;0
11/08/2021;10:08:00;152;Acidente com Vítimas;518;BR-040/MG;Norte;Colisão transversal;2;0;0;1;0;0;0;0;0;0;1;1;0;0;0
11/08/2021;15:17:00;200;Acidente com Vítimas;731,5;BR-040/MG;Sul;Tombamento de Moto;0;0;0;1;0;0;0;0;0;0;0;1;0;0;0
11/08/2021;21:28:00;273;Acidente com Vítimas;726,9;BR-040/MG;Sul;Tombamento de Moto;0;0;0;1;0;0;0;0;0;0;1;1;0;0;0
11/08/2021;21:51:00;279;Acidente sem Vítimas;537,2;BR-040/MG;Norte;Tombamento;0;0;0;0;2;1;0;0;0;0;1;0;0;0;0
11/08/2021;22:49:00;284;Acidente com Vítimas;7,8;BR-040/GO;Sul;Colisão lateral;1;0;0;1;0;0;0;0;0;0;1;1;0;0;0
12/08/2021;06:38:00;105;Acidente sem Vítimas;516,3;BR-040/MG;Sul;Engavetamento;4;0;0;0;0;0;0;0;0;0;3;0;0;0;0
12/08/2021;06:58:00;117;Acidente com Vítimas;512,5;BR-040/MG;Sul;Colisão traseira;1;0;0;1;0;2;0;0;0;0;1;2;0;0;0
12/08/2021;07:29:00;127;Acidente sem Vítimas;605,8;BR-040/MG;Sul;Tombamento de Moto;0;0;0;1;0;0;0;0;0;0;1;0;0;0;0
12/08/2021;10:21:00;169;Acidente sem Vítimas;510,45;BR-040/MG;Sul;Colisão traseira;3;0;0;0;0;0;0;0;0;0;1;0;0;0;0
12/08/2021;11:34:00;193;Acidente sem Vítimas;705;BR-040/MG;Norte;Choque c/ Objeto Fixo;0;0;1;0;0;2;0;0;0;0;2;0;0;0;0
12/08/2021;14:14:00;217;Acidente sem Vítimas;66,4;BR-040/MG;Norte;Atropelamento de Animal;1;0;0;0;0;0;0;0;0;0;1;0;0;0;0
12/08/2021;17:08:00;266;Acidente sem Vítimas;73,1;BR-040/GO;Norte;Atropelamento de Animal;1;0;0;0;0;1;0;0;0;0;1;0;0;0;0
12/08/2021;19:19:00;305;Acidente com Vítimas;160,2;BR-040/MG;Sul;Capotamento;2;0;0;0;0;0;0;0;0;0;1;3;0;0;0
13/08/2021;03:01:00;30;Acidente sem Vítimas;432,5;BR-040/MG;Sul;Choque c/ Objeto Fixo;2;0;0;0;0;0;0;0;0;0;1;0;0;0;0
13/08/2021;07:59:00;109;Acidente com Vítimas;577,3;BR-040/MG;Sul;Colisão traseira;0;0;1;0;0;1;0;0;0;0;2;0;1;0;0
13/08/2021;13:04:00;173;Acidente sem Vítimas;518,1;BR-040/MG;Norte;Capotamento;2;0;0;0;0;1;0;0;0;0;0;0;0;0;0
13/08/2021;14:12:00;185;Acidente sem Vítimas;519,2;BR-040/MG;Norte;Engavetamento;2;0;0;0;0;1;0;0;0;0;3;0;0;0;0
13/08/2021;15:15:00;200;Acidente com Vítimas;1,2;BR-040/GO;Sul;Tombamento de Moto;0;0;0;1;0;1;0;0;0;0;2;1;0;0;0
13/08/2021;16:43:00;225;Acidente sem Vítimas;502,2;BR-040/MG;Sul;Outros;2;0;0;0;0;0;0;0;0;0;1;0;0;0;0
13/08/2021;16:48:00;226;Acidente com Vítimas;332,3;BR-040/MG;Norte;Capotamento;2;0;0;0;0;0;0;0;0;0;2;1;0;0;0
13/08/2021;17:29:00;235;Acidente sem Vítimas;736,5;BR-040/MG;Sul;Tombamento;0;0;0;0;3;0;0;0;0;0;1;0;0;0;0
13/08/2021;17:39:00;239;Acidente sem Vítimas;533,1;BR-040/MG;Norte;Colisão lateral;1;0;2;0;0;0;0;0;0;0;0;0;0;0;0
13/08/2021;17:41:00;241;Acidente sem Vítimas;491,2;BR-040/MG;Norte;Capotamento;1;0;0;0;0;0;0;0;0;0;0;0;0;0;0
13/08/2021;20:15:00;279;Acidente com Vítimas;8,2;BR-040/GO;Sul;Colisão traseira;1;0;0;1;0;1;0;0;0;0;1;1;0;0;0
13/08/2021;20:22:00;280;Acidente com Vítimas;95,5;BR-040/GO;Norte;Capotamento;0;0;0;0;0;1;0;0;0;0;3;3;0;0;0
13/08/2021;22:12:00;310;Acidente sem Vítimas;557,1;BR-040/MG;Sul;Choque c/ Objeto Fixo;1;0;0;0;0;3;0;0;0;0;1;0;0;0;0
14/08/2021;00:30:00;4;Acidente com Vítimas;547,5;BR-040/MG;Sul;Colisão lateral;1;0;0;0;1;0;0;0;0;0;0;0;1;0;0
14/08/2021;01:50:00;18;Acidente sem Vítimas;537,1;BR-040/MG;Norte;Choque c/ Objeto Fixo;2;0;0;0;0;0;0;0;0;0;1;0;0;0;0
14/08/2021;03:21:00;32;Acidente sem Vítimas;423,5;BR-040/MG;Sul;Colisão traseira;3;0;1;0;0;0;0;0;0;0;0;0;0;0;0
14/08/2021;05:25:00;40;Acidente sem Vítimas;5,1;BR-040/GO;Sul;Colisão traseira;2;0;0;0;0;1;0;0;0;0;3;0;0;0;0
14/08/2021;12:33:00;116;Acidente com Vítimas;530,5;BR-040/MG;Sul;Colisão lateral;3;0;0;0;1;0;0;0;0;0;1;0;0;1;0
14/08/2021;13:39:00;137;Acidente com Vítimas;526,6;BR-040/MG;Norte;Engavetamento;2;0;0;1;0;0;0;0;0;0;0;0;2;0;0
14/08/2021;16:01:00;171;Acidente com Vítimas;665,5;BR-040/MG;Sul;Colisão transversal;2;0;0;0;0;1;0;0;0;0;2;1;0;0;0
14/08/2021;16:37:00;180;Acidente com Vítimas;5,1;Fora_Rota;Sul;Capotamento;3;0;0;0;0;0;0;0;0;0;2;1;0;0;0
14/08/2021;20:39:00;232;Acidente Fatal;7,4;BR-040/GO;Sul;Colisão traseira;1;0;0;0;0;1;0;0;0;0;1;1;1;0;1
14/08/2021;21:51:00;235;Acidente com Vítimas;129,8;BR-040/GO;Norte;Atropelamento de Pedestre;1;0;0;0;0;0;0;0;0;0;1;0;0;0;0
14/08/2021;22:16:00;238;Acidente sem Vítimas;519,5;BR-040/MG;Norte;Capotamento;0;0;0;0;0;2;0;0;0;0;1;0;0;0;0
14/08/2021;22:54:00;239;Acidente sem Vítimas;771;BR-040/MG;Sul;Capotamento;2;0;0;0;0;1;0;0;0;0;1;0;0;0;0
14/08/2021;23:32:00;244;Acidente sem Vítimas;542,6;BR-040/MG;Norte;Colisão traseira;2;0;0;0;0;2;0;0;0;0;3;0;0;0;0
15/08/2021;00:57:00;8;Acidente com Vítimas;750,2;BR-040/MG;Sul;Choque c/ Objeto Fixo;1;0;0;0;0;0;0;0;0;0;0;1;0;0;0
15/08/2021;06:32:00;56;Acidente sem Vítimas;153,2;BR-040/GO;Sul;Atropelamento de Animal;2;0;0;0;0;0;0;0;0;0;2;0;0;0;0
15/08/2021;07:32:00;68;Acidente sem Vítimas;716,25;BR-040/MG;Sul;Atropelamento de Andarilho;2;0;0;0;0;0;0;0;0;0;1;0;0;0;0
15/08/2021;11:47:00;123;Acidente sem Vítimas;674,8;BR-040/MG;Sul;Choque c/ Objeto Fixo;3;0;0;0;0;0;0;0;0;0;7;0;0;0;0
15/08/2021;12:27:00;129;Acidente sem Vítimas;582,12;BR-040/MG;Norte;Tombamento;0;0;0;0;1;0;0;0;0;0;1;0;0;0;0
15/08/2021;14:56:00;163;Acidente com Vítimas;96,1;BR-040/GO;Sul;Colisão lateral;2;0;0;0;0;0;0;0;0;0;2;1;0;0;0
15/08/2021;17:33:00;202;Acidente sem Vítimas;274,1;BR-040/MG;Norte;Engavetamento;1;0;2;0;0;0;0;0;0;0;5;0;0;0;0
15/08/2021;17:43:00;205;Acidente sem Vítimas;2,3;BR-040/GO;Norte;Engavetamento;1;0;0;0;0;0;0;0;0;0;0;0;0;0;0
15/08/2021;18:28:00;216;Acidente sem Vítimas;7,5;BR-040/GO;Norte;Engavetamento;2;0;0;0;0;2;0;0;0;0;3;0;0;0;0
15/08/2021;19:04:00;223;Acidente com Vítimas;581,5;BR-040/MG;Norte;Capotamento;2;0;0;0;0;0;0;0;0;0;1;0;1;0;0