data;horario;n_da_ocorrencia;tipo_de_ocorrencia;km;trecho;sentido;tipo_de_acidente;automovel;bicicleta;caminhao;moto;onibus;outros;tracao_animal;transporte_de_cargas_especiais;trator_maquinas;utilitarios;ilesos;levemente_feridos;moderadamente_feridos;gravemente_feridos;mortos
15/08/2021;20:38:00;244;Acidente sem Vítimas;569,86;BR-040/MG;Norte;Colisão lateral;1;0;0;0;0;1;0;0;0;0;4;0;0;0;0
15/08/2021;21:31:00;259;Acidente sem Vítimas;515,15;BR-040/MG;Sul;Atropelamento de Pedestre;4;0;0;0;0;1;0;0;0;0;3;0;0;0;0
15/08/2021;22:31:00;267;Acidente com Vítimas;609,88;BR-040/MG;Norte;Atropelamento de Pedestre;0;0;0;0;0;1;0;0;0;0;0;0;0;1;0
15/08/2021;23:35:00;282;Acidente com Vítimas;508,8;BR-040/MG;Sul;Tombamento de Moto;0;0;0;1;0;1;0;0;0;0;1;0;0;2;0
16/08/2021;07:00:00;110;Acidente com Vítimas;105,8;BR-040/GO;Norte;Tombamento de Moto;0;0;0;1;0;0;0;0;0;0;0;1;0;0;0
16/08/2021;07:56:00;129;Acidente com Vítimas;0,38;BR-040/GO;Norte;Tombamento de Moto;0;0;0;1;0;0;0;0;0;0;0;0;1;0;0
16/08/2021;11:44:00;184;Acidente Fatal;724,9;BR-040/MG;Norte;Choque c/ Objeto Fixo;1;0;0;0;0;1;0;0;0;0;0;0;1;1;1
16/08/2021;12:37:00;196;Acidente sem Vítimas;7,83;BR-040/DF;Norte;Colisão traseira;0;0;0;0;1;1;0;0;0;0;2;0;0;0;0
16/08/2021;12:57:00;201;Acidente sem Vítimas;8,4;BR-040/DF;Norte;Colisão traseira;2;0;0;0;0;0;0;0;0;0;2;0;0;0;0
16/08/2021;13:09:00;205;Acidente sem Vítimas;133,99;BR-040/MG;Norte;Capotamento;2;0;0;0;0;0;0;0;0;0;1;0;0;0;0
16/08/2021;13:41:00;212;Acidente com Vítimas;51,1;BR-040/GO;Sul;Colisão frontal;1;0;0;0;1;0;0;0;0;0;1;0;0;1;0
16/08/2021;14:01:00;216;Acidente sem Vítimas;656,25;BR-040/MG;Norte;Choque c/ Objeto Fixo;2;0;0;0;0;0;0;0;0;0;1;0;0;0;0
16/08/2021;16:10:00;233;Acidente com Vítimas;533,8;BR-040/MG;Norte;Colisão traseira;1;0;0;1;0;0;0;0;0;0;0;1;0;0;0
16/08/2021;17:32:00;254;Acidente sem Vítimas;537,1;BR-040/MG;Norte;Colisão lateral;0;0;3;0;0;0;0;0;0;0;0;0;0;0;0
16/08/2021;17:47:00;258;Acidente sem Vítimas;440,1;BR-040/MG;Sul;Colisão traseira;3;0;0;0;0;0;0;0;0;0;0;0;0;0;0
16/08/2021;17:53:00;262;Acidente com Vítimas;526,5;BR-040/MG;Norte;Engavetamento;2;0;0;1;0;1;0;0;0;0;3;0;1;0;0
16/08/2021;18:59:00;273;Acidente com Vítimas;505,3;BR-040/MG;Sul;Colisão lateral;1;0;0;1;0;0;0;0;0;0;3;1;0;0;0
16/08/2021;19:06:00;274;Acidente com Vítimas;36,1;BR-040/MG;Norte;Colisão frontal;6;0;0;0;0;1;0;0;0;0;1;2;0;0;0
16/08/2021;19:33:00;279;Acidente com Vítimas;7,5;Fora_Rota;Sul;Colisão frontal;0;0;0;1;0;2;0;0;0;0;1;0;0;1;0
16/08/2021;19:59:00;281;Acidente sem Vítimas;501,5;BR-040/MG;Sul;Choque c/ Objeto Fixo;1;0;0;0;0;1;0;0;0;0;1;0;0;0;0
17/08/2021;03:53:00;48;Acidente sem Vítimas;524,2;BR-040/MG;Norte;Choque c/ Objeto Fixo;2;0;0;0;0;0;0;0;0;0;5;0;0;0;0
17/08/2021;06:27:00;74;Acidente com Vítimas;612;BR-040/MG;Sul;Colisão traseira;0;0;2;0;1;1;0;0;0;0;2;0;1;0;0
17/08/2021;06:47:00;80;Acidente com Vítimas;53,1;BR-040/MG;Sul;Choque c/ Objeto Fixo;1;0;0;0;0;0;0;0;0;0;0;1;0;0;0
17/08/2021;07:57:00;95;Acidente sem Vítimas;586,45;BR-040/MG;Sul;Capotamento;0;0;0;0;0;1;0;0;0;0;1;0;0;0;0
17/08/2021;08:18:00;101;Acidente com Vítimas;509,3;BR-040/MG;Sul;Choque c/ Objeto Fixo;2;0;0;0;0;0;0;0;0;0;1;1;0;0;0
17/08/2021;13:10:00;149;Acidente com Vítimas;694,1;BR-040/MG;Sul;Colisão traseira;0;0;2;0;0;0;0;0;0;0;2;0;1;0;0
17/08/2021;15:04:00;183;Acidente com Vítimas;21,72;BR-040/GO;Norte;Capotamento;1;0;0;0;0;0;0;0;0;0;0;0;0;1;0
17/08/2021;18:52:00;231;Acidente sem Vítimas;642,85;BR-040/MG;Norte;Choque c/ Objeto Fixo;0;0;0;0;1;0;0;0;0;0;1;0;0;0;0
17/08/2021;19:13:00;237;Acidente sem Vítimas;642,9;BR-040/MG;Norte;Choque com objeto;3;0;0;0;0;0;0;0;0;0;1;0;0;0;0
17/08/2021;22:49:00;278;Acidente sem Vítimas;661,1;BR-040/MG;Norte;Capotamento;0;0;0;0;0;1;0;0;0;0;1;0;0;0;0
18/08/2021;03:18:00;47;Acidente sem Vítimas;501,2;BR-040/MG;Norte;Colisão traseira;0;0;3;1;3;0;0;0;0;0;0;0;0;0;0
18/08/2021;05:45:00;88;Acidente com Vítimas;257,8;BR-040/MG;Sul;Capotamento;1;0;0;0;0;0;0;0;0;1;0;1;0;0;0
18/08/2021;07:06:00;108;Acidente com Vítimas;3,2;BR-040/GO;Norte;Colisão traseira;0;0;0;1;0;1;0;0;0;0;0;1;0;0;0
18/08/2021;07:43:00;120;Acidente sem Vítimas;432,5;BR-040/MG;Norte;Capotamento;1;0;0;0;0;1;0;0;0;0;0;0;0;0;0
18/08/2021;11:50:00;175;Acidente sem Vítimas;135,8;BR-040/MG;Sul;Colisão traseira;1;0;0;0;0;1;0;0;0;0;2;0;0;0;0
18/08/2021;12:16:00;180;Acidente sem Vítimas;436,2;BR-040/MG;Norte;Choque c/ Objeto Fixo;1;0;0;0;0;0;0;0;0;0;0;0;0;0;0
18/08/2021;12:40:00;187;Acidente sem Vítimas;539,5;BR-040/MG;Sul;Colisão lateral;1;0;1;0;0;1;0;0;0;0;0;0;0;0;0
18/08/2021;15:52:00;234;Acidente sem Vítimas;510,1;BR-040/MG;Norte;Colisão traseira;1;0;1;0;1;0;0;0;0;0;1;0;0;0;0
18/08/2021;16:35:00;241;Acidente sem Vítimas;6,5;BR-040/DF;Norte;Choque c/ Objeto Fixo;1;0;0;0;0;0;0;0;0;0;0;0;0;0;0
18/08/2021;17:04:00;249;Acidente Fatal;315,4;BR-040/MG;Sul;Colisão frontal;3;0;0;0;1;0;0;0;0;0;1;0;0;0;2
18/08/2021;17:15:00;251;Acidente Fatal;534,2;BR-040/MG;Norte;Colisão lateral;0;0;0;1;1;0;0;0;0;0;1;0;0;0;1
18/08/2021;18:49:00;267;Acidente sem Vítimas;6,1;BR-040/DF;Norte;Engavetamento;5;0;0;0;0;0;0;0;0;0;3;0;0;0;0
18/08/2021;19:21:00;275;Acidente sem Vítimas;99,1;BR-040/GO;Sul;Atropelamento de Animal;0;0;0;0;1;0;0;0;0;0;1;0;0;0;0
19/08/2021;05:24:00;83;Acidente sem Vítimas;525,3;BR-040/MG;Norte;Colisão traseira;1;0;1;1;0;0;0;0;0;0;0;0;0;0;0
19/08/2021;06:08:00;95;Acidente com Vítimas;515,4;BR-040/MG;Sul;Tombamento de Moto;0;0;0;2;0;0;0;0;0;0;0;1;0;0;0
19/08/2021;09:45:00;158;Acidente sem Vítimas;484,2;BR-040/MG;Norte;Choque c/ Objeto Fixo;1;0;0;0;0;0;0;0;0;0;0;0;0;0;0
19/08/2021;11:59:00;189;Acidente sem Vítimas;541,26;BR-040/MG;Norte;Choque c/ Objeto Fixo;0;0;1;0;0;0;0;0;0;0;0;0;0;0;0
19/08/2021;12:08:00;192;Acidente sem Vítimas;713,5;BR-040/MG;Sul;Outros;1;0;0;0;0;0;0;0;0;0;1;0;0;0;0
19/08/2021;12:45:00;200;Acidente sem Vítimas;510,1;BR-040/MG;Sul;Engavetamento;1;0;0;0;0;0;0;0;0;0;0;0;0;0;0
19/08/2021;13:54:00;212;Acidente Fatal;416,2;BR-040/MG;Norte;Engavetamento;1;0;4;1;0;1;0;0;0;0;2;0;0;0;1
19/08/2021;16:20:00;248;Acidente com Vítimas;541,26;BR-040/MG;Norte;Tombamento de Moto;1;0;0;1;1;0;0;0;0;0;0;0;0;0;0
19/08/2021;17:02:00;259;Acidente com Vítimas;0,5;BR-040/DF;Sul;Colisão lateral;0;0;0;3;0;2;0;0;0;0;0;1;0;0;0
19/08/2021;17:29:00;265;Acidente sem Vítimas;632;BR-040/MG;Sul;Colisão lateral;1;0;1;0;0;1;0;0;0;0;2;0;0;0;0
19/08/2021;18:21:00;277;Acidente sem Vítimas;740,6;BR-040/MG;Sul;Colisão lateral;1;0;0;0;0;1;0;0;0;0;2;0;0;1;0
19/08/2021;19:01:00;281;Acidente sem Vítimas;748,5;BR-040/MG;Sul;Choque com objeto;2;0;0;0;0;0;0;0;0;0;2;0;0;0;0
19/08/2021;19:49:00;296;Acidente sem Vítimas;513,6;BR-040/MG;Norte;Choque com objeto;0;0;1;0;0;0;0;0;0;0;1;0;0;0;0
19/08/2021;22:46:00;322;Acidente sem Vítimas;128,1;BR-040/MG;Sul;Outros;1;0;0;0;0;0;0;0;0;0;1;0;0;0;0
20/08/2021;04:42:00;76;Acidente sem Vítimas;2,7;BR-040/GO;Sul;Choque c/ Objeto Fixo;1;0;0;0;0;0;0;0;0;0;1;0;0;0;0
20/08/2021;04:58:00;79;Acidente sem Vítimas;582,12;BR-040/MG;Norte;Choque c/ Objeto Fixo;2;0;0;0;0;0;0;0;0;0;0;0;0;0;0
20/08/2021;06:25:00;92;Acidente com Vítimas;204,3;BR-040/MG;Sul;Tombamento;0;0;0;0;1;0;0;0;0;0;0;1;0;0;0
20/08/2021;06:43:00;96;Acidente com Vítimas;512,8;BR-040/MG;Sul;Colisão lateral;2;0;0;2;0;0;0;0;0;0;0;1;0;0;0
20/08/2021;07:46:00;119;Acidente com Vítimas;749,2;BR-040/MG;Norte;Colisão traseira;0;0;1;0;0;1;0;0;0;0;2;0;1;0;0
20/08/2021;08:01:00;132;Acidente sem Vítimas;4,35;BR-040/GO;Norte;Colisão traseira;3;0;0;0;0;1;0;0;0;0;2;0;0;0;0
20/08/2021;13:55:00;212;Acidente Fatal;459,3;BR-040/MG;Sul;Colisão traseira;0;0;1;1;0;0;0;0;0;0;0;0;0;0;1
20/08/2021;15:20:00;227;Acidente sem Vítimas;2,49;BR-040/GO;Sul;Tombamento de Moto;0;0;0;1;0;0;0;0;0;0;1;0;0;0;0
20/08/2021;15:50:00;233;Acidente sem Vítimas;8,7;BR-040/GO;Sul;Colisão transversal;2;0;0;0;0;0;0;0;0;0;2;0;0;0;0
20/08/2021;17:11:00;257;Acidente com Vítimas;1,5;BR-040/DF;Sul;Colisão transversal;2;0;0;1;0;0;0;0;0;0;1;2;0;0;0
20/08/2021;17:29:00;262;Acidente sem Vítimas;506,5;BR-040/MG;Sul;Colisão traseira;1;0;0;0;0;3;0;0;0;0;1;0;0;0;0
20/08/2021;19:09:00;285;Acidente com Vítimas;24,8;BR-040/GO;Sul;Colisão traseira;2;0;1;0;0;0;0;0;0;0;1;1;0;0;0
20/08/2021;19:09:00;286;Acidente com Vítimas;638,39;BR-040/MG;Norte;Atropelamento de Ciclista;0;0;0;0;2;0;0;0;0;0;1;0;0;0;0
20/08/2021;19:54:00;301;Acidente sem Vítimas;665,4;BR-040/MG;Sul;Colisão transversal;2;0;0;0;0;0;0;0;0;0;2;0;0;0;0
20/08/2021;20:28:00;308;Acidente sem Vítimas;12,1;BR-040/GO;Norte;Tombamento de Moto;0;0;0;2;0;0;0;0;0;0;0;1;0;0;0
20/08/2021;22:37:00;345;Acidente sem Vítimas;505,3;BR-040/MG;Sul;Atropelamento de Animal;1;0;0;0;0;0;0;0;0;0;1;0;0;0;0
20/08/2021;23:31:00;353;Acidente sem Vítimas;577,86;BR-040/MG;Norte;Colisão traseira;2;0;0;0;0;0;0;0;0;0;1;0;0;0;0
20/08/2021;23:47:00;355;Acidente com Vítimas;6;BR-040/GO;Sul;Tombamento de Moto;1;0;0;0;0;1;0;0;0;0;1;1;0;0;0
21/08/2021;05:18:00;21;Acidente com Vítimas;82,4;BR-040/MG;Sul;Choque c/ Objeto Fixo;1;0;0;0;0;0;0;0;0;0;0;4;0;0;0
21/08/2021;06:15:00;26;Acidente com Vítimas;586,92;BR-040/MG;Norte;Colisão traseira;0;0;1;0;1;0;0;0;0;0;2;2;0;0;0
21/08/2021;07:16:00;32;Acidente com Vítimas;739,3;BR-040/MG;Norte;Tombamento;0;0;0;0;1;0;0;0;0;0;0;1;0;0;0
21/08/2021;07:46:00;34;Acidente com Vítimas;3,21;BR-040/MG;Norte;Colisão traseira;0;0;0;3;0;0;0;0;0;0;1;1;0;0;0
21/08/2021;07:56:00;40;Acidente sem Vítimas;660,4;BR-040/MG;Sul;Colisão transversal;0;0;0;1;1;0;0;0;0;0;11;0;0;0;0
21/08/2021;11:44:00;82;Acidente sem Vítimas;524,2;BR-040/MG;Norte;Engavetamento;0;0;3;0;0;6;0;0;0;0;0;0;0;0;0
21/08/2021;18:06:00;150;Acidente sem Vítimas;282,4;BR-040/MG;Norte;Choque c/ Objeto Fixo;1;0;0;0;1;0;0;0;0;0;1;0;0;0;0
21/08/2021;18:26:00;156;Acidente sem Vítimas;135,8;BR-040/MG;Norte;Colisão traseira;1;0;0;0;0;0;0;0;0;0;1;0;0;0;0
21/08/2021;19:00:00;160;Acidente com Vítimas;142,4;BR-040/MG;Norte;Atropelamento de Pedestre;0;0;0;1;0;0;0;0;0;0;0;0;0;0;0
21/08/2021;20:05:00;171;Acidente com Vítimas;519,1;BR-040/MG;Norte;Choque c/ Objeto Fixo;1;0;0;0;0;0;0;0;0;0;1;0;0;0;0
21/08/2021;23:19:00;198;Acidente com Vítimas;8,9;BR-040/GO;Sul;Colisão traseira;2;0;0;0;0;1;0;0;0;0;0;0;0;1;0
21/08/2021;23:28:00;199;Acidente sem Vítimas;1,8;BR-040/GO;Sul;Choque c/ Objeto Fixo;1;0;0;0;0;0;0;0;0;0;1;0;0;0;0
22/08/2021;00:17:00;2;Acidente com Vítimas;53,15;BR-040/GO;Norte;Capotamento;1;0;0;0;0;0;0;0;0;0;1;0;0;0;0
22/08/2021;01:55:00;11;Acidente sem Vítimas;524,3;BR-040/MG;Norte;Choque c/ Objeto Fixo;1;0;0;0;0;0;0;0;0;0;1;0;0;0;0
22/08/2021;02:56:00;18;Acidente sem Vítimas;33,5;BR-040/MG;Norte;Choque c/ Objeto Fixo;0;0;1;0;2;0;0;0;0;0;16;0;0;0;0
22/08/2021;14:40:00;109;Acidente com Vítimas;40,2;BR-040/MG;Sul;Choque com objeto;1;0;0;0;0;0;0;0;0;0;1;1;0;0;0
22/08/2021;15:16:00;116;Acidente sem Vítimas;345,1;BR-040/MG;Sul;Tombamento;0;0;0;0;2;1;0;0;0;0;1;0;0;0;0
22/08/2021;16:34:00;133;Acidente com Vítimas;2,7;BR-040/GO;Norte;Queda Veículo;0;0;0;2;0;0;0;0;0;0;1;1;0;0;0
22/08/2021;16:43:00;135;Acidente com Vítimas;517,5;BR-040/MG;Norte;Engavetamento;1;0;0;0;0;0;0;0;0;0;2;1;0;0;0
22/08/2021;16:47:00;136;Acidente com Vítimas;587,2;BR-040/MG;Norte;Choque c/ Objeto Fixo;0;0;1;0;0;2;0;0;0;0;3;1;0;0;0
22/08/2021;16:57:00;142;Acidente com Vítimas;510,96;BR-040/MG;Sul;Colisão traseira;0;0;0;0;0;2;0;0;0;0;1;1;0;0;0
22/08/2021;17:30:00;147;Acidente Fatal;363,5;BR-040/MG;Sul;Colisão frontal;0;0;0;0;0;4;0;0;0;0;0;0;1;0;1
22/08/2021;18:41:00;165;Acidente com Vítimas;503,6;BR-040/MG;Norte;Engavetamento;3;0;0;0;0;0;0;0;0;0;3;1;0;0;0
22/08/2021;19:02:00;166;Acidente sem Vítimas;499,2;BR-040/MG;Sul;Atropelamento de Animal;2;0;0;0;0;0;0;0;0;0;1;0;0;0;0
22/08/2021;21:34:00;187;Acidente sem Vítimas;76,1;BR-040/GO;Sul;Choque c/ Objeto Fixo;2;0;0;0;0;0;0;0;0;0;5;0;0;0;0
22/08/2021;23:06:00;200;Acidente com Vítimas;7,1;BR-040/GO;Sul;Atropelamento de Ciclista;2;2;0;0;0;1;0;0;0;0;1;0;0;1;0
23/08/2021;00:24:00;1;Acidente com Vítimas;615,1;BR-040/MG;Norte;Colisão frontal;1;0;0;0;1;0;0;0;0;0;2;1;0;0;0
23/08/2021;04:44:00;89;Acidente Fatal;640,7;BR-040/MG;Norte;Colisão transversal;0;0;0;1;1;0;0;0;0;0;2;0;0;0;1
23/08/2021;06:52:00;113;Acidente com Vítimas;12,5;BR-040/MG;Norte;Colisão frontal;1;0;0;0;2;0;0;0;0;0;2;1;0;0;0
23/08/2021;07:22:00;119;Acidente com Vítimas;5,1;BR-040/DF;Norte;Colisão traseira;0;0;0;2;0;0;0;0;0;0;3;0;0;0;0
23/08/2021;10:41:00;170;Acidente sem Vítimas;530,2;BR-040/MG;Sul;Outros;1;0;0;0;0;0;0;0;0;0;0;0;0;0;0
23/08/2021;15:01:00;230;Acidente sem Vítimas;476,3;BR-040/MG;Sul;Capotamento;3;0;0;1;0;0;0;0;0;0;0;0;0;0;0
23/08/2021;15:26:00;236;Acidente sem Vítimas;533,2;BR-040/MG;Norte;Outros;0;0;0;2;0;0;0;0;0;0;1;0;0;0;0
23/08/2021;16:19:00;247;Acidente sem Vítimas;462,2;BR-040/MG;Sul;Outros;1;0;0;0;0;0;0;0;0;0;0;0;0;0;0
23/08/2021;16:30:00;254;Acidente sem Vítimas;517,4;BR-040/MG;Sul;Colisão lateral;0;0;1;2;0;0;0;0;0;0;0;1;0;0;0
23/08/2021;17:28:00;264;Acidente sem Vítimas;22,1;BR-040/GO;Sul;Colisão transversal;0;1;0;2;1;0;0;0;0;0;2;0;0;0;0
23/08/2021;17:55:00;269;Acidente sem Vítimas;538,8;BR-040/MG;Norte;Colisão traseira;0;0;0;1;1;0;0;0;0;0;2;0;0;0;0
23/08/2021;18:31:00;278;Acidente com Vítimas;698;BR-040/MG;Norte;Atropelamento de Ciclista;0;1;0;0;0;1;0;0;0;0;0;0;0;1;0
23/08/2021;21:54:00;313;Acidente com Vítimas;510,1;BR-040/MG;Norte;Atropelamento de Pedestre;0;0;0;0;2;0;0;0;0;0;1;1;0;0;0
24/08/2021;06:41:00;81;Acidente com Vítimas;739,5;BR-040/MG;Norte;Tombamento;0;0;0;0;2;1;0;0;0;0;1;0;1;0;0
24/08/2021;06:45:00;83;Acidente com Vítimas;6,71;BR-040/GO;Norte;Colisão traseira;1;0;0;1;0;0;0;0;0;0;0;1;0;0;0
24/08/2021;07:03:00;85;Acidente sem Vítimas;739,2;BR-040/MG;Norte;Colisão traseira;0;0;1;0;0;1;0;0;0;0;1;0;0;0;0
24/08/2021;08:07:00;108;Acidente sem Vítimas;246,3;BR-040/MG;Norte;Colisão traseira;0;0;1;0;0;2;0;0;0;0;2;0;0;0;0
24/08/2021;14:01:00;199;Acidente sem Vítimas;617,5;BR-040/MG;Sul;Engavetamento;3;0;0;0;0;1;0;0;0;1;3;0;0;0;0
24/08/2021;20:18:00;285;Acidente sem Vítimas;17,2;BR-040/GO;Sul;Colisão traseira;3;0;0;0;0;0;0;0;0;0;1;0;0;0;0
25/08/2021;00:39:00;2;Acidente Fatal;748,3;BR-040/MG;Norte;Colisão frontal;3;0;0;0;0;0;0;0;0;0;2;0;1;0;1
25/08/2021;00:59:00;6;Acidente sem Vítimas;721,1;BR-040/MG;Sul;Colisão traseira;1;0;0;0;0;1;0;0;0;0;1;0;0;0;0
25/08/2021;05:56:00;72;Acidente sem Vítimas;27,4;BR-040/GO;Sul;Capotamento;1;0;0;0;0;0;0;0;0;0;1;0;0;0;0
25/08/2021;06:11:00;77;Acidente com Vítimas;523,8;BR-040/MG;Sul;Colisão lateral;0;0;1;1;0;0;0;0;0;0;0;1;0;0;0
25/08/2021;07:41:00;108;Acidente sem Vítimas;0,65;BR-040/DF;Sul;Capotamento;1;0;0;0;0;1;0;0;0;0;1;0;0;0;0
25/08/2021;08:53:00;127;Acidente sem Vítimas;451,2;BR-040/MG;Norte;Colisão traseira;1;0;0;0;1;0;0;0;0;0;2;0;0;0;0
25/08/2021;11:00:00;145;Acidente sem Vítimas;588;BR-040/MG;Norte;Choque c/ Objeto Fixo;2;0;0;0;0;0;0;0;0;0;1;0;0;0;0
25/08/2021;12:08:00;158;Acidente sem Vítimas;54,5;BR-040/GO;Norte;Tombamento;0;0;1;0;0;0;0;0;0;0;1;0;0;0;0
25/08/2021;18:28:00;249;Acidente com Vítimas;532,5;BR-040/MG;Norte;Colisão traseira;0;0;0;0;0;4;0;0;0;0;3;0;1;0;0
25/08/2021;19:45:00;267;Acidente sem Vítimas;448,3;BR-040/MG;Sul;Choque c/ Objeto Fixo;1;0;0;0;0;0;0;0;0;0;2;0;0;0;0
25/08/2021;21:07:00;285;Acidente sem Vítimas;473,8;BR-040/MG;Sul;Choque c/ Objeto Fixo;1;0;0;0;0;2;0;0;0;0;2;0;0;0;0
25/08/2021;21:56:00;296;Acidente com Vítimas;42,15;BR-040/GO;Sul;Tombamento;1;0;1;0;0;0;0;0;0;0;2;0;0;0;0
26/08/2021;00:24:00;2;Acidente com Vítimas;726,6;BR-040/MG;Sul;Tombamento;0;0;1;0;1;0;0;0;0;0;1;0;1;0;0
26/08/2021;01:25:00;21;Acidente sem Vítimas;0,1;BR-040/DF;Sul;Colisão transversal;1;0;0;0;0;2;0;0;0;0;1;0;0;0;0
26/08/2021;03:45:00;54;Acidente sem Vítimas;478,25;BR-040/MG;Norte;Choque c/ Objeto Fixo;2;0;0;0;0;0;0;0;0;0;1;0;0;0;0
26/08/2021;06:46:00;94;Acidente com Vítimas;512,2;BR-040/MG;Sul;Tombamento de Moto;0;0;0;2;0;0;0;0;0;0;0;0;0;0;0
26/08/2021;07:01:00;97;Acidente sem Vítimas;524,2;BR-040/MG;Sul;Outros;2;0;0;0;0;0;0;0;0;0;0;0;0;0;0
26/08/2021;07:08:00;99;Acidente com Vítimas;691,2;BR-040/MG;Norte;Atropelamento de Andarilho;1;0;0;0;0;0;0;0;0;0;1;1;0;0;0
26/08/2021;07:32:00;111;Acidente com Vítimas;5,6;BR-040/DF;Norte;Atropelamento de Pedestre;0;0;0;2;0;0;0;0;0;0;1;0;1;0;0
26/08/2021;07:47:00;116;Acidente com Vítimas;563,2;BR-040/MG;Norte;Colisão lateral;3;0;0;0;0;1;0;0;0;0;0;0;2;0;0
26/08/2021;08:19:00;129;Acidente sem Vítimas;667,78;BR-040/MG;Norte;Colisão lateral;4;0;0;0;0;0;0;0;0;0;2;0;0;0;0
26/08/2021;09:22:00;139;Acidente sem Vítimas;634,9;BR-040/MG;Sul;Capotamento;1;0;0;0;0;1;0;0;0;0;1;0;0;0;0
26/08/2021;11:42:00;163;Acidente sem Vítimas;3,1;BR-040/GO;Norte;Engavetamento;3;0;0;0;0;0;0;0;0;0;0;0;0;0;0
26/08/2021;11:50:00;165;Acidente com Vítimas;43,5;BR-040/MG;Sul;Colisão transversal;1;0;0;1;0;0;0;0;0;0;0;1;0;0;0
26/08/2021;12:43:00;173;Acidente sem Vítimas;0,5;BR-040/GO;Norte;Colisão traseira;1;0;0;0;0;1;0;0;0;0;0;0;0;0;0
26/08/2021;14:36:00;194;Acidente com Vítimas;464,8;BR-040/MG;Norte;Capotamento;1;0;1;0;0;0;0;0;0;0;0;1;0;0;0
26/08/2021;17:03:00;222;Acidente Fatal;630,8;BR-040/MG;Norte;Atropelamento de Pedestre;1;0;1;0;0;0;0;0;0;0;2;0;0;0;1
26/08/2021;22:17:00;303;Acidente sem Vítimas;451,5;BR-040/MG;Sul;Tombamento;0;0;1;0;0;0;0;0;0;0;1;0;0;0;0
27/08/2021;01:28:00;34;Acidente sem Vítimas;716,15;BR-040/MG;Norte;Choque c/ Objeto Fixo;0;0;0;0;0;1;0;0;0;0;1;0;0;0;0
27/08/2021;09:39:00;145;Acidente sem Vítimas;468,23;BR-040/MG;Norte;Colisão lateral;0;0;1;1;0;1;0;0;0;0;0;0;0;0;0
27/08/2021;12:12:00;178;Acidente sem Vítimas;432,2;BR-040/MG;Norte;Colisão lateral;1;0;0;0;1;0;0;0;0;0;0;0;0;0;0
27/08/2021;14:58:00;220;Acidente sem Vítimas;429,5;BR-040/MG;Norte;Tombamento;0;0;3;0;0;0;0;0;0;0;0;0;0;0;0
27/08/2021;18:31:00;283;Acidente sem Vítimas;521,15;BR-040/MG;Sul;Atropelamento de Animal;1;0;0;0;0;1;0;0;0;0;1;0;0;0;0
27/08/2021;19:21:00;299;Acidente sem Vítimas;118,8;BR-040/GO;Sul;Atropelamento de Animal;4;0;0;0;0;0;0;0;0;0;1;0;0;0;0
27/08/2021;23:36:00;359;Acidente sem Vítimas;644,5;BR-040/MG;Norte;Colisão traseira;3;0;0;0;0;0;0;0;0;0;2;0;0;0;0
28/08/2021;00:25:00;6;Acidente com Vítimas;602,15;BR-040/MG;Norte;Colisão traseira;1;0;0;0;2;1;0;0;0;0;2;0;0;0;0
28/08/2021;01:00:00;10;Acidente com Vítimas;770,6;BR-040/MG;Sul;Capotamento;1;0;0;0;0;0;0;0;0;0;1;1;0;0;0
28/08/2021;02:22:00;23;Acidente com Vítimas;679,8;BR-040/MG;Sul;Tombamento de Moto;0;0;0;1;0;0;0;0;0;0;1;1;0;0;0
28/08/2021;05:54:00;50;Acidente com Vítimas;633,45;BR-040/MG;Sul;Colisão transversal;2;0;0;0;0;0;0;0;0;0;2;0;0;0;0
28/08/2021;06:13:00;48;Acidente com Vítimas;2,4;BR-040/GO;Norte;Colisão traseira;1;0;0;1;0;0;0;0;0;0;1;0;1;0;0
28/08/2021;06:50:00;47;Acidente sem Vítimas;552,4;BR-040/MG;Norte;Choque c/ Objeto Fixo;1;0;0;0;0;0;0;0;0;0;0;0;0;0;0
28/08/2021;08:38:00;96;Acidente com Vítimas;634,8;BR-040/MG;Sul;Colisão transversal;1;0;0;1;0;0;0;0;0;0;2;2;0;0;0
28/08/2021;14:47:00;180;Acidente com Vítimas;716,89;BR-040/MG;Sul;Tombamento;0;0;1;0;1;0;0;0;0;0;0;1;0;0;0
28/08/2021;15:00:00;182;Acidente com Vítimas;3,6;BR-040/DF;Norte;Engavetamento;2;0;0;2;0;0;0;0;0;0;3;1;0;0;0
28/08/2021;16:44:00;199;Acidente com Vítimas;24,28;BR-040/GO;Norte;Colisão traseira;1;0;0;1;0;0;0;0;0;0;1;0;1;0;0
28/08/2021;17:14:00;211;Acidente sem Vítimas;563,2;BR-040/MG;Norte;Choque c/ Objeto Fixo;1;0;0;0;0;0;0;0;0;0;0;0;0;0;0
28/08/2021;17:45:00;222;Acidente sem Vítimas;433,8;BR-040/MG;Sul;Choque c/ Objeto Fixo;2;0;0;0;0;0;0;0;0;0;2;0;0;0;0
28/08/2021;18:01:00;224;Acidente com Vítimas;602,55;BR-040/MG;Sul;Colisão traseira;2;0;0;0;0;0;0;0;0;0;2;0;1;0;0
28/08/2021;18:35:00;232;Acidente sem Vítimas;517,1;BR-040/MG;Norte;Colisão lateral;2;0;0;0;0;0;0;0;0;0;2;0;0;0;0
28/08/2021;19:14:00;239;Acidente sem Vítimas;93,5;BR-040/MG;Sul;Choque c/ Objeto Fixo;1;0;0;0;0;0;0;0;0;0;1;0;0;0;0
28/08/2021;19:42:00;245;Acidente com Vítimas;617,5;BR-040/MG;Sul;Colisão traseira;1;0;0;0;0;1;0;0;0;0;1;0;0;0;0
28/08/2021;23:42:00;288;Acidente com Vítimas;2,5;BR-040/GO;Sul;Colisão traseira;2;0;0;2;0;0;0;0;0;0;1;0;1;0;0