data;horario;n_da_ocorrencia;tipo_de_ocorrencia;km;trecho;sentido;tipo_de_acidente;automovel;bicicleta;caminhao;moto;onibus;outros;tracao_animal;transporte_de_cargas_especiais;trator_maquinas;utilitarios;ilesos;levemente_feridos;moderadamente_feridos;gravemente_feridos;mortos
29/08/2021;03:06:00;25;Acidente com Vítimas;2,2;BR-040/GO;Norte;Capotamento;1;0;0;0;0;1;0;0;0;0;1;1;0;0;0
29/08/2021;13:21:00;121;Acidente com Vítimas;12,1;BR-040/GO;Sul;Colisão lateral;1;1;0;0;0;0;0;0;0;0;1;1;0;0;0
29/08/2021;14:57:00;138;Acidente com Vítimas;10,1;BR-040/GO;Sul;Colisão transversal;2;0;0;1;0;0;0;0;0;0;1;0;1;0;0
29/08/2021;18:07:00;176;Acidente com Vítimas;635,1;BR-040/MG;Sul;Colisão traseira;3;0;0;0;0;1;0;0;0;0;2;2;2;1;0
29/08/2021;20:04:00;201;Acidente com Vítimas;38,5;BR-040/GO;Norte;Colisão traseira;0;0;2;0;0;0;0;0;0;0;0;0;0;1;0
29/08/2021;21:37:00;212;Acidente com Vítimas;415,5;BR-040/MG;Norte;Choque c/ Objeto Fixo;2;0;0;0;0;2;0;0;0;0;3;3;0;0;0
30/08/2021;06:45:00;76;Acidente com Vítimas;42,1;BR-040/MG;Norte;Atropelamento de Ciclista;0;0;0;1;0;0;0;0;0;0;2;2;0;0;0
30/08/2021;06:48:00;78;Acidente sem Vítimas;7,1;BR-040/GO;Norte;Colisão traseira;3;0;0;0;0;0;0;0;0;0;3;0;0;0;0
30/08/2021;06:54:00;80;Acidente com Vítimas;8,1;BR-040/GO;Norte;Queda Veículo;0;0;0;2;0;0;0;0;0;0;1;0;1;0;0
30/08/2021;07:09:00;81;Acidente sem Vítimas;733,2;BR-040/MG;Norte;Choque c/ Objeto Fixo;1;0;0;0;0;0;0;0;0;0;1;0;0;0;0
30/08/2021;07:29:00;88;Acidente sem Vítimas;3,1;BR-040/GO;Norte;Colisão lateral;1;0;0;1;0;0;0;0;0;0;2;0;0;0;0
30/08/2021;13:55:00;190;Acidente com Vítimas;7,5;BR-040/GO;Norte;Atropelamento de Ciclista;0;1;0;0;0;0;0;0;0;0;0;0;1;0;0
30/08/2021;14:23:00;194;Acidente com Vítimas;586,5;BR-040/MG;Norte;Choque c/ Objeto Fixo;0;0;1;0;0;1;0;0;0;0;0;1;0;0;0
30/08/2021;15:03:00;204;Acidente com Vítimas;596,1;BR-040/MG;Norte;Colisão lateral;0;0;1;0;2;0;0;0;0;0;2;1;0;0;0
30/08/2021;17:40:00;234;Acidente sem Vítimas;47,1;BR-040/MG;Sul;Colisão traseira;2;0;0;0;0;2;0;0;0;0;2;0;0;0;0
30/08/2021;17:40:00;235;Acidente com Vítimas;537,6;BR-040/MG;Norte;Colisão lateral;2;0;0;1;0;0;0;0;0;0;2;0;1;0;0
30/08/2021;20:49:00;280;Acidente com Vítimas;681,9;BR-040/MG;Sul;Atropelamento de Pedestre;0;0;0;0;0;1;0;0;0;0;0;0;1;0;0
30/08/2021;21:34:00;292;Acidente com Vítimas;18,5;BR-040/GO;Sul;Capotamento;2;0;0;0;0;0;0;0;0;0;0;0;1;0;0
01/09/2021;03:11:00;59;Acidente com Vítimas;524,3;BR-040/MG;Norte;Choque c/ Objeto Fixo;1;0;0;0;0;0;0;0;0;0;1;1;0;0;0
01/09/2021;07:02:00;115;Acidente sem Vítimas;516,8;BR-040/MG;Norte;Choque c/ Objeto Fixo;1;0;0;0;0;0;0;0;0;0;1;0;0;0;0
01/09/2021;07:08:00;117;Acidente sem Vítimas;40,55;BR-040/MG;Sul;Colisão lateral;1;0;0;1;0;0;0;0;0;0;1;1;0;0;0
01/09/2021;07:55:00;131;Acidente com Vítimas;7,8;BR-040/GO;Norte;Tombamento de Moto;0;0;0;1;0;0;0;0;0;0;0;1;1;0;0
01/09/2021;08:38:00;143;Acidente com Vítimas;553,3;BR-040/MG;Sul;Colisão lateral;1;0;0;3;0;0;0;0;0;0;1;1;0;0;0
01/09/2021;09:33:00;160;Acidente sem Vítimas;44,3;BR-040/MG;Norte;Tombamento de Moto;0;0;0;1;0;0;0;0;0;0;1;0;0;0;0
01/09/2021;10:17:00;168;Acidente sem Vítimas;3,5;BR-040/DF;Sul;Colisão lateral;1;0;2;0;0;1;0;0;0;0;3;0;0;0;0
01/09/2021;11:10:00;187;Acidente sem Vítimas;5,1;BR-040/GO;Norte;Colisão traseira;1;0;0;1;0;0;0;0;0;0;2;0;0;0;0
01/09/2021;16:02:00;262;Acidente sem Vítimas;511,5;BR-040/MG;Sul;Colisão traseira;0;0;0;2;0;1;0;0;0;0;3;0;0;0;0
01/09/2021;18:36:00;294;Acidente sem Vítimas;505,5;BR-040/MG;Sul;Atropelamento de Animal;1;0;0;0;0;1;0;0;0;0;0;0;0;0;0
01/09/2021;20:53:00;319;Acidente sem Vítimas;11,1;BR-040/GO;Sul;Choque c/ Objeto Fixo;1;0;0;0;0;0;0;0;0;0;1;0;0;0;0
02/09/2021;04:19:00;71;Acidente sem Vítimas;523,2;BR-040/MG;Sul;Outros;2;0;0;0;0;0;0;0;0;0;0;0;0;0;0
02/09/2021;04:51:00;74;Acidente sem Vítimas;511,2;BR-040/MG;Sul;Colisão traseira;0;0;0;0;0;0;0;0;0;0;0;0;0;0;0
02/09/2021;05:40:00;78;Acidente sem Vítimas;537,541;BR-040/MG;Sul;Colisão traseira;1;0;0;0;1;1;0;0;0;0;2;0;0;0;0
02/09/2021;06:48:00;93;Acidente sem Vítimas;284,1;BR-040/MG;Norte;Colisão lateral;1;0;0;0;0;0;0;0;0;0;1;0;0;0;0
02/09/2021;07:55:00;116;Acidente com Vítimas;449,45;BR-040/MG;Norte;Tombamento de Moto;0;0;0;1;0;0;0;0;0;0;1;1;0;0;0
02/09/2021;08:02:00;126;Acidente sem Vítimas;4,24;BR-040/GO;Norte;Colisão traseira;2;0;0;1;0;0;0;0;0;0;2;0;0;0;0
02/09/2021;09:23:00;144;Acidente com Vítimas;696,93;BR-040/MG;Sul;Choque c/ Objeto Fixo;2;0;0;0;0;0;0;0;0;0;0;0;0;1;0
02/09/2021;09:58:00;152;Acidente sem Vítimas;717,3;BR-040/MG;Sul;Capotamento;1;0;0;0;0;1;0;0;0;0;1;0;0;0;0
02/09/2021;10:22:00;157;Acidente sem Vítimas;507,3;BR-040/MG;Sul;Colisão traseira;1;0;1;0;0;0;0;0;0;0;2;0;0;0;0
02/09/2021;15:07:00;215;Acidente com Vítimas;5,3;BR-040/MG;Sul;Colisão frontal;0;0;0;0;1;1;0;0;0;0;2;0;0;1;0
02/09/2021;16:06:00;227;Acidente com Vítimas;487,3;BR-040/MG;Sul;Tombamento de Moto;1;0;0;1;0;0;0;0;0;0;2;0;0;0;0
02/09/2021;18:36:00;257;Acidente com Vítimas;668,5;BR-040/MG;Norte;Atropelamento de Pedestre;0;0;0;0;0;2;0;0;0;0;1;0;0;1;0
02/09/2021;18:38:00;256;Acidente com Vítimas;534,3;BR-040/MG;Norte;Colisão traseira;2;0;0;0;0;0;0;0;0;0;3;0;1;0;0
02/09/2021;19:55:00;276;Acidente sem Vítimas;5,1;BR-040/GO;Sul;Colisão traseira;4;0;0;0;0;0;0;0;0;0;2;0;0;0;0
02/09/2021;22:29:00;305;Acidente sem Vítimas;448,5;BR-040/MG;Norte;Choque c/ Objeto Fixo;1;0;0;0;0;0;0;0;0;0;0;0;0;0;0
03/09/2021;03:18:00;50;Acidente com Vítimas;718,8;BR-040/MG;Sul;Tombamento;0;0;1;0;1;1;0;0;0;0;46;1;0;0;0
03/09/2021;06:27:00;84;Acidente com Vítimas;4,2;BR-040/DF;Norte;Atropelamento de Pedestre;0;0;0;0;0;2;0;0;0;0;1;1;0;0;0
03/09/2021;08:51:00;122;Acidente com Vítimas;12,9;BR-040/GO;Norte;Tombamento de Moto;0;0;0;2;0;0;0;0;0;0;0;1;0;0;0
03/09/2021;10:42:00;150;Acidente com Vítimas;764,2;BR-040/MG;Sul;Choque c/ Objeto Fixo;1;0;0;0;0;0;0;0;0;0;1;1;0;0;0
03/09/2021;11:41:00;163;Acidente sem Vítimas;494,2;BR-040/MG;Norte;Choque c/ Objeto Fixo;0;0;0;1;0;1;0;0;0;0;0;0;0;0;0
03/09/2021;13:16:00;180;Acidente com Vítimas;0,3;BR-040/GO;Norte;Tombamento de Moto;1;0;0;2;0;0;0;0;0;0;3;1;0;0;0
03/09/2021;14:12:00;199;Acidente sem Vítimas;439,5;BR-040/MG;Norte;Capotamento;1;0;0;0;1;1;0;0;0;0;29;0;0;0;0
03/09/2021;15:42:00;227;Acidente sem Vítimas;137,8;BR-040/GO;Norte;Colisão lateral;1;0;1;0;1;0;0;0;0;0;3;0;0;0;0
03/09/2021;16:09:00;236;Acidente com Vítimas;2,9;BR-040/GO;Norte;Colisão traseira;1;0;0;1;0;0;0;0;0;0;2;1;0;0;0
03/09/2021;16:13:00;237;Acidente sem Vítimas;548,6;BR-040/MG;Sul;Engavetamento;5;0;0;0;0;0;0;0;0;0;0;0;0;0;0
03/09/2021;16:40:00;244;Acidente sem Vítimas;549,2;BR-040/MG;Sul;Outros;0;1;0;0;0;1;0;0;0;0;0;0;0;0;0
03/09/2021;16:51:00;247;Acidente sem Vítimas;466,2;BR-040/MG;Sul;Outros;1;0;0;0;0;0;0;0;0;0;0;0;0;0;0
03/09/2021;17:46:00;259;Acidente com Vítimas;547,3;BR-040/MG;Norte;Tombamento de Moto;0;0;0;1;0;0;0;0;0;0;1;0;1;0;0
03/09/2021;18:32:00;274;Acidente com Vítimas;5,5;BR-040/GO;Sul;Queda Veículo;0;0;0;1;0;0;0;0;0;0;1;1;0;0;0
03/09/2021;19:44:00;300;Acidente com Vítimas;97,1;BR-040/GO;Sul;Atropelamento de Animal;0;0;0;1;0;0;0;0;0;0;1;0;0;0;0
03/09/2021;19:53:00;302;Acidente Fatal;7,5;BR-040/DF;Sul;Colisão lateral;0;0;0;2;2;3;0;0;0;0;47;0;0;0;1
03/09/2021;21:24:00;325;Acidente sem Vítimas;590,15;BR-040/MG;Norte;Capotamento;2;0;1;0;0;0;0;0;0;0;3;0;0;0;0
03/09/2021;23:36:00;358;Acidente sem Vítimas;514,8;BR-040/MG;Sul;Colisão traseira;0;0;2;1;0;0;0;0;0;0;2;0;0;0;0
03/09/2021;23:37:00;359;Acidente sem Vítimas;523,3;BR-040/MG;Sul;Atropelamento de Animal;1;0;0;0;0;1;0;0;0;0;1;0;0;0;0
04/09/2021;00:26:00;4;Acidente sem Vítimas;747,15;BR-040/MG;Sul;Colisão lateral;2;0;0;0;0;0;0;0;0;0;8;0;0;0;0
04/09/2021;04:34:00;35;Acidente com Vítimas;90,8;BR-040/GO;Norte;Capotamento;1;0;0;0;0;0;0;0;0;0;2;1;1;0;0
04/09/2021;06:53:00;54;Acidente sem Vítimas;90,8;BR-040/GO;Sul;Colisão traseira;1;0;0;0;0;1;0;0;0;0;0;0;0;0;0
04/09/2021;08:31:00;92;Acidente sem Vítimas;658,8;BR-040/MG;Sul;Colisão transversal;1;0;0;1;1;0;0;0;0;0;5;0;0;0;0
04/09/2021;09:32:00;103;Acidente sem Vítimas;565,2;BR-040/MG;Sul;Colisão traseira;3;1;0;0;0;0;0;0;0;0;0;0;0;0;0
04/09/2021;09:35:00;105;Acidente sem Vítimas;413,2;BR-040/MG;Sul;Outros;2;0;1;0;0;0;0;0;0;0;0;0;0;0;0
04/09/2021;09:56:00;112;Acidente sem Vítimas;413,2;BR-040/MG;Sul;Outros;2;0;0;0;0;0;0;0;0;0;0;0;0;0;0
04/09/2021;09:57:00;113;Acidente sem Vítimas;513,2;BR-040/MG;Sul;Outros;3;0;0;0;0;0;0;0;0;0;0;0;0;0;0
04/09/2021;11:36:00;141;Acidente sem Vítimas;525,7;BR-040/MG;Norte;Colisão traseira;0;0;0;0;0;0;0;0;0;0;0;0;0;0;0
04/09/2021;12:29:00;158;Acidente Fatal;450,8;BR-040/MG;Norte;Colisão lateral;0;1;0;1;0;2;0;0;0;0;0;1;0;0;1
04/09/2021;12:42:00;161;Acidente sem Vítimas;609,2;BR-040/MG;Sul;Colisão traseira;2;0;0;0;0;0;0;0;0;0;2;0;0;0;0
04/09/2021;12:49:00;165;Acidente com Vítimas;510,4;BR-040/MG;Norte;Outros;0;0;0;0;0;4;0;0;0;0;0;0;0;0;0
04/09/2021;17:51:00;243;Acidente sem Vítimas;692,7;BR-040/MG;Norte;Colisão traseira;2;0;0;0;0;0;0;0;0;0;1;0;0;0;0
04/09/2021;18:01:00;239;Acidente com Vítimas;565,2;BR-040/MG;Sul;Colisão lateral;4;0;0;2;0;0;0;0;0;0;2;1;0;1;0
04/09/2021;18:34:00;250;Acidente com Vítimas;5,1;BR-040/GO;Norte;Colisão traseira;2;0;0;0;0;0;0;0;0;0;2;1;2;0;0
04/09/2021;18:43:00;252;Acidente sem Vítimas;615,15;BR-040/MG;Norte;Colisão lateral;1;0;1;0;0;0;0;0;0;0;2;0;0;0;0
04/09/2021;19:00:00;254;Acidente sem Vítimas;511,1;BR-040/MG;Norte;Colisão transversal;0;0;2;1;0;0;0;0;0;0;1;0;0;0;0
04/09/2021;19:33:00;259;Acidente sem Vítimas;747,3;BR-040/MG;Norte;Colisão frontal;1;2;0;0;0;0;0;0;0;0;2;0;0;0;0
04/09/2021;21:07:00;273;Acidente com Vítimas;21,1;BR-040/GO;Norte;Colisão transversal;0;0;0;1;0;0;0;0;0;0;1;0;0;0;0
04/09/2021;21:08:00;274;Acidente sem Vítimas;666,8;BR-040/MG;Sul;Colisão transversal;2;0;0;0;0;0;0;0;0;0;2;0;0;0;0
04/09/2021;21:18:00;275;Acidente sem Vítimas;700,15;BR-040/MG;Norte;Capotamento;1;0;0;0;0;0;0;0;0;0;1;0;0;0;0
04/09/2021;21:26:00;276;Acidente sem Vítimas;327,8;BR-040/MG;Norte;Atropelamento de Animal;0;0;0;0;0;1;0;0;0;0;1;0;0;0;0
05/09/2021;01:43:00;11;Acidente sem Vítimas;24,75;BR-040/GO;Sul;Capotamento;1;0;0;0;0;0;0;0;0;0;2;0;0;0;0
05/09/2021;01:53:00;15;Acidente com Vítimas;536,3;BR-040/MG;Sul;Choque c/ Objeto Fixo;3;0;0;0;0;0;0;0;0;0;0;1;0;0;0
05/09/2021;03:48:00;23;Acidente com Vítimas;439,5;BR-040/MG;Norte;Capotamento;2;0;0;0;0;0;0;0;0;0;0;1;0;0;0
05/09/2021;06:15:00;33;Acidente sem Vítimas;565,3;BR-040/MG;Sul;Colisão lateral;1;0;0;0;1;0;0;0;0;0;2;0;0;0;0
05/09/2021;10:13:00;79;Acidente com Vítimas;735;BR-040/MG;Norte;Colisão lateral;0;0;0;1;0;1;0;0;0;0;0;0;1;0;0
05/09/2021;13:49:00;115;Acidente sem Vítimas;0,4;BR-040/DF;Sul;Choque c/ Objeto Fixo;2;0;0;0;0;0;0;0;0;0;6;0;0;0;0
05/09/2021;19:33:00;202;Acidente sem Vítimas;561,15;BR-040/MG;Sul;Tombamento de Moto;0;0;0;1;0;0;0;0;0;0;1;2;0;0;0
05/09/2021;19:49:00;207;Acidente sem Vítimas;628,8;BR-040/MG;Sul;Colisão traseira;2;0;0;0;0;0;0;0;0;0;2;0;0;0;0
05/09/2021;19:53:00;208;Acidente com Vítimas;46,3;BR-040/MG;Norte;Atropelamento de Animal;2;0;0;0;0;0;0;0;0;0;3;2;0;0;0
05/09/2021;20:36:00;216;Acidente sem Vítimas;506,1;BR-040/MG;Sul;Choque c/ Objeto Fixo;1;0;0;0;0;0;0;0;0;0;1;0;0;0;0
05/09/2021;21:06:00;221;Acidente com Vítimas;87,5;BR-040/GO;Norte;Atropelamento de Pedestre;1;0;0;0;0;0;0;0;0;0;0;0;1;0;0
05/09/2021;22:54:00;240;Acidente com Vítimas;446,1;BR-040/MG;Norte;Choque c/ Objeto Fixo;3;0;0;0;0;0;0;0;0;0;1;0;1;0;0
06/09/2021;07:10:00;70;Acidente com Vítimas;8;BR-040/GO;Norte;Tombamento de Moto;0;0;0;1;0;0;0;0;0;0;0;1;0;0;0
06/09/2021;07:38:00;78;Acidente sem Vítimas;526,22;BR-040/MG;Sul;Colisão lateral;1;0;0;0;0;1;0;0;0;0;2;0;0;0;0
06/09/2021;07:52:00;87;Acidente sem Vítimas;10;BR-040/GO;Norte;Choque c/ Objeto Fixo;1;0;0;0;0;1;0;0;0;0;1;0;0;0;0
06/09/2021;07:53:00;88;Acidente com Vítimas;44,65;BR-040/MG;Sul;Colisão transversal;1;0;0;1;0;1;0;0;0;0;2;1;0;0;0
06/09/2021;10:13:00;126;Acidente sem Vítimas;771;BR-040/MG;Sul;Choque c/ Objeto Fixo;1;0;0;0;0;1;0;0;0;0;0;0;0;0;0
06/09/2021;10:37:00;138;Acidente com Vítimas;41,9;BR-040/MG;Sul;Atropelamento de Pedestre;0;0;0;1;0;0;0;0;0;0;1;1;0;0;0
06/09/2021;11:15:00;148;Acidente com Vítimas;12,32;BR-040/GO;Sul;Colisão lateral;2;0;0;3;0;0;0;0;0;0;2;0;1;0;0
06/09/2021;12:14:00;158;Acidente sem Vítimas;3,1;BR-040/GO;Norte;Engavetamento;3;0;0;0;0;0;0;0;0;0;2;0;0;0;0
06/09/2021;13:20:00;173;Acidente com Vítimas;628,9;BR-040/MG;Norte;Colisão transversal;2;0;0;0;0;0;0;0;0;0;1;0;1;0;0
06/09/2021;13:20:00;174;Acidente com Vítimas;16,4;BR-040/GO;Sul;Choque c/ Objeto Fixo;2;0;0;0;0;0;0;0;0;0;0;0;0;0;0
06/09/2021;14:53:00;200;Acidente sem Vítimas;693,3;BR-040/MG;Sul;Colisão traseira;3;0;0;0;0;0;0;0;0;0;2;0;0;0;0
06/09/2021;17:59:00;255;Acidente com Vítimas;699,1;BR-040/MG;Norte;Tombamento;0;0;0;0;2;0;0;0;0;0;1;0;0;0;0
06/09/2021;18:46:00;269;Acidente com Vítimas;7,2;BR-040/GO;Norte;Colisão traseira;0;0;0;0;0;2;0;0;0;0;1;1;0;0;0
06/09/2021;20:55:00;296;Acidente com Vítimas;26,5;BR-040/GO;Norte;Colisão traseira;1;0;1;0;0;0;0;0;0;0;1;0;0;0;0
07/09/2021;08:49:00;56;Acidente com Vítimas;502,2;BR-040/MG;Sul;Colisão lateral;1;0;0;1;0;1;0;0;0;0;0;0;1;0;0
07/09/2021;09:43:00;69;Acidente com Vítimas;548,6;BR-040/MG;Norte;Choque c/ Objeto Fixo;0;0;2;0;0;0;0;0;0;0;0;0;0;0;0
07/09/2021;11:00:00;90;Acidente com Vítimas;649,5;BR-040/MG;Norte;Colisão transversal;2;0;0;0;0;1;0;0;0;0;2;2;0;0;0
07/09/2021;12:06:00;97;Acidente sem Vítimas;433,2;BR-040/MG;Norte;Capotamento;2;0;0;0;1;0;0;0;0;0;0;0;0;0;0
07/09/2021;14:29:00;117;Acidente sem Vítimas;482,5;BR-040/MG;Sul;Colisão lateral;0;0;0;0;0;3;0;0;0;0;0;0;0;0;0
07/09/2021;15:30:00;135;Acidente sem Vítimas;711,1;BR-040/MG;Norte;Choque c/ Objeto Fixo;0;0;1;0;1;0;0;0;0;0;2;0;0;0;0
07/09/2021;18:23:00;183;Acidente com Vítimas;525,45;BR-040/MG;Sul;Atropelamento de Pedestre;2;0;0;0;0;0;0;0;0;0;1;1;0;0;0
07/09/2021;18:52:00;190;Acidente com Vítimas;6,3;BR-040/GO;Norte;Colisão lateral;0;1;0;1;0;0;0;0;0;0;2;0;1;0;0
07/09/2021;20:26:00;215;Acidente com Vítimas;523,1;BR-040/MG;Sul;Capotamento;1;0;0;0;0;0;0;0;0;0;0;0;2;0;0
07/09/2021;20:31:00;218;Acidente sem Vítimas;476,1;BR-040/MG;Sul;Atropelamento de Animal;1;0;0;0;0;0;0;0;0;0;3;0;0;0;0
07/09/2021;20:45:00;219;Acidente sem Vítimas;523,1;BR-040/MG;Sul;Engavetamento;1;0;0;0;0;3;0;0;0;0;1;0;0;0;0
07/09/2021;20:48:00;223;Acidente sem Vítimas;476,15;BR-040/MG;Sul;Atropelamento de Animal;2;0;0;0;0;0;0;0;0;0;2;0;0;0;0
07/09/2021;20:54:00;226;Acidente com Vítimas;476,2;BR-040/MG;Sul;Capotamento;2;0;0;0;0;0;0;0;0;0;4;1;0;0;0
08/09/2021;00:46:00;48;Acidente Fatal;8,5;BR-040/GO;Sul;Colisão traseira;2;0;0;2;0;0;0;0;0;0;2;0;0;0;1
08/09/2021;06:29:00;102;Acidente sem Vítimas;537,5;BR-040/MG;Sul;Colisão lateral;2;0;2;0;0;0;0;0;0;0;0;0;0;0;0
08/09/2021;07:04:00;108;Acidente sem Vítimas;634,95;BR-040/MG;Sul;Colisão frontal;4;0;0;0;0;1;0;0;0;0;6;0;0;0;0
08/09/2021;07:39:00;114;Acidente com Vítimas;525,5;BR-040/MG;Sul;Colisão traseira;0;0;0;1;1;0;0;0;0;0;0;1;0;0;0
08/09/2021;09:14:00;135;Acidente sem Vítimas;549,12;BR-040/MG;Norte;Choque c/ Objeto Fixo;3;0;0;0;0;0;0;0;0;0;0;0;0;0;0
08/09/2021;13:37:00;195;Acidente sem Vítimas;655,2;BR-040/MG;Norte;Colisão lateral;2;0;0;0;0;0;0;0;0;0;0;0;0;0;0
08/09/2021;14:17:00;205;Acidente com Vítimas;524,2;BR-040/MG;Norte;Choque c/ Objeto Fixo;1;0;0;0;0;0;0;0;0;0;0;1;0;0;0
08/09/2021;15:44:00;234;Acidente sem Vítimas;522,2;BR-040/MG;Norte;Outros;0;0;3;1;1;0;0;0;0;0;0;0;0;0;0
08/09/2021;18:00:00;259;Acidente sem Vítimas;10,1;BR-040/GO;Norte;Colisão transversal;4;0;0;0;0;0;0;0;0;0;2;0;0;0;0
08/09/2021;18:52:00;274;Acidente com Vítimas;10,7;BR-040/GO;Sul;Queda Veículo;0;0;0;1;0;0;0;0;0;0;2;0;1;0;0
08/09/2021;21:44:00;309;Acidente com Vítimas;75,1;BR-040/GO;Sul;Queda Veículo;0;0;0;1;0;0;0;0;0;0;1;1;0;0;0
09/09/2021;04:52:00;80;Acidente com Vítimas;405,11;BR-040/MG;Sul;Colisão traseira;0;0;2;0;1;0;0;0;0;0;2;1;0;0;0
09/09/2021;07:51:00;118;Acidente com Vítimas;493,75;BR-040/MG;Norte;Tombamento de Moto;0;0;0;2;0;0;0;0;0;0;0;1;1;0;0
09/09/2021;08:11:00;124;Acidente com Vítimas;479,4;BR-040/MG;Norte;Capotamento;1;0;1;0;0;1;0;0;0;0;2;0;1;0;0
09/09/2021;08:30:00;129;Acidente com Vítimas;6,5;BR-040/GO;Norte;Tombamento de Moto;0;0;0;1;0;0;0;0;0;0;0;1;0;0;0
09/09/2021;08:41:00;133;Acidente com Vítimas;476,5;BR-040/MG;Norte;Tombamento de Moto;0;0;0;2;0;0;0;0;0;0;1;1;0;0;0
09/09/2021;08:55:00;135;Acidente sem Vítimas;461,165;BR-040/MG;Norte;Engavetamento;4;0;0;0;0;0;0;0;0;0;3;0;0;0;0
09/09/2021;14:35:00;205;Acidente com Vítimas;21,9;BR-040/GO;Norte;Capotamento;1;0;2;0;0;1;0;0;0;0;1;1;0;0;0
09/09/2021;14:39:00;207;Acidente sem Vítimas;229,2;BR-040/MG;Norte;Engavetamento;1;0;2;0;1;2;0;0;0;0;5;0;0;0;0
09/09/2021;17:12:00;241;Acidente sem Vítimas;540,11;BR-040/MG;Norte;Colisão traseira;0;0;0;1;0;1;0;0;0;0;2;1;0;0;0
09/09/2021;17:32:00;244;Acidente sem Vítimas;1,5;BR-040/GO;Sul;Tombamento de Moto;0;0;0;1;0;0;0;0;0;0;1;0;0;0;0
09/09/2021;18:40:00;256;Acidente sem Vítimas;548,15;BR-040/MG;Norte;Colisão traseira;2;0;0;0;0;0;0;0;0;0;2;0;0;0;0
09/09/2021;21:07:00;286;Acidente Fatal;24,97;BR-040/GO;Norte;Colisão traseira;1;0;1;0;1;0;0;0;0;0;7;0;0;1;5
09/09/2021;21:36:00;293;Acidente sem Vítimas;544,15;BR-040/MG;Norte;Capotamento;2;0;0;0;0;0;0;0;0;0;2;0;0;0;0
10/09/2021;07:13:00;94;Acidente com Vítimas;541,5;BR-040/MG;Sul;Tombamento de Moto;1;0;0;1;0;0;0;0;0;0;1;1;0;0;0
10/09/2021;08:48:00;124;Acidente com Vítimas;540,3;BR-040/MG;Sul;Colisão lateral;1;0;0;1;0;0;0;0;0;0;2;1;0;0;0
10/09/2021;17:17:00;252;Acidente com Vítimas;3,21;BR-040/GO;Norte;Colisão traseira;1;0;0;0;0;1;0;0;0;0;1;1;0;0;0
10/09/2021;17:19:00;253;Acidente com Vítimas;4,5;BR-040/GO;Norte;Colisão transversal;1;0;0;1;0;0;0;0;0;0;1;0;1;0;0
10/09/2021;17:26:00;257;Acidente sem Vítimas;733,3;BR-040/MG;Norte;Choque c/ Objeto Fixo;1;0;0;0;0;1;0;0;0;0;1;0;0;0;0
10/09/2021;17:30:00;259;Acidente com Vítimas;527,5;BR-040/MG;Norte;Colisão lateral;1;0;0;1;0;0;0;0;0;0;2;1;0;0;0
10/09/2021;17:44:00;265;Acidente sem Vítimas;527,8;BR-040/MG;Norte;Colisão traseira;1;0;0;0;0;1;0;0;0;0;2;0;0;0;0
10/09/2021;18:33:00;275;Acidente sem Vítimas;28,4;BR-040/MG;Norte;Choque c/ Objeto Fixo;1;0;0;0;0;0;0;0;0;0;2;0;0;0;0
10/09/2021;18:56:00;279;Acidente sem Vítimas;630,1;BR-040/MG;Norte;Atropelamento de Animal;0;0;0;0;0;1;0;0;0;0;1;0;0;0;0
10/09/2021;19:08:00;288;Acidente Fatal;633,3;BR-040/MG;Norte;Atropelamento de Pedestre;1;0;0;0;0;1;0;0;0;0;1;0;0;0;1
10/09/2021;20:31:00;302;Acidente com Vítimas;89,5;BR-040/GO;Sul;Atropelamento de Animal;1;0;0;0;0;1;0;0;0;0;0;1;0;0;0
10/09/2021;21:03:00;309;Acidente com Vítimas;599,1;BR-040/MG;Norte;Colisão traseira;1;0;1;0;0;0;0;0;0;0;3;0;1;0;0
10/09/2021;22:07:00;323;Acidente sem Vítimas;436,2;BR-040/MG;Norte;Colisão traseira;1;0;0;0;0;1;0;0;0;0;6;0;0;0;0
10/09/2021;22:27:00;333;Acidente sem Vítimas;570,5;BR-040/MG;Norte;Atropelamento de Animal;1;0;0;0;0;1;0;0;0;0;1;0;0;0;0
10/09/2021;22:49:00;338;Acidente com Vítimas;1,7;BR-040/GO;Sul;Atropelamento de Pedestre;1;0;0;0;0;0;0;0;0;0;0;0;0;0;0
11/09/2021;01:29:00;16;Acidente sem Vítimas;3,8;BR-040/GO;Sul;Choque c/ Objeto Fixo;1;0;0;0;0;0;0;0;0;0;0;0;0;0;0
11/09/2021;04:45:00;36;Acidente com Vítimas;707,2;BR-040/MG;Sul;Colisão traseira;0;0;1;1;0;0;0;0;0;0;1;2;0;0;0
11/09/2021;05:15:00;38;Acidente com Vítimas;5,9;BR-040/DF;Norte;Colisão lateral;2;0;0;0;0;0;0;0;0;0;1;1;0;0;0
11/09/2021;05:26:00;42;Acidente sem Vítimas;5,27;BR-040/GO;Norte;Colisão lateral;2;0;0;0;0;1;0;0;0;0;2;0;0;0;0
11/09/2021;06:34:00;51;Acidente sem Vítimas;737,8;BR-040/MG;Norte;Capotamento;1;0;0;0;0;1;0;0;0;0;1;0;0;0;0
11/09/2021;06:59:00;53;Acidente sem Vítimas;737,8;BR-040/MG;Sul;Choque c/ Objeto Fixo;1;0;0;0;0;0;0;0;0;0;1;0;0;0;0
11/09/2021;07:06:00;54;Acidente sem Vítimas;393,6;BR-040/MG;Norte;Atropelamento de Animal;1;0;0;0;0;0;0;0;0;0;0;0;0;0;0
11/09/2021;08:11:00;68;Acidente sem Vítimas;587,5;BR-040/MG;Norte;Colisão traseira;2;0;1;0;0;0;0;0;0;0;4;0;0;0;0
11/09/2021;09:53:00;86;Acidente sem Vítimas;763,2;BR-040/MG;Norte;Choque c/ Objeto Fixo;1;0;0;0;0;0;0;0;0;0;1;0;0;0;0