data;horario;n_da_ocorrencia;tipo_de_ocorrencia;km;trecho;sentido;tipo_de_acidente;automovel;bicicleta;caminhao;moto;onibus;outros;tracao_animal;transporte_de_cargas_especiais;trator_maquinas;utilitarios;ilesos;levemente_feridos;moderadamente_feridos;gravemente_feridos;mortos
11/09/2021;09:55:00;88;Acidente sem Vítimas;577,1;BR-040/MG;Sul;Choque c/ Objeto Fixo;0;0;0;0;3;0;0;0;0;0;1;0;0;0;0
11/09/2021;10:39:00;92;Acidente sem Vítimas;716,15;BR-040/MG;Norte;Choque c/ Objeto Fixo;1;0;0;0;0;0;0;0;0;0;1;0;0;0;0
11/09/2021;11:56:00;105;Acidente com Vítimas;480,2;BR-040/MG;Norte;Outros;0;0;1;1;1;0;0;0;0;0;0;0;1;0;0
11/09/2021;16:47:00;152;Acidente sem Vítimas;9,2;BR-040/GO;Norte;Colisão traseira;3;0;0;0;0;1;0;0;0;0;1;0;0;0;0
11/09/2021;17:29:00;159;Acidente com Vítimas;5,8;BR-040/DF;Sul;Choque c/ Objeto Fixo;1;0;0;0;0;0;0;0;0;0;1;1;0;0;0
11/09/2021;20:52:00;203;Acidente com Vítimas;637,5;BR-040/MG;Norte;Capotamento;1;0;0;0;0;1;0;0;0;0;4;1;2;0;0
11/09/2021;21:05:00;205;Acidente com Vítimas;577,15;BR-040/MG;Sul;Colisão traseira;2;0;0;0;0;0;0;0;0;0;2;2;0;0;0
12/09/2021;05:14:00;44;Acidente sem Vítimas;740,1;BR-040/MG;Sul;Colisão lateral;3;0;0;0;0;0;0;0;0;0;2;0;0;0;0
12/09/2021;06:19:00;53;Acidente sem Vítimas;4,5;BR-040/GO;Norte;Choque c/ Objeto Fixo;2;0;0;0;0;0;0;0;0;0;1;0;0;0;0
12/09/2021;09:56:00;80;Acidente com Vítimas;19,4;BR-040/GO;Norte;Atropelamento de Ciclista;1;1;0;0;0;0;0;0;0;0;1;0;0;0;0
12/09/2021;14:00:00;126;Acidente Fatal;565,6;BR-040/MG;Norte;Choque c/ Objeto Fixo;1;0;0;3;0;1;0;0;0;0;3;1;0;0;1
12/09/2021;19:13:00;195;Acidente com Vítimas;514,1;BR-040/MG;Sul;Colisão traseira;2;0;0;2;0;0;0;0;0;0;3;1;1;0;0
12/09/2021;21:44:00;232;Acidente com Vítimas;97,5;BR-040/GO;Sul;Colisão traseira;4;0;0;0;0;1;0;0;0;0;0;9;0;0;0
13/09/2021;03:50:00;64;Acidente sem Vítimas;480;BR-040/MG;Norte;Choque c/ Objeto Fixo;1;0;0;0;0;1;0;0;0;0;1;0;0;0;0
13/09/2021;05:12:00;68;Acidente sem Vítimas;74,95;BR-040/GO;Sul;Choque c/ Objeto Fixo;2;0;0;0;0;0;0;0;0;0;1;0;0;0;0
13/09/2021;06:06:00;73;Acidente com Vítimas;534,25;BR-040/MG;Sul;Colisão traseira;0;0;0;1;0;1;0;0;0;0;1;0;0;0;0
13/09/2021;06:21:00;84;Acidente com Vítimas;44,5;BR-040/MG;Norte;Colisão frontal;1;0;0;0;0;0;0;0;0;0;1;0;0;0;0
13/09/2021;06:22:00;83;Acidente com Vítimas;544,2;BR-040/MG;Sul;Atropelamento de Pedestre;1;0;0;0;0;0;0;0;0;0;1;0;1;0;0
13/09/2021;06:30:00;91;Acidente sem Vítimas;522,8;BR-040/MG;Sul;Choque c/ Objeto Fixo;2;0;0;1;0;0;0;0;0;0;1;0;0;0;0
13/09/2021;06:32:00;88;Acidente sem Vítimas;509,2;BR-040/MG;Sul;Engavetamento;4;0;0;0;0;0;0;0;0;0;3;0;0;0;0
13/09/2021;07:30:00;111;Acidente sem Vítimas;8,5;BR-040/GO;Norte;Atropelamento de Pedestre;1;0;0;0;0;0;0;0;0;0;1;0;0;0;0
13/09/2021;08:42:00;130;Acidente sem Vítimas;544,2;BR-040/MG;Norte;Engavetamento;4;0;0;0;0;0;0;0;0;0;3;0;0;0;0
13/09/2021;15:45:00;248;Acidente sem Vítimas;534,6;BR-040/MG;Norte;Colisão lateral;2;0;0;0;0;0;0;0;0;0;2;0;0;0;0
13/09/2021;17:07:00;265;Acidente com Vítimas;610,8;BR-040/MG;Norte;Colisão lateral;0;0;2;2;0;0;0;0;0;0;0;1;0;0;0
13/09/2021;17:15:00;269;Acidente sem Vítimas;483,4;BR-040/MG;Sul;Colisão traseira;1;0;0;1;0;0;0;0;0;0;0;0;0;0;0
13/09/2021;17:46:00;280;Acidente sem Vítimas;5,5;BR-040/DF;Sul;Colisão lateral;3;0;0;0;0;0;0;0;0;0;4;0;0;0;0
14/09/2021;01:48:00;40;Acidente sem Vítimas;503;BR-040/MG;Norte;Outros;2;1;0;1;0;0;0;0;0;0;0;0;0;0;0
14/09/2021;05:47:00;69;Acidente com Vítimas;528,25;BR-040/MG;Sul;Atropelamento de Andarilho;0;0;0;1;0;0;0;0;0;0;1;0;0;1;0
14/09/2021;06:30:00;84;Acidente com Vítimas;550,6;BR-040/MG;Sul;Colisão traseira;1;1;0;0;0;1;0;0;0;0;1;1;0;0;0
14/09/2021;07:17:00;103;Acidente sem Vítimas;550,6;BR-040/MG;Sul;Colisão traseira;2;0;0;0;0;0;0;0;0;0;2;0;0;0;0
14/09/2021;08:52:00;132;Acidente sem Vítimas;299,8;BR-040/MG;Norte;Outros;3;0;0;0;0;0;0;0;0;0;1;0;0;0;0
14/09/2021;14:07:00;206;Acidente sem Vítimas;36,56;BR-040/GO;Sul;Choque c/ Objeto Fixo;3;0;0;0;0;0;0;0;0;0;1;0;0;0;0
14/09/2021;15:27:00;216;Acidente sem Vítimas;6,7;BR-040/GO;Sul;Colisão traseira;1;0;0;1;0;1;0;0;0;0;2;1;0;0;0
14/09/2021;18:27:00;272;Acidente com Vítimas;5,1;BR-040/GO;Sul;Colisão lateral;0;0;0;1;0;1;0;0;0;0;0;1;0;0;0
14/09/2021;18:37:00;275;Acidente sem Vítimas;601,15;BR-040/MG;Sul;Colisão lateral;2;0;0;0;0;1;0;0;0;0;1;0;0;0;0
14/09/2021;18:44:00;276;Acidente com Vítimas;5,15;BR-040/GO;Sul;Tombamento de Moto;0;0;0;1;0;0;0;0;0;0;0;1;0;0;0
14/09/2021;19:26:00;285;Acidente com Vítimas;275,5;BR-040/MG;Norte;Colisão lateral;0;0;0;1;1;0;0;0;0;0;0;1;0;0;0
14/09/2021;20:57:00;302;Acidente com Vítimas;6,5;BR-040/GO;Sul;Colisão lateral;0;0;0;2;0;0;0;0;0;0;3;0;1;0;0
14/09/2021;23:13:00;322;Acidente com Vítimas;4,5;BR-040/GO;Sul;Colisão traseira;2;0;0;1;0;0;0;0;0;0;1;1;0;0;0
15/09/2021;06:22:00;91;Acidente com Vítimas;545,8;BR-040/MG;Sul;Tombamento de Moto;0;0;0;0;0;2;0;0;0;0;0;0;1;0;0
15/09/2021;06:54:00;101;Acidente com Vítimas;545,5;BR-040/MG;Sul;Colisão traseira;1;0;0;0;0;1;0;0;0;0;0;1;0;0;0
15/09/2021;07:06:00;108;Acidente Fatal;7,7;BR-040/GO;Sul;Colisão lateral;0;0;2;1;0;1;0;0;0;0;3;0;0;0;1
15/09/2021;07:18:00;112;Acidente sem Vítimas;243,6;BR-040/MG;Norte;Colisão traseira;0;0;0;1;0;0;0;0;0;0;1;0;0;0;0
15/09/2021;07:39:00;119;Acidente com Vítimas;8,3;BR-040/GO;Sul;Colisão lateral;0;0;0;0;0;2;0;0;0;0;2;1;0;0;0
15/09/2021;08:11:00;131;Acidente sem Vítimas;546,2;BR-040/MG;Sul;Colisão traseira;2;0;0;0;0;2;0;0;0;0;0;0;0;0;0
15/09/2021;08:41:00;138;Acidente com Vítimas;3,8;BR-040/DF;Sul;Colisão lateral;0;0;0;1;0;0;0;0;0;0;1;1;0;0;0
15/09/2021;08:45:00;139;Acidente sem Vítimas;532,6;BR-040/MG;Sul;Outros;2;0;0;0;0;0;0;0;0;0;0;0;0;0;0
15/09/2021;09:20:00;147;Acidente sem Vítimas;545,5;BR-040/MG;Sul;Outros;6;0;0;0;0;0;0;0;0;0;0;0;0;0;0
15/09/2021;12:35:00;210;Acidente com Vítimas;530,3;BR-040/MG;Sul;Colisão lateral;1;0;0;2;0;0;0;0;0;0;0;1;0;0;0
15/09/2021;13:56:00;225;Acidente sem Vítimas;467,2;BR-040/MG;Sul;Outros;0;0;2;1;4;0;0;0;0;0;0;0;0;0;0
15/09/2021;16:22:00;261;Acidente com Vítimas;739,8;BR-040/MG;Norte;Tombamento;0;0;0;0;1;1;0;0;0;0;1;0;1;0;0
15/09/2021;18:03:00;281;Acidente com Vítimas;755,4;BR-040/MG;Norte;Choque com objeto;1;0;0;0;0;0;0;0;0;0;1;1;0;0;0
15/09/2021;20:33:00;332;Acidente com Vítimas;700,15;Fora_Rota;Norte;Colisão lateral;2;0;0;1;0;0;0;0;0;0;2;0;1;0;0
15/09/2021;22:52:00;376;Acidente sem Vítimas;413,1;BR-040/MG;Norte;Colisão traseira;2;0;1;0;0;2;0;0;0;0;2;0;0;0;0
16/09/2021;03:07:00;61;Acidente com Vítimas;145,5;BR-040/MG;Sul;Queda de Ribanceira;1;0;0;0;0;1;0;0;0;0;4;4;0;0;0
16/09/2021;04:55:00;93;Acidente sem Vítimas;461,1;BR-040/MG;Norte;Colisão traseira;0;0;1;1;0;0;0;0;0;0;2;0;0;0;0
16/09/2021;06:09:00;104;Acidente sem Vítimas;591,83;BR-040/MG;Norte;Choque c/ Objeto Fixo;2;0;0;0;0;0;0;0;0;0;0;0;0;0;0
16/09/2021;06:40:00;116;Acidente com Vítimas;516,9;BR-040/MG;Sul;Atropelamento de Ciclista;2;0;0;0;0;0;0;0;0;0;0;0;1;0;0
16/09/2021;07:15:00;125;Acidente sem Vítimas;198,3;BR-040/MG;Norte;Colisão traseira;0;0;2;0;0;1;0;0;0;0;1;0;0;0;0
16/09/2021;07:19:00;124;Acidente sem Vítimas;514,2;BR-040/MG;Sul;Engavetamento;6;0;0;0;0;0;0;0;0;0;0;0;0;0;0
16/09/2021;07:42:00;130;Acidente sem Vítimas;599,2;BR-040/MG;Norte;Colisão traseira;2;0;0;0;0;2;0;0;0;0;0;0;0;0;0
16/09/2021;09:27:00;158;Acidente com Vítimas;462,2;BR-040/MG;Sul;Capotamento;3;0;0;0;0;0;0;0;0;0;0;1;0;0;0
16/09/2021;10:15:00;172;Acidente sem Vítimas;734,9;BR-040/MG;Norte;Colisão traseira;2;0;0;0;0;0;0;0;0;0;0;0;0;0;0
16/09/2021;10:34:00;181;Acidente sem Vítimas;612;BR-040/MG;Sul;Choque com objeto;2;0;1;0;2;1;0;0;0;0;0;0;0;0;0
16/09/2021;11:20:00;191;Acidente sem Vítimas;516,2;BR-040/MG;Norte;Capotamento;1;0;0;0;0;0;0;0;0;0;0;0;0;0;0
16/09/2021;12:01:00;199;Acidente com Vítimas;5,1;BR-040/GO;Sul;Colisão traseira;1;0;0;1;0;0;0;0;0;0;0;1;0;0;0
16/09/2021;13:27:00;217;Acidente sem Vítimas;613,5;BR-040/MG;Sul;Colisão lateral;2;0;0;0;1;1;0;0;0;0;0;0;0;0;0
16/09/2021;14:10:00;220;Acidente sem Vítimas;535,2;BR-040/MG;Norte;Engavetamento;1;0;1;0;0;1;0;0;0;0;0;0;0;0;0
16/09/2021;14:37:00;223;Acidente sem Vítimas;627,3;BR-040/MG;Sul;Colisão traseira;1;0;0;0;0;5;0;0;0;0;0;1;0;0;0
16/09/2021;15:11:00;231;Acidente com Vítimas;538,2;BR-040/MG;Sul;Tombamento de Moto;0;0;0;0;0;2;0;0;0;0;0;1;0;0;0
16/09/2021;16:25:00;255;Acidente com Vítimas;532,6;BR-040/MG;Norte;Colisão lateral;2;0;0;2;0;0;0;0;0;0;0;0;0;0;0
16/09/2021;16:48:00;261;Acidente sem Vítimas;519,5;BR-040/MG;Sul;Capotamento;1;0;0;0;0;3;0;0;0;0;0;0;0;0;0
16/09/2021;16:59:00;268;Acidente com Vítimas;527,6;BR-040/MG;Norte;Colisão traseira;2;0;0;0;0;2;0;0;0;0;0;1;0;0;0
16/09/2021;18:38:00;304;Acidente com Vítimas;469,7;BR-040/MG;Norte;Colisão traseira;2;0;1;3;0;1;0;0;0;0;1;2;0;0;0
16/09/2021;19:20:00;313;Acidente sem Vítimas;469,8;BR-040/MG;Norte;Tombamento de Moto;0;0;0;1;0;0;0;0;0;0;1;0;0;0;0
16/09/2021;20:11:00;324;Acidente sem Vítimas;14,1;BR-040/GO;Sul;Capotamento;1;0;0;0;0;0;0;0;0;0;2;0;0;0;0
17/09/2021;05:08:00;76;Acidente sem Vítimas;656,3;BR-040/MG;Sul;Tombamento;0;0;0;0;1;0;0;0;0;0;1;0;0;0;0
17/09/2021;12:33:00;218;Acidente com Vítimas;467,6;BR-040/MG;Norte;Choque c/ Objeto Fixo;1;0;0;0;0;1;0;0;0;0;1;0;0;0;0
17/09/2021;14:07:00;235;Acidente com Vítimas;10,1;BR-040/GO;Norte;Colisão transversal;0;0;0;1;0;1;0;0;0;0;0;1;0;0;0
17/09/2021;14:18:00;237;Acidente com Vítimas;632,6;BR-040/MG;Norte;Colisão transversal;4;0;0;0;0;0;0;0;0;0;2;0;1;0;0
17/09/2021;14:26:00;240;Acidente com Vítimas;532,2;BR-040/MG;Sul;Outros;4;0;0;0;0;0;0;0;0;0;0;1;0;0;0
17/09/2021;15:11:00;253;Acidente com Vítimas;17,8;BR-040/GO;Sul;Tombamento de Moto;0;0;0;1;0;0;0;0;0;0;0;0;1;0;0
17/09/2021;16:39:00;278;Acidente com Vítimas;5,5;BR-040/DF;Sul;Atropelamento de Pedestre;1;0;0;0;0;0;0;0;0;0;1;0;0;1;0
17/09/2021;19:34:00;312;Acidente com Vítimas;476,1;BR-040/MG;Norte;Colisão traseira;2;0;0;0;0;1;0;0;0;0;0;0;1;0;0
17/09/2021;19:51:00;317;Acidente sem Vítimas;653,1;BR-040/MG;Norte;Colisão traseira;1;0;0;1;0;1;0;0;0;0;3;0;0;0;0
17/09/2021;20:15:00;321;Acidente com Vítimas;75,1;BR-040/GO;Norte;Choque c/ Objeto Fixo;0;0;0;0;0;1;0;0;0;0;0;0;1;0;0
17/09/2021;20:52:00;328;Acidente sem Vítimas;27,7;BR-040/GO;Sul;Tombamento;0;0;1;0;0;0;0;0;0;0;1;0;0;0;0
17/09/2021;21:07:00;333;Acidente sem Vítimas;601,8;BR-040/MG;Sul;Atropelamento de Animal;1;0;0;0;0;0;0;0;0;0;1;0;0;0;0
17/09/2021;22:14:00;344;Acidente com Vítimas;520,9;BR-040/MG;Norte;Tombamento de Moto;0;0;0;2;0;0;0;0;0;0;0;0;0;1;0
18/09/2021;00:23:00;9;Acidente com Vítimas;403,1;BR-040/MG;Norte;Capotamento;1;0;0;0;0;0;0;0;0;0;3;1;0;0;0
18/09/2021;01:38:00;14;Acidente sem Vítimas;536,5;BR-040/MG;Norte;Colisão lateral;1;0;0;2;0;0;0;0;0;0;1;0;0;0;0
18/09/2021;02:26:00;17;Acidente com Vítimas;23,5;BR-040/MG;Sul;Colisão traseira;1;0;0;0;0;1;0;0;0;0;2;2;0;0;0
18/09/2021;05:32:00;31;Acidente sem Vítimas;131,3;BR-040/MG;Norte;Colisão traseira;1;0;1;0;1;0;0;0;0;0;2;0;0;0;0
18/09/2021;05:45:00;32;Acidente sem Vítimas;12,2;BR-040/GO;Sul;Choque c/ Objeto Fixo;1;0;0;0;0;0;0;0;0;0;0;0;0;0;0
18/09/2021;06:10:00;38;Acidente com Vítimas;61,1;BR-040/MG;Norte;Choque c/ Objeto Fixo;1;0;0;0;0;2;0;0;0;0;5;1;1;0;0
18/09/2021;08:42:00;69;Acidente sem Vítimas;91,274;BR-040/MG;Norte;Colisão traseira;0;0;0;2;2;0;0;0;0;0;2;0;0;0;0
18/09/2021;08:46:00;70;Acidente sem Vítimas;473,5;BR-040/MG;Sul;Tombamento;0;0;0;0;1;0;0;0;0;0;1;0;0;0;0
18/09/2021;10:28:00;90;Acidente com Vítimas;4,8;BR-040/GO;Norte;Queda Veículo;5;0;0;0;0;0;0;0;0;0;1;1;0;0;0
18/09/2021;16:25:00;175;Acidente sem Vítimas;1,7;BR-040/GO;Sul;Colisão traseira;3;0;0;0;0;0;0;0;0;0;2;0;0;0;0
18/09/2021;18:15:00;205;Acidente com Vítimas;5,1;BR-040/GO;Sul;Choque c/ Objeto Fixo;0;0;0;0;1;1;0;0;0;0;2;1;0;0;0
18/09/2021;19:23:00;219;Acidente sem Vítimas;7,4;BR-040/GO;Norte;Colisão traseira;2;0;0;0;0;0;0;0;0;0;5;0;0;0;0
19/09/2021;04:09:00;14;Acidente com Vítimas;41,3;BR-040/MG;Norte;Colisão frontal;3;0;0;0;0;1;0;0;0;0;0;0;0;1;0
19/09/2021;08:08:00;39;Acidente com Vítimas;617,5;BR-040/MG;Sul;Tombamento de Moto;0;0;0;1;0;0;0;0;0;0;1;1;0;0;0
19/09/2021;09:12:00;54;Acidente com Vítimas;570,3;BR-040/MG;Sul;Tombamento de Moto;0;0;0;2;0;0;0;0;0;0;1;0;0;0;0
19/09/2021;16:48:00;148;Acidente sem Vítimas;530,3;BR-040/MG;Sul;Colisão traseira;3;0;0;0;0;0;0;0;0;0;0;0;0;0;0
19/09/2021;17:04:00;157;Acidente sem Vítimas;517,5;BR-040/MG;Sul;Colisão traseira;2;0;0;0;0;0;0;0;0;0;0;0;0;0;0
19/09/2021;18:27:00;186;Acidente sem Vítimas;694,15;BR-040/MG;Norte;Colisão traseira;3;0;0;0;0;0;0;0;0;0;2;0;0;0;0
19/09/2021;18:39:00;191;Acidente Fatal;528,4;BR-040/MG;Norte;Atropelamento de Pedestre;0;0;0;1;0;0;0;0;0;0;0;0;2;0;1
19/09/2021;20:26:00;215;Acidente Fatal;145,2;BR-040/MG;Sul;Colisão transversal;1;0;1;1;1;1;0;0;0;0;2;0;0;1;1
20/09/2021;06:37:00;101;Acidente com Vítimas;2,8;BR-040/GO;Sul;Tombamento de Moto;0;0;1;1;0;0;0;0;0;0;2;0;1;0;0
20/09/2021;06:57:00;111;Acidente com Vítimas;669,933;BR-040/MG;Norte;Colisão lateral;1;0;0;0;1;1;0;0;0;0;2;1;0;0;0
20/09/2021;07:07:00;117;Acidente com Vítimas;477,5;BR-040/MG;Norte;Tombamento;0;0;0;1;0;0;0;0;0;0;0;1;0;0;0
20/09/2021;08:20:00;139;Acidente com Vítimas;533,2;BR-040/MG;Norte;Tombamento de Moto;0;0;0;1;0;0;0;0;0;0;0;1;0;0;0
20/09/2021;08:27:00;145;Acidente sem Vítimas;543,6;BR-040/MG;Norte;Colisão traseira;1;0;0;0;0;2;0;0;0;0;0;0;0;0;0
20/09/2021;09:09:00;156;Acidente Fatal;532,2;BR-040/MG;Norte;Atropelamento de Andarilho;1;0;0;0;0;1;0;0;0;0;0;0;0;0;0
20/09/2021;09:22:00;160;Acidente com Vítimas;716,9;BR-040/MG;Norte;Capotamento;1;0;0;0;0;0;0;0;0;0;1;1;0;0;0
20/09/2021;12:33:00;211;Acidente sem Vítimas;488,5;BR-040/MG;Norte;Colisão traseira;3;0;0;0;0;0;0;0;0;0;0;0;0;0;0
20/09/2021;14:06:00;225;Acidente sem Vítimas;587,9;BR-040/MG;Norte;Colisão traseira;0;0;0;0;0;0;0;0;0;0;0;0;0;0;0
20/09/2021;14:38:00;235;Acidente com Vítimas;587,7;BR-040/MG;Sul;Colisão lateral;0;0;1;0;4;2;0;0;0;0;6;1;1;0;0
20/09/2021;16:09:00;254;Acidente Fatal;60,11;BR-040/GO;Norte;Colisão frontal;3;0;3;0;0;0;0;0;0;0;3;0;0;0;1
20/09/2021;16:33:00;257;Acidente sem Vítimas;522,2;BR-040/MG;Norte;Colisão traseira;6;0;0;0;0;0;0;0;0;0;0;0;0;0;0
20/09/2021;19:26:00;293;Acidente sem Vítimas;6,5;BR-040/GO;Sul;Colisão traseira;5;0;0;0;0;0;0;0;0;0;2;0;0;0;0
20/09/2021;20:05:00;304;Acidente Fatal;281,95;BR-040/MG;Norte;Atropelamento de Pedestre;1;0;0;0;0;0;0;0;0;0;1;0;0;0;1
20/09/2021;20:22:00;306;Acidente com Vítimas;564,6;BR-040/MG;Sul;Tombamento;0;0;0;2;0;0;0;0;0;0;0;0;1;0;0
20/09/2021;23:43:00;338;Acidente sem Vítimas;494,1;BR-040/MG;Norte;Choque c/ Objeto Fixo;0;0;0;0;0;0;0;0;0;2;1;0;0;0;0
21/09/2021;00:20:00;2;Acidente sem Vítimas;661,9;BR-040/MG;Sul;Atropelamento de Animal;3;0;0;0;0;0;0;0;0;0;1;0;0;0;0
21/09/2021;07:00:00;112;Acidente sem Vítimas;540,9;BR-040/MG;Sul;Colisão traseira;2;0;0;0;0;0;0;0;0;0;2;0;0;0;0
21/09/2021;11:42:00;188;Acidente sem Vítimas;535,2;BR-040/MG;Norte;Capotamento;1;0;0;0;1;0;0;0;0;0;2;0;0;0;0
21/09/2021;15:59:00;247;Acidente Fatal;710,446;BR-040/MG;Norte;Capotamento;0;0;3;0;0;0;0;0;0;0;1;0;0;0;1
21/09/2021;17:17:00;267;Acidente com Vítimas;583,9;BR-040/MG;Norte;Colisão lateral;1;0;0;0;0;1;0;0;0;0;2;1;0;0;0
21/09/2021;20:13:00;311;Acidente sem Vítimas;484,2;BR-040/MG;Sul;Colisão lateral;2;0;0;0;0;2;0;0;0;0;2;0;0;0;0
22/09/2021;01:16:00;33;Acidente sem Vítimas;156,7;BR-040/GO;Norte;Choque c/ Objeto Fixo;0;0;0;0;0;1;0;0;0;0;1;0;0;0;0
22/09/2021;14:16:00;212;Acidente Fatal;584,56;BR-040/MG;Sul;Colisão traseira;2;0;0;0;0;2;0;0;0;0;0;0;0;1;1
23/09/2021;06:13:00;90;Acidente com Vítimas;31,25;BR-040/GO;Sul;Tombamento de Moto;1;0;0;1;0;0;0;0;0;0;1;1;0;0;0
23/09/2021;06:43:00;98;Acidente com Vítimas;6,6;BR-040/GO;Norte;Tombamento de Moto;1;0;0;1;0;0;0;0;0;0;2;1;0;0;0
23/09/2021;08:21:00;121;Acidente sem Vítimas;532,2;BR-040/MG;Sul;Colisão lateral;1;0;0;0;0;1;0;0;0;0;0;0;0;0;0
23/09/2021;10:06:00;144;Acidente sem Vítimas;2,8;BR-040/DF;Norte;Choque c/ Objeto Fixo;2;0;0;0;0;0;0;0;0;0;1;0;0;0;0
23/09/2021;10:58:00;156;Acidente sem Vítimas;640,2;BR-040/MG;Sul;Outros;1;0;0;0;0;1;0;0;0;0;2;0;0;0;0
23/09/2021;11:55:00;170;Acidente com Vítimas;468,6;BR-040/MG;Norte;Colisão traseira;1;0;1;1;0;1;0;0;0;0;0;0;0;0;0
23/09/2021;15:44:00;219;Acidente com Vítimas;31,6;BR-040/GO;Sul;Capotamento;1;0;0;0;0;1;0;0;0;0;1;0;1;0;0
23/09/2021;16:23:00;229;Acidente sem Vítimas;726,23;BR-040/MG;Norte;Queda de Ribanceira;2;0;0;0;0;0;0;0;0;0;0;0;0;0;0
23/09/2021;16:29:00;230;Acidente sem Vítimas;696,2;BR-040/MG;Sul;Outros;2;0;2;0;0;0;0;0;0;0;2;0;0;0;0
23/09/2021;20:06:00;287;Acidente sem Vítimas;741,15;BR-040/MG;Sul;Choque c/ Objeto Fixo;1;0;0;0;0;0;0;0;0;0;1;0;0;0;0
23/09/2021;21:33:00;310;Acidente com Vítimas;544,3;BR-040/MG;Norte;Tombamento;0;0;0;1;0;0;0;0;0;0;2;2;0;0;0
23/09/2021;23:18:00;328;Acidente com Vítimas;316,7;BR-040/MG;Norte;Colisão traseira;0;0;0;1;1;0;0;0;0;0;2;1;0;0;0
24/09/2021;07:16:00;119;Acidente sem Vítimas;684,2;BR-040/MG;Norte;Choque c/ Objeto Fixo;1;0;0;0;0;0;0;0;0;0;1;0;0;0;0
24/09/2021;09:45:00;177;Acidente sem Vítimas;533,2;BR-040/MG;Norte;Colisão traseira;2;0;0;0;0;0;0;0;0;0;0;0;0;0;0
24/09/2021;16:46:00;278;Acidente com Vítimas;661,2;BR-040/MG;Sul;Tombamento de Moto;0;0;0;1;0;0;0;0;0;0;0;0;1;0;0
24/09/2021;17:18:00;289;Acidente com Vítimas;569,72;BR-040/MG;Sul;Colisão transversal;2;0;0;0;0;0;0;0;0;0;2;0;0;1;0
24/09/2021;18:26:00;307;Acidente sem Vítimas;660,3;BR-040/MG;Norte;Colisão frontal;4;0;0;0;0;0;0;0;0;0;2;0;0;0;0
24/09/2021;18:44:00;314;Acidente com Vítimas;11,5;BR-040/GO;Norte;Queda Veículo;0;0;0;1;0;0;0;0;0;0;1;0;0;0;0
24/09/2021;23:21:00;384;Acidente com Vítimas;23,1;BR-040/GO;Sul;Choque c/ Objeto Fixo;3;0;0;0;0;0;0;0;0;0;0;1;0;0;0
25/09/2021;00:17:00;8;Acidente Fatal;545,1;BR-040/MG;Sul;Choque c/ Objeto Fixo;2;0;0;2;0;1;0;0;0;0;1;0;0;0;1
25/09/2021;05:39:00;52;Acidente sem Vítimas;4,1;BR-040/GO;Norte;Engavetamento;2;0;0;0;0;1;0;0;0;0;3;0;0;0;0
25/09/2021;06:50:00;66;Acidente com Vítimas;5,5;BR-040/DF;Norte;Tombamento de Moto;0;0;0;4;0;1;0;0;0;0;3;0;1;0;0
25/09/2021;07:19:00;71;Acidente sem Vítimas;25,25;BR-040/GO;Norte;Capotamento;1;0;0;0;0;0;0;0;0;0;1;0;0;0;0
25/09/2021;08:35:00;87;Acidente sem Vítimas;9,7;BR-040/GO;Norte;Choque c/ Objeto Fixo;0;0;0;0;1;0;0;0;0;0;18;0;0;0;0
25/09/2021;09:33:00;106;Acidente com Vítimas;634,5;BR-040/MG;Norte;Atropelamento de Animal;3;0;1;0;1;0;0;0;0;0;0;0;0;0;0
25/09/2021;10:11:00;111;Acidente sem Vítimas;8,23;BR-040/DF;Sul;Colisão lateral;1;0;0;0;1;0;0;0;0;0;2;0;0;0;0
25/09/2021;10:18:00;114;Acidente com Vítimas;221,7;BR-040/MG;Norte;Capotamento;0;0;0;0;0;4;0;0;0;0;3;1;2;0;0
25/09/2021;14:12:00;156;Acidente sem Vítimas;519,2;BR-040/MG;Norte;Engavetamento;1;0;0;0;0;2;0;0;0;0;3;0;0;0;0
25/09/2021;16:15:00;178;Acidente com Vítimas;623,7;BR-040/MG;Norte;Tombamento de Moto;0;0;0;2;0;0;0;0;0;0;0;0;1;0;0
25/09/2021;19:02:00;215;Acidente com Vítimas;8,15;BR-040/GO;Norte;Colisão lateral;3;0;0;2;2;0;0;0;0;0;4;0;1;0;0
26/09/2021;03:37:00;13;Acidente com Vítimas;657,95;BR-040/MG;Norte;Capotamento;2;0;0;0;0;0;0;0;0;0;1;0;0;0;0
26/09/2021;04:22:00;18;Acidente sem Vítimas;673,15;BR-040/MG;Norte;Capotamento;3;0;0;0;0;0;0;0;0;0;1;0;0;0;0
26/09/2021;06:37:00;28;Acidente sem Vítimas;2,6;BR-040/DF;Norte;Capotamento;1;0;0;0;0;1;0;0;0;0;0;0;0;0;0
26/09/2021;08:29:00;41;Acidente com Vítimas;2,78;BR-040/DF;Norte;Engavetamento;2;0;0;0;0;0;0;0;0;0;2;2;0;0;0
26/09/2021;10:22:00;59;Acidente com Vítimas;44,2;BR-040/GO;Norte;Tombamento;2;0;0;0;0;1;0;0;0;0;1;1;2;0;0
26/09/2021;10:25:00;60;Acidente sem Vítimas;470,2;BR-040/MG;Sul;Colisão traseira;0;0;0;0;1;1;0;0;0;0;2;0;0;0;0
26/09/2021;13:53:00;93;Acidente com Vítimas;751,8;BR-040/MG;Sul;Tombamento de Moto;0;0;0;1;0;0;0;0;0;0;0;0;1;0;0
26/09/2021;16:13:00;113;Acidente sem Vítimas;656,2;BR-040/MG;Sul;Colisão traseira;1;0;0;0;0;1;0;0;0;0;1;0;0;0;0
26/09/2021;16:58:00;130;Acidente sem Vítimas;487,2;BR-040/MG;Norte;Colisão lateral;2;0;1;0;0;0;0;0;0;0;2;0;0;0;0
26/09/2021;16:58:00;134;Acidente sem Vítimas;635;BR-040/MG;Norte;Colisão traseira;3;0;0;0;0;1;0;0;0;0;20;0;0;0;0