data;horario;n_da_ocorrencia;tipo_de_ocorrencia;km;trecho;sentido;tipo_de_acidente;automovel;bicicleta;caminhao;moto;onibus;outros;tracao_animal;transporte_de_cargas_especiais;trator_maquinas;utilitarios;ilesos;levemente_feridos;moderadamente_feridos;gravemente_feridos;mortos
26/09/2021;17:17:00;136;Acidente com Vítimas;508,4;BR-040/MG;Norte;Tombamento de Moto;0;0;0;1;0;0;0;0;0;0;1;1;0;0;0
26/09/2021;17:38:00;140;Acidente sem Vítimas;593,15;BR-040/MG;Norte;Choque c/ Objeto Fixo;0;0;0;0;2;1;0;0;0;0;1;0;0;0;0
26/09/2021;19:12:00;165;Acidente sem Vítimas;551,5;BR-040/MG;Norte;Colisão traseira;2;0;0;0;0;0;0;0;0;0;2;0;0;0;0
26/09/2021;20:04:00;181;Acidente com Vítimas;627,1;BR-040/MG;Sul;Atropelamento de Pedestre;1;0;0;0;0;1;0;0;0;0;1;0;0;0;0
27/09/2021;06:18:00;87;Acidente sem Vítimas;331,15;BR-040/MG;Sul;Capotamento;1;0;0;0;0;1;0;0;0;0;1;0;0;0;0
27/09/2021;06:41:00;93;Acidente com Vítimas;544,3;BR-040/MG;Sul;Tombamento de Moto;0;0;0;1;0;0;0;0;0;0;0;1;0;0;0
27/09/2021;06:53:00;97;Acidente com Vítimas;538,6;BR-040/MG;Sul;Atropelamento de Pedestre;0;0;0;1;0;1;0;0;0;0;0;0;1;0;0
27/09/2021;07:02:00;98;Acidente com Vítimas;512,2;BR-040/MG;Sul;Engavetamento;2;0;0;0;0;1;0;0;0;0;0;1;0;0;0
27/09/2021;07:20:00;106;Acidente com Vítimas;757,2;BR-040/MG;Sul;Choque c/ Objeto Fixo;1;0;0;0;0;2;0;0;0;0;1;1;0;0;0
27/09/2021;08:20:00;119;Acidente com Vítimas;510,2;BR-040/MG;Norte;Colisão lateral;1;0;0;1;0;0;0;0;0;0;0;1;0;0;0
27/09/2021;08:25:00;120;Acidente sem Vítimas;473,2;BR-040/MG;Norte;Colisão lateral;1;0;0;0;0;0;0;0;0;0;0;0;0;0;0
27/09/2021;08:50:00;124;Acidente com Vítimas;508,3;BR-040/MG;Sul;Colisão traseira;1;0;0;1;0;0;0;0;0;0;0;1;0;0;0
27/09/2021;10:43:00;154;Acidente com Vítimas;539,2;BR-040/MG;Norte;Engavetamento;0;0;5;0;0;2;0;0;0;0;0;0;2;0;0
27/09/2021;13:00:00;171;Acidente com Vítimas;537,2;BR-040/MG;Sul;Colisão traseira;1;0;0;1;0;0;0;0;0;0;0;1;0;0;0
27/09/2021;13:50:00;178;Acidente com Vítimas;634,4;BR-040/MG;Sul;Capotamento;3;0;0;0;0;0;0;0;0;0;0;1;3;0;0
27/09/2021;15:03:00;191;Acidente com Vítimas;460,2;BR-040/MG;Norte;Capotamento;2;0;0;0;0;0;0;0;0;0;0;1;0;0;0
27/09/2021;15:04:00;192;Acidente com Vítimas;145,15;BR-040/MG;Norte;Colisão transversal;2;0;0;0;0;1;0;0;0;0;2;1;0;0;0
27/09/2021;15:07:00;194;Acidente sem Vítimas;693,2;BR-040/MG;Norte;Colisão traseira;2;0;0;0;0;1;0;0;0;0;2;0;0;0;0
27/09/2021;15:36:00;202;Acidente sem Vítimas;730,2;BR-040/MG;Norte;Tombamento de Moto;4;0;0;0;0;0;0;0;0;0;1;0;0;0;0
27/09/2021;16:40:00;215;Acidente sem Vítimas;635,3;BR-040/MG;Norte;Choque c/ Objeto Fixo;1;0;0;0;0;3;0;0;0;0;0;0;0;0;0
27/09/2021;17:26:00;228;Acidente sem Vítimas;580,5;BR-040/MG;Norte;Choque c/ Objeto Fixo;1;0;0;0;0;0;0;0;0;0;1;0;0;0;0
27/09/2021;17:40:00;233;Acidente com Vítimas;138,15;BR-040/MG;Sul;Choque c/ Objeto Fixo;1;0;0;0;0;1;0;0;0;0;1;0;0;0;0
27/09/2021;17:51:00;235;Acidente sem Vítimas;526,2;BR-040/MG;Norte;Engavetamento;3;0;0;0;0;0;0;0;0;0;3;0;0;0;0
27/09/2021;18:43:00;250;Acidente sem Vítimas;527,1;BR-040/MG;Sul;Choque c/ Veículo Parado;2;0;0;0;0;0;0;0;0;0;1;0;0;0;0
27/09/2021;18:54:00;256;Acidente sem Vítimas;71,4;BR-040/GO;Norte;Tombamento;0;0;2;1;2;0;0;0;0;0;1;0;0;0;0
27/09/2021;18:58:00;257;Acidente sem Vítimas;510,1;BR-040/MG;Sul;Choque c/ Objeto Fixo;0;0;0;0;0;1;0;0;0;0;0;0;0;0;0
27/09/2021;19:00:00;258;Acidente sem Vítimas;509,5;BR-040/MG;Norte;Choque com objeto;0;0;0;0;0;3;0;0;0;0;1;0;0;0;0
27/09/2021;19:02:00;259;Acidente sem Vítimas;504,1;BR-040/MG;Norte;Choque c/ Objeto Fixo;2;0;0;0;0;1;0;0;0;0;1;0;0;0;0
27/09/2021;19:03:00;260;Acidente com Vítimas;516,2;BR-040/MG;Norte;Tombamento de Moto;0;0;0;2;0;0;0;0;0;0;0;1;0;0;0
27/09/2021;19:32:00;268;Acidente com Vítimas;509,5;BR-040/MG;Norte;Colisão traseira;2;0;2;1;0;0;0;0;0;0;1;0;1;0;0
28/09/2021;03:10:00;76;Acidente Fatal;236,5;BR-040/MG;Norte;Colisão frontal;2;0;0;0;0;3;0;0;0;0;4;0;2;1;1
28/09/2021;05:27:00;85;Acidente com Vítimas;461,1;BR-040/MG;Norte;Colisão lateral;1;0;0;0;1;0;0;0;0;0;0;2;0;0;0
28/09/2021;08:41:00;123;Acidente sem Vítimas;527,5;BR-040/MG;Norte;Colisão traseira;1;0;1;0;0;0;0;0;0;0;0;0;0;0;0
28/09/2021;10:01:00;153;Acidente com Vítimas;739,3;BR-040/MG;Norte;Tombamento;0;0;0;0;3;1;0;0;0;0;1;1;0;0;0
28/09/2021;10:12:00;155;Acidente com Vítimas;545,4;BR-040/MG;Sul;Colisão lateral;2;0;0;0;1;1;0;0;0;0;0;1;0;0;0
28/09/2021;12:47:00;183;Acidente com Vítimas;518,5;BR-040/MG;Sul;Tombamento de Moto;0;0;0;1;0;0;0;0;0;0;0;1;0;0;0
28/09/2021;13:57:00;200;Acidente sem Vítimas;532,2;BR-040/MG;Sul;Colisão traseira;1;0;0;0;0;1;0;0;0;0;0;0;0;0;0
29/09/2021;06:40:00;101;Acidente sem Vítimas;548,8;BR-040/MG;Norte;Colisão lateral;1;0;0;1;0;1;0;0;0;0;2;0;1;0;0
29/09/2021;07:05:00;107;Acidente com Vítimas;41,5;BR-040/MG;Norte;Colisão frontal;0;0;0;1;0;1;0;0;0;0;1;1;0;0;0
29/09/2021;08:14:00;132;Acidente com Vítimas;0,5;BR-040/DF;Norte;Atropelamento de Pedestre;0;0;0;0;0;1;0;0;0;0;0;2;0;0;0
29/09/2021;13:54:00;233;Acidente Fatal;637,724;BR-040/MG;Sul;Colisão frontal;0;0;1;0;2;2;0;0;0;0;1;0;1;0;1
29/09/2021;15:14:00;254;Acidente sem Vítimas;761,4;BR-040/MG;Sul;Colisão traseira;2;0;0;0;0;0;0;0;0;0;0;0;0;0;0
29/09/2021;15:53:00;268;Acidente com Vítimas;141,934;BR-040/MG;Norte;Capotamento;2;0;0;0;0;0;0;0;0;0;1;0;0;0;0
29/09/2021;17:42:00;290;Acidente com Vítimas;3,5;BR-040/GO;Sul;Atropelamento de Pedestre;1;0;0;0;0;0;0;0;0;0;0;1;0;0;0
29/09/2021;17:59:00;296;Acidente sem Vítimas;423,9;BR-040/MG;Sul;Engavetamento;3;0;0;0;0;1;0;0;0;0;3;1;0;0;0
29/09/2021;18:29:00;301;Acidente com Vítimas;5,1;BR-040/GO;Sul;Colisão transversal;1;0;0;1;0;0;0;0;0;0;2;0;2;0;0
29/09/2021;18:37:00;304;Acidente com Vítimas;544,1;BR-040/MG;Norte;Colisão lateral;1;0;0;2;1;0;0;0;0;0;1;0;0;0;0
29/09/2021;18:43:00;308;Acidente sem Vítimas;638,8;BR-040/MG;Sul;Colisão traseira;1;0;0;1;0;0;0;0;0;0;2;0;0;0;0
29/09/2021;18:46:00;309;Acidente sem Vítimas;536,3;BR-040/MG;Norte;Colisão traseira;1;0;0;0;0;1;0;0;0;0;1;1;0;0;0
29/09/2021;19:40:00;327;Acidente sem Vítimas;655,1;BR-040/MG;Norte;Choque c/ Objeto Fixo;1;0;0;0;0;0;0;0;0;0;1;0;0;0;0
29/09/2021;21:51:00;353;Acidente sem Vítimas;737,95;BR-040/MG;Norte;Choque c/ Objeto Fixo;1;0;0;0;0;1;0;0;0;0;1;0;0;0;0
01/10/2021;05:31:00;78;Acidente Fatal;13,65;BR-040/GO;Norte;Tombamento;0;0;0;1;1;0;0;0;0;0;0;0;0;0;1
01/10/2021;06:53:00;103;Acidente sem Vítimas;529,5;BR-040/MG;Norte;Colisão lateral;2;0;1;1;0;0;0;0;0;0;0;0;0;0;0
01/10/2021;07:38:00;118;Acidente Fatal;523,78;BR-040/MG;Sul;Colisão traseira;0;0;2;3;0;0;0;0;0;0;2;0;0;0;1
01/10/2021;10:09:00;160;Acidente sem Vítimas;710,28;BR-040/MG;Sul;Colisão traseira;2;0;3;0;0;0;0;0;0;0;0;0;0;0;0
01/10/2021;10:57:00;175;Acidente com Vítimas;670,2;BR-040/MG;Sul;Colisão transversal;2;0;0;0;0;0;0;0;0;0;0;0;0;0;0
01/10/2021;12:16:00;189;Acidente com Vítimas;2,8;BR-040/GO;Norte;Colisão traseira;1;0;0;1;0;1;0;0;0;0;0;1;0;0;0
01/10/2021;13:13:00;197;Acidente com Vítimas;636,2;BR-040/MG;Norte;Tombamento de Moto;0;0;0;1;0;1;0;0;0;0;0;0;0;0;0
01/10/2021;15:52:00;248;Acidente com Vítimas;671,25;BR-040/MG;Sul;Capotamento;1;0;0;0;0;0;0;0;0;0;1;3;0;0;0
01/10/2021;18:41:00;298;Acidente com Vítimas;574,8;BR-040/MG;Sul;Colisão lateral;0;0;0;2;1;0;0;0;0;0;2;2;0;0;0
01/10/2021;19:27:00;304;Acidente sem Vítimas;731,11;BR-040/MG;Sul;Choque c/ Objeto Fixo;2;0;0;0;0;0;0;0;0;0;1;0;0;0;0
01/10/2021;23:02:00;341;Acidente sem Vítimas;444,1;BR-040/MG;Sul;Colisão lateral;4;0;0;0;0;0;0;0;0;0;2;0;0;0;0
01/10/2021;23:49:00;349;Acidente sem Vítimas;517,1;BR-040/MG;Norte;Tombamento de Moto;0;0;0;0;0;1;0;0;0;0;1;0;0;0;0
02/10/2021;01:30:00;13;Acidente com Vítimas;527,1;BR-040/MG;Sul;Tombamento de Moto;0;0;0;0;0;1;0;0;0;0;0;1;0;0;0
02/10/2021;02:26:00;18;Acidente sem Vítimas;535,95;BR-040/MG;Norte;Choque c/ Objeto Fixo;2;0;0;0;0;0;0;0;0;0;1;0;0;0;0
02/10/2021;02:49:00;19;Acidente Fatal;470,5;BR-040/MG;Sul;Choque c/ Objeto Fixo;2;0;0;0;0;0;0;0;0;0;0;3;1;1;1
02/10/2021;05:37:00;27;Acidente com Vítimas;551,35;BR-040/MG;Norte;Choque c/ Objeto Fixo;4;0;0;0;0;0;0;0;0;0;0;0;3;0;0
02/10/2021;05:39:00;28;Acidente com Vítimas;0,3;BR-040/DF;Sul;Tombamento;0;0;1;0;1;0;0;0;0;0;0;0;1;0;0
02/10/2021;05:48:00;29;Acidente sem Vítimas;550,5;BR-040/MG;Sul;Colisão traseira;0;0;1;0;1;0;0;0;0;0;0;0;0;0;0
02/10/2021;05:59:00;31;Acidente sem Vítimas;660,1;BR-040/MG;Norte;Choque c/ Objeto Fixo;0;0;0;0;1;0;0;0;0;0;0;0;0;0;0
02/10/2021;06:49:00;51;Acidente sem Vítimas;656,5;BR-040/MG;Norte;Choque c/ Objeto Fixo;1;0;0;0;0;0;0;0;0;0;0;0;0;0;0
02/10/2021;08:31:00;92;Acidente com Vítimas;533,5;BR-040/MG;Sul;Colisão lateral;2;0;0;0;0;1;0;0;0;0;0;0;1;0;0
02/10/2021;10:12:00;137;Acidente sem Vítimas;525,25;BR-040/MG;Norte;Colisão traseira;1;0;1;1;0;0;0;0;0;0;0;0;0;0;0
02/10/2021;12:04:00;167;Acidente sem Vítimas;510,2;BR-040/MG;Norte;Engavetamento;6;0;0;0;0;0;0;0;0;0;0;0;0;0;0
02/10/2021;13:37:00;188;Acidente sem Vítimas;513,5;BR-040/MG;Norte;Engavetamento;5;0;0;0;0;0;0;0;0;0;0;0;0;0;0
02/10/2021;16:37:00;226;Acidente sem Vítimas;468,25;BR-040/MG;Sul;Capotamento;2;0;0;0;0;0;0;0;0;0;0;0;0;0;0
02/10/2021;16:41:00;228;Acidente sem Vítimas;659,11;BR-040/MG;Sul;Colisão traseira;1;0;0;0;0;0;0;0;0;0;1;0;0;0;0
02/10/2021;17:36:00;245;Acidente com Vítimas;567,9;BR-040/MG;Sul;Capotamento;1;0;0;0;0;0;0;0;0;0;1;0;1;0;0
02/10/2021;17:40:00;247;Acidente com Vítimas;760,983;BR-040/MG;Sul;Capotamento;1;0;0;0;0;1;0;0;0;0;1;0;0;0;0
02/10/2021;17:48:00;249;Acidente sem Vítimas;628,9;BR-040/MG;Norte;Colisão lateral;1;0;0;0;1;0;0;0;0;0;2;0;0;0;0
02/10/2021;18:08:00;251;Acidente sem Vítimas;462,35;BR-040/MG;Sul;Choque c/ Objeto Fixo;2;0;0;0;0;0;0;0;0;0;3;0;0;0;0
02/10/2021;21:45:00;285;Acidente com Vítimas;528,36;BR-040/MG;Sul;Choque c/ Objeto Fixo;1;0;0;0;0;0;0;0;0;0;1;0;0;0;0
02/10/2021;23:14:00;301;Acidente sem Vítimas;5,2;BR-040/GO;Norte;Capotamento;1;0;0;0;0;0;0;0;0;0;0;0;0;0;0
02/10/2021;23:29:00;304;Acidente sem Vítimas;655,15;BR-040/MG;Norte;Choque c/ Objeto Fixo;2;0;0;0;0;0;0;0;0;0;4;0;0;0;0
02/10/2021;23:55:00;308;Acidente sem Vítimas;2,5;BR-040/GO;Sul;Colisão traseira;2;0;0;0;0;0;0;0;0;0;2;0;0;0;0
02/10/2021;23:55:00;309;Acidente sem Vítimas;740,15;BR-040/MG;Norte;Choque c/ Objeto Fixo;2;0;0;0;0;0;0;0;0;0;3;0;0;0;0
03/10/2021;00:30:00;4;Acidente sem Vítimas;509,5;BR-040/MG;Norte;Capotamento;1;0;0;0;0;1;0;0;0;0;1;0;0;0;0
03/10/2021;00:55:00;8;Acidente Fatal;738,5;BR-040/MG;Norte;Capotamento;3;0;0;0;0;1;0;0;0;0;3;1;0;0;1
03/10/2021;01:50:00;14;Acidente com Vítimas;8,23;BR-040/GO;Sul;Capotamento;2;0;0;0;0;0;0;0;0;0;1;0;1;0;0
03/10/2021;01:52:00;12;Acidente sem Vítimas;369,3;BR-040/MG;Sul;Outros;1;0;0;0;0;1;0;0;0;0;1;0;0;0;0
03/10/2021;02:18:00;16;Acidente sem Vítimas;509,3;BR-040/MG;Sul;Atropelamento de Animal;1;0;0;0;0;0;0;0;0;0;1;0;0;0;0
03/10/2021;03:08:00;20;Acidente sem Vítimas;15,2;BR-040/GO;Norte;Choque c/ Objeto Fixo;2;0;0;0;0;0;0;0;0;0;0;0;0;0;0
03/10/2021;04:20:00;22;Acidente com Vítimas;636,15;BR-040/MG;Sul;Capotamento;0;0;0;0;0;2;0;0;0;0;1;1;0;0;0
03/10/2021;06:16:00;32;Acidente com Vítimas;537,32;BR-040/MG;Sul;Capotamento;1;0;0;0;0;1;0;0;0;0;2;0;1;0;0
03/10/2021;14:33:00;135;Acidente com Vítimas;127,3;BR-040/MG;Norte;Colisão traseira;2;0;0;0;0;0;0;0;0;0;1;1;0;0;0
03/10/2021;18:29:00;190;Acidente com Vítimas;485,1;BR-040/MG;Sul;Colisão traseira;0;0;0;2;0;1;0;0;0;0;0;0;1;0;0
03/10/2021;18:37:00;193;Acidente com Vítimas;146,8;BR-040/MG;Norte;Colisão traseira;1;0;0;0;0;2;0;0;0;0;0;0;1;0;0
03/10/2021;18:40:00;194;Acidente com Vítimas;375,5;BR-040/MG;Sul;Tombamento de Moto;0;0;0;1;0;0;0;0;0;0;0;1;0;0;0
03/10/2021;20:15:00;216;Acidente sem Vítimas;446,1;BR-040/MG;Sul;Choque c/ Objeto Fixo;2;0;0;0;0;0;0;0;0;0;1;0;0;0;0
03/10/2021;20:24:00;220;Acidente sem Vítimas;544,1;BR-040/MG;Sul;Colisão traseira;1;0;0;0;0;5;0;0;0;0;2;0;0;0;0
03/10/2021;20:34:00;225;Acidente sem Vítimas;213,23;BR-040/MG;Norte;Choque c/ Objeto Fixo;2;0;0;0;0;0;0;0;0;0;0;0;0;0;0
03/10/2021;21:15:00;235;Acidente com Vítimas;761,1;BR-040/MG;Norte;Colisão transversal;3;0;0;0;0;0;0;0;0;0;2;2;1;0;0
03/10/2021;22:50:00;246;Acidente com Vítimas;7,2;BR-040/GO;Sul;Colisão lateral;0;0;0;1;0;1;0;0;0;0;0;0;1;0;0
03/10/2021;23:34:00;251;Acidente sem Vítimas;762,5;BR-040/MG;Norte;Choque c/ Objeto Fixo;1;0;0;0;0;0;0;0;0;0;1;0;0;0;0
04/10/2021;02:30:00;81;Acidente com Vítimas;422,5;BR-040/MG;Sul;Capotamento;1;0;0;0;0;2;0;0;0;0;2;0;1;0;0
04/10/2021;02:54:00;83;Acidente sem Vítimas;115,5;BR-040/GO;Norte;Atropelamento de Animal;0;0;0;0;0;1;0;0;0;0;3;0;0;0;0
04/10/2021;05:46:00;128;Acidente sem Vítimas;717,1;BR-040/MG;Norte;Capotamento;1;0;0;0;0;0;0;0;0;0;1;0;0;0;0
04/10/2021;06:21:00;136;Acidente com Vítimas;712,5;BR-040/MG;Norte;Choque c/ Objeto Fixo;1;0;0;0;0;0;0;0;0;0;1;1;0;0;0
04/10/2021;06:27:00;144;Acidente sem Vítimas;747,5;BR-040/MG;Sul;Choque c/ Objeto Fixo;2;0;0;0;0;0;0;0;0;0;1;0;0;0;0
04/10/2021;07:00:00;151;Acidente com Vítimas;70,3;BR-040/MG;Norte;Outros;1;0;0;0;0;0;0;0;0;0;1;1;0;0;0
04/10/2021;07:33:00;164;Acidente sem Vítimas;737,8;BR-040/MG;Norte;Colisão traseira;3;0;0;0;0;0;0;0;0;0;3;0;0;0;0
04/10/2021;07:41:00;167;Acidente com Vítimas;741,5;BR-040/MG;Norte;Colisão frontal;1;0;0;0;0;0;0;0;0;1;2;3;1;0;0
04/10/2021;08:44:00;183;Acidente sem Vítimas;300,1;BR-040/MG;Norte;Choque c/ Objeto Fixo;1;0;0;0;0;0;0;0;0;0;1;0;0;0;0
04/10/2021;08:48:00;187;Acidente com Vítimas;715,3;BR-040/MG;Sul;Tombamento;0;0;1;0;0;0;0;0;0;0;1;0;0;0;0
04/10/2021;09:02:00;192;Acidente sem Vítimas;413;BR-040/MG;Norte;Colisão transversal;3;0;0;0;0;0;0;0;0;0;0;0;0;0;0
04/10/2021;09:36:00;204;Acidente com Vítimas;656,2;BR-040/MG;Norte;Choque c/ Objeto Fixo;1;0;0;0;0;0;0;0;0;0;1;1;0;0;0
04/10/2021;10:19:00;219;Acidente sem Vítimas;544,2;BR-040/MG;Norte;Colisão transversal;3;0;0;0;0;0;0;0;0;0;1;0;0;0;0
04/10/2021;10:58:00;231;Acidente com Vítimas;366,4;BR-040/MG;Norte;Colisão transversal;2;0;1;0;0;0;0;0;0;0;1;0;0;1;0
04/10/2021;11:22:00;234;Acidente com Vítimas;532,2;BR-040/MG;Sul;Tombamento de Moto;0;0;0;1;0;0;0;0;0;0;1;1;0;0;0
04/10/2021;11:49:00;245;Acidente com Vítimas;6,8;BR-040/GO;Sul;Atropelamento de Pedestre;0;0;1;0;0;0;0;0;0;0;0;1;0;0;0
04/10/2021;12:04:00;253;Acidente com Vítimas;529,5;BR-040/MG;Sul;Tombamento de Moto;1;0;0;1;0;0;0;0;0;0;0;0;1;0;0
04/10/2021;12:26:00;257;Acidente sem Vítimas;699,7;BR-040/MG;Norte;Colisão traseira;1;0;0;0;0;2;0;0;0;0;2;0;0;0;0
04/10/2021;20:41:00;374;Acidente sem Vítimas;743,8;BR-040/MG;Norte;Tombamento;0;0;2;0;0;0;0;0;0;0;1;0;0;0;0
04/10/2021;21:46:00;385;Acidente com Vítimas;6,3;BR-040/DF;Sul;Capotamento;1;0;0;0;0;0;0;0;0;0;0;0;1;0;0
05/10/2021;08:40:00;154;Acidente sem Vítimas;562;BR-040/MG;Sul;Choque com objeto;1;0;0;1;0;1;0;0;0;0;1;0;0;0;0
05/10/2021;12:05:00;203;Acidente com Vítimas;531,8;BR-040/MG;Sul;Colisão traseira;2;0;0;1;0;1;0;0;0;0;1;0;1;0;0
05/10/2021;13:10:00;213;Acidente sem Vítimas;532,3;BR-040/MG;Sul;Colisão traseira;2;0;2;0;0;0;0;0;0;0;2;0;0;0;0
05/10/2021;18:38:00;288;Acidente sem Vítimas;540,9;BR-040/MG;Norte;Colisão lateral;0;0;0;0;1;1;0;0;0;0;1;0;0;0;0
05/10/2021;18:48:00;291;Acidente com Vítimas;535,75;BR-040/MG;Norte;Colisão traseira;1;0;0;2;0;1;0;0;0;0;3;1;0;0;0
05/10/2021;19:37:00;302;Acidente sem Vítimas;11,8;BR-040/GO;Norte;Colisão transversal;2;0;0;0;0;1;0;0;0;0;2;0;0;0;0
05/10/2021;21:53:00;323;Acidente sem Vítimas;94,2;BR-040/MG;Norte;Atropelamento de Animal;1;0;0;0;0;0;0;0;0;0;1;0;0;0;0
05/10/2021;21:55:00;324;Acidente com Vítimas;0,8;BR-040/GO;Sul;Atropelamento de Ciclista;1;0;0;0;0;0;0;0;0;0;1;1;0;0;0
06/10/2021;01:03:00;13;Acidente sem Vítimas;123,23;BR-040/GO;Norte;Capotamento;0;0;0;0;0;2;0;0;0;0;1;0;0;0;0
06/10/2021;03:44:00;74;Acidente com Vítimas;140,12;BR-040/MG;Norte;Atropelamento de Animal;1;0;0;0;0;1;0;0;0;0;1;0;0;0;0
06/10/2021;04:29:00;81;Acidente sem Vítimas;19,7;BR-040/GO;Norte;Choque c/ Objeto Fixo;0;0;2;0;0;0;0;0;0;0;1;1;0;0;0
06/10/2021;05:36:00;83;Acidente sem Vítimas;5,7;BR-040/DF;Sul;Colisão lateral;1;0;0;0;1;0;0;0;0;0;2;0;0;0;0
06/10/2021;05:50:00;85;Acidente com Vítimas;549,1;BR-040/MG;Sul;Colisão traseira;2;0;1;0;0;0;0;0;0;0;2;1;0;0;0
06/10/2021;07:36:00;116;Acidente sem Vítimas;546,1;BR-040/MG;Sul;Colisão traseira;5;0;0;0;0;0;0;0;0;0;2;0;0;0;0
06/10/2021;08:04:00;122;Acidente com Vítimas;664,2;BR-040/MG;Sul;Tombamento de Moto;0;0;0;1;0;0;0;0;0;0;0;1;0;0;0
06/10/2021;09:48:00;150;Acidente com Vítimas;623,3;BR-040/MG;Sul;Colisão lateral;0;0;1;2;0;1;0;0;0;0;0;0;0;0;0
06/10/2021;10:16:00;153;Acidente com Vítimas;315,1;BR-040/MG;Sul;Colisão frontal;1;0;0;0;3;0;0;0;0;0;4;0;0;0;0
06/10/2021;10:18:00;154;Acidente sem Vítimas;219,5;BR-040/MG;Sul;Choque c/ Objeto Fixo;1;0;0;0;0;0;0;0;0;0;1;0;0;0;0
06/10/2021;11:46:00;168;Acidente sem Vítimas;533,3;BR-040/MG;Norte;Colisão lateral;1;0;3;0;1;0;0;0;0;0;2;0;0;0;0
06/10/2021;11:50:00;170;Acidente sem Vítimas;615,2;BR-040/MG;Sul;Colisão lateral;2;0;2;0;0;0;0;0;0;0;0;0;0;0;0
06/10/2021;12:40:00;177;Acidente com Vítimas;567,5;Fora_Rota;Sul;Capotamento;1;0;0;0;0;0;0;0;0;0;1;0;1;0;0
06/10/2021;15:50:00;231;Acidente com Vítimas;590,9;BR-040/MG;Norte;Tombamento;1;1;0;0;1;0;0;0;0;0;1;0;1;0;0
06/10/2021;22:04:00;300;Acidente sem Vítimas;656,15;BR-040/MG;Sul;Colisão traseira;1;0;1;0;0;0;0;0;0;0;3;0;0;0;0
06/10/2021;23:52:00;306;Acidente Fatal;669,9;BR-040/MG;Sul;Colisão transversal;1;0;1;0;1;1;0;0;0;0;3;0;0;0;2
07/10/2021;06:31:00;88;Acidente sem Vítimas;656,7;BR-040/MG;Norte;Tombamento;1;0;0;0;0;1;0;0;0;0;2;0;0;0;0
07/10/2021;07:28:00;106;Acidente sem Vítimas;585,2;BR-040/MG;Norte;Colisão traseira;0;0;0;0;0;3;0;0;0;0;2;0;0;0;0
07/10/2021;07:56:00;118;Acidente sem Vítimas;643,5;BR-040/MG;Sul;Colisão transversal;1;0;3;0;0;0;0;0;0;0;2;0;0;0;0
07/10/2021;08:05:00;125;Acidente sem Vítimas;544,5;BR-040/MG;Sul;Colisão traseira;0;0;0;0;0;3;0;0;0;0;0;0;0;0;0
07/10/2021;08:15:00;124;Acidente sem Vítimas;731,2;BR-040/MG;Sul;Choque c/ Objeto Fixo;1;0;0;0;0;0;0;0;0;0;1;0;0;0;0
07/10/2021;08:17:00;126;Acidente sem Vítimas;730,4;BR-040/MG;Norte;Choque c/ Objeto Fixo;1;0;0;0;0;0;0;0;0;0;1;0;0;0;0
07/10/2021;08:38:00;131;Acidente com Vítimas;2,5;BR-040/GO;Norte;Colisão lateral;2;0;0;1;0;0;0;0;0;0;2;1;0;0;0
07/10/2021;12:17:00;184;Acidente sem Vítimas;38,9;BR-040/MG;Norte;Colisão traseira;2;0;0;0;0;1;0;0;0;0;2;0;0;0;0
07/10/2021;12:44:00;190;Acidente com Vítimas;7,8;BR-040/GO;Norte;Colisão transversal;2;0;0;0;0;0;0;0;0;0;0;0;2;0;0
07/10/2021;16:12:00;235;Acidente Fatal;235,7;BR-040/MG;Norte;Colisão frontal;0;0;0;2;3;2;0;0;0;0;0;0;1;0;2
07/10/2021;17:06:00;246;Acidente sem Vítimas;216,8;BR-040/MG;Norte;Choque c/ Objeto Fixo;2;0;0;0;0;2;0;0;0;0;1;0;0;0;0
07/10/2021;18:00:00;261;Acidente com Vítimas;702,9;BR-040/MG;Sul;Colisão frontal;1;0;0;2;0;1;0;0;0;0;2;0;0;0;0
07/10/2021;18:09:00;264;Acidente sem Vítimas;277,9;BR-040/MG;Sul;Colisão transversal;2;0;0;0;0;0;0;0;0;0;5;0;0;0;0
07/10/2021;18:36:00;271;Acidente com Vítimas;1,2;BR-040/GO;Sul;Atropelamento de Pedestre;0;0;0;1;0;1;0;0;0;0;0;0;1;0;0
07/10/2021;20:01:00;291;Acidente com Vítimas;730,3;BR-040/MG;Norte;Choque c/ Objeto Fixo;0;0;2;0;1;1;0;0;0;0;0;1;0;0;0
07/10/2021;20:02:00;289;Acidente sem Vítimas;97,5;BR-040/GO;Sul;Atropelamento de Animal;1;0;0;0;0;0;0;0;0;0;2;0;0;0;0
07/10/2021;22:01:00;308;Acidente com Vítimas;748,3;BR-040/MG;Norte;Atropelamento de Pedestre;0;0;0;2;0;0;0;0;0;0;1;2;0;0;0
07/10/2021;22:11:00;311;Acidente sem Vítimas;421,1;BR-040/MG;Sul;Colisão lateral;0;0;1;1;0;1;0;0;0;0;2;0;0;0;0
07/10/2021;22:26:00;313;Acidente com Vítimas;711,9;BR-040/MG;Norte;Tombamento de Moto;0;0;0;1;0;0;0;0;0;0;1;0;0;0;0
07/10/2021;22:46:00;317;Acidente sem Vítimas;73,8;BR-040/GO;Norte;Choque c/ Objeto Fixo;0;0;0;0;2;1;0;0;0;0;0;0;0;0;0
08/10/2021;00:13:00;4;Acidente sem Vítimas;545,15;BR-040/MG;Sul;Choque c/ Objeto Fixo;2;0;0;0;0;0;0;0;0;0;1;0;0;0;0
08/10/2021;03:00:00;37;Acidente com Vítimas;0,6;BR-040/DF;Sul;Colisão traseira;3;0;0;0;0;0;0;0;0;0;1;1;0;0;0
08/10/2021;09:22:00;187;Acidente sem Vítimas;7,5;BR-040/GO;Sul;Colisão traseira;1;0;1;0;0;0;0;0;0;0;2;0;0;0;0
08/10/2021;12:32:00;229;Acidente sem Vítimas;521;BR-040/MG;Norte;Tombamento de Moto;1;0;0;1;0;1;0;0;0;0;0;0;0;0;0