data;horario;n_da_ocorrencia;tipo_de_ocorrencia;km;trecho;sentido;tipo_de_acidente;automovel;bicicleta;caminhao;moto;onibus;outros;tracao_animal;transporte_de_cargas_especiais;trator_maquinas;utilitarios;ilesos;levemente_feridos;moderadamente_feridos;gravemente_feridos;mortos
08/10/2021;12:46:00;232;Acidente sem Vítimas;48,86;BR-040/GO;Norte;Colisão traseira;0;0;0;0;2;1;0;0;0;0;2;0;0;0;0
08/10/2021;13:21:00;243;Acidente sem Vítimas;361,3;BR-040/MG;Sul;Choque c/ Objeto Fixo;1;0;0;0;0;0;0;0;0;0;1;0;0;0;0
08/10/2021;13:42:00;250;Acidente com Vítimas;542,2;BR-040/MG;Sul;Colisão traseira;0;0;0;1;0;0;0;0;0;0;0;1;0;0;0
08/10/2021;15:46:00;283;Acidente com Vítimas;542,9;BR-040/MG;Norte;Colisão lateral;2;0;0;0;0;0;0;0;0;0;4;0;1;0;0
08/10/2021;16:34:00;296;Acidente sem Vítimas;449,3;BR-040/MG;Norte;Colisão traseira;3;0;0;0;0;0;0;0;0;0;2;0;0;0;0
08/10/2021;16:42:00;297;Acidente com Vítimas;536,3;BR-040/MG;Norte;Tombamento de Moto;0;0;0;1;0;0;0;0;0;0;0;0;0;0;0
08/10/2021;17:47:00;312;Acidente com Vítimas;494,3;BR-040/MG;Sul;Colisão traseira;1;0;1;0;0;0;0;0;0;0;3;0;0;2;0
08/10/2021;17:58:00;315;Acidente sem Vítimas;4,15;BR-040/GO;Sul;Choque c/ Objeto Fixo;2;0;0;0;0;0;0;0;0;0;0;0;0;0;0
08/10/2021;19:20:00;344;Acidente Fatal;670,9;BR-040/MG;Norte;Colisão transversal;1;0;0;1;0;1;0;0;0;0;3;0;0;0;1
08/10/2021;19:40:00;358;Acidente sem Vítimas;768,87;BR-040/MG;Sul;Choque com objeto;2;0;0;1;0;0;0;0;0;0;1;0;0;0;0
08/10/2021;21:26:00;376;Acidente sem Vítimas;413,3;BR-040/MG;Norte;Colisão transversal;0;0;2;0;0;2;0;0;0;0;2;0;0;0;0
08/10/2021;22:44:00;398;Acidente sem Vítimas;538,1;BR-040/MG;Norte;Capotamento;1;0;0;0;0;0;0;0;0;0;1;0;0;0;0
09/10/2021;01:15:00;19;Acidente sem Vítimas;737,8;BR-040/MG;Norte;Choque c/ Objeto Fixo;1;0;0;0;0;0;0;0;0;0;1;0;0;0;0
09/10/2021;02:00:00;25;Acidente sem Vítimas;70,29;BR-040/GO;Sul;Choque c/ Objeto Fixo;3;0;0;0;0;0;0;0;0;0;0;0;0;0;0
09/10/2021;03:55:00;35;Acidente com Vítimas;732,8;BR-040/MG;Sul;Capotamento;2;0;0;0;0;0;0;0;0;0;4;0;0;0;0
09/10/2021;04:56:00;61;Acidente sem Vítimas;739,5;BR-040/MG;Norte;Choque c/ Objeto Fixo;1;0;0;0;0;0;0;0;0;0;1;0;0;0;0
09/10/2021;05:04:00;63;Acidente com Vítimas;701,1;BR-040/MG;Sul;Tombamento de Moto;0;0;0;3;0;0;0;0;0;0;1;0;1;0;0
09/10/2021;05:43:00;67;Acidente sem Vítimas;552,1;BR-040/MG;Norte;Choque c/ Objeto Fixo;0;0;0;0;1;1;0;0;0;0;1;0;0;0;0
09/10/2021;05:55:00;69;Acidente Fatal;501,8;BR-040/MG;Sul;Atropelamento de Pedestre;1;0;1;0;0;0;0;0;0;0;3;0;0;0;1
09/10/2021;06:02:00;70;Acidente sem Vítimas;737,1;BR-040/MG;Norte;Choque com objeto;1;0;0;0;0;0;0;0;0;0;1;0;0;0;0
09/10/2021;06:12:00;73;Acidente sem Vítimas;717,9;BR-040/MG;Sul;Capotamento;1;0;0;0;0;0;0;0;0;0;4;0;0;0;0
09/10/2021;06:18:00;87;Acidente sem Vítimas;731,7;BR-040/MG;Sul;Choque c/ Objeto Fixo;2;0;0;0;0;0;0;0;0;0;0;0;0;0;0
09/10/2021;06:23:00;76;Acidente sem Vítimas;738,625;BR-040/MG;Sul;Choque c/ Objeto Fixo;2;0;0;0;0;0;0;0;0;0;0;0;0;0;0
09/10/2021;06:39:00;80;Acidente com Vítimas;112,7;BR-040/MG;Norte;Tombamento;0;0;1;0;0;2;0;0;0;0;1;1;0;0;0
09/10/2021;06:51:00;82;Acidente com Vítimas;15,9;BR-040/GO;Sul;Capotamento;1;0;0;0;0;0;0;0;0;0;1;0;0;0;0
09/10/2021;08:39:00;111;Acidente sem Vítimas;730,2;BR-040/MG;Sul;Choque c/ Objeto Fixo;1;0;0;0;0;0;0;0;0;0;0;0;0;0;0
09/10/2021;09:25:00;123;Acidente sem Vítimas;710;BR-040/MG;Sul;Capotamento;1;0;0;0;0;1;0;0;0;0;0;0;0;0;0
09/10/2021;10:12:00;133;Acidente com Vítimas;750,3;BR-040/MG;Sul;Capotamento;1;0;0;0;0;1;0;0;0;0;0;0;0;0;0
09/10/2021;10:26:00;136;Acidente sem Vítimas;547,1;BR-040/MG;Sul;Engavetamento;3;0;0;0;0;1;0;0;0;0;3;0;0;0;0
09/10/2021;19:00:00;148;Acidente Fatal;419,25;BR-040/MG;Sul;Colisão frontal;1;0;0;0;0;1;0;0;0;0;0;2;1;0;1
09/10/2021;21:49:00;149;Acidente sem Vítimas;7;BR-040/GO;Norte;Choque c/ Objeto Fixo;1;0;0;0;0;1;0;0;0;0;1;0;0;0;0
09/10/2021;22:58:00;158;Acidente com Vítimas;121,95;BR-040/MG;Sul;Choque c/ Objeto Fixo;1;0;0;0;0;0;0;0;0;0;1;4;0;0;0
09/10/2021;23:47:00;164;Acidente sem Vítimas;444,1;BR-040/MG;Sul;Tombamento;0;0;2;0;0;0;0;0;0;0;1;0;0;0;0
10/10/2021;01:36:00;11;Acidente sem Vítimas;706,15;BR-040/MG;Sul;Choque c/ Objeto Fixo;2;0;0;0;0;0;0;0;0;0;1;0;0;0;0
10/10/2021;01:41:00;12;Acidente sem Vítimas;501,1;BR-040/MG;Sul;Tombamento;0;0;1;1;0;0;0;0;0;0;1;0;0;0;0
10/10/2021;02:27:00;18;Acidente Fatal;755,15;BR-040/MG;Sul;Tombamento;0;0;0;0;3;0;0;0;0;0;44;8;1;0;1
10/10/2021;02:59:00;19;Acidente com Vítimas;0,3;BR-040/GO;Norte;Outros;3;0;0;0;0;0;0;0;0;0;3;3;1;0;0
10/10/2021;05:31:00;24;Acidente sem Vítimas;634,8;BR-040/MG;Sul;Queda de Ribanceira;1;0;0;0;0;0;0;0;0;0;1;0;0;0;0
10/10/2021;06:23:00;28;Acidente sem Vítimas;699,4;BR-040/MG;Norte;Choque c/ Objeto Fixo;1;0;0;0;0;1;0;0;0;0;0;0;0;0;0
10/10/2021;06:45:00;32;Acidente sem Vítimas;701,4;BR-040/MG;Norte;Choque c/ Objeto Fixo;2;0;0;0;0;0;0;0;0;0;0;0;0;0;0
10/10/2021;06:52:00;34;Acidente sem Vítimas;459,1;BR-040/MG;Sul;Choque com objeto;3;0;0;0;0;0;0;0;0;0;1;0;0;0;0
10/10/2021;07:20:00;39;Acidente sem Vítimas;736,952;BR-040/MG;Sul;Choque c/ Objeto Fixo;1;0;0;0;0;0;0;0;0;0;0;0;0;0;0
10/10/2021;07:44:00;42;Acidente sem Vítimas;179,2;BR-040/MG;Sul;Choque c/ Objeto Fixo;1;0;0;0;0;0;0;0;0;0;0;0;0;0;0
10/10/2021;08:29:00;54;Acidente sem Vítimas;697,2;BR-040/MG;Norte;Choque c/ Objeto Fixo;1;0;0;0;0;0;0;0;0;0;0;0;0;0;0
10/10/2021;08:49:00;61;Acidente com Vítimas;459,1;BR-040/MG;Sul;Outros;0;0;0;0;2;0;0;0;0;0;1;1;0;0;0
10/10/2021;09:02:00;64;Acidente com Vítimas;656,5;BR-040/MG;Sul;Choque com objeto;1;0;0;0;0;0;0;0;0;0;0;0;0;0;0
10/10/2021;09:30:00;71;Acidente sem Vítimas;729,23;BR-040/MG;Sul;Choque c/ Objeto Fixo;1;0;0;0;0;0;0;0;0;0;0;0;0;0;0
10/10/2021;09:37:00;73;Acidente sem Vítimas;521,8;BR-040/MG;Norte;Choque com objeto;2;0;0;0;0;0;0;0;0;0;4;0;0;0;0
10/10/2021;09:49:00;76;Acidente sem Vítimas;279,8;BR-040/MG;Norte;Capotamento;1;0;0;0;0;1;0;0;0;0;5;0;0;0;0
10/10/2021;10:23:00;79;Acidente sem Vítimas;738,5;BR-040/MG;Sul;Engavetamento;3;0;0;0;0;0;0;0;0;0;0;0;0;0;0
10/10/2021;11:28:00;97;Acidente com Vítimas;730,45;BR-040/MG;Norte;Choque c/ Objeto Fixo;1;0;0;0;0;1;0;0;0;0;0;1;0;0;0
10/10/2021;11:29:00;94;Acidente sem Vítimas;320,4;BR-040/MG;Norte;Colisão frontal;1;0;1;0;1;0;0;0;0;0;2;0;0;0;0
10/10/2021;14:00:00;133;Acidente com Vítimas;754,4;BR-040/MG;Sul;Colisão frontal;5;0;0;0;0;0;0;0;0;0;0;2;1;0;0
10/10/2021;14:15:00;137;Acidente sem Vítimas;511,1;BR-040/MG;Norte;Engavetamento;2;0;0;2;0;1;0;0;0;0;5;0;0;0;0
10/10/2021;14:20:00;139;Acidente com Vítimas;2,5;BR-040/GO;Norte;Colisão lateral;1;0;0;1;0;0;0;0;0;0;2;0;0;0;0
10/10/2021;14:29:00;142;Acidente sem Vítimas;749,2;BR-040/MG;Sul;Choque c/ Objeto Fixo;1;0;0;0;0;0;0;0;0;0;0;0;0;0;0
10/10/2021;15:12:00;151;Acidente sem Vítimas;497,1;BR-040/MG;Sul;Colisão traseira;2;0;0;0;0;0;0;0;0;0;2;0;0;0;0
10/10/2021;16:37:00;168;Acidente sem Vítimas;69,9;BR-040/GO;Sul;Capotamento;1;0;0;0;0;1;0;0;0;0;4;0;0;0;0
10/10/2021;17:11:00;178;Acidente sem Vítimas;19,15;BR-040/GO;Norte;Choque c/ Objeto Fixo;2;0;0;0;0;0;0;0;0;0;1;0;0;0;0
10/10/2021;19:01:00;213;Acidente sem Vítimas;517,8;BR-040/MG;Norte;Engavetamento;2;0;0;0;0;1;0;0;0;0;3;0;0;0;0
10/10/2021;19:19:00;215;Acidente sem Vítimas;0,3;BR-040/DF;Sul;Choque com objeto;1;0;0;0;0;0;0;0;0;0;1;0;0;0;0
10/10/2021;19:21:00;216;Acidente com Vítimas;513,1;BR-040/MG;Norte;Colisão lateral;0;0;0;1;0;0;0;0;0;0;1;0;0;0;0
10/10/2021;19:27:00;217;Acidente com Vítimas;5,15;BR-040/GO;Sul;Capotamento;1;0;0;0;0;1;0;0;0;0;1;0;0;0;0
10/10/2021;19:29:00;219;Acidente com Vítimas;489,5;BR-040/MG;Norte;Colisão lateral;1;0;0;1;0;0;0;0;0;0;2;0;0;0;0
10/10/2021;20:03:00;222;Acidente com Vítimas;284,15;BR-040/MG;Sul;Colisão traseira;1;0;0;0;2;0;0;0;0;0;2;0;0;0;0
10/10/2021;21:16:00;234;Acidente sem Vítimas;12,15;BR-040/GO;Norte;Capotamento;1;0;0;0;0;0;0;0;0;0;1;0;0;0;0
10/10/2021;21:51:00;239;Acidente sem Vítimas;1,15;BR-040/MG;Sul;Capotamento;1;0;0;0;0;0;0;0;0;0;1;0;0;0;0
10/10/2021;22:12:00;240;Acidente sem Vítimas;41,2;BR-040/MG;Norte;Choque c/ Objeto Fixo;2;0;0;0;0;0;0;0;0;0;1;0;0;0;0
10/10/2021;23:22:00;247;Acidente Fatal;601,75;BR-040/MG;Sul;Atropelamento de Andarilho;0;0;1;0;0;1;0;0;0;0;1;0;0;0;1
11/10/2021;03:54:00;35;Acidente sem Vítimas;590,8;BR-040/MG;Norte;Choque c/ Objeto Fixo;0;0;0;0;1;0;0;0;0;0;1;0;0;0;0
11/10/2021;05:28:00;45;Acidente com Vítimas;639,35;BR-040/MG;Norte;Capotamento;1;0;0;0;0;1;0;0;0;0;1;1;0;0;0
11/10/2021;07:23:00;71;Acidente Fatal;635,3;BR-040/MG;Norte;Colisão lateral;4;0;0;0;0;0;0;0;0;0;3;0;1;0;1
11/10/2021;08:03:00;82;Acidente sem Vítimas;7,25;BR-040/DF;Norte;Choque c/ Objeto Fixo;1;0;0;0;0;1;0;0;0;0;1;0;0;0;0
11/10/2021;08:09:00;86;Acidente sem Vítimas;629,2;BR-040/MG;Norte;Engavetamento;3;0;0;0;1;1;0;0;0;0;4;0;0;0;0
11/10/2021;08:38:00;98;Acidente sem Vítimas;500,5;BR-040/MG;Norte;Choque c/ Objeto Fixo;4;0;0;0;0;0;0;0;0;0;2;0;0;0;0
11/10/2021;08:46:00;100;Acidente sem Vítimas;633,5;BR-040/MG;Norte;Capotamento;4;0;0;0;0;0;0;0;0;0;2;0;0;0;0
11/10/2021;10:19:00;127;Acidente com Vítimas;638,5;BR-040/MG;Sul;Capotamento;1;0;0;0;0;0;0;0;0;0;1;0;0;1;0
11/10/2021;10:50:00;138;Acidente sem Vítimas;556,3;BR-040/MG;Sul;Choque c/ Objeto Fixo;0;0;3;0;0;0;0;0;0;0;0;0;0;0;0
11/10/2021;12:14:00;157;Acidente sem Vítimas;584,5;BR-040/MG;Sul;Choque c/ Objeto Fixo;1;0;0;0;0;0;0;0;0;0;2;0;0;0;0
11/10/2021;12:29:00;164;Acidente sem Vítimas;635,3;BR-040/MG;Norte;Choque c/ Objeto Fixo;2;0;0;0;0;0;0;0;0;0;1;0;0;0;0
11/10/2021;12:34:00;166;Acidente sem Vítimas;510,5;BR-040/MG;Norte;Capotamento;0;0;0;0;0;2;0;0;0;0;1;0;0;0;0
11/10/2021;12:41:00;170;Acidente sem Vítimas;469,22;BR-040/MG;Norte;Choque c/ Objeto Fixo;3;0;0;0;0;0;0;0;0;0;0;0;0;0;0
11/10/2021;12:47:00;171;Acidente sem Vítimas;590,4;BR-040/MG;Norte;Choque c/ Objeto Fixo;0;0;0;0;1;1;0;0;0;0;1;0;0;0;0
11/10/2021;13:06:00;177;Acidente sem Vítimas;732,7;BR-040/MG;Norte;Choque c/ Objeto Fixo;2;0;0;0;0;0;0;0;0;0;1;0;0;0;0
11/10/2021;13:30:00;182;Acidente sem Vítimas;591,7;BR-040/MG;Norte;Tombamento;0;0;0;0;0;1;0;0;0;0;1;0;0;0;0
11/10/2021;14:08:00;194;Acidente com Vítimas;739,3;BR-040/MG;Norte;Colisão frontal;2;0;0;0;0;1;0;0;0;0;0;2;2;0;0
11/10/2021;14:12:00;197;Acidente sem Vítimas;638,7;BR-040/MG;Sul;Choque c/ Objeto Fixo;3;0;0;0;0;0;0;0;0;0;1;0;0;0;0
11/10/2021;14:35:00;201;Acidente sem Vítimas;487,35;BR-040/MG;Sul;Colisão lateral;1;0;0;0;0;1;0;0;0;0;0;0;0;0;0
11/10/2021;14:46:00;204;Acidente sem Vítimas;588,388;BR-040/MG;Norte;Tombamento;0;0;0;0;0;2;0;0;0;0;1;0;0;0;0
11/10/2021;14:57:00;208;Acidente sem Vítimas;699,11;BR-040/MG;Sul;Choque c/ Objeto Fixo;3;0;0;0;0;0;0;0;0;0;0;0;0;0;0
11/10/2021;16:10:00;229;Acidente sem Vítimas;729,32;BR-040/MG;Sul;Choque c/ Objeto Fixo;0;0;1;0;0;0;0;0;0;0;1;0;0;0;0
11/10/2021;16:27:00;236;Acidente sem Vítimas;731,9;BR-040/MG;Sul;Choque c/ Objeto Fixo;1;0;0;0;0;0;0;0;0;0;2;0;0;0;0
11/10/2021;17:33:00;257;Acidente com Vítimas;399,4;BR-040/MG;Sul;Choque c/ Objeto Fixo;0;0;0;0;0;2;0;0;0;0;4;1;0;0;0
11/10/2021;19:06:00;281;Acidente sem Vítimas;508,1;BR-040/MG;Norte;Colisão traseira;0;2;0;0;0;1;0;0;0;0;2;0;0;0;0
11/10/2021;19:16:00;283;Acidente sem Vítimas;519,1;BR-040/MG;Sul;Choque c/ Objeto Fixo;2;0;0;0;0;0;0;0;0;0;1;0;0;0;0
11/10/2021;19:32:00;288;Acidente sem Vítimas;500,11;BR-040/MG;Sul;Choque c/ Objeto Fixo;1;0;0;0;0;1;0;0;0;0;1;0;0;0;0
11/10/2021;19:40:00;289;Acidente com Vítimas;10,1;BR-040/GO;Norte;Colisão transversal;4;0;1;0;0;0;0;0;0;0;2;0;0;0;0
11/10/2021;19:47:00;291;Acidente sem Vítimas;509,1;BR-040/MG;Norte;Engavetamento;2;0;0;0;0;2;0;0;0;0;2;0;0;0;0
11/10/2021;20:01:00;296;Acidente com Vítimas;338,4;BR-040/MG;Sul;Colisão frontal;1;0;1;0;0;0;0;0;0;0;1;0;0;1;0
11/10/2021;20:05:00;297;Acidente com Vítimas;514,1;BR-040/MG;Sul;Colisão traseira;0;0;0;0;0;3;0;0;0;0;0;0;0;0;0
11/10/2021;21:51:00;315;Acidente sem Vítimas;448,1;BR-040/MG;Sul;Choque c/ Objeto Fixo;1;0;0;0;0;0;0;0;0;0;1;0;0;0;0
11/10/2021;22:58:00;329;Acidente sem Vítimas;517,2;BR-040/MG;Sul;Atropelamento de Animal;1;0;0;0;0;1;0;0;0;0;0;0;1;0;0
11/10/2021;23:10:00;331;Acidente sem Vítimas;257,7;BR-040/MG;Sul;Choque c/ Objeto Fixo;1;0;0;0;0;0;0;0;0;0;1;0;0;0;0
11/10/2021;23:36:00;335;Acidente com Vítimas;544,1;BR-040/MG;Norte;Colisão lateral;0;0;1;0;1;1;0;0;0;0;2;1;0;0;0
12/10/2021;02:01:00;11;Acidente sem Vítimas;568,1;BR-040/MG;Norte;Colisão lateral;0;0;3;0;0;1;0;0;0;0;2;0;0;0;0
12/10/2021;03:38:00;19;Acidente sem Vítimas;155,2;BR-040/GO;Norte;Choque c/ Objeto Fixo;1;0;0;0;0;0;0;0;0;0;2;0;0;0;0
12/10/2021;09:49:00;87;Acidente com Vítimas;741,1;BR-040/MG;Sul;Colisão traseira;1;0;1;0;0;1;0;0;0;0;0;1;0;0;0
12/10/2021;10:33:00;95;Acidente sem Vítimas;730,5;BR-040/MG;Norte;Choque c/ Objeto Fixo;1;0;0;0;0;0;0;0;0;0;0;0;0;0;0
12/10/2021;11:53:00;118;Acidente sem Vítimas;718,5;BR-040/MG;Sul;Choque c/ Objeto Fixo;1;0;0;0;0;1;0;0;0;0;0;2;0;0;0
12/10/2021;15:56:00;188;Acidente sem Vítimas;727,5;BR-040/MG;Norte;Capotamento;1;0;0;0;0;0;0;0;0;0;0;1;0;0;0
12/10/2021;16:05:00;192;Acidente sem Vítimas;466;BR-040/MG;Sul;Colisão traseira;2;0;0;0;0;1;0;0;0;0;0;0;0;0;0
12/10/2021;17:32:00;222;Acidente com Vítimas;749,1;BR-040/MG;Sul;Capotamento;2;0;0;0;0;0;0;0;0;0;0;1;0;0;0
12/10/2021;18:00:00;237;Acidente sem Vítimas;730,4;BR-040/MG;Norte;Choque com objeto;1;0;0;0;0;0;0;0;0;0;0;0;0;0;0
12/10/2021;18:12:00;246;Acidente com Vítimas;147,5;BR-040/MG;Sul;Choque com objeto;2;0;0;0;0;1;0;0;0;0;2;0;0;0;0
12/10/2021;18:35:00;250;Acidente Fatal;471,58;BR-040/MG;Sul;Atropelamento de Andarilho;2;0;0;0;0;0;0;0;0;0;3;0;0;0;1
12/10/2021;19:34:00;262;Acidente Fatal;12,6;BR-040/GO;Norte;Atropelamento de Pedestre;1;0;0;0;0;0;0;0;0;0;2;0;0;0;1
12/10/2021;20:08:00;270;Acidente sem Vítimas;263,8;BR-040/MG;Sul;Colisão transversal;3;0;2;0;1;0;0;0;0;0;3;0;0;0;0
12/10/2021;20:48:00;283;Acidente sem Vítimas;730,2;BR-040/MG;Norte;Colisão lateral;1;0;0;0;0;1;0;0;0;0;4;0;0;0;0
12/10/2021;23:08:00;305;Acidente com Vítimas;1,8;BR-040/GO;Norte;Colisão lateral;0;0;0;2;0;1;0;0;3;0;2;0;0;0;0
12/10/2021;23:39:00;312;Acidente com Vítimas;614,8;BR-040/MG;Sul;Colisão traseira;2;0;0;1;0;1;0;0;0;0;0;0;0;1;0
13/10/2021;00:12:00;4;Acidente sem Vítimas;461,2;BR-040/MG;Sul;Choque c/ Objeto Fixo;4;0;0;0;0;0;0;0;0;0;1;0;0;0;0
13/10/2021;00:14:00;6;Acidente sem Vítimas;522,4;BR-040/MG;Sul;Colisão lateral;2;0;0;0;0;1;0;0;0;0;1;0;0;0;0
13/10/2021;05:42:00;95;Acidente com Vítimas;545,45;BR-040/MG;Sul;Colisão lateral;1;0;0;0;1;1;0;0;0;0;3;1;0;0;0
13/10/2021;09:22:00;145;Acidente com Vítimas;4,5;BR-040/DF;Norte;Colisão traseira;2;0;0;0;0;1;0;0;0;0;2;1;0;0;0
13/10/2021;11:22:00;184;Acidente com Vítimas;628,4;BR-040/MG;Sul;Colisão lateral;2;0;0;1;0;0;0;0;0;0;0;1;0;0;0
13/10/2021;14:02:00;224;Acidente sem Vítimas;535,5;BR-040/MG;Sul;Colisão traseira;2;0;1;0;1;0;0;0;0;0;2;0;0;0;0
13/10/2021;14:08:00;226;Acidente sem Vítimas;509,1;BR-040/MG;Norte;Colisão lateral;1;0;0;0;0;2;0;0;0;0;2;0;0;0;0
13/10/2021;14:38:00;236;Acidente sem Vítimas;509,15;BR-040/MG;Norte;Colisão transversal;1;0;0;0;0;1;0;0;0;0;2;0;1;0;0
13/10/2021;16:01:00;259;Acidente sem Vítimas;580,3;BR-040/MG;Sul;Choque c/ Objeto Fixo;2;0;0;0;0;0;0;0;0;0;0;0;0;0;0
13/10/2021;18:00:00;288;Acidente sem Vítimas;545,15;BR-040/MG;Norte;Colisão traseira;2;0;0;0;0;0;0;0;0;0;8;0;0;0;0
13/10/2021;18:52:00;307;Acidente sem Vítimas;510,15;BR-040/MG;Norte;Engavetamento;6;0;0;0;0;0;0;0;0;0;1;0;0;0;0
13/10/2021;19:13:00;314;Acidente com Vítimas;5,1;BR-040/MG;Sul;Queda Veículo;0;0;0;1;0;0;0;0;0;0;1;1;0;0;0
13/10/2021;19:25:00;318;Acidente sem Vítimas;281,5;BR-040/MG;Sul;Tombamento;1;0;0;0;0;0;0;0;0;0;1;0;0;0;0
13/10/2021;19:28:00;319;Acidente com Vítimas;527,15;BR-040/MG;Norte;Atropelamento de Andarilho;0;0;0;1;0;0;0;0;0;0;1;0;0;2;0
14/10/2021;06:45:00;128;Acidente com Vítimas;512,456;BR-040/MG;Sul;Engavetamento;3;0;0;0;0;0;0;0;0;0;3;1;0;0;0
14/10/2021;07:27:00;140;Acidente sem Vítimas;47,5;BR-040/GO;Sul;Colisão frontal;1;0;0;0;1;0;0;0;0;0;1;0;0;0;0
14/10/2021;07:40:00;143;Acidente sem Vítimas;473,3;BR-040/MG;Norte;Tombamento;0;0;0;0;1;0;0;0;0;0;1;0;0;0;0
14/10/2021;10:18:00;195;Acidente sem Vítimas;597,2;BR-040/MG;Norte;Choque c/ Objeto Fixo;0;0;0;0;0;1;0;0;0;0;0;0;0;0;0
14/10/2021;10:18:00;198;Acidente sem Vítimas;620,6;BR-040/MG;Norte;Choque c/ Objeto Fixo;1;0;0;0;0;1;0;0;0;0;0;0;0;0;0
14/10/2021;11:15:00;209;Acidente sem Vítimas;2,9;BR-040/GO;Norte;Capotamento;2;0;0;0;0;0;0;0;0;0;2;0;0;0;0
14/10/2021;12:11:00;221;Acidente sem Vítimas;57,6;BR-040/GO;Norte;Colisão traseira;0;0;1;1;0;0;0;0;0;0;2;0;0;0;0
14/10/2021;14:05:00;250;Acidente sem Vítimas;627,2;BR-040/MG;Norte;Colisão transversal;0;0;2;0;0;1;0;0;0;0;0;0;0;0;0
14/10/2021;15:44:00;276;Acidente sem Vítimas;657,5;BR-040/MG;Sul;Tombamento;0;0;1;0;2;0;0;0;0;0;1;0;0;0;0
14/10/2021;16:46:00;285;Acidente sem Vítimas;19,5;BR-040/GO;Norte;Colisão lateral;1;0;2;0;0;0;0;0;0;0;2;0;0;0;0
14/10/2021;17:39:00;297;Acidente com Vítimas;533,4;BR-040/MG;Norte;Colisão traseira;1;0;0;1;2;0;0;0;0;0;38;1;1;0;0
14/10/2021;22:08:00;363;Acidente sem Vítimas;603,1;BR-040/MG;Norte;Choque c/ Objeto Fixo;1;0;0;0;0;0;0;0;0;0;1;0;0;0;0
15/10/2021;03:38:00;71;Acidente com Vítimas;674,2;BR-040/MG;Sul;Tombamento;0;0;0;0;2;1;0;0;0;0;1;1;0;0;0
15/10/2021;06:58:00;104;Acidente com Vítimas;7,5;BR-040/GO;Norte;Colisão traseira;1;0;0;1;0;0;0;0;0;0;1;0;1;0;0
15/10/2021;10:58:00;192;Acidente sem Vítimas;4,65;BR-040/GO;Norte;Engavetamento;8;0;0;0;0;1;0;0;0;0;4;0;0;0;0
15/10/2021;16:58:00;278;Acidente sem Vítimas;107,1;BR-040/GO;Sul;Choque c/ Objeto Fixo;1;0;0;0;0;0;0;0;0;0;2;0;0;0;0
15/10/2021;19:43:00;331;Acidente sem Vítimas;601,2;BR-040/MG;Sul;Colisão com veículo da concessionária;1;0;0;0;0;1;0;0;0;0;0;0;0;0;0
15/10/2021;21:06:00;352;Acidente com Vítimas;292,5;BR-040/MG;Sul;Queda Veículo;0;0;0;2;0;0;0;0;0;0;1;1;0;0;0
15/10/2021;22:11:00;367;Acidente sem Vítimas;14,1;BR-040/MG;Sul;Colisão transversal;0;0;0;0;3;2;0;0;0;0;5;0;0;0;0
15/10/2021;22:42:00;370;Acidente com Vítimas;137,1;BR-040/MG;Norte;Choque com objeto;2;0;0;0;0;1;0;0;0;0;1;1;0;0;0
16/10/2021;03:56:00;72;Acidente com Vítimas;509,6;BR-040/MG;Norte;Capotamento;2;0;0;0;0;0;0;0;0;0;1;0;1;0;0
16/10/2021;04:23:00;73;Acidente com Vítimas;8,1;BR-040/DF;Sul;Atropelamento de Pedestre;0;0;0;0;0;1;0;0;0;0;1;0;1;0;0
16/10/2021;07:33:00;96;Acidente sem Vítimas;618,1;BR-040/MG;Norte;Colisão traseira;5;0;0;0;0;0;0;0;0;0;3;0;0;0;0
16/10/2021;08:41:00;115;Acidente com Vítimas;739,2;BR-040/MG;Norte;Tombamento de Moto;0;0;0;1;0;0;0;0;0;0;1;1;0;0;0
16/10/2021;08:55:00;120;Acidente sem Vítimas;576,99;BR-040/MG;Sul;Colisão lateral;1;0;0;0;0;1;0;0;0;0;2;0;0;0;0
16/10/2021;10:54:00;147;Acidente sem Vítimas;736,8;BR-040/MG;Sul;Choque c/ Objeto Fixo;1;0;0;0;0;1;0;0;0;0;1;0;0;0;0
16/10/2021;11:18:00;150;Acidente sem Vítimas;717,3;BR-040/MG;Sul;Choque c/ Objeto Fixo;1;0;0;0;0;0;0;0;0;0;1;0;0;0;0
16/10/2021;11:18:00;152;Acidente com Vítimas;761,2;BR-040/MG;Norte;Colisão traseira;2;0;0;0;0;1;0;0;0;0;2;1;1;0;0
16/10/2021;16:46:00;214;Acidente com Vítimas;646,5;BR-040/MG;Sul;Colisão transversal;2;0;0;0;0;0;0;0;0;0;0;3;0;0;0
16/10/2021;16:50:00;215;Acidente com Vítimas;751,6;BR-040/MG;Sul;Tombamento de Moto;0;0;0;2;0;0;0;0;0;0;0;1;0;0;0
16/10/2021;20:58:00;261;Acidente sem Vítimas;536,8;BR-040/MG;Sul;Atropelamento de Animal;0;0;0;0;0;2;0;0;0;0;1;0;0;0;0
16/10/2021;21:50:00;273;Acidente com Vítimas;520,1;BR-040/MG;Sul;Capotamento;1;0;0;0;0;2;0;0;0;0;0;1;0;1;0
17/10/2021;08:36:00;42;Acidente sem Vítimas;6,1;BR-040/DF;Norte;Colisão traseira;0;0;0;1;0;1;0;0;0;0;2;0;0;0;0
17/10/2021;09:54:00;54;Acidente sem Vítimas;684,35;BR-040/MG;Sul;Choque c/ Objeto Fixo;2;0;0;0;0;0;0;0;0;0;0;0;0;0;0
17/10/2021;12:24:00;79;Acidente sem Vítimas;656,2;BR-040/MG;Norte;Choque c/ Objeto Fixo;1;0;0;0;0;0;0;0;0;0;0;0;0;0;0
17/10/2021;12:26:00;81;Acidente sem Vítimas;735,6;BR-040/MG;Norte;Capotamento;1;0;0;0;0;0;0;0;0;0;1;0;0;0;0
17/10/2021;12:57:00;90;Acidente sem Vítimas;510;BR-040/MG;Sul;Colisão traseira;2;0;0;0;0;1;0;0;0;0;2;0;0;0;0