data;horario;n_da_ocorrencia;tipo_de_ocorrencia;km;trecho;sentido;tipo_de_acidente;automovel;bicicleta;caminhao;moto;onibus;outros;tracao_animal;transporte_de_cargas_especiais;trator_maquinas;utilitarios;ilesos;levemente_feridos;moderadamente_feridos;gravemente_feridos;mortos
17/10/2021;15:47:00;120;Acidente sem Vítimas;545;BR-040/MG;Norte;Choque c/ Objeto Fixo;2;0;0;0;0;0;0;0;0;0;1;0;0;0;0
17/10/2021;15:57:00;121;Acidente sem Vítimas;557;BR-040/MG;Sul;Choque c/ Objeto Fixo;2;0;0;0;0;0;0;0;0;0;1;0;0;0;0
17/10/2021;16:35:00;136;Acidente com Vítimas;533,35;BR-040/MG;Sul;Colisão lateral;0;0;0;1;0;1;0;0;0;0;2;1;0;0;0
17/10/2021;16:48:00;145;Acidente com Vítimas;721,3;BR-040/MG;Sul;Tombamento de Moto;0;0;0;0;0;2;0;0;0;0;0;0;1;0;0
17/10/2021;17:22:00;153;Acidente sem Vítimas;461,1;BR-040/MG;Norte;Colisão traseira;3;0;0;0;0;0;0;0;0;0;2;0;0;0;0
17/10/2021;17:44:00;158;Acidente sem Vítimas;86,6;BR-040/GO;Norte;Capotamento;1;0;0;0;0;0;0;0;0;0;4;0;0;0;0
17/10/2021;18:17:00;168;Acidente sem Vítimas;356,15;BR-040/MG;Norte;Tombamento de Moto;0;0;0;1;0;0;0;0;0;0;1;1;0;0;0
17/10/2021;23:52:00;216;Acidente com Vítimas;225,15;BR-040/MG;Sul;Atropelamento de Pedestre;0;0;0;0;0;1;0;0;0;0;0;0;1;0;0
18/10/2021;01:32:00;38;Acidente com Vítimas;633,9;BR-040/MG;Norte;Tombamento de Moto;0;0;0;1;0;0;0;0;0;0;1;0;0;0;0
18/10/2021;05:22:00;71;Acidente sem Vítimas;1,6;BR-040/GO;Norte;Queda Veículo;0;0;0;0;0;1;0;0;0;0;1;0;0;0;0
18/10/2021;06:51:00;86;Acidente com Vítimas;451,8;BR-040/MG;Sul;Tombamento;0;0;2;0;0;0;0;0;0;0;1;3;1;0;0
18/10/2021;07:39:00;103;Acidente sem Vítimas;451,5;BR-040/MG;Sul;Colisão traseira;1;0;0;0;0;1;0;0;0;0;2;0;0;0;0
18/10/2021;07:59:00;113;Acidente Fatal;735,6;BR-040/MG;Sul;Colisão frontal;1;0;1;0;1;0;0;0;0;0;0;0;0;0;0
18/10/2021;08:26:00;117;Acidente com Vítimas;544,1;BR-040/MG;Norte;Colisão traseira;2;0;0;1;0;0;0;0;0;0;2;1;0;0;0
18/10/2021;12:44:00;166;Acidente sem Vítimas;5,4;BR-040/DF;Sul;Colisão traseira;1;0;0;0;1;0;0;0;0;0;2;0;0;0;0
18/10/2021;14:00:00;183;Acidente sem Vítimas;643,2;BR-040/MG;Norte;Capotamento;0;0;0;0;0;1;0;0;0;0;0;0;0;0;0
18/10/2021;15:08:00;193;Acidente sem Vítimas;730,3;BR-040/MG;Norte;Tombamento de Moto;0;0;0;1;0;1;0;0;0;0;0;1;0;0;0
18/10/2021;18:19:00;244;Acidente com Vítimas;550,15;BR-040/MG;Norte;Tombamento de Moto;0;0;0;1;0;0;0;0;0;0;1;0;0;0;0
18/10/2021;18:58:00;251;Acidente sem Vítimas;509,15;BR-040/MG;Norte;Choque c/ Objeto Fixo;1;0;0;0;0;0;0;0;0;0;1;0;0;0;0
18/10/2021;19:02:00;256;Acidente com Vítimas;601,9;BR-040/MG;Sul;Colisão frontal;2;0;2;0;0;2;0;0;0;0;5;0;0;1;0
18/10/2021;19:48:00;270;Acidente sem Vítimas;517,3;BR-040/MG;Norte;Queda Veículo;1;0;0;0;0;1;0;0;0;0;1;0;0;0;0
18/10/2021;20:02:00;275;Acidente sem Vítimas;516,72;BR-040/MG;Norte;Queda Veículo;2;0;0;0;0;0;0;0;0;0;1;0;0;0;0
18/10/2021;20:36:00;285;Acidente com Vítimas;504,4;BR-040/MG;Sul;Colisão traseira;0;0;1;0;1;1;0;0;0;0;2;0;0;0;0
18/10/2021;21:44:00;302;Acidente com Vítimas;537,5;BR-040/MG;Norte;Tombamento de Moto;1;0;0;0;0;0;0;0;0;0;1;0;1;0;0
18/10/2021;22:41:00;312;Acidente sem Vítimas;74,3;BR-040/GO;Norte;Queda de Ribanceira;2;0;0;0;0;0;0;0;0;0;2;0;0;0;0
18/10/2021;22:56:00;314;Acidente sem Vítimas;517;BR-040/MG;Norte;Colisão traseira;2;0;0;0;1;0;0;0;0;0;2;0;0;0;0
19/10/2021;01:42:00;30;Acidente sem Vítimas;41,1;BR-040/GO;Sul;Choque com objeto;0;0;0;0;0;1;0;0;0;0;1;0;0;0;0
19/10/2021;07:47:00;125;Acidente com Vítimas;519;BR-040/MG;Sul;Colisão lateral;1;0;0;1;0;1;0;0;0;0;1;0;1;0;0
19/10/2021;07:58:00;126;Acidente sem Vítimas;719,25;BR-040/MG;Norte;Choque c/ Objeto Fixo;1;0;0;0;0;0;0;0;0;0;0;0;0;0;0
19/10/2021;08:04:00;130;Acidente sem Vítimas;524,9;BR-040/MG;Sul;Colisão traseira;4;0;0;0;0;0;0;0;0;0;0;0;0;0;0
19/10/2021;08:30:00;140;Acidente com Vítimas;5,8;BR-040/DF;Sul;Colisão traseira;0;1;0;1;0;0;0;0;0;0;0;1;0;0;0
19/10/2021;10:06:00;172;Acidente sem Vítimas;496;BR-040/MG;Norte;Colisão traseira;1;0;1;0;0;1;0;0;0;0;0;0;0;0;0
19/10/2021;11:21:00;195;Acidente sem Vítimas;732,1;BR-040/MG;Sul;Choque c/ Objeto Fixo;0;0;0;0;0;1;0;0;0;0;1;0;0;0;0
19/10/2021;12:05:00;206;Acidente com Vítimas;24,2;BR-040/GO;Norte;Colisão transversal;1;0;0;1;0;0;0;0;0;0;2;1;0;0;0
19/10/2021;12:14:00;207;Acidente com Vítimas;8,9;BR-040/GO;Sul;Colisão lateral;0;1;0;1;0;0;0;0;0;0;1;1;0;0;0
19/10/2021;14:24:00;235;Acidente sem Vítimas;618,27;BR-040/MG;Norte;Colisão traseira;1;0;0;0;1;1;0;0;0;0;2;1;0;0;0
19/10/2021;14:28:00;237;Acidente sem Vítimas;593,2;BR-040/MG;Norte;Choque c/ Objeto Fixo;2;0;0;0;0;2;0;0;0;0;3;0;0;0;0
19/10/2021;16:24:00;269;Acidente sem Vítimas;0,6;BR-040/DF;Sul;Colisão transversal;2;0;0;1;0;0;0;0;0;0;1;0;1;0;0
19/10/2021;17:00:00;277;Acidente sem Vítimas;554,2;BR-040/MG;Norte;Colisão lateral;1;0;0;0;0;0;0;0;0;1;1;0;0;0;0
19/10/2021;17:39:00;279;Acidente com Vítimas;470,5;BR-040/MG;Sul;Choque c/ Objeto Fixo;0;0;0;0;0;2;0;0;0;0;0;1;0;0;0
19/10/2021;18:25:00;302;Acidente sem Vítimas;466,3;BR-040/MG;Norte;Choque c/ Objeto Fixo;0;0;0;0;0;1;0;0;0;0;0;0;0;0;0
19/10/2021;18:52:00;305;Acidente sem Vítimas;482,1;BR-040/MG;Norte;Choque c/ Objeto Fixo;1;0;0;0;0;0;0;0;0;0;1;0;0;0;0
19/10/2021;19:20:00;311;Acidente sem Vítimas;455,1;BR-040/MG;Norte;Choque c/ Objeto Fixo;1;0;0;0;0;0;0;0;0;0;1;0;0;0;0
19/10/2021;19:50:00;318;Acidente sem Vítimas;456,1;BR-040/MG;Sul;Choque c/ Objeto Fixo;1;0;0;0;0;0;0;0;0;0;1;0;0;0;0
19/10/2021;20:50:00;313;Acidente com Vítimas;133,5;BR-040/MG;Norte;Choque com objeto;1;0;0;0;0;0;0;0;0;0;1;1;0;0;0
19/10/2021;21:00:00;315;Acidente sem Vítimas;2,1;BR-040/GO;Norte;Choque com objeto;1;0;0;0;0;0;0;0;0;0;1;0;0;0;0
20/10/2021;06:30:00;114;Acidente com Vítimas;517,5;BR-040/MG;Sul;Colisão lateral;2;0;0;4;0;0;0;0;0;0;0;1;0;0;0
20/10/2021;07:42:00;134;Acidente sem Vítimas;70,1;BR-040/MG;Sul;Colisão traseira;1;0;1;0;0;0;0;0;0;0;1;0;0;0;0
20/10/2021;09:38:00;168;Acidente sem Vítimas;531,3;BR-040/MG;Sul;Colisão traseira;2;0;0;0;0;1;0;0;0;0;0;0;0;0;0
20/10/2021;10:36:00;186;Acidente sem Vítimas;677,7;BR-040/MG;Norte;Capotamento;1;0;0;0;0;1;0;0;0;0;1;0;0;0;0
20/10/2021;12:14:00;210;Acidente sem Vítimas;696,9;BR-040/MG;Norte;Outros;1;0;0;0;0;2;0;0;0;0;0;0;0;0;0
20/10/2021;14:49:00;253;Acidente sem Vítimas;498;BR-040/MG;Sul;Colisão lateral;2;0;0;0;1;0;0;0;0;0;0;0;0;0;0
20/10/2021;15:15:00;257;Acidente sem Vítimas;611,15;Fora_Rota;Norte;Colisão traseira;1;0;0;0;0;1;0;0;0;0;2;0;0;0;0
20/10/2021;15:56:00;276;Acidente sem Vítimas;642,5;BR-040/MG;Norte;Colisão traseira;1;0;1;0;0;0;0;0;0;0;2;0;0;0;0
20/10/2021;18:37:00;323;Acidente sem Vítimas;761,1;BR-040/MG;Norte;Colisão transversal;2;0;0;0;0;0;0;0;0;0;2;0;0;0;0
20/10/2021;19:02:00;330;Acidente com Vítimas;8,5;BR-040/GO;Sul;Colisão traseira;1;0;0;2;0;0;0;0;0;0;1;0;1;0;0
21/10/2021;00:40:00;36;Acidente sem Vítimas;533,6;BR-040/MG;Sul;Colisão traseira;6;0;0;1;0;0;0;0;0;0;3;0;0;0;0
21/10/2021;06:44:00;111;Acidente com Vítimas;542,75;BR-040/MG;Norte;Tombamento;0;0;0;0;0;2;0;0;0;0;1;1;0;0;0
21/10/2021;07:34:00;127;Acidente com Vítimas;542,458;BR-040/MG;Sul;Colisão lateral;1;0;0;1;0;0;0;0;0;0;2;1;0;0;0
21/10/2021;07:40:00;130;Acidente sem Vítimas;752,65;BR-040/MG;Sul;Choque c/ Objeto Fixo;1;0;0;0;0;0;0;0;0;0;0;0;0;0;0
21/10/2021;07:42:00;131;Acidente sem Vítimas;748,6;BR-040/MG;Sul;Choque c/ Objeto Fixo;1;0;0;0;0;0;0;0;0;0;0;0;0;0;0
21/10/2021;07:59:00;136;Acidente sem Vítimas;6,7;BR-040/MG;Norte;Colisão traseira;9;0;0;0;0;0;0;0;0;0;1;0;0;0;0
21/10/2021;11:25:00;176;Acidente com Vítimas;759,65;BR-040/MG;Norte;Tombamento de Moto;0;0;0;2;0;0;0;0;0;0;0;1;0;0;0
21/10/2021;16:43:00;242;Acidente Fatal;3,3;BR-040/DF;Norte;Colisão lateral;0;0;0;2;0;1;0;0;0;0;2;0;0;0;1
21/10/2021;18:10:00;263;Acidente com Vítimas;549,1;BR-040/MG;Norte;Tombamento de Moto;0;0;0;1;0;0;0;0;0;0;1;0;1;0;0
21/10/2021;19:15:00;283;Acidente sem Vítimas;533,15;BR-040/MG;Norte;Colisão lateral;1;0;0;1;0;0;0;0;0;0;2;1;0;0;0
21/10/2021;19:45:00;290;Acidente com Vítimas;12,5;BR-040/MG;Norte;Tombamento;0;0;0;0;2;1;0;0;0;0;2;1;0;0;0
21/10/2021;20:34:00;303;Acidente sem Vítimas;524,15;BR-040/MG;Norte;Colisão traseira;2;0;0;0;0;1;0;0;0;0;2;0;0;0;0
22/10/2021;06:28:00;88;Acidente com Vítimas;9,15;BR-040/GO;Norte;Tombamento de Moto;0;0;0;1;0;0;0;0;0;0;1;1;0;0;0
22/10/2021;06:34:00;87;Acidente sem Vítimas;529,6;BR-040/MG;Sul;Colisão traseira;2;0;0;2;0;0;0;0;0;0;2;1;0;0;0
22/10/2021;07:30:00;107;Acidente sem Vítimas;717,2;BR-040/MG;Norte;Capotamento;1;0;0;0;0;0;0;0;0;0;0;0;0;0;0
22/10/2021;08:10:00;118;Acidente sem Vítimas;522,3;BR-040/MG;Sul;Colisão traseira;0;0;0;0;1;1;0;0;0;0;2;0;0;0;0
22/10/2021;11:12:00;170;Acidente com Vítimas;581,2;BR-040/MG;Norte;Colisão transversal;2;0;0;0;0;0;0;0;0;0;0;1;0;0;0
22/10/2021;14:53:00;215;Acidente com Vítimas;602;BR-040/MG;Norte;Colisão traseira;1;0;0;0;0;3;0;0;0;0;0;1;0;0;0
22/10/2021;15:11:00;219;Acidente Fatal;68,5;BR-040/GO;Norte;Colisão frontal;4;0;0;0;0;0;0;0;0;0;3;0;0;3;5
22/10/2021;17:32:00;238;Acidente com Vítimas;553,15;BR-040/MG;Sul;Colisão traseira;1;0;0;0;0;1;0;0;0;0;2;1;0;0;0
22/10/2021;18:46:00;254;Acidente com Vítimas;477,1;BR-040/MG;Norte;Colisão traseira;0;0;0;1;0;2;0;0;0;0;0;1;0;0;0
22/10/2021;19:02:00;257;Acidente com Vítimas;180,8;BR-040/MG;Norte;Colisão lateral;3;0;1;0;0;1;0;0;0;0;13;1;0;0;0
22/10/2021;19:46:00;269;Acidente com Vítimas;628,1;BR-040/MG;Sul;Colisão traseira;1;0;0;1;1;0;0;0;0;0;3;1;0;0;0
22/10/2021;23:25:00;312;Acidente com Vítimas;1;BR-040/GO;Norte;Colisão frontal;2;0;0;1;0;0;0;0;0;0;2;1;0;0;0
22/10/2021;23:55:00;320;Acidente com Vítimas;502,1;BR-040/MG;Norte;Colisão lateral;1;0;0;0;0;1;0;0;0;0;0;0;1;0;0
23/10/2021;02:27:00;33;Acidente Fatal;638,2;BR-040/MG;Norte;Choque c/ Objeto Fixo;0;0;0;1;0;0;0;0;0;0;1;0;0;1;1
23/10/2021;08:02:00;103;Acidente sem Vítimas;528,3;BR-040/MG;Sul;Capotamento;2;0;0;0;0;0;0;0;0;0;1;0;0;0;0
23/10/2021;09:04:00;114;Acidente sem Vítimas;483,3;BR-040/MG;Norte;Colisão traseira;2;0;0;0;0;1;0;0;0;0;1;0;0;0;0
23/10/2021;13:54:00;182;Acidente Fatal;523,416;BR-040/MG;Norte;Colisão lateral;0;0;0;1;2;1;0;0;0;0;2;0;0;0;1
23/10/2021;16:44:00;210;Acidente sem Vítimas;128,2;BR-040/GO;Sul;Choque c/ Objeto Fixo;2;0;0;0;0;0;0;0;0;0;3;0;0;0;0
23/10/2021;17:39:00;219;Acidente com Vítimas;523,2;BR-040/MG;Sul;Capotamento;1;0;0;0;0;0;0;0;0;0;1;0;0;0;0
23/10/2021;21:33:00;259;Acidente sem Vítimas;737,489;BR-040/MG;Sul;Choque c/ Objeto Fixo;0;0;1;1;0;0;0;0;0;0;1;0;0;0;0
23/10/2021;22:18:00;266;Acidente sem Vítimas;521,5;BR-040/MG;Norte;Capotamento;0;0;0;0;0;2;0;0;0;0;2;0;0;0;0
23/10/2021;22:28:00;267;Acidente sem Vítimas;413,15;BR-040/MG;Sul;Atropelamento de Animal;2;0;0;0;0;0;0;0;0;0;1;0;0;0;0
23/10/2021;22:33:00;268;Acidente com Vítimas;714,44;BR-040/MG;Sul;Tombamento de Moto;0;0;0;1;0;0;0;0;0;0;1;0;0;0;0
23/10/2021;22:34:00;269;Acidente sem Vítimas;593,3;BR-040/MG;Sul;Choque c/ Objeto Fixo;2;0;0;0;0;0;0;0;0;0;2;0;0;0;0
23/10/2021;23:29:00;274;Acidente sem Vítimas;509,6;BR-040/MG;Sul;Colisão traseira;1;0;1;0;0;1;0;0;0;0;2;0;0;2;0
24/10/2021;04:03:00;16;Acidente Fatal;509,7;BR-040/MG;Norte;Choque c/ Objeto Fixo;2;0;0;0;0;1;0;0;0;0;1;0;2;0;1
24/10/2021;05:54:00;20;Acidente com Vítimas;753,8;BR-040/MG;Norte;Queda Veículo;1;0;0;0;0;0;0;0;0;0;2;1;0;0;0
24/10/2021;09:44:00;75;Acidente sem Vítimas;503,8;BR-040/MG;Norte;Choque c/ Objeto Fixo;1;0;0;0;0;0;0;0;0;0;0;0;0;0;0
24/10/2021;12:11:00;113;Acidente sem Vítimas;3,1;BR-040/DF;Norte;Colisão traseira;2;0;0;0;0;1;0;0;0;0;1;0;0;0;0
24/10/2021;12:58:00;121;Acidente com Vítimas;549;BR-040/MG;Norte;Engavetamento;4;0;0;0;2;1;0;0;0;0;3;3;0;0;0
24/10/2021;13:36:00;134;Acidente sem Vítimas;651,5;BR-040/MG;Norte;Choque c/ Objeto Fixo;2;0;0;0;0;0;0;0;0;0;1;0;0;0;0
24/10/2021;14:34:00;146;Acidente com Vítimas;28,62;BR-040/MG;Norte;Colisão traseira;3;0;0;0;0;0;0;0;0;0;2;0;0;0;0
24/10/2021;15:30:00;160;Acidente com Vítimas;384,1;BR-040/MG;Norte;Choque c/ Objeto Fixo;2;0;0;0;0;1;0;0;0;0;3;0;0;0;0
24/10/2021;16:55:00;177;Acidente sem Vítimas;716,5;BR-040/MG;Norte;Choque c/ Objeto Fixo;1;0;0;0;0;0;0;0;0;0;0;0;0;0;0
24/10/2021;20:36:00;219;Acidente com Vítimas;6,9;BR-040/GO;Norte;Colisão traseira;2;0;0;0;0;0;0;0;0;0;2;0;0;0;0
24/10/2021;20:57:00;223;Acidente Fatal;78,8;BR-040/GO;Norte;Atropelamento de Pedestre;0;0;0;1;0;1;0;0;0;0;1;0;0;0;1
24/10/2021;23:01:00;245;Acidente sem Vítimas;565,3;BR-040/MG;Norte;Colisão traseira;1;0;0;0;0;2;0;0;0;0;4;0;0;0;0
24/10/2021;23:59:00;254;Acidente com Vítimas;36,3;BR-040/GO;Norte;Colisão traseira;1;0;0;1;0;0;0;0;0;0;1;0;1;0;0
25/10/2021;01:23:00;24;Acidente sem Vítimas;318,5;BR-040/MG;Sul;Atropelamento de Animal;0;0;0;0;1;0;0;0;0;0;1;0;0;0;0
25/10/2021;07:08:00;87;Acidente com Vítimas;658,7;BR-040/MG;Norte;Tombamento de Moto;0;0;0;1;0;2;0;0;0;0;1;0;1;0;0
25/10/2021;07:32:00;92;Acidente sem Vítimas;547,5;BR-040/MG;Sul;Colisão traseira;2;0;0;0;0;0;0;0;0;0;0;0;0;0;0
25/10/2021;08:01:00;101;Acidente com Vítimas;36,515;BR-040/GO;Sul;Capotamento;0;0;0;0;0;2;0;0;0;0;0;0;0;0;0
25/10/2021;10:25:00;141;Acidente Fatal;32,4;BR-040/GO;Sul;Atropelamento de Andarilho;0;0;1;0;0;0;0;0;0;0;1;0;1;0;1
25/10/2021;10:26:00;142;Acidente sem Vítimas;548,8;BR-040/MG;Norte;Colisão lateral;1;0;1;0;0;2;0;0;0;0;0;0;0;0;0
25/10/2021;13:24:00;184;Acidente com Vítimas;738,1;BR-040/MG;Norte;Choque c/ Objeto Fixo;2;0;0;0;0;0;0;0;0;0;0;1;0;0;0
25/10/2021;16:00:00;210;Acidente com Vítimas;15,7;BR-040/GO;Norte;Tombamento de Moto;0;0;0;1;0;2;0;0;0;0;2;1;0;0;0
25/10/2021;17:52:00;230;Acidente sem Vítimas;517,5;BR-040/MG;Sul;Colisão traseira;1;0;1;0;0;0;0;0;0;0;2;0;0;0;0
25/10/2021;19:17:00;263;Acidente com Vítimas;466,15;BR-040/MG;Sul;Colisão traseira;0;0;1;0;0;1;0;0;0;0;1;0;0;0;0
25/10/2021;20:13:00;278;Acidente sem Vítimas;0,3;BR-040/DF;Norte;Choque com objeto;2;0;0;0;0;0;0;0;0;0;4;0;0;0;0
25/10/2021;21:57:00;294;Acidente com Vítimas;612,1;BR-040/MG;Sul;Colisão transversal;2;0;0;0;0;0;0;0;0;0;2;0;1;0;0
26/10/2021;00:50:00;25;Acidente com Vítimas;12,95;BR-040/GO;Sul;Atropelamento de Animal;0;0;0;1;0;1;0;0;0;0;1;1;0;0;0
26/10/2021;09:05:00;134;Acidente sem Vítimas;446;BR-040/MG;Norte;Colisão traseira;1;0;1;0;1;0;0;0;0;0;2;0;0;0;0
26/10/2021;13:45:00;211;Acidente sem Vítimas;593,1;BR-040/MG;Norte;Choque c/ Objeto Fixo;0;0;0;1;0;1;0;0;0;0;0;0;0;0;0
26/10/2021;14:53:00;236;Acidente com Vítimas;545,32;BR-040/MG;Sul;Colisão lateral;3;0;2;0;0;0;0;0;0;0;2;1;0;0;0
26/10/2021;15:48:00;247;Acidente com Vítimas;543,56;BR-040/MG;Sul;Colisão lateral;1;0;0;0;0;1;0;0;0;0;2;1;0;0;0
26/10/2021;15:49:00;249;Acidente com Vítimas;504,45;BR-040/MG;Norte;Colisão lateral;0;0;0;1;0;1;0;0;0;0;2;1;0;0;0
26/10/2021;19:50:00;316;Acidente sem Vítimas;725,15;BR-040/MG;Norte;Choque c/ Objeto Fixo;3;0;0;0;0;0;0;0;0;0;1;0;0;0;0
26/10/2021;22:49:00;349;Acidente com Vítimas;35,95;BR-040/GO;Sul;Capotamento;1;0;0;0;0;0;0;0;0;0;1;1;0;0;0
27/10/2021;00:35:00;18;Acidente sem Vítimas;734,54;BR-040/MG;Sul;Choque c/ Objeto Fixo;0;0;2;0;0;0;0;0;0;0;1;0;0;0;0
27/10/2021;03:48:00;72;Acidente sem Vítimas;582,115;BR-040/MG;Norte;Colisão traseira;1;1;0;0;0;0;0;0;0;0;1;0;0;0;0
27/10/2021;07:22:00;121;Acidente sem Vítimas;1,6;BR-040/GO;Norte;Colisão traseira;3;0;0;0;0;0;0;0;0;0;2;0;0;0;0
27/10/2021;12:33:00;208;Acidente com Vítimas;531,12;BR-040/MG;Sul;Colisão lateral;0;0;0;4;0;0;0;0;0;0;0;1;0;0;0
27/10/2021;13:22:00;220;Acidente com Vítimas;518,5;BR-040/MG;Sul;Tombamento de Moto;0;1;0;1;0;0;0;0;0;0;0;2;0;0;0
27/10/2021;17:19:00;281;Acidente com Vítimas;449,3;BR-040/MG;Sul;Choque c/ Objeto Fixo;1;0;0;0;0;0;0;0;0;0;0;2;0;0;0
27/10/2021;21:16:00;342;Acidente com Vítimas;506,5;BR-040/MG;Norte;Colisão traseira;0;0;4;0;0;1;0;0;0;0;1;1;0;0;0
27/10/2021;23:44:00;376;Acidente com Vítimas;37,8;BR-040/GO;Norte;Tombamento;0;0;1;0;2;0;0;0;0;0;1;1;0;0;0
28/10/2021;01:48:00;51;Acidente com Vítimas;544,3;BR-040/MG;Sul;Choque c/ Objeto Fixo;0;0;0;0;0;1;0;0;0;0;1;0;0;0;0
28/10/2021;04:18:00;87;Acidente com Vítimas;8,17;BR-040/DF;Sul;Choque c/ Objeto Fixo;0;0;0;0;0;1;0;0;0;0;0;0;1;0;0
28/10/2021;06:59:00;115;Acidente com Vítimas;548,35;BR-040/MG;Sul;Colisão traseira;3;0;0;1;0;0;0;0;0;0;0;0;2;0;0
28/10/2021;08:00:00;140;Acidente com Vítimas;540,6;BR-040/MG;Sul;Colisão lateral;0;0;0;2;1;0;0;0;0;0;1;1;0;0;0
28/10/2021;08:49:00;161;Acidente sem Vítimas;533,48;BR-040/MG;Norte;Colisão traseira;1;0;0;0;0;1;0;0;0;0;2;0;0;0;0
28/10/2021;09:42:00;183;Acidente sem Vítimas;101,5;BR-040/GO;Sul;Capotamento;1;0;0;0;0;1;0;0;0;0;1;0;0;0;0
28/10/2021;10:47:00;208;Acidente sem Vítimas;709,7;BR-040/MG;Sul;Choque c/ Objeto Fixo;1;0;0;0;0;0;0;0;0;0;0;0;0;0;0
28/10/2021;11:03:00;213;Acidente sem Vítimas;538,765;BR-040/MG;Norte;Choque c/ Objeto Fixo;0;0;1;0;0;0;0;0;0;0;1;0;0;0;0
28/10/2021;14:04:00;252;Acidente sem Vítimas;533,5;BR-040/MG;Sul;Engavetamento;2;0;0;0;0;3;0;0;0;0;5;0;0;0;0
28/10/2021;19:06:00;309;Acidente sem Vítimas;6,2;BR-040/DF;Norte;Colisão lateral;2;0;0;1;0;0;0;0;0;0;2;0;0;0;0
28/10/2021;21:32:00;354;Acidente com Vítimas;631,5;BR-040/MG;Norte;Colisão lateral;2;0;1;2;0;0;0;0;0;0;0;0;1;0;0
29/10/2021;03:15:00;69;Acidente com Vítimas;484,5;BR-040/MG;Sul;Colisão traseira;0;0;2;0;4;1;0;0;0;0;1;0;0;1;0
29/10/2021;05:43:00;82;Acidente com Vítimas;10,2;BR-040/GO;Norte;Atropelamento de Pedestre;0;0;0;0;0;2;0;0;0;0;1;0;1;0;0
29/10/2021;07:23:00;104;Acidente sem Vítimas;738,25;BR-040/MG;Norte;Choque c/ Objeto Fixo;4;0;0;0;0;0;0;0;0;0;0;0;0;0;0
29/10/2021;07:32:00;107;Acidente sem Vítimas;515,35;BR-040/MG;Sul;Colisão traseira;1;0;0;0;0;1;0;0;0;0;2;0;0;0;0
29/10/2021;08:32:00;121;Acidente com Vítimas;738,25;BR-040/MG;Norte;Colisão traseira;2;0;0;0;0;0;0;0;0;0;0;1;0;0;0
29/10/2021;10:24:00;156;Acidente Fatal;66,77;BR-040/GO;Sul;Capotamento;1;0;0;0;0;0;0;0;0;0;0;0;0;0;1
29/10/2021;14:04:00;207;Acidente sem Vítimas;279,7;BR-040/MG;Norte;Colisão traseira;2;0;0;0;0;1;0;0;0;0;2;0;0;0;0
29/10/2021;17:07:00;250;Acidente com Vítimas;569,6;BR-040/MG;Sul;Colisão traseira;2;0;0;0;0;0;0;0;0;0;2;2;0;0;0
29/10/2021;17:13:00;254;Acidente sem Vítimas;611,2;BR-040/MG;Sul;Colisão traseira;1;0;0;0;1;1;0;0;0;0;44;0;0;0;0
29/10/2021;19:31:00;297;Acidente com Vítimas;538,15;BR-040/MG;Norte;Engavetamento;4;0;1;0;0;0;0;0;0;0;5;0;0;0;0
29/10/2021;20:39:00;320;Acidente com Vítimas;604,1;BR-040/MG;Norte;Colisão traseira;1;0;0;0;0;1;0;0;0;0;1;1;1;0;0
29/10/2021;21:04:00;324;Acidente sem Vítimas;392,95;BR-040/MG;Norte;Choque com objeto;0;0;0;0;0;2;0;0;0;0;5;0;0;0;0
29/10/2021;22:41:00;341;Acidente sem Vítimas;104,5;BR-040/MG;Norte;Atropelamento de Animal;4;0;0;0;0;0;0;0;0;0;1;0;0;0;0
30/10/2021;04:57:00;58;Acidente sem Vítimas;12,5;BR-040/GO;Sul;Choque c/ Objeto Fixo;1;0;0;0;0;0;0;0;0;0;1;0;0;0;0
30/10/2021;08:41:00;96;Acidente sem Vítimas;738,2;BR-040/MG;Norte;Choque c/ Objeto Fixo;1;0;0;0;0;0;0;0;0;0;5;0;0;0;0
30/10/2021;12:52:00;135;Acidente sem Vítimas;52,5;BR-040/GO;Sul;Colisão traseira;1;0;0;0;0;1;0;0;0;0;2;0;0;0;0
30/10/2021;13:44:00;148;Acidente sem Vítimas;509,601;BR-040/MG;Norte;Engavetamento;3;0;0;0;0;0;0;0;0;0;3;0;0;0;0
30/10/2021;14:02:00;153;Acidente com Vítimas;306,6;BR-040/MG;Sul;Capotamento;1;0;0;0;0;0;0;0;0;0;1;0;0;0;0
30/10/2021;15:55:00;174;Acidente sem Vítimas;615;BR-040/MG;Sul;Colisão transversal;4;0;0;0;0;0;0;0;0;0;0;0;0;0;0
30/10/2021;16:46:00;179;Acidente sem Vítimas;698,2;BR-040/MG;Norte;Engavetamento;1;0;0;1;0;1;0;0;0;0;0;0;0;0;0
30/10/2021;19:49:00;219;Acidente com Vítimas;544,4;BR-040/MG;Sul;Colisão traseira;0;0;0;0;0;3;0;0;0;0;0;0;0;0;0
30/10/2021;21:34:00;240;Acidente com Vítimas;722,6;BR-040/MG;Sul;Choque c/ Objeto Fixo;0;0;0;0;1;2;0;0;0;0;1;0;1;0;0
30/10/2021;23:25:00;252;Acidente sem Vítimas;549;BR-040/MG;Norte;Capotamento;2;0;0;0;1;1;0;0;0;0;0;1;0;0;0
01/11/2021;21:47:08;284;Com vítima;10.200;1285;Crescente;Tombamento;0;0;0;1;0;0;0;0;0;0;0;2;0;0;0
16/11/2021;21:34:19;331;Com vítima;624.100;1315;Crescente;Tombamento;0;0;0;1;0;0;0;0;0;0;0;1;0;0;0
03/12/2021;18:22:00;288;Com vítima;538.500;1311;Crescente;Tombamento;0;0;0;1;0;0;0;0;0;0;0;1;0;0;0
10/12/2021;20:57:00;348;Com vítima;512.100;1345;Decrescente;Tombamento;0;0;0;1;0;0;0;0;0;0;0;1;0;0;0